trial_index,seed,long_block,physical_time_s,method,block_final_power_db,block_final_gain_linear,block_final_phase_std_deg,block_final_phase_rmse_deg,block_final_distance_rmse_m,block_final_node_rmse_m,block_final_uav_rmse_m
0,5200,0,1.4500000000000002,Random Phase Reference,-3.6944272606066724,0.42712724446418626,50.67704000891427,50.76520297975159,,,
0,5200,1,2.95,Random Phase Reference,-3.8501088652492332,0.4120871891164753,52.09041943803339,52.06743346445127,,,
0,5200,2,4.45,Random Phase Reference,-3.9666820231270776,0.4011730937760738,52.54795899474768,52.6838775086722,,,
0,5200,3,5.95,Random Phase Reference,-4.041036028963796,0.3943632137398517,52.64362807860544,52.62800437129545,,,
0,5200,4,7.45,Random Phase Reference,-3.9712999964522977,0.40074674204744476,52.46910927962928,52.46212037550562,,,
0,5200,5,8.950000000000001,Random Phase Reference,-4.016646852187688,0.3965841150324307,52.483533780305095,52.45782138907576,,,
0,5200,6,10.450000000000001,Random Phase Reference,-3.8656739005870073,0.41061291957233514,51.73938563254822,51.71693957190284,,,
0,5200,7,11.950000000000001,Random Phase Reference,-3.770640371188412,0.41969709470756483,51.718029374826216,51.69723976085459,,,
0,5200,0,1.4500000000000002,No Algorithm,-4.058923375384625,0.3927422849222053,52.85777089273841,52.86086884334994,3.1068071240026125,1.7145640078920046,5.217430926068147
0,5200,1,2.95,No Algorithm,-3.826129831851029,0.41436877057093063,51.758469350317945,51.80026598009839,3.2685542646338335,1.7750695351732202,5.222410656918714
0,5200,2,4.45,No Algorithm,-3.9762880977676076,0.4002867274916231,51.92581921254943,51.90083157762876,3.196048037812621,1.7028894664340812,5.288044218441383
0,5200,3,5.95,No Algorithm,-4.1077756895274415,0.38834921448896137,51.927159817846224,51.90285621786615,3.1995938334529836,1.7189624646007968,5.275945720612135
0,5200,4,7.45,No Algorithm,-3.9371066932042043,0.40391439455894496,52.08218399439659,52.06069284200963,3.0150836682501025,1.743765548796528,5.073685071987775
0,5200,5,8.950000000000001,No Algorithm,-3.646800123532958,0.43183713671806284,50.96554092393931,50.941194928604496,3.2188111180997816,1.7144626251705473,5.275504510930054
0,5200,6,10.450000000000001,No Algorithm,-3.8561441879590648,0.41151491570589055,52.01700979679359,51.99101752860532,3.174228106616407,1.6909556667499224,5.242650786528858
0,5200,7,11.950000000000001,No Algorithm,-3.94695001854545,0.40299995546282885,51.943241307194484,51.91832674652525,3.1044947707773733,1.7645203913672507,5.194227280454456
0,5200,0,1.4500000000000002,DPC,-3.9617162541269444,0.40163206167526133,52.421912729489804,52.39896346026422,0.9980021036560132,1.7145640078920046,0.3969048494047776
0,5200,1,2.95,DPC,-3.960788183822141,0.40171789804553676,51.92796914204555,51.93390462914933,1.0396586297924237,1.7750695351732202,0.29024639225826293
0,5200,2,4.45,DPC,-3.9418914812149426,0.4034696317103293,52.13411231653461,52.35179814392618,0.9944721176867962,1.7028894664340812,0.23842598993634184
0,5200,3,5.95,DPC,-3.901710090816557,0.40721989811705056,51.79620856358073,51.77512259901208,0.9568426079700552,1.7189624646007968,0.20424497536751282
0,5200,4,7.45,DPC,-3.5566637439806477,0.44089342836835044,50.245525642257434,50.23162765530421,1.00887576103339,1.743765548796528,0.17612665845959927
0,5200,5,8.950000000000001,DPC,-3.743731825605434,0.42230557763232457,50.95131711661871,50.92585448426455,1.0212964919874463,1.7144626251705473,0.1585047888020727
0,5200,6,10.450000000000001,DPC,-4.03099405529466,0.3952761350808372,52.20625382267959,52.235344796934186,1.0151407177126317,1.6909556667499224,0.1506158253720964
0,5200,7,11.950000000000001,DPC,-3.8790404666020493,0.40935109206859,52.007042872445915,52.00325412989206,1.0350151706401354,1.7645203913672507,0.1373367581016063
0,5200,0,1.4500000000000002,Cluster DPC,-3.80570039617728,0.41632257436183956,51.54466207876012,51.59635500137747,0.3548308333374278,0.4408700159757633,0.3969048494047776
0,5200,1,2.95,Cluster DPC,-3.7772410250602926,0.41905969975461255,51.74848887408697,51.7459970914895,0.33898071589165324,0.4577006451968122,0.29024639225826293
0,5200,2,4.45,Cluster DPC,-3.8787766448600087,0.40937595975699065,52.540499224712256,52.524758622947864,0.3026959617509704,0.42842808614640304,0.23842598993634184
0,5200,3,5.95,Cluster DPC,-4.022096897694913,0.3960867460951699,52.547390801496526,52.521273758300715,0.2999553367306603,0.429385690847717,0.20424497536751282
0,5200,4,7.45,Cluster DPC,-3.980588659323772,0.39989054339632685,51.97837663452596,51.956701753998935,0.3005790961590001,0.42461683744389844,0.17612665845959927
0,5200,5,8.950000000000001,Cluster DPC,-3.6959552799595423,0.4269769906799929,51.24418680172176,51.29533976138741,0.28340031733513993,0.43315240145015577,0.1585047888020727
0,5200,6,10.450000000000001,Cluster DPC,-3.761280498488195,0.42060259724444826,51.15343304797854,51.160156226595646,0.27779379942240284,0.41069155797700446,0.1506158253720964
0,5200,7,11.950000000000001,Cluster DPC,-3.5304519335135454,0.44356248373585233,50.30695721255869,50.286152527318585,0.27531661129453355,0.42458730128489147,0.1373367581016063
0,5200,0,1.4500000000000002,UAV+Node-KF DPC,-4.117422411935778,0.3874875550407677,52.58320825528606,52.56233634805548,0.3951155200512892,0.6622119447090894,0.08193562353016959
0,5200,1,2.95,UAV+Node-KF DPC,-3.952514175939373,0.40248396471417425,51.85210469960542,51.884022171527214,0.3721851457311725,0.6052594160422974,0.08814135476012273
0,5200,2,4.45,UAV+Node-KF DPC,-3.9339641441303814,0.4042067722449725,52.163174826501205,52.17354879250738,0.35027984900651354,0.5598979090527582,0.0693521232315351
0,5200,3,5.95,UAV+Node-KF DPC,-3.790276384873364,0.4178037767811669,51.658637890290855,51.67760435907426,0.3362693243990972,0.5447756852699301,0.05699738957045492
0,5200,4,7.45,UAV+Node-KF DPC,-3.7247756501976017,0.4241528944260911,51.04747477408973,51.02404161188142,0.36259130934328704,0.5408925001819695,0.04778722064384501
0,5200,5,8.950000000000001,UAV+Node-KF DPC,-3.5930150015811653,0.43721846969657,50.786108026535736,50.7613946643047,0.34092904815776165,0.552837335897864,0.03751710775761739
0,5200,6,10.450000000000001,UAV+Node-KF DPC,-3.671418755188088,0.42939612852728815,50.43760395761543,50.412879380951736,0.3310066471639436,0.521092268970351,0.02572983094833433
0,5200,7,11.950000000000001,UAV+Node-KF DPC,-3.868998760697459,0.41029868392980307,52.47611328482365,52.48425237791939,0.33049711782780183,0.529528538858652,0.019684257500387575
0,5200,0,1.4500000000000002,Cluster UAV+Node-KF DPC,-3.8028105451384437,0.416599692917434,51.18096486882564,51.22541144780702,0.27463248417402575,0.4408700159757633,0.08193562353016959
0,5200,1,2.95,Cluster UAV+Node-KF DPC,-3.940417803989999,0.40360656296838576,52.09745950675328,52.07972501489919,0.294178220526341,0.4577006451968122,0.08814135476012273
0,5200,2,4.45,Cluster UAV+Node-KF DPC,-3.91399945265979,0.40606920454242795,52.468419669416825,52.44500485707068,0.2744719832903546,0.42842808614640304,0.0693521232315351
0,5200,3,5.95,Cluster UAV+Node-KF DPC,-3.9922925965315157,0.3988143167502835,52.91511063921763,52.894096145829465,0.2727658001266875,0.429385690847717,0.05699738957045492
0,5200,4,7.45,Cluster UAV+Node-KF DPC,-3.726502124525664,0.4239843121443042,51.244112635179825,51.233612023381845,0.28493636032335745,0.42461683744389844,0.04778722064384501
0,5200,5,8.950000000000001,Cluster UAV+Node-KF DPC,-3.5500594905283633,0.4415643986742716,50.144733691732384,50.156245707534865,0.2730718554321513,0.43315240145015577,0.03751710775761739
0,5200,6,10.450000000000001,Cluster UAV+Node-KF DPC,-3.837703946068039,0.41326593213886575,52.21833508796778,52.19609891893254,0.2651169629261494,0.41069155797700446,0.02572983094833433
0,5200,7,11.950000000000001,Cluster UAV+Node-KF DPC,-3.5800893933151663,0.43852167133991526,50.61351815624919,50.59524753208128,0.2667451912385017,0.42458730128489147,0.019684257500387575
1,6209,0,1.4500000000000002,Random Phase Reference,-3.646419518765505,0.431874983497627,50.74636752620565,50.72897455877748,,,
1,6209,1,2.95,Random Phase Reference,-4.046776724827885,0.39384227144164896,53.043734327029306,53.017384325071994,,,
1,6209,2,4.45,Random Phase Reference,-3.9501199053238207,0.4027059157752976,51.683073794265304,51.65808679804834,,,
1,6209,3,5.95,Random Phase Reference,-3.858981150715576,0.4112461876167836,51.386660285339346,51.373765368619175,,,
1,6209,4,7.45,Random Phase Reference,-4.118341061629115,0.3874055996641803,52.417814539459464,52.39343280620568,,,
1,6209,5,8.950000000000001,Random Phase Reference,-3.9708168976422713,0.40079132263745637,52.51841272751172,52.67867981888226,,,
1,6209,6,10.450000000000001,Random Phase Reference,-3.9399020080067677,0.40365450071925874,52.499901520234225,52.47752750308024,,,
1,6209,7,11.950000000000001,Random Phase Reference,-3.98725962182625,0.39927676469093426,51.5676653819348,51.55823477356561,,,
1,6209,0,1.4500000000000002,No Algorithm,-3.8055320079088606,0.4163387166798753,50.69837330168103,50.67360433584193,2.9713217667731686,1.726733448435371,5.079497072104134
1,6209,1,2.95,No Algorithm,-3.8771468067314707,0.4095296208762242,50.66823392452535,50.645632996220904,3.174830501878643,1.76667318655974,5.13604336733827
1,6209,2,4.45,No Algorithm,-3.874177543580264,0.40980971124045806,52.65404286917828,52.630584786839584,3.250876242236009,1.7193867532999314,5.240731619860342
1,6209,3,5.95,No Algorithm,-3.9558532537862723,0.40217463341031057,51.89572225300719,51.87550594099821,3.0631019770414305,1.7714269199344048,5.111623709685851
1,6209,4,7.45,No Algorithm,-4.557122415718386,0.3501771134241418,54.0972837116564,54.0780532582212,3.201866106287464,1.7422594996373142,5.283013958956306
1,6209,5,8.950000000000001,No Algorithm,-3.8732187023284808,0.40990019957343743,51.82128825442189,51.804443872624645,3.0309901598158953,1.695779563789787,5.139379191779598
1,6209,6,10.450000000000001,No Algorithm,-3.9754068086557655,0.40036796364458205,52.20112044997728,52.20209586544439,3.1206819813062303,1.747051015878651,5.1839923043321035
1,6209,7,11.950000000000001,No Algorithm,-3.851806355191454,0.41192615157184237,51.48762309388773,51.47423622339099,3.1925044435264205,1.7587582111977977,5.123367040499613
1,6209,0,1.4500000000000002,DPC,-3.917177950005625,0.4057721209400996,52.15689484101346,52.187912197411706,1.0189554798267086,1.726733448435371,0.4033575458640635
1,6209,1,2.95,DPC,-3.8694943758856164,0.41025186347381654,51.30888191587417,51.28354517445758,1.0495081160098991,1.76667318655974,0.2872540231546459
1,6209,2,4.45,DPC,-3.9747608864085504,0.4004275144373462,52.44022045991738,52.42863476692417,1.0358294549815885,1.7193867532999314,0.23598962789217473
1,6209,3,5.95,DPC,-3.7764337807356068,0.4191375996634496,50.93430295306019,50.91130114482834,1.0386127804990122,1.7714269199344048,0.20867246942061116
1,6209,4,7.45,DPC,-3.923594831300343,0.40517301849160037,52.47617337832271,52.46276018094774,1.0230967114502871,1.7422594996373142,0.18793112153647593
1,6209,5,8.950000000000001,DPC,-3.9154732526703846,0.4059314263093702,52.09936038806708,52.11688554714628,0.9775489329513676,1.695779563789787,0.17128516903015023
1,6209,6,10.450000000000001,DPC,-3.924819879917924,0.4050587442680415,51.90614637678341,51.883258281887066,1.0224396630386958,1.747051015878651,0.1577024653256879
1,6209,7,11.950000000000001,DPC,-3.6097164766956342,0.4355403064198746,50.56456183861361,50.558184701502164,1.0441319636233577,1.7587582111977977,0.1477197741285061
1,6209,0,1.4500000000000002,Cluster DPC,-3.9231244871376623,0.4052169014078968,51.56208582263752,51.636286111072046,0.3579974010174718,0.44484616096873186,0.4033575458640635
1,6209,1,2.95,Cluster DPC,-3.7125817607869482,0.42534548181562615,50.66080579219592,50.67588493622838,0.32276103003740964,0.4544422300897954,0.2872540231546459
1,6209,2,4.45,Cluster DPC,-3.733668920919179,0.4232852234927819,51.08345696973854,51.087550049846755,0.3065291975967493,0.43701061988495143,0.23598962789217473
1,6209,3,5.95,Cluster DPC,-3.677142891797473,0.4288305438597317,50.98261748663135,50.957711164794354,0.2999371292278682,0.42012301200479274,0.20867246942061116
1,6209,4,7.45,Cluster DPC,-4.060156815171029,0.39263075802142827,52.663299163812255,52.660965739560645,0.28854316892228077,0.42030250454072704,0.18793112153647593
1,6209,5,8.950000000000001,Cluster DPC,-3.7468471578613882,0.4220027530543742,51.4716654029799,51.44817831044977,0.2915909237532702,0.4287666303436088,0.17128516903015023
1,6209,6,10.450000000000001,Cluster DPC,-3.9714817763173382,0.40072996859828247,52.26407170873579,52.25065827516585,0.2924604875091263,0.42874343430079787,0.1577024653256879
1,6209,7,11.950000000000001,Cluster DPC,-4.033274584385481,0.39506862563134265,53.1788973084293,53.21734077355139,0.28974027441550154,0.42763955691511957,0.1477197741285061
1,6209,0,1.4500000000000002,UAV+Node-KF DPC,-3.79527338800588,0.41732332717059256,51.93316192608326,51.91377986139649,0.40302608327723694,0.662540945749276,0.0813678647472157
1,6209,1,2.95,UAV+Node-KF DPC,-3.9819861646067443,0.3997618843263631,52.37058709539044,52.36267971139889,0.35534398048495835,0.579502381296932,0.06932231651982391
1,6209,2,4.45,UAV+Node-KF DPC,-4.189189157718921,0.3811369762958593,52.71036973692734,52.714376085519376,0.3472894815759824,0.5637536454691772,0.05608377141182621
1,6209,3,5.95,UAV+Node-KF DPC,-3.911604722200778,0.4062931757149307,52.09660282031764,52.09084500710859,0.33751636943049046,0.540298960768402,0.048317016450994295
1,6209,4,7.45,UAV+Node-KF DPC,-3.812969967285525,0.4156262829953971,51.55974222318936,51.55856475286336,0.34102204485968285,0.5393910671789167,0.043492292504681604
1,6209,5,8.950000000000001,UAV+Node-KF DPC,-3.7002228451491286,0.4265576307183689,51.65521858955105,51.67951588643407,0.34665589492649507,0.5442973493025519,0.035107181247199575
1,6209,6,10.450000000000001,UAV+Node-KF DPC,-3.872324369150493,0.4099846181215143,51.63231567901546,51.65802757823649,0.3434812195378471,0.534929119014592,0.03365219660904075
1,6209,7,11.950000000000001,UAV+Node-KF DPC,-3.9304716554101016,0.404531956060533,52.713268969363355,52.69434899787984,0.3540020293448386,0.5442501291496702,0.022189206715037938
1,6209,0,1.4500000000000002,Cluster UAV+Node-KF DPC,-3.974667918894326,0.4004360863052024,52.82955083703734,52.80421763704468,0.2820305139929878,0.44484616096873186,0.0813678647472157
1,6209,1,2.95,Cluster UAV+Node-KF DPC,-3.9310951365445916,0.4044738848784584,52.26317076763845,52.23851761445455,0.2836448644211957,0.4544422300897954,0.06932231651982391
1,6209,2,4.45,Cluster UAV+Node-KF DPC,-3.9972538966003213,0.39835897876412796,52.54704870366767,52.53027701478274,0.27498418608461117,0.43701061988495143,0.05608377141182621
1,6209,3,5.95,Cluster UAV+Node-KF DPC,-3.8183580034594384,0.41511095964606165,51.64782115301248,51.698576581550974,0.26935660083589036,0.42012301200479274,0.048317016450994295
1,6209,4,7.45,Cluster UAV+Node-KF DPC,-3.704226340511303,0.4261645944982031,51.15086344181262,51.126125618544826,0.27100762908011583,0.42030250454072704,0.043492292504681604
1,6209,5,8.950000000000001,Cluster UAV+Node-KF DPC,-3.6377329110196692,0.43273966934439284,51.145459190424326,51.12057355611605,0.27647812498950497,0.4287666303436088,0.035107181247199575
1,6209,6,10.450000000000001,Cluster UAV+Node-KF DPC,-3.924078333287993,0.40512791290923084,51.4644244867089,51.44299797448442,0.27969745392543466,0.42874343430079787,0.03365219660904075
1,6209,7,11.950000000000001,Cluster UAV+Node-KF DPC,-3.9779689724262512,0.4001318322174957,53.078740988514426,53.05352642249516,0.2788025965738172,0.42763955691511957,0.022189206715037938
2,7218,0,1.4500000000000002,Random Phase Reference,-4.04153884422781,0.39431755799858104,52.495962835865924,52.469781463620585,,,
2,7218,1,2.95,Random Phase Reference,-3.909203220373669,0.4065179042488203,51.61312657822184,51.63256690907454,,,
2,7218,2,4.45,Random Phase Reference,-3.8316867303257762,0.41383891518597465,51.51666257982218,51.64436749862701,,,
2,7218,3,5.95,Random Phase Reference,-4.051772369309204,0.393389499212111,52.582068536016486,52.55582494591477,,,
2,7218,4,7.45,Random Phase Reference,-3.931901400331182,0.40439880163651076,51.31104165180742,51.45423300400682,,,
2,7218,5,8.950000000000001,Random Phase Reference,-3.8634663522642794,0.4108216899609796,51.77654369456874,51.751758031487526,,,
2,7218,6,10.450000000000001,Random Phase Reference,-4.042011881744801,0.39427461090891336,53.109583337725915,53.084405294729926,,,
2,7218,7,11.950000000000001,Random Phase Reference,-4.068107242303674,0.3919126446590258,52.51769613822089,52.51259927305661,,,
2,7218,0,1.4500000000000002,No Algorithm,-3.9307028238513233,0.4045104240041023,51.66847037974335,51.664875003350446,3.1210332625738086,1.7214090499907693,5.214844779960735
2,7218,1,2.95,No Algorithm,-4.148117355900184,0.38475853673324534,52.692921403178694,52.668618744926135,3.133448768886006,1.724129545105458,5.171468200273263
2,7218,2,4.45,No Algorithm,-3.9512399728202103,0.4026020692689272,52.38277876218222,52.370882241161446,3.172172529834374,1.6990418645973466,5.199370506216677
2,7218,3,5.95,No Algorithm,-4.058479538740339,0.3927824241209621,53.28705504724782,53.26042847157122,3.2388891055746987,1.7265951907682304,5.241866670646604
2,7218,4,7.45,No Algorithm,-3.82497436486724,0.41447903057918223,52.0253088942997,52.03816951050574,3.0921695124637822,1.744503230620034,5.115649012646661
2,7218,5,8.950000000000001,No Algorithm,-3.809901123677037,0.4159200796864015,51.48066541440706,51.45629398130211,3.14099835025546,1.770167253641358,5.26802364949171
2,7218,6,10.450000000000001,No Algorithm,-3.8858188335259674,0.4087126847721608,52.09412213330979,52.083368856438284,3.128125199132139,1.7472807722837187,5.171095750005866
2,7218,7,11.950000000000001,No Algorithm,-4.1264712294960395,0.38668103917106456,53.440898456280195,53.41466330301931,3.1740060452140675,1.7011750990786858,5.260982801251207
2,7218,0,1.4500000000000002,DPC,-3.877125742624623,0.4095316071774485,51.97946444960366,52.00186783880862,1.0332067815527355,1.7214090499907693,0.4238732243041947
2,7218,1,2.95,DPC,-4.201540577223585,0.3800545552676919,53.349348588372074,53.35005148668966,0.9935562286420385,1.724129545105458,0.2909726242485656
2,7218,2,4.45,DPC,-3.9939031433198844,0.39866644703034776,52.48871418761628,52.525406328605584,0.9760922452142371,1.6990418645973466,0.23253530658662241
2,7218,3,5.95,DPC,-4.098425317503605,0.38918623213277137,52.97617575483185,52.9860024305603,1.0359759584712882,1.7265951907682304,0.20987711727953687
2,7218,4,7.45,DPC,-3.981527606368605,0.3998040961874664,52.16847587325032,52.1427060990302,1.001293719908451,1.744503230620034,0.18806036926978617
2,7218,5,8.950000000000001,DPC,-3.9301525200732668,0.40456168362810246,51.606525344402904,51.58410038316579,1.068587897582652,1.770167253641358,0.17436624046027593
2,7218,6,10.450000000000001,DPC,-4.0902242723475615,0.38992185035191146,52.74350600513707,52.723440321983595,1.0176463767912343,1.7472807722837187,0.15547737102164624
2,7218,7,11.950000000000001,DPC,-3.8466441498752237,0.41241607528745206,51.892615982131986,51.867190615167935,1.0051179711538438,1.7011750990786858,0.15033747426437813
2,7218,0,1.4500000000000002,Cluster DPC,-3.6529789849922265,0.4312231835741988,50.64762558701493,50.637217952971874,0.36201815851837615,0.45040117479586034,0.4238732243041947
2,7218,1,2.95,Cluster DPC,-3.660580282706099,0.43046908950827534,51.18787693281355,51.175038374652985,0.3365500716433532,0.4426327587544445,0.2909726242485656
2,7218,2,4.45,Cluster DPC,-3.8986700115340946,0.4075050535183326,52.01081195609424,51.98486439467778,0.31056617986596236,0.4354947052796875,0.23253530658662241
2,7218,3,5.95,Cluster DPC,-3.8001163161206892,0.41685821870029677,51.712308768083155,51.68666494745214,0.30456798845833455,0.43612020084376296,0.20987711727953687
2,7218,4,7.45,Cluster DPC,-4.11493971113838,0.387709130660251,52.82747382556766,52.81401764075775,0.2937841434912564,0.4402202160951666,0.18806036926978617
2,7218,5,8.950000000000001,Cluster DPC,-3.7313076316196843,0.42351542918892165,51.33035660199047,51.313494857803526,0.29876479577226983,0.4277393797317278,0.17436624046027593
2,7218,6,10.450000000000001,Cluster DPC,-3.9450732915979203,0.4031741424135484,52.860780897400566,52.83987129561094,0.28716223730913104,0.42763552436066044,0.15547737102164624
2,7218,7,11.950000000000001,Cluster DPC,-3.7153184260891337,0.4250775388422772,50.76951323367367,50.78555978845098,0.28961271225610824,0.4284623547223002,0.15033747426437813
2,7218,0,1.4500000000000002,UAV+Node-KF DPC,-4.147989945270346,0.384769824706877,53.18839200552216,53.24994062171267,0.401234380243408,0.6671119179961723,0.10487577244461534
2,7218,1,2.95,UAV+Node-KF DPC,-4.194480114097885,0.3806729245264113,53.07667889723387,53.05693038694386,0.3702606180138236,0.5794918060917766,0.07179094633224994
2,7218,2,4.45,UAV+Node-KF DPC,-3.759526292230293,0.4207725217473389,51.364885274892515,51.44912004082962,0.3546875452103824,0.5599711585544622,0.08214222065057743
2,7218,3,5.95,UAV+Node-KF DPC,-3.6922197813023834,0.42734440453865913,51.25093253646857,51.22530211192664,0.36133261293984625,0.5673355260537796,0.05560514334329818
2,7218,4,7.45,UAV+Node-KF DPC,-3.739453157114277,0.4227218380311756,51.34906544157494,51.35197055505068,0.34096146993207055,0.5565682990081744,0.05073017576643793
2,7218,5,8.950000000000001,UAV+Node-KF DPC,-3.883846079138877,0.4088983820188934,52.45566527036274,52.43806871484755,0.3472791347889589,0.5404561213007643,0.04484793563492141
2,7218,6,10.450000000000001,UAV+Node-KF DPC,-4.101363207671219,0.3889230467127708,53.08763175107998,53.065339372314575,0.3403987418276717,0.5376771106439288,0.03797676322448452
2,7218,7,11.950000000000001,UAV+Node-KF DPC,-3.735263917382325,0.4231297956663884,51.001637642711984,50.98430093403997,0.34009684619190256,0.5397963327751496,0.0379476993255907
2,7218,0,1.4500000000000002,Cluster UAV+Node-KF DPC,-3.842404560835618,0.4128188730329845,51.58108326413276,51.58213051495864,0.28043286864286315,0.45040117479586034,0.10487577244461534
2,7218,1,2.95,Cluster UAV+Node-KF DPC,-3.7347983803698575,0.4231751550129166,51.226521386160584,51.2475530835609,0.2899359512414762,0.4426327587544445,0.07179094633224994
2,7218,2,4.45,Cluster UAV+Node-KF DPC,-3.711374475567771,0.4254637390619062,51.41611473660215,51.413241319591066,0.28438453770442956,0.4354947052796875,0.08214222065057743
2,7218,3,5.95,Cluster UAV+Node-KF DPC,-3.8149457007259273,0.4154372453672225,51.673665584521856,51.65312373291164,0.28498399151755854,0.43612020084376296,0.05560514334329818
2,7218,4,7.45,Cluster UAV+Node-KF DPC,-4.141888966247507,0.3853107300987119,52.89311864939867,52.90460484718574,0.2770008723775357,0.4402202160951666,0.05073017576643793
2,7218,5,8.950000000000001,Cluster UAV+Node-KF DPC,-3.6113395599920173,0.43537756290266816,51.08791274659985,51.10728840007143,0.27711475922398293,0.4277393797317278,0.04484793563492141
2,7218,6,10.450000000000001,Cluster UAV+Node-KF DPC,-3.876707957692309,0.4095710054133869,52.031452367068326,52.01756236121172,0.2738173238602638,0.42763552436066044,0.03797676322448452
2,7218,7,11.950000000000001,Cluster UAV+Node-KF DPC,-3.80887712109402,0.41601815909299916,51.45290428595441,51.439898405121994,0.2750473732607349,0.4284623547223002,0.0379476993255907
3,8227,0,1.4500000000000002,Random Phase Reference,-3.8964035234152297,0.4077177770152555,51.70964428060668,51.696406012183466,,,
3,8227,1,2.95,Random Phase Reference,-3.8767582003734824,0.40956626719375266,51.596688563839514,51.667385744605276,,,
3,8227,2,4.45,Random Phase Reference,-3.8596309225097065,0.41118466342169263,51.16599130728864,51.14045075114992,,,
3,8227,3,5.95,Random Phase Reference,-3.9336820293873447,0.4042330300949477,51.97417550939913,51.9507332561655,,,
3,8227,4,7.45,Random Phase Reference,-4.121315413900842,0.3871403680569879,52.525475656854184,52.616944333113054,,,
3,8227,5,8.950000000000001,Random Phase Reference,-3.988665494197816,0.39914753409977693,52.83663769027999,52.812143244825144,,,
3,8227,6,10.450000000000001,Random Phase Reference,-3.8544428035315748,0.41167616164848336,51.304073935408205,51.285988531569636,,,
3,8227,7,11.950000000000001,Random Phase Reference,-3.9478067685318714,0.40292046190106773,51.654126105024844,51.631749815787096,,,
3,8227,0,1.4500000000000002,No Algorithm,-3.872470584214354,0.40997081529404994,51.86962850939042,51.843794766635334,3.2531504424128226,1.7386209362928822,5.264387111203966
3,8227,1,2.95,No Algorithm,-3.8948547518655445,0.4078632023725404,52.1573927843682,52.13839484441443,3.1340443329993684,1.7117845150898343,5.23050954261472
3,8227,2,4.45,No Algorithm,-3.8562085253879372,0.41150881947013024,52.48108481310478,52.4794540517483,3.213664625710254,1.7567606385435248,5.28481784750794
3,8227,3,5.95,No Algorithm,-4.071166318139706,0.39163668712007926,53.35794141561488,53.486112117207576,3.1789988460036587,1.7260496138258958,5.214386170420968
3,8227,4,7.45,No Algorithm,-3.884335300895236,0.40885232324396764,52.284796363380245,52.25988440710536,3.2737233484705794,1.7285714738831437,5.225178140587246
3,8227,5,8.950000000000001,No Algorithm,-3.934097914047587,0.404194322196449,52.284693835008866,52.39855275765513,3.055110892747948,1.6859843880344232,5.080919108363251
3,8227,6,10.450000000000001,No Algorithm,-3.9189252761652864,0.4056088967549415,51.88400257153731,51.990816444063114,3.0419223995910545,1.7718907842631275,5.120330378927245
3,8227,7,11.950000000000001,No Algorithm,-3.949959140414598,0.4027208232127576,52.2330394074777,52.246125643241186,3.0990843080272925,1.7314644310211087,5.134688940070797
3,8227,0,1.4500000000000002,DPC,-4.0346416929770355,0.39494428218814853,52.47826109730766,52.45259940013962,1.0154322107181775,1.7386209362928822,0.4105944589884049
3,8227,1,2.95,DPC,-3.67520829392391,0.42902161224751323,51.32033575133337,51.303712262442716,1.0276840052595722,1.7117845150898343,0.29028596472193113
3,8227,2,4.45,DPC,-3.8457587758724103,0.41250016101937226,50.83139303678251,50.82487771487415,1.0393729375232903,1.7567606385435248,0.24422160270259563
3,8227,3,5.95,DPC,-3.9060500554232265,0.4068131609239585,51.46094588374251,51.436118170685745,1.0051641730814156,1.7260496138258958,0.21218558367921167
3,8227,4,7.45,DPC,-3.98791602413231,0.39921642167602767,52.60177434162836,52.60151192457879,1.0155977545771457,1.7285714738831437,0.186960306014573
3,8227,5,8.950000000000001,DPC,-3.789155202908432,0.417911651633369,51.42702867122558,51.40157018553682,0.9791992780342346,1.6859843880344232,0.17396174739902026
3,8227,6,10.450000000000001,DPC,-3.959989536771528,0.4017917788635686,52.2265619840522,52.202147756403164,1.035096034949002,1.7718907842631275,0.15940603833820177
3,8227,7,11.950000000000001,DPC,-3.9578476591588845,0.40198998563382127,52.59889844653044,52.574834863314756,0.986993164334729,1.7314644310211087,0.14994218309479598
3,8227,0,1.4500000000000002,Cluster DPC,-3.884351853989197,0.4088507649100934,52.113566899177464,52.09219897982361,0.35910258217987934,0.43757395371746505,0.4105944589884049
3,8227,1,2.95,Cluster DPC,-3.769716068874556,0.41978642770529034,51.53889796625015,51.51371535741988,0.31390748419286885,0.4412371806911832,0.29028596472193113
3,8227,2,4.45,Cluster DPC,-3.8764173318329744,0.40959841444417344,52.06426827168319,52.06875079359749,0.3153825545780579,0.4379246622622348,0.24422160270259563
3,8227,3,5.95,Cluster DPC,-3.8888236916969903,0.40842999665758106,51.62238585693609,51.656535871491904,0.30321849558106073,0.4258982134681694,0.21218558367921167
3,8227,4,7.45,Cluster DPC,-3.935210984638635,0.40409074290086644,52.4512274229704,52.430518591126955,0.30288655092214534,0.4295595946258772,0.186960306014573
3,8227,5,8.950000000000001,Cluster DPC,-3.676180611949673,0.428925571710114,50.67073831258515,50.69034055059553,0.2821369322367455,0.4296587958212036,0.17396174739902026
3,8227,6,10.450000000000001,Cluster DPC,-4.034719181289387,0.39493723551954996,52.66018770782856,52.63386149640917,0.2833370424999744,0.4271738316899746,0.15940603833820177
3,8227,7,11.950000000000001,Cluster DPC,-3.606858730991463,0.43582699508120143,50.52138571158701,50.52566675239285,0.29386372291688645,0.43611093899874503,0.14994218309479598
3,8227,0,1.4500000000000002,UAV+Node-KF DPC,-4.198335774768063,0.38033511358340255,52.77629905511835,52.79696200731679,0.3905858038323474,0.6612168801228995,0.07894469523462241
3,8227,1,2.95,UAV+Node-KF DPC,-3.762421440926337,0.42049211453218377,51.22633560811986,51.218123782553334,0.36368778209787755,0.5928225967975171,0.04577118464105779
3,8227,2,4.45,UAV+Node-KF DPC,-3.802591887305536,0.4166206683345851,50.94408995851893,50.993444486239106,0.3559375358288585,0.5597595908732252,0.03222540589871702
3,8227,3,5.95,UAV+Node-KF DPC,-3.7011419594017196,0.4264673662247764,50.69785817267136,50.70420108881315,0.3451881164372398,0.5402413349983298,0.035407291500063824
3,8227,4,7.45,UAV+Node-KF DPC,-3.923118612011183,0.4052174495848267,51.84584753532044,51.82567964575011,0.3560383885121445,0.5443402806060141,0.028959088031957035
3,8227,5,8.950000000000001,UAV+Node-KF DPC,-3.731452971126931,0.42350125620344725,50.94774136904457,50.9984241263219,0.33363492427360286,0.5367837195716412,0.03636141240354904
3,8227,6,10.450000000000001,UAV+Node-KF DPC,-3.7127181517530565,0.4253321239737325,50.72238999748564,50.94344505107451,0.34011003002764245,0.542063658804154,0.03266140124286582
3,8227,7,11.950000000000001,UAV+Node-KF DPC,-3.7800498974438748,0.41878875349602646,51.45386567565926,51.43736229338832,0.3526830205127331,0.5482804713816906,0.036969913579847205
3,8227,0,1.4500000000000002,Cluster UAV+Node-KF DPC,-3.813415958467804,0.4155836031669658,51.30097046921757,51.28921192036275,0.27072154986734526,0.43757395371746505,0.07894469523462241
3,8227,1,2.95,Cluster UAV+Node-KF DPC,-4.067478821979299,0.39196935817970846,52.87692668651668,52.857322768386794,0.27730633603525,0.4412371806911832,0.04577118464105779
3,8227,2,4.45,Cluster UAV+Node-KF DPC,-3.655779902019515,0.4309451623216466,50.31166410881569,50.3323754927128,0.2857189096262605,0.4379246622622348,0.03222540589871702
3,8227,3,5.95,Cluster UAV+Node-KF DPC,-3.9432062731621875,0.4033475029811268,52.312348505119886,52.29379744070077,0.2800837360573122,0.4258982134681694,0.035407291500063824
3,8227,4,7.45,Cluster UAV+Node-KF DPC,-3.705078933126335,0.42608093948111114,51.144609159544345,51.12391533289252,0.28666504477009275,0.4295595946258772,0.028959088031957035
3,8227,5,8.950000000000001,Cluster UAV+Node-KF DPC,-3.7965044233636225,0.4172050509805334,51.87635122894248,51.8730101993942,0.2706495397520298,0.4296587958212036,0.03636141240354904
3,8227,6,10.450000000000001,Cluster UAV+Node-KF DPC,-3.807479109986058,0.4161520985398857,51.56920028978079,51.54627372506946,0.270077453185392,0.4271738316899746,0.03266140124286582
3,8227,7,11.950000000000001,Cluster UAV+Node-KF DPC,-3.4982348632813136,0.44686517812411725,50.152995137253605,50.185559214586696,0.2815891883309148,0.43611093899874503,0.036969913579847205
4,9236,0,1.4500000000000002,Random Phase Reference,-3.5995177672629315,0.4365643048597024,50.34973402304214,50.410000782128826,,,
4,9236,1,2.95,Random Phase Reference,-4.104580154375411,0.38863506666697073,53.01099854402484,52.987748074695915,,,
4,9236,2,4.45,Random Phase Reference,-3.9614629380315947,0.40165548882828284,52.285631687719885,52.35581291610715,,,
4,9236,3,5.95,Random Phase Reference,-4.241658250277255,0.37655999104649107,53.06752805005388,53.08087579888742,,,
4,9236,4,7.45,Random Phase Reference,-4.042560136019133,0.3942248407400401,52.16845022168588,52.21376445941459,,,
4,9236,5,8.950000000000001,Random Phase Reference,-3.9612998543456186,0.4016705718399786,52.501935588087115,52.479465260877234,,,
4,9236,6,10.450000000000001,Random Phase Reference,-3.982083319650736,0.39975294144298523,51.9772199333122,51.958425435567854,,,
4,9236,7,11.950000000000001,Random Phase Reference,-3.8783674871290588,0.4094145297219005,51.82123404934115,51.804184684531656,,,
4,9236,0,1.4500000000000002,No Algorithm,-3.745929393588568,0.4220919413796726,51.28154832067069,51.26539717316454,3.202004413514014,1.6997145783029097,5.2851465214580875
4,9236,1,2.95,No Algorithm,-3.7303929447017237,0.4236046370504021,51.11918911927933,51.10503524280703,3.166995816855122,1.7034023143727794,5.230524899550599
4,9236,2,4.45,No Algorithm,-3.7330281711884803,0.4233476787881814,51.40093821993409,51.469297723954206,3.106290645885079,1.716498576114845,5.224385895401392
4,9236,3,5.95,No Algorithm,-3.9279136445763427,0.4047702970892308,51.201764921188634,51.19778134686636,3.1667140113978687,1.721037341937764,5.103979793861581
4,9236,4,7.45,No Algorithm,-3.873776744756735,0.4098475332336836,51.482839324613906,51.49010668147879,3.1559249785795918,1.7450682318226125,5.217712787507456
4,9236,5,8.950000000000001,No Algorithm,-3.7646572717885443,0.4202756928818315,51.369346958736266,51.427358631653576,3.1795701302754136,1.7620884345573449,5.148655695943111
4,9236,6,10.450000000000001,No Algorithm,-3.7986045470987637,0.41700335133839805,51.83208293590373,51.80920694398544,3.112517051562738,1.722469470564628,5.203567728988769
4,9236,7,11.950000000000001,No Algorithm,-3.9390764211679006,0.40373124208587935,51.51114284255544,51.64858214094682,3.1598865305153763,1.7263024750034721,5.180751932948388
4,9236,0,1.4500000000000002,DPC,-4.135011182987915,0.38592141785424,53.041403777836564,53.01493196363166,0.9855309909751772,1.6997145783029097,0.40554979386240425
4,9236,1,2.95,DPC,-4.076236681955164,0.3911797202806675,52.41966376110091,52.46388409605406,1.0118563467296127,1.7034023143727794,0.2939125320892733
4,9236,2,4.45,DPC,-3.6567501551712023,0.4308488960285454,51.0490672339907,51.05100163513668,1.0425204732591902,1.716498576114845,0.24062027373547093
4,9236,3,5.95,DPC,-4.0692743631453,0.3918073363997108,52.34885694135326,52.34496392046334,1.0525924802490063,1.721037341937764,0.1978776759258816
4,9236,4,7.45,DPC,-3.8352830654853527,0.4134963625054921,52.01245924123247,52.14319764125409,1.0320220685466985,1.7450682318226125,0.17759803938345536
4,9236,5,8.950000000000001,DPC,-4.123124510797634,0.3869791344668932,53.02036703390957,52.99738184208934,0.9964855488269996,1.7620884345573449,0.16200982878510914
4,9236,6,10.450000000000001,DPC,-3.948486335103067,0.4028574194570948,51.690768956041005,51.670690895612836,0.9752868970589832,1.722469470564628,0.14991362669933656
4,9236,7,11.950000000000001,DPC,-3.75397341234073,0.4213108646758839,51.02455806748341,51.00258675675616,0.9990568584966609,1.7263024750034721,0.14459814132849358
4,9236,0,1.4500000000000002,Cluster DPC,-3.8672083338566003,0.41046786895365,51.82408488025049,51.81248740023027,0.3524271200778966,0.43946314172873296,0.40554979386240425
4,9236,1,2.95,Cluster DPC,-3.5927252501195546,0.4372476408976948,50.93017899408192,50.97756047010834,0.34840933313752354,0.46773006327111594,0.2939125320892733
4,9236,2,4.45,Cluster DPC,-3.9834656300217492,0.39962572483565095,52.162140059922706,52.13638102620072,0.32031900837091726,0.4432834746804709,0.24062027373547093
4,9236,3,5.95,Cluster DPC,-3.7958224246246166,0.4172705723428098,50.850001457715436,50.8377917559958,0.2927642162821736,0.4274739466963842,0.1978776759258816
4,9236,4,7.45,Cluster DPC,-4.0099947300965475,0.39719203143789145,52.5064291536684,52.48846141638094,0.29809565730744547,0.4309425495075318,0.17759803938345536
4,9236,5,8.950000000000001,Cluster DPC,-3.9388589045609224,0.4037514634915837,52.20446298077039,52.19462167126496,0.2874879056902122,0.42141921046754033,0.16200982878510914
4,9236,6,10.450000000000001,Cluster DPC,-3.803390761685783,0.41654403900067993,51.79607789118476,51.8017337928945,0.28493805490081753,0.4302097454414329,0.14991362669933656
4,9236,7,11.950000000000001,Cluster DPC,-3.7837568550660827,0.41843144529407283,51.657606530102605,51.64679180131521,0.2971562288456631,0.42927106757358163,0.14459814132849358
4,9236,0,1.4500000000000002,UAV+Node-KF DPC,-3.6069460242040257,0.43581823504446127,50.82899396322317,50.804169632902884,0.3851997644370343,0.6615495365038921,0.09033665234225476
4,9236,1,2.95,UAV+Node-KF DPC,-3.940198724906239,0.40362692334364875,52.81321905020525,52.79768339871137,0.39218635687963643,0.6159515024338815,0.0497332583052682
4,9236,2,4.45,UAV+Node-KF DPC,-4.010144031179983,0.39717837706654097,52.586332135762284,52.59141315374993,0.3571159685744818,0.5697731169171122,0.03738322179282271
4,9236,3,5.95,UAV+Node-KF DPC,-3.8312184493759083,0.41388354005151423,51.62625846813935,51.60398840678006,0.3425784861584528,0.5468510956112309,0.025169604031762542
4,9236,4,7.45,UAV+Node-KF DPC,-3.8694705130440674,0.41025411765905645,51.82498960269711,51.8073152347937,0.35090314040898374,0.5474890993662788,0.04073706753646158
4,9236,5,8.950000000000001,UAV+Node-KF DPC,-3.895332422642739,0.40781834487901225,51.549856117166506,51.527447243121564,0.34439261056598874,0.5348592739434193,0.03311993221043975
4,9236,6,10.450000000000001,UAV+Node-KF DPC,-3.9831769190636885,0.39965229209951875,52.335944839680906,52.340817512753794,0.34378467213558767,0.5438572102604646,0.03591023474186411
4,9236,7,11.950000000000001,UAV+Node-KF DPC,-4.016383641891015,0.3966081513004902,52.06406095916171,52.045995457574584,0.35606851659400884,0.5416219382193577,0.0334784063427068
4,9236,0,1.4500000000000002,Cluster UAV+Node-KF DPC,-3.841002380899246,0.41295217884726176,51.37984109719755,51.35904050485033,0.2694069206676562,0.43946314172873296,0.09033665234225476
4,9236,1,2.95,Cluster UAV+Node-KF DPC,-3.631277428249077,0.4333833848020792,50.848765858461334,50.830540501246595,0.30652222055156764,0.46773006327111594,0.0497332583052682
4,9236,2,4.45,Cluster UAV+Node-KF DPC,-3.780562439603419,0.4187393321389658,51.2980760842573,51.27263112442812,0.28214949898221636,0.4432834746804709,0.03738322179282271
4,9236,3,5.95,Cluster UAV+Node-KF DPC,-3.9185174444905613,0.40564698794186993,51.63155231747555,51.630073630664896,0.2700735337704616,0.4274739466963842,0.025169604031762542
4,9236,4,7.45,Cluster UAV+Node-KF DPC,-4.038380696685886,0.39460440620366316,52.45680055456152,52.44564417604452,0.27906612494295086,0.4309425495075318,0.04073706753646158
4,9236,5,8.950000000000001,Cluster UAV+Node-KF DPC,-3.751468438541355,0.4215539433114488,51.60733144051161,51.58469592624263,0.2758932798159792,0.42141921046754033,0.03311993221043975
4,9236,6,10.450000000000001,Cluster UAV+Node-KF DPC,-3.7396166103410717,0.42270592856165506,51.433373934717004,51.42835563365053,0.27499201601168227,0.4302097454414329,0.03591023474186411
4,9236,7,11.950000000000001,Cluster UAV+Node-KF DPC,-3.832687187596879,0.41374359266079286,52.05601408202125,52.039239618393026,0.28451919251987373,0.42927106757358163,0.0334784063427068
5,10245,0,1.4500000000000002,Random Phase Reference,-4.273722084077807,0.3737900973172731,53.17854020022807,53.17344612985009,,,
5,10245,1,2.95,Random Phase Reference,-3.8596881909752137,0.41117924134970274,51.86202943631356,51.83768847118582,,,
5,10245,2,4.45,Random Phase Reference,-3.8972134237656197,0.4076417502646933,51.77818144411356,51.83088348966893,,,
5,10245,3,5.95,Random Phase Reference,-3.88353998254968,0.4089272027422022,51.73235368573856,51.726363664650066,,,
5,10245,4,7.45,Random Phase Reference,-4.025765175343589,0.3957523318279806,52.59511545382032,52.568907129951015,,,
5,10245,5,8.950000000000001,Random Phase Reference,-3.8665249203154377,0.41053246599188364,51.38066178657801,51.37946887796579,,,
5,10245,6,10.450000000000001,Random Phase Reference,-3.757647887968494,0.42095455303783225,50.71150190856401,50.696212679209076,,,
5,10245,7,11.950000000000001,Random Phase Reference,-3.979974857179378,0.3999470651872954,52.3894064769631,52.365723176423515,,,
5,10245,0,1.4500000000000002,No Algorithm,-3.806780965129448,0.4162190019459337,51.31030891905754,51.28486555106111,3.227862092254761,1.744686688972551,5.200671329793388
5,10245,1,2.95,No Algorithm,-4.0929545795521065,0.38967679269974614,53.0013437349476,53.00206922549605,3.1438265191774315,1.7566835593316812,5.230536743319469
5,10245,2,4.45,No Algorithm,-3.9288142048437047,0.4046863719483356,52.364413178401776,52.35911485793406,3.2429987035117502,1.7360457724715046,5.271341670538893
5,10245,3,5.95,No Algorithm,-3.8917767584035263,0.40815237142724703,51.92497755449995,51.90421569562367,3.153592423257583,1.7289785408818996,5.159199410023575
5,10245,4,7.45,No Algorithm,-4.010072311443783,0.3971849361560119,52.64971906475174,52.64910706646418,3.1936065391025874,1.691770246694856,5.2788286769363015
5,10245,5,8.950000000000001,No Algorithm,-3.9571775988541438,0.40205201228250426,52.28950717637985,52.31129806702147,3.0594638266496927,1.6981243513357238,5.164765471379641
5,10245,6,10.450000000000001,No Algorithm,-3.821687565536542,0.41479283264074157,51.18973675653701,51.16735156293734,3.277236197741962,1.7151495951831044,5.26954001731925
5,10245,7,11.950000000000001,No Algorithm,-3.888079545228173,0.4084999855228965,51.895639515685914,51.89951671195524,3.0762273070723865,1.6966839231796402,5.107662959386373
5,10245,0,1.4500000000000002,DPC,-3.7981223537059225,0.4170496534288601,51.501867795125165,51.49392807915686,1.0254096464000004,1.744686688972551,0.3934852824100767
5,10245,1,2.95,DPC,-3.9574539476458988,0.4020264298591549,52.13506221018942,52.124268482984526,1.0484790000723838,1.7566835593316812,0.2957441287409949
5,10245,2,4.45,DPC,-3.776029032028603,0.4191766637810109,50.673136881534525,50.65910803583042,0.9987928397677667,1.7360457724715046,0.2424697184022054
5,10245,3,5.95,DPC,-4.044441042587364,0.3940541410013878,52.22373135361401,52.21074292787218,1.000908152237996,1.7289785408818996,0.19782961831800083
5,10245,4,7.45,DPC,-4.010534855037127,0.3971426363865399,51.72325624942233,51.71865608738196,1.0035323264147749,1.691770246694856,0.17777062789107453
5,10245,5,8.950000000000001,DPC,-4.021845461970849,0.39610967828632243,52.031769704767704,52.01954275110704,0.9751411815158146,1.6981243513357238,0.1625430264491812
5,10245,6,10.450000000000001,DPC,-3.8776520240391807,0.4094819828271375,52.13894702548823,52.145949477539546,0.9991446396277802,1.7151495951831044,0.15262061711973807
5,10245,7,11.950000000000001,DPC,-3.831115046303303,0.4138933945030474,52.079366706987464,52.08696333596601,0.9695106190459759,1.6966839231796402,0.14725867595766876
5,10245,0,1.4500000000000002,Cluster DPC,-3.994083203709927,0.3986499184878813,51.91629261511053,51.894395923341996,0.36402274579979765,0.4489029378829691,0.3934852824100767
5,10245,1,2.95,Cluster DPC,-4.060166422441135,0.3926298894620223,52.51891493926114,52.54108332941029,0.33408129565175626,0.4527016757828506,0.2957441287409949
5,10245,2,4.45,Cluster DPC,-4.237362532438771,0.3769326404363871,54.13440396952483,54.113651339048204,0.30435600304396565,0.4372533147919993,0.2424697184022054
5,10245,3,5.95,Cluster DPC,-3.9119559961896835,0.40626031449777916,51.74184026846252,51.716394134928215,0.29258444173251447,0.42913832907879723,0.19782961831800083
5,10245,4,7.45,Cluster DPC,-3.8208605152167774,0.41487183139069156,51.035712138863374,51.010263608981845,0.30888947516298304,0.4373586379829615,0.17777062789107453
5,10245,5,8.950000000000001,Cluster DPC,-3.8001379870443497,0.41685613861858434,51.394586152996865,51.3921971310787,0.2905760533440274,0.42568082530812096,0.1625430264491812
5,10245,6,10.450000000000001,Cluster DPC,-3.849553836894224,0.4121398572253421,51.369097916818404,51.41251463010403,0.29552884827510867,0.4375439050278404,0.15262061711973807
5,10245,7,11.950000000000001,Cluster DPC,-3.869956603334763,0.4102082019516682,51.87870519599671,51.85277622229169,0.2848783889418761,0.4282857280403739,0.14725867595766876
5,10245,0,1.4500000000000002,UAV+Node-KF DPC,-3.867874865815639,0.4104048773728845,51.94324431543609,51.93284532233275,0.4121590264863839,0.6736249939380412,0.11498615093690046
5,10245,1,2.95,UAV+Node-KF DPC,-4.161755845991502,0.3835521445915873,52.95843510520305,52.93464344953542,0.37050342415615756,0.5976460630102355,0.09581809467305637
5,10245,2,4.45,UAV+Node-KF DPC,-4.075291240676573,0.3912648877716865,52.25831269240608,52.238219025665295,0.3410540399507856,0.5582768750408572,0.07716638699463689
5,10245,3,5.95,UAV+Node-KF DPC,-3.936589025470286,0.4039625429744175,52.19624119764373,52.1708945390878,0.34753486449015014,0.5443654790395756,0.062384382424902636
5,10245,4,7.45,UAV+Node-KF DPC,-4.20439790718584,0.37980459028818564,53.11425468170936,53.095382617913046,0.3621269726760446,0.5522984333127404,0.060492820555088055
5,10245,5,8.950000000000001,UAV+Node-KF DPC,-3.715247747531188,0.42508445675470435,50.730880481876035,50.70984672914713,0.3413501639032348,0.539998283598618,0.05786948366821173
5,10245,6,10.450000000000001,UAV+Node-KF DPC,-3.966945733712662,0.40114873464097645,52.18794219435808,52.18210102594784,0.34583652538820575,0.5466242517105158,0.03824481812931721
5,10245,7,11.950000000000001,UAV+Node-KF DPC,-3.7946265925439797,0.41738548382839746,51.99012848996524,51.98633264195847,0.3347335945271292,0.540001702527701,0.032125055184330294
5,10245,0,1.4500000000000002,Cluster UAV+Node-KF DPC,-3.9234290235814457,0.40518848774097066,51.986934838661405,52.087245707026916,0.28999281441726193,0.4489029378829691,0.11498615093690046
5,10245,1,2.95,Cluster UAV+Node-KF DPC,-3.880879934689397,0.4091777468249881,52.01646176701812,51.99271126652115,0.2929401491628856,0.4527016757828506,0.09581809467305637
5,10245,2,4.45,Cluster UAV+Node-KF DPC,-3.8878898840357095,0.40851782555756716,52.4233162378653,52.39728544987957,0.281342882716781,0.4372533147919993,0.07716638699463689
5,10245,3,5.95,Cluster UAV+Node-KF DPC,-3.5246426535227124,0.44415620595285554,50.68659688649058,50.664929328971716,0.2794444712403014,0.42913832907879723,0.062384382424902636
5,10245,4,7.45,Cluster UAV+Node-KF DPC,-3.923511064243368,0.4051808335756185,52.10830571177061,52.08226732694236,0.2924185402861188,0.4373586379829615,0.060492820555088055
5,10245,5,8.950000000000001,Cluster UAV+Node-KF DPC,-3.6921898084206646,0.4273473538709726,50.74803314438237,50.722834269007976,0.27817688120599343,0.42568082530812096,0.05786948366821173
5,10245,6,10.450000000000001,Cluster UAV+Node-KF DPC,-3.835873549427969,0.4134401457275603,51.33232688022273,51.30709408195244,0.28248303100718075,0.4375439050278404,0.03824481812931721
5,10245,7,11.950000000000001,Cluster UAV+Node-KF DPC,-3.6096779926692806,0.43554416587920286,51.060838447026136,51.03552277077076,0.2722637032971495,0.4282857280403739,0.032125055184330294
6,11254,0,1.4500000000000002,Random Phase Reference,-4.011611180400027,0.3970442235018012,52.85455624159988,52.89204527331273,,,
6,11254,1,2.95,Random Phase Reference,-3.9630127821836254,0.40151217769382014,52.24404300893024,52.27388649703885,,,
6,11254,2,4.45,Random Phase Reference,-4.114072200259159,0.38778658397764665,53.136748651356875,53.11103930914684,,,
6,11254,3,5.95,Random Phase Reference,-3.931223027814629,0.40446197408535783,51.87987227858273,51.877827476372076,,,
6,11254,4,7.45,Random Phase Reference,-4.061459398660007,0.39251301357056617,52.772088887995864,52.765085229043926,,,
6,11254,5,8.950000000000001,Random Phase Reference,-3.9519638650749913,0.4025349682017483,52.02825538041434,52.00440036756105,,,
6,11254,6,10.450000000000001,Random Phase Reference,-3.7065012855128927,0.42594141709803396,50.673121357330295,50.662587013456765,,,
6,11254,7,11.950000000000001,Random Phase Reference,-3.750266053539132,0.42167067063185953,51.06256994889249,51.050110812297845,,,
6,11254,0,1.4500000000000002,No Algorithm,-3.9971850111634737,0.39836529736844994,52.40708860464558,52.380885909396916,3.1371074141009743,1.7492356531751008,5.213218871539988
6,11254,1,2.95,No Algorithm,-3.796340965580387,0.41722075385012986,51.80777828693932,51.78295309724599,3.2729074957978095,1.7273435490175326,5.260157953103937
6,11254,2,4.45,No Algorithm,-4.026293333879833,0.3957042061271612,52.68296740270418,52.662061369173024,3.152404765648861,1.7105139223017127,5.2141797866388355
6,11254,3,5.95,No Algorithm,-4.158332616091717,0.3838545902423418,52.59783331150526,52.575176239211196,3.216625492304457,1.7402693326733845,5.2261475920221505
6,11254,4,7.45,No Algorithm,-3.677876903608044,0.42875807227678664,50.942903238504336,51.01352208899006,3.1480915868853,1.7641590573019585,5.221553600303476
6,11254,5,8.950000000000001,No Algorithm,-3.788231796430331,0.4180005183749654,51.78373125145659,51.76717036561108,3.119353383547036,1.7487902859166056,5.279629469712624
6,11254,6,10.450000000000001,No Algorithm,-3.70583535525207,0.4260067343052747,50.16453403887052,50.15692245589476,3.0941815154683154,1.6986083182807696,5.114737401709579
6,11254,7,11.950000000000001,No Algorithm,-4.009941271317177,0.397196920639285,51.97691580010091,51.96017263229742,3.162266060365058,1.729452371669751,5.239220302456718
6,11254,0,1.4500000000000002,DPC,-3.7063800934632196,0.42595330337239096,51.44210061595406,51.42247655254411,1.0514329689291624,1.7492356531751008,0.40165556726566526
6,11254,1,2.95,DPC,-3.916202964528987,0.4058632264808919,51.75777653402962,51.76484181690649,1.0216765458371775,1.7273435490175326,0.2978953293029813
6,11254,2,4.45,DPC,-3.8664728442640417,0.4105373886972983,51.82793207998521,51.82151534343034,0.9808878011366429,1.7105139223017127,0.23424280432264588
6,11254,3,5.95,DPC,-3.8352196087354757,0.41350240433380003,51.51223685664141,51.512934334311495,1.0169221680406673,1.7402693326733845,0.20250252368931926
6,11254,4,7.45,DPC,-4.097983453136396,0.38922583113388687,53.526169072539574,53.53606533170417,1.020820893477018,1.7641590573019585,0.179716332838942
6,11254,5,8.950000000000001,DPC,-3.9676641341808243,0.4010823829794687,51.2360481483249,51.24930846600048,1.0258945261755763,1.7487902859166056,0.16517021581885127
6,11254,6,10.450000000000001,DPC,-4.1276762655187555,0.38657376174495267,52.66561682713134,52.64852452132147,0.9819853340737197,1.6986083182807696,0.1541290652312503
6,11254,7,11.950000000000001,DPC,-3.959275889227838,0.401857808087554,52.40310540784851,52.38253273703775,0.9754802520561565,1.729452371669751,0.14339016181888867
6,11254,0,1.4500000000000002,Cluster DPC,-3.8396064415995386,0.4130849341212902,51.07693394789978,51.078775834380295,0.3525225439830225,0.4393613500767976,0.40165556726566526
6,11254,1,2.95,Cluster DPC,-3.7708065627179193,0.41968103446032284,50.87014032319184,50.84637244326044,0.3470817317037943,0.45169021293226497,0.2978953293029813
6,11254,2,4.45,Cluster DPC,-3.866645508582907,0.4105210671108046,51.857906998106,51.96827231326245,0.3008854083570958,0.4316344218784584,0.23424280432264588
6,11254,3,5.95,Cluster DPC,-4.1067570135843114,0.38844031590019584,52.71926142816234,52.741995395505306,0.2983693184254378,0.43395534689753834,0.20250252368931926
6,11254,4,7.45,Cluster DPC,-3.7959392039641093,0.41725935232304845,52.10546857057391,52.11744097653805,0.28686752865064946,0.4207470187060411,0.179716332838942
6,11254,5,8.950000000000001,Cluster DPC,-4.041567174913551,0.39431498572312135,53.02190317673705,52.99853222353195,0.28083123213305927,0.42696064525750316,0.16517021581885127
6,11254,6,10.450000000000001,Cluster DPC,-3.968278159134166,0.4010256801676957,52.35761941790832,52.331516369993366,0.2844486161527516,0.41990970970095504,0.1541290652312503
6,11254,7,11.950000000000001,Cluster DPC,-3.779988723300179,0.4187946525403123,51.689561705627746,51.67374884894129,0.28379772297501593,0.42412585287017707,0.14339016181888867
6,11254,0,1.4500000000000002,UAV+Node-KF DPC,-4.078517931876062,0.39097429644705756,52.612913755913304,52.62866972312129,0.38694557041137234,0.6639175919202819,0.07542233497029097
6,11254,1,2.95,UAV+Node-KF DPC,-3.843433198593144,0.41272110738943796,51.575082370064166,51.57018251331364,0.37564086916762685,0.5968231271649397,0.07353749959576435
6,11254,2,4.45,UAV+Node-KF DPC,-3.88597530757199,0.4086979593316981,52.16921722004908,52.16146766283789,0.34558321561459077,0.5598491852353759,0.04787569748129582
6,11254,3,5.95,UAV+Node-KF DPC,-3.7331025018645123,0.42334043314008213,51.19278736563469,51.174721719362346,0.349755616588933,0.5523836746853207,0.04213466121088039
6,11254,4,7.45,UAV+Node-KF DPC,-3.8349699525734393,0.41352617539118797,52.46939609601675,52.49510780870393,0.3337400748677819,0.5356627719145104,0.036004971580921814
6,11254,5,8.950000000000001,UAV+Node-KF DPC,-3.7998863090050765,0.4168802965528846,51.75036851627066,51.76298292401198,0.3342091169729288,0.5347609068973586,0.038253210762464546
6,11254,6,10.450000000000001,UAV+Node-KF DPC,-4.040228419504453,0.39443655592818483,52.508007462676396,52.55455419162628,0.3324271715645294,0.5282246406386814,0.03519424043386943
6,11254,7,11.950000000000001,UAV+Node-KF DPC,-3.7475041023274445,0.4219389227692046,50.80520990811061,50.78032060040693,0.3328778160894708,0.532770426798493,0.030287815893960703
6,11254,0,1.4500000000000002,Cluster UAV+Node-KF DPC,-4.080083678205998,0.3908333652914901,52.62723303226454,52.63981710040543,0.2610915680686464,0.4393613500767976,0.07542233497029097
6,11254,1,2.95,Cluster UAV+Node-KF DPC,-3.8929762769925187,0.4080396555693278,51.86138443620382,51.87251420479401,0.2932431334651146,0.45169021293226497,0.07353749959576435
6,11254,2,4.45,Cluster UAV+Node-KF DPC,-3.7960848111907746,0.41724536297684606,51.6553933592231,51.63702574734007,0.2710722397611837,0.4316344218784584,0.04787569748129582
6,11254,3,5.95,Cluster UAV+Node-KF DPC,-3.995128133752466,0.3985540132474289,52.91076881531039,52.89380801260209,0.27783379019128707,0.43395534689753834,0.04213466121088039
6,11254,4,7.45,Cluster UAV+Node-KF DPC,-3.633925523822236,0.4331192113306823,51.26921976216358,51.25602731860038,0.26754721220339395,0.4207470187060411,0.036004971580921814
6,11254,5,8.950000000000001,Cluster UAV+Node-KF DPC,-4.021704232104143,0.3961225597363557,52.878610922723766,52.87250341676807,0.2661279935632559,0.42696064525750316,0.038253210762464546
6,11254,6,10.450000000000001,Cluster UAV+Node-KF DPC,-3.6881018025099954,0.42774980452660827,51.65436039703251,51.64238600569081,0.2665586766767336,0.41990970970095504,0.03519424043386943
6,11254,7,11.950000000000001,Cluster UAV+Node-KF DPC,-3.847286610031681,0.41235507029886154,51.56930954353363,51.57980859340073,0.26627419349168413,0.42412585287017707,0.030287815893960703
7,12263,0,1.4500000000000002,Random Phase Reference,-3.892736806072205,0.40806215558485653,51.87836712529547,51.858833464466564,,,
7,12263,1,2.95,Random Phase Reference,-3.7597814639067817,0.4207477997948236,50.86681859429516,50.842896141909804,,,
7,12263,2,4.45,Random Phase Reference,-3.766476899788909,0.4200996406259295,51.187176137035664,51.19717725294028,,,
7,12263,3,5.95,Random Phase Reference,-4.089854163610608,0.38995508117546085,52.60829976512365,52.59673968214835,,,
7,12263,4,7.45,Random Phase Reference,-3.9367116258529906,0.4039511393611128,51.71953960043438,51.70748054833488,,,
7,12263,5,8.950000000000001,Random Phase Reference,-4.0534201543515564,0.3932402690463517,52.69339616916865,52.717674095884476,,,
7,12263,6,10.450000000000001,Random Phase Reference,-3.8570429054731314,0.41142976670822046,52.215759563129645,52.19310022042594,,,
7,12263,7,11.950000000000001,Random Phase Reference,-3.830170024411591,0.41398346722875445,51.52475104413098,51.52738800698403,,,
7,12263,0,1.4500000000000002,No Algorithm,-3.8066286456088356,0.41623360019511274,51.67647510575496,51.65100488259499,3.2795540520032014,1.7347397633472361,5.285302832693797
7,12263,1,2.95,No Algorithm,-3.896638452472008,0.40769572235738766,52.44233213112507,52.523208055121465,3.150905845782206,1.728006326196499,5.101868845036232
7,12263,2,4.45,No Algorithm,-3.9398105538697843,0.40366300100287567,51.94721809457455,51.928755779481975,3.15120433620036,1.727563068603827,5.135109447906358
7,12263,3,5.95,No Algorithm,-3.9819846738607687,0.39976202154743024,52.54235551132481,52.517723334944485,3.1572683777249475,1.7464173745231646,5.123786497570728
7,12263,4,7.45,No Algorithm,-3.9267733416865926,0.40487658933072,52.405349087792544,52.42522566866425,3.251851641064525,1.7522682605472086,5.306172452053563
7,12263,5,8.950000000000001,No Algorithm,-4.071121082373997,0.3916407663977179,52.52173435846229,52.51018969448507,3.204590340988681,1.7521162119075828,5.178827545165335
7,12263,6,10.450000000000001,No Algorithm,-3.972973804869815,0.4005923205537861,52.332852825956884,52.31877423148455,3.099239942584187,1.752462490272011,5.232358787870098
7,12263,7,11.950000000000001,No Algorithm,-3.966137741416342,0.40122337414341375,52.59684366240695,52.571662538515184,3.2036794402399864,1.7508990519035736,5.20141639655292
7,12263,0,1.4500000000000002,DPC,-3.9995982265244665,0.3981440018527697,52.18314755273727,52.176719631818635,1.043902256586654,1.7347397633472361,0.39532919874370753
7,12263,1,2.95,DPC,-3.995677573220087,0.39850359412801517,51.7929703036598,51.82141870294907,0.9988749940018422,1.728006326196499,0.28446658083814275
7,12263,2,4.45,DPC,-4.17234313234912,0.3826182550603362,53.023360165813514,53.04023804126541,0.9703953236412972,1.727563068603827,0.24009463434179393
7,12263,3,5.95,DPC,-3.9782246644031183,0.40010827504794116,51.61588794551103,51.60599069550163,1.0118090641744422,1.7464173745231646,0.20186337337556573
7,12263,4,7.45,DPC,-3.906552069386993,0.4067661388933198,52.45050702185824,52.44634144441564,0.9929713694964638,1.7522682605472086,0.18036718007427116
7,12263,5,8.950000000000001,DPC,-3.864242663559048,0.4107482612095892,51.89777057629225,51.96069010159367,1.0152312874806473,1.7521162119075828,0.16495619528902122
7,12263,6,10.450000000000001,DPC,-3.8830843847612506,0.40897010361006053,51.33460089350916,51.32021541207051,1.0050928677071236,1.752462490272011,0.15601968555971785
7,12263,7,11.950000000000001,DPC,-3.7682822892446532,0.41992503885912597,51.31068678141227,51.285028328687,1.0035650804795795,1.7508990519035736,0.14658989726644692
7,12263,0,1.4500000000000002,Cluster DPC,-3.682585078068797,0.4282935086986109,51.14448214283715,51.1664650614656,0.3642390661039078,0.4497523767952262,0.39532919874370753
7,12263,1,2.95,Cluster DPC,-3.708557858160452,0.4257397631213045,50.41509242386113,50.4011614211613,0.32616110541637516,0.46000932106760123,0.28446658083814275
7,12263,2,4.45,Cluster DPC,-3.9482294509989595,0.4028812490778447,52.29577889620695,52.35353349889728,0.306436065623487,0.4310327842331528,0.24009463434179393
7,12263,3,5.95,Cluster DPC,-3.598289161498583,0.43668782503300263,50.61779244992861,50.59955476389001,0.29865089176885823,0.42491111864001035,0.20186337337556573
7,12263,4,7.45,Cluster DPC,-3.901690045311565,0.4072217777051364,51.91784462669353,51.89190000087103,0.304173839655487,0.4256002879394225,0.18036718007427116
7,12263,5,8.950000000000001,Cluster DPC,-3.9363108624818977,0.40398841735952784,52.63831235825503,52.625147904245246,0.2974458934464085,0.437703389041296,0.16495619528902122
7,12263,6,10.450000000000001,Cluster DPC,-3.6849744713470907,0.4280579357844993,51.05766131208613,51.06347322469776,0.2832812941613414,0.4242582002911375,0.15601968555971785
7,12263,7,11.950000000000001,Cluster DPC,-3.7769160606581496,0.4190910574129447,51.37794741678428,51.43247616810056,0.2859031716354753,0.4223217465648871,0.14658989726644692
7,12263,0,1.4500000000000002,UAV+Node-KF DPC,-3.9135203586020317,0.40611400273400494,51.99074255012713,51.967772735999844,0.3990699477896752,0.6660110590297155,0.08658898885432031
7,12263,1,2.95,UAV+Node-KF DPC,-4.076685396782567,0.3911393055205276,52.15091362241296,52.12644813710328,0.3661865651640879,0.6019438025807349,0.04788127773029615
7,12263,2,4.45,UAV+Node-KF DPC,-3.9393047566186516,0.4037100159972161,51.19778925644487,51.172357262813854,0.3459730147758812,0.5632013820569953,0.0417626597390751
7,12263,3,5.95,UAV+Node-KF DPC,-3.984356784041632,0.39954373172947955,52.48095619704949,52.45883872408067,0.34416776745210637,0.5458742931361866,0.028410544087178784
7,12263,4,7.45,UAV+Node-KF DPC,-3.9874396647081882,0.39926021245452903,52.33289509790392,52.312775718690915,0.34105523952039435,0.5378100376855178,0.02369960797017785
7,12263,5,8.950000000000001,UAV+Node-KF DPC,-3.877714055760793,0.4094761341019018,51.89192405697624,51.87195927551086,0.3533523219699444,0.5547082868644567,0.023603603475112353
7,12263,6,10.450000000000001,UAV+Node-KF DPC,-3.8140688533441414,0.41552113126778206,51.1329216873337,51.19244930009006,0.33407664581823704,0.5307044087681543,0.027692158158976465
7,12263,7,11.950000000000001,UAV+Node-KF DPC,-3.7864987967828485,0.4181673497142742,51.625107904310276,51.66350973626057,0.3346067660774907,0.5291918647433262,0.02753716095002749
7,12263,0,1.4500000000000002,Cluster UAV+Node-KF DPC,-3.8422816187443285,0.41283055946605307,51.83064057949908,51.814824696061024,0.28586611507386195,0.4497523767952262,0.08658898885432031
7,12263,1,2.95,Cluster UAV+Node-KF DPC,-3.7244665205147447,0.42418308659334003,51.22527887992145,51.2004084291549,0.2908247626747321,0.46000932106760123,0.04788127773029615
7,12263,2,4.45,Cluster UAV+Node-KF DPC,-3.728142102768147,0.4238242378609303,51.19146076022107,51.2366985094722,0.2706413343901987,0.4310327842331528,0.0417626597390751
7,12263,3,5.95,Cluster UAV+Node-KF DPC,-3.6057816082670846,0.43593510084792086,50.956671911685326,50.93118738411251,0.2703084816801037,0.42491111864001035,0.028410544087178784
7,12263,4,7.45,Cluster UAV+Node-KF DPC,-3.5732846978724533,0.43920930277278464,51.023478902649394,51.02810964007781,0.2782404053905692,0.4256002879394225,0.02369960797017785
7,12263,5,8.950000000000001,Cluster UAV+Node-KF DPC,-3.739190359667999,0.42274741827345974,51.598371977755555,51.621540381096345,0.2809837854716322,0.437703389041296,0.023603603475112353
7,12263,6,10.450000000000001,Cluster UAV+Node-KF DPC,-3.7516457891942023,0.42153672887662036,51.16098633310295,51.13641927970926,0.2733723106130919,0.4242582002911375,0.027692158158976465
7,12263,7,11.950000000000001,Cluster UAV+Node-KF DPC,-3.5873513782457414,0.4377890171390633,50.98382207815059,51.00291814745347,0.27106021341019926,0.4223217465648871,0.02753716095002749
8,13272,0,1.4500000000000002,Random Phase Reference,-4.0851955721977635,0.39037360274423627,53.1780525788082,53.155578668992035,,,
8,13272,1,2.95,Random Phase Reference,-3.898520720966965,0.40751906191787207,51.57305260134724,51.629819519350825,,,
8,13272,2,4.45,Random Phase Reference,-3.656550962096905,0.430868657754268,50.447650369921774,50.422753365898394,,,
8,13272,3,5.95,Random Phase Reference,-3.776124794973586,0.41916742093982784,51.26180979519831,51.33782104638525,,,
8,13272,4,7.45,Random Phase Reference,-3.6648866265633604,0.4300424598277962,50.50629845607156,50.48162303147948,,,
8,13272,5,8.950000000000001,Random Phase Reference,-4.183429023715165,0.38164282122229226,53.024930447838145,53.00320218744244,,,
8,13272,6,10.450000000000001,Random Phase Reference,-3.8843772966798578,0.40884836970741384,51.608833808493266,51.64292400309891,,,
8,13272,7,11.950000000000001,Random Phase Reference,-4.088620610246492,0.3900658582504105,52.66775623917136,52.641876826166545,,,
8,13272,0,1.4500000000000002,No Algorithm,-3.8041030964606213,0.41647572257395876,51.817750377209116,51.81393472798884,3.128559647542446,1.7294070478578831,5.254311749324703
8,13272,1,2.95,No Algorithm,-3.877039441935662,0.40953974525252956,51.71882712947953,51.71819995309591,3.1304698093560193,1.727925307134537,5.227982684664266
8,13272,2,4.45,No Algorithm,-3.8277365158614245,0.41421550209269253,51.06940035481462,51.11619405207229,3.1393570897438217,1.678493417478486,5.288734615214816
8,13272,3,5.95,No Algorithm,-3.989883407663376,0.39903561487914885,52.09346306096839,52.186316306867305,3.043810265660155,1.7601080865838186,5.069772358011993
8,13272,4,7.45,No Algorithm,-3.8154847727434604,0.4153856820375261,51.87835177135539,51.85244588230743,3.197818202111256,1.6994002606837844,5.207116039380367
8,13272,5,8.950000000000001,No Algorithm,-4.052216414811482,0.3933492790584812,52.623614185497765,52.62166933502298,3.2102649746302765,1.7435383041694346,5.169511697159899
8,13272,6,10.450000000000001,No Algorithm,-3.732563885011798,0.42339293954791196,51.603587597745936,51.57854335970853,3.205756636477202,1.7251840955014883,5.325509394073469
8,13272,7,11.950000000000001,No Algorithm,-4.03640219357494,0.39478421597362234,52.8065055190793,52.78021867134499,3.1225874038150447,1.7331051640678068,5.152823842692076
8,13272,0,1.4500000000000002,DPC,-3.8561407352738315,0.4115152428645575,52.32433791159545,52.330510636960604,1.0253197112568524,1.7294070478578831,0.42111622247809755
8,13272,1,2.95,DPC,-3.829319914334446,0.41406451038693576,52.014380950546865,52.01038340986966,0.9907874348245524,1.727925307134537,0.285884877915745
8,13272,2,4.45,DPC,-3.854565401262909,0.41166454053580487,51.01548346261716,50.9899705778374,0.9747013162694067,1.678493417478486,0.24400595388936505
8,13272,3,5.95,DPC,-3.74652399896682,0.4220341554835527,50.63854813174661,50.6144522456184,1.0337271483734785,1.7601080865838186,0.2103741162048365
8,13272,4,7.45,DPC,-3.859659643721737,0.41118194414172404,52.36696610058726,52.34499799470946,0.992237226959998,1.6994002606837844,0.18385203169556455
8,13272,5,8.950000000000001,DPC,-3.9658736595823765,0.4012477721107806,52.27604763224394,52.25078967030333,1.0104875502778996,1.7435383041694346,0.17705579326935178
8,13272,6,10.450000000000001,DPC,-3.978010137247253,0.40012803956576404,51.867928236467286,51.84267849232908,0.9742412158642174,1.7251840955014883,0.15927855895141718
8,13272,7,11.950000000000001,DPC,-4.036537787470174,0.39477189035213567,52.876750620914784,52.86872457501012,1.0115227931293902,1.7331051640678068,0.14863342966945997
8,13272,0,1.4500000000000002,Cluster DPC,-3.65051929631693,0.431467482142618,50.09614697707157,50.07967670874163,0.36360448521444744,0.4304366474111726,0.42111622247809755
8,13272,1,2.95,Cluster DPC,-3.987433479915371,0.3992607810418714,52.43368866045722,52.443006582730916,0.3377587130044871,0.45386931446264184,0.285884877915745
8,13272,2,4.45,Cluster DPC,-3.7507741306644773,0.4216213426528843,51.274813535413735,51.27187704788468,0.31887351411165693,0.43720806572960985,0.24400595388936505
8,13272,3,5.95,Cluster DPC,-3.843026167174452,0.4127597904345489,51.771197419481446,51.862414007449495,0.30410171517604195,0.4324090274120184,0.2103741162048365
8,13272,4,7.45,Cluster DPC,-4.076126808760148,0.3911896169547379,53.34793483102802,53.35799868228332,0.29180225581327895,0.428836953816051,0.18385203169556455
8,13272,5,8.950000000000001,Cluster DPC,-3.9451493763979157,0.4031670791980196,52.316105490165,52.310552370537835,0.2964563969213056,0.4280201415536868,0.17705579326935178
8,13272,6,10.450000000000001,Cluster DPC,-3.829574542048548,0.41404023441441806,51.45426644985562,51.4830960979776,0.2853092978526387,0.4243714437201615,0.15927855895141718
8,13272,7,11.950000000000001,Cluster DPC,-4.045601741715622,0.393948839828384,52.97589363714513,52.97667626815302,0.2917516776433659,0.43262127774584536,0.14863342966945997
8,13272,0,1.4500000000000002,UAV+Node-KF DPC,-4.03050248793812,0.3953208779568771,52.42862643048536,52.49306180321114,0.39415576386702894,0.6491451244041906,0.08637266186185365
8,13272,1,2.95,UAV+Node-KF DPC,-4.080177094332757,0.3908249586116786,53.0335491995736,53.02024034162685,0.366774373411215,0.5890443686140641,0.06007316516695212
8,13272,2,4.45,UAV+Node-KF DPC,-3.8059480184849837,0.41629883751460944,51.586891312289765,51.59980316077429,0.35494702440441644,0.5678624402212524,0.04737848468689387
8,13272,3,5.95,UAV+Node-KF DPC,-3.8764357560738154,0.40959667679284634,52.26693830908221,52.264976832784924,0.3463174103702265,0.5514770859933338,0.03090896978742978
8,13272,4,7.45,UAV+Node-KF DPC,-3.962487488738682,0.4015607448480308,52.291086147396406,52.29032918252618,0.34233870788350607,0.544698893909836,0.025275143994312674
8,13272,5,8.950000000000001,UAV+Node-KF DPC,-3.991783527907941,0.3988610674604992,52.50460601999804,52.48417554416864,0.34522242433834516,0.5438472017099442,0.023150406175225274
8,13272,6,10.450000000000001,UAV+Node-KF DPC,-3.8899715827200327,0.40832205810605404,51.30434048246415,51.282999130893835,0.3333769265123675,0.5394772740893475,0.024391163709934546
8,13272,7,11.950000000000001,UAV+Node-KF DPC,-3.9688131908636453,0.4009762786081103,51.99917775535231,51.98829592285031,0.3502083356145347,0.5476963913727776,0.018258038405802646
8,13272,0,1.4500000000000002,Cluster UAV+Node-KF DPC,-3.666257117976788,0.4299067738957696,50.292452662915615,50.28091672640792,0.272245512506615,0.4304366474111726,0.08637266186185365
8,13272,1,2.95,Cluster UAV+Node-KF DPC,-3.9402071873225344,0.4036261368598531,52.26015176624622,52.32150687246304,0.2928203073759851,0.45386931446264184,0.06007316516695212
8,13272,2,4.45,Cluster UAV+Node-KF DPC,-3.877095462450242,0.4095344625514464,52.10463209660151,52.094833503891124,0.2803224264977107,0.43720806572960985,0.04737848468689387
8,13272,3,5.95,Cluster UAV+Node-KF DPC,-3.8292386853222333,0.4140722549858461,51.88492862791714,51.8771209925176,0.27928719741384544,0.4324090274120184,0.03090896978742978
8,13272,4,7.45,Cluster UAV+Node-KF DPC,-3.9548890804945147,0.4022639297526077,52.346315736228114,52.33372093873117,0.2749199050133203,0.428836953816051,0.025275143994312674
8,13272,5,8.950000000000001,Cluster UAV+Node-KF DPC,-3.6530983818734573,0.43121132848562527,51.047613770536934,51.06359748303578,0.2752646322801442,0.4280201415536868,0.023150406175225274
8,13272,6,10.450000000000001,Cluster UAV+Node-KF DPC,-3.7177813791674885,0.4248365389533348,51.16440741292189,51.161418544878664,0.2660492908023531,0.4243714437201615,0.024391163709934546
8,13272,7,11.950000000000001,Cluster UAV+Node-KF DPC,-3.9269991688194534,0.40485553685457537,52.25312246252589,52.27042520179977,0.2773896278511295,0.43262127774584536,0.018258038405802646
9,14281,0,1.4500000000000002,Random Phase Reference,-3.941758591786927,0.40348197763484156,52.5488042808673,52.52371824071268,,,
9,14281,1,2.95,Random Phase Reference,-3.5956647943151445,0.4369517877536586,50.25024823573464,50.238180504370895,,,
9,14281,2,4.45,Random Phase Reference,-3.8240965869837114,0.4145628118176762,51.3531874680114,51.327986223695525,,,
9,14281,3,5.95,Random Phase Reference,-4.197991340607986,0.38036527873763304,53.4983182499049,53.47236264743054,,,
9,14281,4,7.45,Random Phase Reference,-3.9285193885432284,0.40471384459504167,51.78702280030987,51.795343016972936,,,
9,14281,5,8.950000000000001,Random Phase Reference,-3.870974840493238,0.41011203672509394,51.82604736728885,51.81421292187012,,,
9,14281,6,10.450000000000001,Random Phase Reference,-3.6367728570575557,0.4328353416071101,50.27377605680275,50.26886239076344,,,
9,14281,7,11.950000000000001,Random Phase Reference,-3.9421728793141684,0.40344349002213403,51.961140188682116,51.98076353102935,,,
9,14281,0,1.4500000000000002,No Algorithm,-3.820820669130346,0.41487563781591125,51.07625919976882,51.05142500777548,3.173777705357977,1.6604768746843397,5.259064448134882
9,14281,1,2.95,No Algorithm,-4.159513509972768,0.3837502301977511,52.67229501444814,52.67670301195637,3.223639772909562,1.7420011491494898,5.269266073269157
9,14281,2,4.45,No Algorithm,-3.9332970287625715,0.4042688668080773,52.01402912663234,52.047418705620984,3.261023370638458,1.731542104348223,5.260517633647133
9,14281,3,5.95,No Algorithm,-3.761447506083651,0.420586423316217,51.68209132404136,51.657167943963195,3.1706943697094574,1.7505351732633712,5.153285531929199
9,14281,4,7.45,No Algorithm,-3.84509293946415,0.4125634081230403,51.653930069278914,51.64155650659322,3.024687278017203,1.7229346610856917,5.13095794221983
9,14281,5,8.950000000000001,No Algorithm,-3.78847358933706,0.4179772468964876,50.67776625859927,50.66239813774202,3.209189944102451,1.7578925592381256,5.199505394679479
9,14281,6,10.450000000000001,No Algorithm,-3.8489622882543677,0.41219599825103515,51.68182364551067,51.65608964654076,3.2704424646061865,1.731363811320797,5.108387284341398
9,14281,7,11.950000000000001,No Algorithm,-3.841587273915625,0.4128965675991595,51.31372455858064,51.2919114331051,3.142453144635647,1.7516363935486734,5.133975494632694
9,14281,0,1.4500000000000002,DPC,-4.0210333985877975,0.396183751583125,52.48254469627391,52.46297718513141,0.9673662046581499,1.6604768746843397,0.40593678180744386
9,14281,1,2.95,DPC,-3.7031115777714914,0.42627399800380567,51.12393095780274,51.136568869068874,1.0312631302112003,1.7420011491494898,0.2907261289167713
9,14281,2,4.45,DPC,-3.7647029305125197,0.42027127441653117,51.45721931730782,51.6123040224215,0.9854035195678477,1.731542104348223,0.246166352810886
9,14281,3,5.95,DPC,-3.8914244289279964,0.40818548489064554,51.64585063399702,51.639822230044764,1.0272768052660006,1.7505351732633712,0.21592069433778804
9,14281,4,7.45,DPC,-3.929218289483619,0.40464872009082553,52.05579018901737,52.029833340859234,0.960096661720031,1.7229346610856917,0.1876598986203608
9,14281,5,8.950000000000001,DPC,-4.038795957147006,0.3945666770174397,52.8169323213277,52.808808821349366,1.0076070995402528,1.7578925592381256,0.1714624825374987
9,14281,6,10.450000000000001,DPC,-3.919108063996133,0.4055918256630225,51.894762498704786,51.87395194072154,1.0100564029709982,1.731363811320797,0.15846777840330842
9,14281,7,11.950000000000001,DPC,-4.152895264533127,0.38433547580287103,52.517980842468596,52.55898902562683,1.042974919205385,1.7516363935486734,0.14831994749790872
9,14281,0,1.4500000000000002,Cluster DPC,-4.023687291723929,0.39594172498741564,51.662793794381415,51.64246853667112,0.3636199274556176,0.44544636079992733,0.40593678180744386
9,14281,1,2.95,Cluster DPC,-3.7700361568968734,0.41975548933018403,51.191137304627865,51.20016196531977,0.32807742539862783,0.44967597554508,0.2907261289167713
9,14281,2,4.45,Cluster DPC,-3.8070105538958607,0.41619699920692066,51.21879813926211,51.24536921940781,0.3117279647173579,0.42315653001194514,0.246166352810886
9,14281,3,5.95,Cluster DPC,-3.924158773011114,0.40512040922758097,52.180336166235406,52.1689544356648,0.29632016949923057,0.4237599014355837,0.21592069433778804
9,14281,4,7.45,Cluster DPC,-3.952906390298823,0.40244761774938914,52.39772012291767,52.37881282514852,0.2977712367043729,0.43269203688394436,0.1876598986203608
9,14281,5,8.950000000000001,Cluster DPC,-4.148491314261058,0.38472540771982255,53.50698681816642,53.49922756186801,0.29514692509552587,0.4370093852487416,0.1714624825374987
9,14281,6,10.450000000000001,Cluster DPC,-3.8836967718001003,0.40891243989465725,52.172677284154936,52.14790404741038,0.30291855008086016,0.4456673466971305,0.15846777840330842
9,14281,7,11.950000000000001,Cluster DPC,-3.678987097458587,0.42864848218082,50.59018451734856,50.56855382901075,0.28689908802749764,0.42626478023310405,0.14831994749790872
9,14281,0,1.4500000000000002,UAV+Node-KF DPC,-3.8071989393482775,0.4161789460741338,51.46860813824175,51.44357309738346,0.3865240819986869,0.6573984662374834,0.10626856324603709
9,14281,1,2.95,UAV+Node-KF DPC,-3.9790371431748293,0.4000334297327589,52.42185591963338,52.40906367702053,0.36391453539150137,0.5965868354414792,0.10309471694200203
9,14281,2,4.45,UAV+Node-KF DPC,-4.114674384346265,0.3877328179891506,52.806294242048715,52.78021083699564,0.3480226922456483,0.5484472576063364,0.07733300701219056
9,14281,3,5.95,UAV+Node-KF DPC,-3.913029746771855,0.4061598830288142,51.35054672731229,51.32549551119787,0.32846516163222356,0.5386545799539795,0.057561309340388465
9,14281,4,7.45,UAV+Node-KF DPC,-3.9532982890324693,0.4024113033124279,52.27618386827144,52.26419644237809,0.3528356261799237,0.5493752891513409,0.036070286672505614
9,14281,5,8.950000000000001,UAV+Node-KF DPC,-3.9207201258985016,0.40544130157793135,52.060756979407984,52.0961416590539,0.3404191640646023,0.5453544181072452,0.037118769235592874
9,14281,6,10.450000000000001,UAV+Node-KF DPC,-3.719527850856874,0.42466572954821513,50.93898853598997,50.93223862176682,0.3511540261537013,0.5525315471452007,0.03453119607349288
9,14281,7,11.950000000000001,UAV+Node-KF DPC,-3.933531644301409,0.4042470278946035,51.99663161519692,51.9808602479022,0.3400265261115214,0.5342798510442286,0.02789315774284785
9,14281,0,1.4500000000000002,Cluster UAV+Node-KF DPC,-3.701360200338189,0.42644593599649566,50.672905043877044,50.67606997788209,0.2723564355282714,0.44544636079992733,0.10626856324603709
9,14281,1,2.95,Cluster UAV+Node-KF DPC,-3.98922686837009,0.3990959431529235,52.38658211197424,52.3632511736518,0.2844109231377131,0.44967597554508,0.10309471694200203
9,14281,2,4.45,Cluster UAV+Node-KF DPC,-3.916277064220426,0.40585630166730624,52.471276337330494,52.545226877696656,0.2771416705772584,0.42315653001194514,0.07733300701219056
9,14281,3,5.95,Cluster UAV+Node-KF DPC,-3.809895756558244,0.41592059369105694,51.7433674729599,51.729047473649395,0.2648040426731286,0.4237599014355837,0.057561309340388465
9,14281,4,7.45,Cluster UAV+Node-KF DPC,-3.8283426046990727,0.414157699406849,51.43050078191751,51.423344840354424,0.2797992765366025,0.43269203688394436,0.036070286672505614
9,14281,5,8.950000000000001,Cluster UAV+Node-KF DPC,-3.7190695735439956,0.4247105435962791,51.471872342116086,51.52474577431066,0.2764642285585209,0.4370093852487416,0.037118769235592874
9,14281,6,10.450000000000001,Cluster UAV+Node-KF DPC,-3.811776725301843,0.4157404937184099,51.42376150690462,51.42168520253765,0.2922105283487545,0.4456673466971305,0.03453119607349288
9,14281,7,11.950000000000001,Cluster UAV+Node-KF DPC,-3.809002620889346,0.4160061374252986,50.929625806341626,50.90941798062963,0.2716231962661895,0.42626478023310405,0.02789315774284785
10,15290,0,1.4500000000000002,Random Phase Reference,-3.9990669900770257,0.3981927064876437,52.01964519942253,52.07772753559409,,,
10,15290,1,2.95,Random Phase Reference,-3.741293369055085,0.42254275839224126,50.76015995440323,50.780625079208356,,,
10,15290,2,4.45,Random Phase Reference,-3.8568170601194325,0.41145116277037097,51.72467569678186,51.699181585663354,,,
10,15290,3,5.95,Random Phase Reference,-4.10531376704474,0.388569423758387,52.435040070060715,52.40902845445884,,,
10,15290,4,7.45,Random Phase Reference,-3.8103886686027124,0.4158733905501016,51.47983920030977,51.53521090249169,,,
10,15290,5,8.950000000000001,Random Phase Reference,-3.7068244514523525,0.42590972324911414,50.99247146991925,50.97666165076233,,,
10,15290,6,10.450000000000001,Random Phase Reference,-3.7227807431816085,0.42434777140151964,50.63295423611503,50.61793353216408,,,
10,15290,7,11.950000000000001,Random Phase Reference,-3.8296475677856154,0.41403327247031046,51.277991835360496,51.27864610489587,,,
10,15290,0,1.4500000000000002,No Algorithm,-4.058562714502506,0.392774901652681,52.9134616312784,52.90038869849152,3.036191879612958,1.6919336248551275,5.218034856267496
10,15290,1,2.95,No Algorithm,-4.1510017362558775,0.3845030829898506,53.01968161779142,53.013095308063605,3.202565211409759,1.7566014600849047,5.2472783869243935
10,15290,2,4.45,No Algorithm,-3.9790093111672338,0.4000359933778418,51.93241236386797,51.90729368049194,3.153672806746838,1.7162451631901994,5.17010715509462
10,15290,3,5.95,No Algorithm,-4.072250250525638,0.39153895280949524,52.61544705645672,52.644893237285686,3.1013441409975115,1.7602009513208823,5.200361165519757
10,15290,4,7.45,No Algorithm,-4.084376106629512,0.39044726886757214,52.60638791341699,52.58077623920845,3.1558640388257158,1.6815011597492449,5.210963166723446
10,15290,5,8.950000000000001,No Algorithm,-4.015053137328171,0.39672967478665155,52.37454974035398,52.446579693137075,3.2597171951112807,1.7247523532280467,5.223972366146737
10,15290,6,10.450000000000001,No Algorithm,-4.411324681711633,0.36213252418323627,54.310189764461335,54.29291490797126,3.2472945969386813,1.7154235200338155,5.290962634139789
10,15290,7,11.950000000000001,No Algorithm,-4.076804600355962,0.3911285698181445,52.86568766676229,52.85164787117322,3.2921259398768425,1.7589396162676352,5.325201998786849
10,15290,0,1.4500000000000002,DPC,-3.7039966525862806,0.4261871339165012,50.86710734244246,50.87760018892459,0.9930075681846763,1.6919336248551275,0.3970075735719906
10,15290,1,2.95,DPC,-3.6549869969027995,0.43102384852026615,51.25229322639952,51.23662466697024,1.0280171897549515,1.7566014600849047,0.28933752726172446
10,15290,2,4.45,DPC,-4.1161204441703045,0.387603737022356,52.47843421784125,52.53691284922996,1.00311996574633,1.7162451631901994,0.23084047020528609
10,15290,3,5.95,DPC,-3.7926646499880983,0.41757408197377904,51.89392954907255,51.9023529246044,1.0367096955893926,1.7602009513208823,0.20066709599568014
10,15290,4,7.45,DPC,-3.928706784407713,0.40469638177483674,51.79871521962399,51.777065493828445,0.9885578004287665,1.6815011597492449,0.18032158950577967
10,15290,5,8.950000000000001,DPC,-3.820030292379153,0.4149511483076155,51.71541929294742,51.69111602785301,1.0082571287874125,1.7247523532280467,0.16577299469318607
10,15290,6,10.450000000000001,DPC,-3.9838891073211653,0.39958675953003764,52.33359160497923,52.31075941587453,1.0162245799932987,1.7154235200338155,0.15587557240683272
10,15290,7,11.950000000000001,DPC,-3.8644001458375787,0.4107333670762338,51.760694467359905,51.779185754847674,1.024300246703346,1.7589396162676352,0.14412346298235962
10,15290,0,1.4500000000000002,Cluster DPC,-3.787318155811998,0.41808846386860304,51.83696499012851,51.81218156910707,0.345212049939514,0.43836185241592623,0.3970075735719906
10,15290,1,2.95,Cluster DPC,-3.9474730508913822,0.40295142403337475,51.94789717373149,51.92354841457096,0.3256014320864334,0.44195742679474215,0.28933752726172446
10,15290,2,4.45,Cluster DPC,-3.913151502723799,0.4061484963563927,51.95553775184963,51.94115441158205,0.3169492757525704,0.4423331238865394,0.23084047020528609
10,15290,3,5.95,Cluster DPC,-3.8255437697138843,0.4144246916667807,51.54446072925238,51.60845170576887,0.2976669458554768,0.4303438124175394,0.20066709599568014
10,15290,4,7.45,Cluster DPC,-3.7605962222047022,0.4206688727945327,51.34752403068515,51.322095696096724,0.3074684353777458,0.442162370190826,0.18032158950577967
10,15290,5,8.950000000000001,Cluster DPC,-4.180745683834395,0.38187869662007495,53.35103297550035,53.32492839212562,0.2844747443514548,0.42150676354429856,0.16577299469318607
10,15290,6,10.450000000000001,Cluster DPC,-3.7183219912908525,0.42478365836223014,51.558622750652574,51.5512747732841,0.29459011971534865,0.4327765270767241,0.15587557240683272
10,15290,7,11.950000000000001,Cluster DPC,-3.836075313292468,0.4134209386348265,52.306712644517084,52.2810771849687,0.2896440785565508,0.4249884645462759,0.14412346298235962
10,15290,0,1.4500000000000002,UAV+Node-KF DPC,-3.6501629793917356,0.4315028833461568,50.88878917458541,50.90402082629535,0.3882235519824157,0.6583874824176337,0.08237785531823152
10,15290,1,2.95,UAV+Node-KF DPC,-3.947511121401278,0.4029478917529573,51.66390221553786,51.63941053922784,0.36839362328927755,0.5868619357229509,0.07869030013897067
10,15290,2,4.45,UAV+Node-KF DPC,-3.8598731551769383,0.4111617297708566,51.289261845897784,51.286158531314015,0.3559675979085077,0.5639363523160656,0.09545910123079855
10,15290,3,5.95,UAV+Node-KF DPC,-3.6609141646860537,0.4304359966753516,51.01812369023944,51.10916750882385,0.34816828325927834,0.5464985361038701,0.08708594187190408
10,15290,4,7.45,UAV+Node-KF DPC,-3.751117647714673,0.42158799468322566,51.06479689057433,51.0478928339209,0.3619644879761107,0.5608371478854167,0.06828481447139453
10,15290,5,8.950000000000001,UAV+Node-KF DPC,-3.8226897343353055,0.41469712696321703,51.641581480195136,51.627805196121116,0.34288349810662544,0.5374426181440691,0.04785504815257704
10,15290,6,10.450000000000001,UAV+Node-KF DPC,-3.990469215948295,0.3989817936555092,52.664989530669956,52.64248516018965,0.353154736472798,0.5488951181808752,0.04364992507690542
10,15290,7,11.950000000000001,UAV+Node-KF DPC,-3.9302846202047794,0.40454937818995856,51.8153582260751,51.797650943926286,0.34108119367755396,0.534842142326811,0.03356360586556637
10,15290,0,1.4500000000000002,Cluster UAV+Node-KF DPC,-3.7238730000994478,0.42424106074135165,51.435115455199075,51.43719988727613,0.26452105221508704,0.43836185241592623,0.08237785531823152
10,15290,1,2.95,Cluster UAV+Node-KF DPC,-3.730050195807833,0.42363806960740125,51.13873521661564,51.117399743788965,0.28811963268351387,0.44195742679474215,0.07869030013897067
10,15290,2,4.45,Cluster UAV+Node-KF DPC,-4.038728417144356,0.3945728132320915,52.5912877952811,52.58534936000672,0.294277393392043,0.4423331238865394,0.09545910123079855
10,15290,3,5.95,Cluster UAV+Node-KF DPC,-3.691581660220429,0.4274072000657126,50.70522316048201,50.68314687779743,0.2818851132574956,0.4303438124175394,0.08708594187190408
10,15290,4,7.45,Cluster UAV+Node-KF DPC,-3.8590182657848766,0.41124267309698925,52.1487706799982,52.12308850454224,0.2909832882156833,0.442162370190826,0.06828481447139453
10,15290,5,8.950000000000001,Cluster UAV+Node-KF DPC,-3.82620953926018,0.4143611656025452,51.848711108910905,51.827683091466014,0.26898871133678004,0.42150676354429856,0.04785504815257704
10,15290,6,10.450000000000001,Cluster UAV+Node-KF DPC,-3.81507445960024,0.41542492873844905,51.50183970687967,51.52171085411024,0.2832715950948939,0.4327765270767241,0.04364992507690542
10,15290,7,11.950000000000001,Cluster UAV+Node-KF DPC,-3.666996949048718,0.4298335444827453,51.61848741106299,51.61282297413285,0.27556121598247346,0.4249884645462759,0.03356360586556637
11,16299,0,1.4500000000000002,Random Phase Reference,-4.045617918599226,0.39394737242483086,52.21876023873519,52.208591288206,,,
11,16299,1,2.95,Random Phase Reference,-3.7115089741867795,0.42545056288729816,51.33796904170542,51.38386031611795,,,
11,16299,2,4.45,Random Phase Reference,-4.132924311175309,0.38610690537277986,52.65912030817347,52.63327190324142,,,
11,16299,3,5.95,Random Phase Reference,-3.7550891262027015,0.42120264271669544,50.989259576540114,51.00368177177996,,,
11,16299,4,7.45,Random Phase Reference,-3.91058819877638,0.40638828511329483,51.80135410205873,51.79026088561357,,,
11,16299,5,8.950000000000001,Random Phase Reference,-3.8441368559835554,0.41265424245242976,51.504091300063514,51.51785801289616,,,
11,16299,6,10.450000000000001,Random Phase Reference,-3.845411008382935,0.41253319387960524,51.8371951010613,51.827786889240855,,,
11,16299,7,11.950000000000001,Random Phase Reference,-3.678550377459502,0.42869158859481,50.84597888239868,50.883929618737405,,,
11,16299,0,1.4500000000000002,No Algorithm,-3.862254545711537,0.41093633702615145,51.76173272040115,51.735941403930894,3.147297776057361,1.729760659197327,5.2051324954942775
11,16299,1,2.95,No Algorithm,-3.8699748805616174,0.4102064755994117,51.77487713476292,51.857506796916375,3.0803933268765804,1.7111585644812277,5.1037862133676715
11,16299,2,4.45,No Algorithm,-3.9945391579076417,0.3986080674927406,52.3745087089761,52.37751335150867,3.19010326580273,1.7132185018963095,5.14896305780665
11,16299,3,5.95,No Algorithm,-3.7772310785487346,0.4190606595151193,51.03376698105698,51.0357900938033,3.1373422903556203,1.7153596024132565,5.249679904272132
11,16299,4,7.45,No Algorithm,-3.901396942194821,0.40724926182133403,51.9499211637602,51.99623761751406,3.170524206106929,1.7274064807659653,5.198211693237273
11,16299,5,8.950000000000001,No Algorithm,-3.740559087719921,0.42261420564846486,51.306883619219235,51.39268758364268,3.1503845345204953,1.7809954175829923,5.018450850373266
11,16299,6,10.450000000000001,No Algorithm,-3.8147050041258304,0.4154602705512155,50.75932127679301,50.75804063298362,3.1796896473331366,1.746077612791552,5.276163000811354
11,16299,7,11.950000000000001,No Algorithm,-3.881649599553322,0.409105237998977,52.04321792301681,52.075500445947704,3.100797943203492,1.7238431528920166,5.147770447424951
11,16299,0,1.4500000000000002,DPC,-3.574148290985677,0.4391219748338425,50.86078846284617,50.86329466556969,1.026277409533491,1.729760659197327,0.39540619091609747
11,16299,1,2.95,DPC,-3.7930142166050107,0.41754047250122656,51.71710684639135,51.693495202556804,1.0063599547084336,1.7111585644812277,0.2855227455475686
11,16299,2,4.45,DPC,-3.6775195426943736,0.4287933542540971,51.106407134831876,51.09015917505783,0.9917122688791458,1.7132185018963095,0.2398145944744177
11,16299,3,5.95,DPC,-3.968386474523984,0.4010156784953249,52.256218679450036,52.23407720925122,1.0268632035026395,1.7153596024132565,0.2098538109165117
11,16299,4,7.45,DPC,-4.0286911502340335,0.3954857911638536,52.4158053443369,52.44339857028841,1.0222432997529955,1.7274064807659653,0.1915670480337177
11,16299,5,8.950000000000001,DPC,-3.941647286489279,0.40349231860369733,52.169395460269264,52.150383745910176,1.0451850644789282,1.7809954175829923,0.17000666155435912
11,16299,6,10.450000000000001,DPC,-3.904610797798651,0.40694800168247014,51.54888112767814,51.52852707682571,1.0321083364254664,1.746077612791552,0.1552399187752975
11,16299,7,11.950000000000001,DPC,-3.7580430899253665,0.4209162485000318,51.08828775160223,51.09910733629976,0.9697066227286303,1.7238431528920166,0.14662765907092198
11,16299,0,1.4500000000000002,Cluster DPC,-3.9266988473099507,0.40488353422389106,51.98726240668213,52.01722863158396,0.3435748076180727,0.43340574916302144,0.39540619091609747
11,16299,1,2.95,Cluster DPC,-3.8594204639988767,0.4112045898569509,51.17934411891212,51.15378435867347,0.33355480995957104,0.46487867674609945,0.2855227455475686
11,16299,2,4.45,Cluster DPC,-3.8079910590283728,0.4161030451623918,52.076666709300895,52.05294246289017,0.30663502659351916,0.43721135725133825,0.2398145944744177
11,16299,3,5.95,Cluster DPC,-4.06747150702406,0.3919700183862836,52.97702062228502,52.95052821965714,0.31464306471196024,0.43007738462438394,0.2098538109165117
11,16299,4,7.45,Cluster DPC,-3.79058773305771,0.41777382526439594,51.35460977083053,51.34501221993724,0.29121431565413974,0.4261459886762376,0.1915670480337177
11,16299,5,8.950000000000001,Cluster DPC,-3.8890436376989754,0.4084093124734899,52.3904081011311,52.36731399816755,0.2930745117134962,0.4273371790364832,0.17000666155435912
11,16299,6,10.450000000000001,Cluster DPC,-3.831046045345728,0.41389997051739247,51.644753029575654,51.627940459872455,0.29154187212132165,0.43151400430581693,0.1552399187752975
11,16299,7,11.950000000000001,Cluster DPC,-3.7234691900222323,0.42428050880879786,50.72306651992677,50.71254367312724,0.28076603868309563,0.4225967284507092,0.14662765907092198
11,16299,0,1.4500000000000002,UAV+Node-KF DPC,-4.161313687379611,0.38359119632360117,53.00148170163952,52.986650198437886,0.38974188275450594,0.6422847787395367,0.08526616844759498
11,16299,1,2.95,UAV+Node-KF DPC,-3.768575950336258,0.41989664534243176,51.084436135601116,51.0658520611732,0.3666941112607986,0.6008187989105706,0.047987967042673954
11,16299,2,4.45,UAV+Node-KF DPC,-4.0869820724229875,0.3902130529013806,52.917372153392776,52.93124237719129,0.34606754518389254,0.5556464240284509,0.04147748808680876
11,16299,3,5.95,UAV+Node-KF DPC,-4.020086767652068,0.39627011709955706,52.04895307629848,52.03022510299335,0.3496153153058504,0.5419294632026168,0.02730238005490572
11,16299,4,7.45,UAV+Node-KF DPC,-3.739974620655764,0.42267108426788247,51.051838782298944,51.07634780744711,0.34533851913493163,0.5453725181843359,0.0279426237122784
11,16299,5,8.950000000000001,UAV+Node-KF DPC,-3.9649054173163965,0.40133723867766663,52.742619996643015,52.718753994156195,0.34635592659122905,0.5451155139676526,0.025762597951186596
11,16299,6,10.450000000000001,UAV+Node-KF DPC,-3.8125984275879503,0.41566184141842843,51.348938923678574,51.38880975094227,0.3471962801011115,0.5424395087701244,0.03164843898543824
11,16299,7,11.950000000000001,UAV+Node-KF DPC,-3.4632800660664484,0.4504763478549548,50.09966733445264,50.09921678352332,0.3390389493955769,0.5330393462575519,0.032905536165379855
11,16299,0,1.4500000000000002,Cluster UAV+Node-KF DPC,-3.85848630651426,0.4112930485358011,51.56496633838041,51.57056271669203,0.27302252589084897,0.43340574916302144,0.08526616844759498
11,16299,1,2.95,Cluster UAV+Node-KF DPC,-3.877965510849469,0.40945242625362294,52.191656453630145,52.1725798912547,0.2965496509159747,0.46487867674609945,0.047987967042673954
11,16299,2,4.45,Cluster UAV+Node-KF DPC,-4.0205035765218575,0.3962320873799008,52.31501953789787,52.288896030576176,0.2794366135225181,0.43721135725133825,0.04147748808680876
11,16299,3,5.95,Cluster UAV+Node-KF DPC,-3.7594101119426133,0.4207837781939545,51.300466490471685,51.27535875959087,0.28233844031776534,0.43007738462438394,0.02730238005490572
11,16299,4,7.45,Cluster UAV+Node-KF DPC,-3.678177264362165,0.4287284201282864,50.78558554376789,50.85180147402822,0.27405416090977425,0.4261459886762376,0.0279426237122784
11,16299,5,8.950000000000001,Cluster UAV+Node-KF DPC,-3.773874140948352,0.419384703308153,51.888350697212346,51.86267191073788,0.27644278518507553,0.4273371790364832,0.025762597951186596
11,16299,6,10.450000000000001,Cluster UAV+Node-KF DPC,-3.785071298316136,0.418304821266473,51.61856721463259,51.634183584510964,0.28056987451085846,0.43151400430581693,0.03164843898543824
11,16299,7,11.950000000000001,Cluster UAV+Node-KF DPC,-3.5366482846493463,0.44293007663877604,50.45113678255301,50.42882403787418,0.2701977116475171,0.4225967284507092,0.032905536165379855
12,17308,0,1.4500000000000002,Random Phase Reference,-3.875226788475028,0.4097107141711691,52.44471544154647,52.41936050749205,,,
12,17308,1,2.95,Random Phase Reference,-3.7565960643908882,0.4210565169273784,51.37773207762268,51.432893015932805,,,
12,17308,2,4.45,Random Phase Reference,-3.802435572937365,0.41663566391276,51.00758516135531,50.999775655128246,,,
12,17308,3,5.95,Random Phase Reference,-3.664117058358822,0.43011866994352455,50.8345596496883,50.82116810888122,,,
12,17308,4,7.45,Random Phase Reference,-3.9450842695086856,0.4031731232884273,51.47668446155084,51.45207237622261,,,
12,17308,5,8.950000000000001,Random Phase Reference,-4.057744347051437,0.39284892158507834,52.231838435666184,52.26295240947029,,,
12,17308,6,10.450000000000001,Random Phase Reference,-3.9066750930108594,0.40675461649600847,51.9123533936745,51.922562291616146,,,
12,17308,7,11.950000000000001,Random Phase Reference,-3.746610939855992,0.42202570691719893,51.44773690570196,51.42807265969899,,,
12,17308,0,1.4500000000000002,No Algorithm,-3.81650955942491,0.41528767676388617,51.188920277073414,51.163745952441005,3.130826587904284,1.698986793356906,5.21241908844936
12,17308,1,2.95,No Algorithm,-3.9777380029039384,0.40015311287372557,52.71856764509663,52.707455081569215,3.230556972406174,1.7417931941015425,5.235144709235909
12,17308,2,4.45,No Algorithm,-4.07853102862966,0.3909731174115145,52.5325230128864,52.52608579435964,3.1606062175226914,1.7602750414755233,5.100712099275903
12,17308,3,5.95,No Algorithm,-3.7120035355058123,0.4254021166324451,51.23358984729375,51.31273679556412,3.186174862069013,1.7742356002800306,5.278740577213388
12,17308,4,7.45,No Algorithm,-3.77397822237892,0.41937465260784473,51.286280861076875,51.289568650669146,3.1128442643561285,1.7413314190285243,5.0956689711469965
12,17308,5,8.950000000000001,No Algorithm,-3.9077900315233216,0.4066502061942607,52.10231701439187,52.09123740877877,3.1932202245780315,1.7251750041063292,5.234535532010923
12,17308,6,10.450000000000001,No Algorithm,-3.947039578378532,0.40299164491823286,52.06979448861053,52.043767138580556,3.1659231750342816,1.7206847730085664,5.3381013995810935
12,17308,7,11.950000000000001,No Algorithm,-4.202931786580422,0.37993282892819336,54.001048553693145,53.987969284795156,3.126007377539912,1.7524218437036467,5.126194908500494
12,17308,0,1.4500000000000002,DPC,-3.757565293803857,0.4209625588315326,51.37546781951073,51.426451491001515,1.0012269003461425,1.698986793356906,0.4044841833200755
12,17308,1,2.95,DPC,-3.784183687828188,0.41839032308766866,51.6096989144069,51.588030111387596,1.0428753356818292,1.7417931941015425,0.29257339804058
12,17308,2,4.45,DPC,-4.195336654869139,0.3805978534071223,53.211157704830605,53.18512942504088,1.0558506972505801,1.7602750414755233,0.23477953016803607
12,17308,3,5.95,DPC,-4.078079199532896,0.39101379539096137,52.51446893120455,52.488321041560546,1.0010816728703247,1.7742356002800306,0.2122774456899889
12,17308,4,7.45,DPC,-3.9062637402431633,0.40679314509089937,52.571402198798566,52.56666573808347,1.0538759912832603,1.7413314190285243,0.18743938896728765
12,17308,5,8.950000000000001,DPC,-3.95478606560145,0.40227347158859866,51.979019022898086,51.95764971915578,0.9861093875810691,1.7251750041063292,0.17482326479838892
12,17308,6,10.450000000000001,DPC,-4.187180240097822,0.3813133197530592,52.92293338578795,52.90860764299092,0.9925295674402699,1.7206847730085664,0.15695400348048022
12,17308,7,11.950000000000001,DPC,-3.937432310880642,0.403884111711306,52.17992628871961,52.169518955710295,1.0394875764457927,1.7524218437036467,0.15110079188959058
12,17308,0,1.4500000000000002,Cluster DPC,-4.0524569667658215,0.39332749238576936,52.7438546747657,52.71757215184202,0.3578055495381529,0.4393496942838358,0.4044841833200755
12,17308,1,2.95,Cluster DPC,-3.9289330872452197,0.4046752943428644,51.82501181333036,51.8090720267373,0.3363520747784789,0.4606008651923308,0.29257339804058
12,17308,2,4.45,Cluster DPC,-3.8205198420196727,0.41490437641776756,51.266828998104785,51.24260313663419,0.31567346828960746,0.44566716069869844,0.23477953016803607
12,17308,3,5.95,Cluster DPC,-3.926217108042482,0.4049284482450309,51.66662356820237,51.712229889339184,0.31466283073744356,0.44123083737823077,0.2122774456899889
12,17308,4,7.45,Cluster DPC,-3.7301082769666727,0.4236324040448613,51.16682498435085,51.141247581851026,0.2965338727515412,0.42041486380985027,0.18743938896728765
12,17308,5,8.950000000000001,Cluster DPC,-3.857392765509685,0.4113966239809969,51.73837200113512,51.72319495205837,0.2969529375742994,0.433251699687982,0.17482326479838892
12,17308,6,10.450000000000001,Cluster DPC,-3.939686050920701,0.40367457332454804,52.274972927942905,52.32875194444909,0.2916881875433781,0.43139883722184086,0.15695400348048022
12,17308,7,11.950000000000001,Cluster DPC,-3.8234112097791972,0.41462824076832266,51.52311631572564,51.50239263148141,0.2893905274900119,0.43675695417377886,0.15110079188959058
12,17308,0,1.4500000000000002,UAV+Node-KF DPC,-3.647686603823797,0.4317489992769666,50.576078564368096,50.567521558653915,0.39380243518880653,0.6570115467485479,0.07810485829548827
12,17308,1,2.95,UAV+Node-KF DPC,-4.010713690471068,0.3971262830326788,52.0279665482334,52.03033626450266,0.3775603046254248,0.6052640522342588,0.06320819276134104
12,17308,2,4.45,UAV+Node-KF DPC,-3.602275539363351,0.4362871743092947,50.52677968040937,50.51208005034778,0.3537910361946227,0.5654462999434435,0.04363223754277253
12,17308,3,5.95,UAV+Node-KF DPC,-3.9911621655461853,0.3989181381799288,51.98379706145274,51.95811561848601,0.35766866334787994,0.5539126719621622,0.047217603831414906
12,17308,4,7.45,UAV+Node-KF DPC,-3.752709204918929,0.4214335238101208,51.797345542792726,51.85583658800105,0.34915711458687937,0.5367074414855303,0.03748133502562168
12,17308,5,8.950000000000001,UAV+Node-KF DPC,-3.9123540940785406,0.4062230761795629,51.81286414460439,51.79047472485133,0.3560871329866163,0.541798026678813,0.024510562124921535
12,17308,6,10.450000000000001,UAV+Node-KF DPC,-3.891445728656132,0.40818348297284573,51.62795903894607,51.64899020068989,0.34504761252452254,0.5414939363548299,0.04179802190541231
12,17308,7,11.950000000000001,UAV+Node-KF DPC,-3.8537572283200117,0.41174115378199894,52.00972390872454,52.02444958995365,0.35244412082811666,0.5532868257453522,0.03531607499761943
12,17308,0,1.4500000000000002,Cluster UAV+Node-KF DPC,-3.8472979019260265,0.41235399815449236,51.33058880010503,51.35366928704214,0.2755841780654988,0.4393496942838358,0.07810485829548827
12,17308,1,2.95,Cluster UAV+Node-KF DPC,-3.9035876884371663,0.40704388163798977,52.517552354978,52.496623589986804,0.2967978678391097,0.4606008651923308,0.06320819276134104
12,17308,2,4.45,Cluster UAV+Node-KF DPC,-3.5867031481797658,0.43785436661862415,50.46218704685139,50.49135128250231,0.2877318898895474,0.44566716069869844,0.04363223754277253
12,17308,3,5.95,Cluster UAV+Node-KF DPC,-3.6796336841861006,0.42858466884679075,50.353594495484806,50.3481558847213,0.2895212915977338,0.44123083737823077,0.047217603831414906
12,17308,4,7.45,Cluster UAV+Node-KF DPC,-3.6386072107991736,0.43265256114186307,50.17347768448599,50.15062366616557,0.2790815027921426,0.42041486380985027,0.03748133502562168
12,17308,5,8.950000000000001,Cluster UAV+Node-KF DPC,-3.7093888630562732,0.4256583073358679,51.053680785880275,51.03739872873477,0.28262188139332806,0.433251699687982,0.024510562124921535
12,17308,6,10.450000000000001,Cluster UAV+Node-KF DPC,-4.044169867784657,0.3940787466306494,52.452144715216356,52.57738143554179,0.2768002867315645,0.43139883722184086,0.04179802190541231
12,17308,7,11.950000000000001,Cluster UAV+Node-KF DPC,-3.7805719303135223,0.41873841706188486,51.586833458340315,51.571742113051926,0.2773211345656439,0.43675695417377886,0.03531607499761943
13,18317,0,1.4500000000000002,Random Phase Reference,-4.05020322595941,0.393531659905104,52.755158193569315,52.772946488777464,,,
13,18317,1,2.95,Random Phase Reference,-3.917539674189035,0.40573832555866485,51.90000939344041,51.88307532700948,,,
13,18317,2,4.45,Random Phase Reference,-3.9592384852674476,0.4018612691350439,52.03670226513897,52.01744711204995,,,
13,18317,3,5.95,Random Phase Reference,-3.8692152168073397,0.4102782347996563,51.28650651566392,51.787899283138735,,,
13,18317,4,7.45,Random Phase Reference,-3.814465939356077,0.4154831408965184,50.4198056568484,50.40391627632739,,,
13,18317,5,8.950000000000001,Random Phase Reference,-3.9443244723100666,0.4032436645041522,52.04665441651251,52.042044277878524,,,
13,18317,6,10.450000000000001,Random Phase Reference,-3.8735115479470137,0.40987256085466517,52.24770902989498,52.24766213333002,,,
13,18317,7,11.950000000000001,Random Phase Reference,-3.924292285585401,0.40510795504278546,51.58295630434233,51.561869423364456,,,
13,18317,0,1.4500000000000002,No Algorithm,-3.9714314485521647,0.4007346124428292,52.427984685405605,52.421069074924475,3.158770311076936,1.7334090392547226,5.095485898355311
13,18317,1,2.95,No Algorithm,-3.810148628434992,0.41589637704461013,51.64875993396425,51.62631402667545,3.2262509402682094,1.6983900097859777,5.241110801454882
13,18317,2,4.45,No Algorithm,-3.8505074177923744,0.41204937356315746,51.00133737357428,50.977470418501234,3.2016221267506904,1.7019280848106797,5.172512271160128
13,18317,3,5.95,No Algorithm,-4.0633870902237055,0.39233882850571644,52.558841018705984,52.541552220131564,3.0852419647972815,1.7189189819330688,5.187201673494769
13,18317,4,7.45,No Algorithm,-3.992300595417324,0.3988135822101561,52.78584250199078,52.760412718207256,3.236486790547093,1.7672827480702107,5.2795299968065805
13,18317,5,8.950000000000001,No Algorithm,-3.862879753166322,0.41087718316169,51.69446457914683,51.75025910264838,3.06141705240678,1.7464539212869288,5.138877483832709
13,18317,6,10.450000000000001,No Algorithm,-3.8494576770197315,0.4121489827743301,51.75125674389131,51.72954026331104,3.225097537929171,1.7032522326121136,5.2065739537681495
13,18317,7,11.950000000000001,No Algorithm,-3.790601536924939,0.4177724973899947,51.11944293801865,51.10977049126899,3.1056227937108365,1.7478166655817522,5.166679125833056
13,18317,0,1.4500000000000002,DPC,-3.9260580214244323,0.404943281469938,51.8707002703168,51.91820155641083,1.0222093441560027,1.7334090392547226,0.39868087362458343
13,18317,1,2.95,DPC,-3.7997538696361097,0.4168930096329634,51.409748770134165,51.39205647485346,0.9918782256108972,1.6983900097859777,0.28620776037439205
13,18317,2,4.45,DPC,-3.692798156176224,0.4272874964224194,50.8853294251832,50.86651349242342,1.0255255469902638,1.7019280848106797,0.23769829722280977
13,18317,3,5.95,DPC,-4.109451227731969,0.38819941556963183,52.70577600410216,52.70968706265285,0.9796353305856402,1.7189189819330688,0.20563066273283423
13,18317,4,7.45,DPC,-3.8059719322547982,0.41629654523423737,51.341340312407986,51.316665158635814,1.0593108127332165,1.7672827480702107,0.17870758174158002
13,18317,5,8.950000000000001,DPC,-3.9848895605624772,0.3994947201781435,52.53518957436542,52.51333309151879,1.0106419257096981,1.7464539212869288,0.16475732297088394
13,18317,6,10.450000000000001,DPC,-4.169284467425417,0.3828878217468582,52.84451384334155,52.9362365597695,0.986153837255893,1.7032522326121136,0.1559474956404811
13,18317,7,11.950000000000001,DPC,-4.126841884403643,0.3866480387267019,52.75583065971366,52.74412640395871,1.0297915711619394,1.7478166655817522,0.14507916407484048
13,18317,0,1.4500000000000002,Cluster DPC,-4.115779436406897,0.3876341728391382,53.45754409604704,53.49324486701858,0.36145828219927767,0.45641250648509657,0.39868087362458343
13,18317,1,2.95,Cluster DPC,-3.9001121311048434,0.40736975973104456,51.930048114677724,51.95547178220734,0.3392250470473208,0.45323654031716354,0.28620776037439205
13,18317,2,4.45,Cluster DPC,-4.022880533951411,0.39601528307951034,52.46429357355646,52.47803477554407,0.32021954904691785,0.43841898567994203,0.23769829722280977
13,18317,3,5.95,Cluster DPC,-3.8508922952344853,0.4120128588275171,51.37844927864507,51.369796742629816,0.31197791376684003,0.4433472077433549,0.20563066273283423
13,18317,4,7.45,Cluster DPC,-4.117965924147832,0.3874390646617444,53.59179100735635,53.56735609953106,0.287201108403756,0.43135124818734505,0.17870758174158002
13,18317,5,8.950000000000001,Cluster DPC,-3.724572130474656,0.42417277160755223,51.48151911318774,51.47308583913505,0.29894536739997024,0.44349364872225977,0.16475732297088394
13,18317,6,10.450000000000001,Cluster DPC,-3.640144481109202,0.43249944240213206,50.730214929224765,50.74327890462892,0.29539885623081164,0.43486207308072955,0.1559474956404811
13,18317,7,11.950000000000001,Cluster DPC,-3.594771436516922,0.4370416793950741,51.24728642239518,51.22849238791589,0.28157431010084333,0.4154254207954279,0.14507916407484048
13,18317,0,1.4500000000000002,UAV+Node-KF DPC,-4.0574102614129,0.3928791430676212,52.96638843336505,52.94420197432477,0.4169456491451092,0.6810821231154097,0.08770249206105987
13,18317,1,2.95,UAV+Node-KF DPC,-3.909544279475149,0.4064859809357237,52.218328289350346,52.19231705800983,0.37017363832816297,0.5953077562397145,0.07319927302607734
13,18317,2,4.45,UAV+Node-KF DPC,-3.637857402172913,0.43272726497578695,51.04215595782829,51.02100483832436,0.3593532617387395,0.5624895987483676,0.06614031096778161
13,18317,3,5.95,UAV+Node-KF DPC,-4.072263946748816,0.3915377180260365,52.25625651004437,52.26744714083905,0.36210160946479236,0.5565065666058016,0.06507005525045519
13,18317,4,7.45,UAV+Node-KF DPC,-3.7954728960555424,0.4173041564341041,51.50028799433964,51.63424066161133,0.32821567373188365,0.537412037258264,0.054038583112135205
13,18317,5,8.950000000000001,UAV+Node-KF DPC,-3.8937496498750868,0.40796700009658804,51.90703296853168,51.984710036607694,0.3583080709419898,0.5530888592361191,0.048387364031062224
13,18317,6,10.450000000000001,UAV+Node-KF DPC,-3.834091365268815,0.4136098411100836,51.448166401507315,51.44307134701627,0.3467970120574424,0.5456766770666098,0.03406969237648507
13,18317,7,11.950000000000001,UAV+Node-KF DPC,-3.9742879970646054,0.4004711180800708,52.8104926658698,52.814906998108995,0.34028951417755743,0.5262892126394547,0.019263662946187306
13,18317,0,1.4500000000000002,Cluster UAV+Node-KF DPC,-3.983562933307776,0.3996167713577173,52.337729980079494,52.314636327213876,0.2894882479829637,0.45641250648509657,0.08770249206105987
13,18317,1,2.95,Cluster UAV+Node-KF DPC,-3.911111088985079,0.4063393589416982,52.14875775702569,52.12817937546309,0.28830370732198357,0.45323654031716354,0.07319927302607734
13,18317,2,4.45,Cluster UAV+Node-KF DPC,-3.883249260013026,0.4089545777925125,52.237327937468834,52.391551143144184,0.2886132617672589,0.43841898567994203,0.06614031096778161
13,18317,3,5.95,Cluster UAV+Node-KF DPC,-4.020743690160168,0.39621018102325833,51.97882002222614,52.015951820219925,0.29606693373672843,0.4433472077433549,0.06507005525045519
13,18317,4,7.45,Cluster UAV+Node-KF DPC,-3.876348891660151,0.4096048693286647,51.97135335823452,51.98895878825303,0.27112649827206986,0.43135124818734505,0.054038583112135205
13,18317,5,8.950000000000001,Cluster UAV+Node-KF DPC,-3.6219159806448316,0.4343185732064069,50.706708770678254,50.68607288526107,0.2904780394655828,0.44349364872225977,0.048387364031062224
13,18317,6,10.450000000000001,Cluster UAV+Node-KF DPC,-3.7575587895701377,0.4209631892887532,51.30985034396583,51.284225695997186,0.27729919981574297,0.43486207308072955,0.03406969237648507
13,18317,7,11.950000000000001,Cluster UAV+Node-KF DPC,-3.528925448600061,0.44371841720401756,50.75859968927839,50.75896531266064,0.26482085168932823,0.4154254207954279,0.019263662946187306
14,19326,0,1.4500000000000002,Random Phase Reference,-4.038099497063136,0.3946299571160506,52.5009045668952,52.52147527245943,,,
14,19326,1,2.95,Random Phase Reference,-3.947773094255192,0.4029235860733244,51.65904080279928,51.64589876751043,,,
14,19326,2,4.45,Random Phase Reference,-3.77779641400013,0.4190061125572413,51.33839397426581,51.3152365087109,,,
14,19326,3,5.95,Random Phase Reference,-3.9440568342289337,0.4032685155420083,52.305208794062274,52.330174567714565,,,
14,19326,4,7.45,Random Phase Reference,-3.8983047633321846,0.4075393267484332,51.82229050731075,51.810307804946326,,,
14,19326,5,8.950000000000001,Random Phase Reference,-3.866126127159359,0.41057016507892297,51.48913700730167,51.474488512113275,,,
14,19326,6,10.450000000000001,Random Phase Reference,-4.126378010140262,0.38668933919460274,53.469090484890245,53.46934229770257,,,
14,19326,7,11.950000000000001,Random Phase Reference,-3.879417012879763,0.40931560164574804,51.58858276278169,51.59334807353898,,,
14,19326,0,1.4500000000000002,No Algorithm,-3.9872790101409334,0.39927498219389546,52.32494973956638,52.31926604503017,3.2037846587882375,1.7427460547843514,5.213145624183495
14,19326,1,2.95,No Algorithm,-4.144552667746905,0.3850744760994047,53.278702478228034,53.25224743258401,3.1615212653185076,1.71943294125901,5.200428845945799
14,19326,2,4.45,No Algorithm,-3.915109317230981,0.4059654444763696,52.75707056929932,52.7391425062045,3.18579656625935,1.7210411163333517,5.2473124781808815
14,19326,3,5.95,No Algorithm,-3.6128508584469596,0.43522608251485123,50.986668864987564,51.031530549198216,3.079990335426865,1.7495067247071234,5.219157097406984
14,19326,4,7.45,No Algorithm,-3.7569363831140103,0.42102352369168405,51.26151654993984,51.23590885887117,3.2170593133370766,1.700663124702081,5.191466333849361
14,19326,5,8.950000000000001,No Algorithm,-3.728105656253196,0.4238277946598034,50.85258768984946,50.82961714694843,2.985458202563274,1.7650161186044644,5.218222848053444
14,19326,6,10.450000000000001,No Algorithm,-3.9511019343164024,0.4026148659939153,51.62921311305459,51.61521743391035,3.2305115591207274,1.7213096440009172,5.116247848561014
14,19326,7,11.950000000000001,No Algorithm,-3.9451416591248996,0.403167795613566,52.13716604336335,52.121801316981895,3.0822375699656157,1.7505173627566835,5.159373863235003
14,19326,0,1.4500000000000002,DPC,-3.9345360598685266,0.4041535463801607,51.78748944609064,51.77639740486411,1.0313623976583786,1.7427460547843514,0.41717850319398664
14,19326,1,2.95,DPC,-4.036598447733061,0.3947663763978011,52.67843807447996,52.662025561856545,1.0107850300378591,1.71943294125901,0.2925649122360009
14,19326,2,4.45,DPC,-3.904167252209574,0.4069895654637777,51.66433666172839,51.683035368511334,1.0357122799232916,1.7210411163333517,0.24190596631780428
14,19326,3,5.95,DPC,-3.9255863114626086,0.40498726686735614,51.9721719479919,51.95791782467297,1.0092703851029319,1.7495067247071234,0.19726513686744784
14,19326,4,7.45,DPC,-3.7613735512049518,0.42059358543410036,50.65094696767148,50.688836464483614,1.0020410472759635,1.700663124702081,0.1816419009321895
14,19326,5,8.950000000000001,DPC,-4.099812141874047,0.3890619738686054,52.772834310097856,52.82737466515007,1.0146719485377778,1.7650161186044644,0.17150732118261464
14,19326,6,10.450000000000001,DPC,-3.791071385201989,0.4177273024638085,51.07880388734041,51.06253877773179,1.0192376091822966,1.7213096440009172,0.15667979114910555
14,19326,7,11.950000000000001,DPC,-3.772241222505292,0.4195424188227467,51.36592022953879,51.35099783605415,0.9990998609929266,1.7505173627566835,0.1486236181659256
14,19326,0,1.4500000000000002,Cluster DPC,-4.002362611016664,0.3978906546566731,52.60492761348281,52.67220782212681,0.35683312718609367,0.444005736993565,0.41717850319398664
14,19326,1,2.95,Cluster DPC,-3.984570054717346,0.39952411166222473,52.21078261789537,52.193674869912485,0.33436931118796537,0.45906474822512977,0.2925649122360009
14,19326,2,4.45,Cluster DPC,-3.909537640182096,0.4064866023531547,51.83001901453324,51.90183761556795,0.3134430227982497,0.44024445091031045,0.24190596631780428
14,19326,3,5.95,Cluster DPC,-4.057837572872684,0.39284048876546235,52.75257168544422,52.7552161217136,0.2871420020574311,0.42581266717156935,0.19726513686744784
14,19326,4,7.45,Cluster DPC,-3.854236761596257,0.411695693226422,51.76963306246137,51.756136492375575,0.29116946297917473,0.425832614708263,0.1816419009321895
14,19326,5,8.950000000000001,Cluster DPC,-4.011864721880612,0.3970210447035302,52.76631400159737,52.78242177517719,0.2934548881598508,0.4292429506311705,0.17150732118261464
14,19326,6,10.450000000000001,Cluster DPC,-4.107790908634584,0.38834785358796114,52.78310707728893,52.77956226696024,0.2857412587451278,0.41389497328445496,0.15667979114910555
14,19326,7,11.950000000000001,Cluster DPC,-3.7329318729771495,0.42335706598463924,50.92083447923733,50.8968352589881,0.2829728487468277,0.42520907446207634,0.1486236181659256
14,19326,0,1.4500000000000002,UAV+Node-KF DPC,-4.0137987919826,0.39684427626403906,52.22919011528444,52.26393194783796,0.3882408204141946,0.6468806940025591,0.09524237174992102
14,19326,1,2.95,UAV+Node-KF DPC,-4.0636442977535125,0.3923155932317356,52.390427387075526,52.39998328384007,0.36907833219647007,0.5931750021236821,0.05221387658227613
14,19326,2,4.45,UAV+Node-KF DPC,-3.650181900901275,0.43150100336184255,51.32136351610947,51.29596430349851,0.3510533348901494,0.5652146786171641,0.07649789947262756
14,19326,3,5.95,UAV+Node-KF DPC,-3.974134096255298,0.4004853098148955,52.04271710995371,52.04832526215939,0.34109615551344336,0.5426102547971646,0.06121918778072867
14,19326,4,7.45,UAV+Node-KF DPC,-4.1258861134886065,0.3867331394203703,52.849232127514405,52.91347571020794,0.34426132239148677,0.5411658861926862,0.06835607730872816
14,19326,5,8.950000000000001,UAV+Node-KF DPC,-3.98018990726328,0.39992726145409274,52.201317246998755,52.350289438237326,0.3463464122865401,0.5401067437787319,0.059663264035826044
14,19326,6,10.450000000000001,UAV+Node-KF DPC,-4.026719796244994,0.39566535123181484,52.58521791061343,52.57906004500569,0.3452961920636531,0.5235096823731638,0.048629700729224255
14,19326,7,11.950000000000001,UAV+Node-KF DPC,-3.936602835475215,0.4039612584276245,51.867558232516224,51.89797221299673,0.3367248016492199,0.5323494860695175,0.0468314006269867
14,19326,0,1.4500000000000002,Cluster UAV+Node-KF DPC,-4.001856662951958,0.39793701115942426,52.039007803212186,52.01807442418702,0.2817110889279179,0.444005736993565,0.09524237174992102
14,19326,1,2.95,Cluster UAV+Node-KF DPC,-4.294663922106458,0.37199200657325177,53.920716016754916,53.92685507326054,0.29511874137039273,0.45906474822512977,0.05221387658227613
14,19326,2,4.45,Cluster UAV+Node-KF DPC,-3.9615584075362613,0.4016466594669407,52.58870171260837,52.579046404399314,0.2770483541219746,0.44024445091031045,0.07649789947262756
14,19326,3,5.95,Cluster UAV+Node-KF DPC,-3.766427295307491,0.4201044389700704,52.0201688344524,51.99452376784026,0.2731581265014115,0.42581266717156935,0.06121918778072867
14,19326,4,7.45,Cluster UAV+Node-KF DPC,-3.8452847521699063,0.41254518704048576,52.01630930347843,51.99702724744882,0.2769034621879929,0.425832614708263,0.06835607730872816
14,19326,5,8.950000000000001,Cluster UAV+Node-KF DPC,-4.002740659747444,0.39785602020553457,52.239796073462706,52.21498910138306,0.28100356901743345,0.4292429506311705,0.059663264035826044
14,19326,6,10.450000000000001,Cluster UAV+Node-KF DPC,-4.166277711374599,0.38315299870351294,53.13424774055496,53.113385900205316,0.27465517779022386,0.41389497328445496,0.048629700729224255
14,19326,7,11.950000000000001,Cluster UAV+Node-KF DPC,-3.8811421558775976,0.4091530419668038,51.96424278258191,51.945483258305046,0.26996362350657765,0.42520907446207634,0.0468314006269867
15,20335,0,1.4500000000000002,Random Phase Reference,-3.847998344141603,0.4122874979179729,52.36423466113936,52.3383084387458,,,
15,20335,1,2.95,Random Phase Reference,-4.020981537126003,0.3961884826566322,52.77112149366473,52.754410306999006,,,
15,20335,2,4.45,Random Phase Reference,-4.042953611339701,0.39418912517713356,52.5310825021859,52.5751929749554,,,
15,20335,3,5.95,Random Phase Reference,-3.9033179628527885,0.40706916253904535,51.90336059919377,51.878377087791314,,,
15,20335,4,7.45,Random Phase Reference,-4.003163519220447,0.3978172840474813,53.047813602475046,53.03201420439038,,,
15,20335,5,8.950000000000001,Random Phase Reference,-4.06325429322092,0.39235082548455236,52.91606284898123,52.896543589771206,,,
15,20335,6,10.450000000000001,Random Phase Reference,-3.894705956263318,0.40787717659809425,51.51373755971354,51.50396455977073,,,
15,20335,7,11.950000000000001,Random Phase Reference,-3.899841317535575,0.40739516293163125,51.91176575291924,51.88924124857479,,,
15,20335,0,1.4500000000000002,No Algorithm,-3.8507678620355086,0.41202466390785963,51.517293183594916,51.54891543608148,3.1429003454183833,1.7208101578204336,5.202036498009093
15,20335,1,2.95,No Algorithm,-4.08716464704718,0.39019664893886824,52.26532088586348,52.23950591866674,3.1289515618684898,1.763819073454261,5.237464748972363
15,20335,2,4.45,No Algorithm,-3.9643319952313116,0.4013902328646755,52.19232951662819,52.17141263491358,3.1117439891125986,1.7556679855861268,5.088300460056299
15,20335,3,5.95,No Algorithm,-3.669757464530406,0.429560415264009,50.24404756750203,50.22676628760629,3.099483060900605,1.703123462227768,5.111372221877851
15,20335,4,7.45,No Algorithm,-3.8983901332630695,0.4075313157642606,51.75476878537184,51.732938666137116,3.1743250125070803,1.728086098774881,5.278465704352945
15,20335,5,8.950000000000001,No Algorithm,-3.7781717649037683,0.41896990037097254,51.48301997738377,51.464148752649486,3.1761679664613323,1.752474946659055,5.077704331249858
15,20335,6,10.450000000000001,No Algorithm,-3.7914293939405375,0.41769286871736044,51.16476911896035,51.21701530674894,3.0900241155017443,1.7683156561667719,5.191367453334685
15,20335,7,11.950000000000001,No Algorithm,-4.100428027734411,0.3890068037504377,52.56310237143528,52.62511391145594,3.3041001686128584,1.732273258125405,5.352937858703772
15,20335,0,1.4500000000000002,DPC,-3.997443588434341,0.3983415795573287,52.26583585930831,52.29366723253266,0.9801893691743199,1.7208101578204336,0.4009636869934346
15,20335,1,2.95,DPC,-3.5852232956935346,0.438003590315519,50.44676823840931,50.48476794516812,1.0212913636515604,1.763819073454261,0.29603582592031163
15,20335,2,4.45,DPC,-3.797489362140079,0.4171104435524997,51.373085776084075,51.351457136795105,1.0044389172344292,1.7556679855861268,0.23736458416601156
15,20335,3,5.95,DPC,-3.932342701409458,0.4043577114159533,52.25129588510285,52.23096938971402,0.9945877969420391,1.703123462227768,0.20486658299712668
15,20335,4,7.45,DPC,-3.9150349266049393,0.40597239834833326,51.86537968126809,52.087898911601116,0.9814755529832371,1.728086098774881,0.18437866222850147
15,20335,5,8.950000000000001,DPC,-3.6565655931160537,0.4308672061961143,50.92485170465904,50.91974720496836,1.0415782253225887,1.752474946659055,0.17401929815404965
15,20335,6,10.450000000000001,DPC,-4.173407819411937,0.38252446644608223,53.082086934039864,53.09807916010768,0.9998024624130609,1.7683156561667719,0.1597587952539529
15,20335,7,11.950000000000001,DPC,-4.057776944069717,0.3928459729739506,52.10030814582704,52.10737616526754,1.0405609392526187,1.732273258125405,0.1465217391110107
15,20335,0,1.4500000000000002,Cluster DPC,-3.936765137478233,0.4039461621049616,51.4936052302248,51.46785225973924,0.3625989718628019,0.4474495276157634,0.4009636869934346
15,20335,1,2.95,Cluster DPC,-4.013800448954136,0.3968441248553586,52.61978020784885,52.6055326648753,0.33116540042966774,0.4520711410762262,0.29603582592031163
15,20335,2,4.45,Cluster DPC,-4.053664106840488,0.39321818052069024,52.0185694785762,51.997625510424484,0.31188768747744156,0.43224550360472674,0.23736458416601156
15,20335,3,5.95,Cluster DPC,-3.840895886375177,0.41296230508343895,51.49622343092364,51.48358307637344,0.29790427218709054,0.4401037876807535,0.20486658299712668
15,20335,4,7.45,Cluster DPC,-3.725821188877703,0.42405079437671006,51.68307460987735,51.75866486208655,0.2861613199068513,0.4224467479449217,0.18437866222850147
15,20335,5,8.950000000000001,Cluster DPC,-3.8956089567910244,0.4077923781414707,51.6586854353077,51.632851737316244,0.29944034346939113,0.4240898194910488,0.17401929815404965
15,20335,6,10.450000000000001,Cluster DPC,-3.861497823527176,0.41100794551961095,52.309226682114804,52.295860128064575,0.2886461652230855,0.4192770661953304,0.1597587952539529
15,20335,7,11.950000000000001,Cluster DPC,-3.927736471037697,0.4047868103197014,52.106008708796494,52.08525505388128,0.27787719139721984,0.42101109248600543,0.1465217391110107
15,20335,0,1.4500000000000002,UAV+Node-KF DPC,-3.6140446730190323,0.4351064614155459,50.85057661321277,50.82535796484583,0.40896171010145893,0.662075770922529,0.08436310918813122
15,20335,1,2.95,UAV+Node-KF DPC,-4.137548334544519,0.3856960281209996,53.53726272907234,53.54697056179718,0.3690448694677438,0.5922442475797612,0.06482701032068917
15,20335,2,4.45,UAV+Node-KF DPC,-3.896382786109376,0.40771972384828753,51.62805500932093,51.60570719123055,0.350603392821823,0.5567862081141415,0.06481934313896563
15,20335,3,5.95,UAV+Node-KF DPC,-3.958583306069896,0.40192189873452944,52.24507761547901,52.24799995931049,0.34785599899987807,0.5529113467315462,0.053915085547932
15,20335,4,7.45,UAV+Node-KF DPC,-3.9522559099358205,0.4025079003201371,51.63330652571889,51.62983735980623,0.3499005205866495,0.5431802192653274,0.041346758431845924
15,20335,5,8.950000000000001,UAV+Node-KF DPC,-3.8924931227286907,0.4080850526614647,52.15206076970548,52.14322261024267,0.34965291368292645,0.532595853064378,0.03531316196962024
15,20335,6,10.450000000000001,UAV+Node-KF DPC,-3.922155083969525,0.4053073613167392,51.84888829670741,51.85603229999507,0.34307937031460517,0.5336487337125497,0.02729694475449616
15,20335,7,11.950000000000001,UAV+Node-KF DPC,-4.182946608275564,0.38168521656069426,53.13509068210839,53.12695042606195,0.3357458871819085,0.5297297524583275,0.026230282045560417
15,20335,0,1.4500000000000002,Cluster UAV+Node-KF DPC,-3.975057469666302,0.4004001698482128,52.219410283730504,52.20739091587538,0.29221268643285625,0.4474495276157634,0.08436310918813122
15,20335,1,2.95,Cluster UAV+Node-KF DPC,-3.8521152434343184,0.41189685471782506,51.75155116926915,51.74969120739817,0.28689515084013295,0.4520711410762262,0.06482701032068917
15,20335,2,4.45,Cluster UAV+Node-KF DPC,-3.8684624908540326,0.41034935102448095,51.53001213022949,51.50462865649845,0.28042119679639727,0.43224550360472674,0.06481934313896563
15,20335,3,5.95,Cluster UAV+Node-KF DPC,-3.7656556349036725,0.42017909033600526,51.003899242531816,51.0030433485896,0.27930891468894004,0.4401037876807535,0.053915085547932
15,20335,4,7.45,Cluster UAV+Node-KF DPC,-3.8211466432273964,0.4148444991204424,52.22454036130597,52.21111648595693,0.27483435666274963,0.4224467479449217,0.041346758431845924
15,20335,5,8.950000000000001,Cluster UAV+Node-KF DPC,-3.8431853605398203,0.412744660742926,52.065473991156686,52.050239585083,0.28282655855139255,0.4240898194910488,0.03531316196962024
15,20335,6,10.450000000000001,Cluster UAV+Node-KF DPC,-3.9612231102207263,0.40167766981846525,52.43914556801513,52.44766246896452,0.2687464517565116,0.4192770661953304,0.02729694475449616
15,20335,7,11.950000000000001,Cluster UAV+Node-KF DPC,-3.9697142332563162,0.4008930956151096,52.53733536059439,52.513204384335424,0.26773029806730264,0.42101109248600543,0.026230282045560417
16,21344,0,1.4500000000000002,Random Phase Reference,-3.883298086026885,0.40894998010350847,52.258553408853736,52.244198186854405,,,
16,21344,1,2.95,Random Phase Reference,-3.839434088123955,0.4131013280751261,52.11468680741806,52.09396338715863,,,
16,21344,2,4.45,Random Phase Reference,-3.7933154290313236,0.4175115142660415,51.02544619847658,51.064014516657835,,,
16,21344,3,5.95,Random Phase Reference,-3.7592974777714243,0.42079469135280784,50.81669791142952,50.80038233497475,,,
16,21344,4,7.45,Random Phase Reference,-3.8275216828189995,0.4142359926541086,51.98719577858261,52.00915466384626,,,
16,21344,5,8.950000000000001,Random Phase Reference,-3.7145944823933696,0.42514840270707205,50.78748161712368,50.7707541248277,,,
16,21344,6,10.450000000000001,Random Phase Reference,-4.045965546589284,0.393915840444067,52.26823987602995,52.39951193553485,,,
16,21344,7,11.950000000000001,Random Phase Reference,-3.9443130483423188,0.40324472522420934,51.89153261908399,51.9193300183229,,,
16,21344,0,1.4500000000000002,No Algorithm,-3.83651629451182,0.4133789621369337,50.895232210291624,50.871449165534855,3.106844464184208,1.741570541032749,5.137665629630493
16,21344,1,2.95,No Algorithm,-4.044775884730549,0.39402376049871046,52.70570311154706,52.67973044191289,3.177647222735523,1.7077996452579944,5.201987102910878
16,21344,2,4.45,No Algorithm,-3.894437790277196,0.4079023627717252,52.16857591315963,52.15301798845929,3.2633336872872394,1.7313130971723352,5.3124533478084315
16,21344,3,5.95,No Algorithm,-3.8369068837118703,0.4133417859570718,52.45865626832939,52.46068667074038,3.186851041303009,1.7619869967026744,5.14992249553591
16,21344,4,7.45,No Algorithm,-3.9847492766513843,0.39950762469093054,52.57513934568086,52.55337324084176,3.169052869873528,1.7295638338922068,5.358006925884912
16,21344,5,8.950000000000001,No Algorithm,-4.195081302879949,0.38062023206496587,52.69557980953782,52.7055623787245,3.1210931349679707,1.7339158240886674,5.2264840167913365
16,21344,6,10.450000000000001,No Algorithm,-3.968231722460378,0.4010299681333563,52.57456645715648,52.582132163771206,3.2021854673444485,1.7236244609520839,5.294277883171169
16,21344,7,11.950000000000001,No Algorithm,-3.776827417858086,0.4190996114668149,51.47250226782321,51.45846718384285,3.0954858796536664,1.7312008203455813,5.124671926844153
16,21344,0,1.4500000000000002,DPC,-3.7977687426395326,0.4170836118102765,51.257766447002815,51.23214195462551,1.034580382564521,1.741570541032749,0.3933114406710084
16,21344,1,2.95,DPC,-3.790433209886098,0.41778869003649305,51.18335688264789,51.190685765946604,1.005402738684777,1.7077996452579944,0.2939371252377857
16,21344,2,4.45,DPC,-3.993174902779667,0.39873330245301253,52.47053506859524,52.4499781163306,0.9795893219878363,1.7313130971723352,0.2409481587042803
16,21344,3,5.95,DPC,-3.925066945581062,0.4050357015482113,51.97383991588645,51.977189928291644,1.0492103347733808,1.7619869967026744,0.20622239891650748
16,21344,4,7.45,DPC,-3.8035008246651296,0.4165334826848759,51.82849187614691,51.80346751632015,1.0294747853792745,1.7295638338922068,0.17779920008134198
16,21344,5,8.950000000000001,DPC,-3.9206962574689337,0.40544352985255755,52.545976406692695,52.55512212097409,1.0123909923320231,1.7339158240886674,0.16539283838351435
16,21344,6,10.450000000000001,DPC,-3.939234143855204,0.4037165800482923,51.7999617800869,51.79310866142135,0.9904529647128342,1.7236244609520839,0.15080680224884752
16,21344,7,11.950000000000001,DPC,-3.8101367490098563,0.4158975146636309,51.293781508197256,51.27100804912436,0.9779251641950459,1.7312008203455813,0.14739447062974323
16,21344,0,1.4500000000000002,Cluster DPC,-4.052926411164454,0.39328497851172944,52.59030121442,52.564017120353384,0.34891143164703364,0.4499672681922867,0.3933114406710084
16,21344,1,2.95,Cluster DPC,-4.038099245766579,0.3946299799505918,52.28955034971094,52.399747840042465,0.33511767484990423,0.4675545840996779,0.2939371252377857
16,21344,2,4.45,Cluster DPC,-3.861443206369477,0.4110131144148805,51.141531959907795,51.119544888897494,0.3332660633224174,0.4423141304730312,0.2409481587042803
16,21344,3,5.95,Cluster DPC,-3.930888218122466,0.40449315638554334,51.5715050944946,51.564467370306204,0.3044567879015319,0.43168204955031075,0.20622239891650748
16,21344,4,7.45,Cluster DPC,-3.886151913217915,0.4086813399864016,51.95890577052964,51.95521510878708,0.287899251378129,0.4234453443050215,0.17779920008134198
16,21344,5,8.950000000000001,Cluster DPC,-3.9915229752948744,0.3988849976312039,52.477711814012196,52.453932147498,0.2969147676643211,0.4342783851379401,0.16539283838351435
16,21344,6,10.450000000000001,Cluster DPC,-3.6572549144364865,0.43079882347553544,51.37798454576726,51.35330844227327,0.277611847636521,0.4245510685503811,0.15080680224884752
16,21344,7,11.950000000000001,Cluster DPC,-3.546100050139156,0.44196715422599425,50.39626876880247,50.3825647022902,0.27883790340302195,0.4245747437960411,0.14739447062974323
16,21344,0,1.4500000000000002,UAV+Node-KF DPC,-3.8030822501028743,0.41657363026438415,52.04228580793941,52.02347697599079,0.3883480041323261,0.6571527924920659,0.09866946898641181
16,21344,1,2.95,UAV+Node-KF DPC,-3.685758561623787,0.4279806597004892,50.75802977667375,50.769145585042345,0.37298655264557534,0.6015285727036468,0.10437352325007174
16,21344,2,4.45,UAV+Node-KF DPC,-4.005796290747391,0.39757619311465614,51.898913183070746,51.995686515040894,0.3639141984267773,0.5667466891436554,0.08236504664235554
16,21344,3,5.95,UAV+Node-KF DPC,-3.9849293142875872,0.3994910633666332,51.978149927412026,51.962085822907284,0.3503200726266101,0.546181730424072,0.06917564007210816
16,21344,4,7.45,UAV+Node-KF DPC,-3.9741258461397106,0.4004860706012681,51.846294246351206,51.822831027852445,0.33940274639310175,0.5342713505297083,0.05918051832321478
16,21344,5,8.950000000000001,UAV+Node-KF DPC,-3.617777247789035,0.43473266673024447,50.642867601362056,50.62342847870018,0.34728419844730857,0.5472932848088833,0.028038463670071637
16,21344,6,10.450000000000001,UAV+Node-KF DPC,-3.5368638734952484,0.4429080896189268,50.23389793623392,50.26130437830784,0.3300177286281118,0.5338108339192278,0.022790592593221106
16,21344,7,11.950000000000001,UAV+Node-KF DPC,-3.973290322335783,0.4005631261128848,52.20868959103067,52.187717993884455,0.34419862004702495,0.5378620138048384,0.01902460782698868
16,21344,0,1.4500000000000002,Cluster UAV+Node-KF DPC,-3.7209042307229034,0.424531164460915,50.91545402224567,50.89129164768981,0.2786511973505745,0.4499672681922867,0.09866946898641181
16,21344,1,2.95,Cluster UAV+Node-KF DPC,-3.8521418285555353,0.41189433331938413,51.476718530621724,51.45232733833496,0.29637768811527304,0.4675545840996779,0.10437352325007174
16,21344,2,4.45,Cluster UAV+Node-KF DPC,-3.8614481027177487,0.4110126510283301,51.95341247801047,51.92742927865759,0.2891353755550691,0.4423141304730312,0.08236504664235554
16,21344,3,5.95,Cluster UAV+Node-KF DPC,-3.858826192067788,0.4112608613675914,52.28029248173978,52.25471557513662,0.2841277709407617,0.43168204955031075,0.06917564007210816
16,21344,4,7.45,Cluster UAV+Node-KF DPC,-3.714988433217559,0.42510983901943267,50.84580246117157,50.84707541863933,0.2708562162142321,0.4234453443050215,0.05918051832321478
16,21344,5,8.950000000000001,Cluster UAV+Node-KF DPC,-3.691801524441008,0.4273855628641859,50.955532288709705,50.93440518216996,0.2767266682379077,0.4342783851379401,0.028038463670071637
16,21344,6,10.450000000000001,Cluster UAV+Node-KF DPC,-3.557396042769043,0.4408190920555725,50.36983013715397,50.34911749580767,0.26496368552105737,0.4245510685503811,0.022790592593221106
16,21344,7,11.950000000000001,Cluster UAV+Node-KF DPC,-3.6580427629585923,0.4307206798548028,50.73415366442238,50.70912071264478,0.26699687054718013,0.4245747437960411,0.01902460782698868
17,22353,0,1.4500000000000002,Random Phase Reference,-3.886982524785632,0.40860318495487924,52.11078754490408,52.13381481690648,,,
17,22353,1,2.95,Random Phase Reference,-3.9607025139776892,0.40172582249558514,52.44956402581467,52.46457114650123,,,
17,22353,2,4.45,Random Phase Reference,-3.8580317222596987,0.41133610161087353,50.891953809443386,50.87323639493185,,,
17,22353,3,5.95,Random Phase Reference,-3.922867671772417,0.40524086418150984,51.8887559646751,51.890859076547336,,,
17,22353,4,7.45,Random Phase Reference,-3.932436553939232,0.40434897320129065,52.432980202238426,52.44927198003548,,,
17,22353,5,8.950000000000001,Random Phase Reference,-3.8170608056024236,0.4152349680084527,51.758041006286824,51.75990861528518,,,
17,22353,6,10.450000000000001,Random Phase Reference,-3.787476100236842,0.4180732590838433,51.418206038043415,51.41835627091141,,,
17,22353,7,11.950000000000001,Random Phase Reference,-3.76196861107967,0.4205359606584708,50.79360503557541,50.78337379912068,,,
17,22353,0,1.4500000000000002,No Algorithm,-3.9984932065052576,0.39824531860604584,52.20301190877068,52.24829104536869,3.102791764057256,1.749460925819962,5.089191136858646
17,22353,1,2.95,No Algorithm,-3.9234318241104056,0.4051882264570319,52.09362654004886,52.178929643226205,3.2776472165017587,1.7252394386432002,5.298727647055172
17,22353,2,4.45,No Algorithm,-3.716426714424918,0.4249690759464557,50.246180786539085,50.22669090080548,3.182059284197812,1.698508327075777,5.205387684048779
17,22353,3,5.95,No Algorithm,-3.9237054367775652,0.405162699736406,51.84728394725197,51.82567449745385,3.4122746188565225,1.7634051158726225,5.259982049928154
17,22353,4,7.45,No Algorithm,-3.712932301560285,0.42531115144230464,50.80957644287587,50.80127648611147,3.0822495130927896,1.7539781474096545,5.116974050164966
17,22353,5,8.950000000000001,No Algorithm,-3.969895605266337,0.40087635368738184,52.23596104890976,52.211043699430384,3.2257390925174874,1.7428529353887987,5.243548157672009
17,22353,6,10.450000000000001,No Algorithm,-4.01893982913574,0.39637478282731736,52.14885077735953,52.17288951158372,3.215078815306832,1.7278613346757647,5.2215200105922195
17,22353,7,11.950000000000001,No Algorithm,-4.267737120376982,0.37430556837226897,53.54150601464392,53.52576768646753,3.179904347431952,1.7284488510924514,5.181460463518363
17,22353,0,1.4500000000000002,DPC,-3.7942403715344755,0.4174226038512839,50.24163043679107,50.23233382805543,1.0191952867320977,1.749460925819962,0.4012881378497492
17,22353,1,2.95,DPC,-3.883245014187234,0.4089549776020461,51.65055927959667,51.628532373939755,1.0104548607197654,1.7252394386432002,0.29189882158889346
17,22353,2,4.45,DPC,-4.0638049081634104,0.3923010849186523,52.5273305329729,52.50285846524447,1.028126505636902,1.698508327075777,0.23157047128634828
17,22353,3,5.95,DPC,-4.038482473051162,0.3945951588074208,52.24764729115646,52.22232414696567,1.068143222853281,1.7634051158726225,0.19423976012339508
17,22353,4,7.45,DPC,-3.782866939509295,0.4185171951301605,51.78229028122632,51.844889197118384,0.9919809430594005,1.7539781474096545,0.1786217314569081
17,22353,5,8.950000000000001,DPC,-4.060805585369892,0.3925721093117776,52.878041779943715,52.85453424198177,1.005767495124894,1.7428529353887987,0.17059148601911903
17,22353,6,10.450000000000001,DPC,-4.028836129643658,0.39547258898379384,52.25563587915864,52.23030582431801,0.9796035330433193,1.7278613346757647,0.15370053484383359
17,22353,7,11.950000000000001,DPC,-3.8881791579348497,0.4084906159996197,51.83131209046877,51.83125983025194,1.0090822498401386,1.7284488510924514,0.14408639263588757
17,22353,0,1.4500000000000002,Cluster DPC,-4.071896211691019,0.3915708725438397,52.82325023314297,52.79724836706891,0.3503715322540032,0.45167275273689345,0.4012881378497492
17,22353,1,2.95,Cluster DPC,-3.807003959345324,0.4161976311823066,51.33424681866101,51.4025749834988,0.3255850347405182,0.4501126025951614,0.29189882158889346
17,22353,2,4.45,Cluster DPC,-4.121758653603674,0.387100858638236,52.9938197072337,52.98239323979622,0.30082867088192666,0.4303411388064845,0.23157047128634828
17,22353,3,5.95,Cluster DPC,-4.1305374264186225,0.38631916825559637,53.51429241726953,53.50605310047962,0.2974795071415853,0.4350552961237452,0.19423976012339508
17,22353,4,7.45,Cluster DPC,-3.7654440822980675,0.4201995585091264,51.37079155400004,51.348588671923245,0.2981127880815341,0.4337367596946928,0.1786217314569081
17,22353,5,8.950000000000001,Cluster DPC,-3.888529347935724,0.4084576790022703,51.745036924275354,51.71958422361664,0.29749129834427174,0.42894907901328644,0.17059148601911903
17,22353,6,10.450000000000001,Cluster DPC,-3.7538920515005074,0.4213187575984191,51.04006783545119,51.027640799007564,0.28429276997588965,0.4297725441083035,0.15370053484383359
17,22353,7,11.950000000000001,Cluster DPC,-3.7714908936887035,0.41961490925833606,51.282224502326244,51.27430610231872,0.29476540112340877,0.4300066595666201,0.14408639263588757
17,22353,0,1.4500000000000002,UAV+Node-KF DPC,-4.2271854956141395,0.377816961017526,52.63537428648926,52.61051832772762,0.3963217833486654,0.6714741180006459,0.08766158281944991
17,22353,1,2.95,UAV+Node-KF DPC,-3.8645978789704225,0.4107146669200068,51.612418955068996,51.586962229691075,0.36246179238279164,0.5879573422896867,0.07440812404104842
17,22353,2,4.45,UAV+Node-KF DPC,-3.8971617328992805,0.407646602152411,51.74144129364387,51.752920845080375,0.3378360221474895,0.550713800939429,0.053708709377360914
17,22353,3,5.95,UAV+Node-KF DPC,-3.9514216762590055,0.40258522524875623,52.34607980796726,52.34371021218556,0.34798581136514534,0.5569503566204647,0.0425520476009194
17,22353,4,7.45,UAV+Node-KF DPC,-4.020541593848547,0.39622861885349614,52.36989702223784,52.40771023031496,0.35376373457286386,0.5518977916328162,0.04017401456018329
17,22353,5,8.950000000000001,UAV+Node-KF DPC,-3.8344731065173665,0.41357348674578576,51.71182874363993,51.695098167892574,0.3504158924263433,0.538792258062465,0.03992625413959819
17,22353,6,10.450000000000001,UAV+Node-KF DPC,-3.5302957921826437,0.44357843136688824,50.500435686270684,50.475859573243675,0.34182683902372013,0.5430588529471724,0.03266445634626197
17,22353,7,11.950000000000001,UAV+Node-KF DPC,-3.959596342384341,0.4018281572728359,52.16886778818658,52.20338060230223,0.35157978195497425,0.5398775762818045,0.03424817524045449
17,22353,0,1.4500000000000002,Cluster UAV+Node-KF DPC,-3.9787941540617586,0.400055812353695,52.798883906043585,52.77262747608702,0.27966284938820907,0.45167275273689345,0.08766158281944991
17,22353,1,2.95,Cluster UAV+Node-KF DPC,-3.9248685113645383,0.4050542085248469,52.593315555170456,52.64945325057349,0.28923175685390073,0.4501126025951614,0.07440812404104842
17,22353,2,4.45,Cluster UAV+Node-KF DPC,-3.602535294333096,0.43626108040816514,50.376956717698675,50.35413988972456,0.27448581962579055,0.4303411388064845,0.053708709377360914
17,22353,3,5.95,Cluster UAV+Node-KF DPC,-3.779714148513673,0.41882113090745965,51.43766603286116,51.41826786305439,0.27688346536812314,0.4350552961237452,0.0425520476009194
17,22353,4,7.45,Cluster UAV+Node-KF DPC,-4.106907763267853,0.38842683282803026,53.098375240487385,53.08191692420836,0.28007851418118135,0.4337367596946928,0.04017401456018329
17,22353,5,8.950000000000001,Cluster UAV+Node-KF DPC,-4.113996261857982,0.38779336466491504,52.873598594425964,52.85075142718311,0.2821190154508567,0.42894907901328644,0.03992625413959819
17,22353,6,10.450000000000001,Cluster UAV+Node-KF DPC,-3.8182801070727583,0.4151184052699799,51.68265056662218,51.659114946336224,0.27136627284348536,0.4297725441083035,0.03266445634626197
17,22353,7,11.950000000000001,Cluster UAV+Node-KF DPC,-3.8818611009174213,0.4090853150635907,51.902410277642716,51.880898463974944,0.28622031529231895,0.4300066595666201,0.03424817524045449
18,23362,0,1.4500000000000002,Random Phase Reference,-3.683599069608756,0.428193522325794,51.36098063094761,51.36641601860484,,,
18,23362,1,2.95,Random Phase Reference,-4.07157371171143,0.39159995103608725,52.81044179774439,52.78735675079101,,,
18,23362,2,4.45,Random Phase Reference,-3.8052491245325464,0.41636583632854224,51.39344967678861,51.384066676045165,,,
18,23362,3,5.95,Random Phase Reference,-3.8275552943010744,0.41423278675756964,51.30383767285981,51.28905571260068,,,
18,23362,4,7.45,Random Phase Reference,-3.923043845420654,0.4052244257241011,51.582654826450856,51.55686336745539,,,
18,23362,5,8.950000000000001,Random Phase Reference,-3.936130459872887,0.4040051990782144,52.51671540932996,52.49408060170408,,,
18,23362,6,10.450000000000001,Random Phase Reference,-3.7388805412864334,0.42277757743925043,50.79666530051067,50.79500223300182,,,
18,23362,7,11.950000000000001,Random Phase Reference,-3.912230164849415,0.40623466822898446,51.95679767603986,51.932380312970714,,,
18,23362,0,1.4500000000000002,No Algorithm,-3.9434693077090825,0.4033230745991597,51.90561411147261,51.90332212902317,3.1710198439688413,1.7098176826951594,5.189508925775247
18,23362,1,2.95,No Algorithm,-3.8127355599425568,0.41564871673241593,51.51700739750436,51.58407864189568,3.154691105980109,1.7344459373436476,5.240733047268703
18,23362,2,4.45,No Algorithm,-3.8047061914858613,0.4164178915381813,51.437507148295666,51.415203524184456,3.1024075537141487,1.7134520197423988,5.163811915017507
18,23362,3,5.95,No Algorithm,-4.002458554422265,0.39788186463875164,52.78992397856523,52.84965593157131,3.235946650464325,1.7268224348965786,5.2560790817879735
18,23362,4,7.45,No Algorithm,-4.186272015147277,0.3813930708206182,52.834114257236315,52.8509577510734,3.1555229104839744,1.7169821172415405,5.267483576041136
18,23362,5,8.950000000000001,No Algorithm,-3.836098326957751,0.41341874788493427,51.48353634994169,51.51049480023724,3.046184539809215,1.7107131934274,5.110923153476076
18,23362,6,10.450000000000001,No Algorithm,-3.967329846103977,0.4011132565512772,52.32400395013959,52.30033277385185,3.269418066527731,1.7354367210052446,5.219167911126012
18,23362,7,11.950000000000001,No Algorithm,-3.9676795951162784,0.40108095512393394,52.61290272751726,52.58827845508737,3.1448010830001376,1.746515084377458,5.242957270204303
18,23362,0,1.4500000000000002,DPC,-4.255829507568355,0.3753332585314728,53.10187614920304,53.09532187761693,1.0201845253112152,1.7098176826951594,0.3912314931958971
18,23362,1,2.95,DPC,-4.099759464175211,0.3890666930199275,53.57036376447914,53.61315029467387,1.0374234648872565,1.7344459373436476,0.291675583342319
18,23362,2,4.45,DPC,-4.045050619398927,0.393998835345906,52.59213793768932,52.56645409517545,1.007017295209468,1.7134520197423988,0.23913317551297794
18,23362,3,5.95,DPC,-3.768971704241444,0.41985838370824524,51.60117684550155,51.57560349970357,1.0128431727669596,1.7268224348965786,0.20521892713241252
18,23362,4,7.45,DPC,-4.04663559006368,0.39385507053112023,52.18965537445004,52.18780893041886,1.0157963227685114,1.7169821172415405,0.18809748964744658
18,23362,5,8.950000000000001,DPC,-3.844971835830618,0.41257491267271484,51.71299206425607,51.729645789416885,0.9936935751737628,1.7107131934274,0.172343823219258
18,23362,6,10.450000000000001,DPC,-3.9001732319770808,0.4073640284879394,51.88934346040897,51.863439737224745,1.0239753647890486,1.7354367210052446,0.16018428928144096
18,23362,7,11.950000000000001,DPC,-3.8158117560265783,0.41535440854299344,50.72424015970275,50.79557053876323,1.0400019214039422,1.746515084377458,0.15233940041195856
18,23362,0,1.4500000000000002,Cluster DPC,-3.7540744047514982,0.4213010674744558,51.300963364276384,51.39552380001255,0.33756216428062097,0.44060768964563224,0.3912314931958971
18,23362,1,2.95,Cluster DPC,-3.8120111250318836,0.41571805575665693,51.609049808805835,51.60539788589627,0.33828105499809613,0.470606924060217,0.291675583342319
18,23362,2,4.45,Cluster DPC,-3.7859230254909724,0.41822279244403754,51.401763069777765,51.47774649147243,0.3258335937521748,0.45097720188566975,0.23913317551297794
18,23362,3,5.95,Cluster DPC,-3.753110136981994,0.42139461969779296,51.02777475951735,51.00431206458948,0.2922763702924715,0.43597947520584146,0.20521892713241252
18,23362,4,7.45,Cluster DPC,-3.8352725112338444,0.41349736738814485,51.76135741224197,51.73677557732172,0.29844028691521207,0.4337443451974349,0.18809748964744658
18,23362,5,8.950000000000001,Cluster DPC,-3.7676155046653466,0.4199895160854561,51.726038390293574,51.73066372090329,0.29001915032217435,0.4309429213995506,0.172343823219258
18,23362,6,10.450000000000001,Cluster DPC,-3.8159534975133864,0.415340852766174,51.12150696297304,51.10999971834207,0.27830758523173843,0.4128500165955248,0.16018428928144096
18,23362,7,11.950000000000001,Cluster DPC,-3.7244759631471442,0.42418216431576816,50.95431408362773,50.93897130646029,0.28234119517630224,0.42002582289602125,0.15233940041195856
18,23362,0,1.4500000000000002,UAV+Node-KF DPC,-4.0246439652218085,0.3958545156734983,52.342500978224166,52.33476669026173,0.388251264646253,0.6593145515865484,0.09105694127987483
18,23362,1,2.95,UAV+Node-KF DPC,-3.8490653387251843,0.41218621767828784,51.21119068362935,51.187163283903416,0.38016340223868317,0.611995339673115,0.07421614831360214
18,23362,2,4.45,UAV+Node-KF DPC,-4.103303364360221,0.3887493389731243,52.4748640670994,52.46497800274964,0.3582819388285028,0.5774550471175944,0.04303253951330342
18,23362,3,5.95,UAV+Node-KF DPC,-4.233496673588274,0.3772683152340768,53.678995899396384,53.660357151850775,0.33654316893231906,0.5500681382767039,0.0530077046260383
18,23362,4,7.45,UAV+Node-KF DPC,-3.795373311445298,0.41731372541321005,51.433971957874526,51.470843941142896,0.3451955773995866,0.5455057584742691,0.053252148284993965
18,23362,5,8.950000000000001,UAV+Node-KF DPC,-4.156958381387963,0.38397607227563973,53.3609907343135,53.334936576351375,0.34144820125342984,0.5418524560286362,0.0416435557187881
18,23362,6,10.450000000000001,UAV+Node-KF DPC,-4.083143403236637,0.39055810932412915,52.24117602860007,52.243660724842805,0.3282131486046853,0.5192450543725567,0.03619669402097323
18,23362,7,11.950000000000001,UAV+Node-KF DPC,-3.8522370120325506,0.41188530601030815,52.24827688222763,52.27633646813244,0.334638518586831,0.5280422160176155,0.03205398677999082
18,23362,0,1.4500000000000002,Cluster UAV+Node-KF DPC,-3.8462852443191164,0.4124501591967313,51.54631173686835,51.52093481901184,0.26754391089549123,0.44060768964563224,0.09105694127987483
18,23362,1,2.95,Cluster UAV+Node-KF DPC,-3.919264780873555,0.4055771899860248,52.10928838369293,52.09398652497248,0.300956690338924,0.470606924060217,0.07421614831360214
18,23362,2,4.45,Cluster UAV+Node-KF DPC,-4.082191638600312,0.39064371025779476,52.2280884732359,52.205064344834994,0.2872409138463774,0.45097720188566975,0.04303253951330342
18,23362,3,5.95,Cluster UAV+Node-KF DPC,-3.813147865416209,0.41560925822820766,51.57657982324202,51.557425925807046,0.27113616884636565,0.43597947520584146,0.0530077046260383
18,23362,4,7.45,Cluster UAV+Node-KF DPC,-3.7760557904831598,0.4191740810898597,52.300934152295305,52.274878099559864,0.2766509680235118,0.4337443451974349,0.053252148284993965
18,23362,5,8.950000000000001,Cluster UAV+Node-KF DPC,-3.9531158462956544,0.4024282085609793,52.15429833547866,52.129676351409486,0.275897672851244,0.4309429213995506,0.0416435557187881
18,23362,6,10.450000000000001,Cluster UAV+Node-KF DPC,-3.9358100594229457,0.40403500563296363,51.951874688964814,52.00604613446187,0.2636211280957455,0.4128500165955248,0.03619669402097323
18,23362,7,11.950000000000001,Cluster UAV+Node-KF DPC,-3.823716907298948,0.4145990563394969,51.46742097016191,51.44211461523273,0.2688435374131823,0.42002582289602125,0.03205398677999082
19,24371,0,1.4500000000000002,Random Phase Reference,-3.8744648365267786,0.4097826025503301,52.141466289466976,52.12823375811637,,,
19,24371,1,2.95,Random Phase Reference,-3.8604852219972656,0.4111037873538251,51.93541544133159,52.078927894614964,,,
19,24371,2,4.45,Random Phase Reference,-4.0982901593549705,0.3891983443081101,52.719939540809264,52.69453248169548,,,
19,24371,3,5.95,Random Phase Reference,-3.9166089220503943,0.4058252901183725,52.11385271800661,52.138059249363934,,,
19,24371,4,7.45,Random Phase Reference,-4.072031491616304,0.3915586755541057,51.876746696470654,51.87752696369138,,,
19,24371,5,8.950000000000001,Random Phase Reference,-4.078561757562117,0.3909703510526235,52.34115214214255,52.31619261243139,,,
19,24371,6,10.450000000000001,Random Phase Reference,-3.813665989821105,0.41555967794019405,51.337311654419494,51.34389503343193,,,
19,24371,7,11.950000000000001,Random Phase Reference,-3.988080282859034,0.3992013228102175,52.317049406183486,52.309701032845716,,,
19,24371,0,1.4500000000000002,No Algorithm,-4.029512308553311,0.3954110202973622,52.46492680679282,52.4601478721907,3.063901621451172,1.7541196595761548,5.165215894451847
19,24371,1,2.95,No Algorithm,-3.5968038862058656,0.4368371966199843,50.37826017722505,50.36524587169946,3.1626163719376468,1.7208367002286518,5.241707238491092
19,24371,2,4.45,No Algorithm,-3.7678129434132663,0.4199704229763386,51.241409342717766,51.31542908014113,3.126509799788371,1.7297279725617152,5.165244924387215
19,24371,3,5.95,No Algorithm,-3.6650946163968134,0.43002186497302675,50.729257968196,50.7153148945877,3.122673381434428,1.752212096379853,5.29415520500589
19,24371,4,7.45,No Algorithm,-3.93404884761316,0.4041988887951661,52.01937097227927,52.08676178289001,3.219220306381314,1.715622031939058,5.219881506679614
19,24371,5,8.950000000000001,No Algorithm,-3.9297607001303088,0.40459818477956533,51.63128866225996,51.641267405305484,3.119644920627683,1.6894382503697074,5.109364502273329
19,24371,6,10.450000000000001,No Algorithm,-3.75183338195908,0.4215185210623554,51.31290969652836,51.28747662814181,3.1820442546306404,1.7305681948909173,5.2036764103058095
19,24371,7,11.950000000000001,No Algorithm,-3.995158097891718,0.3985512634342832,52.90591485775721,52.90949081870182,3.1720103845427485,1.7274034224608965,5.133361542774417
19,24371,0,1.4500000000000002,DPC,-4.102147651749355,0.38885280386098875,52.46613792388879,52.569866017329105,1.0279060868531946,1.7541196595761548,0.399221648569198
19,24371,1,2.95,DPC,-4.187948778113078,0.3812458475962761,52.98274661578805,52.97018323948214,0.9932722816456636,1.7208367002286518,0.291214658048632
19,24371,2,4.45,DPC,-3.9150908075051523,0.40596717471366245,52.09781438827896,52.09110419771992,1.0457935972568868,1.7297279725617152,0.230126245704397
19,24371,3,5.95,DPC,-3.802321335342768,0.41664662331566227,51.34330986752541,51.338176303872075,0.9958857126251779,1.752212096379853,0.19869565464160419
19,24371,4,7.45,DPC,-3.849958588843439,0.4121014485776609,51.11811970102251,51.114648436165105,1.0235370180391408,1.715622031939058,0.1821157341660911
19,24371,5,8.950000000000001,DPC,-3.9592140777892655,0.40186352761359456,51.11832261125778,51.14719949473335,0.9756248376350548,1.6894382503697074,0.16790299538430628
19,24371,6,10.450000000000001,DPC,-3.5880475822994833,0.4377188421604692,50.304150895941845,50.309937851806524,0.9909322664618603,1.7305681948909173,0.15980702701179236
19,24371,7,11.950000000000001,DPC,-3.651033038147852,0.4314164453937344,50.255569055466076,50.25150430634908,1.008294075879581,1.7274034224608965,0.14963809185014318
19,24371,0,1.4500000000000002,Cluster DPC,-4.0637690270596325,0.39230432609593524,52.22388852644587,52.21645002631816,0.34943832231714794,0.4352323228573862,0.399221648569198
19,24371,1,2.95,Cluster DPC,-4.099685588336096,0.3890733113109906,52.82584106395212,52.81002956664465,0.3392220237741095,0.4636293322630611,0.291214658048632
19,24371,2,4.45,Cluster DPC,-3.761222053861884,0.4206082574883727,51.45030708379948,51.457157580921844,0.31586834243598505,0.4462308988672891,0.230126245704397
19,24371,3,5.95,Cluster DPC,-3.630505560639818,0.43346041647973294,51.266751341498086,51.25308045066677,0.29690869103539086,0.4250354309251369,0.19869565464160419
19,24371,4,7.45,Cluster DPC,-3.9431509007156214,0.4033526456852985,51.46241543996247,51.441314828602245,0.2937013217800232,0.4272409065075464,0.1821157341660911
19,24371,5,8.950000000000001,Cluster DPC,-3.756562293048678,0.4210597911340751,51.07836740994148,51.13776394911765,0.2967225984024563,0.42000683914315295,0.16790299538430628
19,24371,6,10.450000000000001,Cluster DPC,-3.9378384624557135,0.4038463422933698,52.32803106868697,52.33074131155834,0.29212416772520333,0.42428615014435916,0.15980702701179236
19,24371,7,11.950000000000001,Cluster DPC,-3.7213250796062853,0.4244900276706396,51.40122287768411,51.38527650709451,0.29196959444776327,0.4295528194600177,0.14963809185014318
19,24371,0,1.4500000000000002,UAV+Node-KF DPC,-3.9980141498587116,0.3982892502232911,52.05857671377369,52.038761198202636,0.38608955639002257,0.6487584624147964,0.08255828283794338
19,24371,1,2.95,UAV+Node-KF DPC,-4.208792459222858,0.3794204668563011,53.175399599684035,53.156528347917025,0.3751705086244523,0.6069660315760129,0.05449733870711893
19,24371,2,4.45,UAV+Node-KF DPC,-4.0463775227364875,0.393878474960492,52.38567075664026,52.36701791232101,0.3599282687579273,0.5689839698744231,0.044041480499809466
19,24371,3,5.95,UAV+Node-KF DPC,-3.8071475537982695,0.4161838703159683,51.24490176884313,51.22195873850609,0.3397149047438735,0.5448065784507345,0.03446295170744358
19,24371,4,7.45,UAV+Node-KF DPC,-3.8529902597748906,0.41181387411650155,51.64782778320375,51.722961906625976,0.3532563248997069,0.5405115241771353,0.041184440941094046
19,24371,5,8.950000000000001,UAV+Node-KF DPC,-3.8503770085635707,0.41206174669937173,51.94806002003837,51.922104987626696,0.3423024267156659,0.533890659420446,0.02774088386125193
19,24371,6,10.450000000000001,UAV+Node-KF DPC,-4.086285107770029,0.39027568011407193,52.99041497021936,52.96573162100566,0.34470986566445944,0.537452521706582,0.02783916389220764
19,24371,7,11.950000000000001,UAV+Node-KF DPC,-3.7388059245970044,0.42278484129718774,51.35571228927168,51.3605614812959,0.34695419199327054,0.5413755114566152,0.02597169349207853
19,24371,0,1.4500000000000002,Cluster UAV+Node-KF DPC,-3.7828709599573007,0.41851680769124205,51.42467679624895,51.409814014255176,0.26767995652166343,0.4352323228573862,0.08255828283794338
19,24371,1,2.95,Cluster UAV+Node-KF DPC,-3.903383981876925,0.4070629745477805,51.435999874139014,51.41188350579405,0.293873955370911,0.4636293322630611,0.05449733870711893
19,24371,2,4.45,Cluster UAV+Node-KF DPC,-3.6822879632286662,0.4283228106390315,51.01501363811295,51.09590325173578,0.286678912338562,0.4462308988672891,0.044041480499809466
19,24371,3,5.95,Cluster UAV+Node-KF DPC,-3.6157216682317648,0.43493848078885045,50.86644427906984,50.85307598119406,0.2732666136347494,0.4250354309251369,0.03446295170744358
19,24371,4,7.45,Cluster UAV+Node-KF DPC,-3.8649958984028903,0.41067702772937326,51.67396341692735,51.65570888214074,0.2771311793505393,0.4272409065075464,0.041184440941094046
19,24371,5,8.950000000000001,Cluster UAV+Node-KF DPC,-3.6804576513667087,0.42850336313873355,50.90288472261343,50.879698398395576,0.27736733579028705,0.42000683914315295,0.02774088386125193
19,24371,6,10.450000000000001,Cluster UAV+Node-KF DPC,-3.9736420408186306,0.4005306873515976,52.84886933024262,52.84271520220508,0.27908412409007854,0.42428615014435916,0.02783916389220764
19,24371,7,11.950000000000001,Cluster UAV+Node-KF DPC,-3.767702290723606,0.4199811234228859,51.820388264268985,51.79769849578629,0.2794314942665826,0.4295528194600177,0.02597169349207853
