global_step,long_block,physical_time_s,iteration_step,no_algorithm_gain_linear,no_algorithm_norm_db,no_algorithm_power_linear,no_algorithm_ideal_power_linear,no_algorithm_single_node_mean_power_linear,no_algorithm_single_node_best_power_linear,no_algorithm_gain_over_single_mean_linear,no_algorithm_gain_over_single_mean_db,no_algorithm_gain_over_single_best_linear,no_algorithm_gain_over_single_best_db,no_algorithm_phase_std_deg,no_algorithm_phase_rmse_deg,no_algorithm_distance_rmse,no_algorithm_node_rmse,no_algorithm_uav_rmse,no_algorithm_uav_line_intercept_rmse,no_algorithm_uav_velocity_rmse,dpc_gain_linear,dpc_norm_db,dpc_power_linear,dpc_ideal_power_linear,dpc_single_node_mean_power_linear,dpc_single_node_best_power_linear,dpc_gain_over_single_mean_linear,dpc_gain_over_single_mean_db,dpc_gain_over_single_best_linear,dpc_gain_over_single_best_db,dpc_phase_std_deg,dpc_phase_rmse_deg,dpc_distance_rmse,dpc_node_rmse,dpc_uav_rmse,dpc_uav_line_intercept_rmse,dpc_uav_velocity_rmse,kf_dpc_gain_linear,kf_dpc_norm_db,kf_dpc_power_linear,kf_dpc_ideal_power_linear,kf_dpc_single_node_mean_power_linear,kf_dpc_single_node_best_power_linear,kf_dpc_gain_over_single_mean_linear,kf_dpc_gain_over_single_mean_db,kf_dpc_gain_over_single_best_linear,kf_dpc_gain_over_single_best_db,kf_dpc_phase_std_deg,kf_dpc_phase_rmse_deg,kf_dpc_distance_rmse,kf_dpc_node_rmse,kf_dpc_uav_rmse,kf_dpc_uav_line_intercept_rmse,kf_dpc_uav_velocity_rmse
0,0,0.0,0,0.40284044723705115,-3.9486693054649455,8056808.944741023,20000000.0,5.000000000000001,5.000000000000001,1611361.7889482044,62.07193060781468,1611361.7889482044,62.07193060781468,52.11666519318445,52.11731590098079,,,,,,0.8171052350053122,-0.877220070674136,16342104.700106243,20000000.0,5.000000000000001,5.000000000000001,3268420.940021248,65.14337984260548,3268420.940021248,65.14337984260548,25.75033827356979,25.764437591865224,1.0666963966038872,1.7304542748866711,0.6386539790413234,0.6386539790413234,15.0,0.8171052350053122,-0.877220070674136,16342104.700106243,20000000.0,5.000000000000001,5.000000000000001,3268420.940021248,65.14337984260548,3268420.940021248,65.14337984260548,25.75033827356979,25.764437591865224,1.0666963966038872,1.7304542748866711,0.6386539790413234,0.5239674521526851,15.0
1,0,0.05,1,0.40367378369454726,-3.9396945461866935,8073475.6738909455,20000000.0,5.000000000000001,5.000000000000001,1614695.1347781888,62.08090536709293,1614695.1347781888,62.08090536709293,52.072612849511884,52.07473335497231,,,,,,0.8173244864455002,-0.8760548974036743,16346489.728910003,20000000.0,5.000000000000001,5.000000000000001,3269297.945782,65.14454501587595,3269297.945782,65.14454501587595,25.728424262153965,25.758241705994607,1.06686875364482,1.7293263250583883,0.6415532959971004,0.6386539790413234,18.14015664643194,0.9022334789356288,-0.44681061690492374,18044669.578712575,20000000.0,5.000000000000001,5.000000000000001,3608933.915742514,65.5737892963747,3608933.915742514,65.5737892963747,18.382621038414175,19.752701888967895,0.8130743400958611,1.226061586111404,0.5752145796093255,0.35600341418914294,14.020474248133922
2,0,0.1,2,0.4046444421292717,-3.9292642035029974,8092888.842585434,20000000.0,5.000000000000001,5.000000000000001,1618577.7685170865,62.09133570977663,1618577.7685170865,62.09133570977663,52.016860823131864,52.021961157204736,,,,,,0.8212004099456897,-0.855508425002932,16424008.198913792,20000000.0,5.000000000000001,5.000000000000001,3284801.639782758,65.16509148827669,3284801.639782758,65.16509148827669,25.43288439555908,25.452700164164582,1.0538430348865355,1.7251860583329777,0.5899116064875417,0.583461583526312,9.115793314199806,0.9235940326952228,-0.34518881705390253,18471880.653904457,20000000.0,5.000000000000001,5.000000000000001,3694376.1307808906,65.67541109622572,3694376.1307808906,65.67541109622572,16.158666543078436,19.764040616074187,0.8134208605667789,0.9999058259346842,0.7826930240186378,0.40095996629931535,11.101835451438864
3,0,0.15000000000000002,3,0.4056244408953289,-3.9187588447802906,8112488.817906578,20000000.0,5.000000000000001,5.000000000000001,1622497.7635813153,62.10184106849933,1622497.7635813153,62.10184106849933,51.95611968865721,51.95455848160331,,,,,,0.8233023979939942,-0.8444061963762006,16466047.959879884,20000000.0,5.000000000000001,5.000000000000001,3293209.5919759762,65.17619371690343,3293209.5919759762,65.17619371690343,25.270279004507437,25.283005895467845,1.0469165736702535,1.7346879772736918,0.5354843081339433,0.5327480653438863,5.696357082904003,0.9379314235475786,-0.2782891371433781,18758628.470951572,20000000.0,5.000000000000001,5.000000000000001,3751725.6941903136,65.74231077613624,3751725.6941903136,65.74231077613624,14.509272900383454,18.215590439546887,0.7483112648409527,0.8660849134494027,0.7657348416565368,0.3758026104665639,7.2988924209449575
4,0,0.2,4,0.4058275125347936,-3.9165851388961928,8116550.250695872,20000000.0,5.000000000000001,5.000000000000001,1623310.050139174,62.10401477438343,1623310.050139174,62.10401477438343,51.94328423450753,51.943730824575674,,,,,,0.8244743298549698,-0.8382286163970274,16489486.597099397,20000000.0,5.000000000000001,5.000000000000001,3297897.319419879,65.1823712968826,3297897.319419879,65.1823712968826,25.16709727354754,25.18637834173918,1.043549860472992,1.7348435322925198,0.49836341101085785,0.4942180872185524,4.044868790304931,0.9507541886298304,-0.21931752590253212,19015083.77259661,20000000.0,5.000000000000001,5.000000000000001,3803016.754519321,65.80128238737709,3803016.754519321,65.80128238737709,12.878051874478675,15.536409630436015,0.6352017344878969,0.776210406435007,0.6286109721713179,0.2974357800629032,4.41711234159096
5,0,0.25,5,0.40528508934962876,-3.922393738854892,8105701.786992575,20000000.0,5.000000000000001,5.000000000000001,1621140.3573985146,62.09820617442473,1621140.3573985146,62.09820617442473,51.97758466712772,51.97455024563406,,,,,,0.8269237363697891,-0.8253454171833801,16538474.727395782,20000000.0,5.000000000000001,5.000000000000001,3307694.945479156,65.19525449609624,3307694.945479156,65.19525449609624,24.98232549740121,24.994778059745602,1.0334074953694399,1.732143035085865,0.4631356153552457,0.46198599518105493,3.0478799919461426,0.9601696893020925,-0.17652007986327173,19203393.78604185,20000000.0,5.000000000000001,5.000000000000001,3840678.757208369,65.84407983341636,3840678.757208369,65.84407983341636,11.552671400418033,13.185014302684115,0.534463986100765,0.7095862884608034,0.48578774644130823,0.22208349690527,2.65903635178095
6,0,0.30000000000000004,6,0.40453866876066263,-3.9303995902890696,8090773.375213252,20000000.0,5.000000000000001,5.000000000000001,1618154.6750426502,62.090200322990555,1618154.6750426502,62.090200322990555,52.01915103883448,52.01404834353518,,,,,,0.8265369064816214,-0.8273774956565855,16530738.129632428,20000000.0,5.000000000000001,5.000000000000001,3306147.6259264853,65.19322241762305,3306147.6259264853,65.19322241762305,25.01121238278123,25.02207672603898,1.0354244312575225,1.7354856253139683,0.4341028511042226,0.4355951029986075,2.406938602511886,0.9670386760938638,-0.14556156239383808,19340773.521877278,20000000.0,5.000000000000001,5.000000000000001,3868154.7043754547,65.87503835088579,3868154.7043754547,65.87503835088579,10.490585184690689,11.457791210400888,0.46036947240292403,0.6573109896951695,0.3732278061967318,0.16611775487142894,1.651002949016733
7,0,0.35000000000000003,7,0.4037507857596551,-3.9388661945774404,8075015.715193102,20000000.0,5.000000000000001,5.000000000000001,1615003.1430386202,62.08173371870218,1615003.1430386202,62.08173371870218,52.06505026106096,52.059993166977144,,,,,,0.8299734985427817,-0.809357746364337,16599469.970855635,20000000.0,5.000000000000001,5.000000000000001,3319893.9941711263,65.21124216691528,3319893.9941711263,65.21124216691528,24.731484568478674,24.737437232205473,1.0234430173822884,1.7278854265244423,0.41372082246028785,0.41351760104497454,1.9758748259666425,0.9718238896391611,-0.12412429196722119,19436477.792783223,20000000.0,5.000000000000001,5.000000000000001,3887295.558556644,65.8964756213124,3887295.558556644,65.8964756213124,9.687771129681309,10.228229133737406,0.40680373719372814,0.6141582840791435,0.29367863942003114,0.12816211501593128,1.0770325347126077
8,0,0.4,8,0.40323504904413754,-3.9444172620311275,8064700.980882751,20000000.0,5.000000000000001,5.000000000000001,1612940.19617655,62.076182651248494,1612940.19617655,62.076182651248494,52.09632526898675,52.09400983067419,,,,,,0.830341751010528,-0.8074312445466246,16606835.02021056,20000000.0,5.000000000000001,5.000000000000001,3321367.0040421113,65.213168668733,3321367.0040421113,65.213168668733,24.706324635510573,24.71293024118559,1.0229856930522676,1.730692810424055,0.3938248171735583,0.39383720718845017,1.6530763897121143,0.9752572679659884,-0.10880804486294622,19505145.35931977,20000000.0,5.000000000000001,5.000000000000001,3901029.071863953,65.91179186841669,3901029.071863953,65.91179186841669,9.070087278405655,9.391472169978766,0.37036122283071116,0.5795372562583262,0.24013528654274374,0.10351636273842635,0.7452570399615226
9,0,0.45,9,0.40355785971089425,-3.9409418993393635,8071157.194217885,20000000.0,5.000000000000001,5.000000000000001,1614231.4388435767,62.079658013940254,1614231.4388435767,62.079658013940254,52.07033346625377,52.0703676045121,,,,,,0.8299539951118575,-0.8094598018150878,16599079.90223715,20000000.0,5.000000000000001,5.000000000000001,3319815.9804474297,65.21114011146453,3319815.9804474297,65.21114011146453,24.73119225203436,24.738318974831895,1.0229609721866189,1.7279446247980577,0.3773442395757437,0.3769116672918228,1.4122574264996837,0.9778832522230271,-0.09712991778717282,19557665.044460543,20000000.0,5.000000000000001,5.000000000000001,3911533.0088921078,65.92346999549245,3911533.0088921078,65.92346999549245,8.56952053563764,8.769231651678684,0.34270259362354133,0.5487972053520886,0.20282367224046474,0.08759671020367074,0.5456528181632812
10,0,0.5,10,0.40412760202957826,-3.9348148610831926,8082552.040591565,20000000.0,5.000000000000001,5.000000000000001,1616510.4081183127,62.08578505219643,1616510.4081183127,62.08578505219643,52.03648147611854,52.033866932872286,,,,,,0.8301535123127299,-0.8084159029180183,16603070.246254599,20000000.0,5.000000000000001,5.000000000000001,3320614.0492509194,65.21218401036161,3320614.0492509194,65.21218401036161,24.72584894756217,24.73912519837274,1.0235471786256274,1.7360707250529175,0.3617082278717407,0.3619805179408753,1.2232203040589382,0.9797674101652439,-0.08877010502052181,19595348.20330488,20000000.0,5.000000000000001,5.000000000000001,3919069.640660975,65.9318298082591,3919069.640660975,65.9318298082591,8.192036995670929,8.327509663743095,0.3230394676238214,0.5231778008264781,0.17654523121935525,0.0772433908286859,0.4202933149755753
11,0,0.55,11,0.4050926340547313,-3.9244565367760216,8101852.681094626,20000000.0,5.000000000000001,5.000000000000001,1620370.536218925,62.096143376503605,1620370.536218925,62.096143376503605,51.97988920562494,51.976763102207975,,,,,,0.8318719647226637,-0.7994351180226014,16637439.294453273,20000000.0,5.000000000000001,5.000000000000001,3327487.858890654,65.22116479525702,3327487.858890654,65.22116479525702,24.58296748397129,24.58453591263867,1.017018834929393,1.7272517880315335,0.3469034613770321,0.3482545856038727,1.0700777458779849,0.9814268262029301,-0.08142075239681261,19628536.524058603,20000000.0,5.000000000000001,5.000000000000001,3925707.30481172,65.93917916088282,3925707.30481172,65.93917916088282,7.845593118266005,7.936437279019583,0.30546613234609127,0.5007863364937599,0.1560042173879251,0.06968206581417777,0.3336312030171176
12,0,0.6000000000000001,12,0.4059596283496855,-3.9151715375468585,8119192.566993711,20000000.0,5.000000000000001,5.000000000000001,1623838.5133987418,62.10542837573277,1623838.5133987418,62.10542837573277,51.93760206510812,51.93416383842737,,,,,,0.8312101204929677,-0.8028917761703356,16624202.409859354,20000000.0,5.000000000000001,5.000000000000001,3324840.48197187,65.21770813710928,3324840.48197187,65.21770813710928,24.636591031735158,24.643544013876117,1.0184641784566542,1.7294082146881327,0.33519270949496643,0.3361367769124136,0.9489987234015699,0.9827340492127009,-0.07563996498078884,19654680.984254017,20000000.0,5.000000000000001,5.000000000000001,3930936.1968508027,65.94495994829883,3930936.1968508027,65.94495994829883,7.561857476277275,7.626411241146623,0.2912472784437376,0.48086879797940263,0.14000054913401877,0.06440738663071591,0.2728988363218202
13,0,0.65,13,0.4071761778645262,-3.9021763863942733,8143523.557290524,20000000.0,5.000000000000001,5.000000000000001,1628704.7114581047,62.11842352688535,1628704.7114581047,62.11842352688535,51.86857068489998,51.86329875244576,,,,,,0.8320770359107638,-0.7983646370666799,16641540.718215276,20000000.0,5.000000000000001,5.000000000000001,3328308.1436430546,65.22223527621294,3328308.1436430546,65.22223527621294,24.56796374300841,24.571322416861733,1.0161194659085857,1.730418163525313,0.32468671160193774,0.32515194771132,0.8491652422906041,0.9838018709493738,-0.07092355854532248,19676037.418987475,20000000.0,5.000000000000001,5.000000000000001,3935207.4837974943,65.9496763547343,3935207.4837974943,65.9496763547343,7.322390299622238,7.370069478345239,0.2795753284133239,0.464375503855305,0.12826082091608923,0.06091748693667594,0.23091741921954562
14,0,0.7000000000000001,14,0.4083848457214375,-3.889303820152609,8167696.91442875,20000000.0,5.000000000000001,5.000000000000001,1633539.3828857497,62.13129609312701,1633539.3828857497,62.13129609312701,51.7964185365194,51.79276992531335,,,,,,0.8318189138099742,-0.7997120891708607,16636378.276199484,20000000.0,5.000000000000001,5.000000000000001,3327275.6552398964,65.22088782410877,3327275.6552398964,65.22088782410877,24.593066551675832,24.601332528600608,1.0186694410989203,1.7338964160775745,0.31415477473070674,0.31488028232646315,0.7637761031747429,0.984766498551989,-0.06666734387756333,19695329.97103978,20000000.0,5.000000000000001,5.000000000000001,3939065.994207955,65.95393256940206,3939065.994207955,65.95393256940206,7.099248568701095,7.138947616860082,0.2693197053719065,0.44919981373986956,0.11858583493812842,0.05797675413160869,0.19869826256887163
15,0,0.75,15,0.4088343566391365,-3.884526151438113,8176687.132782729,20000000.0,5.000000000000001,5.000000000000001,1635337.4265565455,62.13607376184151,1635337.4265565455,62.13607376184151,51.769614673250224,51.767968191937726,,,,,,0.8332791062180971,-0.7920950761146061,16665582.124361942,20000000.0,5.000000000000001,5.000000000000001,3333116.4248723877,65.22850483716502,3333116.4248723877,65.22850483716502,24.47596044870881,24.483649190294397,1.0137981392772084,1.7336239193094365,0.3049307617518749,0.3061354747548811,0.69372555493756,0.9856097553579256,-0.0629500660299692,19712195.107158512,20000000.0,5.000000000000001,5.000000000000001,3942439.0214317017,65.95764984724966,3942439.0214317017,65.95764984724966,6.898796929019241,6.932834929291197,0.26000498176652936,0.43535795435335817,0.11019831333524306,0.05573362118864726,0.1744181448217807
16,0,0.8,16,0.40879298135703823,-3.884965692923158,8175859.627140765,20000000.0,5.000000000000001,5.000000000000001,1635171.9254281528,62.135634220356465,1635171.9254281528,62.135634220356465,51.76718384361449,51.76750641947981,,,,,,0.8312926298230584,-0.802460699027317,16625852.596461168,20000000.0,5.000000000000001,5.000000000000001,3325170.519292233,65.2181392142523,3325170.519292233,65.2181392142523,24.626553588622226,24.62867803814223,1.0180640316455927,1.740448122410712,0.29625133574457807,0.29722607911424814,0.6315713845714334,0.9863216802774254,-0.059814205706287774,19726433.60554851,20000000.0,5.000000000000001,5.000000000000001,3945286.721109701,65.96078570757334,3945286.721109701,65.96078570757334,6.724526990337959,6.7542950650609495,0.2517360044038876,0.42282101364695324,0.10246412595926961,0.05328440582057531,0.15333491170189462
17,0,0.8500000000000001,17,0.4075998777230013,-3.8976595495077744,8151997.554460026,20000000.0,5.000000000000001,5.000000000000001,1630399.510892005,62.122940363771846,1630399.510892005,62.122940363771846,51.8420096700675,51.837052597960245,,,,,,0.8336456287717964,-0.7901852271359606,16672912.575435927,20000000.0,5.000000000000001,5.000000000000001,3334582.515087185,65.23041468614366,3334582.515087185,65.23041468614366,24.43939111642859,24.444257469658517,1.0112448273258705,1.7323281305884197,0.29032365138542565,0.29008118773413943,0.5824257213702463,0.986937016680556,-0.05710561799330226,19738740.33361112,20000000.0,5.000000000000001,5.000000000000001,3947748.066722223,65.96349429528632,3947748.066722223,65.96349429528632,6.570613634095295,6.5986937864871535,0.24429594408946187,0.41092794609427175,0.09696478474940225,0.05134081694722139,0.1378686729094356
18,0,0.9,18,0.40654861566949363,-3.9088751340434746,8130972.313389872,20000000.0,5.000000000000001,5.000000000000001,1626194.4626779743,62.11172477923615,1626194.4626779743,62.11172477923615,51.89853841791383,51.89174664678588,,,,,,0.8337199195280994,-0.7897982206325207,16674398.390561989,20000000.0,5.000000000000001,5.000000000000001,3334879.678112397,65.2308016926471,3334879.678112397,65.2308016926471,24.430161246159084,24.435216643299448,1.010265363638653,1.7291767086977206,0.28351811115654285,0.28306017687344476,0.5374745123998468,0.9875114725489098,-0.054578501969527383,19750229.450978197,20000000.0,5.000000000000001,5.000000000000001,3950045.890195639,65.9660214113101,3950045.890195639,65.9660214113101,6.423556368787748,6.4517415360796475,0.23732944009057402,0.40021354586632063,0.09250063633363595,0.049629515527785766,0.12498560993345272
19,0,0.9500000000000001,19,0.4048458124280007,-3.927103485424705,8096916.248560014,20000000.0,5.000000000000001,5.000000000000001,1619383.2497120025,62.093496427854916,1619383.2497120025,62.093496427854916,52.006009650026876,52.00345781889955,,,,,,0.8319347113870834,-0.7991075495554287,16638694.227741668,20000000.0,5.000000000000001,5.000000000000001,3327738.845548333,65.2214923637242,3327738.845548333,65.2214923637242,24.578059327203995,24.579939650191626,1.0175100560803778,1.7310945918359626,0.2755973744956367,0.27639713354981277,0.4963752968016422,0.9880288180569211,-0.05230388063610026,19760576.361138422,20000000.0,5.000000000000001,5.000000000000001,3952115.2722276836,65.96829603264352,3952115.2722276836,65.96829603264352,6.288450211421235,6.316159339357696,0.2312920430060655,0.3901833938886771,0.08804273398895794,0.04817011967581171,0.11387386187314108
20,0,1.0,20,0.4039599106587478,-3.9366173252202152,8079198.213174956,20000000.0,5.000000000000001,5.000000000000001,1615839.6426349909,62.08398258805941,1615839.6426349909,62.08398258805941,52.059631888317995,52.0586203933462,,,,,,0.834414850566337,-0.786179751212906,16688297.011326741,20000000.0,5.000000000000001,5.000000000000001,3337659.4022653475,65.23442016206671,3337659.4022653475,65.23442016206671,24.376912029771432,24.38193846078505,1.0085347851216948,1.7278705338981954,0.2689201462985845,0.2702682823176999,0.4609863824830708,0.9884959954690644,-0.05025085732413791,19769919.90938129,20000000.0,5.000000000000001,5.000000000000001,3953983.981876257,65.97034905595548,3953983.981876257,65.97034905595548,6.163789157154606,6.191325107916794,0.2253908554127262,0.38054313408777163,0.08442533441895453,0.04689744152278781,0.10493593133209989
21,0,1.05,21,0.404240573426577,-3.9336009871050095,8084811.46853154,20000000.0,5.000000000000001,5.000000000000001,1616962.2937063077,62.08699892617461,1616962.2937063077,62.08699892617461,52.030345492209335,52.02864989315922,,,,,,0.8332785137636388,-0.7920981639130587,16665570.275272775,20000000.0,5.000000000000001,5.000000000000001,3333114.0550545547,65.22850174936656,3333114.0550545547,65.22850174936656,24.473923027524446,24.47427951209957,1.0117684200210673,1.7352636401074253,0.26253648696470255,0.26394596763714495,0.42845128326906856,0.9889108338155571,-0.048428652558395395,19778216.676311143,20000000.0,5.000000000000001,5.000000000000001,3955643.335262228,65.97217126072123,3955643.335262228,65.97217126072123,6.050863609149177,6.078000243757758,0.21982786061700849,0.37147223421323305,0.0810374175046685,0.04542300420107641,0.09652328016947695
22,0,1.1,22,0.4041082903270113,-3.9350223986583455,8082165.806540226,20000000.0,5.000000000000001,5.000000000000001,1616433.1613080448,62.08557751462128,1616433.1613080448,62.08557751462128,52.042859521764726,52.044715152768575,,,,,,0.8330517492070766,-0.7932801936511322,16661034.984141532,20000000.0,5.000000000000001,5.000000000000001,3332206.996828306,65.2273197196285,3332206.996828306,65.2273197196285,24.484582235139264,24.485704533181057,1.0129411013474015,1.7389374777838416,0.25652665488228965,0.25880841588490194,0.4007711508990309,0.9892453971322281,-0.046959617894805974,19784907.942644563,20000000.0,5.000000000000001,5.000000000000001,3956981.5885289116,65.97364029538481,3956981.5885289116,65.97364029538481,5.958336432927376,5.984665417606953,0.21536860307858402,0.36351297549451467,0.07770660023611256,0.04404892924089494,0.08896858693153034
23,0,1.1500000000000001,23,0.4040755141567797,-3.9353746578795357,8081510.283135595,20000000.0,5.000000000000001,5.000000000000001,1616302.0566271187,62.08522525540009,1616302.0566271187,62.08522525540009,52.05551760847129,52.060288112657496,,,,,,0.8335919398346543,-0.7904649330349539,16671838.796693087,20000000.0,5.000000000000001,5.000000000000001,3334367.759338617,65.23013498024467,3334367.759338617,65.23013498024467,24.446529126890724,24.450061434790655,1.0124856764326169,1.7374422003805645,0.2514176730580811,0.2534494433084774,0.3755501677332329,0.9896155938341985,-0.04533469944430331,19792311.87668397,20000000.0,5.000000000000001,5.000000000000001,3958462.3753367933,65.97526521383531,3958462.3753367933,65.97526521383531,5.854438327733193,5.87962198404615,0.21047006578768368,0.35608191323507615,0.07477443363945793,0.04267038251954383,0.08210747146505333
24,0,1.2000000000000002,24,0.4047927099006061,-3.927673175082982,8095854.198012123,20000000.0,5.000000000000001,5.000000000000001,1619170.8396024243,62.092926738196645,1619170.8396024243,62.092926738196645,52.01035734525489,52.016468366680826,,,,,,0.8341459583573806,-0.7875795012605268,16682919.167147612,20000000.0,5.000000000000001,5.000000000000001,3336583.833429522,65.2330204120191,3336583.833429522,65.2330204120191,24.41020512004931,24.410428671923302,1.01024059391729,1.7354251919235995,0.24762184700466086,0.24897946823080072,0.3544518621691471,0.9899214339231055,-0.04399272238450106,19798428.67846211,20000000.0,5.000000000000001,5.000000000000001,3959685.7356924214,65.97660719089512,3959685.7356924214,65.97660719089512,5.76718997727125,5.7914048381562715,0.2062939667805206,0.3491772391092733,0.07240748034802306,0.04161708494372909,0.07658383055330058
25,0,1.25,25,0.405709039715729,-3.9178531555196727,8114180.79431458,20000000.0,5.000000000000001,5.000000000000001,1622836.1588629158,62.10274675775995,1622836.1588629158,62.10274675775995,51.94792279460876,51.95109108703092,,,,,,0.8346390172950191,-0.7850131696453133,16692780.345900383,20000000.0,5.000000000000001,5.000000000000001,3338556.069180076,65.23558674363431,3338556.069180076,65.23558674363431,24.36239566748454,24.371030563943645,1.0081351002154229,1.7272052689571062,0.24219485361282939,0.24384597834904387,0.33273205858286076,0.9902022732994195,-0.04276080953171074,19804045.46598839,20000000.0,5.000000000000001,5.000000000000001,3960809.0931976773,65.97783910374791,3960809.0931976773,65.97783910374791,5.686019388983538,5.711901947536004,0.20217303285142246,0.3420762091646681,0.07000705083330991,0.04047724756907502,0.07117760850307585
26,0,1.3,26,0.40604475191028133,-3.914260983523239,8120895.038205626,20000000.0,5.000000000000001,5.000000000000001,1624179.007641125,62.10633892975639,1624179.007641125,62.10633892975639,51.92466792133941,51.923999333778376,,,,,,0.8338208605946096,-0.7892724386095695,16676417.211892191,20000000.0,5.000000000000001,5.000000000000001,3335283.4423784376,65.23132747467005,3335283.4423784376,65.23132747467005,24.425319715109367,24.429050708637696,1.01026132360307,1.7301378680372466,0.23798130645552001,0.23963577714854875,0.3145685527765426,0.9904778622215796,-0.04155226760922909,19809557.244431593,20000000.0,5.000000000000001,5.000000000000001,3961911.4488863177,65.97904764567039,3961911.4488863177,65.97904764567039,5.604887820181,5.629037127309486,0.19816296879030487,0.3356185876377986,0.0677790592390449,0.03937411466749787,0.06617882325462894
27,0,1.35,27,0.40536298054155495,-3.921559154373588,8107259.6108311,20000000.0,5.000000000000001,5.000000000000001,1621451.9221662197,62.09904075890604,1621451.9221662197,62.09904075890604,51.9735774507909,51.969452572155674,,,,,,0.8333849362860024,-0.791543538271341,16667698.725720048,20000000.0,5.000000000000001,5.000000000000001,3333539.745144009,65.22905637500828,3333539.745144009,65.22905637500828,24.45280651626053,24.454856198673646,1.0115305519313706,1.7327575195705376,0.23393154219499696,0.23557702351026388,0.2978914231401529,0.9907279329953507,-0.04045592155600241,19814558.659907013,20000000.0,5.000000000000001,5.000000000000001,3962911.731981402,65.98014399172362,3962911.731981402,65.98014399172362,5.530499498943117,5.555199654039237,0.1945124506072729,0.32936566388897587,0.06596406431432035,0.038350282033761396,0.06172218534302878
28,0,1.4000000000000001,28,0.4048260082297894,-3.9273159382675473,8096520.164595788,20000000.0,5.000000000000001,5.000000000000001,1619304.0329191573,62.09328397501207,1619304.0329191573,62.09328397501207,52.00542901611642,52.00161388714779,,,,,,0.8353033789363058,-0.781557617996679,16706067.578726117,20000000.0,5.000000000000001,5.000000000000001,3341213.5157452226,65.23904229528294,3341213.5157452226,65.23904229528294,24.30597465370464,24.309131634108162,1.00607456831604,1.7266281458478971,0.23032361138171503,0.2317460110829257,0.28282406439561114,0.9909466423666483,-0.03949729520370739,19818932.847332966,20000000.0,5.000000000000001,5.000000000000001,3963786.5694665923,65.98110261807592,3963786.5694665923,65.98110261807592,5.464569006968045,5.4898543586212485,0.19133056270046417,0.32370525839700315,0.06446739562057803,0.037435660162681836,0.05792150696161451
29,0,1.4500000000000002,29,0.4044091318387129,-3.93179046299667,8088182.636774259,20000000.0,5.000000000000001,5.000000000000001,1617636.5273548514,62.08880945028295,1617636.5273548514,62.08880945028295,52.02524795925164,52.021059673528484,,,,,,0.8358267295983604,-0.7788374430575709,16716534.591967206,20000000.0,5.000000000000001,5.000000000000001,3343306.9183934405,65.24176247022206,3343306.9183934405,65.24176247022206,24.268635099927643,24.273878655666746,1.0039122229816464,1.7289302352956597,0.22619471585588266,0.2277739044905384,0.26818051477040067,0.9911787535461251,-0.03848015869858573,19823575.0709225,20000000.0,5.000000000000001,5.000000000000001,3964715.0141844996,65.98211975458103,3964715.0141844996,65.98211975458103,5.393754869440414,5.4188371187813456,0.18788708185001762,0.31815090916834277,0.06275262773477283,0.03645529496845665,0.054163648625461025
30,1,1.5,0,0.4041576973116462,-3.9344914551038896,8083153.946232924,20000000.0,5.000000000000001,5.000000000000001,1616630.7892465845,62.08610845817574,1616630.7892465845,62.08610845817574,52.037377385778065,52.03292018642334,,,,,,0.8330044389463419,-0.7935268430177754,16660088.778926838,20000000.0,5.000000000000001,5.000000000000001,3332017.755785367,65.22707307026184,3332017.755785367,65.22707307026184,24.48766332750533,24.489606030324147,1.0126912052814663,1.7366151164978945,0.22300947997392878,0.224128545784134,0.25532400093861696,0.9913602440794979,-0.037685013306983706,19827204.881589957,20000000.0,5.000000000000001,5.000000000000001,3965440.9763179906,65.98291489997264,3965440.9763179906,65.98291489997264,5.337641561820525,5.36177728213667,0.18485515568819727,0.3133253523850335,0.06118936471158086,0.035551411219503934,0.050841728749286164
31,1,1.55,1,0.4043778027332601,-3.9321269189171684,8087556.054665202,20000000.0,5.000000000000001,5.000000000000001,1617511.2109330401,62.08847299436245,1617511.2109330401,62.08847299436245,52.01884671493765,52.02345482549671,,,,,,0.8337662384915806,-0.7895569464227676,16675324.769831613,20000000.0,5.000000000000001,5.000000000000001,3335064.953966322,65.23104296685686,3335064.953966322,65.23104296685686,24.428507700012666,24.42842888179655,1.009989124976112,1.732548779651659,0.21979696840730728,0.22091714166194806,0.24367012616231437,0.9915281566123467,-0.036949485411338884,19830563.132246934,20000000.0,5.000000000000001,5.000000000000001,3966112.626449386,65.98365042786828,3966112.626449386,65.98365042786828,5.285516516979166,5.308898619998142,0.18209879024407621,0.3086648134576681,0.05980986798476486,0.034731729829190726,0.047851354150101826
32,1,1.6,2,0.40468703825874097,-3.9288070542521822,8093740.765174819,20000000.0,5.000000000000001,5.000000000000001,1618748.1530349636,62.091792859027436,1618748.1530349636,62.091792859027436,52.00079139332119,52.00358773589812,,,,,,0.8349052512827958,-0.7836280736650182,16698105.025655916,20000000.0,5.000000000000001,5.000000000000001,3339621.0051311827,65.23697183961461,3339621.0051311827,65.23697183961461,24.340758722625758,24.345193652159228,1.0074046974359088,1.7334416883209331,0.21707902230260195,0.21760734493844494,0.23281678287164648,0.9917028827375645,-0.03618424333195306,19834057.65475129,20000000.0,5.000000000000001,5.000000000000001,3966811.530950257,65.98441566994767,3966811.530950257,65.98441566994767,5.230441198097751,5.253740144787562,0.1793238757037388,0.3040387031682028,0.058516136427855914,0.03396727783352675,0.045110019124458244
33,1,1.6500000000000001,3,0.4043953380237057,-3.9319385971370173,8087906.760474114,20000000.0,5.000000000000001,5.000000000000001,1617581.3520948226,62.088661316142606,1617581.3520948226,62.088661316142606,52.031191457305816,52.03209011943333,,,,,,0.8348669762423342,-0.7838271743399007,16697339.524846684,20000000.0,5.000000000000001,5.000000000000001,3339467.9049693365,65.23677273893972,3339467.9049693365,65.23677273893972,24.339609318964722,24.341639022411016,1.0065914973495567,1.7352323166750743,0.2140651706597713,0.214402679631455,0.22249264913970918,0.991876402081019,-0.03542441997490581,19837528.04162038,20000000.0,5.000000000000001,5.000000000000001,3967505.6083240756,65.98517549330472,3967505.6083240756,65.98517549330472,5.175263794788229,5.198414348161821,0.1765477628521118,0.29969324153117116,0.057226581604100366,0.0333230566992524,0.04264055588870388
34,1,1.7000000000000002,4,0.4043113632030065,-3.9328405261385764,8086227.264060129,20000000.0,5.000000000000001,5.000000000000001,1617245.4528120256,62.08775938714105,1617245.4528120256,62.08775938714105,52.04556572787728,52.040793444104,,,,,,0.8346924555408229,-0.7847351189925728,16693849.110816458,20000000.0,5.000000000000001,5.000000000000001,3338769.8221632913,65.23586479428704,3338769.8221632913,65.23586479428704,24.356996909505963,24.355369287542395,1.0077041450186444,1.7367811817686725,0.2114322632740596,0.21166983006827564,0.21338710091814472,0.9920272373916009,-0.03476403565094217,19840544.74783202,20000000.0,5.000000000000001,5.000000000000001,3968108.949566403,65.98583587762869,3968108.949566403,65.98583587762869,5.126840705648734,5.148989987513934,0.17412267270149556,0.2955651380765537,0.0558598300374886,0.03274491816406051,0.040325247265205276
35,1,1.75,5,0.40498055474117833,-3.9256582906025983,8099611.094823566,20000000.0,5.000000000000001,5.000000000000001,1619922.218964713,62.09494162267703,1619922.218964713,62.09494162267703,52.00688105690555,52.00680724252753,,,,,,0.8362388725964521,-0.7766964812051614,16724777.451929042,20000000.0,5.000000000000001,5.000000000000001,3344955.490385808,65.24390343207446,3344955.490385808,65.24390343207446,24.237681449700936,24.23834606875045,1.0029038707191786,1.7315993894452184,0.2083346297162582,0.20850139930878306,0.20405994766495472,0.9921504703109124,-0.03422457412280522,19843009.40621825,20000000.0,5.000000000000001,5.000000000000001,3968601.881243649,65.98637533915681,3968601.881243649,65.98637533915681,5.086857112652551,5.10875320086348,0.17206388422358782,0.2915903460134537,0.05429621537619782,0.03208258770894473,0.03795965061280767
36,1,1.8,6,0.4058495159007355,-3.916349677251242,8116990.318014709,20000000.0,5.000000000000001,5.000000000000001,1623398.0636029416,62.10425023602838,1623398.0636029416,62.10425023602838,51.94942714334618,51.94983872425721,,,,,,0.8352640751214182,-0.7817619728688529,16705281.502428364,20000000.0,5.000000000000001,5.000000000000001,3341056.3004856724,65.23883794041078,3341056.3004856724,65.23883794041078,24.312802841382727,24.314838615954425,1.0053529618854544,1.7291069759896487,0.2059650443370474,0.20585657262565568,0.1960560815501498,0.9922805372281123,-0.03365526892363877,19845610.744562246,20000000.0,5.000000000000001,5.000000000000001,3969122.1489124484,65.98694464435599,3969122.1489124484,65.98694464435599,5.044308040757998,5.0646294621043335,0.1697364847397316,0.28757986589271445,0.05291303755083955,0.03151057812087617,0.03593337020645835
37,1,1.85,7,0.40675732108433965,-3.906646216045844,8135146.421686793,20000000.0,5.000000000000001,5.000000000000001,1627029.2843373583,62.113953697233775,1627029.2843373583,62.113953697233775,51.87992311508326,51.87954147220207,,,,,,0.835583365675751,-0.7801021429625115,16711667.313515019,20000000.0,5.000000000000001,5.000000000000001,3342333.462703003,65.2404977703171,3342333.462703003,65.2404977703171,24.287758098554782,24.291501992737352,1.0053616265987557,1.7269953021776359,0.20408077623584192,0.2033019236016802,0.1887485403780123,0.9924087667620296,-0.03309407902894994,19848175.33524059,20000000.0,5.000000000000001,5.000000000000001,3969635.0670481175,65.98750583425067,3969635.0670481175,65.98750583425067,5.002121924480675,5.0230831460622785,0.16753181577111814,0.2838192169104935,0.051944926768607236,0.030962821228432476,0.034178918778027825
38,1,1.9000000000000001,8,0.4063686812574183,-3.9107977041214004,8127373.625148366,20000000.0,5.000000000000001,5.000000000000001,1625474.725029673,62.109802209158225,1625474.725029673,62.109802209158225,51.902030485767206,51.90071593349741,,,,,,0.8355162623005398,-0.7804509267824475,16710325.246010795,20000000.0,5.000000000000001,5.000000000000001,3342065.0492021586,65.24014898649718,3342065.0492021586,65.24014898649718,24.28537903916806,24.2863882099532,1.004957480536534,1.733226743294956,0.20170731008192852,0.2009088455378189,0.1816940958416913,0.9925272298401449,-0.03257569595479663,19850544.596802898,20000000.0,5.000000000000001,5.000000000000001,3970108.919360579,65.98802421732483,3970108.919360579,65.98802421732483,4.962728661681035,4.9829001020652886,0.16554624267554552,0.2805899992586837,0.051130013874370016,0.03045472289456343,0.03256720761542832
39,1,1.9500000000000002,9,0.4054453702381169,-3.9206765440583076,8108907.404762338,20000000.0,5.000000000000001,5.000000000000001,1621781.4809524673,62.099923369221315,1621781.4809524673,62.099923369221315,51.95811515102332,51.96126601712816,,,,,,0.8369604675911377,-0.7729505468593502,16739209.351822754,20000000.0,5.000000000000001,5.000000000000001,3347841.8703645505,65.24764936642028,3347841.8703645505,65.24764936642028,24.181653955033347,24.187414261727696,1.0009379008340231,1.7260694343798595,0.19910402137063452,0.1985920931205147,0.17492326130190267,0.9926460061039614,-0.03205600452349827,19852920.122079227,20000000.0,5.000000000000001,5.000000000000001,3970584.0244158446,65.98854390875613,3970584.0244158446,65.98854390875613,4.923102712110124,4.943609822791745,0.1635500217826547,0.2770638535260763,0.05015583246772424,0.03001794326861728,0.031021888508196982
40,1,2.0,10,0.4036235998670888,-3.9402344849953126,8072471.997341776,20000000.0,5.000000000000001,5.000000000000001,1614494.3994683549,62.08036542828431,1614494.3994683549,62.08036542828431,52.07879637358566,52.07595514753099,,,,,,0.8357080870939001,-0.7794539517246744,16714161.741878003,20000000.0,5.000000000000001,5.000000000000001,3342832.3483756,65.24114596155495,3342832.3483756,65.24114596155495,24.278893350592636,24.281352998319452,1.003316597386262,1.7293231878400879,0.19646708766274573,0.19638604224085737,0.168541720584423,0.9927497114161883,-0.031602305097356446,19854994.228323765,20000000.0,5.000000000000001,5.000000000000001,3970998.845664752,65.98899760818226,3970998.845664752,65.98899760818226,4.888053050235702,4.9087171757014705,0.16164633326423566,0.27354346186836975,0.04935536615650279,0.029657760845462778,0.029667135860433604
41,1,2.0500000000000003,11,0.40278502264727456,-3.9492668683385017,8055700.452945491,20000000.0,5.000000000000001,5.000000000000001,1611140.090589098,62.07133304494113,1611140.090589098,62.07133304494113,52.13021577849207,52.1276972951076,,,,,,0.8369994945620816,-0.7727480426356821,16739989.89124163,20000000.0,5.000000000000001,5.000000000000001,3347997.9782483256,65.24785187064394,3347997.9782483256,65.24785187064394,24.170311780669294,24.172413523524416,0.9997884563878434,1.7352955459295842,0.19414780661482672,0.19413359494768162,0.16253135259686716,0.9928491064428292,-0.03116750717899975,19856982.128856584,20000000.0,5.000000000000001,5.000000000000001,3971396.425771316,65.98943240610063,3971396.425771316,65.98943240610063,4.854260359102672,4.8747206881932055,0.15975267898842216,0.27064093272762707,0.04854723752769111,0.029321841147643884,0.02832775690963123
42,1,2.1,12,0.40318442942432586,-3.944962482531775,8063688.588486518,20000000.0,5.000000000000001,5.000000000000001,1612737.7176973033,62.075637430747854,1612737.7176973033,62.075637430747854,52.097899103052896,52.09657649758314,,,,,,0.833533723929322,-0.7907682436611968,16670674.47858644,20000000.0,5.000000000000001,5.000000000000001,3334134.8957172874,65.22983166961842,3334134.8957172874,65.22983166961842,24.45283143176102,24.457355103102188,1.011199826626137,1.7319510383197319,0.19195541744646621,0.19240029516934304,0.1572683631731012,0.9929459931258572,-0.030743723759940143,19858919.862517145,20000000.0,5.000000000000001,5.000000000000001,3971783.9725034283,65.98985618951968,3971783.9725034283,65.98985618951968,4.821081642812655,4.841683753306495,0.15815027576609667,0.2676101828176771,0.047806769633693305,0.029143325857566044,0.027256315344850606
43,1,2.15,13,0.4039137494502542,-3.937113629509821,8078274.989005084,20000000.0,5.000000000000001,5.000000000000001,1615654.9978010166,62.08348628376981,1615654.9978010166,62.08348628376981,52.04636300983181,52.04603712055448,,,,,,0.8348897494833315,-0.7837087104613198,16697794.98966663,20000000.0,5.000000000000001,5.000000000000001,3339558.9979333254,65.2368912028183,3339558.9979333254,65.2368912028183,24.342155332995198,24.346075846300188,1.0086988408074273,1.7338188390255553,0.18980341731287648,0.19030151719485527,0.1519398014752014,0.9930429325452048,-0.030319751054042086,19860858.650904097,20000000.0,5.000000000000001,5.000000000000001,3972171.7301808186,65.99028016222559,3972171.7301808186,65.99028016222559,4.787745796081696,4.808776614894066,0.1561800260063167,0.2644815772270667,0.04706594537214644,0.029004690279894697,0.02629970905736142
44,1,2.2,14,0.4042418418382431,-3.9335873599888975,8084836.836764862,20000000.0,5.000000000000001,5.000000000000001,1616967.367352972,62.08701255329072,1616967.367352972,62.08701255329072,52.032440188761846,52.03459629102665,,,,,,0.8354922719582681,-0.7805756283989222,16709845.439165363,20000000.0,5.000000000000001,5.000000000000001,3341969.087833072,65.2400242848807,3341969.087833072,65.2400242848807,24.29349331880084,24.294386697419846,1.0052253436643435,1.7302392757509757,0.18796979829701527,0.18813134055546665,0.14688780811233118,0.9931636470949226,-0.02979185366985461,19863272.94189845,20000000.0,5.000000000000001,5.000000000000001,3972654.5883796895,65.99080805960978,3972654.5883796895,65.99080805960978,4.745962030999527,4.7668863343637105,0.15423224230565016,0.2614657218276018,0.04637585425283042,0.028792786427805868,0.02533957290357522
45,1,2.25,15,0.40478264512162215,-3.9277811595453898,8095652.902432444,20000000.0,5.000000000000001,5.000000000000001,1619130.5804864885,62.092818753734235,1619130.5804864885,62.092818753734235,52.00360450729555,52.0018250772433,,,,,,0.8367743651621443,-0.7739163301690128,16735487.303242886,20000000.0,5.000000000000001,5.000000000000001,3347097.4606485767,65.24668358311061,3347097.4606485767,65.24668358311061,24.185818745752986,24.18950814414078,1.0002871090454528,1.7307919481471121,0.18637057005200577,0.18616574240308853,0.14228444045533223,0.9932350285787066,-0.029479725143889798,19864700.571574133,20000000.0,5.000000000000001,5.000000000000001,3972940.1143148257,65.99112018813574,3972940.1143148257,65.99112018813574,4.72100660341549,4.7423350547311065,0.15279236475570482,0.2587688000015661,0.04591500499886367,0.02858397827525887,0.02448842795533572
46,1,2.3000000000000003,16,0.40530297332308246,-3.922202102403669,8106059.466461649,20000000.0,5.000000000000001,5.000000000000001,1621211.8932923295,62.09839781087595,1621211.8932923295,62.09839781087595,51.97766905980535,51.977055193758474,,,,,,0.8372263590525066,-0.7715710688513898,16744527.181050133,20000000.0,5.000000000000001,5.000000000000001,3348905.436210026,65.24902884442822,3348905.436210026,65.24902884442822,24.146036040212476,24.14789429784695,0.9994047434708611,1.7306080850070416,0.18404725594583776,0.18418489762342866,0.13756697413399646,0.993323284605305,-0.029093840620720166,19866465.692106098,20000000.0,5.000000000000001,5.000000000000001,3973293.138421219,65.9915060726589,3973293.138421219,65.9915060726589,4.6901091258164795,4.71080445041642,0.15128677178137512,0.2562548643902702,0.04529454317049584,0.028393404354830055,0.023669343464267672
47,1,2.35,17,0.4058484898608506,-3.9163606567893723,8116969.797217011,20000000.0,5.000000000000001,5.000000000000001,1623393.959443402,62.10423925649025,1623393.959443402,62.10423925649025,51.94082108190344,51.93480003488005,,,,,,0.835001316421251,-0.7831283982893146,16700026.32842502,20000000.0,5.000000000000001,5.000000000000001,3340005.2656850033,65.23747151499032,3340005.2656850033,65.23747151499032,24.334609040876266,24.337096895121718,1.0067207621276855,1.731421718733452,0.18211357791529825,0.18255244720596503,0.13343290276900652,0.9934272067602044,-0.0286395025580634,19868544.135204088,20000000.0,5.000000000000001,5.000000000000001,3973708.8270408167,65.99196041072156,3973708.8270408167,65.99196041072156,4.65329515083712,4.674093280549714,0.1494135594264424,0.25353885159985545,0.04460333244652405,0.02820361306023373,0.0228178876187027
48,1,2.4000000000000004,18,0.40639373447004495,-3.910529963591312,8127874.689400899,20000000.0,5.000000000000001,5.000000000000001,1625574.9378801796,62.11006994968831,1625574.9378801796,62.11006994968831,51.90165455363926,51.90110057422801,,,,,,0.8343878734073393,-0.7863201636310166,16687757.468146786,20000000.0,5.000000000000001,5.000000000000001,3337551.493629357,65.2342797496486,3337551.493629357,65.2342797496486,24.38000591708124,24.379343405545775,1.0092396873635243,1.7364297195856047,0.1800746915666211,0.18073717983011645,0.12927828299848867,0.993485556650243,-0.02838442306250247,19869711.13300486,20000000.0,5.000000000000001,5.000000000000001,3973942.226600971,65.99221549021712,3973942.226600971,65.99221549021712,4.632524012913712,4.652382391795905,0.14807050962180807,0.2510888945545381,0.043804267243572094,0.027968559740343173,0.021958211580404615
49,1,2.45,19,0.405738867574663,-3.917533872558155,8114777.35149326,20000000.0,5.000000000000001,5.000000000000001,1622955.4702986516,62.10306604072147,1622955.4702986516,62.10306604072147,51.9410555809997,51.93579628380652,,,,,,0.8365102024907438,-0.7752875779972062,16730204.049814876,20000000.0,5.000000000000001,5.000000000000001,3346040.809962975,65.24531233528242,3346040.809962975,65.24531233528242,24.210949460419595,24.20998693409278,1.0015918972805056,1.73256035624979,0.1784176529772485,0.1791205943278959,0.12555090939901503,0.9935774577119942,-0.027982703300828003,19871549.154239886,20000000.0,5.000000000000001,5.000000000000001,3974309.8308479763,65.99261720997879,3974309.8308479763,65.99261720997879,4.599682745111608,4.619308828240315,0.14642869783423904,0.24853192778322866,0.04296576516478644,0.02776589806601288,0.02113672911968412
50,1,2.5,20,0.40482121528973736,-3.9273673568942344,8096424.305794748,20000000.0,5.000000000000001,5.000000000000001,1619284.8611589493,62.09323255638539,1619284.8611589493,62.09323255638539,51.9984190574241,52.00168005585557,,,,,,0.8345074089256096,-0.7856980321334378,16690148.178512191,20000000.0,5.000000000000001,5.000000000000001,3338029.6357024377,65.23490188114619,3338029.6357024377,65.23490188114619,24.35958607559123,24.3569717886094,1.0075625122962655,1.735616633858242,0.17730767080986884,0.17771915850123493,0.1223006859505306,0.9936527693702308,-0.027653527172515784,19873055.387404617,20000000.0,5.000000000000001,5.000000000000001,3974611.0774809225,65.9929463861071,3974611.0774809225,65.9929463861071,4.57247409272136,4.591641754744349,0.14507404706532895,0.2461327471416705,0.042267267118969554,0.027611783901871828,0.020419001463624166
51,1,2.5500000000000003,21,0.4035413889264962,-3.9411191556257434,8070827.778529924,20000000.0,5.000000000000001,5.000000000000001,1614165.5557059846,62.079480757653876,1614165.5557059846,62.079480757653876,52.08060569022655,52.08075450405166,,,,,,0.8359324146191657,-0.7782883397782441,16718648.292383313,20000000.0,5.000000000000001,5.000000000000001,3343729.658476662,65.24231157350138,3343729.658476662,65.24231157350138,24.262751604051054,24.26099437076288,1.0038284460786167,1.7314215318272705,0.17531358616744697,0.17609581379678568,0.11870912828242086,0.9937039147185363,-0.02742999263815866,19874078.294370726,20000000.0,5.000000000000001,5.000000000000001,3974815.6588741443,65.99316992064146,3974815.6588741443,65.99316992064146,4.554072159096367,4.572540183403826,0.14379097624886003,0.24395090985084872,0.04160026346116942,0.027473968921862612,0.019735814578593133
52,1,2.6,22,0.40277717578726646,-3.9493514762808433,8055543.51574533,20000000.0,5.000000000000001,5.000000000000001,1611108.7031490656,62.071248436998786,1611108.7031490656,62.071248436998786,52.125196606746556,52.122360311318005,,,,,,0.8348903886357223,-0.7837053857079577,16697807.772714445,20000000.0,5.000000000000001,5.000000000000001,3339561.5545428884,65.23689452757166,3339561.5545428884,65.23689452757166,24.326878090445923,24.332010509109463,1.0072349294849265,1.734097596571792,0.173136114793018,0.17451477982501012,0.1152066030915807,0.9937639381187122,-0.02716767059403397,19875278.762374245,20000000.0,5.000000000000001,5.000000000000001,3975055.752474848,65.99343224268559,3975055.752474848,65.99343224268559,4.532256921654403,4.549651798374486,0.14282053256887722,0.2419704955039875,0.040882100759853865,0.027399916342843618,0.019115625639670196
53,1,2.6500000000000004,23,0.4029250043022891,-3.9477578077852318,8058500.086045782,20000000.0,5.000000000000001,5.000000000000001,1611700.0172091562,62.07284210549439,1611700.0172091562,62.07284210549439,52.113990639526875,52.111330455149734,,,,,,0.8361102140241685,-0.7773647114036241,16722204.28048337,20000000.0,5.000000000000001,5.000000000000001,3344440.8560966738,65.24323520187599,3344440.8560966738,65.24323520187599,24.237189432205263,24.236230803523423,1.0026208107855976,1.7321089894177821,0.17177515178217556,0.17284623121426007,0.11203297079405879,0.9938238961588091,-0.02690565001291931,19876477.92317618,20000000.0,5.000000000000001,5.000000000000001,3975295.5846352354,65.9936942632667,3975295.5846352354,65.9936942632667,4.5103888096562335,4.527483668860773,0.14141015815038543,0.23954781747896398,0.04022861741933245,0.02733016034522968,0.018538844946819684
54,1,2.7,24,0.40329465291524685,-3.9437753605039525,8065893.058304938,20000000.0,5.000000000000001,5.000000000000001,1613178.6116609871,62.07682455277567,1613178.6116609871,62.07682455277567,52.09332918910394,52.088905387815714,,,,,,0.8359374851108232,-0.7782619969803053,16718749.702216465,20000000.0,5.000000000000001,5.000000000000001,3343749.9404432923,65.24233791629932,3343749.9404432923,65.24233791629932,24.25159217133201,24.255043497484444,1.0033657563140923,1.7339790796938257,0.17019123389335963,0.17143263838041142,0.10905165535771202,0.993889259523606,-0.02662002581629916,19877785.19047212,20000000.0,5.000000000000001,5.000000000000001,3975557.038094423,65.99397988746333,3975557.038094423,65.99397988746333,4.4862852093300605,4.503681244094846,0.14000527009045055,0.2374328482193818,0.03957644167395348,0.02728944912081304,0.01797770971486741
55,1,2.75,25,0.4040936833295736,-3.93517938264482,8081873.666591473,20000000.0,5.000000000000001,5.000000000000001,1616374.7333182944,62.085420530634806,1616374.7333182944,62.085420530634806,52.04628760302093,52.04111276574018,,,,,,0.838070205778561,-0.7671959866673235,16761404.11557122,20000000.0,5.000000000000001,5.000000000000001,3352280.8231142433,65.2534039266123,3352280.8231142433,65.2534039266123,24.08314762828118,24.088523552999224,0.9962315439693976,1.7268044654157415,0.16838127897167937,0.16991733498679817,0.10603364233994854,0.9939443395762173,-0.026379352120784582,19878886.791524347,20000000.0,5.000000000000001,5.000000000000001,3975777.3583048685,65.99422056115884,3975777.3583048685,65.99422056115884,4.466023302154071,4.483322632924912,0.13916612827994373,0.23573356418425764,0.0388074330222575,0.027310115658613226,0.017458275582234093
56,1,2.8000000000000003,26,0.4050574464090903,-3.9248337952793815,8101148.928181807,20000000.0,5.000000000000001,5.000000000000001,1620229.785636361,62.09576611800024,1620229.785636361,62.09576611800024,51.991712208392826,51.98805593330803,,,,,,0.8341630563644653,-0.7874904821392109,16683261.127289306,20000000.0,5.000000000000001,5.000000000000001,3336652.2254578606,65.23310943114042,3336652.2254578606,65.23310943114042,24.392877261223088,24.38990839844368,1.0084693825562927,1.730625911436304,0.16702891926739666,0.16848858745404,0.10330589212545924,0.9940053369137969,-0.026112838260366457,19880106.738275938,20000000.0,5.000000000000001,5.000000000000001,3976021.347655187,65.99448707501925,3976021.347655187,65.99448707501925,4.443443319260372,4.460057730974759,0.1376097143911422,0.23321811671672737,0.038183217164402324,0.027340377319595537,0.017020101881550825
57,1,2.85,27,0.40584273100534096,-3.916422282173648,8116854.620106819,20000000.0,5.000000000000001,5.000000000000001,1623370.9240213635,62.104177631105976,1623370.9240213635,62.104177631105976,51.95199521359116,51.95076333327722,,,,,,0.8357290932399294,-0.779344789939662,16714581.864798587,20000000.0,5.000000000000001,5.000000000000001,3342916.3729597167,65.24125512333997,3342916.3729597167,65.24125512333997,24.271826033150283,24.273069740085983,1.0035641133464752,1.7326400839125102,0.16543736099367531,0.1673100575520442,0.10074472919233127,0.9940476848170793,-0.025927818439290613,19880953.696341585,20000000.0,5.000000000000001,5.000000000000001,3976190.7392683164,65.99467209484034,3976190.7392683164,65.99467209484034,4.427689301118006,4.444227131338976,0.1365161340926735,0.23147839641868795,0.03755484259388356,0.027436427498563225,0.01663512188486415
58,1,2.9000000000000004,28,0.4071882048528274,-3.9020481083220893,8143764.097056548,20000000.0,5.000000000000001,5.000000000000001,1628752.8194113094,62.118551804957534,1628752.8194113094,62.118551804957534,51.86455845399017,51.86524117401764,,,,,,0.835213972997703,-0.7820224860302462,16704279.459954059,20000000.0,5.000000000000001,5.000000000000001,3340855.891990811,65.23857742724938,3340855.891990811,65.23857742724938,24.32170003271836,24.325776006392203,1.0062481310382232,1.730011440753603,0.1637555325646892,0.16609886185021186,0.09821935258067735,0.9941001432177416,-0.025698636347082277,19882002.864354834,20000000.0,5.000000000000001,5.000000000000001,3976400.572870966,65.99490127693255,3976400.572870966,65.99490127693255,4.408059362982422,4.425283141944012,0.13546577061690498,0.2294518723168347,0.03686678889653196,0.027540577464475198,0.01627151729779098
59,1,2.95,29,0.4078186611106993,-3.8953290550251425,8156373.222213986,20000000.0,5.000000000000001,5.000000000000001,1631274.644442797,62.12527085825448,1631274.644442797,62.12527085825448,51.822138654511875,51.82976804247983,,,,,,0.835551947657568,-0.7802654411924266,16711038.95315136,20000000.0,5.000000000000001,5.000000000000001,3342207.7906302717,65.2403344720872,3342207.7906302717,65.2403344720872,24.28826953822729,24.289710241277163,1.0049172304215719,1.7365164885800728,0.16260312687953055,0.16489770952542987,0.0959297815921415,0.9941603890786063,-0.02543544704654526,19883207.781572126,20000000.0,5.000000000000001,5.000000000000001,3976641.5563144246,65.99516446623308,3976641.5563144246,65.99516446623308,4.385499915000898,4.40201318239045,0.134358228760047,0.22765563764137622,0.0362703711226438,0.02765166303335016,0.015933744654320063
60,2,3.0,0,0.4075064717927852,-3.898654896440639,8150129.435855704,20000000.0,5.000000000000001,5.000000000000001,1630025.8871711406,62.12194501683898,1630025.8871711406,62.12194501683898,51.83856767587897,51.84199893071135,,,,,,0.8362044924778101,-0.7768750354824219,16724089.849556202,20000000.0,5.000000000000001,5.000000000000001,3344817.96991124,65.2437248777972,3344817.96991124,65.2437248777972,24.235646760100906,24.23923441495983,1.0032050016363636,1.732436290664594,0.16151369771609048,0.16364250608064781,0.09369270087631568,0.9942039956749694,-0.02524495777482675,19884079.91349939,20000000.0,5.000000000000001,5.000000000000001,3976815.982699877,65.9953549555048,3976815.982699877,65.9953549555048,4.368963464293764,4.385255169464985,0.13338877544767075,0.2257601803443113,0.03573100995836083,0.02773064089061657,0.015583099635189649
61,2,3.0500000000000003,1,0.4060522577132368,-3.91418070422736,8121045.154264736,20000000.0,5.000000000000001,5.000000000000001,1624209.030852947,62.10641920905226,1624209.030852947,62.10641920905226,51.9341453222484,51.94077340122292,,,,,,0.834829173303394,-0.784023828177651,16696583.46606788,20000000.0,5.000000000000001,5.000000000000001,3339316.6932135755,65.23657608510197,3339316.6932135755,65.23657608510197,24.34119484773167,24.34206111767741,1.0067983725320322,1.7389261686028419,0.1605040881971385,0.16225922313405966,0.0914667483077821,0.9942624299259811,-0.024989709082174877,19885248.598519623,20000000.0,5.000000000000001,5.000000000000001,3977049.719703924,65.99561020419745,3977049.719703924,65.99561020419745,4.346815445298342,4.363361345984133,0.13228370081024746,0.22415741729041727,0.03522294933857039,0.02780685258038736,0.015258384330068927
62,2,3.1,2,0.4048436817144236,-3.927126342511422,8096873.634288472,20000000.0,5.000000000000001,5.000000000000001,1619374.726857694,62.0934735707682,1619374.726857694,62.0934735707682,52.00441224150303,52.006937497295006,,,,,,0.8349684250228738,-0.7832994738778671,16699368.500457477,20000000.0,5.000000000000001,5.000000000000001,3339873.7000914947,65.23730043940175,3339873.7000914947,65.23730043940175,24.339898587600736,24.343637241892818,1.0064221087607526,1.7301655287196767,0.15958903681135256,0.1611529864994348,0.08948669563285275,0.9943097983551662,-0.024782808401145325,19886195.967103325,20000000.0,5.000000000000001,5.000000000000001,3977239.1934206644,65.99581710487848,3977239.1934206644,65.99581710487848,4.328839426448748,4.344827296058815,0.13095733264068019,0.2222781970221645,0.03476089784429488,0.02790940238839464,0.014951055689070042
63,2,3.1500000000000004,3,0.4041910340732869,-3.9341332440726564,8083820.6814657375,20000000.0,5.000000000000001,5.000000000000001,1616764.1362931472,62.08646666920696,1616764.1362931472,62.08646666920696,52.03560064688791,52.03091971624262,,,,,,0.8371267337024001,-0.7720878862425034,16742534.674048003,20000000.0,5.000000000000001,5.000000000000001,3348506.9348096,65.24851202703712,3348506.9348096,65.24851202703712,24.16133970359124,24.167266240085805,0.9992914927122459,1.7272953040405514,0.15817998975271644,0.159849711380828,0.08731901511318438,0.9943539805022441,-0.024589833973977397,19887079.61004488,20000000.0,5.000000000000001,5.000000000000001,3977415.9220089754,65.99601007930565,3977415.9220089754,65.99601007930565,4.311904740150067,4.327501798058905,0.12991804730330925,0.22050078855399025,0.03442618306826372,0.02799504567986737,0.014663006853357132
64,2,3.2,4,0.4037221836156077,-3.9391738644018615,8074443.6723121535,20000000.0,5.000000000000001,5.000000000000001,1614888.7344624305,62.08142604887776,1614888.7344624305,62.08142604887776,52.062903610721776,52.05667790085901,,,,,,0.8344975989447873,-0.7857490855517162,16689951.978895744,20000000.0,5.000000000000001,5.000000000000001,3337990.395779148,65.23485082772791,3337990.395779148,65.23485082772791,24.366561241671853,24.369054739049453,1.0079698944671407,1.731584687263339,0.15713256083533417,0.15866577744155674,0.08537150729107826,0.9943886252112443,-0.024438522226502273,19887772.504224885,20000000.0,5.000000000000001,5.000000000000001,3977554.5008449764,65.99616139105312,3977554.5008449764,65.99616139105312,4.298641165017629,4.314207579371671,0.12921819379988492,0.2190838613181148,0.034135923243250724,0.028047918428121942,0.014378657649617262
65,2,3.25,5,0.4037218520395657,-3.939177431253284,8074437.040791313,20000000.0,5.000000000000001,5.000000000000001,1614887.4081582623,62.08142248202634,1614887.4081582623,62.08142248202634,52.06424775554791,52.06440122523397,,,,,,0.834926856900427,-0.7835156887076339,16698537.13800854,20000000.0,5.000000000000001,5.000000000000001,3339707.4276017076,65.23708422457199,3339707.4276017076,65.23708422457199,24.329284206701292,24.330238376731913,1.0057536844172412,1.7311042841355984,0.15623089418468616,0.15752668938195002,0.08353841755925172,0.9944123071130627,-0.02433509388318191,19888246.142261256,20000000.0,5.000000000000001,5.000000000000001,3977649.2284522504,65.99626481939644,3977649.2284522504,65.99626481939644,4.289536529913738,4.305223015879063,0.1284803641684436,0.21752785564535845,0.033915955042922045,0.028134335013060126,0.014145971370411755
66,2,3.3000000000000003,6,0.4044321334921469,-3.9315434555406488,8088642.669842938,20000000.0,5.000000000000001,5.000000000000001,1617728.5339685874,62.08905645773897,1617728.5339685874,62.08905645773897,52.01783903764745,52.01193135186246,,,,,,0.8375144411167311,-0.7700769576187817,16750288.822334623,20000000.0,5.000000000000001,5.000000000000001,3350057.764466924,65.25052295566084,3350057.764466924,65.25052295566084,24.12928557726591,24.127813825726864,0.998133928093982,1.7248472266893047,0.1552488783521409,0.15630727928210653,0.08168988922068407,0.9944823089429531,-0.02402938227622553,19889646.178859062,20000000.0,5.000000000000001,5.000000000000001,3977929.2357718116,65.9965705310034,3977929.2357718116,65.9965705310034,4.2624961048512855,4.277718811658845,0.12712638505621787,0.21553784471307674,0.03375647955555846,0.028244364037291563,0.013953350914765192
67,2,3.35,7,0.4051653037458197,-3.9236775244528195,8103306.074916394,20000000.0,5.000000000000001,5.000000000000001,1620661.2149832787,62.096922388826805,1620661.2149832787,62.096922388826805,51.98049805100728,51.97883384267501,,,,,,0.8360874147005402,-0.7774831378416652,16721748.294010803,20000000.0,5.000000000000001,5.000000000000001,3344349.65880216,65.24311677543795,3344349.65880216,65.24311677543795,24.235743025407267,24.238466154196082,1.0032502601429856,1.732924823920058,0.15376404287973638,0.15505226651676532,0.07974179582248958,0.9945174524200737,-0.023875911989436616,19890349.048401475,20000000.0,5.000000000000001,5.000000000000001,3978069.8096802942,65.99672400129019,3978069.8096802942,65.99672400129019,4.248807827679519,4.26436723631205,0.12650238392301594,0.21415755697811178,0.03361525491907861,0.028366534063358234,0.013777804143089125
68,2,3.4000000000000004,8,0.4058516975811334,-3.916326331425405,8117033.951622668,20000000.0,5.000000000000001,5.000000000000001,1623406.7903245334,62.104273581854216,1623406.7903245334,62.104273581854216,51.945533146349774,51.94151368393857,,,,,,0.8362083340821448,-0.776855083619608,16724166.681642896,20000000.0,5.000000000000001,5.000000000000001,3344833.3363285786,65.24374482966002,3344833.3363285786,65.24374482966002,24.23444852491692,24.237268589330814,1.0011276066177692,1.7319208483453963,0.15273531917845767,0.15399444236696697,0.07806001616253032,0.9945490395962702,-0.023737976567194705,19890980.791925404,20000000.0,5.000000000000001,5.000000000000001,3978196.1583850803,65.99686193671243,3978196.1583850803,65.99686193671243,4.236478629114949,4.252237281103271,0.12553049714986841,0.21269438760112905,0.03357261871725868,0.028541784154278455,0.0136471727753286
69,2,3.45,9,0.40686157366171777,-3.9055332546920782,8137231.473234355,20000000.0,5.000000000000001,5.000000000000001,1627446.2946468708,62.11506665858755,1627446.2946468708,62.11506665858755,51.893214113252256,51.88773471927923,,,,,,0.835463942153006,-0.7807228911218591,16709278.843060121,20000000.0,5.000000000000001,5.000000000000001,3341855.7686120234,65.23987702215776,3341855.7686120234,65.23987702215776,24.292487653483484,24.29292203140968,1.0049129188434656,1.7304738731207912,0.1517633657018776,0.152884203740635,0.07640781474762173,0.9945734856674093,-0.023631228052051534,19891469.713348188,20000000.0,5.000000000000001,5.000000000000001,3978293.9426696366,65.99696868522757,3978293.9426696366,65.99696868522757,4.226993182401668,4.242843108831737,0.1248449919350717,0.21141140144837106,0.033504897271849424,0.02866742972123577,0.013482633841687635
70,2,3.5,10,0.4084158563649225,-3.8889740517937454,8168317.12729845,20000000.0,5.000000000000001,5.000000000000001,1633663.4254596897,62.13162586148588,1633663.4254596897,62.13162586148588,51.791670688890726,51.79153198612498,,,,,,0.8349349873657586,-0.783473397589468,16698699.747315172,20000000.0,5.000000000000001,5.000000000000001,3339739.949463034,65.23712651569015,3339739.949463034,65.23712651569015,24.33366488521625,24.338170092008234,1.0071973149290812,1.7321869660352092,0.15071452387116632,0.1517118000616878,0.07474722691789745,0.9946261177816691,-0.02340140861352341,19892522.35563338,20000000.0,5.000000000000001,5.000000000000001,3978504.4711266756,65.9971985046661,3978504.4711266756,65.9971985046661,4.206390488070483,4.222789061839878,0.12383104496037278,0.209581152419868,0.03339445620018043,0.028767954781372496,0.013298570613628024
71,2,3.5500000000000003,11,0.40912278024279486,-3.8814633800760707,8182455.604855897,20000000.0,5.000000000000001,5.000000000000001,1636491.120971179,62.13913653320355,1636491.120971179,62.13913653320355,51.74895305322483,51.7458852512725,,,,,,0.8356241558074122,-0.779890141414261,16712483.116148245,20000000.0,5.000000000000001,5.000000000000001,3342496.6232296485,65.24070977186537,3342496.6232296485,65.24070977186537,24.284816205863248,24.288050525822705,1.0043162538228274,1.7362879191376284,0.1494333913295791,0.1505914470378393,0.07309787305467114,0.9946544800421268,-0.023277569138837193,19893089.600842535,20000000.0,5.000000000000001,5.000000000000001,3978617.9201685064,65.99732234414078,3978617.9201685064,65.99732234414078,4.1952409036084,4.210738772331858,0.1231270408518264,0.20832873656157025,0.03329091039721992,0.02885715461290796,0.01312715976113885
72,2,3.6,12,0.4088528314682327,-3.884329902396948,8177056.629364654,20000000.0,5.000000000000001,5.000000000000001,1635411.3258729307,62.13627001088268,1635411.3258729307,62.13627001088268,51.771593313035716,51.77024058301968,,,,,,0.8363332575017529,-0.7762063278317677,16726665.15003506,20000000.0,5.000000000000001,5.000000000000001,3345333.0300070113,65.24439358544785,3345333.0300070113,65.24439358544785,24.222178918781868,24.221482400759633,1.0017926226814358,1.73431069517274,0.1485590040719294,0.14947073013477122,0.07158522969938597,0.9946756882703773,-0.02318496895966901,19893513.765407547,20000000.0,5.000000000000001,5.000000000000001,3978702.753081509,65.99741494431996,3978702.753081509,65.99741494431996,4.186921742526623,4.202254761058909,0.12230150414812802,0.20679481227375293,0.033258276197025996,0.028911586760235912,0.012960326766755837
73,2,3.6500000000000004,13,0.40903071647172323,-3.8824407709468285,8180614.329434465,20000000.0,5.000000000000001,5.000000000000001,1636122.8658868927,62.138159142332796,1636122.8658868927,62.138159142332796,51.75571526624194,51.761058810462146,,,,,,0.8372184600533357,-0.7716120435280516,16744369.201066714,20000000.0,5.000000000000001,5.000000000000001,3348873.840213342,65.24898786975157,3348873.840213342,65.24898786975157,24.152163744857468,24.154507828399357,0.9992814359284636,1.727961552718017,0.1479362423835749,0.14847725609924567,0.07022807537712199,0.9947180753202344,-0.022999902913954352,19894361.506404687,20000000.0,5.000000000000001,5.000000000000001,3978872.3012809367,65.99760001036567,3978872.3012809367,65.99760001036567,4.170131506043897,4.185030981473711,0.12139191793910242,0.20553673617607898,0.03322948533446613,0.028939549211700853,0.012779715357848987
74,2,3.7,14,0.4094402418084142,-3.878094749699101,8188804.8361682845,20000000.0,5.000000000000001,5.000000000000001,1637760.9672336567,62.14250516358052,1637760.9672336567,62.14250516358052,51.71878479284377,51.71900412407496,,,,,,0.8354871360103431,-0.7806023254824718,16709742.720206862,20000000.0,5.000000000000001,5.000000000000001,3341948.544041372,65.23999758779715,3341948.544041372,65.23999758779715,24.297987265250477,24.301016631505796,1.0045258328144782,1.7333991775009214,0.14681561614839292,0.1475591501021139,0.06882359753918024,0.9947498863502584,-0.022861017995268122,19894997.72700517,20000000.0,5.000000000000001,5.000000000000001,3978999.545401033,65.99773889528436,3978999.545401033,65.99773889528436,4.157550691669363,4.172361171902058,0.1207388735769482,0.20436952070111478,0.033187542304150636,0.028992632146389342,0.012616151669586828
75,2,3.75,15,0.408317033979359,-3.8900250200467834,8166340.67958718,20000000.0,5.000000000000001,5.000000000000001,1633268.1359174356,62.13057489323284,1633268.1359174356,62.13057489323284,51.79134906795336,51.78863794988915,,,,,,0.8338134359857279,-0.7893111097579651,16676268.719714558,20000000.0,5.000000000000001,5.000000000000001,3335253.743942911,65.23128880352166,3335253.743942911,65.23128880352166,24.425129599981833,24.423657355604494,1.010240317986268,1.7348989294112112,0.1459820071240527,0.14664982953871344,0.06752200401191052,0.994781109047756,-0.022724706017562806,19895622.18095512,20000000.0,5.000000000000001,5.000000000000001,3979124.4361910233,65.99787520726207,3979124.4361910233,65.99787520726207,4.145157199190919,4.159598445461665,0.12002176138100937,0.20303662020653315,0.03318740388691194,0.029067443710731937,0.012474161124121008
76,2,3.8000000000000003,16,0.4071174060388194,-3.9028032924670883,8142348.120776388,20000000.0,5.000000000000001,5.000000000000001,1628469.6241552774,62.11779662081254,1628469.6241552774,62.11779662081254,51.8742712178086,51.872591710869735,,,,,,0.8374274583567317,-0.7705280315662935,16748549.167134633,20000000.0,5.000000000000001,5.000000000000001,3349709.8334269263,65.25007188171332,3349709.8334269263,65.25007188171332,24.14503500003876,24.143760412340836,0.9991828355618191,1.7320443333823363,0.14530592683180693,0.14557011828875302,0.06620588669617024,0.9948072724720385,-0.022610485097298204,19896145.44944077,20000000.0,5.000000000000001,5.000000000000001,3979229.089888153,65.99798942818232,3979229.089888153,65.99798942818232,4.134665776719567,4.1491460324014415,0.11949748449895285,0.20207525749288918,0.03315719078746939,0.029107520873704405,0.01231171776396955
77,2,3.85,17,0.4067579313749927,-3.9066396999820787,8135158.627499854,20000000.0,5.000000000000001,5.000000000000001,1627031.7254999706,62.113960213297545,1627031.7254999706,62.113960213297545,51.89213985236906,51.89348399610458,,,,,,0.8363968554815014,-0.7758760862528792,16727937.10963003,20000000.0,5.000000000000001,5.000000000000001,3345587.4219260053,65.24472382702675,3345587.4219260053,65.24472382702675,24.215770701642008,24.216549652225243,1.0005685799997763,1.7277455728230868,0.14486883612152318,0.14462928807158731,0.06503636498137758,0.9948428951882938,-0.022454972843403368,19896857.903765876,20000000.0,5.000000000000001,5.000000000000001,3979371.5807531746,65.99814494043622,3979371.5807531746,65.99814494043622,4.120397870822338,4.134443447673312,0.11847355949951592,0.20065582793512687,0.03313903796891239,0.029153564740439397,0.012170115724999117
78,2,3.9000000000000004,18,0.40577597664468995,-3.9171366829203484,8115519.532893799,20000000.0,5.000000000000001,5.000000000000001,1623103.9065787597,62.103463230359274,1623103.9065787597,62.103463230359274,51.95108571183564,51.94831223222947,,,,,,0.8367103631984611,-0.7742485196321263,16734207.263969222,20000000.0,5.000000000000001,5.000000000000001,3346841.452793844,65.2463513936475,3346841.452793844,65.2463513936475,24.19248565406378,24.19144905163314,1.0008570875748666,1.7287150975180015,0.1438190555554631,0.1436837976423484,0.06375475574250812,0.9948808911039543,-0.022289106439012135,19897617.822079085,20000000.0,5.000000000000001,5.000000000000001,3979523.564415816,65.9983108068406,3979523.564415816,65.9983108068406,4.105166959152247,4.118746102496831,0.11755901613205529,0.19932819403751256,0.033023491034171196,0.02918751734423271,0.012006302150657192
79,2,3.95,19,0.4054296380347799,-3.9208450634732257,8108592.760695597,20000000.0,5.000000000000001,5.000000000000001,1621718.5521391192,62.099754849806395,1621718.5521391192,62.099754849806395,51.968124874267446,51.969685925092016,,,,,,0.8374641596457051,-0.7703377008355035,16749283.192914102,20000000.0,5.000000000000001,5.000000000000001,3349856.63858282,65.25026221244411,3349856.63858282,65.25026221244411,24.13489994527586,24.139449425481864,0.9989044995098043,1.7305485004436847,0.14273192660314693,0.14263977168582537,0.062449982765068135,0.994911053655828,-0.02215744011204387,19898221.07311656,20000000.0,5.000000000000001,5.000000000000001,3979644.214623311,65.99844247316759,3979644.214623311,65.99844247316759,4.093166506014701,4.10678530675172,0.11690400027482033,0.1982660286191474,0.03292413863315187,0.02920674003588669,0.011847189470529023
80,2,4.0,20,0.4047997824683549,-3.9275972954972587,8095995.649367099,20000000.0,5.000000000000001,5.000000000000001,1619199.1298734194,62.09300261778236,1619199.1298734194,62.09300261778236,52.004609440103174,52.00110536200943,,,,,,0.8387557081357427,-0.7636451123020089,16775114.162714854,20000000.0,5.000000000000001,5.000000000000001,3355022.8325429703,65.25695480097761,3355022.8325429703,65.25695480097761,24.035161729646546,24.035775188816068,0.9959835352828259,1.7229773223011464,0.1420096779858649,0.1418773210614736,0.061374692407740114,0.9949415903903994,-0.022024144459620185,19898831.80780799,20000000.0,5.000000000000001,5.000000000000001,3979766.3615615973,65.99857576882,3979766.3615615973,65.99857576882,4.0807084686964945,4.093961263872794,0.11642503303609228,0.19701069445073655,0.03287567912945425,0.029261665684555092,0.011711746537767466
81,2,4.05,21,0.40496747987653897,-3.9257985055626277,8099349.597530779,20000000.0,5.000000000000001,5.000000000000001,1619869.9195061557,62.09480140771699,1619869.9195061557,62.09480140771699,51.98686587563751,51.98687843981277,,,,,,0.8355553658551278,-0.7802476744777904,16711107.317102555,20000000.0,5.000000000000001,5.000000000000001,3342221.4634205103,65.24035223880183,3342221.4634205103,65.24035223880183,24.29150174172505,24.29514117287475,1.0057176016737688,1.733069967144128,0.14104825707326532,0.14108629539724377,0.060259700221684774,0.9949778802374128,-0.02186574126249162,19899557.604748257,20000000.0,5.000000000000001,5.000000000000001,3979911.5209496506,65.99873417201712,3979911.5209496506,65.99873417201712,4.066064223522721,4.07923097302329,0.1154329819883281,0.19561024111115297,0.03280416281426258,0.02932890365202694,0.011572506598287294
82,2,4.1000000000000005,22,0.4040807434837525,-3.9353184541979602,8081614.8696750505,20000000.0,5.000000000000001,5.000000000000001,1616322.97393501,62.08528145908167,1616322.97393501,62.08528145908167,52.04462326975515,52.044661226457734,,,,,,0.8357615055255214,-0.7791763597158767,16715230.110510428,20000000.0,5.000000000000001,5.000000000000001,3343046.022102085,65.24142355356375,3343046.022102085,65.24142355356375,24.269883056838367,24.272261132257793,1.0048080766497178,1.7388538078125104,0.14009102248618385,0.14025624006408005,0.059153039441434074,0.9949966047106035,-0.021784012220787994,19899932.09421207,20000000.0,5.000000000000001,5.000000000000001,3979986.4188424135,65.99881590105883,3979986.4188424135,65.99881590105883,4.058439956488002,4.071210715346288,0.11501246268824487,0.19457536637626152,0.03271582725396334,0.02940751386630665,0.011430923736055872
83,2,4.15,23,0.4034583411106007,-3.9420130148666432,8069166.822212013,20000000.0,5.000000000000001,5.000000000000001,1613833.3644424025,62.07858689841298,1613833.3644424025,62.07858689841298,52.08941869595012,52.088139775944775,,,,,,0.8372949100790793,-0.7712154886251514,16745898.201581586,20000000.0,5.000000000000001,5.000000000000001,3349179.640316317,65.24938442465447,3349179.640316317,65.24938442465447,24.141945530097974,24.145025932398198,0.999808060869763,1.736078098053668,0.1390820134901541,0.1394618374392079,0.058074871030599697,0.9950433121989927,-0.021580148928375103,19900866.243979853,20000000.0,5.000000000000001,5.000000000000001,3980173.24879597,65.99901976435125,3980173.24879597,65.99901976435125,4.039331856865198,4.051988283606578,0.1142609167527372,0.1935258692877664,0.03262624690724384,0.029501880191927055,0.011302382738951821
84,2,4.2,24,0.4033674483809898,-3.9429915212950757,8067348.967619796,20000000.0,5.000000000000001,5.000000000000001,1613469.793523959,62.077608391984555,1613469.793523959,62.077608391984555,52.09603237848971,52.09217567628973,,,,,,0.834455350378755,-0.7859689637586782,16689107.007575098,20000000.0,5.000000000000001,5.000000000000001,3337821.401515019,65.23463094952095,3337821.401515019,65.23463094952095,24.374633007769226,24.375019987292568,1.0080228325301168,1.7354781846657403,0.13825169976298238,0.1386063518985444,0.057031880130560694,0.9950539754970785,-0.021533608374340357,19901079.50994157,20000000.0,5.000000000000001,5.000000000000001,3980215.9019883135,65.99906630490528,3980215.9019883135,65.99906630490528,4.034980383761502,4.047322711531814,0.11377195302659557,0.19267625565145247,0.03251314742333976,0.02956908214705295,0.011164400225242664
85,2,4.25,25,0.4039775568949062,-3.936427615909806,8079551.137898125,20000000.0,5.000000000000001,5.000000000000001,1615910.2275796246,62.08417229736982,1615910.2275796246,62.08417229736982,52.059322652464246,52.06033106609722,,,,,,0.8359344705095428,-0.7782776587622595,16718689.410190856,20000000.0,5.000000000000001,5.000000000000001,3343737.8820381705,65.24232225451736,3343737.8820381705,65.24232225451736,24.26035219325463,24.263717655790238,1.0035376485418095,1.7347404392366017,0.13761888099437913,0.1378471801940754,0.05608907671920236,0.9950875329852504,-0.02138714811632495,19901750.65970501,20000000.0,5.000000000000001,5.000000000000001,3980350.131941001,65.99921276516329,3980350.131941001,65.99921276516329,4.021231819183972,4.033079486661518,0.11282441176761762,0.1912866969372345,0.03235304083420333,0.029637003132982585,0.01101323683821824
86,2,4.3,26,0.40468868711327066,-3.9287893594189605,8093773.7422654135,20000000.0,5.000000000000001,5.000000000000001,1618754.7484530825,62.09181055386067,1618754.7484530825,62.09181055386067,52.019327428481596,52.02136009394443,,,,,,0.8368203645781529,-0.7736775950416451,16736407.291563058,20000000.0,5.000000000000001,5.000000000000001,3347281.458312611,65.24692231823798,3347281.458312611,65.24692231823798,24.176514281288963,24.17787665649927,0.9998002987519279,1.7315546136443765,0.13656427252261286,0.13694853859413017,0.05502394118239804,0.9951052117836433,-0.021309991724220843,19902104.235672865,20000000.0,5.000000000000001,5.000000000000001,3980420.8471345725,65.9992899215554,3980420.8471345725,65.9992899215554,4.013949336342353,4.02548903643969,0.11234671298703747,0.19055136549004797,0.03217835247080099,0.029712165978587213,0.010865890931770364
87,2,4.3500000000000005,27,0.4053066442680929,-3.922162767287806,8106132.885361858,20000000.0,5.000000000000001,5.000000000000001,1621226.5770723713,62.09843714599182,1621226.5770723713,62.09843714599182,51.98234985347385,51.9772724096935,,,,,,0.8352984716478137,-0.7815831322544597,16705969.432956275,20000000.0,5.000000000000001,5.000000000000001,3341193.8865912543,65.23901678102517,3341193.8865912543,65.23901678102517,24.30311314857502,24.30061104689177,1.005510014597855,1.7327721708149824,0.13560367110128085,0.1360186441969224,0.05398638327135129,0.9951307266953129,-0.021198638239634266,19902614.53390626,20000000.0,5.000000000000001,5.000000000000001,3980522.906781251,65.99940127503999,3980522.906781251,65.99940127503999,4.003532619904027,4.014385872554725,0.11154339377559071,0.18921495123136373,0.031962496254747355,0.029780064297615778,0.010714592023040651
88,2,4.4,28,0.40616101317148867,-3.9130176625147692,8123220.263429774,20000000.0,5.000000000000001,5.000000000000001,1624644.0526859546,62.10758225076486,1624644.0526859546,62.10758225076486,51.93146701636296,51.935862352648556,,,,,,0.8381455985681696,-0.7668053129552692,16762911.971363392,20000000.0,5.000000000000001,5.000000000000001,3352582.3942726776,65.25379460032435,3352582.3942726776,65.25379460032435,24.076550842186702,24.081930573653654,0.9972065830035476,1.7365557060843528,0.13518850720485687,0.13544605268289006,0.053218758352857574,0.995161789086641,-0.02106307801376152,19903235.78173282,20000000.0,5.000000000000001,5.000000000000001,3980647.1563465632,65.99953683526586,3980647.1563465632,65.99953683526586,3.9906067860498724,4.0016373516536285,0.110944905300368,0.18835059702697615,0.03176896883652688,0.02988560259235514,0.010584844289813568
89,2,4.45,29,0.406513410592406,-3.909251227631168,8130268.211848119,20000000.0,5.000000000000001,5.000000000000001,1626053.6423696235,62.11134868564845,1626053.6423696235,62.11134868564845,51.91103733181617,51.91042958661471,,,,,,0.8364700719892435,-0.7754959301891213,16729401.43978487,20000000.0,5.000000000000001,5.000000000000001,3345880.2879569735,65.2451039830905,3345880.2879569735,65.2451039830905,24.221505043802782,24.22428352250386,1.0028269702519816,1.7332503034637188,0.13475538612697485,0.13476249848645278,0.0524191368320324,0.9952048450586785,-0.02087518327365704,19904096.90117357,20000000.0,5.000000000000001,5.000000000000001,3980819.380234713,65.99972473000597,3980819.380234713,65.99972473000597,3.9727077210808646,3.9837145216497576,0.11016744573046458,0.1872189856570459,0.03164880803273032,0.029987367333087177,0.010473434368329527
90,3,4.5,0,0.4070032767934938,-3.904020942450404,8140065.535869876,20000000.0,5.000000000000001,5.000000000000001,1628013.1071739749,62.11657897082922,1628013.1071739749,62.11657897082922,51.877046916608336,51.88172801295762,,,,,,0.8356257312480392,-0.7798819534685066,16712514.624960784,20000000.0,5.000000000000001,5.000000000000001,3342502.924992156,65.24071795981112,3342502.924992156,65.24071795981112,24.286732368786925,24.28811240181405,1.0048935824087146,1.7302846916627588,0.1337787338100384,0.13389054086675603,0.051456665566569096,0.9952050242769406,-0.020874401188484597,19904100.48553881,20000000.0,5.000000000000001,5.000000000000001,3980820.0971077615,65.99972551209115,3980820.0971077615,65.99972551209115,3.972728170746437,3.9837511070438696,0.10996609278931868,0.18641748555526366,0.03153044025647429,0.03007207351378252,0.010362669277461909
91,3,4.55,1,0.4067941109354081,-3.906253428849089,8135882.218708162,20000000.0,5.000000000000001,5.000000000000001,1627176.4437416322,62.114346484430534,1627176.4437416322,62.114346484430534,51.885864824161345,51.887210373132916,,,,,,0.8355456081321746,-0.780298392241714,16710912.162643492,20000000.0,5.000000000000001,5.000000000000001,3342182.432528698,65.2403015210379,3342182.432528698,65.2403015210379,24.288919954803056,24.289801200345188,1.0036852253349362,1.7318178193734244,0.1329132904061467,0.13312298474463885,0.05057406513933786,0.9952274036375388,-0.020776741678114486,19904548.072750777,20000000.0,5.000000000000001,5.000000000000001,3980909.6145501547,65.99982317160152,3980909.6145501547,65.99982317160152,3.963429908944889,3.9738493462932647,0.10933937366273982,0.18525498016641878,0.03141797002502994,0.0301502619870334,0.010250185459381153
92,3,4.6000000000000005,2,0.4064691696732243,-3.909723896727906,8129383.393464485,20000000.0,5.000000000000001,5.000000000000001,1625876.6786928969,62.11087601655172,1625876.6786928969,62.11087601655172,51.90197832919135,51.901416718061206,,,,,,0.8368640942175952,-0.7734506521312305,16737281.884351905,20000000.0,5.000000000000001,5.000000000000001,3347456.3768703807,65.2471492611484,3347456.3768703807,65.2471492611484,24.186829885526308,24.192592251552824,1.0001990850273874,1.7297678972462482,0.13221356516825017,0.13245182044485593,0.04977631225432587,0.9952351300262051,-0.02074302561558044,19904702.6005241,20000000.0,5.000000000000001,5.000000000000001,3980940.5201048194,65.99985688766404,3980940.5201048194,65.99985688766404,3.9602511280674078,3.9708510366881784,0.10891131070951479,0.18434328028645378,0.031323502860709854,0.030245718610816534,0.010149930037886327
93,3,4.65,3,0.40571547104658773,-3.917784311370495,8114309.420931755,20000000.0,5.000000000000001,5.000000000000001,1622861.8841863507,62.10281560190913,1622861.8841863507,62.10281560190913,51.949724472777504,51.953870570413265,,,,,,0.8346479002583028,-0.7849669484487469,16692958.005166057,20000000.0,5.000000000000001,5.000000000000001,3338591.6010332108,65.23563296483088,3338591.6010332108,65.23563296483088,24.360224294389127,24.362927014919453,1.0080116695330723,1.7385761973346086,0.13124072757794644,0.13171999487906744,0.04892054308641629,0.9952624191705529,-0.020623944586702664,19905248.383411057,20000000.0,5.000000000000001,5.000000000000001,3981049.6766822105,65.99997596869292,3981049.6766822105,65.99997596869292,3.948717651752071,3.9594732480884955,0.10843092839240236,0.18354349209495086,0.031219173627560343,0.0303410450493735,0.010056379799217
94,3,4.7,4,0.4044156696114153,-3.9317202545014918,8088313.392228305,20000000.0,5.000000000000001,5.000000000000001,1617662.6784456607,62.08887965877813,1617662.6784456607,62.08887965877813,52.03836166090484,52.04251411710842,,,,,,0.8354500872028333,-0.7807949131206151,16709001.744056666,20000000.0,5.000000000000001,5.000000000000001,3341800.3488113326,65.23980500015901,3341800.3488113326,65.23980500015901,24.291587267255277,24.295462722517097,1.005281966340095,1.7383030301911007,0.13070519249936668,0.1310744173745539,0.048193033070658545,0.9952887726257297,-0.020508949702771104,19905775.452514593,20000000.0,5.000000000000001,5.000000000000001,3981155.0905029178,66.00009096357685,3981155.0905029178,66.00009096357685,3.9379243405065196,3.9483145346467206,0.10758187157314487,0.18229128722396148,0.03117301020490664,0.03044308939114614,0.009978753885082889
95,3,4.75,5,0.4043724256635847,-3.9321846680616352,8087448.513271694,20000000.0,5.000000000000001,5.000000000000001,1617489.7026543384,62.08841524521799,1617489.7026543384,62.08841524521799,52.04349111485895,52.037273697743345,,,,,,0.8366181048772295,-0.774727412815689,16732362.09754459,20000000.0,5.000000000000001,5.000000000000001,3346472.4195089173,65.24587250046393,3346472.4195089173,65.24587250046393,24.200541350084606,24.200250304996068,1.0013664819320363,1.7310508036626793,0.12977810727829817,0.1303431870750991,0.04737560823378549,0.9953098524891162,-0.020416968645084507,19906197.049782325,20000000.0,5.000000000000001,5.000000000000001,3981239.409956464,66.00018294463455,3981239.409956464,66.00018294463455,3.929046663524803,3.9391779026346185,0.10725943148566941,0.18159126169544051,0.031068744163198676,0.03053560127996836,0.009892975764269956
96,3,4.800000000000001,6,0.40536091358239457,-3.9215812992484134,8107218.271647891,20000000.0,5.000000000000001,5.000000000000001,1621443.654329578,62.09901861403121,1621443.654329578,62.09901861403121,51.978760125146366,51.979551440488194,,,,,,0.8364391518090235,-0.7756564704439002,16728783.03618047,20000000.0,5.000000000000001,5.000000000000001,3345756.6072360934,65.24494344283572,3345756.6072360934,65.24494344283572,24.213928519717676,24.21494355255835,1.0018546786496505,1.7307700729394717,0.1292029309726856,0.1296033786332597,0.04663439488134719,0.9953362670012297,-0.02030171283199537,19906725.340024594,20000000.0,5.000000000000001,5.000000000000001,3981345.0680049183,66.00029820044763,3981345.0680049183,66.00029820044763,3.9178678133854667,3.927636795699511,0.1066077411406953,0.180791283970627,0.030971055987906303,0.030607149254171368,0.009802863375145077
97,3,4.8500000000000005,7,0.40737148677273777,-3.9000937192549316,8147429.735454756,20000000.0,5.000000000000001,5.000000000000001,1629485.9470909508,62.12050619402469,1629485.9470909508,62.12050619402469,51.84784557293007,51.84639362747343,,,,,,0.8361056174944982,-0.7773885868799125,16722112.349889964,20000000.0,5.000000000000001,5.000000000000001,3344422.469977992,65.24321132639972,3344422.469977992,65.24321132639972,24.24214049565067,24.241897945926464,1.0023581351872595,1.7239316569181942,0.1285503442053492,0.12887682080696478,0.045897228986038534,0.9953442423463402,-0.02026691419548351,19906884.846926805,20000000.0,5.000000000000001,5.000000000000001,3981376.9693853604,66.00033299908415,3981376.9693853604,66.00033299908415,3.914513702949113,3.924219596641457,0.10618027312223388,0.17985226904556173,0.030882737335774107,0.030672612662038707,0.00970942734175011
98,3,4.9,8,0.40861244506613675,-3.8868841024091285,8172248.9013227355,20000000.0,5.000000000000001,5.000000000000001,1634449.7802645469,62.13371581087049,1634449.7802645469,62.13371581087049,51.77307006352353,51.77449827146269,,,,,,0.8378720235314219,-0.7682231038941543,16757440.470628437,20000000.0,5.000000000000001,5.000000000000001,3351488.0941256867,65.25237680938547,3351488.0941256867,65.25237680938547,24.094699012850374,24.097154699197063,0.9960521790535852,1.7277456408541965,0.12809114147361228,0.1283523906324699,0.04527879616219719,0.9953499753457153,-0.02024189970585222,19906999.506914306,20000000.0,5.000000000000001,5.000000000000001,3981399.9013828607,66.00035801357377,3981399.9013828607,66.00035801357377,3.91206209261926,3.9220164763787286,0.10592177438111032,0.17900128047259703,0.03083323624608536,0.03075739865995116,0.009633776445283565
99,3,4.95,9,0.4083635813948263,-3.8895299602810525,8167271.627896527,20000000.0,5.000000000000001,5.000000000000001,1633454.3255793052,62.13106995299857,1633454.3255793052,62.13106995299857,51.80333608268272,51.8068287782055,,,,,,0.8350740252581352,-0.7827502471259948,16701480.505162705,20000000.0,5.000000000000001,5.000000000000001,3340296.10103254,65.23784966615364,3340296.10103254,65.23784966615364,24.323390790496006,24.323598791783883,1.0051731755053688,1.7322945151068592,0.1274906819154557,0.1277325763874676,0.044612958531229915,0.9953617372003947,-0.020190580285244546,19907234.744007893,20000000.0,5.000000000000001,5.000000000000001,3981446.948801578,66.00040933299438,3981446.948801578,66.00040933299438,3.9070740521491025,3.9168286292000962,0.10551910320502719,0.1783399891521013,0.030761069858295458,0.030855563389884343,0.009559900855897287
100,3,5.0,10,0.40776739190696193,-3.8958750656446632,8155347.838139239,20000000.0,5.000000000000001,5.000000000000001,1631069.5676278474,62.12472484763496,1631069.5676278474,62.12472484763496,51.845948388427836,51.842391172675626,,,,,,0.837717227797196,-0.769025531259147,16754344.555943921,20000000.0,5.000000000000001,5.000000000000001,3350868.9111887836,65.25157438202046,3350868.9111887836,65.25157438202046,24.112764129424512,24.112864526762877,0.9971351539670363,1.7285045619459107,0.12681270191723962,0.12718725103071055,0.043971679750502354,0.9953801503270558,-0.020110241198054348,19907603.006541118,20000000.0,5.000000000000001,5.000000000000001,3981520.601308223,66.00048967208157,3981520.601308223,66.00048967208157,3.899273880829908,3.909357871182575,0.10512828451884466,0.17754780170306955,0.030691422117940913,0.030955822013360466,0.009487606941391152
101,3,5.050000000000001,11,0.4076808446051673,-3.896796939383576,8153616.892103346,20000000.0,5.000000000000001,5.000000000000001,1630723.378420669,62.12380297389605,1630723.378420669,62.12380297389605,51.84408223154666,51.84997125359688,,,,,,0.8368999612289157,-0.7732645226101602,16737999.224578315,20000000.0,5.000000000000001,5.000000000000001,3347599.8449156624,65.24733539066946,3347599.8449156624,65.24733539066946,24.17191891203486,24.16916481613688,0.9988977221558475,1.7310243708443882,0.1263209653703239,0.12651935276363854,0.04333071964967584,0.9953934808074115,-0.020052079346107594,19907869.61614823,20000000.0,5.000000000000001,5.000000000000001,3981573.923229645,66.00054783393351,3981573.923229645,66.00054783393351,3.8936334053684996,3.9034156631774763,0.10464737936456132,0.17684090308341244,0.030575997684629853,0.031046662668488795,0.009408071503688326
102,3,5.1000000000000005,12,0.4067319278472898,-3.9069173479076724,8134638.556945796,20000000.0,5.000000000000001,5.000000000000001,1626927.7113891589,62.11368256537195,1626927.7113891589,62.11368256537195,51.89461205770726,51.889298977051645,,,,,,0.834919152814091,-0.7835557623690899,16698383.05628182,20000000.0,5.000000000000001,5.000000000000001,3339676.6112563633,65.23704415091053,3339676.6112563633,65.23704415091053,24.33555036856231,24.33837547627678,1.007040068785846,1.733037249195501,0.12566286134063326,0.12592676247874673,0.04269828148883931,0.9954000906202594,-0.020023240542452227,19908001.812405188,20000000.0,5.000000000000001,5.000000000000001,3981600.3624810367,66.00057667273717,3981600.3624810367,66.00057667273717,3.8908978528914795,3.9008134854613177,0.10427810748683322,0.17618696890364854,0.030466507062370467,0.03114234720389053,0.009334714003992111
103,3,5.15,13,0.4053792050679729,-3.9213853328450963,8107584.101359459,20000000.0,5.000000000000001,5.000000000000001,1621516.8202718915,62.09921458043453,1621516.8202718915,62.09921458043453,51.97074289544595,51.966210528094635,,,,,,0.8355182590139846,-0.7804405480425716,16710365.180279693,20000000.0,5.000000000000001,5.000000000000001,3342073.036055938,65.24015936523705,3342073.036055938,65.24015936523705,24.29585682695383,24.298064493913518,1.0055915438361689,1.733246187912582,0.12483780028088023,0.12527230979821333,0.04202829942769777,0.995420473657291,-0.01993430997114476,19908409.47314582,20000000.0,5.000000000000001,5.000000000000001,3981681.894629163,66.00066560330848,3981681.894629163,66.00066560330848,3.882326026763414,3.89262160732335,0.10390650193807753,0.17541013700303848,0.030333241400460464,0.03122972165423084,0.009253109482242323
104,3,5.2,14,0.4039837275500474,-3.9363612790313147,8079674.551000948,20000000.0,5.000000000000001,5.000000000000001,1615934.9102001893,62.08423863424831,1615934.9102001893,62.08423863424831,52.048961315540396,52.0469378932321,,,,,,0.8359331062821036,-0.7782847463624636,16718662.125642072,20000000.0,5.000000000000001,5.000000000000001,3343732.425128414,65.24231516691715,3343732.425128414,65.24231516691715,24.252643375478012,24.261116451921332,1.0039970023289655,1.7294177513094855,0.12442350546419134,0.12461684397271873,0.041437291854626614,0.995456062719563,-0.019779040339100162,19909121.25439126,20000000.0,5.000000000000001,5.000000000000001,3981824.250878251,66.00082087294052,3981824.250878251,66.00082087294052,3.867054438111135,3.877065976904374,0.10328052002106787,0.17443146263724682,0.030217388777315883,0.03131659491603307,0.00917528942776882
105,3,5.25,15,0.4029527173106413,-3.947459112182009,8059054.346212827,20000000.0,5.000000000000001,5.000000000000001,1611810.869242565,62.073140801097615,1611810.869242565,62.073140801097615,52.107350908686726,52.107539759969356,,,,,,0.8372211241053559,-0.7715982241809359,16744422.482107118,20000000.0,5.000000000000001,5.000000000000001,3348884.496421423,65.24900168909869,3348884.496421423,65.24900168909869,24.153972258354884,24.156872622745503,1.0009172379692197,1.7313167938331193,0.12401621503598297,0.1241755429844563,0.040928154910229005,0.9954477261811762,-0.019815410882365804,19908954.523623522,20000000.0,5.000000000000001,5.000000000000001,3981790.9047247036,66.00078450239725,3981790.9047247036,66.00078450239725,3.8706042582933313,3.8803683403869096,0.10323062461066534,0.1738438551963411,0.030103914998564796,0.031419518651304,0.009107581576053292
106,3,5.300000000000001,16,0.40230078829644184,-3.95449116440771,8046015.765928837,20000000.0,5.000000000000001,5.000000000000001,1609203.1531857671,62.06610874887191,1609203.1531857671,62.06610874887191,52.15047618735535,52.15176415171629,,,,,,0.8377323792986406,-0.7689469826302625,16754647.585972812,20000000.0,5.000000000000001,5.000000000000001,3350929.5171945617,65.25165293064936,3350929.5171945617,65.25165293064936,24.1149344077727,24.118771043990684,0.9979074553627345,1.7285108456649745,0.1235069556931333,0.12364659837195562,0.04038178249123362,0.9954761876919428,-0.019691240621641237,19909523.753838856,20000000.0,5.000000000000001,5.000000000000001,3981904.75076777,66.00090867265799,3981904.75076777,66.00090867265799,3.8584758075345205,3.8682021119781362,0.10264303455424222,0.17311560793291664,0.029993255644285583,0.03152658517381581,0.009042276119207035
107,3,5.3500000000000005,17,0.40233724776105034,-3.9540975925507036,8046744.955221007,20000000.0,5.000000000000001,5.000000000000001,1609348.991044201,62.06650232072892,1609348.991044201,62.06650232072892,52.15483276010709,52.157139016648294,,,,,,0.8350125374206565,-0.7830700368797715,16700250.74841313,20000000.0,5.000000000000001,5.000000000000001,3340050.1496826257,65.23752987639985,3340050.1496826257,65.23752987639985,24.330094921173497,24.330354804622193,1.0056510262483482,1.7290527849132153,0.12251739804018387,0.12295654063810971,0.039714427794238547,0.9954929386313339,-0.01961816223535938,19909858.77262668,20000000.0,5.000000000000001,5.000000000000001,3981971.754525335,66.00098175104426,3981971.754525335,66.00098175104426,3.851472713915083,3.860893949693687,0.10215106907430696,0.17234066004903642,0.029830178654305504,0.031608915396336215,0.008962171601207344
108,3,5.4,18,0.40392131771934614,-3.9370322550402577,8078426.354386923,20000000.0,5.000000000000001,5.000000000000001,1615685.2708773843,62.08356765823937,1615685.2708773843,62.08356765823937,52.059438622066125,52.06178688623398,,,,,,0.8367883965547271,-0.7738435064122746,16735767.931094542,20000000.0,5.000000000000001,5.000000000000001,3347153.586218908,65.24675640686735,3347153.586218908,65.24675640686735,24.18599572559195,24.18428565640311,1.0008067312819264,1.7273378942804805,0.12192287855669628,0.12229100689877907,0.039128828649861634,0.9955222578826773,-0.019490255737255345,19910445.157653548,20000000.0,5.000000000000001,5.000000000000001,3982089.031530709,66.00110965754237,3982089.031530709,66.00110965754237,3.8388161918448724,3.84804032917257,0.1015730709557225,0.1715749365138002,0.029681133126207394,0.031681717949745246,0.008884005028119382
109,3,5.45,19,0.40578389801245063,-3.917051902821797,8115677.960249012,20000000.0,5.000000000000001,5.000000000000001,1623135.5920498022,62.10354801045782,1623135.5920498022,62.10354801045782,51.94990864902057,51.956247496795825,,,,,,0.8357374063716789,-0.7793015901836751,16714748.127433578,20000000.0,5.000000000000001,5.000000000000001,3342949.6254867148,65.24129832309595,3342949.6254867148,65.24129832309595,24.262459094913275,24.264465699012014,1.0040743972150796,1.7350873219866774,0.12115069012482926,0.12172984287933537,0.03855854008940637,0.9955280184564393,-0.019465125428622033,19910560.369128786,20000000.0,5.000000000000001,5.000000000000001,3982112.0738257566,66.001134787851,3982112.0738257566,66.001134787851,3.836366635661624,3.845851635903338,0.10110152369969638,0.17071368756764324,0.029502191393326382,0.0317469227752191,0.008803182368366221
110,3,5.5,20,0.4068518012912436,-3.9056375687344156,8137036.025824872,20000000.0,5.000000000000001,5.000000000000001,1627407.205164974,62.11496234454521,1627407.205164974,62.11496234454521,51.89702737533489,51.90439654495913,,,,,,0.8357456850274215,-0.7792585700116479,16714913.70054843,20000000.0,5.000000000000001,5.000000000000001,3342982.740109686,65.24134134326798,3342982.740109686,65.24134134326798,24.269735308796562,24.267895113938522,1.0038242319371469,1.7312677054101233,0.12059359981777192,0.12111950569483021,0.038015023779083064,0.9955232394295513,-0.019485973761864187,19910464.788591027,20000000.0,5.000000000000001,5.000000000000001,3982092.9577182047,66.00111393951777,3982092.9577182047,66.00111393951777,3.838398773783884,3.847932280143154,0.10096467452223953,0.1702305419258065,0.029327605261273714,0.03180453700791448,0.008718747547642503
111,3,5.550000000000001,21,0.4078611056057277,-3.894877078385613,8157222.112114554,20000000.0,5.000000000000001,5.000000000000001,1631444.4224229106,62.125722834894006,1631444.4224229106,62.125722834894006,51.839713596494235,51.837031556033665,,,,,,0.8387061424548894,-0.7639017631663501,16774122.849097788,20000000.0,5.000000000000001,5.000000000000001,3354824.569819557,65.25669815011328,3354824.569819557,65.25669815011328,24.028350056424987,24.0260960100918,0.9937713757938014,1.7244747692237823,0.12003633165985353,0.12054509486537886,0.0374912320366929,0.9955564526310524,-0.019341084431747365,19911129.052621048,20000000.0,5.000000000000001,5.000000000000001,3982225.810524209,66.00125882884788,3982225.810524209,66.00125882884788,3.8241127884743116,3.8331576442487054,0.10038896915892392,0.16917324849975682,0.02916337825544677,0.031868359979676894,0.008635765581387112
112,3,5.6000000000000005,22,0.4091997946191094,-3.880645929359524,8183995.892382188,20000000.0,5.000000000000001,5.000000000000001,1636799.1784764372,62.139953983920094,1636799.1784764372,62.139953983920094,51.74448413741561,51.74409445309844,,,,,,0.8365496434647464,-0.7750828154788207,16730992.869294927,20000000.0,5.000000000000001,5.000000000000001,3346198.5738589847,65.2455170978008,3346198.5738589847,65.2455170978008,24.202334899491238,24.203345684256576,1.0016270348057983,1.7335774194098552,0.11947027719480185,0.12003517406857214,0.03699456036787423,0.9955756638633618,-0.01925727952383912,19911513.277267236,20000000.0,5.000000000000001,5.000000000000001,3982302.6554534463,66.00134263375578,3982302.6554534463,66.00134263375578,3.815873203192158,3.8244782081547584,0.10005194588166537,0.16879072277327775,0.029012254407232197,0.031931572132162016,0.008553727458377902
113,3,5.65,23,0.4092173788719115,-3.88045930707913,8184347.57743823,20000000.0,5.000000000000001,5.000000000000001,1636869.5154876458,62.14014060620049,1636869.5154876458,62.14014060620049,51.733344574903796,51.73285016335334,,,,,,0.8354627576268081,-0.7807290485815668,16709255.152536163,20000000.0,5.000000000000001,5.000000000000001,3341851.030507232,65.23987086469805,3341851.030507232,65.23987086469805,24.29398747747613,24.29290595516415,1.0043275948952084,1.7313769470144842,0.11903752759889455,0.11954468969182275,0.03653194972752573,0.995584120732798,-0.019220388745321552,19911682.41465596,20000000.0,5.000000000000001,5.000000000000001,3982336.4829311916,66.0013795245343,3982336.4829311916,66.0013795245343,3.8121359491894653,3.8206114136458447,0.09969873573501022,0.1679609452212701,0.0288323625842197,0.03198569832114292,0.008465503889738917
114,3,5.7,24,0.40821005856600867,-3.891162981846394,8164201.171320173,20000000.0,5.000000000000001,5.000000000000001,1632840.2342640343,62.12943693143323,1632840.2342640343,62.12943693143323,51.78810486121798,51.79258523061086,,,,,,0.8369307670062252,-0.7731046644014172,16738615.340124503,20000000.0,5.000000000000001,5.000000000000001,3347723.0680249,65.24749524887821,3347723.0680249,65.24749524887821,24.177377680004724,24.175729362229696,1.0009073140680946,1.7286203416433086,0.1187273301661794,0.11908854514217945,0.036105835794267904,0.9956067305570413,-0.01912176111352297,19912134.611140825,20000000.0,5.000000000000001,5.000000000000001,3982426.922228164,66.0014781521661,3982426.922228164,66.0014781521661,3.802410188297208,3.8110586289995134,0.09923195611071386,0.1673045355287351,0.028663084303434123,0.03204453772939744,0.008381775587312176
115,3,5.75,25,0.40562838296040593,-3.9187166380338874,8112567.659208119,20000000.0,5.000000000000001,5.000000000000001,1622513.5318416236,62.10188327524573,1622513.5318416236,62.10188327524573,51.95618652164323,51.95785427252065,,,,,,0.837792455586231,-0.7686355482705716,16755849.11172462,20000000.0,5.000000000000001,5.000000000000001,3351169.8223449234,65.25196436500904,3351169.8223449234,65.25196436500904,24.11455494094647,24.110645048239615,0.9974508009870521,1.726958906874474,0.118287404081505,0.11868546326766209,0.03568291422565686,0.9956108490063399,-0.01910379602700768,19912216.9801268,20000000.0,5.000000000000001,5.000000000000001,3982443.3960253587,66.00149611725261,3982443.3960253587,66.00149611725261,3.800536981760635,3.808906207664932,0.09906239580335682,0.16664762881114756,0.028485890106256746,0.03210510325730625,0.008297948429510545
116,3,5.800000000000001,26,0.40359926547388614,-3.940496328239486,8071985.309477722,20000000.0,5.000000000000001,5.000000000000001,1614397.0618955442,62.080103585040135,1614397.0618955442,62.080103585040135,52.080415327896375,52.08254393410166,,,,,,0.835867618247607,-0.7786249913642727,16717352.364952141,20000000.0,5.000000000000001,5.000000000000001,3343470.4729904276,65.24197492191534,3343470.4729904276,65.24197492191534,24.259694866125002,24.262718829496528,1.0020652940460022,1.7296944518862076,0.11778102093360865,0.11820057385078919,0.035231284806971255,0.9956037029462304,-0.019134967901177573,19912074.058924608,20000000.0,5.000000000000001,5.000000000000001,3982414.8117849207,66.00146494537844,3982414.8117849207,66.00146494537844,3.803712452478939,3.811872030282127,0.09868337766293614,0.1660824281898072,0.028301834163650407,0.03216835080087217,0.008215455804717546
117,3,5.8500000000000005,27,0.4027811158814817,-3.9493089924235343,8055622.3176296335,20000000.0,5.000000000000001,5.000000000000001,1611124.4635259265,62.071290920856086,1611124.4635259265,62.071290920856086,52.124407856958236,52.12183228283676,,,,,,0.8377957408329176,-0.7686185182567445,16755914.816658353,20000000.0,5.000000000000001,5.000000000000001,3351182.96333167,65.25198139502288,3351182.96333167,65.25198139502288,24.104464457806014,24.104365639980774,0.9973262601635134,1.7282308343875818,0.11724857714747763,0.11780830949096104,0.03481061842944767,0.9956362208256331,-0.018993123260353937,19912724.41651266,20000000.0,5.000000000000001,5.000000000000001,3982544.883302531,66.00160679001927,3982544.883302531,66.00160679001927,3.789575782678015,3.7975942002891023,0.09821073433986348,0.16548101927471648,0.02812261287748411,0.03224500105962108,0.008141087365051949
118,3,5.9,28,0.4028247633810524,-3.948838393369607,8056495.267621048,20000000.0,5.000000000000001,5.000000000000001,1611299.0535242092,62.07176151991001,1611299.0535242092,62.07176151991001,52.120250427290145,52.12179935340517,,,,,,0.8372346636749951,-0.7715279904915819,16744693.273499902,20000000.0,5.000000000000001,5.000000000000001,3348938.65469998,65.24907192278805,3348938.65469998,65.24907192278805,24.149470098206585,24.146807140039858,0.9994754405366862,1.7294146210696641,0.1168002685843905,0.11729181702036721,0.03437183087295487,0.9956577680362496,-0.01889913578563774,19913155.360724993,20000000.0,5.000000000000001,5.000000000000001,3982631.072144998,66.00170077749398,3982631.072144998,66.00170077749398,3.7802781165715857,3.788418398096814,0.09780917604377157,0.1649673296449685,0.0279400685065468,0.032322194080143786,0.00806923125783293
119,3,5.95,29,0.40408066765841916,-3.9353192691471377,8081613.353168383,20000000.0,5.000000000000001,5.000000000000001,1616322.6706336765,62.08528064413248,1616322.6706336765,62.08528064413248,52.03956551660123,52.03835811457922,,,,,,0.8365133994629359,-0.7752709801753916,16730267.989258718,20000000.0,5.000000000000001,5.000000000000001,3346053.597851743,65.24532893310423,3346053.597851743,65.24532893310423,24.21573578948543,24.215972763192887,1.0019391620691604,1.7281989613516644,0.11625238654978494,0.11674381057907916,0.03391613653204083,0.9956706251337768,-0.01884305496513041,19913412.502675537,20000000.0,5.000000000000001,5.000000000000001,3982682.5005351068,66.0017568583145,3982682.5005351068,66.0017568583145,3.7745913167895444,3.7819801821612145,0.09696084716908776,0.16411005856398977,0.027740021176721374,0.03239220008671859,0.007995711269142326
120,4,6.0,0,0.4056791976430174,-3.9181726141195474,8113583.952860348,20000000.0,5.000000000000001,5.000000000000001,1622716.7905720694,62.10242729916008,1622716.7905720694,62.10242729916008,51.94496771493832,51.94108339426829,,,,,,0.8391512550923453,-0.7615975152953454,16783025.101846907,20000000.0,5.000000000000001,5.000000000000001,3356605.0203693807,65.25900239798428,3356605.0203693807,65.25900239798428,23.995374477612717,23.997708067098788,0.9912872668567083,1.72561152541304,0.11563885089509054,0.11620818780987419,0.03346138053966717,0.9956632277241414,-0.0188753213194681,19913264.55448283,20000000.0,5.000000000000001,5.000000000000001,3982652.910896565,66.00172459196015,3982652.910896565,66.00172459196015,3.7778710044943025,3.785584903392605,0.09696472561025117,0.16351278409912584,0.027559065328678016,0.032459189459924986,0.007923511702699327
121,4,6.050000000000001,1,0.4070302199240911,-3.903733454208334,8140604.398481822,20000000.0,5.000000000000001,5.000000000000001,1628120.879696364,62.11686645907129,1628120.879696364,62.11686645907129,51.869206738559114,51.86541074543061,,,,,,0.8362061146444308,-0.7768666105416915,16724122.292888617,20000000.0,5.000000000000001,5.000000000000001,3344824.458577723,65.24373330273792,3344824.458577723,65.24373330273792,24.24174729750993,24.24199866067635,1.0019877131125583,1.7289604476749,0.11503522176444417,0.11559364797311858,0.032991652807497315,0.9956851810274903,-0.018779565112644166,19913703.620549805,20000000.0,5.000000000000001,5.000000000000001,3982740.7241099603,66.00182034816699,3982740.7241099603,66.00182034816699,3.768285304435392,3.7760158666794323,0.09677351650748386,0.16313353441934625,0.027367884110413652,0.032518496981743056,0.00784801412073596
122,4,6.1000000000000005,2,0.4084461404155615,-3.8886520342157445,8168922.80831123,20000000.0,5.000000000000001,5.000000000000001,1633784.5616622455,62.13194787906388,1633784.5616622455,62.13194787906388,51.790153382361666,51.786754043056405,,,,,,0.835194209113921,-0.782125255470193,16703884.182278419,20000000.0,5.000000000000001,5.000000000000001,3340776.836455683,65.23847465780943,3340776.836455683,65.23847465780943,24.307138357969176,24.30785387185252,1.0061141982977815,1.7276139962388988,0.11461830516452975,0.11509056129951678,0.032586395340129824,0.9957027778281698,-0.018702812680748512,19914055.556563396,20000000.0,5.000000000000001,5.000000000000001,3982811.1113126785,66.00189710059888,3982811.1113126785,66.00189710059888,3.7606432655527913,3.7680425696813016,0.0959943362675203,0.16226470165707355,0.027183481013434325,0.032573301581848305,0.007770969997932919
123,4,6.15,3,0.40959669505538343,-3.8764355624365288,8191933.901107669,20000000.0,5.000000000000001,5.000000000000001,1638386.7802215335,62.1441643508431,1638386.7802215335,62.1441643508431,51.7178296067644,51.722975708259675,,,,,,0.837127429778752,-0.7720842750569951,16742548.59557504,20000000.0,5.000000000000001,5.000000000000001,3348509.7191150077,65.24851563822263,3348509.7191150077,65.24851563822263,24.15670031843218,24.16128926664239,1.0001245694461167,1.7277654522956798,0.1141247713573424,0.11462480540818043,0.03218654353414167,0.9957166218557421,-0.018642429772125872,19914332.437114842,20000000.0,5.000000000000001,5.000000000000001,3982866.487422968,66.0019574835075,3982866.487422968,66.0019574835075,3.7544909216439706,3.7619071899360064,0.09584781557810523,0.16172898816171458,0.0270107375394902,0.03262888960745702,0.007696057375345293
124,4,6.2,4,0.4096832072474225,-3.8755183724101663,8193664.144948451,20000000.0,5.000000000000001,5.000000000000001,1638732.82898969,62.145081540869455,1638732.82898969,62.145081540869455,51.71195797783746,51.712209726716445,,,,,,0.8371824841563303,-0.7717986670916295,16743649.683126608,20000000.0,5.000000000000001,5.000000000000001,3348729.936625321,65.248801246188,3348729.936625321,65.248801246188,24.15648941156966,24.15546408077766,0.9990905818102174,1.7283323900923189,0.11363779581340541,0.11418291874568198,0.03180043345913426,0.9957302424572477,-0.01858302219083197,19914604.849144954,20000000.0,5.000000000000001,5.000000000000001,3982920.9698289903,66.0020168910888,3982920.9698289903,66.0020168910888,3.748498986789604,3.7555239968270167,0.09530449671922456,0.16122934951400536,0.026839479141603544,0.03268619460027851,0.00762332082440083
125,4,6.25,5,0.4085360601836008,-3.8876960364179336,8170721.203672016,20000000.0,5.000000000000001,5.000000000000001,1634144.240734403,62.13290387686169,1634144.240734403,62.13290387686169,51.78459587130921,51.78149267346741,,,,,,0.8374057589173868,-0.7706405675092308,16748115.178347737,20000000.0,5.000000000000001,5.000000000000001,3349623.0356695466,65.24995934577039,3349623.0356695466,65.24995934577039,24.14056438970029,24.13932519181271,0.999859395488769,1.7325598860061124,0.11320387482954368,0.1137122094556077,0.03141874096160197,0.995748795454785,-0.018502102790727348,19914975.9090957,20000000.0,5.000000000000001,5.000000000000001,3982995.1818191395,66.0020978104889,3982995.1818191395,66.0020978104889,3.7403497324388466,3.747497841813464,0.09521936659734613,0.1608314941257339,0.026679673619971263,0.03274337179929679,0.007551290675746054
126,4,6.300000000000001,6,0.4070822855418271,-3.9031779582453394,8141645.710836543,20000000.0,5.000000000000001,5.000000000000001,1628329.1421673084,62.11742195503429,1628329.1421673084,62.11742195503429,51.8739742232586,51.874073964760235,,,,,,0.8359894749919486,-0.7779919024243389,16719789.499838972,20000000.0,5.000000000000001,5.000000000000001,3343957.899967794,65.24260801085529,3343957.899967794,65.24260801085529,24.24840021451173,24.248605972548056,1.004285774858841,1.7318080415379709,0.11261533110361403,0.1132299722030149,0.03101801404211959,0.9957556788543852,-0.018472081040822416,19915113.577087704,20000000.0,5.000000000000001,5.000000000000001,3983022.71541754,66.0021278322388,3983022.71541754,66.0021278322388,3.7373498435876704,3.7443718222112716,0.09502113375339556,0.1602335086150639,0.026542273102170326,0.03280557292693183,0.007483056394723646
127,4,6.3500000000000005,7,0.4055780777513889,-3.919255274639319,8111561.555027777,20000000.0,5.000000000000001,5.000000000000001,1622312.311005555,62.101344638640306,1622312.311005555,62.101344638640306,51.964073491106284,51.96903238868093,,,,,,0.8372241179713397,-0.7715826940286963,16744482.359426793,20000000.0,5.000000000000001,5.000000000000001,3348896.471885358,65.24901721925093,3348896.471885358,65.24901721925093,24.150055456802484,24.15158609051709,0.9989227354170517,1.7312166687553532,0.11238729175247897,0.11284130477257044,0.030697741113182936,0.9957730458112054,-0.01839633647915739,19915460.916224107,20000000.0,5.000000000000001,5.000000000000001,3983092.1832448207,66.00220357680047,3983092.1832448207,66.00220357680047,3.729549610624116,3.7366071051207554,0.09448730513392452,0.15967999252861526,0.026412227553778374,0.0328671504948048,0.007416630725414252
128,4,6.4,8,0.404346598874666,-3.932462055672812,8086931.977493321,20000000.0,5.000000000000001,5.000000000000001,1617386.395498664,62.08813785760682,1617386.395498664,62.08813785760682,52.034906440022425,52.027915782549925,,,,,,0.8362036834202364,-0.7768792374379596,16724073.668404728,20000000.0,5.000000000000001,5.000000000000001,3344814.733680945,65.24372067584166,3344814.733680945,65.24372067584166,24.232693930824176,24.23659134273581,1.0034978059413056,1.7360000414256906,0.1118390792137898,0.11235902275388629,0.030313391962342034,0.9957629096664445,-0.01844054428495016,19915258.19332889,20000000.0,5.000000000000001,5.000000000000001,3983051.6386657776,66.00215936899468,3983051.6386657776,66.00215936899468,3.7341496871940905,3.74042015748858,0.09447220012968484,0.15912610975423966,0.026276756335156897,0.03292071608231535,0.007346625534527511
129,4,6.45,9,0.4040347838938315,-3.9358124428824626,8080695.677876631,20000000.0,5.000000000000001,5.000000000000001,1616139.135575326,62.08478747039716,1616139.135575326,62.08478747039716,52.05142529264187,52.0455077641585,,,,,,0.8362641677373062,-0.7765651147462937,16725283.354746124,20000000.0,5.000000000000001,5.000000000000001,3345056.6709492244,65.24403479853332,3345056.6709492244,65.24403479853332,24.224216905793284,24.223442958930818,1.0011961338905784,1.7231570343307516,0.11132596072770622,0.11192412226139994,0.02995161855865745,0.9957764845109721,-0.018381339028068492,19915529.690219443,20000000.0,5.000000000000001,5.000000000000001,3983105.9380438877,66.00221857425156,3983105.9380438877,66.00221857425156,3.7281674387071297,3.734753713358272,0.09392211637688891,0.1584957689763918,0.02612630234196515,0.03297173392220285,0.00727487084351561
130,4,6.5,10,0.40432064511848753,-3.9327408248001774,8086412.902369751,20000000.0,5.000000000000001,5.000000000000001,1617282.58047395,62.08785908847944,1617282.58047395,62.08785908847944,52.03237379700555,52.03219491882963,,,,,,0.8349217043579675,-0.7835424901890358,16698434.08715935,20000000.0,5.000000000000001,5.000000000000001,3339686.8174318695,65.23705742309059,3339686.8174318695,65.23705742309059,24.342943052621415,24.345804140955693,1.0076975794427618,1.7341027362908257,0.11090814263582986,0.11145605796045976,0.02959815662480526,0.9957995865345793,-0.01828058383704434,19915991.730691586,20000000.0,5.000000000000001,5.000000000000001,3983198.346138316,66.00231932944257,3983198.346138316,66.00231932944257,3.717901852889818,3.7244227565554078,0.09361559711871387,0.15803050044282876,0.02597832932881832,0.03302127074884216,0.007203005927984747
131,4,6.550000000000001,11,0.4044960837521265,-3.930856787811888,8089921.67504253,20000000.0,5.000000000000001,5.000000000000001,1617984.3350085057,62.089743125467734,1617984.3350085057,62.089743125467734,52.02745923531554,52.0302397945952,,,,,,0.8361732054571982,-0.7770375320335936,16723464.109143963,20000000.0,5.000000000000001,5.000000000000001,3344692.821828792,65.24356238124602,3344692.821828792,65.24356238124602,24.237819472586988,24.238587093110972,1.0033874202407982,1.7341002221991508,0.11050011349581912,0.11095416749223264,0.029242025627976658,0.9958156018754472,-0.018210737270244515,19916312.037508942,20000000.0,5.000000000000001,5.000000000000001,3983262.407501788,66.00238917600937,3983262.407501788,66.00238917600937,3.7107858046237068,3.7170118645574197,0.09296607857811731,0.1571707354478344,0.025862791870217818,0.03307585138960243,0.007136534270059764
132,4,6.6000000000000005,12,0.404716471786613,-3.928491196498052,8094329.43573226,20000000.0,5.000000000000001,5.000000000000001,1618865.8871464517,62.09210871678157,1618865.8871464517,62.09210871678157,52.02012463452255,52.01579047349653,,,,,,0.8374288129257905,-0.7705210067023971,16748576.25851581,20000000.0,5.000000000000001,5.000000000000001,3349715.2517031617,65.25007890657722,3349715.2517031617,65.25007890657722,24.137374270382107,24.139641303204243,0.9989572589664937,1.7277801684395662,0.11027687755462319,0.11056973584288998,0.028945515080599143,0.9958239540321616,-0.018174312049000593,19916479.080643233,20000000.0,5.000000000000001,5.000000000000001,3983295.816128646,66.00242560123063,3983295.816128646,66.00242560123063,3.7071132224819032,3.713553823763636,0.09271749039783236,0.15674683404684578,0.025758390913709926,0.03313597573303346,0.007073806542558285
133,4,6.65,13,0.40531946323133794,-3.922025411608041,8106389.264626759,20000000.0,5.000000000000001,5.000000000000001,1621277.8529253516,62.09857450167158,1621277.8529253516,62.09857450167158,51.979976091976276,51.97661560071907,,,,,,0.8357344386453641,-0.7793170121265114,16714688.772907283,20000000.0,5.000000000000001,5.000000000000001,3342937.754581456,65.24128290115311,3342937.754581456,65.24128290115311,24.273728300216572,24.27422021580451,1.0038686456219428,1.7338401712194944,0.10997989075018517,0.11014680120098078,0.02863349275861917,0.9958369879997162,-0.018117469239394966,19916739.759994324,20000000.0,5.000000000000001,5.000000000000001,3983347.9519988643,66.00248244404023,3983347.9519988643,66.00248244404023,3.7011461461731883,3.7073184223071403,0.09243109604510882,0.15628641829444484,0.02566210713076759,0.0331900590922696,0.007010330634389728
134,4,6.7,14,0.4051033854353561,-3.9243412741687966,8102067.708707122,20000000.0,5.000000000000001,5.000000000000001,1620413.5417414242,62.09625863911083,1620413.5417414242,62.09625863911083,51.99324574075231,51.99047426180791,,,,,,0.8361715525701402,-0.777046116863068,16723431.051402804,20000000.0,5.000000000000001,5.000000000000001,3344686.21028056,65.24355379641656,3344686.21028056,65.24355379641656,24.234987444622117,24.233427078332006,1.0021579801543048,1.735193403018774,0.10951410193485027,0.10968653183219035,0.028293337972078808,0.9958293874659663,-0.01815061605462257,19916587.749319326,20000000.0,5.000000000000001,5.000000000000001,3983317.5498638647,66.002449297225,3983317.5498638647,66.002449297225,3.7045243291698418,3.710443571161428,0.0924453600012129,0.15580409371068432,0.025559011397633086,0.033235864955931796,0.006944998586882049
135,4,6.75,15,0.404974125440351,-3.9257272379138537,8099482.50880702,20000000.0,5.000000000000001,5.000000000000001,1619896.5017614039,62.09487267536577,1619896.5017614039,62.09487267536577,51.990795041251545,51.98624798893801,,,,,,0.8379728428678663,-0.7677005581332942,16759456.857357327,20000000.0,5.000000000000001,5.000000000000001,3351891.3714714646,65.25289935514633,3351891.3714714646,65.25289935514633,24.08461980910652,24.085173338221075,0.9963769812656782,1.7315447166724656,0.10909537202234385,0.10930790356158941,0.027984577552658853,0.995836872006266,-0.01811797509847522,19916737.44012532,20000000.0,5.000000000000001,5.000000000000001,3983347.488025063,66.00248193818115,3983347.488025063,66.00248193818115,3.701295952650433,3.707202699402127,0.09204499695944016,0.15542876892157095,0.025452056975116176,0.03328617047657312,0.006882377050701036
136,4,6.800000000000001,16,0.4038048291519087,-3.9382849157988478,8076096.583038174,20000000.0,5.000000000000001,5.000000000000001,1615219.3166076345,62.08231499748077,1615219.3166076345,62.08231499748077,52.062626611906026,52.05800622231268,,,,,,0.8382340310375126,-0.7663471144325229,16764680.620750252,20000000.0,5.000000000000001,5.000000000000001,3352936.12415005,65.2542527988471,3352936.12415005,65.2542527988471,24.078081386262205,24.076509566851033,0.9956371701161201,1.7324073684538241,0.10863548717316589,0.10882671598086598,0.02764867664617663,0.995867591932519,-0.017984004474833677,19917351.83865038,20000000.0,5.000000000000001,5.000000000000001,3983470.367730075,66.0026159088048,3983470.367730075,66.0026159088048,3.6875370273467425,3.693377672113423,0.0915467179564795,0.15493820508512018,0.025321246910179535,0.03332300043510908,0.00681505308224038
137,4,6.8500000000000005,17,0.40276643931992634,-3.949467243780797,8055328.786398527,20000000.0,5.000000000000001,5.000000000000001,1611065.7572797053,62.07113266949882,1611065.7572797053,62.07113266949882,52.123932672737794,52.123238070235104,,,,,,0.8378927020958626,-0.7681159219455975,16757854.041917253,20000000.0,5.000000000000001,5.000000000000001,3351570.80838345,65.25248399133402,3351570.80838345,65.25248399133402,24.094705763133266,24.094654696043833,0.9980065870506152,1.7287651452021275,0.10816134910389456,0.10835692661164804,0.02731795860730905,0.9958706436080788,-0.017970696241527362,19917412.872161575,20000000.0,5.000000000000001,5.000000000000001,3983482.5744323144,66.0026292170381,3983482.5744323144,66.0026292170381,3.686164380452687,3.69211556295704,0.09148359792093344,0.15446902845813662,0.02518082972090317,0.03335359073599938,0.006744888699001005
138,4,6.9,18,0.4017129175402984,-3.960842028058637,8034258.350805968,20000000.0,5.000000000000001,5.000000000000001,1606851.6701611932,62.05975788522099,1606851.6701611932,62.05975788522099,52.19330281882124,52.196434419526966,,,,,,0.8356657512373745,-0.7796739650868314,16713315.02474749,20000000.0,5.000000000000001,5.000000000000001,3342663.0049494975,65.2409259481928,3342663.0049494975,65.2409259481928,24.277971013332635,24.27711659768488,1.0041682625126638,1.735830175215026,0.10787322579064454,0.10806000041417152,0.02705866258836783,0.9958724581098953,-0.017962783292054477,19917449.162197907,20000000.0,5.000000000000001,5.000000000000001,3983489.8324395805,66.00263712998756,3983489.8324395805,66.00263712998756,3.6853712103165064,3.691265194260571,0.0911706012877003,0.15390228237283482,0.025045808169251955,0.03339313478982488,0.0066784772798161255
139,4,6.95,19,0.40200744456360116,-3.9576590437086416,8040148.891272023,20000000.0,5.000000000000001,5.000000000000001,1608029.7782544044,62.06294086957098,1608029.7782544044,62.06294086957098,52.172552068831145,52.17222534532912,,,,,,0.8356407646697508,-0.7798038219184565,16712815.293395016,20000000.0,5.000000000000001,5.000000000000001,3342563.058679003,65.24079609136118,3342563.058679003,65.24079609136118,24.284513914178238,24.28637691427658,1.004711615380611,1.7350322837551044,0.10733950110105468,0.1076900850931087,0.026753526857135352,0.9958864447960529,-0.017901788554091018,19917728.89592106,20000000.0,5.000000000000001,5.000000000000001,3983545.779184211,66.00269812472553,3983545.779184211,66.00269812472553,3.6791333216484694,3.685009654166064,0.09086221245207515,0.15337151205697186,0.024901666906443798,0.03343420102858591,0.006614104821667068
140,4,7.0,20,0.40381579158243536,-3.93816701581056,8076315.831648707,20000000.0,5.000000000000001,5.000000000000001,1615263.1663297412,62.08243289746906,1615263.1663297412,62.08243289746906,52.05070230729359,52.046951752712246,,,,,,0.8362861094031399,-0.7764511672670924,16725722.188062796,20000000.0,5.000000000000001,5.000000000000001,3345144.4376125587,65.24414874601253,3345144.4376125587,65.24414874601253,24.225103403370806,24.224736923792094,1.0025419790070724,1.7356373629808464,0.1069915868864589,0.10735784865946567,0.026484651565666838,0.9959029385743458,-0.017829861703207297,19918058.771486916,20000000.0,5.000000000000001,5.000000000000001,3983611.754297382,66.00277005157642,3983611.754297382,66.00277005157642,3.6716498496064722,3.677253002622743,0.0903835467378832,0.15275815365282397,0.024755737424660636,0.033475912979024074,0.006549499302094602
141,4,7.050000000000001,21,0.4050719712656698,-3.9246780654681697,8101439.425313396,20000000.0,5.000000000000001,5.000000000000001,1620287.885062679,62.095921847811454,1620287.885062679,62.095921847811454,51.97898300282043,51.971442060860454,,,,,,0.8359952634638655,-0.7779618315588059,16719905.26927731,20000000.0,5.000000000000001,5.000000000000001,3343981.0538554615,65.24263808172081,3343981.0538554615,65.24263808172081,24.25338131010456,24.251705594925912,1.0030884079552396,1.7313019157524832,0.10633575920110812,0.10691878651664691,0.02615530100553686,0.9958955113441257,-0.0178622505736831,19917910.226882514,20000000.0,5.000000000000001,5.000000000000001,3983582.045376502,66.00273766270594,3983582.045376502,66.00273766270594,3.675069194949271,3.6806037279777293,0.09037079514734524,0.1523844641806898,0.02460968991940208,0.03351847985787582,0.006484795712018243
142,4,7.1000000000000005,22,0.4058906121917875,-3.91590993325367,8117812.24383575,20000000.0,5.000000000000001,5.000000000000001,1623562.4487671498,62.10468998002595,1623562.4487671498,62.10468998002595,51.94641606856072,51.94491185526241,,,,,,0.8368856307398902,-0.773338888793461,16737712.614797805,20000000.0,5.000000000000001,5.000000000000001,3347542.52295956,65.24726102448616,3347542.52295956,65.24726102448616,24.180963974641895,24.17984616948683,1.0004271187289118,1.7301700593908484,0.10580382498627343,0.10648968681339059,0.025847639811917338,0.9959273433900488,-0.01772343821032017,19918546.867800977,20000000.0,5.000000000000001,5.000000000000001,3983709.373560195,66.0028764750693,3983709.373560195,66.0028764750693,3.660751299225068,3.6663334920121633,0.08985016905318552,0.1518407669923958,0.02444573574997721,0.03356254804500347,0.006420792604576543
143,4,7.15,23,0.4070210807547316,-3.903830968721704,8140421.615094632,20000000.0,5.000000000000001,5.000000000000001,1628084.3230189262,62.11676894455792,1628084.3230189262,62.11676894455792,51.88302155803886,51.88270543739168,,,,,,0.8377568950115325,-0.768819890932418,16755137.90023065,20000000.0,5.000000000000001,5.000000000000001,3351027.5800461294,65.2517800223472,3351027.5800461294,65.2517800223472,24.108427151028614,24.108362536074747,0.9975220399728911,1.7296220593232785,0.10556433612133889,0.10622891882412493,0.02562019512234383,0.995930721465393,-0.017708707447046515,19918614.42930786,20000000.0,5.000000000000001,5.000000000000001,3983722.885861571,66.00289120583257,3983722.885861571,66.00289120583257,3.659266095622295,3.6646650563095404,0.08958174770536169,0.15151501519703955,0.024304439217724336,0.033612259225999155,0.006360870823768294
144,4,7.2,24,0.40749082085182564,-3.898821697419183,8149816.417036513,20000000.0,5.000000000000001,5.000000000000001,1629963.2834073023,62.121778215860445,1629963.2834073023,62.121778215860445,51.85834846616308,51.85508554025522,,,,,,0.836585959303881,-0.7748942860073511,16731719.18607762,20000000.0,5.000000000000001,5.000000000000001,3346343.8372155237,65.24570562727227,3346343.8372155237,65.24570562727227,24.203151514663546,24.203604351754713,1.0016810981451412,1.731821018119808,0.10530957269846315,0.10588842551009095,0.02537427689406114,0.9959320970078624,-0.017702709137337833,19918641.94015725,20000000.0,5.000000000000001,5.000000000000001,3983728.388031449,66.00289720414229,3983728.388031449,66.00289720414229,3.658555505251033,3.663690868473631,0.0896580300288288,0.15122382730234804,0.024159875269235416,0.033663895142764196,0.0063024675859434595
145,4,7.25,25,0.4079137202994606,-3.8943168681300055,8158274.405989212,20000000.0,5.000000000000001,5.000000000000001,1631654.881197842,62.12628304514962,1631654.881197842,62.12628304514962,51.826912513744716,51.823649579608585,,,,,,0.8352841382317809,-0.7816576562373289,16705682.764635619,20000000.0,5.000000000000001,5.000000000000001,3341136.5529271234,65.2389422570423,3341136.5529271234,65.2389422570423,24.309322583209262,24.309244088897355,1.0044147460439463,1.7336440999791378,0.1050788610486568,0.10556239368231372,0.025137499609624712,0.9959438201928538,-0.01765158833700932,19918876.403857075,20000000.0,5.000000000000001,5.000000000000001,3983775.2807714143,66.00294832494261,3983775.2807714143,66.00294832494261,3.6533457145619996,3.6584055189495905,0.08913948288101445,0.150439096791979,0.024029054298202547,0.03371230110355949,0.0062448375745811505
146,4,7.300000000000001,26,0.40777171940947576,-3.8958289756304354,8155434.388189515,20000000.0,5.000000000000001,5.000000000000001,1631086.8776379027,62.12477093764918,1631086.8776379027,62.12477093764918,51.823542009989126,51.82369134792914,,,,,,0.8358100088437235,-0.7789243247502892,16716200.17687447,20000000.0,5.000000000000001,5.000000000000001,3343240.0353748933,65.24167558852933,3343240.0353748933,65.24167558852933,24.269945413089264,24.267934597755747,1.0042296342204353,1.7285771494784352,0.10467633842874528,0.10518115218542283,0.024870228226337172,0.9959449841168642,-0.017646512895308202,19918899.682337284,20000000.0,5.000000000000001,5.000000000000001,3983779.936467456,66.00295340038431,3983779.936467456,66.00295340038431,3.6528092555088145,3.6580983511928387,0.08879571765187991,0.15007457106311978,0.023895119069306026,0.033759125865408496,0.006187859093707142
147,4,7.3500000000000005,27,0.4063106017607472,-3.9114184558862357,8126212.035214944,20000000.0,5.000000000000001,5.000000000000001,1625242.4070429886,62.10918145739338,1625242.4070429886,62.10918145739338,51.91079961721815,51.91453546905225,,,,,,0.8369146964271007,-0.7731880575698719,16738293.928542014,20000000.0,5.000000000000001,5.000000000000001,3347658.7857084023,65.24741185570976,3347658.7857084023,65.24741185570976,24.17467377316524,24.17291204495412,0.9996847453332185,1.732702524967778,0.10422989051622329,0.1048524008886262,0.024613307977218436,0.9959590687774583,-0.01758509537505427,19919181.375549167,20000000.0,5.000000000000001,5.000000000000001,3983836.2751098326,66.00301481790457,3983836.2751098326,66.00301481790457,3.646480352924956,3.6518419490724225,0.08866494039769554,0.1495770535228208,0.023766297306333815,0.033809441780915724,0.006132028942021672
148,4,7.4,28,0.4044689721896101,-3.9311478857255637,8089379.443792202,20000000.0,5.000000000000001,5.000000000000001,1617875.88875844,62.08945202755406,1617875.88875844,62.08945202755406,52.02337411644716,52.0365021071806,,,,,,0.8348760772388715,-0.7837798315757818,16697521.544777429,20000000.0,5.000000000000001,5.000000000000001,3339504.308955485,65.23682008170384,3339504.308955485,65.23682008170384,24.340546220392955,24.343249044702265,1.007028440831592,1.7370872802249333,0.10392931309185834,0.10451983047286657,0.024375708512643077,0.9959695467060443,-0.01753940592081034,19919390.934120886,20000000.0,5.000000000000001,5.000000000000001,3983878.1868241765,66.00306050735881,3983878.1868241765,66.00306050735881,3.64160197998856,3.646592565764717,0.08827711820508329,0.14939334818877326,0.023634480653708274,0.03386129616621615,0.006077253927061087
149,4,7.45,29,0.4029059968779699,-3.947962684973785,8058119.937559398,20000000.0,5.000000000000001,5.000000000000001,1611623.9875118793,62.07263722830584,1611623.9875118793,62.07263722830584,52.11698176782572,52.12336760852503,,,,,,0.8371876242879113,-0.7717720023683333,16743752.485758226,20000000.0,5.000000000000001,5.000000000000001,3348750.497151645,65.24882791091129,3348750.497151645,65.24882791091129,24.156403711589313,24.155674190755665,0.999646010240275,1.7283450125420068,0.10356155504929368,0.10408758930891804,0.024109557336351124,0.9959808348806795,-0.017490183891987032,19919616.69761359,20000000.0,5.000000000000001,5.000000000000001,3983923.339522717,66.00310972938763,3983923.339522717,66.00310972938763,3.6365917638181315,3.641798895344247,0.08796353384888257,0.1486578973989861,0.023480207420775577,0.033905960062306145,0.0060200738210661395
150,5,7.5,0,0.40264864935401806,-3.9507375336797974,8052972.987080361,20000000.0,5.000000000000001,5.000000000000001,1610594.597416072,62.069862379599826,1610594.597416072,62.069862379599826,52.125515244855634,52.12112608867011,,,,,,0.836712337143984,-0.7742382738807335,16734246.74287968,20000000.0,5.000000000000001,5.000000000000001,3346849.3485759352,65.2463616393989,3346849.3485759352,65.2463616393989,24.192773054973912,24.192028824571643,1.0001809696868054,1.7271931750689347,0.10329044776790697,0.10370217024967907,0.023868641990744458,0.9959860715047443,-0.017467349808470204,19919721.430094887,20000000.0,5.000000000000001,5.000000000000001,3983944.2860189765,66.00313256347115,3983944.2860189765,66.00313256347115,3.6342380719114047,3.6396384861902233,0.08781232311172028,0.1482996829589528,0.023336233282099127,0.03395610872916048,0.00596610074755269
151,5,7.550000000000001,1,0.40356257792290795,-3.940891123932213,8071251.558458159,20000000.0,5.000000000000001,5.000000000000001,1614250.3116916316,62.079708789347414,1614250.3116916316,62.079708789347414,52.06431908089327,52.06180784803733,,,,,,0.8360707898110071,-0.7775694944766678,16721415.796220142,20000000.0,5.000000000000001,5.000000000000001,3344283.159244028,65.24303041880296,3344283.159244028,65.24303041880296,24.238957680400194,24.238232493490266,1.00260241684231,1.7307668405984238,0.10292767744641503,0.10331186477452041,0.023618638293107053,0.995979878695283,-0.017494353311981212,19919597.57390566,20000000.0,5.000000000000001,5.000000000000001,3983919.5147811314,66.00310555996765,3983919.5147811314,66.00310555996765,3.637011713561253,3.642571075487681,0.08768871947700159,0.14789750704155646,0.023204660938802597,0.03400799090703378,0.005915332041416465
152,5,7.6000000000000005,2,0.40412953142184305,-3.934794126978182,8082590.628436861,20000000.0,5.000000000000001,5.000000000000001,1616518.125687372,62.08580578630144,1616518.125687372,62.08580578630144,52.04072772907381,52.03265375613205,,,,,,0.8366629899479804,-0.7744944174318065,16733259.798959607,20000000.0,5.000000000000001,5.000000000000001,3346651.959791921,65.24610549584781,3346651.959791921,65.24610549584781,24.201321119875075,24.208415207319216,1.0010912952825342,1.7308819436007208,0.10261916756775247,0.10302995899661134,0.02340257078691218,0.9960046037026206,-0.017386541887272434,19920092.074052412,20000000.0,5.000000000000001,5.000000000000001,3984018.4148104815,66.00321337139235,3984018.4148104815,66.00321337139235,3.625761970872154,3.631350663681995,0.08731147445144886,0.14757426476888283,0.023081896145792532,0.034067772057689454,0.005868081524570337
153,5,7.65,3,0.405334971945657,-3.9218592409498982,8106699.4389131395,20000000.0,5.000000000000001,5.000000000000001,1621339.8877826277,62.098740672329725,1621339.8877826277,62.098740672329725,51.97969020769104,51.97393288732341,,,,,,0.8355685526575221,-0.7801791343120918,16711371.053150441,20000000.0,5.000000000000001,5.000000000000001,3342274.2106300876,65.24042077896753,3342274.2106300876,65.24042077896753,24.28642872564951,24.28755135664516,1.0032396721195567,1.7349416310048038,0.10222388164868215,0.1026769528748902,0.023162800492428942,0.9959970462528532,-0.01741949526089338,19919940.925057065,20000000.0,5.000000000000001,5.000000000000001,3983988.185011412,66.00318041801873,3983988.185011412,66.00318041801873,3.6292878639899433,3.634740318877654,0.08720779215066457,0.14690968446572722,0.02297381529692496,0.03412851599986613,0.005822603215328576
154,5,7.7,4,0.4069313770588669,-3.904788219231954,8138627.541177338,20000000.0,5.000000000000001,5.000000000000001,1627725.5082354674,62.11581169404767,1627725.5082354674,62.11581169404767,51.886820412740484,51.8865307039538,,,,,,0.8375083256481283,-0.7701086695969253,16750166.512962565,20000000.0,5.000000000000001,5.000000000000001,3350033.302592512,65.25049124368269,3350033.302592512,65.25049124368269,24.135043996340972,24.132423466684003,0.9984495874896387,1.731004719199137,0.1020427848080443,0.1024427324700981,0.022976876607544695,0.9959975009991121,-0.017417512386079127,19919950.01998224,20000000.0,5.000000000000001,5.000000000000001,3983990.0039964477,66.00318240089354,3983990.0039964477,66.00318240089354,3.6289829148131383,3.63425669902457,0.08688942242134248,0.14669658093568733,0.022880384869399768,0.03419488859950709,0.005780930976650641
155,5,7.75,5,0.40811339083280523,-3.8921915511796774,8162267.816656105,20000000.0,5.000000000000001,5.000000000000001,1632453.5633312208,62.12840836209995,1632453.5633312208,62.12840836209995,51.8122797200297,51.81036963221446,,,,,,0.8363878755604236,-0.7759227142510873,16727757.51120847,20000000.0,5.000000000000001,5.000000000000001,3345551.5022416934,65.24467719902853,3345551.5022416934,65.24467719902853,24.21792299084374,24.218734040171647,1.0019229976884436,1.7343421529845977,0.10183401275048114,0.10210822757689116,0.02276747007057363,0.9960250415790485,-0.01729742617580901,19920500.83158097,20000000.0,5.000000000000001,5.000000000000001,3984100.1663161935,66.00330248710381,3984100.1663161935,66.00330248710381,3.6164748007150664,3.6219766964449702,0.08657487625517032,0.14613650833418446,0.022792106289584814,0.034259970775782134,0.0057408576443666575
156,5,7.800000000000001,6,0.40889313643055597,-3.8839017933403057,8177862.728611119,20000000.0,5.000000000000001,5.000000000000001,1635572.5457222236,62.13669811993932,1635572.5457222236,62.13669811993932,51.75059843485667,51.746914554632745,,,,,,0.83605617758342,-0.7776453979210032,16721123.5516684,20000000.0,5.000000000000001,5.000000000000001,3344224.7103336793,65.24295451535862,3344224.7103336793,65.24295451535862,24.242397530072694,24.242886603395252,1.0036094665200062,1.7319402867055724,0.10154731491261912,0.10178159138757362,0.022553533396616244,0.9960057453780206,-0.017381563767288548,19920114.90756041,20000000.0,5.000000000000001,5.000000000000001,3984022.981512082,66.00321834951234,3984022.981512082,66.00321834951234,3.6253228446970818,3.6306590962955942,0.08672913650481605,0.14603795710577136,0.02270678192737534,0.034328337441882587,0.005702911172232233
157,5,7.8500000000000005,7,0.407879187837991,-3.8946845412814186,8157583.75675982,20000000.0,5.000000000000001,5.000000000000001,1631516.7513519637,62.125915371998204,1631516.7513519637,62.125915371998204,51.8117130157227,51.80992747615503,,,,,,0.8373275244231216,-0.7710463253635297,16746550.488462433,20000000.0,5.000000000000001,5.000000000000001,3349310.097692486,65.2495535879161,3349310.097692486,65.2495535879161,24.143542726328455,24.142437139284738,0.9975781600154707,1.7271069825710412,0.1012192662319797,0.10153396267370976,0.022354846285404323,0.9960200259783406,-0.017319295637964638,19920400.51956681,20000000.0,5.000000000000001,5.000000000000001,3984080.1039133617,66.00328061764165,3984080.1039133617,66.00328061764165,3.6187617662410076,3.623998283042954,0.08626423186179225,0.1455247782476365,0.022639284710066057,0.03439880006695065,0.0056670430783551965
158,5,7.9,8,0.40547725030105014,-3.920335072872991,8109545.006021002,20000000.0,5.000000000000001,5.000000000000001,1621909.0012042,62.10026484040664,1621909.0012042,62.10026484040664,51.96276594347207,51.96635096091332,,,,,,0.8363019533986044,-0.7763688880740888,16726039.067972088,20000000.0,5.000000000000001,5.000000000000001,3345207.813594417,65.24423102520554,3345207.813594417,65.24423102520554,24.225448614998346,24.22562457131968,1.0016183921788737,1.7347047228737225,0.10097699489880223,0.10123253069361453,0.022156027163914717,0.9960274368730003,-0.017286982043868932,19920548.737460006,20000000.0,5.000000000000001,5.000000000000001,3984109.7474920005,66.00331293123575,3984109.7474920005,66.00331293123575,3.6153725137934556,3.620751944694748,0.08621756922166277,0.14530281444840962,0.02258635295383756,0.03447129524022885,0.0056341965451189805
159,5,7.95,9,0.40230255886909,-3.9544720506435524,8046051.1773818005,20000000.0,5.000000000000001,5.000000000000001,1609210.2354763597,62.066127862636066,1609210.2354763597,62.066127862636066,52.16888135910766,52.170800289486294,,,,,,0.8367250335037407,-0.7741723740857434,16734500.670074815,20000000.0,5.000000000000001,5.000000000000001,3346900.1340149622,65.24642753919389,3346900.1340149622,65.24642753919389,24.192923402826203,24.190186200074514,1.0005247541568265,1.7299860300056504,0.10063837928045886,0.10086261327350084,0.021933893540634842,0.9960339631142636,-0.01725852598756217,19920679.262285274,20000000.0,5.000000000000001,5.000000000000001,3984135.852457054,66.00334138729207,3984135.852457054,66.00334138729207,3.612381029355125,3.617897292028714,0.08610699387304459,0.1450221312805741,0.02253089037465674,0.03453852919433238,0.005600054882071454
160,5,8.0,10,0.400608518994541,-3.9727981961313064,8012170.379890819,20000000.0,5.000000000000001,5.000000000000001,1602434.0759781636,62.04780171714832,1602434.0759781636,62.04780171714832,52.26580148130712,52.26456456912772,,,,,,0.8363227278216504,-0.7762610071203352,16726454.556433007,20000000.0,5.000000000000001,5.000000000000001,3345290.911286601,65.24433890615929,3345290.911286601,65.24433890615929,24.227040745667793,24.22542070646646,1.0017640000125534,1.7342469712909339,0.10056407778539471,0.1006265011310477,0.02177156341842108,0.9960383208323367,-0.017239525342574814,19920766.416646734,20000000.0,5.000000000000001,5.000000000000001,3984153.283329346,66.00336038793705,3984153.283329346,66.00336038793705,3.610344034309062,3.6159202480934525,0.08587257745147596,0.14471426205139684,0.022489844884896564,0.03460627092493512,0.005566682594183561
161,5,8.05,11,0.4007992142054882,-3.9707313860427105,8015984.284109764,20000000.0,5.000000000000001,5.000000000000001,1603196.8568219524,62.04986852723692,1603196.8568219524,62.04986852723692,52.24345980068095,52.24359717749354,,,,,,0.8361780673625471,-0.7770122801777322,16723561.347250942,20000000.0,5.000000000000001,5.000000000000001,3344712.2694501877,65.24358763310188,3344712.2694501877,65.24358763310188,24.234871749286707,24.234664076505528,1.0025854222703532,1.7278993429949838,0.10033486363571291,0.10034771146487202,0.021585455550833722,0.9960531943086844,-0.017174674218461514,19921063.886173688,20000000.0,5.000000000000001,5.000000000000001,3984212.777234737,66.00342523906116,3984212.777234737,66.00342523906116,3.6036009152640034,3.608946850647546,0.08543401855541326,0.14397094389003887,0.02245585510063782,0.034674910500708395,0.005534705822165214
162,5,8.1,12,0.40132641182095286,-3.9650225783246102,8026528.2364190575,20000000.0,5.000000000000001,5.000000000000001,1605305.6472838111,62.05557733495502,1605305.6472838111,62.05557733495502,52.21125544038872,52.208428393053666,,,,,,0.8358104151336386,-0.7789222136314529,16716208.302672774,20000000.0,5.000000000000001,5.000000000000001,3343241.660534554,65.24167769964816,3343241.660534554,65.24167769964816,24.276627911629028,24.276373061560705,1.0047171224181164,1.7379938835505455,0.09989089002309713,0.09997388031801369,0.021357854129526205,0.9960409871612681,-0.017227899581118332,19920819.743225362,20000000.0,5.000000000000001,5.000000000000001,3984163.9486450716,66.00337201369851,3984163.9486450716,66.00337201369851,3.609142855428535,3.614039165911483,0.08532844895252159,0.1438475766803139,0.022405139404717035,0.03474027518958931,0.005501621956278557
163,5,8.15,13,0.4036339918949142,-3.9401226693769353,8072679.837898284,20000000.0,5.000000000000001,5.000000000000001,1614535.9675796565,62.080477243902685,1614535.9675796565,62.080477243902685,52.06310368252467,52.06091677809369,,,,,,0.8369987506222342,-0.7727519027230091,16739975.012444684,20000000.0,5.000000000000001,5.000000000000001,3347995.0024889363,65.24784801055661,3347995.0024889363,65.24784801055661,24.167713470179557,24.16646037732527,0.9992704925806868,1.73159780900856,0.0996634154272748,0.09961390951005439,0.02115892175229258,0.9960586081480276,-0.017151069112063856,19921172.16296055,20000000.0,5.000000000000001,5.000000000000001,3984234.43259211,66.00344884416755,3984234.43259211,66.00344884416755,3.6010294554994764,3.606237672354971,0.08509407566519164,0.14344585789544345,0.022353667084579552,0.03479889788322473,0.005466808090698541
164,5,8.200000000000001,14,0.4056125635368079,-3.9188860152924203,8112251.270736158,20000000.0,5.000000000000001,5.000000000000001,1622450.2541472313,62.1017138979872,1622450.2541472313,62.1017138979872,51.951088846485945,51.95684827243099,,,,,,0.8379366603582648,-0.7678880845389093,16758733.207165295,20000000.0,5.000000000000001,5.000000000000001,3351746.6414330583,65.25271182874071,3351746.6414330583,65.25271182874071,24.096565363477243,24.09686043638164,0.9968055257891401,1.7273547086909076,0.09942338125482725,0.09931067102199445,0.02097231167644987,0.9960570832002758,-0.0171577180872885,19921141.664005514,20000000.0,5.000000000000001,5.000000000000001,3984228.332801102,66.00344219519233,3984228.332801102,66.00344219519233,3.601809695850027,3.606973955079259,0.08475440504761703,0.1428886493389344,0.022296947351139892,0.03485429941406741,0.00543102933141041
165,5,8.25,15,0.4071250174392741,-3.9027220982398703,8142500.348785482,20000000.0,5.000000000000001,5.000000000000001,1628500.0697570962,62.117877815039755,1628500.0697570962,62.117877815039755,51.87397069962691,51.877440466627036,,,,,,0.8349044338320131,-0.78363232581863,16698088.676640261,20000000.0,5.000000000000001,5.000000000000001,3339617.7353280517,65.236967587461,3339617.7353280517,65.236967587461,24.338595814205075,24.339636247134326,1.0070353139663302,1.7367213795069496,0.09907648865038995,0.09896800713789905,0.02076835993933134,0.99606397989814,-0.01712764764748151,19921279.5979628,20000000.0,5.000000000000001,5.000000000000001,3984255.9195925593,66.00347226563214,3984255.9195925593,66.00347226563214,3.598623645117808,3.603588358626861,0.08476298436517904,0.14285435525625026,0.02223760781226121,0.034904017019532226,0.005393392299377726
166,5,8.3,16,0.4086145193799251,-3.8868620555831863,8172290.3875985015,20000000.0,5.000000000000001,5.000000000000001,1634458.0775197,62.13373785769644,1634458.0775197,62.13373785769644,51.789932724601215,51.79433348998172,,,,,,0.8363195206535436,-0.7762776616728861,16726390.413070872,20000000.0,5.000000000000001,5.000000000000001,3345278.082614174,65.24432225160675,3345278.082614174,65.24432225160675,24.220929973841283,24.224317280186817,1.0022082751007202,1.733388328594058,0.09881998361080538,0.09862786572041522,0.020576392945325192,0.9960674623659324,-0.017112463744315857,19921349.247318648,20000000.0,5.000000000000001,5.000000000000001,3984269.8494637287,66.0034874495353,3984269.8494637287,66.0034874495353,3.5970943484602413,3.6016668155414977,0.08479420511981291,0.1426549822468465,0.0221849458656069,0.034950467763401036,0.00535546970785362
167,5,8.35,17,0.40979530854760393,-3.874330178322139,8195906.170952079,20000000.0,5.000000000000001,5.000000000000001,1639181.2341904156,62.146269734957485,1639181.2341904156,62.146269734957485,51.71488313586341,51.71302799307605,,,,,,0.8354820976410571,-0.7806285155036241,16709641.952821141,20000000.0,5.000000000000001,5.000000000000001,3341928.3905642275,65.239971397776,3341928.3905642275,65.239971397776,24.293649366917787,24.2907223909293,1.003706783378806,1.7369975571848602,0.09850380633600875,0.0982746748998669,0.020377466098982184,0.9960664176955544,-0.017117018604660396,19921328.353911087,20000000.0,5.000000000000001,5.000000000000001,3984265.670782217,66.00348289467496,3984265.670782217,66.00348289467496,3.597612212083738,3.602311092712936,0.08457955301772703,0.14206814049058686,0.02213075393730974,0.03499831299115148,0.005318110499532982
168,5,8.4,18,0.4110226735690084,-3.8613422013293004,8220453.471380169,20000000.0,5.000000000000001,5.000000000000001,1644090.6942760334,62.159257711950325,1644090.6942760334,62.159257711950325,51.62327404850593,51.62480765836646,,,,,,0.8359532988965596,-0.7781798404190132,16719065.977931192,20000000.0,5.000000000000001,5.000000000000001,3343813.195586238,65.24242007286061,3343813.195586238,65.24242007286061,24.259156040889003,24.260862167498864,1.003976085382631,1.7354702134030688,0.09801409216677832,0.09791266338716773,0.020160974463606537,0.9960868516595639,-0.017027925481660572,19921737.03319128,20000000.0,5.000000000000001,5.000000000000001,3984347.406638255,66.00357198779795,3984347.406638255,66.00357198779795,3.5882211083629074,3.5928404381684027,0.08412992494421573,0.14163140417971373,0.022065537474340292,0.03504668571870005,0.005280496820890739
169,5,8.450000000000001,19,0.40983609359041406,-3.873897966500946,8196721.871808281,20000000.0,5.000000000000001,5.000000000000001,1639344.374361656,62.14670194677868,1639344.374361656,62.14670194677868,51.697140626307565,51.70060462525568,,,,,,0.8366030749752106,-0.7748054348200618,16732061.499504212,20000000.0,5.000000000000001,5.000000000000001,3346412.299900842,65.24579447845956,3346412.299900842,65.24579447845956,24.20575825934082,24.202959983092434,1.0004445162820255,1.7322029496700562,0.09786951806141904,0.09757781555176046,0.019987721372096097,0.9960914463574709,-0.01700789261664014,19921828.92714942,20000000.0,5.000000000000001,5.000000000000001,3984365.785429883,66.00359202066298,3984365.785429883,66.00359202066298,3.586131897801662,3.591050462725954,0.08396568075568062,0.14128835386947144,0.02200175642506317,0.035091412470066786,0.0052427061141725175
170,5,8.5,20,0.40772591345208425,-3.8963168562508743,8154518.269041685,20000000.0,5.000000000000001,5.000000000000001,1630903.6538083367,62.12428305702875,1630903.6538083367,62.12428305702875,51.83573872695943,51.8457848719619,,,,,,0.8357769369521263,-0.7790961727066849,16715538.739042526,20000000.0,5.000000000000001,5.000000000000001,3343107.747808505,65.24150374057294,3343107.747808505,65.24150374057294,24.265402106242504,24.264587752628355,1.004594242567632,1.7326928019337764,0.09746948285604415,0.09725031455544958,0.019791524964729294,0.9960852470096903,-0.017034921770645604,19921704.940193806,20000000.0,5.000000000000001,5.000000000000001,3984340.9880387606,66.00356499150898,3984340.9880387606,66.00356499150898,3.5889455581346232,3.59355305487845,0.08397039046923818,0.14128552682167145,0.02193062861896921,0.035137188542735724,0.005205383826579054
171,5,8.55,21,0.4063289870705488,-3.9112219446971173,8126579.741410976,20000000.0,5.000000000000001,5.000000000000001,1625315.948282195,62.10937796858251,1625315.948282195,62.10937796858251,51.92051159317149,51.92744272743958,,,,,,0.835027538794623,-0.7829920146331492,16700550.77589246,20000000.0,5.000000000000001,5.000000000000001,3340110.1551784915,65.23760789864647,3340110.1551784915,65.23760789864647,24.328311223982244,24.329663478724097,1.006218354095169,1.7331785140062923,0.09723804093748734,0.09691178399570458,0.019612242420012204,0.9960919661784329,-0.01700562620508457,19921839.323568657,20000000.0,5.000000000000001,5.000000000000001,3984367.8647137308,66.00359428707453,3984367.8647137308,66.00359428707453,3.5859200005655465,3.5903716920517086,0.08373457710789792,0.14085717488927074,0.021848573771753855,0.035181426424815414,0.005167574897607021
172,5,8.6,22,0.40606866948557396,-3.914005175142305,8121373.389711479,20000000.0,5.000000000000001,5.000000000000001,1624274.6779422956,62.10659473813732,1624274.6779422956,62.10659473813732,51.92832902074817,51.936648000119284,,,,,,0.83777639349719,-0.7687188116547339,16755527.869943801,20000000.0,5.000000000000001,5.000000000000001,3351105.57398876,65.25188110162489,3351105.57398876,65.25188110162489,24.109829492508954,24.110719420191728,0.9965707624919216,1.7261499673656477,0.09683139839734867,0.09659339368095289,0.01942095285846724,0.9960945063429448,-0.016994551143127416,19921890.126858898,20000000.0,5.000000000000001,5.000000000000001,3984378.0253717788,66.0036053621365,3984378.0253717788,66.0036053621365,3.5846721702172317,3.5893577093510975,0.08371243211686688,0.14072157221518672,0.02176273814903602,0.0352261987690489,0.005130037813391398
173,5,8.65,23,0.40624239509151294,-3.91214755984036,8124847.901830259,20000000.0,5.000000000000001,5.000000000000001,1624969.5803660515,62.10845235343926,1624969.5803660515,62.10845235343926,51.91169430029007,51.910075815801726,,,,,,0.8379204626896797,-0.7679720363029312,16758409.253793593,20000000.0,5.000000000000001,5.000000000000001,3351681.8507587183,65.25262787697669,3351681.8507587183,65.25262787697669,24.0959302771621,24.096744861999767,0.997258242360551,1.728948517453826,0.09648074791948243,0.09626581610134496,0.01923537592426042,0.9961197403462261,-0.016884532972138287,19922394.806924522,20000000.0,5.000000000000001,5.000000000000001,3984478.9613849036,66.00371538030748,3984478.9613849036,66.00371538030748,3.573097718466382,3.5778292748481184,0.08319717228772604,0.1401494315753328,0.021666479627032317,0.035268085387687234,0.005091600423490747
174,5,8.700000000000001,24,0.4071778251500888,-3.90215881646701,8143556.5030017765,20000000.0,5.000000000000001,5.000000000000001,1628711.300600355,62.11844109681262,1628711.300600355,62.11844109681262,51.85442667363539,51.85206907866673,,,,,,0.8356156665622625,-0.7799342623390347,16712313.33124525,20000000.0,5.000000000000001,5.000000000000001,3342462.6662490494,65.24066565094058,3342462.6662490494,65.24066565094058,24.28203536036903,24.283408176837305,1.0048386179716249,1.731496280441656,0.096362049755252,0.0961216791875403,0.019111773158979654,0.9961169914203349,-0.016896517926804036,19922339.8284067,20000000.0,5.000000000000001,5.000000000000001,3984467.965681339,66.00370339535282,3984467.965681339,66.00370339535282,3.574425767484712,3.57907898724347,0.08300496835716623,0.1398029356526227,0.02157801898743228,0.0353156315843204,0.005054668713032498
175,5,8.75,25,0.40777829131062887,-3.895758982610536,8155565.8262125775,20000000.0,5.000000000000001,5.000000000000001,1631113.1652425153,62.12484093066909,1631113.1652425153,62.12484093066909,51.82514760476916,51.82168384946981,,,,,,0.8349615365650469,-0.7833353031556439,16699230.731300939,20000000.0,5.000000000000001,5.000000000000001,3339846.146260187,65.23726461012399,3339846.146260187,65.23726461012399,24.337139694160808,24.33806208447941,1.0065768633158827,1.7370960117240124,0.09632240512559012,0.0958654815260975,0.01897488758395397,0.9961187062072012,-0.016889041678139757,19922374.124144025,20000000.0,5.000000000000001,5.000000000000001,3984474.8248288045,66.00371087160148,3984474.8248288045,66.00371087160148,3.57356446682886,3.578398038180046,0.0828615366683055,0.13948495756029713,0.021498810692215493,0.03536112611328971,0.005018394529595517
176,5,8.8,26,0.40890025753427045,-3.8838261591747294,8178005.150685409,20000000.0,5.000000000000001,5.000000000000001,1635601.0301370816,62.136773754104894,1635601.0301370816,62.136773754104894,51.75915784437602,51.758322808374245,,,,,,0.8365338156379636,-0.7751649863686838,16730676.31275927,20000000.0,5.000000000000001,5.000000000000001,3346135.2625518534,65.24543492691093,3346135.2625518534,65.24543492691093,24.210457571474645,24.207853709789003,1.0016589566490208,1.7316830824452576,0.09597270063540758,0.0955886016877838,0.018804636430406838,0.9961232931046666,-0.016869043462471436,19922465.862093333,20000000.0,5.000000000000001,5.000000000000001,3984493.172418666,66.00373086981716,3984493.172418666,66.00373086981716,3.571423686361469,3.576374217944553,0.08292894681115959,0.13938751930231658,0.021430928291673895,0.03540753494235949,0.004983162652336974
177,5,8.85,27,0.40978614191809715,-3.8744273258749624,8195722.838361943,20000000.0,5.000000000000001,5.000000000000001,1639144.5676723884,62.14617258740466,1639144.5676723884,62.14617258740466,51.70472562446942,51.71150668192424,,,,,,0.8353899490894144,-0.7811075421006953,16707798.981788289,20000000.0,5.000000000000001,5.000000000000001,3341559.7963576573,65.23949237117893,3341559.7963576573,65.23949237117893,24.301345276279157,24.29834949734728,1.004913675700846,1.7329302963483968,0.09573128290683124,0.09530308756122687,0.01864503723834603,0.996132359137954,-0.016829517127334385,19922647.18275908,20000000.0,5.000000000000001,5.000000000000001,3984529.4365518154,66.00377039615229,3984529.4365518154,66.00377039615229,3.5673041827593712,3.5718167031517694,0.08242152412936632,0.1389963048837713,0.021365546558680726,0.03545553626315965,0.004948943873862064
178,5,8.9,28,0.40932999476345727,-3.879264300848414,8186599.895269145,20000000.0,5.000000000000001,5.000000000000001,1637319.9790538289,62.141335612431206,1637319.9790538289,62.141335612431206,51.73795411562617,51.74055540759324,,,,,,0.8356722355241641,-0.7796402664574205,16713444.710483283,20000000.0,5.000000000000001,5.000000000000001,3342688.942096656,65.2409596468222,3342688.942096656,65.2409596468222,24.278619896354503,24.27732863828598,1.0054174417803026,1.7347511771929878,0.09543630786192182,0.09505372016681607,0.01848870207232201,0.9961365090297157,-0.01681142443792446,19922730.180594314,20000000.0,5.000000000000001,5.000000000000001,3984546.036118862,66.0037884888417,3984546.036118862,66.0037884888417,3.5653602664947437,3.569868787458705,0.08258089679209205,0.1388252639076632,0.02129495523772893,0.03550330131632135,0.004915076878691109
179,5,8.950000000000001,29,0.40829031513319836,-3.890309216545067,8165806.302663967,20000000.0,5.000000000000001,5.000000000000001,1633161.2605327931,62.13029069673456,1633161.2605327931,62.13029069673456,51.8018369862206,51.80356278986484,,,,,,0.8387917836874709,-0.7634583227997633,16775835.673749417,20000000.0,5.000000000000001,5.000000000000001,3355167.134749883,65.25714159047986,3355167.134749883,65.25714159047986,24.024764748669572,24.024787252481467,0.9946642874702206,1.727387772776514,0.09515510261665912,0.09488211886436458,0.018350418719195103,0.9961486012730105,-0.016758705130736275,19922972.02546021,20000000.0,5.000000000000001,5.000000000000001,3984594.405092041,66.00384120814888,3984594.405092041,66.00384120814888,3.559740133871137,3.5642162459394613,0.0822182485627073,0.1383611862044419,0.021214237000396558,0.035550155008314106,0.00488111217617944
180,6,9.0,0,0.4064099265999255,-3.9103569291182874,8128198.53199851,20000000.0,5.000000000000001,5.000000000000001,1625639.7063997015,62.11024298416134,1625639.7063997015,62.11024298416134,51.91712169904448,51.919374370018375,,,,,,0.8381341990386517,-0.7668643812894824,16762683.980773035,20000000.0,5.000000000000001,5.000000000000001,3352536.7961546066,65.25373553199015,3352536.7961546066,65.25373553199015,24.079123724042446,24.0770984905192,0.995252999185554,1.7288618916759197,0.09492051574573736,0.094626003863948,0.01820160807787943,0.9961377380350186,-0.016806066237646067,19922754.76070037,20000000.0,5.000000000000001,5.000000000000001,3984550.9521400733,66.00379384704198,3984550.9521400733,66.00379384704198,3.564694125264274,3.569237945390326,0.08219219221610753,0.1382547469084181,0.021131571218020357,0.03559744258216373,0.004847915430119222
181,6,9.05,1,0.4042811996322649,-3.9331645427802258,8085623.992645298,20000000.0,5.000000000000001,5.000000000000001,1617124.7985290594,62.0874353704994,1617124.7985290594,62.0874353704994,52.047303831955766,52.04831382718642,,,,,,0.8373317551285483,-0.7710243821295382,16746635.102570966,20000000.0,5.000000000000001,5.000000000000001,3349327.0205141925,65.24957553115009,3349327.0205141925,65.24957553115009,24.14332949929845,24.14297674961744,0.9989072339732152,1.7346812680061205,0.09463935740901123,0.09443083392638166,0.018061582299486265,0.9961498208228726,-0.016753388218674906,19922996.416457452,20000000.0,5.000000000000001,5.000000000000001,3984599.28329149,66.00384652506095,3984599.28329149,66.00384652506095,3.5590981893082594,3.5640480744236975,0.08191463590831218,0.13795203290606164,0.021052435167746856,0.03564613287139231,0.0048151872608963
182,6,9.1,2,0.40305145405170606,-3.9463950774401653,8061029.081034121,20000000.0,5.000000000000001,5.000000000000001,1612205.816206824,62.07420483583946,1612205.816206824,62.07420483583946,52.10992854071289,52.11126586957624,,,,,,0.8351926159646216,-0.7821335397303317,16703852.319292432,20000000.0,5.000000000000001,5.000000000000001,3340770.4638584857,65.2384663735493,3340770.4638584857,65.2384663735493,24.318032280158047,24.316870876424407,1.0048362596992102,1.7307891866795835,0.09417714692190272,0.0941357819166013,0.017886651352299505,0.996137889787775,-0.016805404628541576,19922757.795755498,20000000.0,5.000000000000001,5.000000000000001,3984551.559151099,66.00379450865108,3984551.559151099,66.00379450865108,3.564622540985625,3.569256923531254,0.08164579911996764,0.13749430201949175,0.020966877201511715,0.0356933089473029,0.004782080208419715
183,6,9.15,3,0.40218428816533053,-3.9557489966762427,8043685.76330661,20000000.0,5.000000000000001,5.000000000000001,1608737.1526613217,62.064850916603376,1608737.1526613217,62.064850916603376,52.15642518534678,52.15935086539323,,,,,,0.8357898284576216,-0.7790291851377045,16715796.569152433,20000000.0,5.000000000000001,5.000000000000001,3343159.313830486,65.24157072814192,3343159.313830486,65.24157072814192,24.27006506416409,24.27072393700176,1.0033180628010716,1.73511108808564,0.09384516711694504,0.09380837348955195,0.017719698968859464,0.9961505772484258,-0.016750090408324207,19923011.544968516,20000000.0,5.000000000000001,5.000000000000001,3984602.3089937023,66.0038498228713,3984602.3089937023,66.0038498228713,3.558833791716656,3.5635824818530586,0.08168246340651855,0.13738646017193173,0.020879975922470963,0.03573856466288792,0.004749827713022805
184,6,9.200000000000001,4,0.40218249745886575,-3.9557683334750826,8043649.9491773145,20000000.0,5.000000000000001,5.000000000000001,1608729.9898354625,62.06483157980454,1608729.9898354625,62.06483157980454,52.15164302587,52.1489138559945,,,,,,0.8353260849884839,-0.781439565329941,16706521.69976968,20000000.0,5.000000000000001,5.000000000000001,3341304.3399539352,65.23916034794968,3341304.3399539352,65.23916034794968,24.309990040750627,24.30926993587393,1.0057452344759334,1.7327128472954012,0.09353859299383827,0.09352389467390093,0.017564700692309497,0.9961642096209574,-0.016690657388955615,19923284.19241915,20000000.0,5.000000000000001,5.000000000000001,3984656.838483829,66.00390925589066,3984656.838483829,66.00390925589066,3.552342043329065,3.5568432256430524,0.0813364484519796,0.13695570226716108,0.020795288641233336,0.035784676719277264,0.004718666010298606
185,6,9.25,5,0.402665534187338,-3.9505554186720238,8053310.683746761,20000000.0,5.000000000000001,5.000000000000001,1610662.1367493519,62.0700444946076,1610662.1367493519,62.0700444946076,52.12448809006728,52.12367403114585,,,,,,0.8369771425750313,-0.7728640220874943,16739542.851500627,20000000.0,5.000000000000001,5.000000000000001,3347908.5703001246,65.24773589119212,3347908.5703001246,65.24773589119212,24.174267522867915,24.171685460115537,1.0008759032469554,1.7283767604511913,0.09328492755245314,0.09322115790593014,0.01741283807304548,0.9961732372113046,-0.016651300274236794,19923464.74422609,20000000.0,5.000000000000001,5.000000000000001,3984692.9488452175,66.00394861300539,3984692.9488452175,66.00394861300539,3.5483028539869963,3.5531775423165852,0.08129837714745733,0.13675201087611946,0.02070929062431346,0.0358285602740558,0.0046870485822229895
186,6,9.3,6,0.4033972605833282,-3.942670553487957,8067945.2116665635,20000000.0,5.000000000000001,5.000000000000001,1613589.0423333123,62.07792935979167,1613589.0423333123,62.07792935979167,52.08987607390843,52.08839552168581,,,,,,0.8380292675619383,-0.7674081368632337,16760585.351238767,20000000.0,5.000000000000001,5.000000000000001,3352117.0702477526,65.25319177641639,3352117.0702477526,65.25319177641639,24.086062914686476,24.083943802756203,0.9966293095193169,1.7291741566017311,0.09302324058526605,0.09300717160875455,0.01727822052137192,0.9961742745662272,-0.01664677779494029,19923485.491324544,20000000.0,5.000000000000001,5.000000000000001,3984697.098264908,66.00395313548468,3984697.098264908,66.00395313548468,3.5477334667028786,3.552248879001376,0.08102356011801479,0.13657032801705427,0.020627861296568743,0.035875839790380094,0.004657230287044847
187,6,9.35,7,0.40472823328645885,-3.928364987642764,8094564.665729177,20000000.0,5.000000000000001,5.000000000000001,1618912.933145835,62.09223492563686,1618912.933145835,62.09223492563686,52.01733555514744,52.01550213358248,,,,,,0.8365452830221549,-0.7751054527616927,16730905.660443097,20000000.0,5.000000000000001,5.000000000000001,3346181.132088619,65.24549446051793,3346181.132088619,65.24549446051793,24.206465505798963,24.206972707967896,1.0023922540733796,1.728392359748052,0.09275072784218359,0.09275375518189925,0.017136506743431357,0.9961779587298324,-0.016630716258255917,19923559.17459665,20000000.0,5.000000000000001,5.000000000000001,3984711.834919329,66.00396919702136,3984711.834919329,66.00396919702136,3.546040737410485,3.550176272733773,0.08089687612009495,0.13620199173299946,0.020537026987193518,0.035922324099348604,0.004627798293170507
188,6,9.4,8,0.4064799736681884,-3.9096084623139795,8129599.473363767,20000000.0,5.000000000000001,5.000000000000001,1625919.8946727533,62.11099145096564,1625919.8946727533,62.11099145096564,51.91079041019729,51.91533655371037,,,,,,0.8365777984908457,-0.7749366512098319,16731555.969816914,20000000.0,5.000000000000001,5.000000000000001,3346311.1939633824,65.24566326206978,3346311.1939633824,65.24566326206978,24.20484209732015,24.20768422382629,1.0008176794602952,1.7322957246844772,0.09240388159416375,0.09250600630423961,0.016990325196400584,0.9961827868542807,-0.016609667582101122,19923655.737085614,20000000.0,5.000000000000001,5.000000000000001,3984731.147417122,66.00399024569752,3984731.147417122,66.00399024569752,3.543812367311957,3.5480980681660634,0.08097523005569736,0.13608545054407023,0.020441613682682512,0.03596736633140128,0.004598050525787147
189,6,9.450000000000001,9,0.4080017217421653,-3.8933800421025744,8160034.434843306,20000000.0,5.000000000000001,5.000000000000001,1632006.886968661,62.12721987117705,1632006.886968661,62.12721987117705,51.809694202210906,51.80983451820275,,,,,,0.8374003085872515,-0.7706688340452585,16748006.171745028,20000000.0,5.000000000000001,5.000000000000001,3349601.234349005,65.24993107923437,3349601.234349005,65.24993107923437,24.13862149057873,24.141900511948183,0.9995707879157896,1.7293620668383585,0.09203974150406173,0.09225401984956978,0.016843145463343562,0.9961842857100902,-0.01660313319578061,19923685.714201804,20000000.0,5.000000000000001,5.000000000000001,3984737.1428403603,66.00399678008384,3984737.1428403603,66.00399678008384,3.543025883648558,3.547246681235844,0.08074680526363201,0.13579898439789323,0.02034191467848973,0.03601320274281581,0.004569242107251251
190,6,9.5,10,0.4079604933233436,-3.893818917199399,8159209.866466872,20000000.0,5.000000000000001,5.000000000000001,1631841.9732933743,62.12678099608023,1631841.9732933743,62.12678099608023,51.814034562849294,51.81476508493714,,,,,,0.8350482519630393,-0.782884287609068,16700965.039260786,20000000.0,5.000000000000001,5.000000000000001,3340193.0078521566,65.23771562567055,3340193.0078521566,65.23771562567055,24.32489017250856,24.326477690763596,1.00640533988098,1.7371971132521729,0.09184728770079927,0.0919442619537804,0.016702575309365482,0.9961874977997541,-0.01658912985736792,19923749.955995083,20000000.0,5.000000000000001,5.000000000000001,3984749.9911990156,66.00401078342226,3984749.9911990156,66.00401078342226,3.5415861701126965,3.5458137886050123,0.08069983119677157,0.1356736057352425,0.020235101806142707,0.036055590689638366,0.004539578414593083
191,6,9.55,11,0.40698678241391567,-3.9041969499569613,8139735.648278314,20000000.0,5.000000000000001,5.000000000000001,1627947.1296556625,62.11640296332266,1627947.1296556625,62.11640296332266,51.87921099461622,51.88486811534883,,,,,,0.8355928820065074,-0.7800526821119129,16711857.640130147,20000000.0,5.000000000000001,5.000000000000001,3342371.528026029,65.24054723116771,3342371.528026029,65.24054723116771,24.28145128029985,24.283519861506726,1.0058878632677053,1.7361793043071707,0.09162492708500213,0.09169733466202877,0.01657173732241626,0.9961986574461738,-0.01654047891841893,19923973.148923475,20000000.0,5.000000000000001,5.000000000000001,3984794.6297846944,66.00405943436121,3984794.6297846944,66.00405943436121,3.5364863100344066,3.540335022247093,0.0804885607833951,0.1355325779200575,0.020141750584294675,0.036099088422678956,0.004511516505197677
192,6,9.600000000000001,12,0.40557757491581714,-3.9192606590242614,8111551.498316343,20000000.0,5.000000000000001,5.000000000000001,1622310.2996632683,62.101339254255365,1622310.2996632683,62.101339254255365,51.967068339190575,51.96723948488558,,,,,,0.835908466005194,-0.7784127625151012,16718169.32010388,20000000.0,5.000000000000001,5.000000000000001,3343633.8640207755,65.24218715076452,3343633.8640207755,65.24218715076452,24.257411046837976,24.26063040170058,1.0038800331508617,1.733794917782943,0.09144820985210045,0.09147681798495912,0.01645095748206088,0.9961973582231681,-0.01654614290667896,19923947.164463364,20000000.0,5.000000000000001,5.000000000000001,3984789.432892672,66.00405377037293,3984789.432892672,66.00405377037293,3.537017412944828,3.541087664639524,0.08039666467567848,0.135427398023625,0.02005803643511347,0.036146884004549004,0.004485002916958332
193,6,9.65,13,0.4050088788949506,-3.9253545576603632,8100177.577899012,20000000.0,5.000000000000001,5.000000000000001,1620035.515579802,62.09524535561926,1620035.515579802,62.09524535561926,51.98991160183042,51.98742366936917,,,,,,0.8367456150208995,-0.7740655489156744,16734912.30041799,20000000.0,5.000000000000001,5.000000000000001,3346982.4600835973,65.24653436436395,3346982.4600835973,65.24653436436395,24.185353274036675,24.18645474786484,1.0012984626711934,1.7333053606288522,0.0911397925598523,0.09123233861782169,0.01631515169777817,0.9962099292881635,-0.016491339411495526,19924198.585763272,20000000.0,5.000000000000001,5.000000000000001,3984839.7171526537,66.00410857386814,3984839.7171526537,66.00410857386814,3.5311715015780516,3.5353073735562597,0.08034050575723448,0.1351427107839846,0.0199694664336083,0.036195363906646114,0.004459089055609848
194,6,9.700000000000001,14,0.4044211056981131,-3.9316618777676897,8088422.113962263,20000000.0,5.000000000000001,5.000000000000001,1617684.4227924524,62.08893803551193,1617684.4227924524,62.08893803551193,52.021331894425806,52.028674407531966,,,,,,0.8367646127276724,-0.7739669465996102,16735292.254553448,20000000.0,5.000000000000001,5.000000000000001,3347058.4509106893,65.24663296668001,3347058.4509106893,65.24663296668001,24.18623945634433,24.18623146494713,0.9997861670447913,1.728117664920506,0.0910667959047419,0.09103222966939924,0.016209628457792412,0.9962149615815278,-0.016469401347486926,19924299.231630556,20000000.0,5.000000000000001,5.000000000000001,3984859.8463261104,66.00413051193213,3984859.8463261104,66.00413051193213,3.5288429156397867,3.533021597219006,0.07982395982207593,0.13471386664334897,0.019885446349910095,0.03624313603424647,0.004434050013579781
195,6,9.75,15,0.40402287110042634,-3.9359404946472916,8080457.4220085265,20000000.0,5.000000000000001,5.000000000000001,1616091.484401705,62.08465941863233,1616091.484401705,62.08465941863233,52.04165297575365,52.05124128042106,,,,,,0.8373596871267515,-0.7708795111117112,16747193.742535029,20000000.0,5.000000000000001,5.000000000000001,3349438.748507005,65.24972040216791,3349438.748507005,65.24972040216791,24.139339344296765,24.138268010782017,0.9989511295193783,1.7314991283276993,0.09083783181988107,0.0908019490096362,0.01608586067827076,0.9962145467144194,-0.01647120993840693,19924290.93428839,20000000.0,5.000000000000001,5.000000000000001,3984858.186857677,66.00412870334122,3984858.186857677,66.00412870334122,3.5290110372122427,3.5330521243625794,0.07984502812508595,0.13454443839943803,0.019798793805201224,0.03628947676886478,0.0044089429296091335
196,6,9.8,16,0.4033865203433701,-3.942786183649561,8067730.406867402,20000000.0,5.000000000000001,5.000000000000001,1613546.0813734801,62.07781372963006,1613546.0813734801,62.07781372963006,52.08573148066769,52.09194759421539,,,,,,0.8361372229085975,-0.7772244234389147,16722744.458171949,20000000.0,5.000000000000001,5.000000000000001,3344548.8916343893,65.2433754898407,3344548.8916343893,65.2433754898407,24.233022510743254,24.23305470054634,1.00213489596978,1.7283453017789987,0.09057833249094557,0.09055126705289054,0.01595679763209646,0.9962159988685804,-0.01646487935348031,19924319.977371607,20000000.0,5.000000000000001,5.000000000000001,3984863.995474321,66.00413503392615,3984863.995474321,66.00413503392615,3.528295579969668,3.5323257716039875,0.07980068132679644,0.1344070372497555,0.019712056719047615,0.03633410053496179,0.004383915408173944
197,6,9.850000000000001,17,0.4032485014016934,-3.9442723791094014,8064970.0280338675,20000000.0,5.000000000000001,5.000000000000001,1612994.0056067733,62.076327534170225,1612994.0056067733,62.076327534170225,52.0978221871758,52.10033274944599,,,,,,0.8356116407600888,-0.7799551856887387,16712232.815201774,20000000.0,5.000000000000001,5.000000000000001,3342446.5630403543,65.24064472759089,3342446.5630403543,65.24064472759089,24.28747919046489,24.287025670020054,1.004748815671948,1.7385587793034325,0.09039759802764837,0.09030533014286812,0.015836519589137225,0.9962305457844153,-0.01640146339591919,19924610.915688306,20000000.0,5.000000000000001,5.000000000000001,3984922.1831376604,66.0041984498837,3984922.1831376604,66.0041984498837,3.5215646157929767,3.525671363851425,0.0794137921679264,0.13381109151840176,0.01962542415455968,0.03637758934428167,0.004358520422404843
198,6,9.9,18,0.40375380465527017,-3.9388337219519567,8075076.093105404,20000000.0,5.000000000000001,5.000000000000001,1615015.2186210805,62.08176619132766,1615015.2186210805,62.08176619132766,52.07004037986009,52.0819504752983,,,,,,0.8365339455223325,-0.775164312061689,16730678.91044665,20000000.0,5.000000000000001,5.000000000000001,3346135.7820893293,65.24543560121793,3346135.7820893293,65.24543560121793,24.211033746613666,24.21126265356425,1.0018082370288666,1.735746969498312,0.09011265823835245,0.09005646226080972,0.01570780211523054,0.9962206215823647,-0.01644472695247197,19924412.431647293,20000000.0,5.000000000000001,5.000000000000001,3984882.4863294577,66.00415518632715,3984882.4863294577,66.00415518632715,3.5262363754774833,3.530198888659269,0.07954125496444384,0.13381636554289364,0.01953722497713598,0.03642059078728976,0.004332714564585158
199,6,9.950000000000001,19,0.40438550352263525,-3.9320442146128025,8087710.070452705,20000000.0,5.000000000000001,5.000000000000001,1617542.0140905408,62.08855569866682,1617542.0140905408,62.08855569866682,52.03294698978918,52.035311139270846,,,,,,0.835400748535197,-0.7810513993448409,16708014.970703939,20000000.0,5.000000000000001,5.000000000000001,3341602.994140787,65.23954851393478,3341602.994140787,65.23954851393478,24.296690386125192,24.296451628572026,1.0050256585146562,1.7340379150463814,0.08978401047212695,0.08979044294950535,0.015573314203566169,0.9962275239549447,-0.01641463671067287,19924550.479098894,20000000.0,5.000000000000001,5.000000000000001,3984910.095819778,66.00418527656896,3984910.095819778,66.00418527656896,3.5229505777829773,3.5267088879573665,0.0794720468465389,0.13381896886380668,0.01944925584622893,0.03646257187327121,0.0043073178994546876
200,6,10.0,20,0.40559494069777846,-3.9190747093492977,8111898.81395557,20000000.0,5.000000000000001,5.000000000000001,1622379.7627911137,62.10152520393032,1622379.7627911137,62.10152520393032,51.95672418662912,51.96603038731505,,,,,,0.8361534756669504,-0.7771400064978335,16723069.51333901,20000000.0,5.000000000000001,5.000000000000001,3344613.9026678014,65.2434599067818,3344613.9026678014,65.2434599067818,24.245538462625444,24.24378682077014,1.0030919367342745,1.7297739170011006,0.0896132231406517,0.08962133738677261,0.01547056942173713,0.9962259322650054,-0.016421575514240692,19924518.64530011,20000000.0,5.000000000000001,5.000000000000001,3984903.729060021,66.00417833776538,3984903.729060021,66.00417833776538,3.5237193501536153,3.5278431117458005,0.07922241857317942,0.13337386744403168,0.019359052532198488,0.03650651057616667,0.004282574356708911
201,6,10.05,21,0.40669378501694964,-3.9073246431404405,8133875.700338992,20000000.0,5.000000000000001,5.000000000000001,1626775.140067798,62.113275270139184,1626775.140067798,62.113275270139184,51.885163310499294,51.89589344171087,,,,,,0.8373863089370849,-0.7707414399611698,16747726.178741697,20000000.0,5.000000000000001,5.000000000000001,3349545.235748339,65.24985847331845,3349545.235748339,65.24985847331845,24.13363738822954,24.13363022210636,0.997956469783684,1.7331943742835993,0.08939815828528462,0.0893885067062363,0.015353849461471471,0.9962467771212233,-0.016330705451236244,19924935.542424466,20000000.0,5.000000000000001,5.000000000000001,3984987.1084848926,66.00426920782839,3984987.1084848926,66.00426920782839,3.513927879424299,3.5177028534079957,0.07891358122629356,0.1329688777945592,0.019281102936958276,0.036551442881524315,0.004259450670484403
202,6,10.100000000000001,22,0.4069812072807922,-3.9042564424574557,8139624.145615844,20000000.0,5.000000000000001,5.000000000000001,1627924.8291231685,62.116343470822166,1627924.8291231685,62.116343470822166,51.8682870062661,51.876223410630665,,,,,,0.8364115145746432,-0.7757999703824028,16728230.291492864,20000000.0,5.000000000000001,5.000000000000001,3345646.0582985724,65.24479994289722,3345646.0582985724,65.24479994289722,24.218141634654927,24.216600357681372,1.0016108759774265,1.7280020042392237,0.08922525389207193,0.08922484562862738,0.015253753260557178,0.9962391104379075,-0.016364127000461626,19924782.20875815,20000000.0,5.000000000000001,5.000000000000001,3984956.441751629,66.00423578627917,3984956.441751629,66.00423578627917,3.5175357309781163,3.5213036798078052,0.07910064889539963,0.13312888042762194,0.01921800833157227,0.03659966759503618,0.0042381571988482905
203,6,10.15,23,0.4067931370013748,-3.9062638266073497,8135862.740027497,20000000.0,5.000000000000001,5.000000000000001,1627172.548005499,62.114336086672274,1627172.548005499,62.114336086672274,51.882851088585426,51.89248217602627,,,,,,0.8374859538314057,-0.7702246814146657,16749719.076628113,20000000.0,5.000000000000001,5.000000000000001,3349943.815325622,65.25037523186496,3349943.815325622,65.25037523186496,24.133411407019093,24.137001606857986,0.9986615281110243,1.7301608002968862,0.08892391007006148,0.08898199045048584,0.015129856696818118,0.9962360604891386,-0.01637742278391467,19924721.20978277,20000000.0,5.000000000000001,5.000000000000001,3984944.2419565534,66.0042224904957,3984944.2419565534,66.0042224904957,3.5189812951075643,3.522646467992451,0.07879555337082617,0.1328747548495693,0.01915296371753037,0.03664628356205822,0.004216873084251739
204,6,10.200000000000001,24,0.40633064975179545,-3.9112041735846406,8126612.995035909,20000000.0,5.000000000000001,5.000000000000001,1625322.5990071816,62.10939573969498,1625322.5990071816,62.10939573969498,51.91493869111056,51.914678373315056,,,,,,0.8368822701312771,-0.7733563284130849,16737645.402625542,20000000.0,5.000000000000001,5.000000000000001,3347529.0805251077,65.24724358486654,3347529.0805251077,65.24724358486654,24.17843337501796,24.17842968061533,1.0000361407809277,1.7270280137661338,0.08868055232960415,0.0887692347681934,0.015017323045721561,0.9962240030447195,-0.016429985760437835,19924480.06089439,20000000.0,5.000000000000001,5.000000000000001,3984896.012178877,66.00416992751919,3984896.012178877,66.00416992751919,3.524645595963223,3.528399560995225,0.07909699770120894,0.13309936573455827,0.019086546031628293,0.03669082563360421,0.004195544820451808
205,6,10.25,25,0.40634890430217746,-3.9110090696113136,8126978.08604355,20000000.0,5.000000000000001,5.000000000000001,1625395.6172087097,62.10959084366831,1625395.6172087097,62.10959084366831,51.91006154321259,51.90744638509833,,,,,,0.8358279167085757,-0.7788312748527078,16716558.334171515,20000000.0,5.000000000000001,5.000000000000001,3343311.6668343022,65.24176863842692,3343311.6668343022,65.24176863842692,24.26382779191419,24.260585659323176,1.003415275567144,1.7320039754957086,0.08835715880186568,0.08852785262610335,0.014894051385483978,0.996237682903413,-0.016370350112878903,19924753.65806826,20000000.0,5.000000000000001,5.000000000000001,3984950.731613651,66.00422956316675,3984950.731613651,66.00422956316675,3.518145885191018,3.521751198270521,0.07883633237654046,0.1327226239601353,0.019007464392090234,0.03673436663711331,0.004174139466479657
206,6,10.3,26,0.4066249088610957,-3.908060210507052,8132498.177221914,20000000.0,5.000000000000001,5.000000000000001,1626499.6354443824,62.112539702772565,1626499.6354443824,62.112539702772565,51.888639883280575,51.885690593386904,,,,,,0.8357106473397927,-0.7794406468521062,16714212.946795855,20000000.0,5.000000000000001,5.000000000000001,3342842.5893591703,65.24115926642752,3342842.5893591703,65.24115926642752,24.267943719407093,24.26996768836512,1.0039869294954655,1.7325239871565756,0.08811581613143232,0.08829930508933505,0.014781145620468122,0.9962519420944095,-0.016308189809622092,19925038.84188819,20000000.0,5.000000000000001,5.000000000000001,3985007.768377637,66.00429172347,3985007.768377637,66.00429172347,3.511554626763047,3.5151854340326474,0.07829326169454934,0.13219202793189372,0.01893502642771527,0.036778468996590416,0.004153168584013895
207,6,10.350000000000001,27,0.4063186230610603,-3.911332719209351,8126372.461221206,20000000.0,5.000000000000001,5.000000000000001,1625274.4922442408,62.10926719407027,1625274.4922442408,62.10926719407027,51.91181421583078,51.91193132229311,,,,,,0.8364907563488916,-0.7753885385143712,16729815.126977831,20000000.0,5.000000000000001,5.000000000000001,3345963.0253955657,65.24521137476525,3345963.0253955657,65.24521137476525,24.21111992393596,24.212214732445588,1.001738654775857,1.7313354240712724,0.0878448466913909,0.08811015160947769,0.014673188816576171,0.9962459070142783,-0.01633449851555121,19924918.140285566,20000000.0,5.000000000000001,5.000000000000001,3984983.6280571125,66.00426541476408,3984983.6280571125,66.00426541476408,3.5143810112018956,3.5178772233467916,0.07839493262727917,0.13237346973063285,0.018866865658916373,0.03682438726796157,0.0041332463721859515
208,6,10.4,28,0.40607740690701516,-3.913911728556071,8121548.138140303,20000000.0,5.000000000000001,5.000000000000001,1624309.6276280603,62.10668818472355,1624309.6276280603,62.10668818472355,51.93283477719399,51.934745953733625,,,,,,0.837529723600504,-0.7699977107724915,16750594.472010082,20000000.0,5.000000000000001,5.000000000000001,3350118.894402016,65.25060220250714,3350118.894402016,65.25060220250714,24.12485930023397,24.12601604587475,0.9983403684349774,1.73207671408641,0.08762180796428937,0.0878998093335294,0.014566414655414925,0.9962509629202249,-0.016312458309749582,19925019.258404497,20000000.0,5.000000000000001,5.000000000000001,3985003.8516808986,66.00428745496987,3985003.8516808986,66.00428745496987,3.512000420606558,3.51594706385481,0.07833572105358709,0.1320348009216908,0.018792826938960772,0.03686965751013878,0.004113419162898179
209,6,10.450000000000001,29,0.405845615039233,-3.9163914200820322,8116912.30078466,20000000.0,5.000000000000001,5.000000000000001,1623382.4601569315,62.104208493197596,1623382.4601569315,62.104208493197596,51.947184196748445,51.94966475171252,,,,,,0.8364273909819412,-0.7757175352350704,16728547.819638824,20000000.0,5.000000000000001,5.000000000000001,3345709.563927764,65.24488237804455,3345709.563927764,65.24488237804455,24.218050052375276,24.217081353304554,1.0017127414480118,1.733283424471307,0.08738726499639927,0.08768113179579855,0.014458303278333879,0.996250901805025,-0.016312724728512317,19925018.0361005,20000000.0,5.000000000000001,5.000000000000001,3985003.6072200993,66.00428718855112,3985003.6072200993,66.00428718855112,3.512050975710383,3.5157098690442523,0.07808145799243867,0.1318482105141158,0.018720617190762154,0.036912895585555265,0.004093630164823018
210,7,10.5,0,0.4055667973086217,-3.9193760677108935,8111335.946172434,20000000.0,5.000000000000001,5.000000000000001,1622267.1892344865,62.101223845568725,1622267.1892344865,62.101223845568725,51.966814037446014,51.97295479564021,,,,,,0.8376772950952661,-0.7692325577458875,16753545.901905322,20000000.0,5.000000000000001,5.000000000000001,3350709.180381064,65.25136735553373,3350709.180381064,65.25136735553373,24.117071589585386,24.118251291715055,0.9965236135579305,1.731962904112239,0.08720348802360209,0.08743744658305957,0.014351131945724363,0.9962579813314211,-0.016281863142153977,19925159.62662842,20000000.0,5.000000000000001,5.000000000000001,3985031.9253256833,66.00431805013747,3985031.9253256833,66.00431805013747,3.5086916620348303,3.5123870697627226,0.07805619355986823,0.13177002191308024,0.018648687980581436,0.03695427251353834,0.004073709153121002
211,7,10.55,1,0.4054603170003386,-3.9205164441488334,8109206.3400067715,20000000.0,5.000000000000001,5.000000000000001,1621841.268001354,62.10008346913079,1621841.268001354,62.10008346913079,51.968110353718416,51.96872826547424,,,,,,0.8363386818792479,-0.776178159998514,16726773.637584958,20000000.0,5.000000000000001,5.000000000000001,3345354.727516991,65.2444217532811,3345354.727516991,65.2444217532811,24.231424837668026,24.230266607918896,1.0019503398715532,1.7333185771621864,0.0870079738391459,0.08723994678621193,0.014251513790677217,0.9962582650548027,-0.01628062631912407,19925165.301096056,20000000.0,5.000000000000001,5.000000000000001,3985033.0602192106,66.00431928696051,3985033.0602192106,66.00431928696051,3.5085192411624972,3.5124843415832836,0.07785488963427734,0.1313477830490547,0.01857726237053837,0.036997216691404974,0.004054446558141183
212,7,10.600000000000001,2,0.4055292456325978,-3.919778202225961,8110584.912651956,20000000.0,5.000000000000001,5.000000000000001,1622116.9825303908,62.10082171105366,1622116.9825303908,62.10082171105366,51.95754129213738,51.95505536196371,,,,,,0.8371450708639816,-0.7719927555944541,16742901.41727963,20000000.0,5.000000000000001,5.000000000000001,3348580.2834559255,65.24860715768517,3348580.2834559255,65.24860715768517,24.170911877811495,24.169453844348105,0.9992368979019768,1.7326950491016688,0.08679591828463265,0.08702061533346342,0.014147736762854949,0.9962563286249249,-0.01628906772089075,19925126.572498497,20000000.0,5.000000000000001,5.000000000000001,3985025.3144996986,66.00431084555873,3985025.3144996986,66.00431084555873,3.5094135649041163,3.512839656882707,0.07800579754611474,0.1315095154569705,0.018512110614102066,0.03704028311898691,0.004035796488809032
213,7,10.65,3,0.40593833273211727,-3.9153993634472566,8118766.654642345,20000000.0,5.000000000000001,5.000000000000001,1623753.3309284688,62.10520054983236,1623753.3309284688,62.10520054983236,51.927006194820855,51.92557301945642,,,,,,0.8357052278360533,-0.7794688105258353,16714104.556721065,20000000.0,5.000000000000001,5.000000000000001,3342820.9113442125,65.24113110275378,3342820.9113442125,65.24113110275378,24.27876647800429,24.283236316675065,1.0043120299196322,1.7317776854992732,0.08662434361626518,0.08683228950003706,0.014053305256793847,0.9962560869422864,-0.016290121279558027,19925121.73884573,20000000.0,5.000000000000001,5.000000000000001,3985024.347769145,66.00430979200007,3985024.347769145,66.00430979200007,3.5096120825308907,3.5132434611209766,0.07796984796433813,0.13124293720683444,0.01844776792569334,0.03708249846495887,0.004017111340367063
214,7,10.700000000000001,4,0.406021986452075,-3.9145044835316134,8120439.7290415,20000000.0,5.000000000000001,5.000000000000001,1624087.9458082998,62.10609542974801,1624087.9458082998,62.10609542974801,51.92347007050546,51.929023553726815,,,,,,0.8366162637129416,-0.7747369704425886,16732325.274258833,20000000.0,5.000000000000001,5.000000000000001,3346465.054851766,65.24586294283704,3346465.054851766,65.24586294283704,24.204227974759974,24.20233526409823,1.000426151204951,1.7280152913503215,0.0863462787738073,0.08661827040622636,0.013946742577298863,0.9962669008847106,-0.016242980688948187,19925338.017694212,20000000.0,5.000000000000001,5.000000000000001,3985067.603538842,66.00435693259067,3985067.603538842,66.00435693259067,3.504458264097951,3.5081175047526343,0.07762745279865808,0.13101514952547197,0.018387549288495345,0.037125241652258834,0.003998820625229862
215,7,10.75,5,0.4055902368073833,-3.9191250769767825,8111804.736147666,20000000.0,5.000000000000001,5.000000000000001,1622360.947229533,62.10147483630284,1622360.947229533,62.10147483630284,51.96076960206766,51.9651984073458,,,,,,0.8385571883584675,-0.7646731380734926,16771143.76716935,20000000.0,5.000000000000001,5.000000000000001,3354228.7534338697,65.25592677520613,3354228.7534338697,65.25592677520613,24.04622429193709,24.044729932193157,0.9945622014677241,1.729408888624802,0.08619137539706777,0.08644965178333583,0.013858456877168291,0.9962690762212608,-0.01623349793259246,19925381.524425216,20000000.0,5.000000000000001,5.000000000000001,3985076.3048850424,66.00436641534702,3985076.3048850424,66.00436641534702,3.503453736352923,3.506673549787679,0.07766537446422742,0.13075711432719034,0.01832131554388166,0.037166747314847134,0.003980454713440356
216,7,10.8,6,0.40552863681569495,-3.919784722249429,8110572.736313899,20000000.0,5.000000000000001,5.000000000000001,1622114.5472627794,62.10081519103019,1622114.5472627794,62.10081519103019,51.97173920989843,51.97340613077307,,,,,,0.835252579393967,-0.7818217451672503,16705051.587879341,20000000.0,5.000000000000001,5.000000000000001,3341010.3175758678,65.23877816811238,3341010.3175758678,65.23877816811238,24.31502276849745,24.31552558184203,1.005802303465937,1.7327539080960466,0.08604151819748027,0.08625742154381001,0.01376749324739747,0.9962741593429668,-0.01621133960078456,19925483.186859336,20000000.0,5.000000000000001,5.000000000000001,3985096.6373718665,66.00438857367884,3985096.6373718665,66.00438857367884,3.5011060422034426,3.504830771805686,0.07753343729489472,0.13061775554727428,0.01826895245184365,0.03720915132642598,0.003962907174024206
217,7,10.850000000000001,7,0.40633283294683537,-3.9111808392136753,8126656.658936707,20000000.0,5.000000000000001,5.000000000000001,1625331.3317873413,62.109419074065954,1625331.3317873413,62.109419074065954,51.91605504446812,51.91129435705377,,,,,,0.8379437682974158,-0.7678512449327152,16758875.365948316,20000000.0,5.000000000000001,5.000000000000001,3351775.073189663,65.25274866834691,3351775.073189663,65.25274866834691,24.090137048293435,24.091438454900345,0.9968253590401999,1.7236980190482072,0.08590451021445802,0.08608141931181096,0.013680739682264015,0.9962776937294777,-0.01619593257831501,19925553.874589555,20000000.0,5.000000000000001,5.000000000000001,3985110.7749179103,66.00440398070131,3985110.7749179103,66.00440398070131,3.4994054485010664,3.502959873602903,0.07726606159548359,0.1303693741217082,0.01821602407807005,0.03725154352202297,0.003945708690602262
218,7,10.9,8,0.4073398737755835,-3.900430755189184,8146797.47551167,20000000.0,5.000000000000001,5.000000000000001,1629359.4951023338,62.12016915809044,1629359.4951023338,62.12016915809044,51.84888631014957,51.84571322772712,,,,,,0.8360568275796679,-0.777642021477152,16721136.55159336,20000000.0,5.000000000000001,5.000000000000001,3344227.310318671,65.24295789180246,3344227.310318671,65.24295789180246,24.237882593631518,24.23766218669581,1.0042483917963625,1.7329125751577439,0.08576548876148156,0.08586172290987644,0.013587713849475856,0.996286039178184,-0.016159553492794954,19925720.78356368,20000000.0,5.000000000000001,5.000000000000001,3985144.1567127355,66.00444035978683,3985144.1567127355,66.00444035978683,3.4954564657876452,3.4990487563053874,0.07738898130015226,0.13042649916432156,0.01816072593898236,0.03729118417324767,0.003928028741786457
219,7,10.950000000000001,9,0.40759077336150684,-3.8977565568508594,8151815.4672301365,20000000.0,5.000000000000001,5.000000000000001,1630363.093446027,62.12284335642877,1630363.093446027,62.12284335642877,51.83663844637822,51.83364211456488,,,,,,0.8366294771773063,-0.7746683787884125,16732589.543546125,20000000.0,5.000000000000001,5.000000000000001,3346517.9087092243,65.2459315344912,3346517.9087092243,65.2459315344912,24.202174275204335,24.20370020848043,1.0013989125689253,1.7307191528991492,0.08558922078329084,0.08569183113608482,0.01350005790736348,0.9962820803293623,-0.01617681068145666,19925641.606587246,20000000.0,5.000000000000001,5.000000000000001,3985128.3213174483,66.00442310259817,3985128.3213174483,66.00442310259817,3.4973462494389578,3.5009672021020166,0.07720292958984767,0.13041109768475986,0.018108382511595,0.03733512849487134,0.003911775989942657
220,7,11.0,10,0.40700410801601644,-3.904012072866134,8140082.160320329,20000000.0,5.000000000000001,5.000000000000001,1628016.4320640655,62.11658784041349,1628016.4320640655,62.11658784041349,51.8810827884462,51.879040278464444,,,,,,0.8356049418929218,-0.7799900020144721,16712098.837858435,20000000.0,5.000000000000001,5.000000000000001,3342419.7675716863,65.24060991126515,3342419.7675716863,65.24060991126515,24.28722112741403,24.29099487513216,1.004226691310239,1.7371529440749627,0.08536055533964693,0.08547942019006677,0.013402224669963051,0.9962826513895567,-0.016174321344098203,19925653.027791135,20000000.0,5.000000000000001,5.000000000000001,3985130.6055582264,66.00442559193553,3985130.6055582264,66.00442559193553,3.497091906300414,3.5007120946349253,0.07705719369919287,0.1302534280411334,0.018056170878723108,0.03737772850526616,0.0038951987881029977
221,7,11.05,11,0.40601366221115603,-3.9145935232653546,8120273.244223121,20000000.0,5.000000000000001,5.000000000000001,1624054.648844624,62.10600639001427,1624054.648844624,62.10600639001427,51.950688687762465,51.94428531473803,,,,,,0.836949623369952,-0.773006817329873,16738992.46739904,20000000.0,5.000000000000001,5.000000000000001,3347798.4934798074,65.24759309594975,3347798.4934798074,65.24759309594975,24.173204278214392,24.177093921088932,1.000291721214982,1.7304931903986636,0.08501152727782749,0.08526825209465447,0.013296019973988826,0.996264596120462,-0.016253027670857817,19925291.92240924,20000000.0,5.000000000000001,5.000000000000001,3985058.3844818473,66.00434688560877,3985058.3844818473,66.00434688560877,3.505551590305923,3.509206783189574,0.07734929560573366,0.1301956187373003,0.01799953983436226,0.037417649122443185,0.003877699502947137
222,7,11.100000000000001,12,0.4058432861265457,-3.9164163417959417,8116865.722530914,20000000.0,5.000000000000001,5.000000000000001,1623373.1445061825,62.10418357148369,1623373.1445061825,62.10418357148369,51.954933055167785,51.95046879556461,,,,,,0.836045976072449,-0.7776983906154046,16720919.521448981,20000000.0,5.000000000000001,5.000000000000001,3344183.9042897956,65.24290152266423,3344183.9042897956,65.24290152266423,24.245214208742926,24.24346104706275,1.002558027074874,1.7254700892899806,0.08483077692777498,0.08505958671227135,0.013204232859216297,0.9962718175346095,-0.016221547992049515,19925436.35069219,20000000.0,5.000000000000001,5.000000000000001,3985087.2701384374,66.00437836528758,3985087.2701384374,66.00437836528758,3.50215446966398,3.5055014343307165,0.07713311482854508,0.12996091046194716,0.01794541341389299,0.037456910686328934,0.003860348944650804
223,7,11.15,13,0.4056854534249667,-3.9181056441923494,8113709.068499334,20000000.0,5.000000000000001,5.000000000000001,1622741.8136998666,62.10249426908727,1622741.8136998666,62.10249426908727,51.95998401981301,51.96326740090559,,,,,,0.8362760795203236,-0.7765032540928039,16725521.590406472,20000000.0,5.000000000000001,5.000000000000001,3345104.3180812937,65.24409665918682,3345104.3180812937,65.24409665918682,24.22658452904543,24.226379486204657,1.002525315228324,1.7334781804317025,0.08469170449498484,0.0849207543364867,0.013127303963080825,0.996281753375231,-0.016178235924379048,19925635.06750462,20000000.0,5.000000000000001,5.000000000000001,3985127.013500923,66.00442167735524,3985127.013500923,66.00442167735524,3.4974514980149287,3.5009262013663403,0.07693737687298242,0.12983207193855012,0.01789653783933406,0.03749690008846692,0.003843494105631002
224,7,11.200000000000001,14,0.4058836549245197,-3.915984375199073,8117673.098490395,20000000.0,5.000000000000001,5.000000000000001,1623534.6196980786,62.10461553808055,1623534.6196980786,62.10461553808055,51.937273081700766,51.93508225340431,,,,,,0.836136203945872,-0.7772297159931328,16722724.07891744,20000000.0,5.000000000000001,5.000000000000001,3344544.8157834876,65.2433701972865,3344544.8157834876,65.2433701972865,24.242811777901537,24.240628453502172,1.0037571961706533,1.726874725655915,0.08454292818586287,0.08475903359800788,0.013046849205091606,0.996283867539216,-0.016169019969401902,19925677.35078432,20000000.0,5.000000000000001,5.000000000000001,3985135.4701568633,66.00443089331021,3985135.4701568633,66.00443089331021,3.4964321458341914,3.4998524854972493,0.07697661487454109,0.1296229395247968,0.01784632436254242,0.037535799234783056,0.003826580975344416
225,7,11.25,15,0.405636106374699,-3.918633946476371,8112722.127493979,20000000.0,5.000000000000001,5.000000000000001,1622544.4254987957,62.101965966803256,1622544.4254987957,62.101965966803256,51.95022328486574,51.94351972291537,,,,,,0.8356931409879819,-0.7795316232163227,16713862.819759637,20000000.0,5.000000000000001,5.000000000000001,3342772.563951927,65.2410682900633,3342772.563951927,65.2410682900633,24.27675209716653,24.27693214314433,1.0039417798658483,1.7361365039002377,0.08438924953122456,0.08460103888630215,0.012967153834044709,0.9962919970817248,-0.01613358226773497,19925839.941634495,20000000.0,5.000000000000001,5.000000000000001,3985167.9883268983,66.00446633101188,3985167.9883268983,66.00446633101188,3.4926398942846584,3.4959425840545832,0.07678394987511701,0.12941071702206736,0.017797626561636817,0.037573191134799976,0.003809649921944365
226,7,11.3,16,0.4053553957496485,-3.92164041645837,8107107.91499297,20000000.0,5.000000000000001,5.000000000000001,1621421.5829985938,62.09895949682125,1621421.5829985938,62.09895949682125,51.977435498353636,51.98047950476879,,,,,,0.8344922255671774,-0.7857770501110067,16689844.511343548,20000000.0,5.000000000000001,5.000000000000001,3337968.902268709,65.23482286316862,3337968.902268709,65.23482286316862,24.372993704508353,24.37521698868413,1.0078886754078278,1.7351072828876315,0.08421558355310647,0.08443850294848165,0.012885738904872598,0.9962899081458477,-0.016142688175221877,19925798.162916955,20000000.0,5.000000000000001,5.000000000000001,3985159.63258339,66.0044572251044,3985159.63258339,66.0044572251044,3.4935910704923288,3.4971204923439076,0.0767274892900323,0.12932588866483882,0.017742454651257438,0.037610695482101095,0.003792564199159894
227,7,11.350000000000001,17,0.4056216474255699,-3.9187887540401114,8112432.9485113975,20000000.0,5.000000000000001,5.000000000000001,1622486.5897022793,62.10181115923951,1622486.5897022793,62.10181115923951,51.966307690148405,51.97007108998609,,,,,,0.8374897246150002,-0.7702051273336291,16749794.492300004,20000000.0,5.000000000000001,5.000000000000001,3349958.8984600003,65.25039478594599,3349958.8984600003,65.25039478594599,24.13264136419383,24.132376192555654,0.9980784793678895,1.7311615307988166,0.08417353651661377,0.08426334327856039,0.012813149276028704,0.9962940085147652,-0.016124814221911737,19925880.170295306,20000000.0,5.000000000000001,5.000000000000001,3985176.0340590603,66.00447509905771,3985176.0340590603,66.00447509905771,3.4915778712720473,3.4948205974768825,0.07676735111761904,0.12915383681196427,0.017689577880221827,0.0376468127833665,0.0037753443836720303
228,7,11.4,18,0.4066082454328864,-3.90823818738573,8132164.908657728,20000000.0,5.000000000000001,5.000000000000001,1626432.9817315452,62.11236172589389,1626432.9817315452,62.11236172589389,51.90443846052184,51.90881964754267,,,,,,0.8352933171618221,-0.7816099319171685,16705866.343236443,20000000.0,5.000000000000001,5.000000000000001,3341173.268647288,65.23898998136245,3341173.268647288,65.23898998136245,24.303897656341114,24.301926918091628,1.0055810175248536,1.731076442035421,0.08392319283376823,0.08405030859613663,0.012719471476861638,0.9962947799294658,-0.016121451549697016,19925895.598589316,20000000.0,5.000000000000001,5.000000000000001,3985179.1197178625,66.00447846172993,3985179.1197178625,66.00447846172993,3.4912007635184006,3.4947058323188784,0.07663865615823726,0.1290683158891573,0.017636437268263368,0.037681853737566606,0.0037584207632186347
229,7,11.450000000000001,19,0.4075813849930716,-3.897856592568809,8151627.699861432,20000000.0,5.000000000000001,5.000000000000001,1630325.5399722862,62.12274332071082,1630325.5399722862,62.12274332071082,51.8485453996165,51.84993445200287,,,,,,0.8367917276577824,-0.7738262179699152,16735834.55315565,20000000.0,5.000000000000001,5.000000000000001,3347166.9106311295,65.24677369530971,3347166.9106311295,65.24677369530971,24.187178966249824,24.185597143580896,1.000647105814735,1.729649393955461,0.0837848780814574,0.08388193691905226,0.012641664699478727,0.9962851229607734,-0.016163547409531392,19925702.45921547,20000000.0,5.000000000000001,5.000000000000001,3985140.491843093,66.00443636587009,3985140.491843093,66.00443636587009,3.4958115804852254,3.499047515365812,0.0767910302738986,0.1290105785730059,0.017586498953099647,0.037716448519379005,0.003741432962110963
230,7,11.5,20,0.4091232445454311,-3.8814584513855124,8182464.890908621,20000000.0,5.000000000000001,5.000000000000001,1636492.978181724,62.139141461894106,1636492.978181724,62.139141461894106,51.74986972223498,51.75574033978393,,,,,,0.8341976940106761,-0.7873101501742658,16683953.880213523,20000000.0,5.000000000000001,5.000000000000001,3336790.776042704,65.23328976310536,3336790.776042704,65.23328976310536,24.39600278109993,24.397554868204022,1.00803771447262,1.7380716831603416,0.08365338498483518,0.08375431623091782,0.012571128768282138,0.9962985327000111,-0.016105092892570623,19925970.654000223,20000000.0,5.000000000000001,5.000000000000001,3985194.1308000437,66.00449482038705,3985194.1308000437,66.00449482038705,3.4895137006578336,3.492631283362737,0.07652326403015382,0.12902141686445906,0.01753646936568389,0.03775436141677819,0.0037256945931124926
231,7,11.55,21,0.4101840557028737,-3.870212251349851,8203681.114057474,20000000.0,5.000000000000001,5.000000000000001,1640736.2228114945,62.15038766192977,1640736.2228114945,62.15038766192977,51.67736597244139,51.67493983925791,,,,,,0.8364957350725772,-0.7753626897435091,16729914.701451546,20000000.0,5.000000000000001,5.000000000000001,3345982.9402903086,65.24523722353611,3345982.9402903086,65.24523722353611,24.204971481332894,24.206174334974396,1.001210408992526,1.7352683097146535,0.08351052925974518,0.08358604543631196,0.01249426704750867,0.996278783772002,-0.016191180899166498,19925575.67544004,20000000.0,5.000000000000001,5.000000000000001,3985115.135088007,66.00440873238045,3985115.135088007,66.00440873238045,3.4988674507084228,3.502068463768201,0.07675775529160192,0.1289586994455095,0.017486205741566542,0.03779076871679217,0.0037097918455290674
232,7,11.600000000000001,22,0.4105059391877095,-3.866805551394488,8210118.78375419,20000000.0,5.000000000000001,5.000000000000001,1642023.756750838,62.15379436188513,1642023.756750838,62.15379436188513,51.66019477964271,51.6635015395736,,,,,,0.8390587435941793,-0.7620763258522871,16781174.871883586,20000000.0,5.000000000000001,5.000000000000001,3356234.9743767167,65.25852358742733,3356234.9743767167,65.25852358742733,24.00830276093227,24.010391124319828,0.9928339157423357,1.7288343341160108,0.08332666614751745,0.08342010057060906,0.012415317672029042,0.9963015198414004,-0.016092071724370213,19926030.396828007,20000000.0,5.000000000000001,5.000000000000001,3985206.079365601,66.00450784155525,3985206.079365601,66.00450784155525,3.4881101468720397,3.491400685575196,0.07642789372542494,0.1287209356264069,0.017434657234541795,0.037825494421635235,0.003693625065669086
233,7,11.65,23,0.41002745212759784,-3.871870654548679,8200549.042551957,20000000.0,5.000000000000001,5.000000000000001,1640109.808510391,62.148729258730945,1640109.808510391,62.148729258730945,51.692954181620586,51.69556056210581,,,,,,0.836577273332803,-0.774939377475244,16731545.466656059,20000000.0,5.000000000000001,5.000000000000001,3346309.0933312112,65.24566053580438,3346309.0933312112,65.24566053580438,24.19968020305295,24.19737486812214,1.001728637786074,1.7305171026486073,0.08315482689608952,0.08327685682795968,0.01234109732903232,0.9962967407364774,-0.016112904211656037,19925934.81472955,20000000.0,5.000000000000001,5.000000000000001,3985186.9629459092,66.00448700906797,3985186.9629459092,66.00448700906797,3.490404926544039,3.493541480461675,0.0764162509681087,0.12844672509265526,0.01738624261623695,0.0378613798977006,0.0036780539577267028
234,7,11.700000000000001,24,0.40910240191532776,-3.881679706714854,8182048.038306555,20000000.0,5.000000000000001,5.000000000000001,1636409.6076613106,62.13892020656477,1636409.6076613106,62.13892020656477,51.750686083646585,51.75049187349229,,,,,,0.8359342820284987,-0.7782786379811997,16718685.640569974,20000000.0,5.000000000000001,5.000000000000001,3343737.1281139944,65.24232127529842,3343737.1281139944,65.24232127529842,24.25425094205882,24.25542312856269,1.003406522059991,1.7343917651749252,0.08300438889521225,0.08313574972805754,0.012269481633275004,0.9963047258847352,-0.01607809638998551,19926094.517694704,20000000.0,5.000000000000001,5.000000000000001,3985218.90353894,66.00452181688964,3985218.90353894,66.00452181688964,3.486616560036933,3.4897141285882114,0.07621643469695298,0.12833163058397173,0.017335592829518243,0.03789639937211663,0.003662566190969081
235,7,11.75,25,0.4082168477020338,-3.8910907528620218,8164336.954040676,20000000.0,5.000000000000001,5.000000000000001,1632867.390808135,62.1295091604176,1632867.390808135,62.1295091604176,51.80538053519965,51.801077621533956,,,,,,0.8374286245579491,-0.7705219835869039,16748572.491158983,20000000.0,5.000000000000001,5.000000000000001,3349714.498231796,65.25007792969272,3349714.498231796,65.25007792969272,24.131922429507433,24.132579354180336,0.9986986078692258,1.7318484938149807,0.08293257991050171,0.08299758079760881,0.012204690682578253,0.9962986166067261,-0.016104727136518622,19925972.332134522,20000000.0,5.000000000000001,5.000000000000001,3985194.466426904,66.0044951861431,3985194.466426904,66.0044951861431,3.489475052653583,3.49271699081389,0.07610218945106281,0.1280695891881059,0.017294741562920914,0.03793130906587784,0.003647549638284211
236,7,11.8,26,0.407412255795288,-3.899659106716269,8148245.11590576,20000000.0,5.000000000000001,5.000000000000001,1629649.0231811516,62.120940806563354,1629649.0231811516,62.120940806563354,51.850263526706634,51.843930261528556,,,,,,0.8369108579509286,-0.7732079763602873,16738217.15901857,20000000.0,5.000000000000001,5.000000000000001,3347643.4318037136,65.24739193691934,3347643.4318037136,65.24739193691934,24.16781997811129,24.16816839277423,1.0000838932021388,1.7284509389677283,0.08272046444594558,0.08279435319717142,0.012120319304388906,0.9962985626478331,-0.016104962347626338,19925971.252956662,20000000.0,5.000000000000001,5.000000000000001,3985194.2505913316,66.004494950932,3985194.2505913316,66.004494950932,3.4894730115210635,3.49276475616731,0.07630522911082271,0.12821955610302818,0.01725721854302242,0.03796442170275457,0.003632614689181889
237,7,11.850000000000001,27,0.40632709580401144,-3.911242159069182,8126541.916080229,20000000.0,5.000000000000001,5.000000000000001,1625308.3832160456,62.109357754210436,1625308.3832160456,62.109357754210436,51.918596567408585,51.91507417291731,,,,,,0.8370740479784171,-0.7723612240578813,16741480.959568342,20000000.0,5.000000000000001,5.000000000000001,3348296.191913668,65.24823868922174,3348296.191913668,65.24823868922174,24.156457383022364,24.160601714508918,0.9989988299995135,1.7368406144566162,0.0826045573672244,0.08261394052441745,0.012047044140012753,0.9963075569018459,-0.01606575585469935,19926151.138036918,20000000.0,5.000000000000001,5.000000000000001,3985230.227607383,66.00453415742493,3985230.227607383,66.00453415742493,3.485268982575678,3.4883683443363998,0.07592200239680776,0.12792047761992903,0.017222374752745566,0.037997776943599314,0.0036179990534598245
238,7,11.9,28,0.40533203661390294,-3.921890691554644,8106640.732278059,20000000.0,5.000000000000001,5.000000000000001,1621328.1464556116,62.09870922172498,1621328.1464556116,62.09870922172498,51.980213326192505,51.977781950908,,,,,,0.8363175338196228,-0.7762879791653268,16726350.676392457,20000000.0,5.000000000000001,5.000000000000001,3345270.135278491,65.2443119341143,3345270.135278491,65.2443119341143,24.22370081975768,24.22406425801352,1.002583089229744,1.7340305652168682,0.08248616039676518,0.0824560541832845,0.01197729374125832,0.996305716295417,-0.016073779139761196,19926114.32590834,20000000.0,5.000000000000001,5.000000000000001,3985222.8651816673,66.00452613413987,3985222.8651816673,66.00452613413987,3.486057477612571,3.4897670061915163,0.07611662129473534,0.1280534223696191,0.017187899409948006,0.03802984224189602,0.0036032363285067336
239,7,11.950000000000001,29,0.40480362011220666,-3.927556123052997,8096072.402244133,20000000.0,5.000000000000001,5.000000000000001,1619214.4804488262,62.09304379022662,1619214.4804488262,62.09304379022662,52.0060068904955,51.99741660644438,,,,,,0.8370646603862983,-0.7724099294540975,16741293.207725966,20000000.0,5.000000000000001,5.000000000000001,3348258.641545193,65.24818998382553,3348258.641545193,65.24818998382553,24.170999517032865,24.172238642313225,0.9985629282169542,1.731712114573821,0.08235972009922717,0.08227299405223501,0.011903849156131789,0.9963102247372918,-0.0160541266679737,19926204.494745836,20000000.0,5.000000000000001,5.000000000000001,3985240.8989491663,66.00454578661166,3985240.8989491663,66.00454578661166,3.4840300646963995,3.4876163863467537,0.07607903428076285,0.12786700849904786,0.01715777826739119,0.038060603972532636,0.003588580746382456
240,8,12.0,0,0.4045022728084586,-3.9307903384058673,8090045.456169171,20000000.0,5.000000000000001,5.000000000000001,1618009.091233834,62.08980957487376,1618009.091233834,62.08980957487376,52.0198560878289,52.01529144699636,,,,,,0.8358833973166154,-0.778543008311338,16717667.94633231,20000000.0,5.000000000000001,5.000000000000001,3343533.5892664613,65.2420569049683,3343533.5892664613,65.2420569049683,24.255448539144815,24.25427201991409,1.0024271041275108,1.7336562485490572,0.08220728683012808,0.08214980548960507,0.011837748553935079,0.9963090325454965,-0.016059323469281024,19926180.65090993,20000000.0,5.000000000000001,5.000000000000001,3985236.1301819854,66.00454058981035,3985236.1301819854,66.00454058981035,3.4844796566583063,3.487815208016586,0.07596641307355011,0.1277532783946529,0.01713286685038227,0.03809414773526296,0.0035747009704379584
241,8,12.05,1,0.404797096251778,-3.927626115001563,8095941.9250355605,20000000.0,5.000000000000001,5.000000000000001,1619188.3850071118,62.09297379827806,1619188.3850071118,62.09297379827806,51.99208418927647,51.98636728135862,,,,,,0.8358759840634438,-0.7785815250378632,16717519.681268876,20000000.0,5.000000000000001,5.000000000000001,3343503.936253775,65.24201838824176,3343503.936253775,65.24201838824176,24.260377895401426,24.26062130900158,1.003653553900339,1.7358739239700682,0.08206678865068485,0.08202731822582796,0.011773081654292389,0.9963033292815212,-0.01608418426128224,19926066.585630424,20000000.0,5.000000000000001,5.000000000000001,3985213.317126084,66.00451572901834,3985213.317126084,66.00451572901834,3.487216034733438,3.490243325773366,0.07592125230652065,0.12764419976598504,0.017108805423443972,0.038127526381253996,0.003561310933072586
242,8,12.100000000000001,2,0.4043888686848716,-3.932008074214685,8087777.373697433,20000000.0,5.000000000000001,5.000000000000001,1617555.4747394864,62.08859183906494,1617555.4747394864,62.08859183906494,52.0164527297227,52.00826685793014,,,,,,0.8366106064746931,-0.7747663377375792,16732212.129493862,20000000.0,5.000000000000001,5.000000000000001,3346442.4258987717,65.24583357554205,3346442.4258987717,65.24583357554205,24.2115138593175,24.211592487541253,1.0019087501136614,1.7349946220322636,0.08194565032106486,0.08189828670309929,0.01170953154993075,0.9963058987400634,-0.016072983854793645,19926117.97480127,20000000.0,5.000000000000001,5.000000000000001,3985223.5949602528,66.00452692942483,3985223.5949602528,66.00452692942483,3.4860147145891625,3.48939244056105,0.07598723586218183,0.12764130967918108,0.01708325242920986,0.038158993480838344,0.0035474632714797144
243,8,12.15,3,0.4041865407126195,-3.934181524524859,8083730.81425239,20000000.0,5.000000000000001,5.000000000000001,1616746.1628504777,62.086418388754765,1616746.1628504777,62.086418388754765,52.032840143374244,52.035886397574515,,,,,,0.8374428332632929,-0.7704482971879012,16748856.665265858,20000000.0,5.000000000000001,5.000000000000001,3349771.333053171,65.25015161609173,3349771.333053171,65.25015161609173,24.13283425726401,24.131794128827547,0.9988452412965911,1.7323326130598928,0.08180387676184436,0.08171821295753742,0.011637415262115102,0.9963066172614332,-0.016069851787083055,19926132.345228665,20000000.0,5.000000000000001,5.000000000000001,3985226.469045732,66.00453006149255,3985226.469045732,66.00453006149255,3.485577748848788,3.489066668621848,0.07583625208485245,0.12753844937113318,0.017060755057864495,0.03819021448711043,0.003534080766858271
244,8,12.200000000000001,4,0.4040443277262103,-3.935709858032071,8080886.554524206,20000000.0,5.000000000000001,5.000000000000001,1616177.310904841,62.08489005524755,1616177.310904841,62.08489005524755,52.042862620116445,52.04742391019654,,,,,,0.8342865965707819,-0.7868473362114914,16685731.931415636,20000000.0,5.000000000000001,5.000000000000001,3337146.3862831267,65.23375257706813,3337146.3862831267,65.23375257706813,24.382338744237202,24.383916683786694,1.008666964553928,1.7376450938445445,0.08168608315223987,0.08153867157842361,0.01156772700076114,0.9963075446062117,-0.016065809451864914,19926150.892124236,20000000.0,5.000000000000001,5.000000000000001,3985230.1784248464,66.00453410382775,3985230.1784248464,66.00453410382775,3.4851368880622275,3.4887593698930788,0.07602357036517692,0.1275048537550926,0.017044605684879397,0.03822066811383924,0.0035211366876435266
245,8,12.25,5,0.40385848143309605,-3.9377079206725347,8077169.628661921,20000000.0,5.000000000000001,5.000000000000001,1615433.925732384,62.08289199260709,1615433.925732384,62.08289199260709,52.05659961478557,52.066798227369915,,,,,,0.8374653395294969,-0.7703315821657887,16749306.790589938,20000000.0,5.000000000000001,5.000000000000001,3349861.358117987,65.25026833111384,3349861.358117987,65.25026833111384,24.132950043600225,24.136223666144595,0.9991092841378129,1.7306220712559337,0.08157735570851786,0.08144635691271589,0.011511422089146685,0.9963123388145846,-0.016044911354252313,19926246.77629169,20000000.0,5.000000000000001,5.000000000000001,3985249.355258337,66.00455500192537,3985249.355258337,66.00455500192537,3.4829412991142825,3.4864428666146807,0.07595124863315189,0.1273278728754768,0.0170331430237985,0.03825334156516649,0.0035088188388177942
246,8,12.3,6,0.40388634918611077,-3.937408251497237,8077726.9837222155,20000000.0,5.000000000000001,5.000000000000001,1615545.3967444429,62.08319166178239,1615545.3967444429,62.08319166178239,52.05585185587298,52.06207646431992,,,,,,0.8365197113088796,-0.7752382109510849,16730394.226177592,20000000.0,5.000000000000001,5.000000000000001,3346078.8452355177,65.24536170232854,3346078.8452355177,65.24536170232854,24.203506174547943,24.20211520108011,1.0004877369671494,1.7308016935730073,0.08143996652830307,0.08129464623196515,0.01144519445881537,0.9963287128137508,-0.015973537360637943,19926574.256275017,20000000.0,5.000000000000001,5.000000000000001,3985314.8512550024,66.00462637591899,3985314.8512550024,66.00462637591899,3.4751442717442322,3.47876883980281,0.07563185315381796,0.1273952609384085,0.01703198447593019,0.03828641892423651,0.003497110032556862
247,8,12.350000000000001,7,0.40443299273516686,-3.9315342286747574,8088659.854703337,20000000.0,5.000000000000001,5.000000000000001,1617731.9709406672,62.08906568460486,1617731.9709406672,62.08906568460486,52.02191720384775,52.023030610680124,,,,,,0.8381730039924483,-0.7666633110169583,16763460.079848966,20000000.0,5.000000000000001,5.000000000000001,3352692.0159697924,65.25393660226267,3352692.0159697924,65.25393660226267,24.072269165477866,24.071398209567924,0.9952453593214006,1.725482290805998,0.08134125428879105,0.08115301948492315,0.011383576363059828,0.9963022952548292,-0.016088691646797642,19926045.905096583,20000000.0,5.000000000000001,5.000000000000001,3985209.181019316,66.00451122163282,3985209.181019316,66.00451122163282,3.4877099719456752,3.491270206130578,0.07596435057477122,0.12738744621340564,0.01703999351417184,0.038319712365487535,0.003485992882950693
248,8,12.4,8,0.4045732239017212,-3.930028637711847,8091464.478034424,20000000.0,5.000000000000001,5.000000000000001,1618292.8956068845,62.09057127556777,1618292.8956068845,62.09057127556777,52.02090689046331,52.0216278595618,,,,,,0.8363769026580433,-0.7759796914306206,16727538.053160867,20000000.0,5.000000000000001,5.000000000000001,3345507.610632173,65.244620221849,3345507.610632173,65.244620221849,24.226188588274763,24.227004078583267,1.0014009716633958,1.73108174171639,0.08126777972479282,0.08103581417273088,0.011327438381672404,0.9963116604877349,-0.016047868195160086,19926233.209754698,20000000.0,5.000000000000001,5.000000000000001,3985246.641950939,66.00455204508447,3985246.641950939,66.00455204508447,3.483255994241213,3.4863785191273586,0.07557161545179739,0.12731612302122788,0.017055170065899076,0.03835248845898824,0.0034749798530537986
249,8,12.450000000000001,9,0.40521597446416086,-3.923134421743267,8104319.489283217,20000000.0,5.000000000000001,5.000000000000001,1620863.8978566432,62.097465491536354,1620863.8978566432,62.097465491536354,51.984995139810565,51.98431273752759,,,,,,0.8365138606264588,-0.7752685859433545,16730277.212529177,20000000.0,5.000000000000001,5.000000000000001,3346055.4425058346,65.24533132733626,3346055.4425058346,65.24533132733626,24.213047071499265,24.21227078487097,1.0009040361734551,1.7321353303729026,0.08106352574911278,0.08087088887534469,0.01125620933626925,0.9963382772624526,-0.01593184662842465,19926765.545249052,20000000.0,5.000000000000001,5.000000000000001,3985353.1090498096,66.00466806665119,3985353.1090498096,66.00466806665119,3.4705885439555515,3.47386671703065,0.07546813511369202,0.12700876225954752,0.0170742320531282,0.03838492438913956,0.0034645024164456336
250,8,12.5,10,0.40636601674894923,-3.910826180359168,8127320.334978985,20000000.0,5.000000000000001,5.000000000000001,1625464.0669957967,62.10977373292046,1625464.0669957967,62.10977373292046,51.90794473779696,51.90651372744727,,,,,,0.8362761770388343,-0.7765027476601837,16725523.540776685,20000000.0,5.000000000000001,5.000000000000001,3345104.7081553363,65.24409716561945,3345104.7081553363,65.24409716561945,24.22929313532638,24.225688253889444,1.0018356852818124,1.7261978465900092,0.08096795667006396,0.08069836260886566,0.011191812823450133,0.9963090329217787,-0.016059321829054053,19926180.658435576,20000000.0,5.000000000000001,5.000000000000001,3985236.1316871145,66.00454059145056,3985236.1316871145,66.00454059145056,3.4846604429036367,3.4876326046109027,0.07566380859918159,0.12696822783115796,0.01709339393834042,0.038415685262561255,0.0034539825726935076
251,8,12.55,11,0.4069011720344927,-3.905110592069759,8138023.440689854,20000000.0,5.000000000000001,5.000000000000001,1627604.6881379706,62.115489321209864,1627604.6881379706,62.115489321209864,51.875372685261496,51.867668738116194,,,,,,0.8381688363568182,-0.7666849054330038,16763376.727136364,20000000.0,5.000000000000001,5.000000000000001,3352675.3454272724,65.25391500784662,3352675.3454272724,65.25391500784662,24.07889568298691,24.078474628605285,0.9965874923485876,1.7269300204323013,0.0808857298352844,0.08051855445047121,0.011127812052891407,0.996312102549332,-0.016045941239195338,19926242.05098664,20000000.0,5.000000000000001,5.000000000000001,3985248.4101973274,66.00455397204043,3985248.4101973274,66.00455397204043,3.4831821333060398,3.4862929581753264,0.07560517853437598,0.12717954585982544,0.017115634210462548,0.03844526515301907,0.003443397200369662
252,8,12.600000000000001,12,0.4075850862566003,-3.8978171542851388,8151701.725132005,20000000.0,5.000000000000001,5.000000000000001,1630340.3450264009,62.12278275899449,1630340.3450264009,62.12278275899449,51.82968784936054,51.82674064804987,,,,,,0.835243526331312,-0.7818688173530752,16704870.52662624,20000000.0,5.000000000000001,5.000000000000001,3340974.1053252476,65.23873109592655,3340974.1053252476,65.23873109592655,24.312193576648205,24.31147110923836,1.0055773346449866,1.7320767604201794,0.0808455454319384,0.08044022905854956,0.011081147363276339,0.9963140665837722,-0.016037379981365268,19926281.331675444,20000000.0,5.000000000000001,5.000000000000001,3985256.266335088,66.00456253329826,3985256.266335088,66.00456253329826,3.4821471628598304,3.4855716401353307,0.0753662880070329,0.1268749719521089,0.01714401718610498,0.038477238589556456,0.003433675593075808
253,8,12.65,13,0.40664404542671434,-3.9078558278164683,8132880.908534287,20000000.0,5.000000000000001,5.000000000000001,1626576.181706857,62.112744085463156,1626576.181706857,62.112744085463156,51.89694243149877,51.889766887966275,,,,,,0.8367800309203366,-0.7738869244021676,16735600.618406732,20000000.0,5.000000000000001,5.000000000000001,3347120.123681346,65.24671298887745,3347120.123681346,65.24671298887745,24.183110894363345,24.18418481468266,1.0008392291654156,1.733652957647974,0.08054823561794083,0.08025250296627953,0.011002010313662056,0.9963177662118804,-0.01602125328855586,19926355.324237607,20000000.0,5.000000000000001,5.000000000000001,3985271.0648475206,66.00457865999107,3985271.0648475206,66.00457865999107,3.4803425745268277,3.4835682755880377,0.07540248911782056,0.1270128982116027,0.01716869762572042,0.038507302931354244,0.0034235449534988057
254,8,12.700000000000001,14,0.40557522931384954,-3.9192857759192767,8111504.58627699,20000000.0,5.000000000000001,5.000000000000001,1622300.917255398,62.10131413736035,1622300.917255398,62.10131413736035,51.967035794734294,51.960045217172976,,,,,,0.8366079424453388,-0.774780167051735,16732158.848906776,20000000.0,5.000000000000001,5.000000000000001,3346431.769781355,65.2458197462279,3346431.769781355,65.2458197462279,24.196253934527213,24.19447652438485,1.001842857597128,1.7347538652094951,0.08040966344566866,0.0801052867423808,0.010939783080513752,0.9963270979465703,-0.015980576488034907,19926541.958931405,20000000.0,5.000000000000001,5.000000000000001,3985308.39178628,66.00461933679159,3985308.39178628,66.00461933679159,3.4759759251042697,3.479243387781062,0.075513646194354,0.1270354580991567,0.01719100231464646,0.03853693584636292,0.0034134959260844625
255,8,12.75,15,0.4048334245490218,-3.9272363772474845,8096668.490980436,20000000.0,5.000000000000001,5.000000000000001,1619333.698196087,62.093363536032136,1619333.698196087,62.093363536032136,52.00991083368966,52.008993662186505,,,,,,0.8373380052791742,-0.7709919649211776,16746760.105583485,20000000.0,5.000000000000001,5.000000000000001,3349352.0211166963,65.24960794835845,3349352.0211166963,65.24960794835845,24.134325212284832,24.134935618996607,0.9987234900393915,1.7286048738328863,0.08022479638117197,0.07994131303257769,0.010872703404888256,0.9963295783983741,-0.015969764324115003,19926591.567967482,20000000.0,5.000000000000001,5.000000000000001,3985318.3135934956,66.00463014895551,3985318.3135934956,66.00463014895551,3.4748354983411422,3.4781532198348772,0.075386393684203,0.12679955807051776,0.017205579312676238,0.03856561775502844,0.0034030678912982796
256,8,12.8,16,0.40382043411377394,-3.9381170867539304,8076408.682275479,20000000.0,5.000000000000001,5.000000000000001,1615281.7364550955,62.08248282652569,1615281.7364550955,62.08248282652569,52.07363317237601,52.072097654887465,,,,,,0.8380615354736527,-0.7672409170923662,16761230.709473053,20000000.0,5.000000000000001,5.000000000000001,3352246.14189461,65.25335899618726,3352246.14189461,65.25335899618726,24.084121441465136,24.08568700361578,0.9966113978727993,1.7288732751413636,0.08022633866939015,0.07979700913580902,0.010821319443043615,0.9963246604351665,-0.015991201503146143,19926493.20870333,20000000.0,5.000000000000001,5.000000000000001,3985298.641740666,66.00460871177647,3985298.641740666,66.00460871177647,3.4770284142725716,3.480476069832929,0.07546022864818598,0.12690821818449968,0.017227948364611074,0.03859280163777469,0.0033927250804732015
257,8,12.850000000000001,17,0.403264742808675,-3.944097464351781,8065294.8561735,20000000.0,5.000000000000001,5.000000000000001,1613058.9712346997,62.07650244892784,1613058.9712346997,62.07650244892784,52.101524603478936,52.10037787368218,,,,,,0.8376624981794377,-0.7693092731551366,16753249.963588754,20000000.0,5.000000000000001,5.000000000000001,3350649.9927177504,65.25129064012448,3350649.9927177504,65.25129064012448,24.111993827796802,24.110893146569804,0.9978764718839142,1.7305339625074214,0.07998500654246878,0.07961818892282987,0.010749277775771882,0.9963247006793536,-0.015991026080126675,19926494.013587072,20000000.0,5.000000000000001,5.000000000000001,3985298.8027174138,66.0046088871995,3985298.8027174138,66.0046088871995,3.4771759112261145,3.480438931213405,0.07530282544286415,0.12678059505930553,0.01724780778168867,0.03861992291346314,0.003382570947952307
258,8,12.9,18,0.40345750506935596,-3.9420220142710036,8069150.101387119,20000000.0,5.000000000000001,5.000000000000001,1613830.0202774236,62.07857789900862,1613830.0202774236,62.07857789900862,52.07696776044319,52.07150036315553,,,,,,0.836648108354082,-0.774571665399847,16732962.16708164,20000000.0,5.000000000000001,5.000000000000001,3346592.4334163275,65.24602824787978,3346592.4334163275,65.24602824787978,24.195234659509815,24.194838391885607,1.0002873338328473,1.7373825962084783,0.07979731633390223,0.07945642831602369,0.010683581198781388,0.9963390034950252,-0.01592868105011531,19926780.069900505,20000000.0,5.000000000000001,5.000000000000001,3985356.0139801004,66.00467123222951,3985356.0139801004,66.00467123222951,3.4703831499938858,3.4734038960546725,0.0750709189709331,0.1265958087640969,0.01726917490916858,0.03864718851589879,0.0033724817632611453
259,8,12.950000000000001,19,0.4032320806763311,-3.9444492322308067,8064641.613526622,20000000.0,5.000000000000001,5.000000000000001,1612928.322705324,62.076150681048816,1612928.322705324,62.076150681048816,52.090579070928946,52.08569226031095,,,,,,0.8364433967000365,-0.775634430250524,16728867.93400073,20000000.0,5.000000000000001,5.000000000000001,3345773.5868001455,65.24496548302909,3345773.5868001455,65.24496548302909,24.216519125342398,24.218221746272057,1.0026797475041809,1.729762671588864,0.07976532047442651,0.07933340252412287,0.010634025501730952,0.9963293152705949,-0.01597091128351602,19926586.305411898,20000000.0,5.000000000000001,5.000000000000001,3985317.2610823787,66.00462900199611,3985317.2610823787,66.00462900199611,3.47494504736477,3.4781199612928893,0.07542247352995521,0.1267601682490598,0.01728918416464752,0.038673585112888265,0.0033621290806733393
260,8,13.0,20,0.4033152596370354,-3.943553459299279,8066305.192740709,20000000.0,5.000000000000001,5.000000000000001,1613261.0385481415,62.077046453980344,1613261.0385481415,62.077046453980344,52.087839588339406,52.0846498094107,,,,,,0.8349390115782608,-0.7834524655516635,16698780.231565217,20000000.0,5.000000000000001,5.000000000000001,3339756.0463130428,65.23714744772796,3339756.0463130428,65.23714744772796,24.335052770668476,24.339696004931582,1.0073128316979638,1.7392980755407124,0.07956691307851162,0.07918061678550617,0.01056982170606079,0.996336680369262,-0.015938807341191148,19926733.60738524,20000000.0,5.000000000000001,5.000000000000001,3985346.7214770475,66.00466110593844,3985346.7214770475,66.00466110593844,3.4715113228924914,3.4744073412686953,0.07518190846713878,0.1267959203008811,0.017309566730473173,0.03869977859513151,0.003352030564139262
261,8,13.05,21,0.4035648140738512,-3.9408670596265036,8071296.281477024,20000000.0,5.000000000000001,5.000000000000001,1614259.2562954044,62.07973285365312,1614259.2562954044,62.07973285365312,52.080689075375595,52.07458114455484,,,,,,0.8352444837294973,-0.7818638392539048,16704889.674589947,20000000.0,5.000000000000001,5.000000000000001,3340977.9349179887,65.23873607402572,3340977.9349179887,65.23873607402572,24.307978677812027,24.312094620740147,1.0060207794256,1.7302828110029107,0.07932302191219762,0.07902231169482743,0.010501955930077127,0.9963355135197897,-0.015943893539398957,19926710.270395793,20000000.0,5.000000000000001,5.000000000000001,3985342.0540791578,66.00465601974022,3985342.0540791578,66.00465601974022,3.47196249496807,3.475116351192754,0.07503079015565858,0.1264628931373256,0.017324403409515868,0.038725602943211826,0.00334173255878432
262,8,13.100000000000001,22,0.4044753946300353,-3.9310789259663643,8089507.892600706,20000000.0,5.000000000000001,5.000000000000001,1617901.5785201408,62.089520987313264,1617901.5785201408,62.089520987313264,52.02792946399561,52.023387041221994,,,,,,0.8361762409340473,-0.7770217662993644,16723524.818680946,20000000.0,5.000000000000001,5.000000000000001,3344704.9637361886,65.24357814698025,3344704.9637361886,65.24357814698025,24.236262733885788,24.236435528316132,1.0015643503452372,1.7302640014568353,0.07904030801905088,0.07886240156097604,0.010431893663012065,0.9963146715613369,-0.016034742877794498,19926293.431226738,20000000.0,5.000000000000001,5.000000000000001,3985258.686245347,66.00456517040183,3985258.686245347,66.00456517040183,3.481831237030452,3.4849017384823058,0.07547194115800884,0.1268431480711377,0.0173295988205547,0.03875057140312304,0.003331164248951622
263,8,13.15,23,0.40585098977094985,-3.9163339055793833,8117019.795418997,20000000.0,5.000000000000001,5.000000000000001,1623403.9590837993,62.10426600770024,1623403.9590837993,62.10426600770024,51.943772335750296,51.93966611213581,,,,,,0.8364826081063009,-0.7754308432739034,16729652.16212602,20000000.0,5.000000000000001,5.000000000000001,3345930.4324252033,65.24516907000572,3345930.4324252033,65.24516907000572,24.204183845808792,24.204016551247868,1.0013442526445957,1.7286960314457818,0.07885703501556134,0.07871785882086901,0.010370919714267254,0.996334970099541,-0.015946262264356748,19926699.40199082,20000000.0,5.000000000000001,5.000000000000001,3985339.880398163,66.00465365101526,3985339.880398163,66.00465365101526,3.4721452500488885,3.4751377390819775,0.07517418217191492,0.12673131495475026,0.017332392955506513,0.0387747886340336,0.003320409751976141
264,8,13.200000000000001,24,0.4070271052031676,-3.903766687890238,8140542.104063352,20000000.0,5.000000000000001,5.000000000000001,1628108.4208126701,62.116833225389385,1628108.4208126701,62.116833225389385,51.87423405986258,51.874417182257694,,,,,,0.8368972145956989,-0.7732787758024482,16737944.291913977,20000000.0,5.000000000000001,5.000000000000001,3347588.858382795,65.24732113747717,3347588.858382795,65.24732113747717,24.17876878970698,24.17757068216877,1.000353624068517,1.728648524998309,0.07867595642753662,0.07855190365525591,0.010307544840041132,0.9963356023891814,-0.015943506165023606,19926712.047783628,20000000.0,5.000000000000001,5.000000000000001,3985342.409556725,66.0046564071146,3985342.409556725,66.0046564071146,3.4720198461232683,3.4751703408664056,0.07519499526720383,0.1265498146155713,0.017335516510565814,0.03879825567846313,0.003309667672160287
265,8,13.25,25,0.40791104825736785,-3.894345316718012,8158220.9651473565,20000000.0,5.000000000000001,5.000000000000001,1631644.193029471,62.12625459656161,1631644.193029471,62.12625459656161,51.81729096781493,51.82256994203825,,,,,,0.8347132826235932,-0.7846267560354441,16694265.652471865,20000000.0,5.000000000000001,5.000000000000001,3338853.1304943725,65.23597315724417,3338853.1304943725,65.23597315724417,24.35845531158713,24.3575032916988,1.0069246879319427,1.7367130287805754,0.07848204081373635,0.07837833499095281,0.010242973077837446,0.9963388691469138,-0.015929266660506657,19926777.382938277,20000000.0,5.000000000000001,5.000000000000001,3985355.4765876546,66.00467064661912,3985355.4765876546,66.00467064661912,3.4705168566982656,3.4734766603496814,0.0751459832875639,0.12658758514535426,0.017333492233458665,0.03881973877332292,0.0032984455008013896
266,8,13.3,26,0.40786005301542916,-3.894888286484202,8157201.060308583,20000000.0,5.000000000000001,5.000000000000001,1631440.2120617162,62.12571162679542,1631440.2120617162,62.12571162679542,51.8216350290974,51.82145128709114,,,,,,0.8374943444553414,-0.7701811704351182,16749886.889106829,20000000.0,5.000000000000001,5.000000000000001,3349977.3778213654,65.25041874284452,3349977.3778213654,65.25041874284452,24.135410745143993,24.136239430745977,0.9980837001646841,1.7302918809173544,0.07828333570407187,0.07821062900296674,0.010179109044272962,0.9963358459846109,-0.01594244435274208,19926716.91969222,20000000.0,5.000000000000001,5.000000000000001,3985343.383938443,66.00465746892688,3985343.383938443,66.00465746892688,3.4718846108542287,3.4748533207721315,0.0750882238298366,0.12634587622505922,0.01733088180915577,0.03884096990211035,0.0032870989802924787
267,8,13.350000000000001,27,0.4070028165097422,-3.9040258539294475,8140056.330194844,20000000.0,5.000000000000001,5.000000000000001,1628011.2660389685,62.11657405935018,1628011.2660389685,62.11657405935018,51.87516768790673,51.8747381528496,,,,,,0.8375128038279042,-0.7700854478150455,16750256.076558083,20000000.0,5.000000000000001,5.000000000000001,3350051.215311616,65.25051446546458,3350051.215311616,65.25051446546458,24.119401734753602,24.123947385662966,0.998595686945238,1.7306297573382998,0.07811136166593727,0.07813975880322238,0.010130079974922667,0.9963380489648819,-0.01593284175617217,19926760.979297638,20000000.0,5.000000000000001,5.000000000000001,3985352.1958595267,66.00466707152346,3985352.1958595267,66.00466707152346,3.47077235839404,3.4737852406987058,0.07512111493745235,0.1262949379696934,0.01732345438110799,0.03886416213976747,0.003276143747574233
268,8,13.4,28,0.40593956079436566,-3.9153862250021247,8118791.215887313,20000000.0,5.000000000000001,5.000000000000001,1623758.2431774624,62.105213688277495,1623758.2431774624,62.105213688277495,51.936601717234154,51.9363962845016,,,,,,0.8376858817704543,-0.769188040285988,16753717.635409087,20000000.0,5.000000000000001,5.000000000000001,3350743.527081817,65.25141187299363,3350743.527081817,65.25141187299363,24.112820934209648,24.11153393572958,0.9980666460930754,1.7352384839973687,0.07793545732045751,0.07801628535122986,0.010074376737431294,0.9963394906743741,-0.015926557483232573,19926789.81348748,20000000.0,5.000000000000001,5.000000000000001,3985357.9626974957,66.00467335579638,3985357.9626974957,66.00467335579638,3.470141841760183,3.4726228618764354,0.07504749280242563,0.12638843746118572,0.017310977442528564,0.038885670194982444,0.0032649410076689067
269,8,13.450000000000001,29,0.404524529269437,-3.9305513881469327,8090490.58538874,20000000.0,5.000000000000001,5.000000000000001,1618098.1170777476,62.09004852513269,1618098.1170777476,62.09004852513269,52.01668463623629,52.01285911983607,,,,,,0.8377891306017439,-0.7686527843446261,16755782.612034878,20000000.0,5.000000000000001,5.000000000000001,3351156.522406975,65.251947128935,3351156.522406975,65.251947128935,24.105320759419282,24.10411155687882,0.9968081501329926,1.7261790508567265,0.07773251073338489,0.07786736735490571,0.010014009869743244,0.9963403742272375,-0.01592270616582012,19926807.48454475,20000000.0,5.000000000000001,5.000000000000001,3985361.496908949,66.0046772071138,3985361.496908949,66.0046772071138,3.4695949971459763,3.472414685672679,0.0750791172617266,0.12640492425762753,0.01730060290196764,0.03890807346148491,0.0032542211424561574
270,9,13.5,0,0.40299712859444037,-3.946980482510307,8059942.571888807,20000000.0,5.000000000000001,5.000000000000001,1611988.5143777612,62.07361943076932,1611988.5143777612,62.07361943076932,52.1095482804141,52.10817730709304,,,,,,0.8375822318865805,-0.7697254417002065,16751644.637731612,20000000.0,5.000000000000001,5.000000000000001,3350328.927546322,65.25087447157942,3350328.927546322,65.25087447157942,24.12166831419733,24.11984104961973,0.9981130208820582,1.731084722857642,0.07767922720238071,0.0777151855265063,0.009963222313391897,0.9963371146465014,-0.015936914364938277,19926742.29293003,20000000.0,5.000000000000001,5.000000000000001,3985348.458586005,66.00466299891468,3985348.458586005,66.00466299891468,3.4711947086067054,3.473754564702864,0.07498778533329499,0.12644863326103464,0.01729366381033399,0.03892862602803039,0.0032434580557518682
271,9,13.55,1,0.401766005336062,-3.960268130321344,8035320.10672124,20000000.0,5.000000000000001,5.000000000000001,1607064.0213442477,62.06033178295827,1607064.0213442477,62.06033178295827,52.183771213294996,52.18059433449777,,,,,,0.8359260993210336,-0.7783211499605351,16718521.986420672,20000000.0,5.000000000000001,5.000000000000001,3343704.397284134,65.24227876331909,3343704.397284134,65.24227876331909,24.257342865104636,24.255096533754294,1.003451949955841,1.7315720599389892,0.07746433253138592,0.07755155099581504,0.009901026531277094,0.9963301050352548,-0.015967468744060475,19926602.100705095,20000000.0,5.000000000000001,5.000000000000001,3985320.420141018,66.00463244453556,3985320.420141018,66.00463244453556,3.4746397562397413,3.477411292740333,0.07506341871001498,0.12636688022540618,0.017282785981928932,0.03894940146008983,0.003232716246505774
272,9,13.600000000000001,2,0.40094131247880926,-3.969191922972465,8018826.249576186,20000000.0,5.000000000000001,5.000000000000001,1603765.2499152368,62.051407990307155,1603765.2499152368,62.051407990307155,52.2353467832197,52.23112047712753,,,,,,0.8363797903680678,-0.7759646968228073,16727595.807361355,20000000.0,5.000000000000001,5.000000000000001,3345519.1614722703,65.24463521645681,3345519.1614722703,65.24463521645681,24.216100347560577,24.213834578368253,1.0010730807132942,1.7286063578401378,0.0772185070233433,0.0773747309288387,0.00983555078625179,0.9963335343128397,-0.015952520748797966,19926670.686256792,20000000.0,5.000000000000001,5.000000000000001,3985334.1372513575,66.00464739253083,3985334.1372513575,66.00464739253083,3.4729685175461875,3.4754565198507272,0.07474326593312766,0.12623928149413258,0.01726882247175553,0.038970232174680736,0.003222097608636173
273,9,13.65,3,0.40113420046895865,-3.9671030874448885,8022684.009379173,20000000.0,5.000000000000001,5.000000000000001,1604536.8018758344,62.053496825834735,1604536.8018758344,62.053496825834735,52.222645979205275,52.21490423556371,,,,,,0.8380868144113766,-0.7671099202964868,16761736.288227532,20000000.0,5.000000000000001,5.000000000000001,3352347.257645506,65.25348999298313,3352347.257645506,65.25348999298313,24.084062512673576,24.0841653976887,0.9966646267447622,1.7231039554802017,0.07706830149246438,0.07722118948762656,0.009779422177479475,0.9963383295357607,-0.015931618773998166,19926766.590715215,20000000.0,5.000000000000001,5.000000000000001,3985353.3181430423,66.00466829450562,3985353.3181430423,66.00466829450562,3.470681981695145,3.4732080974005726,0.0748926477185965,0.1262455236958429,0.01725363190381515,0.03898978210227757,0.0032113414390944387
274,9,13.700000000000001,4,0.4020196240091158,-3.957527469382682,8040392.480182315,20000000.0,5.000000000000001,5.000000000000001,1608078.4960364627,62.06307244389694,1608078.4960364627,62.06307244389694,52.16850098560311,52.16319643525986,,,,,,0.8373379934122221,-0.7709920264704183,16746759.868244443,20000000.0,5.000000000000001,5.000000000000001,3349351.973648888,65.2496078868092,3349351.973648888,65.2496078868092,24.143644875894534,24.143404607964733,0.9980308137281698,1.7289264218682128,0.07694363602173689,0.07710468823239171,0.009730004930319355,0.9963368419089937,-0.01593810320362619,19926736.838179875,20000000.0,5.000000000000001,5.000000000000001,3985347.367635974,66.004661810076,3985347.367635974,66.004661810076,3.47132581517481,3.4736630672013207,0.07500058212515881,0.12633649345578596,0.01723749411408028,0.039009178350001325,0.0032005275957312424
275,9,13.75,5,0.40317372347787456,-3.945077804326461,8063474.469557491,20000000.0,5.000000000000001,5.000000000000001,1612694.893911498,62.07552210895316,1612694.893911498,62.07552210895316,52.10291129126489,52.101327233348115,,,,,,0.8369808392937588,-0.7728448404286726,16739616.785875175,20000000.0,5.000000000000001,5.000000000000001,3347923.3571750345,65.24775507285095,3347923.3571750345,65.24775507285095,24.173702213486315,24.175950956880584,1.000514130879027,1.732605480907378,0.07673229434060828,0.07692296080286783,0.00966720186941791,0.9963375723596765,-0.01593491923439835,19926751.44719353,20000000.0,5.000000000000001,5.000000000000001,3985350.289438705,66.00466499404521,3985350.289438705,66.00466499404521,3.4710419045613454,3.4734790645024503,0.07479068422601773,0.1261922436911532,0.017211553065742506,0.03902561340056002,0.0031890696459452596
276,9,13.8,6,0.40456326844465806,-3.93013550719823,8091265.368893161,20000000.0,5.000000000000001,5.000000000000001,1618253.073778632,62.090464406081395,1618253.073778632,62.090464406081395,52.01825103545265,52.01416179290233,,,,,,0.8369099275788279,-0.7732128043021189,16738198.551576559,20000000.0,5.000000000000001,5.000000000000001,3347639.7103153113,65.2473871089775,3347639.7103153113,65.2473871089775,24.18334679045237,24.181710432985994,0.9999593221694252,1.731236471359841,0.07660315850969501,0.07681328887089149,0.00961920235985041,0.9963282508290802,-0.01597555112815377,19926565.016581602,20000000.0,5.000000000000001,5.000000000000001,3985313.0033163195,66.00462436215147,3985313.0033163195,66.00462436215147,3.4754871171308097,3.477883443471292,0.0750827783764532,0.1264501221057406,0.017180711910607802,0.03904338039774577,0.003177724251327759
277,9,13.850000000000001,7,0.40593919217095326,-3.9153901687218813,8118783.843419065,20000000.0,5.000000000000001,5.000000000000001,1623756.7686838126,62.10520974455775,1623756.7686838126,62.10520974455775,51.92943620076314,51.927936461027954,,,,,,0.8364088774831882,-0.7758136631168131,16728177.549663763,20000000.0,5.000000000000001,5.000000000000001,3345635.5099327522,65.2447862501628,3345635.5099327522,65.2447862501628,24.212398524069776,24.216108121197927,1.0010379621304888,1.7279182016954007,0.07650232593498621,0.07670925444082625,0.009573809861459335,0.996311101156106,-0.016050306334929057,19926222.02312212,20000000.0,5.000000000000001,5.000000000000001,3985244.4046244235,66.00454960694469,3985244.4046244235,66.00454960694469,3.4835715848614557,3.4859899247528303,0.07524576871893832,0.1264763690458112,0.017146899123068885,0.03905946736350295,0.003166157326225022
278,9,13.9,8,0.40630260028842946,-3.9115039823154407,8126052.00576859,20000000.0,5.000000000000001,5.000000000000001,1625210.4011537177,62.10909593096418,1625210.4011537177,62.10909593096418,51.91339044510886,51.9137064739989,,,,,,0.8361650080599474,-0.7770801081627909,16723300.161198948,20000000.0,5.000000000000001,5.000000000000001,3344660.032239789,65.24351980511683,3344660.032239789,65.24351980511683,24.243710788102813,24.24299084918838,1.003941862048897,1.735841050809713,0.07633219289080032,0.07658540142470381,0.009521838264412724,0.9963327037469549,-0.015956141126096564,19926654.0749391,20000000.0,5.000000000000001,5.000000000000001,3985330.8149878187,66.00464377215353,3985330.8149878187,66.00464377215353,3.473312563223113,3.475737152524718,0.07469294424738361,0.1263275797434545,0.017111457928397602,0.0390762747491996,0.0031547757850147054
279,9,13.950000000000001,9,0.40610294035821043,-3.913638660216039,8122058.807164209,20000000.0,5.000000000000001,5.000000000000001,1624411.7614328414,62.10696125306359,1624411.7614328414,62.10696125306359,51.93025003908023,51.93290847142562,,,,,,0.8373856677719211,-0.7707447652436139,16747713.355438422,20000000.0,5.000000000000001,5.000000000000001,3349542.671087684,65.249855148036,3349542.671087684,65.249855148036,24.141828893449876,24.14371238845599,0.9975832056917424,1.7264378747055218,0.07629742507183618,0.07645071851606929,0.009477417919713271,0.9963231657960773,-0.01599771658825414,19926463.315921545,20000000.0,5.000000000000001,5.000000000000001,3985292.6631843084,66.00460219669137,3985292.6631843084,66.00460219669137,3.4778357882911948,3.4801836390891694,0.07498024038937527,0.1262407007122472,0.017077148920609193,0.039092010807900854,0.003143428608254699
280,9,14.0,10,0.4059021060127853,-3.915786953509612,8118042.120255706,20000000.0,5.000000000000001,5.000000000000001,1623608.424051141,62.10481295977001,1623608.424051141,62.10481295977001,51.93735308294839,51.938423253954724,,,,,,0.8353285832177101,-0.7814265768028911,16706571.664354201,20000000.0,5.000000000000001,5.000000000000001,3341314.3328708396,65.23917333647672,3341314.3328708396,65.23917333647672,24.301944455331146,24.300149515860888,1.0051356503076552,1.73112711056828,0.07626682480359778,0.07633381177698402,0.009435665390221866,0.996332552274557,-0.01595680138377301,19926651.04549114,20000000.0,5.000000000000001,5.000000000000001,3985330.2090982273,66.00464311189585,3985330.2090982273,66.00464311189585,3.473445985671126,3.4757402731177924,0.07484008786291256,0.1261167860171108,0.017043987570181295,0.03910773571715766,0.003132158839368914
281,9,14.05,11,0.40524299639395633,-3.922844821024986,8104859.927879127,20000000.0,5.000000000000001,5.000000000000001,1620971.985575825,62.097755092254644,1620971.985575825,62.097755092254644,51.96957482620811,51.97369220996345,,,,,,0.8364292331627957,-0.7757079701717141,16728584.663255915,20000000.0,5.000000000000001,5.000000000000001,3345716.9326511826,65.2448919431079,3345716.9326511826,65.2448919431079,24.220898398534167,24.22075365666469,1.000926421303052,1.7275465823050715,0.07611226111703442,0.07616483600084989,0.009380130195043223,0.9963276324961038,-0.015978246411387228,19926552.649922077,20000000.0,5.000000000000001,5.000000000000001,3985310.5299844146,66.00462166686823,3985310.5299844146,66.00462166686823,3.475663677004235,3.477944388722097,0.07494234924722266,0.12610488606200426,0.01700603946621922,0.039122083723344185,0.0031205957379757884
282,9,14.100000000000001,12,0.4035429240984858,-3.941102634012993,8070858.481969716,20000000.0,5.000000000000001,5.000000000000001,1614171.696393943,62.07949727926663,1614171.696393943,62.07949727926663,52.080400008971125,52.08225077546899,,,,,,0.8365610889342506,-0.7750233967666899,16731221.778685013,20000000.0,5.000000000000001,5.000000000000001,3346244.355737002,65.24557651651294,3346244.355737002,65.24557651651294,24.204714420940803,24.207591839972803,1.0028682647173313,1.7309222596952316,0.0760242115022421,0.07603613272530205,0.009333893319777714,0.9963413365870379,-0.015918511340839762,19926826.731740758,20000000.0,5.000000000000001,5.000000000000001,3985365.3463481506,66.00468140193878,3985365.3463481506,66.00468140193878,3.469208612903194,3.4715577970092575,0.07485166682896484,0.12605600585043766,0.016969775912464492,0.03913672141320158,0.003109176437511999
283,9,14.15,13,0.4021442924685123,-3.9561809074863414,8042885.849370246,20000000.0,5.000000000000001,5.000000000000001,1608577.1698740488,62.06441900579328,1608577.1698740488,62.06441900579328,52.16914487924761,52.16750285412159,,,,,,0.8351636145250452,-0.7822843478627126,16703272.290500904,20000000.0,5.000000000000001,5.000000000000001,3340654.45810018,65.23831556541691,3340654.45810018,65.23831556541691,24.319370938662793,24.323527515571815,1.0067242065799284,1.7376263686076148,0.07595878292331254,0.0759470864371765,0.00929422249956012,0.9963303093581004,-0.015966578112784336,19926606.187162008,20000000.0,5.000000000000001,5.000000000000001,3985321.2374324007,66.00463333516684,3985321.2374324007,66.00463333516684,3.4744416134644425,3.4765701519210084,0.07487245076071865,0.12615267464248153,0.01693961420934409,0.0391518054676455,0.0030981290962444658
284,9,14.200000000000001,14,0.4016758960297142,-3.961242288492894,8033517.920594284,20000000.0,5.000000000000001,5.000000000000001,1606703.5841188566,62.059357624786735,1606703.5841188566,62.059357624786735,52.19880270463599,52.20045617043665,,,,,,0.8355987233627165,-0.7800223221129721,16711974.46725433,20000000.0,5.000000000000001,5.000000000000001,3342394.8934508655,65.24057759116666,3342394.8934508655,65.24057759116666,24.284278956222582,24.282445770664797,1.0040253278034104,1.730423610572166,0.07586728965853864,0.0757523105546636,0.009240309512155145,0.9963336279932102,-0.015952112402951038,19926672.559864204,20000000.0,5.000000000000001,5.000000000000001,3985334.51197284,66.00464780087667,3985334.51197284,66.00464780087667,3.4729534142861773,3.4753864359558326,0.07478313160417778,0.12620103554956646,0.01691369539072215,0.039165473357566156,0.003087134742927271
285,9,14.25,15,0.402488829129711,-3.9524616874865592,8049776.5825942205,20000000.0,5.000000000000001,5.000000000000001,1609955.3165188439,62.068138225793064,1609955.3165188439,62.068138225793064,52.14119320206216,52.14064638459583,,,,,,0.8375319012888235,-0.7699864185548634,16750638.02577647,20000000.0,5.000000000000001,5.000000000000001,3350127.6051552934,65.25061349472476,3350127.6051552934,65.25061349472476,24.119748908162162,24.120554263678553,0.9983876298750431,1.7297709304974607,0.07567272672605226,0.07558107564762068,0.009183274612042826,0.9963367245765347,-0.01593861464554407,19926734.491530694,20000000.0,5.000000000000001,5.000000000000001,3985346.898306138,66.00466129863408,3985346.898306138,66.00466129863408,3.471482096991817,3.473623487626752,0.07480011761417285,0.12616281348187924,0.01688483274050284,0.03917853314540126,0.0030761744456719634
286,9,14.3,16,0.40378799245650693,-3.9384659992288107,8075759.849130139,20000000.0,5.000000000000001,5.000000000000001,1615151.9698260275,62.082133914050814,1615151.9698260275,62.082133914050814,52.058186362255455,52.064388511337334,,,,,,0.8373404509410681,-0.7709792802477565,16746809.018821362,20000000.0,5.000000000000001,5.000000000000001,3349361.803764272,65.24962063303187,3349361.803764272,65.24962063303187,24.142268187076937,24.141357161507237,0.9988087547469201,1.727814348152949,0.0755298876797725,0.07545526475181959,0.009135129271477756,0.9963375950205069,-0.015934820457901566,19926751.900410138,20000000.0,5.000000000000001,5.000000000000001,3985350.380082027,66.00466509282172,3985350.380082027,66.00466509282172,3.470993196432951,3.473209498518455,0.07501744446271616,0.12638135578468007,0.016857099573927788,0.039191758433935436,0.003065257423843223
287,9,14.350000000000001,17,0.4047405659447004,-3.928232653810329,8094811.318894008,20000000.0,5.000000000000001,5.000000000000001,1618962.2637788013,62.09236725946929,1618962.2637788013,62.09236725946929,52.00250709034036,51.99999398057115,,,,,,0.8360056666959087,-0.7779077877339629,16720113.333918175,20000000.0,5.000000000000001,5.000000000000001,3344022.6667836346,65.24269212554566,3344022.6667836346,65.24269212554566,24.25376012053802,24.253172813589938,1.0026908412419755,1.7302462245932655,0.07539830669468575,0.0753687890711674,0.009092854755367405,0.9963315784548771,-0.01596104619860984,19926631.56909754,20000000.0,5.000000000000001,5.000000000000001,3985326.3138195076,66.00463886708101,3985326.3138195076,66.00463886708101,3.473892190732309,3.4759049464144463,0.07496528108448719,0.12625862687942763,0.016831328263571456,0.03920585950147278,0.0030546120965827166
288,9,14.4,18,0.4055667170389673,-3.919376927265267,8111334.340779346,20000000.0,5.000000000000001,5.000000000000001,1622266.868155869,62.10122298601435,1622266.868155869,62.10122298601435,51.95733449125046,51.95691402243788,,,,,,0.8369085804830678,-0.7732197947404772,16738171.609661356,20000000.0,5.000000000000001,5.000000000000001,3347634.3219322707,65.24738011853914,3347634.3219322707,65.24738011853914,24.175292359356114,24.17547156274653,1.0002585822625276,1.7333922910145483,0.0752601988157682,0.07521166819723817,0.00904186423111767,0.996342606146159,-0.015912977472583995,19926852.12292318,20000000.0,5.000000000000001,5.000000000000001,3985370.4245846355,66.00468693580704,3985370.4245846355,66.00468693580704,3.468582270669681,3.470652373718797,0.07460545909005431,0.12605808326663961,0.016802560617112182,0.039218457207134114,0.003043681448312054
289,9,14.450000000000001,19,0.4059061247440259,-3.9157439553547295,8118122.494880518,20000000.0,5.000000000000001,5.000000000000001,1623624.4989761033,62.1048559579249,1623624.4989761033,62.1048559579249,51.94350211409858,51.94136789784416,,,,,,0.8377785658803327,-0.7687075502633223,16755571.317606654,20000000.0,5.000000000000001,5.000000000000001,3351114.2635213304,65.2518923630163,3351114.2635213304,65.2518923630163,24.115871999551075,24.116221185162914,0.9977420487501562,1.7317962202271189,0.07511091716971945,0.0750853839702895,0.00899428452803359,0.9963359346053514,-0.015942058062345773,19926718.69210703,20000000.0,5.000000000000001,5.000000000000001,3985343.738421405,66.00465785521727,3985343.738421405,66.00465785521727,3.471768327408469,3.4738615962670436,0.07486360078616557,0.12613667778958185,0.016773977450572543,0.039231229982824196,0.003032951114221042
290,9,14.5,20,0.40600496719107637,-3.914686530965032,8120099.343821527,20000000.0,5.000000000000001,5.000000000000001,1624019.8687643053,62.10591338231459,1624019.8687643053,62.10591338231459,51.94245115628022,51.933262377425955,,,,,,0.8361617951829756,-0.7770967955080775,16723235.903659511,20000000.0,5.000000000000001,5.000000000000001,3344647.180731902,65.24350311777154,3344647.180731902,65.24350311777154,24.242844904396218,24.240399688196636,1.0021095030851204,1.7321323437305427,0.07497927265333705,0.0749675141394088,0.00894904314088461,0.9963321623419666,-0.01595850107335,19926643.246839333,20000000.0,5.000000000000001,5.000000000000001,3985328.649367866,66.00464141220628,3985328.649367866,66.00464141220628,3.4736238518928184,3.475911059956059,0.07477415424488656,0.12624752146509993,0.01674648581472657,0.03924329714864875,0.003022149071005584
291,9,14.55,21,0.4065361842993108,-3.9090079338565697,8130723.685986216,20000000.0,5.000000000000001,5.000000000000001,1626144.737197243,62.11159197942305,1626144.737197243,62.11159197942305,51.90493467986305,51.90029762899434,,,,,,0.8378319141698043,-0.7684310078565976,16756638.283396086,20000000.0,5.000000000000001,5.000000000000001,3351327.656679217,65.25216890542302,3351327.656679217,65.25216890542302,24.101819778698278,24.104442474405502,0.9961201682014545,1.732419266827271,0.0748457097410876,0.07483844165650223,0.008902649197947452,0.996333499121828,-0.015952674143840093,19926669.98243656,20000000.0,5.000000000000001,5.000000000000001,3985333.996487311,66.00464723913578,3985333.996487311,66.00464723913578,3.4730328582358267,3.4754439933715062,0.07493602141012903,0.12622245417666006,0.01671424574198124,0.03925466420090863,0.0030111888748113316
292,9,14.600000000000001,22,0.4067174062387351,-3.9070724074596344,8134348.124774702,20000000.0,5.000000000000001,5.000000000000001,1626869.62495494,62.11352750581999,1626869.62495494,62.11352750581999,51.88549277128135,51.89099962313669,,,,,,0.8355876202437384,-0.7800800299002885,16711752.404874768,20000000.0,5.000000000000001,5.000000000000001,3342350.480974953,65.24051988337933,3342350.480974953,65.24051988337933,24.29106126005897,24.289612334500422,1.0048269004531103,1.7335635373229112,0.07462919091378692,0.07472666349931115,0.008853653209605461,0.9963244876155276,-0.01599195481805486,19926489.75231055,20000000.0,5.000000000000001,5.000000000000001,3985297.9504621094,66.00460795846158,3985297.9504621094,66.00460795846158,3.4771054384611517,3.479216914663907,0.0747673698229386,0.12608025790899297,0.016679378973126182,0.039266806321801115,0.0030004288378821936
293,9,14.65,23,0.4054928573259359,-3.920167913942621,8109857.1465187175,20000000.0,5.000000000000001,5.000000000000001,1621971.4293037432,62.100431999337005,1621971.4293037432,62.100431999337005,51.96632591268244,51.96789432314976,,,,,,0.8361449279454763,-0.7771844032186705,16722898.558909526,20000000.0,5.000000000000001,5.000000000000001,3344579.7117819046,65.24341551006096,3344579.7117819046,65.24341551006096,24.23807522311235,24.235637184243178,1.0027352332662578,1.7292382488220408,0.07449229521208342,0.07464393034335892,0.008813107512205152,0.9963369327455566,-0.015937707255042004,19926738.65491113,20000000.0,5.000000000000001,5.000000000000001,3985347.7309822254,66.00466220602458,3985347.7309822254,66.00466220602458,3.4713796997346513,3.473309540174816,0.07474541198926406,0.12626807338110946,0.01664162043936583,0.0392783310225696,0.0029897186652625817
294,9,14.700000000000001,24,0.4049262873071914,-3.926240284628065,8098525.746143827,20000000.0,5.000000000000001,5.000000000000001,1619705.1492287652,62.09435962865156,1619705.1492287652,62.09435962865156,51.99975534350294,52.00182647012237,,,,,,0.8373932448207481,-0.7707054684687389,16747864.896414962,20000000.0,5.000000000000001,5.000000000000001,3349572.979282992,65.24989444481088,3349572.979282992,65.24989444481088,24.140314911411114,24.137417036003782,0.9998233461252706,1.7328522539969682,0.07430483133661561,0.07449621197596469,0.00876214161739634,0.996334352247533,-0.01594895543290908,19926687.04495066,20000000.0,5.000000000000001,5.000000000000001,3985337.408990131,66.00465095784672,3985337.408990131,66.00465095784672,3.472534525489981,3.474661416194544,0.07463269076069348,0.12612549254555575,0.01660151545751669,0.039288503474560074,0.002978781864870615
295,9,14.75,25,0.40462124303644575,-3.9295132005428304,8092424.860728915,20000000.0,5.000000000000001,5.000000000000001,1618484.9721457828,62.09108671273679,1618484.9721457828,62.09108671273679,52.018389020460155,52.019429470647786,,,,,,0.836017710101979,-0.7778452241972046,16720354.20203958,20000000.0,5.000000000000001,5.000000000000001,3344070.8404079154,65.24275468908242,3344070.8404079154,65.24275468908242,24.253772402575528,24.252202166331852,1.0037918293004096,1.7365748497279967,0.07423070417586683,0.07438603068391317,0.008722592085641192,0.996338526133626,-0.015930761822528373,19926770.52267252,20000000.0,5.000000000000001,5.000000000000001,3985354.104534503,66.0046691514571,3985354.104534503,66.0046691514571,3.4705946981278224,3.4727158991075493,0.0748479774537811,0.12614201132919128,0.01656603868654418,0.03929882691663276,0.002968022334324761
296,9,14.8,26,0.4053488305975472,-3.921710755534888,8106976.611950944,20000000.0,5.000000000000001,5.000000000000001,1621395.3223901885,62.098889157744736,1621395.3223901885,62.098889157744736,51.966213607276515,51.9679629945551,,,,,,0.8365450013902882,-0.7751069148605021,16730900.027805764,20000000.0,5.000000000000001,5.000000000000001,3346180.0055611525,65.24549299841912,3346180.0055611525,65.24549299841912,24.207963255510485,24.207393123871718,1.0014239357687431,1.7305317148384642,0.07410982904269267,0.07427821833278578,0.008680719839187459,0.9963360983939465,-0.015941344121648198,19926721.96787893,20000000.0,5.000000000000001,5.000000000000001,3985344.393575785,66.00465856915798,3985344.393575785,66.00465856915798,3.4717653666783876,3.4735862051332624,0.07467983770625555,0.12602006630905,0.01653205702140111,0.03930891205323349,0.002957439420837248
297,9,14.850000000000001,27,0.40604470536301435,-3.914261481380243,8120894.107260287,20000000.0,5.000000000000001,5.000000000000001,1624178.821452057,62.10633843189938,1624178.821452057,62.10633843189938,51.927052466420285,51.932257408723444,,,,,,0.8371722572781758,-0.7718517200873869,16743445.145563517,20000000.0,5.000000000000001,5.000000000000001,3348689.0291127027,65.24874819319224,3348689.0291127027,65.24874819319224,24.15353569336755,24.15300058243952,1.0003623375687525,1.7304540576921579,0.07391811818004262,0.07414565506513549,0.008632117087397442,0.9963468428021017,-0.015894510407396024,19926936.856042035,20000000.0,5.000000000000001,5.000000000000001,3985387.371208406,66.00470540287222,3985387.371208406,66.00470540287222,3.4666659263383175,3.4684031592091253,0.07454836343561666,0.1259054162338883,0.01649528703969522,0.03931851009391503,0.002946794619160836
298,9,14.9,28,0.4063813176170391,-3.910662658873472,8127626.352340782,20000000.0,5.000000000000001,5.000000000000001,1625525.270468156,62.109937254406155,1625525.270468156,62.109937254406155,51.91541544567828,51.91717821746293,,,,,,0.8354820594663771,-0.7806287139405899,16709641.189327542,20000000.0,5.000000000000001,5.000000000000001,3341928.2378655076,65.23997119933904,3341928.2378655076,65.23997119933904,24.294872595028004,24.29234351838657,1.005503614232641,1.7394625038460223,0.07384482741877224,0.07404938404491748,0.00859500470456269,0.9963379347451234,-0.01593333962949644,19926758.69490247,20000000.0,5.000000000000001,5.000000000000001,3985351.738980493,66.00466657365013,3985351.738980493,66.00466657365013,3.4709282793670866,3.4730590357343347,0.07453571780774967,0.12602581945030128,0.016461201690999662,0.03932859778361866,0.00293641299758275
299,9,14.950000000000001,29,0.4070935544702364,-3.9030577376938345,8141871.089404727,20000000.0,5.000000000000001,5.000000000000001,1628374.2178809452,62.11754217558579,1628374.2178809452,62.11754217558579,51.87548247345777,51.874391976045196,,,,,,0.8362410142288836,-0.7766853588095548,16724820.284577673,20000000.0,5.000000000000001,5.000000000000001,3344964.056915534,65.24391455447007,3344964.056915534,65.24391455447007,24.22927207279808,24.22837117359571,1.0027124925336834,1.7327394380473393,0.07369627060649875,0.07391572220584858,0.00854933511490094,0.9963497215308615,-0.015881962425554112,19926994.430617232,20000000.0,5.000000000000001,5.000000000000001,3985398.886123446,66.00471795085407,3985398.886123446,66.00471795085407,3.465274899891191,3.46720894803873,0.07436694170570421,0.12596808136407522,0.016428018227293985,0.03933780077566971,0.0029260372252927704
300,10,15.0,0,0.40809625466671223,-3.8923739097787773,8161925.093334245,20000000.0,5.000000000000001,5.000000000000001,1632385.0186668485,62.12822600350084,1632385.0186668485,62.12822600350084,51.810086173757654,51.80647074742778,,,,,,0.8372349789959247,-0.771526354843658,16744699.579918494,20000000.0,5.000000000000001,5.000000000000001,3348939.9159836983,65.24907355843597,3348939.9159836983,65.24907355843597,24.15186927914477,24.149676735055163,0.9989312150733374,1.7365788081132991,0.07353648207648074,0.07381162316189256,0.008506681715991421,0.9963473325739051,-0.01589237555705914,19926946.6514781,20000000.0,5.000000000000001,5.000000000000001,3985389.3302956196,66.00470753772257,3985389.3302956196,66.00470753772257,3.4663835591171654,3.4684752823995524,0.07455597692325833,0.12606527135714332,0.01639278606297038,0.03934650082506659,0.002915590423465415
301,10,15.05,1,0.4084645476611787,-3.888456317222036,8169290.953223574,20000000.0,5.000000000000001,5.000000000000001,1633858.1906447145,62.13214359605759,1633858.1906447145,62.13214359605759,51.787288900091504,51.78893193592576,,,,,,0.837567449556783,-0.7698020901851992,16751348.99113566,20000000.0,5.000000000000001,5.000000000000001,3350269.7982271314,65.25079782309442,3350269.7982271314,65.25079782309442,24.116885439362296,24.116469737829725,0.9980479188449356,1.7289477243983296,0.07338304808336583,0.07365658522429429,0.00845885723213494,0.99633844486483,-0.015931116065490282,19926768.8972966,20000000.0,5.000000000000001,5.000000000000001,3985353.779459319,66.00466879721412,3985353.779459319,66.00466879721412,3.470647820529404,3.472492562692455,0.07474283551215359,0.12635999407375656,0.016359403844584723,0.039355062279699315,0.0029052728187593533
302,10,15.100000000000001,2,0.407790002622055,-3.8956342558901276,8155800.052441101,20000000.0,5.000000000000001,5.000000000000001,1631160.0104882198,62.124965657389495,1631160.0104882198,62.124965657389495,51.83000782908399,51.827124073439066,,,,,,0.8351248327054321,-0.7824860223733286,16702496.654108644,20000000.0,5.000000000000001,5.000000000000001,3340499.3308217283,65.23811389090629,3340499.3308217283,65.23811389090629,24.324005083135503,24.32338427115347,1.0056047503504006,1.7344625535957952,0.0733132157992338,0.07355106700567611,0.00842178467045506,0.9963388891567007,-0.015929179439781005,19926777.783134013,20000000.0,5.000000000000001,5.000000000000001,3985355.556626802,66.00467073383984,3985355.556626802,66.00467073383984,3.4703881622935193,3.472265576913517,0.07464449943239214,0.12614851019844467,0.016331929224595178,0.03936462000273451,0.0028954566668865115
303,10,15.15,3,0.4071176820636713,-3.9028003479594933,8142353.641273427,20000000.0,5.000000000000001,5.000000000000001,1628470.7282546852,62.11779956532013,1628470.7282546852,62.11779956532013,51.86565744461037,51.866913377870205,,,,,,0.8351360329324826,-0.7824277776176234,16702720.658649653,20000000.0,5.000000000000001,5.000000000000001,3340544.13172993,65.238172135662,3340544.13172993,65.238172135662,24.318359488081807,24.317870049184364,1.0046396835915465,1.7318216607734793,0.07319369494605907,0.07338324286846398,0.008374952090047818,0.9963303450293984,-0.01596642262371136,19926606.90058797,20000000.0,5.000000000000001,5.000000000000001,3985321.380117593,66.0046334906559,3985321.380117593,66.0046334906559,3.4744880536810308,3.476432312787382,0.07475446728885075,0.12632843049759776,0.01629733585995699,0.03937154307309658,0.0028852100976803144
304,10,15.200000000000001,4,0.4055517255492944,-3.919537464146179,8111034.510985889,20000000.0,5.000000000000001,5.000000000000001,1622206.9021971775,62.101062449133444,1622206.9021971775,62.101062449133444,51.96445958024874,51.9662949924684,,,,,,0.8374460471174596,-0.7704316303015593,16748920.942349192,20000000.0,5.000000000000001,5.000000000000001,3349784.188469838,65.25016828297807,3349784.188469838,65.25016828297807,24.127548174124023,24.12479897625083,0.9973667477326644,1.7296498961830882,0.07302120902516981,0.0732733831996469,0.00833192350304047,0.9963337838535127,-0.015951433019438306,19926675.677070253,20000000.0,5.000000000000001,5.000000000000001,3985335.13541405,66.00464848026019,3985335.13541405,66.00464848026019,3.472848386307799,3.474726317514488,0.07485561216499724,0.12628567356890952,0.016259630271719127,0.03937846231316467,0.0028749102496620276
305,10,15.25,5,0.4038821063329185,-3.9374538746635377,8077642.12665837,20000000.0,5.000000000000001,5.000000000000001,1615528.4253316736,62.083146038616086,1615528.4253316736,62.083146038616086,52.070623323725194,52.068367910893905,,,,,,0.8378928162898822,-0.7681153300580079,16757856.325797644,20000000.0,5.000000000000001,5.000000000000001,3351571.2651595282,65.25248458322162,3351571.2651595282,65.25248458322162,24.091587147536,24.08982256924794,0.9969606890563648,1.7331364408283292,0.07286841398762386,0.07310684879712417,0.008283843350105182,0.9963259976928003,-0.015985372447171416,19926519.953856006,20000000.0,5.000000000000001,5.000000000000001,3985303.9907712005,66.00461454083245,3985303.9907712005,66.00461454083245,3.476520690477213,3.4784991501525075,0.07490068860275709,0.1263477274056513,0.016221704349350947,0.03938439699370162,0.002864577741704204
306,10,15.3,6,0.4030708260013403,-3.9461863465555425,8061416.520026806,20000000.0,5.000000000000001,5.000000000000001,1612283.304005361,62.07441356672408,1612283.304005361,62.07441356672408,52.11919379806087,52.11844151006245,,,,,,0.8377463213315495,-0.7688747054003976,16754926.426630989,20000000.0,5.000000000000001,5.000000000000001,3350985.2853261973,65.25172520787922,3350985.2853261973,65.25172520787922,24.10953380127832,24.110613601294638,0.9963431949809699,1.7305540537732114,0.07277639583445035,0.07304152092026452,0.008250896151937675,0.9963180118915316,-0.016020182372154624,19926360.23783063,20000000.0,5.000000000000001,5.000000000000001,3985272.0475661256,66.00457973090747,3985272.0475661256,66.00457973090747,3.480263261835104,3.482126294942714,0.07486808280605459,0.1262883704598184,0.016182342929069213,0.03939182359917533,0.002854389243171491
307,10,15.350000000000001,7,0.4037273621085922,-3.939118158359553,8074547.2421718445,20000000.0,5.000000000000001,5.000000000000001,1614909.4484343687,62.08148175492007,1614909.4484343687,62.08148175492007,52.064288000298085,52.063325730274,,,,,,0.8384154668051342,-0.7654071856864503,16768309.336102685,20000000.0,5.000000000000001,5.000000000000001,3353661.8672205363,65.25519272759317,3353661.8672205363,65.25519272759317,24.06089979116788,24.060560564802984,0.9951410726901185,1.732749152998495,0.0726382914485595,0.07293349988151548,0.008210795346423787,0.9963427559921915,-0.015912324310712343,19926855.11984383,20000000.0,5.000000000000001,5.000000000000001,3985371.023968765,66.00468758896892,3985371.023968765,66.00468758896892,3.4686203521270285,3.4703679976926596,0.07465648830490086,0.12627015509319894,0.016142399797578758,0.039398229791299644,0.002844276408043284
308,10,15.4,8,0.40451015136452206,-3.930705750992334,8090203.027290441,20000000.0,5.000000000000001,5.000000000000001,1618040.605458088,62.08989416228729,1618040.605458088,62.08989416228729,52.00836627465071,52.00576676478696,,,,,,0.8365254339507396,-0.7752085009126107,16730508.679014793,20000000.0,5.000000000000001,5.000000000000001,3346101.735802958,65.24539141236701,3346101.735802958,65.24539141236701,24.201366054164183,24.199270128797217,1.0011288687206608,1.735838031013404,0.0725210966012287,0.0728381834980458,0.008173410292793667,0.9963316744706616,-0.015960627672044026,19926633.48941323,20000000.0,5.000000000000001,5.000000000000001,3985326.6978826458,66.00463928560758,3985326.6978826458,66.00463928560758,3.473740803874653,3.4754231131568867,0.07484927620741297,0.12622449074147493,0.01610237789229465,0.03940461006501116,0.002834268124947287
309,10,15.450000000000001,9,0.4051533339911643,-3.9238058294961653,8103066.679823287,20000000.0,5.000000000000001,5.000000000000001,1620613.3359646571,62.09679408378346,1620613.3359646571,62.09679408378346,51.97431939343286,51.97060604984159,,,,,,0.8366390308690546,-0.7746187858439668,16732780.61738109,20000000.0,5.000000000000001,5.000000000000001,3346556.1234762175,65.24598112743566,3346556.1234762175,65.24598112743566,24.196182010378894,24.1985940492159,1.0005515055320173,1.7319310867265272,0.07247175635977601,0.0727338180357039,0.008139131982845955,0.9963376435766617,-0.015934608806051152,19926752.871533234,20000000.0,5.000000000000001,5.000000000000001,3985350.574306646,66.00466530447358,3985350.574306646,66.00466530447358,3.4708820455614786,3.4727359492060925,0.07473757774554776,0.12634973889309914,0.01606781177509713,0.03941132651472209,0.0028245795654260352
310,10,15.5,10,0.40549175098357115,-3.92017976320287,8109835.019671423,20000000.0,5.000000000000001,5.000000000000001,1621967.0039342844,62.10042015007676,1621967.0039342844,62.10042015007676,51.96514230073251,51.96401846735802,,,,,,0.8376688488029761,-0.7692763478384304,16753376.976059522,20000000.0,5.000000000000001,5.000000000000001,3350675.395211904,65.2513235654412,3350675.395211904,65.2513235654412,24.111938780920802,24.112657842970066,0.996847970570693,1.7313082851725734,0.07235174518768954,0.07266851649614872,0.008105392115716105,0.9963277997423318,-0.015977517393085772,19926555.994846635,20000000.0,5.000000000000001,5.000000000000001,3985311.198969326,66.00462239588654,3985311.198969326,66.00462239588654,3.475515671294642,3.477486865541646,0.0748511579975142,0.1265171955457332,0.016034109314397145,0.039418532894734015,0.002815013668016606
311,10,15.55,11,0.4064743276401346,-3.909668786463185,8129486.552802692,20000000.0,5.000000000000001,5.000000000000001,1625897.3105605382,62.11093112681644,1625897.3105605382,62.11093112681644,51.90613064790008,51.906721828870936,,,,,,0.8376467455760939,-0.769390944867193,16752934.911521876,20000000.0,5.000000000000001,5.000000000000001,3350586.9823043747,65.25120896841243,3350586.9823043747,65.25120896841243,24.115974359815862,24.11605242392488,0.9988451145318656,1.7326051250964833,0.07216252626439831,0.07255852232606816,0.00806302959465719,0.9963304984997527,-0.015965753655600396,19926609.969995055,20000000.0,5.000000000000001,5.000000000000001,3985321.9939990104,66.00463415962403,3985321.9939990104,66.00463415962403,3.474248179848425,3.4761983289434704,0.07490765462712526,0.1264415271728277,0.015998917599629757,0.03942577881061827,0.0028055982465188646
312,10,15.600000000000001,12,0.40733902544660355,-3.9004397998470286,8146780.508932071,20000000.0,5.000000000000001,5.000000000000001,1629356.101786414,62.1201601134326,1629356.101786414,62.1201601134326,51.85530636192251,51.85583421418259,,,,,,0.834724362818625,-0.7845691070711482,16694487.2563725,20000000.0,5.000000000000001,5.000000000000001,3338897.4512744993,65.23603080620848,3338897.4512744993,65.23603080620848,24.353903153629126,24.356035536801652,1.0083285396311188,1.7371652908792803,0.07206231173355518,0.0724193896231982,0.008022699655944042,0.9963266189897966,-0.015982664239480273,19926532.37979593,20000000.0,5.000000000000001,5.000000000000001,3985306.4759591855,66.00461724904014,3985306.4759591855,66.00461724904014,3.4761281825069625,3.4781455742057252,0.07499356109028772,0.126538390830463,0.01596210512377724,0.0394315496201021,0.0027960688459768507
313,10,15.65,13,0.4075700761154957,-3.897977094913769,8151401.522309914,20000000.0,5.000000000000001,5.000000000000001,1630280.3044619826,62.122622818365855,1630280.3044619826,62.122622818365855,51.840486358068915,51.83773962182674,,,,,,0.8382618017308963,-0.7662032350543518,16765236.034617925,20000000.0,5.000000000000001,5.000000000000001,3353047.2069235845,65.25439667822528,3353047.2069235845,65.25439667822528,24.065413473420307,24.06729605258916,0.9947569448797724,1.7316231338152217,0.07196532671105237,0.07228845335025849,0.007983683033287392,0.9963267631346417,-0.015982035918354138,19926535.262692835,20000000.0,5.000000000000001,5.000000000000001,3985307.0525385663,66.00461787736127,3985307.0525385663,66.00461787736127,3.476033921593757,3.4780076538057165,0.07474624406453995,0.1263094712084623,0.015929754821516578,0.03943659138626741,0.0027867301165756158
314,10,15.700000000000001,14,0.4076920782721539,-3.896677270960766,8153841.565443078,20000000.0,5.000000000000001,5.000000000000001,1630768.3130886154,62.12392264231886,1630768.3130886154,62.12392264231886,51.828012525082855,51.826744387876,,,,,,0.8351480093145585,-0.7823654974722439,16702960.18629117,20000000.0,5.000000000000001,5.000000000000001,3340592.0372582334,65.23823441580738,3340592.0372582334,65.23823441580738,24.313491775755615,24.31437809126725,1.0066147923860362,1.7369633298216987,0.07182859138480233,0.0721917190649581,0.007946481954816268,0.9963320491664953,-0.015958994397638166,19926640.983329907,20000000.0,5.000000000000001,5.000000000000001,3985328.196665981,66.00464091888199,3985328.196665981,66.00464091888199,3.473610039741067,3.4754141949960653,0.07488486469491554,0.12653762434815258,0.015900118380391327,0.03944250096290898,0.0027776772114557436
315,10,15.75,15,0.40657811436419367,-3.9085600264504268,8131562.287283873,20000000.0,5.000000000000001,5.000000000000001,1626312.4574567743,62.112039886829194,1626312.4574567743,62.112039886829194,51.89740484275448,51.89961434780664,,,,,,0.8344627206432633,-0.7859306051925898,16689254.412865266,20000000.0,5.000000000000001,5.000000000000001,3337850.882573053,65.23466930808704,3337850.882573053,65.23466930808704,24.36885321929152,24.367765505815097,1.008900795303322,1.740340685852686,0.07170586678699462,0.07209503644183049,0.007910250861984441,0.996341053921145,-0.01591974345126639,19926821.0784229,20000000.0,5.000000000000001,5.000000000000001,3985364.215684579,66.00468016982836,3985364.215684579,66.00468016982836,3.469377785422374,3.471334705970598,0.07474009506360194,0.12652067936801353,0.015868912561194513,0.03944852332568142,0.002768832368127648
316,10,15.8,16,0.40517285025131045,-3.9235966346248823,8103457.005026209,20000000.0,5.000000000000001,5.000000000000001,1620691.4010052416,62.09700327865474,1620691.4010052416,62.09700327865474,51.9862833437802,51.98774585650557,,,,,,0.8368051738479612,-0.7737564328718176,16736103.476959223,20000000.0,5.000000000000001,5.000000000000001,3347220.695391844,65.2468434804078,3347220.695391844,65.2468434804078,24.18683626109451,24.186324816221706,1.0002184370810618,1.7404685715888963,0.07161148245591044,0.07198865582335681,0.007874739993712727,0.9963340726702843,-0.015950174088806383,19926681.453405686,20000000.0,5.000000000000001,5.000000000000001,3985336.2906811363,66.00464973919082,3985336.2906811363,66.00464973919082,3.4725736099716675,3.474422611925057,0.07479415713502674,0.1265190529334773,0.015840520828023796,0.039453991206758174,0.002760017576753463
317,10,15.850000000000001,17,0.40446184825776876,-3.9312243788992696,8089236.965155375,20000000.0,5.000000000000001,5.000000000000001,1617847.3930310747,62.08937553438035,1617847.3930310747,62.08937553438035,52.02289669120226,52.02067327969568,,,,,,0.8364002085579959,-0.7758586756219037,16728004.171159917,20000000.0,5.000000000000001,5.000000000000001,3345600.834231983,65.24474123765772,3345600.834231983,65.24474123765772,24.22228718344535,24.225325237171415,1.0023404045875048,1.732700862538233,0.07144010790505619,0.07186424972362912,0.007833220025464835,0.9963379096853526,-0.01593344886271882,19926758.193707053,20000000.0,5.000000000000001,5.000000000000001,3985351.63874141,66.0046664644169,3985351.63874141,66.0046664644169,3.4708058691657393,3.472510927547178,0.07508304298077464,0.1266549264334514,0.015809960910132176,0.03945915220635034,0.0027512209576443613
318,10,15.9,18,0.40385004330162394,-3.937798662167116,8077000.866032479,20000000.0,5.000000000000001,5.000000000000001,1615400.1732064956,62.08280125111251,1615400.1732064956,62.08280125111251,52.05726531522612,52.058702084087145,,,,,,0.8384623471912096,-0.7651643547202656,16769246.943824193,20000000.0,5.000000000000001,5.000000000000001,3353849.3887648378,65.25543555855936,3353849.3887648378,65.25543555855936,24.04041509665457,24.038036127104732,0.9947331535479618,1.7298171170087198,0.07132176574250827,0.07177985412424069,0.007799139794147583,0.9963363219659899,-0.01594036959012228,19926726.439319797,20000000.0,5.000000000000001,5.000000000000001,3985345.2878639586,66.0046595436895,3985345.2878639586,66.0046595436895,3.4714821017182502,3.473401359603686,0.0748834071964226,0.12681977344180145,0.01578051613045753,0.039463402613488664,0.0027422727698898954
319,10,15.950000000000001,19,0.4035933660799525,-3.940559809349988,8071867.3215990495,20000000.0,5.000000000000001,5.000000000000001,1614373.4643198096,62.08004010392963,1614373.4643198096,62.08004010392963,52.07189882420945,52.075372599750175,,,,,,0.8365091748615431,-0.7752929131857564,16730183.497230861,20000000.0,5.000000000000001,5.000000000000001,3346036.6994461715,65.24530700009387,3346036.6994461715,65.24530700009387,24.211087037523804,24.20890569140364,1.0012340680404297,1.7348238052103013,0.07118667405374926,0.07162104044518143,0.007756268217668822,0.9963313370297551,-0.015962098555207287,19926626.740595102,20000000.0,5.000000000000001,5.000000000000001,3985325.3481190195,66.00463781472442,3985325.3481190195,66.00463781472442,3.4739566379454443,3.475756785308936,0.0748909338158967,0.1265861235173837,0.01575116200082867,0.039466726164612144,0.0027333475453145744
320,10,16.0,20,0.4029895961217965,-3.9470616578250883,8059791.92243593,20000000.0,5.000000000000001,5.000000000000001,1611958.3844871856,62.07353825545454,1611958.3844871856,62.07353825545454,52.120843433344795,52.130880663521836,,,,,,0.8366721300503576,-0.7744469733068486,16733442.601007152,20000000.0,5.000000000000001,5.000000000000001,3346688.5202014297,65.24615293997277,3346688.5202014297,65.24615293997277,24.19344959153276,24.190500875152914,1.0001053943889198,1.7311647344279852,0.07112411289632703,0.0715236014717925,0.007724193026804433,0.9963235819049996,-0.015995902781476376,19926471.63809999,20000000.0,5.000000000000001,5.000000000000001,3985294.3276199973,66.00460401049814,3985294.3276199973,66.00460401049814,3.477500505274789,3.4795857781421873,0.07488381257338511,0.12666338074570285,0.0157265817095561,0.03947045118706262,0.0027247221820421237
321,10,16.05,21,0.40289433671769437,-3.948088372270129,8057886.734353888,20000000.0,5.000000000000001,5.000000000000001,1611577.3468707772,62.07251154100949,1611577.3468707772,62.07251154100949,52.13278269319012,52.139748606519234,,,,,,0.8358955615794464,-0.778479807704632,16717911.23158893,20000000.0,5.000000000000001,5.000000000000001,3343582.2463177852,65.242120105575,3343582.2463177852,65.242120105575,24.261081711430716,24.2598814730764,1.0026845145545047,1.7339992845416787,0.07096519779415897,0.07138602743933783,0.007682768978271566,0.9963324322863426,-0.01595732440414819,19926648.645726852,20000000.0,5.000000000000001,5.000000000000001,3985329.7291453695,66.00464258887547,3985329.7291453695,66.00464258887547,3.473445429513108,3.4752362682270372,0.07469078777914222,0.1267943060428896,0.015701042974931845,0.03947358973030438,0.0027160422174960105
322,10,16.1,22,0.4038746844705741,-3.93753368269235,8077493.689411482,20000000.0,5.000000000000001,5.000000000000001,1615498.737882296,62.08306623058728,1615498.737882296,62.08306623058728,52.065181094448704,52.06923920351919,,,,,,0.8370624534560605,-0.7724213796912549,16741249.069121208,20000000.0,5.000000000000001,5.000000000000001,3348249.813824241,65.24817853358837,3348249.813824241,65.24817853358837,24.163254393323914,24.164437965381637,0.9987037830139073,1.7314802585131583,0.07089526052802907,0.0712945880574886,0.007651306364813254,0.9963324397408542,-0.015957291910443074,19926648.794817083,20000000.0,5.000000000000001,5.000000000000001,3985329.758963416,66.00464262136919,3985329.758963416,66.00464262136919,3.473337488242354,3.475241981029871,0.0750526312639113,0.12676265443820478,0.015677258128038843,0.039477815490675035,0.0027076523709881244
323,10,16.150000000000002,23,0.4051077362105599,-3.9242946315687988,8102154.724211198,20000000.0,5.000000000000001,5.000000000000001,1620430.9448422394,62.096305281710826,1620430.9448422394,62.096305281710826,51.98113104787408,51.97622574730748,,,,,,0.8352150980990948,-0.782016635733044,16704301.961981896,20000000.0,5.000000000000001,5.000000000000001,3340860.392396379,65.23858327754658,3340860.392396379,65.23858327754658,24.316389006265233,24.316026119779146,1.0051048741250028,1.7278110376826241,0.07072062803456616,0.07119621779125614,0.007613661716940508,0.9963273434000095,-0.0159795065677114,19926546.86800019,20000000.0,5.000000000000001,5.000000000000001,3985309.3736000373,66.00462040671191,3985309.3736000373,66.00462040671191,3.4757804628292996,3.4776723629425996,0.074777510171571,0.12664774195416217,0.015653712445892125,0.039481417246239256,0.0026992171098376995
324,10,16.2,24,0.40542932306713836,-3.920848437394345,8108586.461342767,20000000.0,5.000000000000001,5.000000000000001,1621717.292268553,62.099751475885284,1621717.292268553,62.099751475885284,51.96091924563522,51.955311313564856,,,,,,0.835341244981933,-0.7813607477055979,16706824.899638658,20000000.0,5.000000000000001,5.000000000000001,3341364.979927731,65.23923916557402,3341364.979927731,65.23923916557402,24.30778953032695,24.309802731164613,1.0047986721153879,1.7344814000276165,0.07045069503266246,0.07104022899702503,0.007565000354178314,0.9963304348677245,-0.01596603102379945,19926608.69735449,20000000.0,5.000000000000001,5.000000000000001,3985321.7394708977,66.00463388225583,3985321.7394708977,66.00463388225583,3.4743623964883588,3.476227714202021,0.07489224652505397,0.12702193853056737,0.015624158167123207,0.03948418061935747,0.0026906709336786683
325,10,16.25,25,0.40598092811434316,-3.9149436792341996,8119618.562286863,20000000.0,5.000000000000001,5.000000000000001,1623923.7124573723,62.10565623404542,1623923.7124573723,62.10565623404542,51.925031307520996,51.91926827555601,,,,,,0.837389839636461,-0.7707231286990037,16747796.79272922,20000000.0,5.000000000000001,5.000000000000001,3349559.3585458435,65.24987678458062,3349559.3585458435,65.24987678458062,24.143417004276984,24.14220891524014,0.9993784846192577,1.7271457057345927,0.07038706340051397,0.07096176905460198,0.007535824944575617,0.9963200369009308,-0.01601135537611848,19926400.738018617,20000000.0,5.000000000000001,5.000000000000001,3985280.1476037228,66.0045885579035,3985280.1476037228,66.0045885579035,3.4792056987993214,3.4810879958588443,0.07514780392626753,0.12702267743752016,0.015595995763661361,0.039487321525375436,0.0026823097123376705
326,10,16.3,26,0.40569082523351685,-3.9180481382762276,8113816.504670337,20000000.0,5.000000000000001,5.000000000000001,1622763.300934067,62.1025517750034,1622763.300934067,62.1025517750034,51.94752760691838,51.94291378955902,,,,,,0.8361377300740038,-0.7772217891934279,16722754.601480076,20000000.0,5.000000000000001,5.000000000000001,3344550.9202960148,65.24337812408619,3344550.9202960148,65.24337812408619,24.238323524753465,24.23554007602583,1.0037056464475813,1.7356028979750913,0.07031162620875038,0.07085904172415151,0.0075036768985950325,0.996330289279859,-0.015966665632650524,19926605.78559718,20000000.0,5.000000000000001,5.000000000000001,3985321.1571194353,66.00463324764698,3985321.1571194353,66.00463324764698,3.4743625824515334,3.476257845318382,0.07487571462744391,0.12690961893488825,0.015566964475296995,0.039490244257240494,0.0026739758654840415
327,10,16.35,27,0.40522452041341944,-3.923042830599211,8104490.408268389,20000000.0,5.000000000000001,5.000000000000001,1620898.0816536776,62.09755708268041,1620898.0816536776,62.09755708268041,51.979944162769755,51.98165072994332,,,,,,0.8376242278978832,-0.7695076937818177,16752484.557957664,20000000.0,5.000000000000001,5.000000000000001,3350496.911591532,65.2510922194978,3350496.911591532,65.2510922194978,24.12337242184965,24.123305816901652,0.9986444688207374,1.7277983083906363,0.07016574617727085,0.07074468852042516,0.007466763511990718,0.9963303854437159,-0.01596624646010469,19926607.70887432,20000000.0,5.000000000000001,5.000000000000001,3985321.541774863,66.00463366681952,3985321.541774863,66.00463366681952,3.474344768865559,3.4759807811013155,0.07511583299568653,0.1271954710312163,0.015539353285571388,0.03949163978463405,0.0026656366462806955
328,10,16.400000000000002,28,0.4046935696716198,-3.9287369622202117,8093871.3934323955,20000000.0,5.000000000000001,5.000000000000001,1618774.2786864787,62.09186295105941,1618774.2786864787,62.09186295105941,52.01262807597885,52.017301110706356,,,,,,0.8391845331819255,-0.7614252912293888,16783690.66363851,20000000.0,5.000000000000001,5.000000000000001,3356738.132727701,65.25917462205024,3356738.132727701,65.25917462205024,23.9936206861034,23.99456593895291,0.9925884320038284,1.7259635588335507,0.07004722953745379,0.07061352778115701,0.007429597362233603,0.9963296787891764,-0.01596932672625343,19926593.57578353,20000000.0,5.000000000000001,5.000000000000001,3985318.715156705,66.00463058655338,3985318.715156705,66.00463058655338,3.4746088183950476,3.476303267551014,0.07496297612874656,0.1269953158832567,0.015515518714373223,0.03949297118101292,0.0026573419051519826
329,10,16.45,29,0.40442217394924707,-3.9316504061863733,8088443.478984942,20000000.0,5.000000000000001,5.000000000000001,1617688.695796988,62.088949507093254,1617688.695796988,62.088949507093254,52.02748993747058,52.0315943654051,,,,,,0.8356837620387056,-0.7795803641784526,16713675.240774114,20000000.0,5.000000000000001,5.000000000000001,3342735.048154822,65.24101954910117,3342735.048154822,65.24101954910117,24.276290399068387,24.27316332308087,1.0039764101815787,1.7313923383331873,0.06997418750391522,0.07049906644410653,0.007396843428162367,0.9963378359723672,-0.0159337701708179,19926756.719447345,20000000.0,5.000000000000001,5.000000000000001,3985351.3438894683,66.0046661431088,3985351.3438894683,66.0046661431088,3.470811066941019,3.4724929694647906,0.07513313203212871,0.12713847981292564,0.015492790128301029,0.039492738315697,0.0026488525711289676
330,11,16.5,0,0.4038028251708942,-3.938306468786657,8076056.503417885,20000000.0,5.000000000000001,5.000000000000001,1615211.3006835766,62.08229344449297,1615211.3006835766,62.08229344449297,52.06526105023573,52.062817506641935,,,,,,0.8368381307506232,-0.7735853928308571,16736762.615012463,20000000.0,5.000000000000001,5.000000000000001,3347352.5230024923,65.24701452044877,3347352.5230024923,65.24701452044877,24.18128744187826,24.177856920434984,1.0007895503986353,1.7328809630806916,0.06985286777326367,0.07036974713589586,0.007360138743484311,0.9963268948814337,-0.015981461639883725,19926537.897628672,20000000.0,5.000000000000001,5.000000000000001,3985307.579525734,66.00461845163974,3985307.579525734,66.00461845163974,3.4759858172290863,3.4777001311432096,0.07527184862330565,0.12735452032831399,0.015467426549890393,0.03949159341718363,0.002640168501133535
331,11,16.55,1,0.40348390020746056,-3.941737897908724,8069678.004149211,20000000.0,5.000000000000001,5.000000000000001,1613935.6008298418,62.078862015370895,1613935.6008298418,62.078862015370895,52.08942925470588,52.091583271184774,,,,,,0.8385705632177594,-0.7646038693182488,16771411.264355186,20000000.0,5.000000000000001,5.000000000000001,3354282.2528710365,65.25599604396137,3354282.2528710365,65.25599604396137,24.040815073164374,24.043775265856702,0.9963573555021462,1.7275421593188258,0.06981096002979792,0.07027904317081876,0.007331777911874662,0.9963477729420364,-0.015890456051672715,19926955.458840728,20000000.0,5.000000000000001,5.000000000000001,3985391.0917681446,66.00470945722795,3985391.0917681446,66.00470945722795,3.4661363102925002,3.4678457854231803,0.07503733957612094,0.12713358873362798,0.015447477349591102,0.03949154648482039,0.0026318688543695984
332,11,16.6,2,0.40401615267761326,-3.936012713286962,8080323.053552265,20000000.0,5.000000000000001,5.000000000000001,1616064.6107104528,62.084587199992654,1616064.6107104528,62.084587199992654,52.052057985833166,52.05127058749423,,,,,,0.836124197602426,-0.7772920781551705,16722483.95204852,20000000.0,5.000000000000001,5.000000000000001,3344496.7904097033,65.24330783512445,3344496.7904097033,65.24330783512445,24.24648946111211,24.24363332631484,1.0024473007140047,1.7292789730621436,0.06976102951857027,0.07020414703252152,0.007304908010979295,0.9963300979205757,-0.015967499756531698,19926601.958411515,20000000.0,5.000000000000001,5.000000000000001,3985320.391682302,66.0046324135231,3985320.391682302,66.0046324135231,3.4744312559897077,3.476279507900422,0.0749578758687906,0.12717692591461288,0.015430375048775475,0.0394923989735854,0.0026238726971275035
333,11,16.650000000000002,3,0.40503541303462587,-3.9250700391331184,8100708.260692517,20000000.0,5.000000000000001,5.000000000000001,1620141.6521385033,62.09552987414651,1620141.6521385033,62.09552987414651,51.984086065760074,51.98755241501844,,,,,,0.8353989272787472,-0.7810608674054076,16707978.545574944,20000000.0,5.000000000000001,5.000000000000001,3341595.7091149883,65.23953904587421,3341595.7091149883,65.23953904587421,24.29472237412626,24.293902507392204,1.0053088493893847,1.7381743705486152,0.06966011143314652,0.07013408156356356,0.007275911230235766,0.9963308709386974,-0.015964130216906767,19926617.41877395,20000000.0,5.000000000000001,5.000000000000001,3985323.483754789,66.00463578306272,3985323.483754789,66.00463578306272,3.4741016981276145,3.4757107557678033,0.07510829549203603,0.127136489506974,0.01541133041524068,0.03949321191067233,0.002615986552536371
334,11,16.7,4,0.40547397635997345,-3.920370139212296,8109479.5271994695,20000000.0,5.000000000000001,5.000000000000001,1621895.9054398937,62.10022977406733,1621895.9054398937,62.10022977406733,51.95831653534369,51.95410740052513,,,,,,0.8364506900515272,-0.7755965621950138,16729013.801030543,20000000.0,5.000000000000001,5.000000000000001,3345802.760206108,65.2450033510846,3345802.760206108,65.2450033510846,24.216754706335724,24.21784998787955,1.001131498623919,1.7322687531695773,0.06960764189082039,0.07001954376516216,0.007245021488181893,0.9963389112734529,-0.015929083034999066,19926778.225469057,20000000.0,5.000000000000001,5.000000000000001,3985355.6450938107,66.00467083024462,3985355.6450938107,66.00467083024462,3.4702391368404952,3.4718390155785364,0.07478762870111891,0.12693657922287332,0.015394966477620514,0.03949356440918157,0.002608239030837714
335,11,16.75,5,0.4058852273849199,-3.915967549945243,8117704.547698398,20000000.0,5.000000000000001,5.000000000000001,1623540.9095396793,62.10463236333438,1623540.9095396793,62.10463236333438,51.9345703473719,51.932018313281255,,,,,,0.8388665464127347,-0.7630712470946202,16777330.928254694,20000000.0,5.000000000000001,5.000000000000001,3355466.185650938,65.25752866618501,3355466.185650938,65.25752866618501,24.01781687038534,24.016896396588077,0.9937654282818917,1.7294478346109716,0.06945655394868754,0.06992696773482555,0.007211485799218707,0.9963352250971217,-0.01594515075034433,19926704.501942433,20000000.0,5.000000000000001,5.000000000000001,3985340.9003884858,66.00465476252927,3985340.9003884858,66.00465476252927,3.4720459017702097,3.473730096770673,0.07479085245599297,0.12725120450085003,0.015376808985124354,0.03949426606055193,0.0026005868422149156
336,11,16.8,6,0.4063885722006706,-3.910585130764244,8127771.444013412,20000000.0,5.000000000000001,5.000000000000001,1625554.2888026822,62.110014782515385,1625554.2888026822,62.110014782515385,51.904236585441446,51.90967680743076,,,,,,0.8359379566412258,-0.7782595472397711,16718759.132824516,20000000.0,5.000000000000001,5.000000000000001,3343751.8265649024,65.24234036603985,3343751.8265649024,65.24234036603985,24.26612731276611,24.266143956353854,1.0032358083490875,1.7362185219396977,0.06939665671123149,0.06980315093875128,0.007179551890028004,0.9963240846409188,-0.015993711371130825,19926481.692818377,20000000.0,5.000000000000001,5.000000000000001,3985296.3385636746,66.00460620190849,3985296.3385636746,66.00460620190849,3.4773222581994383,3.479010020181005,0.07504490335922098,0.12738283095212333,0.01536067257835631,0.039493939610855414,0.0025929023148784603
337,11,16.85,7,0.4059033612384549,-3.9157735232580593,8118067.224769098,20000000.0,5.000000000000001,5.000000000000001,1623613.4449538193,62.10482639002157,1623613.4449538193,62.10482639002157,51.94549356020151,51.94379612387172,,,,,,0.8371159729298496,-0.7721437126065213,16742319.458596993,20000000.0,5.000000000000001,5.000000000000001,3348463.891719398,65.2484562006731,3348463.891719398,65.2484562006731,24.168483496521407,24.16778194598235,1.0006633958107516,1.7356405902504968,0.06923616319398819,0.06967102359817774,0.007141818666906477,0.9963324968016501,-0.015957043186351317,19926649.936033003,20000000.0,5.000000000000001,5.000000000000001,3985329.9872065997,66.00464287009328,3985329.9872065997,66.00464287009328,3.4732759026468445,3.4750484208191543,0.0752233379464883,0.12753456789249068,0.01534219318667598,0.03949308216554113,0.0025852399566285733
338,11,16.900000000000002,8,0.40596151698652483,-3.915151333009452,8119230.3397304965,20000000.0,5.000000000000001,5.000000000000001,1623846.067946099,62.10544858027017,1623846.067946099,62.10544858027017,51.94707369210238,51.945187867158175,,,,,,0.8367056186524364,-0.774273146266269,16734112.373048728,20000000.0,5.000000000000001,5.000000000000001,3346822.474609745,65.24632676701336,3346822.474609745,65.24632676701336,24.19365923565267,24.192150225644497,1.001047317325579,1.7324117599596451,0.06902576280635654,0.06953925084412395,0.007101734019742649,0.9963309370056156,-0.015963842235294654,19926618.740112312,20000000.0,5.000000000000001,5.000000000000001,3985323.748022462,66.00463607104433,3985323.748022462,66.00463607104433,3.4740130321333815,3.475493040344511,0.0750311976517127,0.12747905255247388,0.015317514248449193,0.0394912750234424,0.002577269332577306
339,11,16.95,9,0.4072078949046312,-3.9018381053308913,8144157.898092625,20000000.0,5.000000000000001,5.000000000000001,1628831.5796185248,62.11876180794874,1628831.5796185248,62.11876180794874,51.85840103173062,51.861443756792184,,,,,,0.8371577979867965,-0.7719267302735646,16743155.95973593,20000000.0,5.000000000000001,5.000000000000001,3348631.1919471854,65.24867318300606,3348631.1919471854,65.24867318300606,24.15990466315396,24.160951511874522,0.9985357502724599,1.7330166058050505,0.0688561247655354,0.06939757344699762,0.007062836068258077,0.9963280246391323,-0.015976537078891354,19926560.492782645,20000000.0,5.000000000000001,5.000000000000001,3985312.0985565283,66.00462337620074,3985312.0985565283,66.00462337620074,3.4753715874436524,3.476808346396415,0.07512657713959428,0.1274260497730136,0.015292626352435293,0.0394885416624198,0.00256920176271019
340,11,17.0,10,0.40773623844455703,-3.8962068796628397,8154724.768891141,20000000.0,5.000000000000001,5.000000000000001,1630944.9537782278,62.124393033616784,1630944.9537782278,62.124393033616784,51.81952062520359,51.81403815368974,,,,,,0.8340576758736576,-0.7880391645148039,16681153.517473152,20000000.0,5.000000000000001,5.000000000000001,3336230.70349463,65.23256074876483,3336230.70349463,65.23256074876483,24.40312954537831,24.40550645789348,1.0090675732897167,1.7336225139917798,0.06875682930128912,0.06928344565244801,0.00703062715863464,0.9963193220011,-0.016014471615394613,19926386.440022,20000000.0,5.000000000000001,5.000000000000001,3985277.2880043993,66.00458544166423,3985277.2880043993,66.00458544166423,3.4794949189245026,3.480875648475685,0.07537990028845273,0.12760193562657557,0.015265693875024059,0.039485662035998036,0.002561091223026003
341,11,17.05,11,0.4078616861712386,-3.8948708964718475,8157233.723424772,20000000.0,5.000000000000001,5.000000000000001,1631446.7446849542,62.12572901680778,1631446.7446849542,62.12572901680778,51.81139886513788,51.80648185313595,,,,,,0.8372537974085641,-0.7714287401820015,16745075.948171282,20000000.0,5.000000000000001,5.000000000000001,3349015.189634256,65.24917117309762,3349015.189634256,65.24917117309762,24.14877069675714,24.149215503337775,0.9987439515521956,1.7294917560349998,0.0686261952809274,0.06917153379632744,0.006997150378324879,0.9963195975933302,-0.016013270312100977,19926391.951866604,20000000.0,5.000000000000001,5.000000000000001,3985278.3903733203,66.00458664296752,3985278.3903733203,66.00458664296752,3.4794533434956234,3.4811132498303103,0.07535025838634381,0.12756030060938345,0.015238189366044836,0.03948260668095962,0.0025529963609828093
342,11,17.1,12,0.40699504077035126,-3.9041088261554826,8139900.815407026,20000000.0,5.000000000000001,5.000000000000001,1627980.1630814048,62.11649108712414,1627980.1630814048,62.11649108712414,51.876479050476746,51.87413638887706,,,,,,0.8363161699229213,-0.7762950618016506,16726323.398458427,20000000.0,5.000000000000001,5.000000000000001,3345264.679691685,65.24430485147798,3345264.679691685,65.24430485147798,24.225607887104022,24.22371768268129,1.0010435588499726,1.7333927583735722,0.06860436947759178,0.06910654088670573,0.006974173422468956,0.9963301688097971,-0.015967190754558942,19926603.37619594,20000000.0,5.000000000000001,5.000000000000001,3985320.6752391877,66.00463272252506,3985320.6752391877,66.00463272252506,3.4743157360648156,3.4755567335944186,0.07519169677404286,0.1274308845183727,0.015214410514837313,0.039479826483606595,0.0025450322993949386
343,11,17.150000000000002,13,0.40631796558329863,-3.9113397466793876,8126359.311665973,20000000.0,5.000000000000001,5.000000000000001,1625271.8623331944,62.10926016660024,1625271.8623331944,62.10926016660024,51.92279855296673,51.91657696307955,,,,,,0.8375317087802745,-0.7699874167903935,16750634.17560549,20000000.0,5.000000000000001,5.000000000000001,3350126.8351210975,65.25061249648923,3350126.8351210975,65.25061249648923,24.124285432726058,24.12601027621272,0.9981102055445922,1.7307277737413194,0.06855636005613591,0.0689978639555058,0.006945541284654716,0.9963282448677463,-0.015975577113308867,19926564.897354927,20000000.0,5.000000000000001,5.000000000000001,3985312.9794709845,66.00462433616632,3985312.9794709845,66.00462433616632,3.4751278667112473,3.4765791783703057,0.07523625775728728,0.12757566546213409,0.01519037158512534,0.03947618472319342,0.002537031645069357
344,11,17.2,14,0.406799455556173,-3.906196369909548,8135989.111123459,20000000.0,5.000000000000001,5.000000000000001,1627197.8222246915,62.114403543370074,1627197.8222246915,62.114403543370074,51.883720194655155,51.876282086692854,,,,,,0.8378084472747587,-0.7685526514176013,16756168.945495173,20000000.0,5.000000000000001,5.000000000000001,3351233.789099034,65.25204726186202,3351233.789099034,65.25204726186202,24.10209698904162,24.101647618634697,0.9966207035173896,1.7326133068695218,0.06853402201921514,0.06893280374952042,0.006922744058818563,0.9963202757281985,-0.016010314331592765,19926405.51456397,20000000.0,5.000000000000001,5.000000000000001,3985281.1029127934,66.00458959894803,3985281.1029127934,66.00458959894803,3.4789303837620773,3.4806096772021555,0.07526185660096346,0.1275787394278062,0.015169140482708851,0.039472751259639914,0.002529161901145295
345,11,17.25,15,0.40735295116943404,-3.9002913298790904,8147059.023388681,20000000.0,5.000000000000001,5.000000000000001,1629411.804677736,62.120308583400536,1629411.804677736,62.120308583400536,51.840376891676115,51.838901196020196,,,,,,0.8373180780362988,-0.7710953209679144,16746361.560725976,20000000.0,5.000000000000001,5.000000000000001,3349272.3121451945,65.24950459231171,3349272.3121451945,65.24950459231171,24.14064106679146,24.14185451042643,0.998212145398458,1.729308194398276,0.06844082960003918,0.06882283782830445,0.0068919870380906,0.9963109749393932,-0.016050856516747557,19926219.498787865,20000000.0,5.000000000000001,5.000000000000001,3985243.8997575724,66.00454905676288,3985243.8997575724,66.00454905676288,3.483286602122378,3.484655728315162,0.07525976081036401,0.12767400394812012,0.01514667739608066,0.03946839339416131,0.002521119876754632
346,11,17.3,16,0.40697566821378,-3.9043155509019134,8139513.3642756,20000000.0,5.000000000000001,5.000000000000001,1627902.6728551197,62.11628436237771,1627902.6728551197,62.11628436237771,51.869974901055556,51.86769316935531,,,,,,0.8377809108876357,-0.7686953940403313,16755618.217752714,20000000.0,5.000000000000001,5.000000000000001,3351123.643550542,65.25190451923929,3351123.643550542,65.25190451923929,24.105506646285953,24.10869336514881,0.9986022720770681,1.7335847309160282,0.06833463508261269,0.06874925656583922,0.006864350932791493,0.9963247576431705,-0.0159907777768314,19926495.15286341,20000000.0,5.000000000000001,5.000000000000001,3985299.030572681,66.00460913550279,3985299.030572681,66.00460913550279,3.47682812217782,3.4781234061332684,0.07520028215401678,0.12791612256728374,0.015122290982848063,0.039464017668699565,0.0025131007860513892
347,11,17.35,17,0.406314236096593,-3.9113796096209064,8126284.72193186,20000000.0,5.000000000000001,5.000000000000001,1625256.9443863716,62.10922030365872,1625256.9443863716,62.10922030365872,51.91702119184687,51.91524661747651,,,,,,0.8369407945235002,-0.7730526305952413,16738815.890470004,20000000.0,5.000000000000001,5.000000000000001,3347763.178094,65.24754728268438,3347763.178094,65.24754728268438,24.17129341720249,24.17147951859487,0.9984699508316128,1.7347772389241711,0.06824948673376666,0.06864606037667428,0.006835050752221442,0.9963117585442977,-0.01604744076443019,19926235.170885954,20000000.0,5.000000000000001,5.000000000000001,3985247.03417719,66.00455247251519,3985247.03417719,66.00455247251519,3.4829686724945623,3.484250633151928,0.07545354631771164,0.12807996638912578,0.015095493591029874,0.039459101506079446,0.0025050884846793513
348,11,17.400000000000002,18,0.4060803318219495,-3.913880447085601,8121606.63643899,20000000.0,5.000000000000001,5.000000000000001,1624321.3272877978,62.10671946619402,1624321.3272877978,62.10671946619402,51.933004998273745,51.93312939157001,,,,,,0.8375057078627901,-0.7701222442859063,16750114.157255802,20000000.0,5.000000000000001,5.000000000000001,3350022.83145116,65.25047766899371,3350022.83145116,65.25047766899371,24.13016264988583,24.12888697101451,0.9979900831520137,1.7276815507135261,0.06817956927176477,0.06854655041073518,0.00680696261345993,0.9963122917223459,-0.01604511663023936,19926245.83444692,20000000.0,5.000000000000001,5.000000000000001,3985249.166889383,66.00455479664939,3985249.166889383,66.00455479664939,3.4826255923925893,3.483850964114854,0.07519145696493747,0.12783585048304832,0.015069125701883113,0.03945411307603662,0.0024970765716006036
349,11,17.45,19,0.40607062906090513,-3.9139842173397525,8121412.581218103,20000000.0,5.000000000000001,5.000000000000001,1624282.5162436203,62.10661569593987,1624282.5162436203,62.10661569593987,51.933147946674694,51.932793656031436,,,,,,0.8359320524966615,-0.7782902211245906,16718641.049933229,20000000.0,5.000000000000001,5.000000000000001,3343728.2099866453,65.24230969215503,3343728.2099866453,65.24230969215503,24.252997271996502,24.252283640205185,1.0013437242065228,1.7318798397806467,0.068105100366024,0.0684503658794598,0.00677908836770654,0.996297173410682,-0.016111018147283614,19925943.46821364,20000000.0,5.000000000000001,5.000000000000001,3985188.693642727,66.00448889513234,3985188.693642727,66.00448889513234,3.489894276699462,3.491239235625129,0.07564991536388188,0.12808025989921307,0.015043885869545703,0.039448271036716345,0.002489015165390706
350,11,17.5,20,0.40651672570262243,-3.909215811131591,8130334.514052449,20000000.0,5.000000000000001,5.000000000000001,1626066.9028104895,62.11138410214804,1626066.9028104895,62.11138410214804,51.89882563808758,51.89964891213411,,,,,,0.8358948078338385,-0.7784837238362747,16717896.15667677,20000000.0,5.000000000000001,5.000000000000001,3343579.231335353,65.24211618944335,3343579.231335353,65.24211618944335,24.260795206592462,24.259969604434794,1.0035036830679618,1.7321466517110824,0.06800908255835783,0.06837116438197922,0.006752012877645562,0.9963095916124083,-0.01605688647836013,19926191.832248166,20000000.0,5.000000000000001,5.000000000000001,3985238.3664496327,66.00454302680126,3985238.3664496327,66.00454302680126,3.4840170569447415,3.485433190034849,0.07533183431803928,0.12798506526124226,0.015016301223975547,0.039442752763544385,0.002480972215111834
351,11,17.55,21,0.4068287186180038,-3.90588397201858,8136574.372360076,20000000.0,5.000000000000001,5.000000000000001,1627314.8744720148,62.11471594126104,1627314.8744720148,62.11471594126104,51.87521618274718,51.87070760956594,,,,,,0.8369369304688481,-0.7730726814936807,16738738.609376961,20000000.0,5.000000000000001,5.000000000000001,3347747.721875392,65.24752723178595,3347747.721875392,65.24752723178595,24.172955296335722,24.17109748936604,0.9984297619662936,1.7314963758922708,0.0679153321289397,0.06827450561385288,0.006723495703740934,0.9963010351903933,-0.016094184350970063,19926020.703807864,20000000.0,5.000000000000001,5.000000000000001,3985204.140761572,66.00450572892865,3985204.140761572,66.00450572892865,3.488075801845826,3.489215453236149,0.07540958643247621,0.1280841983717352,0.014988452660848448,0.03943685222216066,0.002472956101656435
352,11,17.6,22,0.4064395115513561,-3.9100407923146845,8128790.231027122,20000000.0,5.000000000000001,5.000000000000001,1625758.046205424,62.110559120964936,1625758.046205424,62.110559120964936,51.90100161003761,51.89530467822302,,,,,,0.8373647429155687,-0.7708532894701607,16747294.858311374,20000000.0,5.000000000000001,5.000000000000001,3349458.971662274,65.24974662380946,3349458.971662274,65.24974662380946,24.142377057246478,24.143275021907993,0.9991943909995695,1.7334347906501453,0.06787503096991493,0.06818440095857922,0.006698362289951522,0.9963148110271863,-0.016034134944916373,19926296.220543727,20000000.0,5.000000000000001,5.000000000000001,3985259.244108745,66.00456577833471,3985259.244108745,66.00456577833471,3.4816574562857903,3.4828284441832573,0.07532493833329505,0.12822860309560896,0.014965803139597514,0.0394309911306079,0.0024650746596764353
353,11,17.650000000000002,23,0.40539947769518503,-3.9211681517494186,8107989.553903701,20000000.0,5.000000000000001,5.000000000000001,1621597.91078074,62.0994317615302,1621597.91078074,62.0994317615302,51.97851379787609,51.98004136354681,,,,,,0.8384272152813567,-0.7653463296687836,16768544.305627134,20000000.0,5.000000000000001,5.000000000000001,3353708.8611254264,65.25525358361084,3353708.8611254264,65.25525358361084,24.059430621729554,24.060155420744344,0.995052039753233,1.7295145501991969,0.06783379417375154,0.06808976524611138,0.006672799620431384,0.9963094371425916,-0.016057559817197628,19926188.74285183,20000000.0,5.000000000000001,5.000000000000001,3985237.7485703654,66.00454235346243,3985237.7485703654,66.00454235346243,3.4839926070760163,3.485170437064126,0.07552144712142614,0.12815207324458597,0.014946410980719105,0.039424872149254546,0.002457237897926896
354,11,17.7,24,0.4049449654951982,-3.926039960589974,8098899.309903964,20000000.0,5.000000000000001,5.000000000000001,1619779.8619807926,62.09455995268965,1619779.8619807926,62.09455995268965,52.013894117865654,52.01053876115657,,,,,,0.837591353776393,-0.7696781440775119,16751827.075527862,20000000.0,5.000000000000001,5.000000000000001,3350365.415105572,65.25092176920211,3350365.415105572,65.25092176920211,24.120954686105044,24.123399570572314,0.9980104012455364,1.7286293992242936,0.0677527564336209,0.067997177181518,0.006645633375381296,0.9963135454743783,-0.016039651503980443,19926270.909487568,20000000.0,5.000000000000001,5.000000000000001,3985254.1818975126,66.00456026177565,3985254.1818975126,66.00456026177565,3.482057318161849,3.483331942079456,0.07531353473194823,0.1280710837385908,0.014928161002367005,0.03941818801444906,0.0024493975962294042
355,11,17.75,25,0.40568065074548215,-3.918157058151789,8113613.014909643,20000000.0,5.000000000000001,5.000000000000001,1622722.6029819283,62.10244285512783,1622722.6029819283,62.10244285512783,51.95990865071909,51.9578867598093,,,,,,0.8392508449666198,-0.7610821282745583,16785016.899332397,20000000.0,5.000000000000001,5.000000000000001,3357003.379866479,65.25951778500507,3357003.379866479,65.25951778500507,23.984363671966552,23.98134456811041,0.9914606799992074,1.7256423564276893,0.06769565234878176,0.06790903406800773,0.006620290920392337,0.9963128339621184,-0.01604275299707985,19926256.67924237,20000000.0,5.000000000000001,5.000000000000001,3985251.335848473,66.00455716028254,3985251.335848473,66.00455716028254,3.482335722569662,3.483605274324244,0.07547849366690851,0.12817702142307613,0.01491112813607228,0.039411737815120515,0.0024416077459482595
356,11,17.8,26,0.4068209340100435,-3.905967074426849,8136418.68020087,20000000.0,5.000000000000001,5.000000000000001,1627283.7360401738,62.11463283885277,1627283.7360401738,62.11463283885277,51.876821088898566,51.88197063979641,,,,,,0.83679121064032,-0.7738289012887496,16735824.2128064,20000000.0,5.000000000000001,5.000000000000001,3347164.8425612794,65.24677101199087,3347164.8425612794,65.24677101199087,24.184711230700053,24.185031994850945,1.000194686303527,1.732849040733327,0.06766575986091322,0.06783843397493691,0.006598015757850457,0.9962906891633041,-0.016139283629658885,19925813.783266082,20000000.0,5.000000000000001,5.000000000000001,3985162.7566532157,66.00446062964997,3985162.7566532157,66.00446062964997,3.4928719880669528,3.4941168629593746,0.07577089042485033,0.12831393323293522,0.01489383589791532,0.03940562747594244,0.0024339145592221435
357,11,17.85,27,0.40689419769398927,-3.90518503136269,8137883.953879786,20000000.0,5.000000000000001,5.000000000000001,1627576.7907759568,62.115414881916934,1627576.7907759568,62.115414881916934,51.8742008864563,51.87812615524683,,,,,,0.8371413984279236,-0.7720118075159073,16742827.968558472,20000000.0,5.000000000000001,5.000000000000001,3348565.593711694,65.24858810576372,3348565.593711694,65.24858810576372,24.159909752762058,24.158902543918195,0.9993699644669289,1.7292404879025298,0.06761158082250018,0.0677647571636265,0.006574435879819765,0.9963042733306536,-0.016080069097530784,19926085.466613073,20000000.0,5.000000000000001,5.000000000000001,3985217.0933226137,66.00451984418208,3985217.0933226137,66.00451984418208,3.486519853731104,3.4876913642738847,0.07560229805762587,0.12839280903593026,0.014878102178237818,0.039399724346982426,0.0024264255284527263
358,11,17.900000000000002,28,0.40679435532384617,-3.9062508197523655,8135887.106476923,20000000.0,5.000000000000001,5.000000000000001,1627177.4212953844,62.11434909352726,1627177.4212953844,62.11434909352726,51.88029864588502,51.87730934016298,,,,,,0.8384287725061518,-0.7653382634527159,16768575.450123036,20000000.0,5.000000000000001,5.000000000000001,3353715.090024607,65.2552616498269,3353715.090024607,65.2552616498269,24.057376898299974,24.055186502454585,0.9953340986187735,1.7262780544891663,0.06751544890257352,0.06769168814249947,0.006548922035997791,0.9963019976580366,-0.016089988890262318,19926039.953160733,20000000.0,5.000000000000001,5.000000000000001,3985207.9906321457,66.00450992438935,3985207.9906321457,66.00450992438935,3.487636933147768,3.48878605623383,0.07572895772599948,0.12864300900732767,0.014861549728191214,0.03939363760330317,0.0024189799622325752
359,11,17.95,29,0.4059728437290286,-3.9150301620871297,8119456.874580571,20000000.0,5.000000000000001,5.000000000000001,1623891.374916114,62.10556975119249,1623891.374916114,62.10556975119249,51.93859924127621,51.93510040223613,,,,,,0.8379925251735749,-0.7675985522455382,16759850.503471497,20000000.0,5.000000000000001,5.000000000000001,3351970.1006942987,65.25300136103408,3351970.1006942987,65.25300136103408,24.08040253328696,24.081648074414595,0.9959864241567274,1.7275861907748276,0.06742807645687257,0.06759581729974765,0.006521735882163258,0.996296099354401,-0.01611570005324484,19925921.98708802,20000000.0,5.000000000000001,5.000000000000001,3985184.3974176035,66.00448421322638,3985184.3974176035,66.00448421322638,3.4903819978117503,3.4914508271548366,0.07584648402529873,0.12855402822742895,0.01484319317750312,0.03938639791263456,0.0024113923647961365
360,12,18.0,0,0.40522398419482664,-3.9230485774609702,8104479.683896532,20000000.0,5.000000000000001,5.000000000000001,1620895.9367793063,62.09755133581865,1620895.9367793063,62.09755133581865,51.98794406187545,51.98158748006506,,,,,,0.8360724775905809,-0.777560727364784,16721449.551811617,20000000.0,5.000000000000001,5.000000000000001,3344289.910362323,65.24303918591484,3344289.910362323,65.24303918591484,24.245810527273143,24.247232978096303,1.0036238184762887,1.7329310497769925,0.06740499330819054,0.06751507903905932,0.00649927516744607,0.9963004027442526,-0.016096941228123413,19926008.054885052,20000000.0,5.000000000000001,5.000000000000001,3985201.61097701,66.0045029720515,3985201.61097701,66.0045029720515,3.4884501843581632,3.489662425492972,0.07562338080284597,0.12858335348565203,0.01482892552869404,0.039378444905412265,0.002403837297991402
361,12,18.05,1,0.40459551984112,-3.929789305594113,8091910.3968224,20000000.0,5.000000000000001,5.000000000000001,1618382.0793644798,62.09081060768551,1618382.0793644798,62.09081060768551,52.02677436091244,52.02151573239637,,,,,,0.8359985265731252,-0.7779448799366915,16719970.531462505,20000000.0,5.000000000000001,5.000000000000001,3343994.1062925006,65.24265503334293,3343994.1062925006,65.24265503334293,24.256145845665245,24.256197424601776,1.0024062533446965,1.7311663759036908,0.06733480739552952,0.06740159171216974,0.006471486631769481,0.9962965311987014,-0.016113817605283902,19925930.62397403,20000000.0,5.000000000000001,5.000000000000001,3985186.124794805,66.00448609567434,3985186.124794805,66.00448609567434,3.490195662325598,3.491484701189217,0.07568031804207374,0.12867826478371922,0.014816999409494486,0.039371261306297714,0.0023964334007736164
362,12,18.1,2,0.4041541854833332,-3.934529192212305,8083083.709666664,20000000.0,5.000000000000001,5.000000000000001,1616616.7419333325,62.086070721067316,1616616.7419333325,62.086070721067316,52.04791885285173,52.0447898486791,,,,,,0.8382354714015784,-0.766339651819397,16764709.428031567,20000000.0,5.000000000000001,5.000000000000001,3352941.885606313,65.25426026146023,3352941.885606313,65.25426026146023,24.06908829466975,24.06795064083943,0.9952399094656028,1.7283339048580975,0.0672575027499367,0.06728920723897451,0.006443615412539111,0.996304489887985,-0.01607912511238148,19926089.7977597,20000000.0,5.000000000000001,5.000000000000001,3985217.9595519393,66.00452078816724,3985217.9595519393,66.00452078816724,3.486564399218076,3.4877085643071775,0.07552934792397442,0.1284220117174681,0.014805716120414081,0.03936331189358239,0.0023890207997390176
363,12,18.150000000000002,3,0.40351685841536344,-3.941383162979899,8070337.168307269,20000000.0,5.000000000000001,5.000000000000001,1614067.4336614534,62.07921675029972,1614067.4336614534,62.07921675029972,52.08630858452848,52.08696006669163,,,,,,0.8368624696814251,-0.7734590827448035,16737249.393628502,20000000.0,5.000000000000001,5.000000000000001,3347449.8787257,65.24714083053482,3347449.8787257,65.24714083053482,24.17852481765425,24.181831915145853,1.0015078816602023,1.7312644923206224,0.06721283163268682,0.06719312945218282,0.006419005132635396,0.9963029070568094,-0.01608602476402824,19926058.141136188,20000000.0,5.000000000000001,5.000000000000001,3985211.6282272367,66.00451388851559,3985211.6282272367,66.00451388851559,3.4872945750777395,3.4883998529457068,0.07573613827423566,0.12871920248177354,0.014794778038452912,0.039355272898640326,0.0023816729334359714
364,12,18.2,4,0.4031531354443128,-3.945299582114764,8063062.708886256,20000000.0,5.000000000000001,5.000000000000001,1612612.541777251,62.075300331164854,1612612.541777251,62.075300331164854,52.1043342547199,52.11283467799852,,,,,,0.8354602137106059,-0.7807422725157399,16709204.274212118,20000000.0,5.000000000000001,5.000000000000001,3341840.854842423,65.23985764076389,3341840.854842423,65.23985764076389,24.28737022120813,24.28643067161175,1.005470773653258,1.7372051957857249,0.06710111764762215,0.06710582319263156,0.006392153093151627,0.9963103365436315,-0.016053639300962284,19926206.73087263,20000000.0,5.000000000000001,5.000000000000001,3985241.3461745256,66.00454627397866,3985241.3461745256,66.00454627397866,3.4838080393252873,3.485061715502024,0.07572875847430098,0.12854549010090183,0.014786230238978834,0.039347286413612875,0.0023743706513979584
365,12,18.25,5,0.40294066060837014,-3.9475890588824085,8058813.212167403,20000000.0,5.000000000000001,5.000000000000001,1611762.6424334804,62.07301085439721,1611762.6424334804,62.07301085439721,52.112533962259235,52.113777556925456,,,,,,0.8377553998386372,-0.7688276419389597,16755107.996772746,20000000.0,5.000000000000001,5.000000000000001,3351021.5993545484,65.25177227134067,3351021.5993545484,65.25177227134067,24.112543137358422,24.111046257961394,0.9971289766924298,1.7303204102630036,0.06697538278903384,0.06701213323563517,0.006364168684743021,0.9963080987619344,-0.016063393865364227,19926161.97523869,20000000.0,5.000000000000001,5.000000000000001,3985232.395047737,66.00453651941426,3985232.395047737,66.00453651941426,3.4846570513945414,3.4859007054817646,0.07558785759936634,0.12855695328312583,0.01477776654392875,0.0393393598384181,0.0023671465559724054
366,12,18.3,6,0.4029275712989006,-3.94773013938788,8058551.425978012,20000000.0,5.000000000000001,5.000000000000001,1611710.285195602,62.07286977389174,1611710.285195602,62.07286977389174,52.113187060103655,52.12163646337348,,,,,,0.8370312697047043,-0.7725831738722283,16740625.394094085,20000000.0,5.000000000000001,5.000000000000001,3348125.0788188167,65.2480167394074,3348125.0788188167,65.2480167394074,24.167267146955396,24.164721574999938,0.9995539683161917,1.7295387667836337,0.06686474126316308,0.06692585708220967,0.00633772830972585,0.9963002373767944,-0.01609766207677842,19926004.747535888,20000000.0,5.000000000000001,5.000000000000001,3985200.949507177,66.00450225120285,3985200.949507177,66.00450225120285,3.4883609668120585,3.489317317632968,0.07557353818334925,0.1286476135404583,0.014767311091835076,0.03933113209420199,0.0023598992806056086
367,12,18.35,7,0.40332096557496444,-3.9434920175420354,8066419.311499288,20000000.0,5.000000000000001,5.000000000000001,1613283.8622998574,62.07710789573759,1613283.8622998574,62.07710789573759,52.08985246631905,52.087649530382215,,,,,,0.8358272302287243,-0.7788348417894885,16716544.604574487,20000000.0,5.000000000000001,5.000000000000001,3343308.9209148968,65.24176507149014,3343308.9209148968,65.24176507149014,24.25911318266393,24.25874746867084,1.0032642425415867,1.7351371549769692,0.06675388457442712,0.06682888788686861,0.006310334462209313,0.9962919545763703,-0.01613376755318683,19925839.091527406,20000000.0,5.000000000000001,5.000000000000001,3985167.8183054803,66.00446614572644,3985167.8183054803,66.00446614572644,3.492303020997727,3.4934193002502587,0.0758672017922099,0.12875632203898676,0.014755669634851296,0.03932248663640071,0.002352618424737894
368,12,18.400000000000002,8,0.403959699833149,-3.936619591792112,8079193.99666298,20000000.0,5.000000000000001,5.000000000000001,1615838.7993325957,62.08398032148751,1615838.7993325957,62.08398032148751,52.05403061873702,52.04787953697,,,,,,0.8357754189146176,-0.7791040608869269,16715508.378292352,20000000.0,5.000000000000001,5.000000000000001,3343101.67565847,65.2414958523927,3343101.67565847,65.2414958523927,24.267503950260895,24.267178230257464,1.003720178566141,1.7336238440697085,0.06667239114060808,0.06675212908098782,0.006286426816751299,0.9962932122111344,-0.016128285390141505,19925864.24422269,20000000.0,5.000000000000001,5.000000000000001,3985172.848844537,66.00447162788949,3985172.848844537,66.00447162788949,3.49174408518824,3.492893340108089,0.07582017394746678,0.12896093088918997,0.01474609877239259,0.03931352353626724,0.002345327506509635
369,12,18.45,9,0.4051137754942081,-3.9242298880998785,8102275.509884162,20000000.0,5.000000000000001,5.000000000000001,1620455.1019768321,62.09637002517974,1620455.1019768321,62.09637002517974,51.98575118092454,51.9821513511185,,,,,,0.8359583208403545,-0.7781537504935312,16719166.416807089,20000000.0,5.000000000000001,5.000000000000001,3343833.2833614172,65.2424461627861,3343833.2833614172,65.2424461627861,24.24929156445618,24.24778782341498,1.0022933831206398,1.7317721738522867,0.06652084848376341,0.06662517913716066,0.006254661971172854,0.9962981359958146,-0.016106822158168534,19925962.71991629,20000000.0,5.000000000000001,5.000000000000001,3985192.5439832574,66.00449309112145,3985192.5439832574,66.00449309112145,3.489391719480602,3.4902462575501945,0.07578343897293491,0.12870699209862488,0.014734851539112189,0.03930403762027275,0.0023380163370974706
370,12,18.5,10,0.40564170037335107,-3.9185740547173165,8112834.007467021,20000000.0,5.000000000000001,5.000000000000001,1622566.801493404,62.10202585856231,1622566.801493404,62.10202585856231,51.96416021808004,51.960804631611246,,,,,,0.8357917927178787,-0.7790189784283236,16715835.854357574,20000000.0,5.000000000000001,5.000000000000001,3343167.1708715144,65.2415809348513,3343167.1708715144,65.2415809348513,24.26730495441321,24.26666121629789,1.0030273057627503,1.7325993174934884,0.06639370235774122,0.06656843813669418,0.006230740988446453,0.996296811188194,-0.016112597106459212,19925936.22376388,20000000.0,5.000000000000001,5.000000000000001,3985187.244752775,66.00448731617317,3985187.244752775,66.00448731617317,3.490110650662017,3.4911139719430446,0.0756232851749696,0.1287244292997359,0.014723648994690117,0.03929481438590416,0.00233079746171286
371,12,18.55,11,0.40634934692399344,-3.911004338994213,8126986.938479869,20000000.0,5.000000000000001,5.000000000000001,1625397.3876959735,62.109595574285414,1625397.3876959735,62.109595574285414,51.92436958461822,51.920086183835735,,,,,,0.8366786554734874,-0.774413101684928,16733573.109469747,20000000.0,5.000000000000001,5.000000000000001,3346714.621893949,65.2461868115947,3346714.621893949,65.2461868115947,24.196755461026232,24.196003251804186,1.0009436195215993,1.7276676285716157,0.06628606371634298,0.06648264418349259,0.0062050744081982145,0.996287121100077,-0.016154837252334308,19925742.42200154,20000000.0,5.000000000000001,5.000000000000001,3985148.4844003073,66.0044450760273,3985148.4844003073,66.0044450760273,3.494663356966176,3.495599833105556,0.07570129273023073,0.12872756528831503,0.014707406727051828,0.03928521591298127,0.0023235248805170416
372,12,18.6,12,0.40700879212733543,-3.9039620912577804,8140175.842546709,20000000.0,5.000000000000001,5.000000000000001,1628035.1685093415,62.11663782202184,1628035.1685093415,62.11663782202184,51.87878004516658,51.878598774285045,,,,,,0.8364554055098589,-0.775572079081006,16729108.110197177,20000000.0,5.000000000000001,5.000000000000001,3345821.622039435,65.24502783419861,3345821.622039435,65.24502783419861,24.2157916127144,24.21337840249932,1.0016259160129888,1.7339480079513105,0.06618546548575475,0.06635778014102561,0.006176310457333517,0.9962859159866659,-0.01616009050122156,19925718.319733318,20000000.0,5.000000000000001,5.000000000000001,3985143.663946663,66.0044398227784,3985143.663946663,66.0044398227784,3.4952541775947927,3.4960708610304474,0.07571470991439092,0.12888258641461123,0.014691622272683166,0.03927520730971367,0.002316237115252658
373,12,18.650000000000002,13,0.406418764784654,-3.9102624842518967,8128375.29569308,20000000.0,5.000000000000001,5.000000000000001,1625675.0591386156,62.11033742902772,1625675.0591386156,62.11033742902772,51.91682373524852,51.91787053789058,,,,,,0.835889035116683,-0.7785137164602234,16717780.702333659,20000000.0,5.000000000000001,5.000000000000001,3343556.140466731,65.2420861968194,3343556.140466731,65.2420861968194,24.261489743253012,24.261650469338726,1.0036180472325893,1.7335504078489457,0.06597909268254529,0.0662022625474454,0.00613989072378497,0.9963030664119762,-0.016085330125243224,19926061.328239523,20000000.0,5.000000000000001,5.000000000000001,3985212.265647904,66.00451458315437,3985212.265647904,66.00451458315437,3.487121568182996,3.488036377134307,0.0757091685848589,0.12879867151383223,0.014671205768504832,0.039264365266220944,0.0023087860117080635
374,12,18.7,14,0.40537579472028473,-3.921421869041179,8107515.894405695,20000000.0,5.000000000000001,5.000000000000001,1621503.1788811386,62.09917804423845,1621503.1788811386,62.09917804423845,51.97556227991348,51.971855072976425,,,,,,0.8367491117454422,-0.7740473999708425,16734982.234908843,20000000.0,5.000000000000001,5.000000000000001,3346996.446981768,65.24655251330879,3346996.446981768,65.24655251330879,24.189223805439877,24.1892399086208,0.9997267956700275,1.7323895765449184,0.06597197999700813,0.06613255687689523,0.006120843542607341,0.996293258405375,-0.016128084024689515,19925865.1681075,20000000.0,5.000000000000001,5.000000000000001,3985173.033621499,66.00447182925494,3985173.033621499,66.00447182925494,3.4917537017397144,3.492482417647925,0.07587705001315945,0.12902749051459544,0.014652075709450462,0.03925400244630844,0.002301514880599754
375,12,18.75,15,0.40439606749377316,-3.9319307631065654,8087921.349875463,20000000.0,5.000000000000001,5.000000000000001,1617584.2699750923,62.08866915017306,1617584.2699750923,62.08866915017306,52.0265391208723,52.02742625332739,,,,,,0.8374223395251775,-0.7705545781891678,16748446.79050355,20000000.0,5.000000000000001,5.000000000000001,3349689.3581007095,65.25004533509046,3349689.3581007095,65.25004533509046,24.135695399592294,24.137454614285076,0.9978459381088287,1.7320634822058287,0.06591124641665515,0.0660391705284655,0.0060971320032745975,0.9962827601898215,-0.016173847067526337,19925655.20379643,20000000.0,5.000000000000001,5.000000000000001,3985131.0407592854,66.00442606621209,3985131.0407592854,66.00442606621209,3.4967558820093934,3.497506851599586,0.0756775205283316,0.12889475693002755,0.014637532670246709,0.03924357727033899,0.0022943629407321817
376,12,18.8,16,0.402894662722881,-3.94808485814289,8057893.25445762,20000000.0,5.000000000000001,5.000000000000001,1611578.6508915238,62.07251505513673,1611578.6508915238,62.07251505513673,52.11347184541813,52.11195201596597,,,,,,0.836808817409441,-0.7737375231512554,16736176.348188821,20000000.0,5.000000000000001,5.000000000000001,3347235.2696377635,65.24686239012837,3347235.2696377635,65.24686239012837,24.183465369808186,24.18211072760995,1.0000249222380584,1.7299473182087077,0.06582203850398136,0.06595273284913136,0.006072951969340107,0.9962892333227167,-0.016145629809568768,19925784.666454334,20000000.0,5.000000000000001,5.000000000000001,3985156.933290866,66.00445428347005,3985156.933290866,66.00445428347005,3.493652741561127,3.494530833776551,0.07579330052767329,0.12912163606437574,0.014620800929478001,0.03923302866590028,0.002287155504379399
377,12,18.85,17,0.4012842841977018,-3.965478485389422,8025685.683954036,20000000.0,5.000000000000001,5.000000000000001,1605137.136790807,62.0551214278902,1605137.136790807,62.0551214278902,52.21371237158307,52.214102696527405,,,,,,0.8375992127253433,-0.7696373953026449,16751984.254506866,20000000.0,5.000000000000001,5.000000000000001,3350396.8509013727,65.25096251797697,3350396.8509013727,65.25096251797697,24.11943404882202,24.120243138658488,0.9969998787307224,1.7323434448372523,0.06570561402399559,0.06583938042686675,0.006045143867930753,0.9962814490837782,-0.016179562377649247,19925628.981675565,20000000.0,5.000000000000001,5.000000000000001,3985125.7963351123,66.00442035090198,3985125.7963351123,66.00442035090198,3.4973408858180184,3.498273917764646,0.07578778191337118,0.12901932555682916,0.014604096973196473,0.0392219985579068,0.0022800054475044366
378,12,18.900000000000002,18,0.4006700676372886,-3.972131006556733,8013401.352745771,20000000.0,5.000000000000001,5.000000000000001,1602680.270549154,62.04846890672289,1602680.270549154,62.04846890672289,52.246712864879576,52.23956161723288,,,,,,0.8374925127096834,-0.7701906692204745,16749850.254193667,20000000.0,5.000000000000001,5.000000000000001,3349970.050838733,65.25040924405916,3349970.050838733,65.25040924405916,24.133058758086396,24.131045024694853,0.9976051661014111,1.7289884581083257,0.06556715393240824,0.06573285378151458,0.006017060798917087,0.9962936852072568,-0.016126223551772723,19925873.704145137,20000000.0,5.000000000000001,5.000000000000001,3985174.740829027,66.00447368972785,3985174.740829027,66.00447368972785,3.4916199632718525,3.4922912644865627,0.07556432356276385,0.12886330016439138,0.014584509114231484,0.03921058313887747,0.0022727266235429673
379,12,18.95,19,0.4005632088675072,-3.973289425102119,8011264.177350144,20000000.0,5.000000000000001,5.000000000000001,1602252.8354700285,62.0473104881775,1602252.8354700285,62.0473104881775,52.256078704934815,52.251387195068595,,,,,,0.8372671676732613,-0.7713593874261893,16745343.353465226,20000000.0,5.000000000000001,5.000000000000001,3349068.6706930446,65.24924052585344,3349068.6706930446,65.24924052585344,24.15610887573507,24.156527531660778,0.9990473726778136,1.7322940804204456,0.06552915136228477,0.06568004871683601,0.00599858814540352,0.996283129172488,-0.016172238617469047,19925662.58344976,20000000.0,5.000000000000001,5.000000000000001,3985132.516689951,66.00442767466215,3985132.516689951,66.00442767466215,3.4965129609861973,3.497314169247494,0.07590614672550507,0.1291436273811119,0.014568293124564244,0.03920000228581723,0.002265694464817852
380,12,19.0,20,0.4015442530910261,-3.962665853437779,8030885.061820522,20000000.0,5.000000000000001,5.000000000000001,1606177.0123641042,62.05793405984185,1606177.0123641042,62.05793405984185,52.195455397977106,52.19145668087752,,,,,,0.835442242562556,-0.7808356923368975,16708844.85125112,20000000.0,5.000000000000001,5.000000000000001,3341768.9702502233,65.23976422094273,3341768.9702502233,65.23976422094273,24.293669804434668,24.29012961929797,1.0054581863860448,1.730914327352523,0.06540373611672554,0.06557582599846695,0.005971538172548184,0.9962810636209544,-0.01618124266999966,19925621.272419088,20000000.0,5.000000000000001,5.000000000000001,3985124.2544838167,66.00441867060962,3985124.2544838167,66.00441867060962,3.4975661491928656,3.4981765989211135,0.07594726619421585,0.12930960126949614,0.0145512186026725,0.03918873601727388,0.002258696380785497
381,12,19.05,21,0.4028583050962986,-3.9484767876111304,8057166.101925972,20000000.0,5.000000000000001,5.000000000000001,1611433.220385194,62.07212312566849,1611433.220385194,62.07212312566849,52.11641468481806,52.11525385754568,,,,,,0.837142298543792,-0.7720071378729378,16742845.970875839,20000000.0,5.000000000000001,5.000000000000001,3348569.194175167,65.24859277540669,3348569.194175167,65.24859277540669,24.152149281872376,24.150093007818224,0.9988259814948123,1.7260807910859963,0.06531028166550111,0.06545972741191583,0.005944918591426698,0.996282504723427,-0.016174960683701316,19925650.09446854,20000000.0,5.000000000000001,5.000000000000001,3985130.0188937075,66.00442495259593,3985130.0188937075,66.00442495259593,3.496776933934046,3.4976755653271936,0.07578555435273662,0.12930600447393611,0.01453667600832757,0.039177524987520626,0.0022517494017343376
382,12,19.1,22,0.40418078033514604,-3.9342434196580567,8083615.606702921,20000000.0,5.000000000000001,5.000000000000001,1616723.121340584,62.08635649362157,1616723.121340584,62.08635649362157,52.039716601726866,52.041429562522126,,,,,,0.8367306374148208,-0.7741432875948198,16734612.748296415,20000000.0,5.000000000000001,5.000000000000001,3346922.5496592824,65.2464566256848,3346922.5496592824,65.2464566256848,24.197523076542687,24.196236554809023,1.0015192545572371,1.734577831379125,0.06522930379874631,0.0653528995948582,0.005919841974003336,0.9962885955876952,-0.016148409774262917,19925771.911753904,20000000.0,5.000000000000001,5.000000000000001,3985154.38235078,66.00445150350536,3985154.38235078,66.00445150350536,3.4939925537066614,3.4944837805747184,0.07574632342074758,0.12932923380631894,0.014520589901193228,0.03916575951230169,0.002244768926757793
383,12,19.150000000000002,23,0.40503291155068605,-3.925096861084765,8100658.231013721,20000000.0,5.000000000000001,5.000000000000001,1620131.646202744,62.095503052194864,1620131.646202744,62.095503052194864,51.991873398234986,51.99171839769794,,,,,,0.8345350237524651,-0.785554321384228,16690700.475049302,20000000.0,5.000000000000001,5.000000000000001,3338140.0950098597,65.23504559189539,3338140.0950098597,65.23504559189539,24.37773170235875,24.377377569376524,1.0086383578955744,1.7320966019688513,0.0651505794077267,0.06526885903544866,0.005897185432479045,0.9962908292120359,-0.016138673141296207,19925816.58424072,20000000.0,5.000000000000001,5.000000000000001,3985163.316848143,66.00446124013833,3985163.316848143,66.00446124013833,3.492907146087712,3.4935721784934857,0.07607379010444562,0.12943139714491397,0.014505658818560585,0.0391544425506776,0.002237939983665252
384,12,19.200000000000003,24,0.405251019071086,-3.922758843723707,8105020.381421721,20000000.0,5.000000000000001,5.000000000000001,1621004.0762843438,62.09784106955592,1621004.0762843438,62.09784106955592,51.986432064649456,51.986167872991224,,,,,,0.8375917844491572,-0.7696759110225021,16751835.688983142,20000000.0,5.000000000000001,5.000000000000001,3350367.137796628,65.25092400225712,3350367.137796628,65.25092400225712,24.118389065018167,24.11976484920199,0.9969694640625886,1.7278285084009188,0.06499313705897895,0.06520146792947781,0.0058725376529102005,0.9962809335772477,-0.016181809550872644,19925618.671544954,20000000.0,5.000000000000001,5.000000000000001,3985123.73430899,66.00441810372875,3985123.73430899,66.00441810372875,3.4975858434101865,3.4983941073816984,0.07585014176541324,0.1293925388391405,0.014488107027228572,0.0391426918773057,0.0022310383447641086
385,12,19.25,25,0.40552706905286745,-3.9198015119900105,8110541.381057349,20000000.0,5.000000000000001,5.000000000000001,1622108.2762114694,62.100798401289616,1622108.2762114694,62.100798401289616,51.96902795101012,51.967733694299135,,,,,,0.8378687294273035,-0.7682401782684439,16757374.588546071,20000000.0,5.000000000000001,5.000000000000001,3351474.9177092137,65.25235973501118,3351474.9177092137,65.25235973501118,24.103396968993525,24.101818477508115,0.9978823297701489,1.7222362376652587,0.06494611937416053,0.0651358805164457,0.005853096130466725,0.9962899673726943,-0.01614242999844364,19925799.347453885,20000000.0,5.000000000000001,5.000000000000001,3985159.869490776,66.00445748328119,3985159.869490776,66.00445748328119,3.4931805645370653,3.493975140989922,0.0760954866511826,0.12966468707537016,0.014469623168772362,0.03913118780430434,0.0022242148336172386
386,12,19.3,26,0.40559196360613375,-3.919106586946595,8111839.272122676,20000000.0,5.000000000000001,5.000000000000001,1622367.8544245348,62.10149332633303,1622367.8544245348,62.10149332633303,51.95734977416985,51.95686338800596,,,,,,0.8386623280233648,-0.76412864671851,16773246.560467297,20000000.0,5.000000000000001,5.000000000000001,3354649.312093459,65.25647126656112,3354649.312093459,65.25647126656112,24.03188153248067,24.031410370963624,0.9931099739584968,1.7219855638826878,0.06480899069302261,0.0650316864263985,0.005826308778580271,0.9962820444586691,-0.01617696704725611,19925640.88917338,20000000.0,5.000000000000001,5.000000000000001,3985128.1778346756,66.00442294623237,3985128.1778346756,66.00442294623237,3.497047098262093,3.4978350650912247,0.0758355954800128,0.12937153686205388,0.014450129484395155,0.03911892615316955,0.0022173572873023426
387,12,19.35,27,0.404594086022533,-3.9298046962886026,8091881.72045066,20000000.0,5.000000000000001,5.000000000000001,1618376.3440901318,62.09079521699102,1618376.3440901318,62.09079521699102,52.02324758837024,52.01969280875087,,,,,,0.8365674748292049,-0.7749902449934103,16731349.496584099,20000000.0,5.000000000000001,5.000000000000001,3346269.8993168194,65.24560966828622,3346269.8993168194,65.24560966828622,24.199562312755255,24.198444990620683,1.0013222455776576,1.7326522271663287,0.06471081009276261,0.0649377803095432,0.0058021677179727425,0.9962909887788255,-0.01613797757160291,19925819.77557651,20000000.0,5.000000000000001,5.000000000000001,3985163.955115301,66.00446193570802,3985163.955115301,66.00446193570802,3.4927158390720123,3.493386363657964,0.07591087241573406,0.12965969111438608,0.014430007398626047,0.03910663148849418,0.0022105873886323355
388,12,19.400000000000002,28,0.40411039450088737,-3.9349997851969025,8082207.890017748,20000000.0,5.000000000000001,5.000000000000001,1616441.5780035492,62.08560012808272,1616441.5780035492,62.08560012808272,52.05113610353163,52.048745968512506,,,,,,0.8350848627405288,-0.7826938853171256,16701697.254810577,20000000.0,5.000000000000001,5.000000000000001,3340339.450962115,65.23790602796251,3340339.450962115,65.23790602796251,24.322977259744544,24.323563939081012,1.0050065615001418,1.7352795853793412,0.06461731816400233,0.06487356457502877,0.005781039495755845,0.9962921892999915,-0.016132744367553485,19925843.78599983,20000000.0,5.000000000000001,5.000000000000001,3985168.7571999654,66.00446716891207,3985168.7571999654,66.00446716891207,3.4922423348666833,3.4929368097867384,0.0758025851524189,0.1295096532688279,0.014407729885622084,0.03909407054029451,0.0022037988836447068
389,12,19.450000000000003,29,0.4044355776172093,-3.9315064713839307,8088711.552344185,20000000.0,5.000000000000001,5.000000000000001,1617742.3104688367,62.0890934418957,1617742.3104688367,62.0890934418957,52.01910535640802,52.013742912477824,,,,,,0.8364034626746337,-0.7758417789002671,16728069.253492674,20000000.0,5.000000000000001,5.000000000000001,3345613.8506985344,65.24475813437935,3345613.8506985344,65.24475813437935,24.21571225783007,24.217352844695064,1.00166111192077,1.7337138385452768,0.06455792848150509,0.06482607361476359,0.00576305022870403,0.9962848505060699,-0.016164735077476882,19925697.010121398,20000000.0,5.000000000000001,5.000000000000001,3985139.402024279,66.00443517820214,3985139.402024279,66.00443517820214,3.4955013095445855,3.4962008665663733,0.07579425240464763,0.1297393217782868,0.014381584026006264,0.03908171722479821,0.002197006043205502
390,13,19.5,0,0.40397701279109954,-3.9364334652802953,8079540.255821991,20000000.0,5.000000000000001,5.000000000000001,1615908.051164398,62.08416644799933,1615908.051164398,62.08416644799933,52.04998614410939,52.04446761213497,,,,,,0.8347582563968872,-0.7843927674813401,16695165.127937743,20000000.0,5.000000000000001,5.000000000000001,3339033.025587548,65.23620714579829,3339033.025587548,65.23620714579829,24.346336315581368,24.343560613479664,1.0077043290446168,1.739819581650055,0.06446363091774658,0.0647219566872895,0.005738557778055146,0.9962897744378926,-0.01614327102395427,19925795.488757852,20000000.0,5.000000000000001,5.000000000000001,3985159.09775157,66.00445664225566,3985159.09775157,66.00445664225566,3.4932987424406674,3.4939731138162458,0.07602948080341185,0.12980758758998173,0.014356262320576667,0.03906914974714172,0.0021902778348034226
391,13,19.55,1,0.4038121505639325,-3.938206174293366,8076243.01127865,20000000.0,5.000000000000001,5.000000000000001,1615248.6022557297,62.082393738986255,1615248.6022557297,62.082393738986255,52.066099851321916,52.06318627259037,,,,,,0.8384749421588984,-0.7650991176359472,16769498.843177969,20000000.0,5.000000000000001,5.000000000000001,3353899.7686355934,65.25550079564367,3353899.7686355934,65.25550079564367,24.05278695948504,24.053179921611395,0.9941199615298192,1.7324345462634643,0.06434153303779891,0.06461561418213352,0.00571277370186562,0.9962755579196703,-0.016205242948444453,19925511.158393405,20000000.0,5.000000000000001,5.000000000000001,3985102.2316786805,66.00439467033118,3985102.2316786805,66.00439467033118,3.5001389864997066,3.5008702898107145,0.07608938529899294,0.12979121701069346,0.014330435784675234,0.039055600963629554,0.0021835113069482584
392,13,19.6,2,0.4041252763583291,-3.9348398539095024,8082505.527166583,20000000.0,5.000000000000001,5.000000000000001,1616501.1054333162,62.085760059370116,1616501.1054333162,62.085760059370116,52.047074721822824,52.048847055483314,,,,,,0.8357081522783734,-0.7794536129789285,16714163.045567468,20000000.0,5.000000000000001,5.000000000000001,3342832.609113493,65.2411463003007,3342832.609113493,65.2411463003007,24.27746248038738,24.276944151753632,1.003120478619644,1.732993797068446,0.06422543237604882,0.06454129839484041,0.005690145137822912,0.9962759667727921,-0.016203460684322223,19925519.335455842,20000000.0,5.000000000000001,5.000000000000001,3985103.8670911677,66.0043964525953,3985103.8670911677,66.0043964525953,3.4998441730607937,3.500515517795228,0.07622173301645778,0.12980452610813364,0.014304524556199663,0.03904340207808644,0.0021769135451265736
393,13,19.650000000000002,3,0.40433552752842866,-3.9325809707426873,8086710.550568573,20000000.0,5.000000000000001,5.000000000000001,1617342.1101137144,62.088018942536934,1617342.1101137144,62.088018942536934,52.031740816675814,52.03196693502508,,,,,,0.8382287770560928,-0.7663743357359438,16764575.541121855,20000000.0,5.000000000000001,5.000000000000001,3352915.1082243705,65.25422557754368,3352915.1082243705,65.25422557754368,24.071282957471563,24.070913397445935,0.9959858528474304,1.7311194192828208,0.06412885712995366,0.06443585341195196,0.005665835976891341,0.9962811408188045,-0.016180906152522375,19925622.81637609,20000000.0,5.000000000000001,5.000000000000001,3985124.563275217,66.0044190071271,3985124.563275217,66.0044190071271,3.497477570104509,3.4980802684263717,0.07594719792154203,0.12979441937181463,0.014276280146672107,0.039030536331220195,0.0021702353149322686
394,13,19.700000000000003,4,0.40438968445972884,-3.9319993131881317,8087793.689194577,20000000.0,5.000000000000001,5.000000000000001,1617558.737838915,62.088600600091496,1617558.737838915,62.088600600091496,52.02619257625105,52.02712351984352,,,,,,0.8367139077555823,-0.7742301216487191,16734278.155111646,20000000.0,5.000000000000001,5.000000000000001,3346855.6310223285,65.2463697916309,3346855.6310223285,65.2463697916309,24.193184923253163,24.194745957856963,1.0014583771936396,1.7348167234421041,0.0641092939358868,0.0643931035420267,0.005650488246639239,0.9962836195126195,-0.01617010115318078,19925672.39025239,20000000.0,5.000000000000001,5.000000000000001,3985134.478050477,66.00442981212645,3985134.478050477,66.00442981212645,3.4961631212973012,3.4969579129273134,0.07603614392857301,0.12990509019103955,0.014249907506301706,0.039018067810541096,0.0021637280617719896
395,13,19.75,5,0.40404036046292835,-3.935752501100967,8080807.209258567,20000000.0,5.000000000000001,5.000000000000001,1616161.441851713,62.084847412178654,1616161.441851713,62.084847412178654,52.047421380054644,52.04609320286708,,,,,,0.837712079055005,-0.7690522237649206,16754241.5811001,20000000.0,5.000000000000001,5.000000000000001,3350848.3162200195,65.2515476895147,3350848.3162200195,65.2515476895147,24.110277759721495,24.109901370278415,0.998295400780288,1.7345650411340663,0.06409566022308913,0.06431848947706593,0.005632575693675882,0.9962779868707109,-0.016194654725743798,19925559.73741422,20000000.0,5.000000000000001,5.000000000000001,3985111.947482843,66.00440525855387,3985111.947482843,66.00440525855387,3.498828835886839,3.49942459815813,0.07601084719535936,0.12983944921376409,0.014224844916259558,0.039004942595153844,0.002157227355861238
396,13,19.8,6,0.40349833481517977,-3.941582532147014,8069966.696303596,20000000.0,5.000000000000001,5.000000000000001,1613993.3392607188,62.07901738113261,1613993.3392607188,62.07901738113261,52.083384160802424,52.07576451164863,,,,,,0.8375558170925841,-0.7698624071196383,16751116.341851681,20000000.0,5.000000000000001,5.000000000000001,3350223.268370336,65.25073750616,3350223.268370336,65.25073750616,24.1269195761676,24.127559129132262,0.9979400692231893,1.7320579383851853,0.06396343447298342,0.06422462274638197,0.00560787723647813,0.9962833863258518,-0.016171117648246254,19925667.726517037,20000000.0,5.000000000000001,5.000000000000001,3985133.5453034067,66.00442879563138,3985133.5453034067,66.00442879563138,3.496302668392591,3.4969298199107244,0.07604489752929458,0.12983271155611836,0.01419965401390813,0.03899136436141235,0.0021506819972365913
397,13,19.85,7,0.4037089615311044,-3.9393161001423094,8074179.230622089,20000000.0,5.000000000000001,5.000000000000001,1614835.8461244174,62.08128381313731,1614835.8461244174,62.08128381313731,52.06893147372502,52.061193093500854,,,,,,0.835169638683875,-0.7822530216715724,16703392.773677498,20000000.0,5.000000000000001,5.000000000000001,3340678.554735499,65.23834689160805,3340678.554735499,65.23834689160805,24.314275880173334,24.31880563782051,1.0057653070377763,1.7331361691655072,0.06382894640720901,0.06414627153394072,0.005584578243515896,0.9962893486723263,-0.01614512698675004,19925786.973446526,20000000.0,5.000000000000001,5.000000000000001,3985157.3946893043,66.00445478629287,3985157.3946893043,66.00445478629287,3.493528445971535,3.4941318782356214,0.07589454031388285,0.12985535690649677,0.014173789365474957,0.03897816888517608,0.0021441801668706673
398,13,19.900000000000002,8,0.4040688346815791,-3.935446448500255,8081376.693631582,20000000.0,5.000000000000001,5.000000000000001,1616275.338726316,62.08515346477937,1616275.338726316,62.08515346477937,52.051586489370266,52.04910252923459,,,,,,0.8377078246330237,-0.7690742799907788,16754156.492660474,20000000.0,5.000000000000001,5.000000000000001,3350831.2985320943,65.25152563328885,3350831.2985320943,65.25152563328885,24.11223826006861,24.112025334496686,0.9974971537082871,1.7348122876186678,0.06375248006747664,0.06406465832935768,0.0055636780994748536,0.9962858933882311,-0.016160189010851003,19925717.867764622,20000000.0,5.000000000000001,5.000000000000001,3985143.5735529237,66.00443972426876,3985143.5735529237,66.00443972426876,3.4951458038463437,3.495590245516799,0.07585957795481608,0.1299603200292544,0.014147814221779423,0.03896428602832729,0.0021376282252038915
399,13,19.950000000000003,9,0.4053982014589159,-3.9211818237759557,8107964.029178319,20000000.0,5.000000000000001,5.000000000000001,1621592.8058356633,62.09941808950367,1621592.8058356633,62.09941808950367,51.96916132924656,51.973695775603275,,,,,,0.8352355626786304,-0.7819102254789022,16704711.253572607,20000000.0,5.000000000000001,5.000000000000001,3340942.250714521,65.23868968780073,3340942.250714521,65.23868968780073,24.313637718361402,24.31506173631712,1.0064952187559333,1.7337567839322658,0.06367045969646863,0.06400834176663486,0.005544759077063396,0.9962729311246397,-0.01621669363677806,19925458.622492794,20000000.0,5.000000000000001,5.000000000000001,3985091.724498558,66.00438321964285,3985091.724498558,66.00438321964285,3.5012975432585476,3.5018137853120814,0.07612525157762104,0.12999574182927157,0.014123848023171732,0.03895075347732006,0.0021311865464076927
400,13,20.0,10,0.40712033648722096,-3.9027720318781025,8142406.729744419,20000000.0,5.000000000000001,5.000000000000001,1628481.3459488836,62.11782788140152,1628481.3459488836,62.11782788140152,51.86478497106081,51.867930043256706,,,,,,0.8360187437321941,-0.7778398546982596,16720374.874643883,20000000.0,5.000000000000001,5.000000000000001,3344074.974928776,65.24276005858137,3344074.974928776,65.24276005858137,24.247697728345585,24.249506685895085,1.0032571225083975,1.7314017367624452,0.06359589355148713,0.0639326745674214,0.005524632973878603,0.9962792607949702,-0.01618910147725544,19925585.215899404,20000000.0,5.000000000000001,5.000000000000001,3985117.04317988,66.00441081180237,3985117.04317988,66.00441081180237,3.4984382412006463,3.4990029776553357,0.07593332731682396,0.12997029024853027,0.014098546969988798,0.03893679590264372,0.002124777776583138
401,13,20.05,11,0.40896805757609855,-3.883106112106951,8179361.151521971,20000000.0,5.000000000000001,5.000000000000001,1635872.230304394,62.137493801172674,1635872.230304394,62.137493801172674,51.75651702384903,51.75875719989871,,,,,,0.8367527533537946,-0.7740284991205273,16735055.067075893,20000000.0,5.000000000000001,5.000000000000001,3347011.0134151783,65.24657141415909,3347011.0134151783,65.24657141415909,24.188460214642475,24.18742341031892,1.0008985585789714,1.7354701445793537,0.06353977142809,0.06388155093028072,0.005507487923406199,0.9962908532355812,-0.016138568419936616,19925817.064711623,20000000.0,5.000000000000001,5.000000000000001,3985163.412942324,66.00446134485969,3985163.412942324,66.00446134485969,3.492864590816018,3.4933844229098296,0.07603941488465851,0.1301193571394918,0.014073830594434514,0.03892263554066101,0.002118372154492555
402,13,20.1,12,0.4104882941543088,-3.866992230918628,8209765.883086177,20000000.0,5.000000000000001,5.000000000000001,1641953.176617235,62.15360768236099,1641953.176617235,62.15360768236099,51.66780876100506,51.66958289556563,,,,,,0.8364895689241562,-0.7753947034644604,16729791.378483122,20000000.0,5.000000000000001,5.000000000000001,3345958.275696624,65.24520520981517,3345958.275696624,65.24520520981517,24.211014039967758,24.21228886728101,1.0021515655544504,1.7348880080735267,0.06349970813248837,0.06381043311808351,0.005489444952551633,0.996282572693616,-0.016174664391466576,19925651.45387232,20000000.0,5.000000000000001,5.000000000000001,3985130.290774463,66.00442524888815,3985130.290774463,66.00442524888815,3.496634591878771,3.497285925438477,0.07612015955530683,0.13011208791896373,0.014049812666967513,0.03890839900360103,0.002111991470448457
403,13,20.150000000000002,13,0.41105202610981234,-3.8610320677973626,8221040.522196246,20000000.0,5.000000000000001,5.000000000000001,1644208.104439249,62.15956784548226,1644208.104439249,62.15956784548226,51.64239027566509,51.641762706140106,,,,,,0.836300778235579,-0.7763749907404014,16726015.56471158,20000000.0,5.000000000000001,5.000000000000001,3345203.1129423156,65.24422492253922,3345203.1129423156,65.24422492253922,24.217660959087105,24.219865639527637,1.001249256138426,1.7330052080706255,0.06341765260712733,0.06372602607032223,0.005468470000624916,0.9962840088558065,-0.016168403950081785,19925680.17711613,20000000.0,5.000000000000001,5.000000000000001,3985136.0354232253,66.00443150932955,3985136.0354232253,66.00443150932955,3.496159597438144,3.4966352462822856,0.0761656684955289,0.13006877867194983,0.014024466832593849,0.03889374176924927,0.002105581886721867
404,13,20.200000000000003,14,0.4108510063927383,-3.863156448707698,8217020.127854766,20000000.0,5.000000000000001,5.000000000000001,1643404.025570953,62.15744346457193,1643404.025570953,62.15744346457193,51.660119781874684,51.66236106207133,,,,,,0.8358339037190688,-0.7788001665796287,16716678.074381378,20000000.0,5.000000000000001,5.000000000000001,3343335.614876275,65.2417997467,3343335.614876275,65.2417997467,24.269867251817754,24.271237799479984,1.0032673490980444,1.7381164017154933,0.06333220295462072,0.0636168671535687,0.005445309152821627,0.9962813222873006,-0.01618011510312781,19925626.445746012,20000000.0,5.000000000000001,5.000000000000001,3985125.2891492015,66.00441979817649,3985125.2891492015,66.00441979817649,3.497352301611624,3.497852053417052,0.07621564880772144,0.13013142592950735,0.013999436538020877,0.03887882610768554,0.0020991631875181345
405,13,20.25,15,0.4097604417512289,-3.8746997067470437,8195208.835024578,20000000.0,5.000000000000001,5.000000000000001,1639041.7670049153,62.14590020653258,1639041.7670049153,62.14590020653258,51.7241118051481,51.72967435843716,,,,,,0.8376313775699856,-0.7694706240578733,16752627.551399713,20000000.0,5.000000000000001,5.000000000000001,3350525.5102799423,65.25112928922175,3350525.5102799423,65.25112928922175,24.113182521422637,24.113468216906902,0.9983773574434437,1.7371493809834562,0.06317226572547328,0.06352876449228873,0.005420842428866797,0.9962790681533005,-0.016189941233993616,19925581.36306601,20000000.0,5.000000000000001,5.000000000000001,3985116.2726132013,66.00440997204564,3985116.2726132013,66.00440997204564,3.498444141958637,3.4990828293723757,0.07613951488336572,0.13025980203125023,0.013972201794205658,0.03886416278489265,0.002092725735309666
406,13,20.3,16,0.40804164667909865,-3.892955084790615,8160832.9335819725,20000000.0,5.000000000000001,5.000000000000001,1632166.5867163942,62.127644828489004,1632166.5867163942,62.127644828489004,51.8173759787255,51.825110531486736,,,,,,0.8372560063592915,-0.7714172820811344,16745120.12718583,20000000.0,5.000000000000001,5.000000000000001,3349024.0254371655,65.2491826311985,3349024.0254371655,65.2491826311985,24.15305049184419,24.152403097214528,1.0008566981641225,1.7258088350057783,0.06304156215991531,0.06344843735941447,0.005398371784198655,0.9962831341651905,-0.016172216853543583,19925662.68330381,20000000.0,5.000000000000001,5.000000000000001,3985132.5366607616,66.00442769642608,3985132.5366607616,66.00442769642608,3.4965120805339076,3.497092874598439,0.07622683698998085,0.13017995914948097,0.013943760255770677,0.03884963889010442,0.00208637915751297
407,13,20.35,17,0.40588120973117664,-3.916010538784671,8117624.194623533,20000000.0,5.000000000000001,5.000000000000001,1623524.8389247062,62.10458937449495,1623524.8389247062,62.10458937449495,51.93226628831669,51.935691813968376,,,,,,0.8383701885594962,-0.7656417307778008,16767403.771189924,20000000.0,5.000000000000001,5.000000000000001,3353480.7542379843,65.25495818250182,3353480.7542379843,65.25495818250182,24.054681537261008,24.05124241212882,0.994699179028564,1.7271639729316148,0.06295510719151103,0.06338264173171745,0.005379168245127934,0.9962845922839941,-0.016165860703717887,19925691.845679883,20000000.0,5.000000000000001,5.000000000000001,3985138.369135976,66.0044340525759,3985138.369135976,66.0044340525759,3.49586225963132,3.496439306583627,0.0761576146883328,0.13019204726475125,0.013916093092682703,0.038835493259787836,0.0020801158024609566
408,13,20.400000000000002,18,0.403136228435008,-3.945481715755032,8062724.56870016,20000000.0,5.000000000000001,5.000000000000001,1612544.9137400317,62.07511819752459,1612544.9137400317,62.07511819752459,52.093491532690656,52.08996327598261,,,,,,0.8375553077393303,-0.7698650482495811,16751106.154786605,20000000.0,5.000000000000001,5.000000000000001,3350221.2309573204,65.25073486503004,3350221.2309573204,65.25073486503004,24.12713869144079,24.12546797068402,0.9982935934731225,1.7307013291653903,0.06292536716579641,0.06335642358156326,0.005365774360667559,0.9962746644553423,-0.016209137722318218,19925493.289106846,20000000.0,5.000000000000001,5.000000000000001,3985098.6578213684,66.00439077555731,3985098.6578213684,66.00439077555731,3.500436430178462,3.501026730153152,0.07634725421818819,0.13035463282852341,0.013891811651457558,0.038821816181973355,0.0020740547336693996
409,13,20.450000000000003,19,0.40027061532647584,-3.9764629115889703,8005412.306529517,20000000.0,5.000000000000001,5.000000000000001,1601082.4613059033,62.04413700169066,1601082.4613059033,62.04413700169066,52.27938589493963,52.28044895736857,,,,,,0.8365392241646066,-0.7751369075792897,16730784.483292133,20000000.0,5.000000000000001,5.000000000000001,3346156.896658426,65.24546300570034,3346156.896658426,65.24546300570034,24.20763350736283,24.209851353874164,1.0003068220724365,1.7297348065942457,0.06286864474037882,0.06326214571085823,0.005345572632491203,0.9962789119644858,-0.016190622086857304,19925578.239289716,20000000.0,5.000000000000001,5.000000000000001,3985115.6478579426,66.00440929119276,3985115.6478579426,66.00440929119276,3.498495299752083,3.498992054833382,0.07631370680577546,0.1302520550185177,0.01386819979452546,0.03880760027467186,0.00206801751514299
410,13,20.5,20,0.399578134617124,-3.9839828489785596,7991562.69234248,20000000.0,5.000000000000001,5.000000000000001,1598312.5384684957,62.03661706430107,1598312.5384684957,62.03661706430107,52.31982208196374,52.31631803822338,,,,,,0.8385034484354088,-0.7649514697156314,16770068.968708176,20000000.0,5.000000000000001,5.000000000000001,3354013.7937416346,65.25564844356398,3354013.7937416346,65.25564844356398,24.047800430987383,24.047642246371307,0.9941997964584262,1.7286487557067975,0.06282442130803255,0.06318134890209148,0.00532712246949908,0.9962744306038188,-0.016210157124314218,19925488.612076376,20000000.0,5.000000000000001,5.000000000000001,3985097.7224152745,66.0043897561553,3985097.7224152745,66.0043897561553,3.5005239966836825,3.5010068248368165,0.07651865868197819,0.13041650768110474,0.013843907595955015,0.03879336921179703,0.00206196183699289
411,13,20.55,21,0.40111742939992606,-3.967284665953834,8022348.5879985215,20000000.0,5.000000000000001,5.000000000000001,1604469.717599704,62.05331524732579,1604469.717599704,62.05331524732579,52.22254204124554,52.22938962205161,,,,,,0.8367538035357863,-0.7740230484308708,16735076.070715725,20000000.0,5.000000000000001,5.000000000000001,3347015.2141431444,65.24657686484875,3347015.2141431444,65.24657686484875,24.189716454661845,24.192368142728817,1.0008586590808204,1.7320070940360917,0.06275568587406469,0.063103114820079,0.005307917276446205,0.9962882945638399,-0.016149721974559113,19925765.8912768,20000000.0,5.000000000000001,5.000000000000001,3985153.178255359,66.00445019130507,3985153.178255359,66.00445019130507,3.4940445707181347,3.494544006076977,0.07627200587009896,0.1302524859473295,0.013822804136908002,0.03877871388521458,0.002055984507863407
412,13,20.6,22,0.40336141200055264,-3.9430565138060247,8067228.240011053,20000000.0,5.000000000000001,5.000000000000001,1613445.6480022103,62.0775433994736,1613445.6480022103,62.0775433994736,52.08820167433097,52.0906114476923,,,,,,0.8349898508429389,-0.7831880325854769,16699797.016858777,20000000.0,5.000000000000001,5.000000000000001,3339959.403371755,65.23741188069414,3339959.403371755,65.23741188069414,24.328630384859796,24.32754997583148,1.005615168468775,1.7328807749951083,0.06263673015151114,0.06302040006001926,0.0052863384743114744,0.9962860423129679,-0.01615953982785051,19925720.84625936,20000000.0,5.000000000000001,5.000000000000001,3985144.1692518713,66.00444037345177,3985144.1692518713,66.00444037345177,3.4951241585067185,3.495624092076312,0.07645583459721136,0.13042294288367953,0.013801892300051435,0.03876436522837822,0.0020500574125721675
413,13,20.650000000000002,23,0.40673908880212123,-3.906840886347153,8134781.776042424,20000000.0,5.000000000000001,5.000000000000001,1626956.3552084845,62.11375902693247,1626956.3552084845,62.11375902693247,51.87746460169943,51.87777957574658,,,,,,0.8385098068648686,-0.7649185369905112,16770196.137297373,20000000.0,5.000000000000001,5.000000000000001,3354039.227459474,65.25568137628912,3354039.227459474,65.25568137628912,24.04913182184818,24.049199913494622,0.9946775070090765,1.7312562975700263,0.06253113644104277,0.06300036926462863,0.005270687721516096,0.9962731810656931,-0.01621560409591742,19925463.621313863,20000000.0,5.000000000000001,5.000000000000001,3985092.7242627717,66.0043843091837,3985092.7242627717,66.0043843091837,3.5010726939150536,3.501365220366548,0.07632681226101583,0.13023300492813192,0.013781617866851259,0.038750765402915124,0.002044252031816406
414,13,20.700000000000003,24,0.4090913487104748,-3.8817970467916174,8181826.974209497,20000000.0,5.000000000000001,5.000000000000001,1636365.3948418992,62.13880286648801,1636365.3948418992,62.13880286648801,51.743439524792265,51.744057391796524,,,,,,0.8359623424524675,-0.7781328575888933,16719246.84904935,20000000.0,5.000000000000001,5.000000000000001,3343849.3698098697,65.24246705569072,3343849.3698098697,65.24246705569072,24.256173606478274,24.255507721992764,1.0032606271619091,1.7312814599606021,0.06250196565038098,0.06293691458437416,0.005254654125893061,0.9962647116935095,-0.016252523861588118,19925294.23387019,20000000.0,5.000000000000001,5.000000000000001,3985058.846774037,66.00434738941803,3985058.846774037,66.00434738941803,3.505179547652761,3.5056780979363777,0.07667292679500422,0.1306460146603138,0.013761752370632086,0.038736518189919376,0.002038446083355777
415,13,20.75,25,0.41069744524094365,-3.8647799868326422,8213948.904818873,20000000.0,5.000000000000001,5.000000000000001,1642789.7809637743,62.15581992644698,1642789.7809637743,62.15581992644698,51.65019002094567,51.654538452238015,,,,,,0.8371726797721473,-0.7718495283430648,16743453.595442945,20000000.0,5.000000000000001,5.000000000000001,3348690.7190885884,65.24875038493656,3348690.7190885884,65.24875038493656,24.159863607463524,24.16514705404331,0.9996921855544765,1.7304324219797127,0.0624712609706813,0.06286430039468545,0.005237824674248099,0.9962794626493608,-0.016188221560925,19925589.252987217,20000000.0,5.000000000000001,5.000000000000001,3985117.8505974426,66.0044116917187,3985117.8505974426,66.0044116917187,3.498058014016305,3.4983877541866972,0.07667251917697857,0.1306651280957285,0.013739646859274271,0.03872212140458118,0.0020325956788737084
416,13,20.8,26,0.40998041774532545,-3.8723688637355296,8199608.35490651,20000000.0,5.000000000000001,5.000000000000001,1639921.6709813017,62.148231049544094,1639921.6709813017,62.148231049544094,51.706690323515446,51.7028479448674,,,,,,0.8378271017268768,-0.7684559534736719,16756542.034537535,20000000.0,5.000000000000001,5.000000000000001,3351308.4069075063,65.25214395980595,3351308.4069075063,65.25214395980595,24.103734514121335,24.106397855863616,0.9963453349956962,1.7332320137090256,0.062471511692236734,0.06277822497913757,0.005221230958502569,0.9962668417300382,-0.01624323855708106,19925336.834600765,20000000.0,5.000000000000001,5.000000000000001,3985067.366920152,66.00435667472254,3985067.366920152,66.00435667472254,3.5041783841760124,3.504592428404081,0.07643198623817597,0.13059386070832138,0.01371964695443659,0.038707238933536885,0.002026794732443181
417,13,20.85,27,0.40903599851269956,-3.8823846884487336,8180719.970253991,20000000.0,5.000000000000001,5.000000000000001,1636143.994050798,62.13821522483089,1636143.994050798,62.13821522483089,51.75872064577838,51.75940538298396,,,,,,0.8363725474031896,-0.7760023064510615,16727450.94806379,20000000.0,5.000000000000001,5.000000000000001,3345490.1896127574,65.24459760682856,3345490.1896127574,65.24459760682856,24.225956484683547,24.225246199149275,1.0011695475766798,1.7361538045945513,0.062416048601708615,0.06269179639714567,0.005202398332668669,0.9962778784017727,-0.01619512756027882,19925557.568035454,20000000.0,5.000000000000001,5.000000000000001,3985111.51360709,66.00440478571934,3985111.51360709,66.00440478571934,3.498957881646702,3.499303072685245,0.0763946372337154,0.1305677453419866,0.01369967553093374,0.038692653421542836,0.0020209949006648577
418,13,20.900000000000002,28,0.40770650547909487,-3.896523587682692,8154130.109581897,20000000.0,5.000000000000001,5.000000000000001,1630826.0219163792,62.12407632559693,1630826.0219163792,62.12407632559693,51.824716631478644,51.830769726742076,,,,,,0.8373182000067281,-0.7710946883399807,16746364.000134561,20000000.0,5.000000000000001,5.000000000000001,3349272.800026912,65.24950522493964,3349272.800026912,65.24950522493964,24.14865085099802,24.15257561902019,0.9986403228465107,1.7314345416459402,0.06235998945323039,0.06262657155918275,0.00518534943010821,0.996256628902442,-0.016287758731975417,19925132.57804884,20000000.0,5.000000000000001,5.000000000000001,3985026.5156097673,66.00431215454765,3985026.5156097673,66.00431215454765,3.5090997934820387,3.5094968143315066,0.07644455033619725,0.13040104977458428,0.01367960249628802,0.03867786680296788,0.002015261649107292
419,13,20.950000000000003,29,0.4050827709873232,-3.924562278711003,8101655.419746464,20000000.0,5.000000000000001,5.000000000000001,1620331.0839492925,62.09603763456862,1620331.0839492925,62.09603763456862,51.97863547725002,51.98435682269011,,,,,,0.835731923910932,-0.7793300801165325,16714638.47821864,20000000.0,5.000000000000001,5.000000000000001,3342927.695643727,65.24126983316309,3342927.695643727,65.24126983316309,24.27258608815022,24.26955952229632,1.0033339950662448,1.73748795982157,0.06239712201038654,0.06261405998732476,0.005176597727636163,0.9962602784987211,-0.016271849210512473,19925205.569974422,20000000.0,5.000000000000001,5.000000000000001,3985041.113994884,66.00432806406911,3985041.113994884,66.00432806406911,3.507372797345282,3.5078619001982063,0.07661451978170206,0.1305246485168585,0.013664437862011842,0.038664139865759735,0.002009760780088429
420,14,21.0,0,0.402044302210247,-3.957260883450184,8040886.04420494,20000000.0,5.000000000000001,5.000000000000001,1608177.2088409876,62.06333902982944,1608177.2088409876,62.06333902982944,52.16633320703089,52.162009369205784,,,,,,0.8387191824219883,-0.7638342408072752,16774383.648439765,20000000.0,5.000000000000001,5.000000000000001,3354876.7296879524,65.25676567247234,3354876.7296879524,65.25676567247234,24.029340591811366,24.029628468126354,0.9942379022147569,1.7303668489839352,0.062267236057444456,0.06255435448923904,0.005157079794582971,0.9962634517880424,-0.016258016079987787,19925269.03576085,20000000.0,5.000000000000001,5.000000000000001,3985053.8071521693,66.00434189719964,3985053.8071521693,66.00434189719964,3.5057702924591525,3.506147106689469,0.07666575875548584,0.1307635605611875,0.01364860079202955,0.03865028554313562,0.0020043217291653664
421,14,21.05,1,0.4007306203143578,-3.971474713295171,8014612.406287156,20000000.0,5.000000000000001,5.000000000000001,1602922.481257431,62.04912519998445,1602922.481257431,62.04912519998445,52.243736868441246,52.24726569246993,,,,,,0.8353877980034132,-0.781118724973846,16707755.960068265,20000000.0,5.000000000000001,5.000000000000001,3341551.1920136525,65.23948118830577,3341551.1920136525,65.23948118830577,24.3018512914466,24.30254372953154,1.0050000944158397,1.732209178608335,0.062189932112374294,0.062458042998932525,0.005136793647692043,0.9962594783837624,-0.01627533711079818,19925189.567675248,20000000.0,5.000000000000001,5.000000000000001,3985037.9135350487,66.00432457616883,3985037.9135350487,66.00432457616883,3.507656600689674,3.507981174690707,0.07648009546325447,0.13061241285866582,0.013632906963239632,0.038635677217980696,0.0019988652135659785
422,14,21.1,2,0.4005579347997905,-3.9733466074277803,8011158.69599581,20000000.0,5.000000000000001,5.000000000000001,1602231.7391991618,62.04725330585184,1602231.7391991618,62.04725330585184,52.2588650944784,52.261751923124756,,,,,,0.8352297915783262,-0.7819402333687425,16704595.831566524,20000000.0,5.000000000000001,5.000000000000001,3340919.166313304,65.23865967991088,3340919.166313304,65.23865967991088,24.32100260915212,24.318383094151777,1.005559955291566,1.7393775024118092,0.062150601881959054,0.06239144724449617,0.00512062513092809,0.9962617075559826,-0.016265619601129506,19925234.151119653,20000000.0,5.000000000000001,5.000000000000001,3985046.83022393,66.0043342936785,3985046.83022393,66.0043342936785,3.5065808760709736,3.507072401130581,0.07670493574664024,0.13079536257966767,0.013619589139169472,0.03862117038646197,0.0019934640128474275
423,14,21.150000000000002,3,0.40122943839494485,-3.966072100896781,8024588.767898897,20000000.0,5.000000000000001,5.000000000000001,1604917.753579779,62.054527812382844,1604917.753579779,62.054527812382844,52.22924500732474,52.227025869747465,,,,,,0.8374954704349941,-0.7701753315130482,16749909.408699881,20000000.0,5.000000000000001,5.000000000000001,3349981.881739976,65.25042458176658,3349981.881739976,65.25042458176658,24.127195068908105,24.126934647033316,0.998479299098366,1.7324625754637804,0.06211266370088535,0.062321761867239034,0.005104333296305512,0.9962563372869209,-0.016289029960959447,19925126.745738417,20000000.0,5.000000000000001,5.000000000000001,3985025.3491476825,66.00431088331867,3985025.3491476825,66.00431088331867,3.5091386994412255,3.509585417700668,0.07660416030583175,0.13092913252901467,0.01360430391868347,0.03860662548736834,0.001988074703441838
424,14,21.200000000000003,4,0.4031884807092447,-3.944918843896033,8063769.614184894,20000000.0,5.000000000000001,5.000000000000001,1612753.9228369785,62.07568106938359,1612753.9228369785,62.07568106938359,52.12092267849706,52.12515432727846,,,,,,0.8371856688954327,-0.771782146058117,16743713.377908653,20000000.0,5.000000000000001,5.000000000000001,3348742.67558173,65.24881776722151,3348742.67558173,65.24881776722151,24.153463900530824,24.155065836914055,0.9997831690632843,1.7324456660536434,0.06207790302410238,0.06224927747357752,0.0050879452732821625,0.9962558404176679,-0.016291195945962744,19925116.808353357,20000000.0,5.000000000000001,5.000000000000001,3985023.3616706706,66.00430871733366,3985023.3616706706,66.00430871733366,3.509364690641114,3.509813857522198,0.0767418696052363,0.13073672817534748,0.013592372262524608,0.03859222667805503,0.0019827585656454574
425,14,21.25,5,0.4063996032318633,-3.9104672472585094,8127992.064637266,20000000.0,5.000000000000001,5.000000000000001,1625598.412927453,62.110132666021116,1625598.412927453,62.110132666021116,51.91331069782617,51.91431203225871,,,,,,0.8362383146549568,-0.7766993788340738,16724766.293099135,20000000.0,5.000000000000001,5.000000000000001,3344953.2586198263,65.24390053444554,3344953.2586198263,65.24390053444554,24.228337512400927,24.228272847245652,1.003632764564868,1.7344619485497141,0.06201778757398072,0.062152932962367236,0.005068680906583415,0.9962708195651241,-0.016225898339515512,19925416.39130248,20000000.0,5.000000000000001,5.000000000000001,3985083.2782604955,66.00437401494011,3985083.2782604955,66.00437401494011,3.502376758225035,3.5026741097427845,0.07652086770034078,0.13078325801720436,0.013581432135765728,0.038577623813530366,0.0019774727267223057
426,14,21.3,6,0.4085446303641469,-3.887604932022412,8170892.607282938,20000000.0,5.000000000000001,5.000000000000001,1634178.5214565874,62.13299498125721,1634178.5214565874,62.13299498125721,51.77477230281683,51.77349077195229,,,,,,0.8361771179804792,-0.7770172110847176,16723542.359609585,20000000.0,5.000000000000001,5.000000000000001,3344708.4719219166,65.24358270219491,3344708.4719219166,65.24358270219491,24.243081624486116,24.243301072959483,1.0039369380377479,1.7354058446074283,0.06199931766722024,0.06206015925331112,0.005051447902541588,0.9962581603038214,-0.016281082955491914,19925163.20607643,20000000.0,5.000000000000001,5.000000000000001,3985032.641215285,66.00431883032412,3985032.641215285,66.00431883032412,3.508320797764708,3.50884626398501,0.07667537847362924,0.13094985532511844,0.013570745023174274,0.038562432554613224,0.0019721290157327528
427,14,21.35,7,0.4080591425094205,-3.8927688739042416,8161182.85018841,20000000.0,5.000000000000001,5.000000000000001,1632236.5700376816,62.12783103937539,1632236.5700376816,62.12783103937539,51.81309947684552,51.811180555674014,,,,,,0.8351293676376735,-0.7824624391840411,16702587.35275347,20000000.0,5.000000000000001,5.000000000000001,3340517.4705506936,65.23813747409558,3340517.4705506936,65.23813747409558,24.321805715546617,24.323672085107596,1.005424450808294,1.7348398691485432,0.06186209945150757,0.06194532195872728,0.005027708230357059,0.9962684172204429,-0.01623637065563765,19925368.34440886,20000000.0,5.000000000000001,5.000000000000001,3985073.668881771,66.00436354262398,3985073.668881771,66.00436354262398,3.5033721004581793,3.503852267360982,0.07670070974911604,0.13099171170322232,0.013557815093778788,0.0385469472246861,0.001966765116887479
428,14,21.400000000000002,8,0.40651288022852505,-3.90925689372363,8130257.604570501,20000000.0,5.000000000000001,5.000000000000001,1626051.5209140999,62.111343019555996,1626051.5209140999,62.111343019555996,51.90955035113261,51.90404170909735,,,,,,0.8352150688903919,-0.7820167876122276,16704301.377807837,20000000.0,5.000000000000001,5.000000000000001,3340860.275561567,65.23858312566739,3340860.275561567,65.23858312566739,24.31118728053042,24.31666977125034,1.005111221209485,1.734365091495882,0.061794405281127306,0.061883979734022196,0.005011224022911295,0.996263730770356,-0.016256799931165338,19925274.61540712,20000000.0,5.000000000000001,5.000000000000001,3985054.923081423,66.00434311334845,3985054.923081423,66.00434311334845,3.505563512445687,3.50599582470743,0.07654165522148135,0.1310878467415887,0.013543706791093374,0.038531940114226046,0.001961443093463421
429,14,21.450000000000003,9,0.40475562024828665,-3.928071121215398,8095112.404965733,20000000.0,5.000000000000001,5.000000000000001,1619022.4809931463,62.09252879206423,1619022.4809931463,62.09252879206423,51.9997178841078,51.9971113760413,,,,,,0.8371511769860381,-0.7719610783435686,16743023.539720763,20000000.0,5.000000000000001,5.000000000000001,3348604.707944152,65.24863883493606,3348604.707944152,65.24863883493606,24.15452550896332,24.15385775877864,0.9979162282316081,1.7342949347471257,0.06176432365962198,0.061816946711287867,0.004995830457768695,0.9962583415067997,-0.016280293045310455,19925166.830135994,20000000.0,5.000000000000001,5.000000000000001,3985033.366027198,66.00431962023431,3985033.366027198,66.00431962023431,3.5081468210883644,3.508647408422932,0.0768522742207575,0.1311088323571947,0.013529826869124401,0.03851646068834168,0.001956097564354791
430,14,21.5,10,0.4012168741524537,-3.966208099557335,8024337.483049074,20000000.0,5.000000000000001,5.000000000000001,1604867.4966098145,62.05439181372228,1604867.4966098145,62.05439181372228,52.21361964901255,52.20815719869015,,,,,,0.8359345976958553,-0.7782769979890598,16718691.953917107,20000000.0,5.000000000000001,5.000000000000001,3343738.3907834208,65.24232291529057,3343738.3907834208,65.24232291529057,24.2556050920113,24.25640691810697,1.0033690609469725,1.7349998616677726,0.061671769751646455,0.06173423235404292,0.004976756542449632,0.9962548886498556,-0.016295344957588356,19925097.77299711,20000000.0,5.000000000000001,5.000000000000001,3985019.5545994216,66.00430456832203,3985019.5545994216,66.00430456832203,3.5098477386395466,3.5102305011972694,0.07677669834148546,0.13112291561027484,0.013513644703370043,0.038501055910658055,0.001950772197843336
431,14,21.55,11,0.3977050577456138,-4.004388859135827,7954101.154912276,20000000.0,5.000000000000001,5.000000000000001,1590820.230982455,62.016211054143795,1590820.230982455,62.016211054143795,52.431210516175,52.42539715455473,,,,,,0.8379319749416393,-0.7679123686688585,16758639.498832786,20000000.0,5.000000000000001,5.000000000000001,3351727.899766557,65.25268754461077,3351727.899766557,65.25268754461077,24.09753439525871,24.097853340256147,0.9967345451371827,1.725917325974385,0.0615533254238025,0.06164226458355375,0.004955954977763598,0.9962627585779141,-0.016261037945717368,19925255.171558283,20000000.0,5.000000000000001,5.000000000000001,3985051.034311656,66.0043388753339,3985051.034311656,66.0043388753339,3.506193677420364,3.506573294783648,0.07679019527099121,0.13118433794936388,0.013497545517685264,0.038485208681454997,0.0019454612200878415
432,14,21.6,12,0.3960107588487817,-4.022930149704841,7920215.176975633,20000000.0,5.000000000000001,5.000000000000001,1584043.0353951263,61.99766976357478,1584043.0353951263,61.99766976357478,52.5328529168318,52.53401011105458,,,,,,0.8358628679464707,-0.7786496727299346,16717257.358929414,20000000.0,5.000000000000001,5.000000000000001,3343451.4717858825,65.2419502405497,3343451.4717858825,65.2419502405497,24.265241845788093,24.26493574499157,1.0043693573580312,1.732575013724296,0.0614637166339182,0.061568492339672945,0.0049378522458156954,0.9962623952157182,-0.016262621927694267,19925247.904314365,20000000.0,5.000000000000001,5.000000000000001,3985049.5808628723,66.00433729135193,3985049.5808628723,66.00433729135193,3.5063786002554425,3.5067910260369217,0.07684256536851648,0.13110243307226338,0.013480779965211576,0.038469621823336256,0.0019402072767967231
433,14,21.650000000000002,13,0.39638108174630354,-4.018870814553067,7927621.63492607,20000000.0,5.000000000000001,5.000000000000001,1585524.326985214,62.00172909872656,1585524.326985214,62.00172909872656,52.51039912817362,52.51608177242465,,,,,,0.836551531579628,-0.7750730133474668,16731030.63159256,20000000.0,5.000000000000001,5.000000000000001,3346206.1263185116,65.24552689993216,3346206.1263185116,65.24552689993216,24.20528463375191,24.20667498984512,1.0007490949366613,1.7354642364149722,0.06138277604465068,0.06149375154024448,0.004920126630510092,0.9962672717744678,-0.01624136389986448,19925345.435489357,20000000.0,5.000000000000001,5.000000000000001,3985069.0870978707,66.00435854937976,3985069.0870978707,66.00435854937976,3.504071270983437,3.5045373730860456,0.0767889783525489,0.13114084134934406,0.013464290372962654,0.038453730638240535,0.001934929667769599
434,14,21.700000000000003,14,0.39876894099800647,-3.9927867503055814,7975378.819960129,20000000.0,5.000000000000001,5.000000000000001,1595075.7639920255,62.02781316297404,1595075.7639920255,62.02781316297404,52.35685261237684,52.36043401598528,,,,,,0.8379518084777589,-0.7678095740075702,16759036.169555176,20000000.0,5.000000000000001,5.000000000000001,3351807.2339110347,65.25279033927205,3351807.2339110347,65.25279033927205,24.098339491578987,24.09780069534274,0.9964424686940033,1.7284741834071347,0.06131792699047944,0.0614179295426306,0.004903022618119498,0.9962458855386248,-0.016334592134584776,19924917.710772496,20000000.0,5.000000000000001,5.000000000000001,3984983.5421544984,66.00426532114504,3984983.5421544984,66.00426532114504,3.51398251691312,3.5145691023820995,0.07700834892853843,0.13106555198628372,0.013447868300944401,0.038437542982207244,0.0019296773327668738
435,14,21.75,15,0.4019563832432895,-3.9582107016045045,8039127.664865789,20000000.0,5.000000000000001,5.000000000000001,1607825.5329731575,62.06238921167512,1607825.5329731575,62.06238921167512,52.163618905828855,52.16622916520551,,,,,,0.8356958227005774,-0.7795176868674824,16713916.454011548,20000000.0,5.000000000000001,5.000000000000001,3342783.2908023093,65.24108222641215,3342783.2908023093,65.24108222641215,24.281165111104222,24.281367451464337,1.0034946208773652,1.7356618045672518,0.06121684579393636,0.061345498877477735,0.004884816657230451,0.996255977728217,-0.016290597372712507,19925119.55456434,20000000.0,5.000000000000001,5.000000000000001,3985023.9109128667,66.00430931590691,3985023.9109128667,66.00430931590691,3.5093387709550874,3.509851307875249,0.07673468775017031,0.13106813189590918,0.013431976981408933,0.03842192520016259,0.0019245030785930034
436,14,21.8,16,0.40498673667982305,-3.9255919970159474,8099734.733596461,20000000.0,5.000000000000001,5.000000000000001,1619946.9467192919,62.095007916263675,1619946.9467192919,62.095007916263675,51.99077268175969,51.993703872422905,,,,,,0.8366537959732587,-0.7745421417183495,16733075.919465175,20000000.0,5.000000000000001,5.000000000000001,3346615.1838930342,65.24605777156127,3346615.1838930342,65.24605777156127,24.20017919561436,24.200104488361923,1.0003971426129146,1.7293540091938175,0.0611626739138388,0.06126505532949158,0.004867886278949082,0.9962473132626078,-0.01632836824736762,19924946.265252158,20000000.0,5.000000000000001,5.000000000000001,3984989.2530504307,66.00427154503225,3984989.2530504307,66.00427154503225,3.5134726364969615,3.5139868918228543,0.07697429710145856,0.13134549076625698,0.01341740787437396,0.03840559256648003,0.0019192905669521635
437,14,21.85,17,0.4073088862261673,-3.900761148418424,8146177.724523346,20000000.0,5.000000000000001,5.000000000000001,1629235.5449046688,62.1198387648612,1629235.5449046688,62.1198387648612,51.86221076788904,51.86703248770338,,,,,,0.8361146602662952,-0.7773416166817295,16722293.205325905,20000000.0,5.000000000000001,5.000000000000001,3344458.6410651803,65.24325829659789,3344458.6410651803,65.24325829659789,24.237669126836664,24.236989469693967,1.0026170838497257,1.7293812490125582,0.061083703788441156,0.0611762439125918,0.004849372124225218,0.9962489089996582,-0.016321411950158037,19924978.179993164,20000000.0,5.000000000000001,5.000000000000001,3984995.635998632,66.00427850132947,3984995.635998632,66.00427850132947,3.512633917548217,3.5129781979216004,0.07701047927942364,0.1313755431141887,0.013401909923892508,0.038389194050217124,0.0019140844342694682
438,14,21.900000000000002,18,0.40817121732308187,-3.8915762333009356,8163424.346461637,20000000.0,5.000000000000001,5.000000000000001,1632684.8692923272,62.12902367997869,1632684.8692923272,62.12902367997869,51.82225092356903,51.820364866333136,,,,,,0.8357940470855276,-0.7790072642894886,16715880.941710552,20000000.0,5.000000000000001,5.000000000000001,3343176.18834211,65.24159264899014,3343176.18834211,65.24159264899014,24.266165865506643,24.270338186740645,1.0045652749315672,1.7319716881713159,0.06105919471879469,0.06113834524078404,0.004837091965866122,0.9962640804064948,-0.016255275786358814,19925281.608129896,20000000.0,5.000000000000001,5.000000000000001,3985056.3216259787,66.00434463749326,3985056.3216259787,66.00434463749326,3.505577749787352,3.506101326478934,0.07670092472946673,0.13117815522306692,0.013387190805463023,0.03837372697390703,0.0019090054211160887
439,14,21.950000000000003,19,0.4080567580640445,-3.8927942514632004,8161135.16128089,20000000.0,5.000000000000001,5.000000000000001,1632227.0322561776,62.127805661816424,1632227.0322561776,62.127805661816424,51.83058002047441,51.832845178046895,,,,,,0.8378358388438327,-0.7684106641545629,16756716.776876654,20000000.0,5.000000000000001,5.000000000000001,3351343.3553753304,65.25218924912507,3351343.3553753304,65.25218924912507,24.093321169196876,24.09271230435253,0.996609713321778,1.7258860219179941,0.06094130855606382,0.061032723454571045,0.004815865557577797,0.9962543576662463,-0.016297659659534437,19925087.153324924,20000000.0,5.000000000000001,5.000000000000001,3985017.430664984,66.00430225362008,3985017.430664984,66.00430225362008,3.5101294766593383,3.510686377151597,0.07696765189499319,0.13128391343792795,0.013371048573236894,0.03835724998456164,0.001903859470381332
440,14,22.0,20,0.40769452172449305,-3.896651242133025,8153890.434489861,20000000.0,5.000000000000001,5.000000000000001,1630778.086897972,62.1239486711466,1630778.086897972,62.1239486711466,51.839712973719074,51.83994716654195,,,,,,0.8382204735068414,-0.7664173574452968,16764409.470136827,20000000.0,5.000000000000001,5.000000000000001,3352881.894027365,65.25418255583433,3352881.894027365,65.25418255583433,24.07718992292387,24.07666173891745,0.9958685685260427,1.7321686685790958,0.06086123576861826,0.06097596779084413,0.004800080429305612,0.996253188145819,-0.016302757921461807,19925063.76291638,20000000.0,5.000000000000001,5.000000000000001,3985012.752583275,66.00429715535816,3985012.752583275,66.00429715535816,3.5106484264214037,3.511111345178429,0.07686805159612406,0.13130055251453418,0.013352217473281174,0.03834065778807212,0.0018986831058498226
441,14,22.05,21,0.40621481337757287,-3.912442432876019,8124296.2675514575,20000000.0,5.000000000000001,5.000000000000001,1624859.2535102912,62.108157480403605,1624859.2535102912,62.108157480403605,51.91655046210127,51.927734763021604,,,,,,0.8378732148003315,-0.7682169291904811,16757464.29600663,20000000.0,5.000000000000001,5.000000000000001,3351492.859201325,65.25238298408914,3351492.859201325,65.25238298408914,24.093302464731448,24.096661081812798,0.9973786433631966,1.7315575197009547,0.0607859957733163,0.060901088689400605,0.004783127599022882,0.996254333710134,-0.016297764090771133,19925086.67420268,20000000.0,5.000000000000001,5.000000000000001,3985017.334840535,66.00430214918886,3985017.334840535,66.00430214918886,3.5100846876348433,3.510607585430635,0.07686887213292094,0.13123633576649407,0.013334099018158066,0.03832387976249474,0.0018935347272773088
442,14,22.1,22,0.40372928627773236,-3.939097459885115,8074585.725554647,20000000.0,5.000000000000001,5.000000000000001,1614917.1451109292,62.081502453394506,1614917.1451109292,62.081502453394506,52.06480626156592,52.08010749449467,,,,,,0.8369832822233603,-0.7728321645196496,16739665.644467205,20000000.0,5.000000000000001,5.000000000000001,3347933.1288934406,65.24776774875997,3347933.1288934406,65.24776774875997,24.16760242107668,24.16889796760251,1.0002054484758405,1.7339999187761959,0.060667205670774216,0.06080306955926743,0.0047627246694890695,0.9962614370892952,-0.016266798630745614,19925228.741785903,20000000.0,5.000000000000001,5.000000000000001,3985045.7483571796,66.00433311464887,3985045.7483571796,66.00433311464887,3.5068408768217374,3.5074776173771935,0.07684518071522853,0.13119242330719294,0.013315332599383518,0.03830678092226553,0.0018883479943276882
443,14,22.150000000000002,23,0.4017890674282667,-3.960018844622631,8035781.348565334,20000000.0,5.000000000000001,5.000000000000001,1607156.2697130665,62.06058106865699,1607156.2697130665,62.06058106865699,52.17920751876608,52.19027618778506,,,,,,0.8354814368665283,-0.7806319502970914,16709628.737330565,20000000.0,5.000000000000001,5.000000000000001,3341925.7474661125,65.23996796298253,3341925.7474661125,65.23996796298253,24.28635227488818,24.28871794524787,1.0043397137781351,1.7333018533259033,0.06059453857133449,0.060748972528489556,0.004747635662282226,0.9962538480370564,-0.01629988127291936,19925076.96074113,20000000.0,5.000000000000001,5.000000000000001,3985015.392148225,66.0043000320067,3985015.392148225,66.0043000320067,3.5104207477254823,3.5111136171743498,0.07681575127688556,0.1312795473220729,0.013293761319661465,0.03828937214875977,0.0018831781819332646
444,14,22.200000000000003,24,0.40109081456494994,-3.9675728374120083,8021816.2912989985,20000000.0,5.000000000000001,5.000000000000001,1604363.2582597993,62.05302707586761,1604363.2582597993,62.05302707586761,52.22211513703578,52.22458720868085,,,,,,0.8352526034998564,-0.7818216198272652,16705052.069997128,20000000.0,5.000000000000001,5.000000000000001,3341010.4139994252,65.23877829345236,3341010.4139994252,65.23877829345236,24.307609826650452,24.306144765995555,1.0042593083378626,1.734808721984047,0.06056868452173314,0.060697042992579844,0.004734569537748126,0.9962506511654134,-0.016313817338955334,19925013.02330827,20000000.0,5.000000000000001,5.000000000000001,3985002.6046616533,66.00428609594067,3985002.6046616533,66.00428609594067,3.511843168695055,3.5124547934320107,0.07694627806334432,0.13145960751539237,0.013271997538716458,0.0382724887883729,0.001878056658060867
445,14,22.25,25,0.40163947204671563,-3.9616361247237117,8032789.4409343125,20000000.0,5.000000000000001,5.000000000000001,1606557.8881868622,62.058963788555914,1606557.8881868622,62.058963788555914,52.19481717722846,52.19403143026061,,,,,,0.8361784647892877,-0.7770102160217092,16723569.295785755,20000000.0,5.000000000000001,5.000000000000001,3344713.8591571506,65.24358969725792,3344713.8591571506,65.24358969725792,24.226724256817434,24.227040613575106,1.000702671773913,1.7336851223953211,0.060487981337465316,0.06064259539914548,0.0047192324638934595,0.9962545151637955,-0.016296973084759546,19925090.30327591,20000000.0,5.000000000000001,5.000000000000001,3985018.0606551813,66.00430294019486,3985018.0606551813,66.00430294019486,3.510018140832637,3.5106906791700316,0.07675546036421997,0.13123303496994856,0.013251208029795047,0.03825583736212479,0.0018730302352668656
446,14,22.3,26,0.4035090836834474,-3.9414668411615628,8070181.673668948,20000000.0,5.000000000000001,5.000000000000001,1614036.3347337893,62.079133072118054,1614036.3347337893,62.079133072118054,52.08593305949012,52.08207257539656,,,,,,0.8377081786347742,-0.7690724447330695,16754163.572695484,20000000.0,5.000000000000001,5.000000000000001,3350832.714539096,65.25152746854656,3350832.714539096,65.25152746854656,24.110999612292378,24.1137456637453,0.9972494662370579,1.733427616954288,0.06041292100774519,0.06057574606670797,0.004703179811137311,0.9962573739411885,-0.016284510913230493,19925147.47882377,20000000.0,5.000000000000001,5.000000000000001,3985029.4957647533,66.00431540236639,3985029.4957647533,66.00431540236639,3.5087026724028667,3.509417033078848,0.07685514725407046,0.13125218524561588,0.013228976873340991,0.03823838783543085,0.0018679065541506445
447,14,22.35,27,0.4061761376923326,-3.9128559440475614,8123522.753846651,20000000.0,5.000000000000001,5.000000000000001,1624704.55076933,62.10774396923206,1624704.55076933,62.10774396923206,51.929494095964266,51.928294925352574,,,,,,0.8345925883968698,-0.7852547636123043,16691851.767937396,20000000.0,5.000000000000001,5.000000000000001,3338370.3535874784,65.23534514966732,3338370.3535874784,65.23534514966732,24.357802853478933,24.357426623892763,1.007992136209174,1.738188431705645,0.060349432948968475,0.060483968089072616,0.004685724951071163,0.9962606954262995,-0.016270031720518635,19925213.90852599,20000000.0,5.000000000000001,5.000000000000001,3985042.781705197,66.0043298815591,3985042.781705197,66.0043298815591,3.507233510375083,3.507863173836332,0.07666573793081619,0.1312008737069788,0.013204425220730873,0.03822064458613656,0.0018627662571334756
448,14,22.400000000000002,28,0.40841047672459885,-3.889031257297843,8168209.534491977,20000000.0,5.000000000000001,5.000000000000001,1633641.9068983952,62.13156865598178,1633641.9068983952,62.13156865598178,51.80195985080492,51.802193798979644,,,,,,0.8364477482742886,-0.7756118362557989,16728954.965485772,20000000.0,5.000000000000001,5.000000000000001,3345790.993097154,65.24498807702383,3345790.993097154,65.24498807702383,24.20990274863209,24.211561941568405,1.0003167422429489,1.737078039870779,0.06027704875574723,0.06042481874081096,0.004670542906401066,0.9962451871159512,-0.016337636776714785,19924903.742319025,20000000.0,5.000000000000001,5.000000000000001,3984980.7484638044,66.00426227650291,3984980.7484638044,66.00426227650291,3.514283976289851,3.514997901198197,0.07689610808965636,0.13140902942615879,0.01317856714876893,0.03820334702497537,0.0018576305818179528
449,14,22.450000000000003,29,0.40997938403566087,-3.8723798138919214,8199587.680713217,20000000.0,5.000000000000001,5.000000000000001,1639917.536142643,62.14822009938771,1639917.536142643,62.14822009938771,51.709837364092664,51.71697606574812,,,,,,0.8366554330302258,-0.7745336440086009,16733108.660604516,20000000.0,5.000000000000001,5.000000000000001,3346621.7321209027,65.24606626927103,3346621.7321209027,65.24606626927103,24.19960320249998,24.19925663747206,1.0008703645432324,1.7309726555436113,0.060193891421613674,0.06034223511236799,0.004653161506140257,0.996242285871146,-0.016350284229977318,19924845.71742292,20000000.0,5.000000000000001,5.000000000000001,3984969.1434845836,66.00424962904965,3984969.1434845836,66.00424962904965,3.5157495729537276,3.5163469750694225,0.07689557153205041,0.13138844811916858,0.01315417028809292,0.03818558312071342,0.001852496020603692
450,15,22.5,0,0.41077839179415415,-3.863924096983731,8215567.835883083,20000000.0,5.000000000000001,5.000000000000001,1643113.5671766163,62.15667581629589,1643113.5671766163,62.15667581629589,51.65657664654647,51.65932065570221,,,,,,0.8374164736074363,-0.7705849994534274,16748329.472148726,20000000.0,5.000000000000001,5.000000000000001,3349665.8944297447,65.25001491382619,3349665.8944297447,65.25001491382619,24.13595054759177,24.13539978660817,0.9976674038576532,1.7266683046741125,0.06009952667473275,0.06026274783973425,0.004635641346871827,0.9962397390063293,-0.01636138685797839,19924794.780126587,20000000.0,5.000000000000001,5.000000000000001,3984958.9560253164,66.00423852642164,3984958.9560253164,66.00423852642164,3.5168783345454693,3.5176478503328914,0.07694023425945792,0.13140511682765038,0.013130433405078764,0.0381679846707196,0.001847395730625256
451,15,22.55,1,0.4102789997108795,-3.8692071199504863,8205579.9942175895,20000000.0,5.000000000000001,5.000000000000001,1641115.9988435176,62.15139279332914,1641115.9988435176,62.15139279332914,51.68034437015641,51.689766148730044,,,,,,0.8361324697390923,-0.777249111744835,16722649.394781847,20000000.0,5.000000000000001,5.000000000000001,3344529.8789563687,65.24335080153479,3344529.8789563687,65.24335080153479,24.242085541770827,24.239349058336938,1.001794504744368,1.7319553840826736,0.06006583375590163,0.06019981561163405,0.004621816931669674,0.99624599895203,-0.0163340977304023,19924919.9790406,20000000.0,5.000000000000001,5.000000000000001,3984983.9958081194,66.00426581554922,3984983.9958081194,66.00426581554922,3.514100270813178,3.5147263815051977,0.07679441975533254,0.13140587660943265,0.013108491384681254,0.03815017578998608,0.0018423303925316447
452,15,22.6,2,0.4090436360020352,-3.8823035980674496,8180872.720040704,20000000.0,5.000000000000001,5.000000000000001,1636174.5440081405,62.13829631521217,1636174.5440081405,62.13829631521217,51.741450629236475,51.73581401739325,,,,,,0.8374090100367936,-0.7706237066211546,16748180.200735873,20000000.0,5.000000000000001,5.000000000000001,3349636.040147174,65.24997620665846,3349636.040147174,65.24997620665846,24.135559867116843,24.13460592569453,0.9987128962381601,1.730315319706617,0.05997882065005835,0.06013318019264165,0.004605707129962208,0.996237753604516,-0.01637004190231459,19924755.07209032,20000000.0,5.000000000000001,5.000000000000001,3984951.014418063,66.0042298713773,3984951.014418063,66.0042298713773,3.5180068822354302,3.518647981409257,0.07702427730554191,0.1315030687057706,0.013085978768674811,0.038133147416911775,0.0018373644425662267
453,15,22.650000000000002,3,0.406968649276534,-3.9043904524805435,8139372.98553068,20000000.0,5.000000000000001,5.000000000000001,1627874.5971061357,62.11620946079908,1627874.5971061357,62.11620946079908,51.86654301645784,51.862495115494184,,,,,,0.8365452781888719,-0.7751054778537968,16730905.563777437,20000000.0,5.000000000000001,5.000000000000001,3346181.1127554867,65.24549443542583,3346181.1127554867,65.24549443542583,24.20961788381606,24.20970682901656,1.0012195001818036,1.7303160779709625,0.05993251883766263,0.060058758697380574,0.004590624628959792,0.9962393496093486,-0.016363084371001084,19924786.99218697,20000000.0,5.000000000000001,5.000000000000001,3984957.3984373934,66.00423682890862,3984957.3984373934,66.00423682890862,3.5170384520341003,3.517731220474021,0.07692310880169817,0.1311991080145477,0.013063405196886133,0.03811523317049033,0.0018323442985662794
454,15,22.700000000000003,4,0.4047552635710496,-3.928074948290709,8095105.271420991,20000000.0,5.000000000000001,5.000000000000001,1619021.054284198,62.09252496498891,1619021.054284198,62.09252496498891,52.00964345943701,52.00499521432888,,,,,,0.8366835363372517,-0.7743877666772396,16733670.726745034,20000000.0,5.000000000000001,5.000000000000001,3346734.145349006,65.24621214660239,3346734.145349006,65.24621214660239,24.199130719956365,24.198363995841923,1.0002313858551215,1.7276415273578902,0.059902180913085634,0.060026915660138604,0.0045794854995646235,0.9962363379213618,-0.016376213359044024,19924726.758427236,20000000.0,5.000000000000001,5.000000000000001,3984945.3516854467,66.00422369992059,3984945.3516854467,66.00422369992059,3.5186614770035063,3.5193406334596453,0.07722852970574423,0.13160188871537604,0.0130427245857184,0.03809762281149827,0.0018273892365999983
455,15,22.75,5,0.4042225554676776,-3.933794566746351,8084451.109353553,20000000.0,5.000000000000001,5.000000000000001,1616890.2218707101,62.08680534653327,1616890.2218707101,62.08680534653327,52.04196560568312,52.03851909909904,,,,,,0.8375621906709504,-0.7698293585833365,16751243.813419009,20000000.0,5.000000000000001,5.000000000000001,3350248.7626838014,65.25077055469629,3350248.7626838014,65.25077055469629,24.117252255980112,24.118917881574458,0.9983838095990057,1.7307349324708188,0.05983193298099828,0.059973058404027044,0.004565158549195814,0.9962384314005155,-0.016367087156208944,19924768.62801031,20000000.0,5.000000000000001,5.000000000000001,3984953.7256020615,66.00423282612341,3984953.7256020615,66.00423282612341,3.5176308582022324,3.518233448179359,0.07681461334538026,0.1313519279844508,0.013022821466912493,0.038080123067575695,0.0018224498321306702
456,15,22.8,6,0.4049156949381581,-3.9263538921594736,8098313.898763162,20000000.0,5.000000000000001,5.000000000000001,1619662.7797526321,62.09424602112015,1619662.7797526321,62.09424602112015,52.0050107448865,52.00149357741979,,,,,,0.8372417930385183,-0.7714910088639788,16744835.860770365,20000000.0,5.000000000000001,5.000000000000001,3348967.1721540727,65.24910890441564,3348967.1721540727,65.24910890441564,24.1504772231356,24.149794601770818,0.9989498548854753,1.73590250870959,0.059737091048018845,0.059928488008425,0.004550701986329732,0.9962393143369466,-0.016363238135353283,19924786.286738932,20000000.0,5.000000000000001,5.000000000000001,3984957.257347786,66.00423667514427,3984957.257347786,66.00423667514427,3.5172171246256356,3.5179418324486513,0.07682187439728913,0.13136134523885007,0.013001399792632328,0.03806244182707806,0.0018175160289828046
457,15,22.85,7,0.4066474022024177,-3.9078199777120752,8132948.044048354,20000000.0,5.000000000000001,5.000000000000001,1626589.6088096704,62.11277993556755,1626589.6088096704,62.11277993556755,51.89793489593891,51.89251481912305,,,,,,0.8363385598919052,-0.7761787934552079,16726771.197838103,20000000.0,5.000000000000001,5.000000000000001,3345354.23956762,65.24442111982441,3345354.23956762,65.24442111982441,24.222728317110963,24.222134121143466,1.0015178341421824,1.7350552038498002,0.05971947063652355,0.05985963244897293,0.004537386914896334,0.9962485879494318,-0.016322811503652626,19924971.758988637,20000000.0,5.000000000000001,5.000000000000001,3984994.351797727,66.00427710177597,3984994.351797727,66.00427710177597,3.512806903869457,3.5135776587734417,0.0769914907104387,0.13155888308760846,0.012979575365604961,0.03804429331222699,0.0018125858835555144
458,15,22.900000000000002,8,0.40898172826979434,-3.8829609416591024,8179634.565395887,20000000.0,5.000000000000001,5.000000000000001,1635926.913079177,62.137638971620525,1635926.913079177,62.137638971620525,51.75623884335821,51.7582194869511,,,,,,0.8377942771241653,-0.7686261058005641,16755885.542483306,20000000.0,5.000000000000001,5.000000000000001,3351177.1084966604,65.25197380747906,3351177.1084966604,65.25197380747906,24.10395183768177,24.106360455219008,0.9969899994769923,1.7267915741392372,0.05965039867804624,0.05978377008088598,0.004521616187751658,0.9962342061339978,-0.016385506580381976,19924684.122679956,20000000.0,5.000000000000001,5.000000000000001,3984936.8245359906,66.00421440669925,3984936.8245359906,66.00421440669925,3.519737478027546,3.520494879178777,0.07685351949206606,0.13166082639276486,0.012960668773757403,0.0380261529922986,0.0018076995664226367
459,15,22.950000000000003,9,0.41058744658675406,-3.8659433300109307,8211748.931735081,20000000.0,5.000000000000001,5.000000000000001,1642349.7863470158,62.1546565832687,1642349.7863470158,62.1546565832687,51.65727049625465,51.6537073193604,,,,,,0.8359452205841551,-0.7782218090727264,16718904.411683103,20000000.0,5.000000000000001,5.000000000000001,3343780.8823366202,65.24237810420689,3343780.8823366202,65.24237810420689,24.254285110314292,24.256877145515755,1.003500261805521,1.7341235761365876,0.05959057702880046,0.05972108509827462,0.004507262699683017,0.9962331928719226,-0.016389923758080543,19924663.857438453,20000000.0,5.000000000000001,5.000000000000001,3984932.7714876896,66.00420998952154,3984932.7714876896,66.00420998952154,3.520069510254062,3.5206911743947606,0.0772008861110198,0.13163534858391066,0.012939715900958038,0.03800765059495516,0.0018027894895524515
460,15,23.0,10,0.411296767910287,-3.858447032898587,8225935.35820574,20000000.0,5.000000000000001,5.000000000000001,1645187.0716411478,62.162152880381036,1645187.0716411478,62.162152880381036,51.61584095086114,51.61615659766028,,,,,,0.8363825692297898,-0.7759502674652248,16727651.384595796,20000000.0,5.000000000000001,5.000000000000001,3345530.2769191586,65.24464964581439,3345530.2769191586,65.24464964581439,24.222463549719137,24.219726008497126,1.0009323059960036,1.7347699363863012,0.05952980572223363,0.05965234095419242,0.004492430043406909,0.9962229126175552,-0.01643473937767722,19924458.252351105,20000000.0,5.000000000000001,5.000000000000001,3984891.6504702205,66.00416517390195,3984891.6504702205,66.00416517390195,3.524736555033968,3.5254180200822467,0.0771533604182385,0.13173039823631405,0.012919232993593158,0.03798929293543591,0.001797906407937723
461,15,23.05,11,0.41037943333337246,-3.868144125493652,8207588.666667449,20000000.0,5.000000000000001,5.000000000000001,1641517.7333334896,62.15245578778597,1641517.7333334896,62.15245578778597,51.67440687382599,51.674933880010244,,,,,,0.8379684314517755,-0.7677234211499763,16759368.629035508,20000000.0,5.000000000000001,5.000000000000001,3351873.725807101,65.25287649212964,3351873.725807101,65.25287649212964,24.087633652171128,24.08764425059034,0.9962580806779376,1.727059763545008,0.05948063850593412,0.059584329027071316,0.004478173448475764,0.9962283853223118,-0.016410881675565883,19924567.706446238,20000000.0,5.000000000000001,5.000000000000001,3984913.5412892466,66.00418903160406,3984913.5412892466,66.00418903160406,3.522341242043049,3.522734102680956,0.07722611601513181,0.13168654347946837,0.012902184720388604,0.03797114812903703,0.0017931127960581325
462,15,23.1,12,0.40861869070854656,-3.8868177209922727,8172373.8141709315,20000000.0,5.000000000000001,5.000000000000001,1634474.762834186,62.133782192287356,1634474.762834186,62.133782192287356,51.78156639975896,51.79023043802241,,,,,,0.8367131918738939,-0.7742338374181963,16734263.837477878,20000000.0,5.000000000000001,5.000000000000001,3346852.767495575,65.24636607586143,3346852.767495575,65.24636607586143,24.19326163651464,24.19369246397948,1.0010303925302393,1.7285403953974274,0.059459573035691035,0.05954291045161021,0.004467037844100531,0.9962397813425161,-0.01636120230027413,19924795.626850322,20000000.0,5.000000000000001,5.000000000000001,3984959.125370064,66.00423871097935,3984959.125370064,66.00423871097935,3.5169846752156566,3.517532846950356,0.07705095543281876,0.1316667765000475,0.01288413776802615,0.03795286264599695,0.0017883109613050236
463,15,23.150000000000002,13,0.40611760294484833,-3.9134818584576876,8122352.058896966,20000000.0,5.000000000000001,5.000000000000001,1624470.411779393,62.10711805482194,1624470.411779393,62.10711805482194,51.93428552215412,51.93991707400836,,,,,,0.8375512209841353,-0.7698862392031075,16751024.419682706,20000000.0,5.000000000000001,5.000000000000001,3350204.8839365407,65.25071367407651,3350204.8839365407,65.25071367407651,24.13041967087375,24.129375769823742,0.9984574228477608,1.7246279127454307,0.05940842604579867,0.05947597427927115,0.004452879915780098,0.9962270637009818,-0.01641664313789704,19924541.274019636,20000000.0,5.000000000000001,5.000000000000001,3984908.2548039267,66.00418327014172,3984908.2548039267,66.00418327014172,3.5229159245415493,3.523707214181363,0.07723352763081749,0.1318357074724595,0.012864631560798876,0.0379344289828467,0.0017834743259948238
464,15,23.200000000000003,14,0.403726322366334,-3.9391293430091254,8074526.44732668,20000000.0,5.000000000000001,5.000000000000001,1614905.2894653357,62.0814705702705,1614905.2894653357,62.0814705702705,52.07813883808526,52.08467841216377,,,,,,0.8378704680403817,-0.7682311664834697,16757409.360807633,20000000.0,5.000000000000001,5.000000000000001,3351481.8721615262,65.25236874679615,3351481.8721615262,65.25236874679615,24.093641810516004,24.093635081838478,0.99609798267582,1.7339421518090998,0.05929456086935764,0.059391583766682784,0.004435125485037146,0.9962226964492487,-0.01643568174420694,19924453.928984974,20000000.0,5.000000000000001,5.000000000000001,3984890.785796994,66.00416423153541,3984890.785796994,66.00416423153541,3.5248247415442413,3.5254677794514655,0.07723114816547882,0.13168689296736577,0.012844401962445509,0.037915505225074794,0.0017785973484026108
465,15,23.25,15,0.40213549094075485,-3.9562759603526794,8042709.818815097,20000000.0,5.000000000000001,5.000000000000001,1608541.963763019,62.06432395292694,1608541.963763019,62.06432395292694,52.16929064003206,52.171700467416294,,,,,,0.8362565892765993,-0.7766044719100542,16725131.785531987,20000000.0,5.000000000000001,5.000000000000001,3345026.357106397,65.24399544136956,3345026.357106397,65.24399544136956,24.223083911792937,24.22235296946966,1.001826715953752,1.735436328119712,0.059261459138587956,0.05936256984114195,0.004424596956546928,0.9962355053769495,-0.016379842714664954,19924710.10753899,20000000.0,5.000000000000001,5.000000000000001,3984942.0215077973,66.00422007056495,3984942.0215077973,66.00422007056495,3.5190549001940674,3.5197106385793804,0.07728228516142,0.1316747499084254,0.012826553512707822,0.03789694089759635,0.0017738352766027876
466,15,23.3,16,0.40166937663397106,-3.9613127771779713,8033387.532679421,20000000.0,5.000000000000001,5.000000000000001,1606677.506535884,62.059287136101645,1606677.506535884,62.059287136101645,52.19475424090349,52.1953274752668,,,,,,0.8391397942935319,-0.7616568299378774,16782795.88587064,20000000.0,5.000000000000001,5.000000000000001,3356559.177174127,65.25894308334175,3356559.177174127,65.25894308334175,23.998812344475997,23.99881495108286,0.9935675648853548,1.7253702965504623,0.05920497083078684,0.059280714294740154,0.0044093189999844335,0.9962346410535744,-0.016383610609235977,19924692.821071487,20000000.0,5.000000000000001,5.000000000000001,3984938.5642142966,66.00421630267039,3984938.5642142966,66.00421630267039,3.5194067616177045,3.520052014445605,0.07717370522425372,0.13173462345320086,0.012810043338318585,0.037878243947598124,0.0017690502923927306
467,15,23.35,17,0.402492019383608,-3.9524272640672713,8049840.387672161,20000000.0,5.000000000000001,5.000000000000001,1609968.0775344318,62.06817264921235,1609968.0775344318,62.06817264921235,52.142805514821404,52.15506432571057,,,,,,0.8368324862381871,-0.7736146862961204,16736649.724763742,20000000.0,5.000000000000001,5.000000000000001,3347329.944952748,65.2469852269835,3347329.944952748,65.2469852269835,24.18536196196313,24.18596085991691,0.9994720418881038,1.7303050548587673,0.05906131794945774,0.059176800501950066,0.004389256030209975,0.9962312615967829,-0.0163983429008595,19924625.231935658,20000000.0,5.000000000000001,5.000000000000001,3984925.046387131,66.00420157037877,3984925.046387131,66.00420157037877,3.520938282411322,3.5215804904482697,0.07706860953442582,0.13164350854332518,0.012792484217285963,0.03785927338499564,0.0017642580222292311
468,15,23.400000000000002,18,0.4040574947367451,-3.9355683323020205,8081149.894734902,20000000.0,5.000000000000001,5.000000000000001,1616229.97894698,62.0850315809776,1616229.97894698,62.0850315809776,52.04875553967207,52.061510620979824,,,,,,0.8358456509982439,-0.778739128822616,16716913.019964878,20000000.0,5.000000000000001,5.000000000000001,3343382.603992975,65.241860784457,3343382.603992975,65.241860784457,24.261150019424264,24.259013908584357,1.0038538422309893,1.7338440645177642,0.059018339734958083,0.059106315213512596,0.004375419589102747,0.9962394452615533,-0.016362667390656848,19924788.905231066,20000000.0,5.000000000000001,5.000000000000001,3984957.7810462127,66.00423724588896,3984957.7810462127,66.00423724588896,3.517239689881084,3.517843738099458,0.07733006027874227,0.13168714441089477,0.01277547478519234,0.0378401304904044,0.0017595225671558734
469,15,23.450000000000003,19,0.40559304809182833,-3.9190949746474018,8111860.961836567,20000000.0,5.000000000000001,5.000000000000001,1622372.1923673132,62.10150493863222,1622372.1923673132,62.10150493863222,51.9611975753988,51.97396356036588,,,,,,0.8370616016970406,-0.7724257988887583,16741232.03394081,20000000.0,5.000000000000001,5.000000000000001,3348246.4067881615,65.24817411439086,3348246.4067881615,65.24817411439086,24.16651876545688,24.165433882957892,0.9997709904418576,1.7276892610514754,0.05897650701749443,0.059048931437474986,0.004362648346627947,0.9962331037172191,-0.01639031241605519,19924662.07434438,20000000.0,5.000000000000001,5.000000000000001,3984932.4148688754,66.00420960086356,3984932.4148688754,66.00420960086356,3.520229534122154,3.5207303307256574,0.07721058819467447,0.1317993191164283,0.012759892203096224,0.037821018501236744,0.0017547757891740931
470,15,23.5,20,0.40629046415689163,-3.9116337066556928,8125809.283137833,20000000.0,5.000000000000001,5.000000000000001,1625161.8566275663,62.10896620662393,1625161.8566275663,62.10896620662393,51.93034706967943,51.93434018329814,,,,,,0.837928245073286,-0.7679317003675851,16758564.90146572,20000000.0,5.000000000000001,5.000000000000001,3351712.9802931435,65.25266821291204,3351712.9802931435,65.25266821291204,24.090080339893106,24.094467322775138,0.9956671650839783,1.7271089958810883,0.058910879222039705,0.05900394978835186,0.00434998181768314,0.9962288652246758,-0.01640878959606493,19924577.304493517,20000000.0,5.000000000000001,5.000000000000001,3984915.4608987025,66.00419112368355,3984915.4608987025,66.00419112368355,3.52214490704497,3.522622363314197,0.07728482188427095,0.13176969515545872,0.012743574191754961,0.0378023375175023,0.0017500804260370578
471,15,23.55,21,0.40703922142982024,-3.903637410699794,8140784.428596405,20000000.0,5.000000000000001,5.000000000000001,1628156.8857192807,62.11696250257983,1628156.8857192807,62.11696250257983,51.888986458490834,51.89236041280126,,,,,,0.8352348871415238,-0.7819137380467269,16704697.742830476,20000000.0,5.000000000000001,5.000000000000001,3340939.5485660946,65.2386861752329,3340939.5485660946,65.2386861752329,24.309748735347814,24.309823109915705,1.0065963001326332,1.7360720911217964,0.058856712421640124,0.05893725548877695,0.004336165684149169,0.9962252209755282,-0.016424676308902427,19924504.419510566,20000000.0,5.000000000000001,5.000000000000001,3984900.8839021125,66.00417523697072,3984900.8839021125,66.00417523697072,3.5238268456207633,3.5244723585643185,0.07758062964069581,0.13184373442963943,0.012728324669985807,0.03778345288872678,0.001745439879942479
472,15,23.6,22,0.4074466224314054,-3.899292779715729,8148932.448628108,20000000.0,5.000000000000001,5.000000000000001,1629786.4897256214,62.12130713356389,1629786.4897256214,62.12130713356389,51.858869772412014,51.86082559580118,,,,,,0.8378584157881775,-0.7682936375272926,16757168.315763552,20000000.0,5.000000000000001,5.000000000000001,3351433.6631527096,65.25230627575233,3351433.6631527096,65.25230627575233,24.1015234209681,24.101367528777086,0.99746100582466,1.726702763387253,0.058793876501901876,0.05888077326685999,0.004322832944749002,0.9962221292670308,-0.01643815432567339,19924442.585340615,20000000.0,5.000000000000001,5.000000000000001,3984888.5170681225,66.00416175895396,3984888.5170681225,66.00416175895396,3.52524851430044,3.5258722396506066,0.07755353590428114,0.1320775212365748,0.012711637964172313,0.03776440662095833,0.0017407421170149752
473,15,23.650000000000002,23,0.4069993158074354,-3.904063208516967,8139986.316148709,20000000.0,5.000000000000001,5.000000000000001,1627997.2632297415,62.11653670476266,1627997.2632297415,62.11653670476266,51.88252457423785,51.890324397241386,,,,,,0.8383687650843432,-0.7656491047032734,16767375.301686864,20000000.0,5.000000000000001,5.000000000000001,3353475.060337372,65.25495080857635,3353475.060337372,65.25495080857635,24.05690393890395,24.055522338029352,0.9964130847673542,1.7275047681774485,0.05878610998787716,0.058852098922942256,0.004313596937924432,0.9962381624068413,-0.016368259792000454,19924763.248136826,20000000.0,5.000000000000001,5.000000000000001,3984952.6496273642,66.00423165348762,3984952.6496273642,66.00423165348762,3.5177628816168136,3.5182138152933886,0.07717874610629773,0.13164284582304234,0.012695410004474966,0.03774550008227801,0.0017361276147409052
474,15,23.700000000000003,24,0.4061243620822036,-3.9134095781229528,8122487.241644072,20000000.0,5.000000000000001,5.000000000000001,1624497.4483288142,62.107190335156666,1624497.4483288142,62.107190335156666,51.92653044210679,51.92894582323906,,,,,,0.8367803418028601,-0.7738853109011946,16735606.836057201,20000000.0,5.000000000000001,5.000000000000001,3347121.3672114396,65.24671460237843,3347121.3672114396,65.24671460237843,24.182606463023713,24.183873040529235,1.001462508761873,1.7314801846052312,0.058738545121714315,0.05878541751897698,0.004300179262861955,0.9962431739168337,-0.016346412951118737,19924863.478336673,20000000.0,5.000000000000001,5.000000000000001,3984972.695667334,66.0042535003285,3984972.695667334,66.0042535003285,3.51545748071874,3.515912331774669,0.07747234157616562,0.13157460719019648,0.01268004529083298,0.037726694305501934,0.0017315693277277372
475,15,23.75,25,0.4048082196220568,-3.9275067773875967,8096164.392441137,20000000.0,5.000000000000001,5.000000000000001,1619232.878488227,62.093093135892026,1619232.878488227,62.093093135892026,52.00469786176836,52.00401937682748,,,,,,0.8369504167778546,-0.7730027003256823,16739008.335557092,20000000.0,5.000000000000001,5.000000000000001,3347801.6671114177,65.24759721295395,3347801.6671114177,65.24759721295395,24.172018179274637,24.169922133796323,0.9989154549334425,1.7285425697241508,0.058630020187116015,0.05870957417955639,0.004283902568352558,0.9962321951208168,-0.01639427332221496,19924643.902416337,20000000.0,5.000000000000001,5.000000000000001,3984928.780483267,66.0042056399574,3984928.780483267,66.0042056399574,3.5205919698776023,3.5211112483537663,0.0773359641382681,0.1318118240917016,0.012664453701027792,0.03770714987079017,0.0017270141612245958
476,15,23.8,26,0.4038690048123084,-3.9375947576169,8077380.096246168,20000000.0,5.000000000000001,5.000000000000001,1615476.0192492334,62.083005155662725,1615476.0192492334,62.083005155662725,52.058609368652945,52.06179716136272,,,,,,0.8358592886858879,-0.7786682697571289,16717185.773717757,20000000.0,5.000000000000001,5.000000000000001,3343437.154743551,65.24193164352249,3343437.154743551,65.24193164352249,24.259033429499915,24.25977168253935,1.003739701424982,1.7337576753231687,0.05863655517758491,0.058666678416372145,0.004274283865488622,0.9962308205865532,-0.016400265429884476,19924616.411731064,20000000.0,5.000000000000001,5.000000000000001,3984923.2823462123,66.00419964784975,3984923.2823462123,66.00419964784975,3.521214929709116,3.521614030788469,0.0773057734145191,0.13174601253367016,0.012650520006271487,0.037688235751805,0.0017225273935917648
477,15,23.85,27,0.4034418569634836,-3.942190458722771,8068837.139269672,20000000.0,5.000000000000001,5.000000000000001,1613767.4278539342,62.078409454556855,1613767.4278539342,62.078409454556855,52.08738176499935,52.08935448775469,,,,,,0.8376728833391172,-0.7692554305921219,16753457.666782344,20000000.0,5.000000000000001,5.000000000000001,3350691.533356468,65.2513444826875,3350691.533356468,65.2513444826875,24.118347193917035,24.117188340359366,0.9976359191282154,1.7327557049694402,0.05860480109393745,0.05860609880967281,0.004262030901531896,0.9962322371209485,-0.016394090228101517,19924644.74241897,20000000.0,5.000000000000001,5.000000000000001,3984928.9484837935,66.00420582305152,3984928.9484837935,66.00420582305152,3.520597678990568,3.52112988506032,0.0775418423988574,0.13186049786378054,0.01263893338991776,0.03766936335699309,0.0017181348629830696
478,15,23.900000000000002,28,0.40390973932248814,-3.937156747254842,8078194.786449763,20000000.0,5.000000000000001,5.000000000000001,1615638.9572899523,62.08344316602478,1615638.9572899523,62.08344316602478,52.05932004648007,52.05860447809074,,,,,,0.8379334718862286,-0.7679046101131095,16758669.437724572,20000000.0,5.000000000000001,5.000000000000001,3351733.8875449137,65.25269530316652,3351733.8875449137,65.25269530316652,24.094055958244386,24.093049173775583,0.9961074233470683,1.730052086156056,0.05855001464087265,0.058566538726122275,0.004250525704105853,0.996219182520297,-0.016451000433997942,19924383.65040594,20000000.0,5.000000000000001,5.000000000000001,3984876.730081187,66.00414891284562,3984876.730081187,66.00414891284562,3.526671624884115,3.526997277770478,0.07761966603779773,0.1321023308417168,0.012627456322270993,0.03765054896910485,0.001713752084298445
479,15,23.950000000000003,29,0.40516221350902665,-3.9237106486589814,8103244.270180533,20000000.0,5.000000000000001,5.000000000000001,1620648.8540361063,62.09688926462064,1620648.8540361063,62.09688926462064,51.98254560082561,51.98565927555677,,,,,,0.8360434208495264,-0.7777116640590058,16720868.416990528,20000000.0,5.000000000000001,5.000000000000001,3344173.683398105,65.24288824922061,3344173.683398105,65.24288824922061,24.237096932077375,24.23674450074578,1.0028701339642896,1.7320343076682996,0.05850686737425528,0.058501217431165764,0.004237611531502387,0.9962393659450284,-0.016363013158239372,19924787.318900567,20000000.0,5.000000000000001,5.000000000000001,3984957.4637801126,66.00423690012138,3984957.4637801126,66.00423690012138,3.517202448531598,3.517741879434696,0.077245360430748,0.13167381348935472,0.012613807810174488,0.037631108880105686,0.0017093274103233053
480,16,24.0,0,0.4065281009696485,-3.9090942873105705,8130562.019392969,20000000.0,5.000000000000001,5.000000000000001,1626112.4038785936,62.11150562596905,1626112.4038785936,62.11150562596905,51.9006530669849,51.90278378180934,,,,,,0.8369988596953022,-0.7727513367743928,16739977.193906045,20000000.0,5.000000000000001,5.000000000000001,3347995.4387812084,65.24784857650523,3347995.4387812084,65.24784857650523,24.165836521181244,24.163073372631125,0.9992291517799957,1.7331260817155587,0.05843872803722577,0.05843500263754194,0.004223736537517663,0.9962271277643522,-0.016416363860527753,19924542.555287044,20000000.0,5.000000000000001,5.000000000000001,3984908.511057408,66.0041835494191,3984908.511057408,66.0041835494191,3.5228564425869493,3.523375698040597,0.07762164640292088,0.13198144278783133,0.012598403932141709,0.03761193584653401,0.0017048911548212995
481,16,24.05,1,0.4072053138000246,-3.901865633359069,8144106.276000492,20000000.0,5.000000000000001,5.000000000000001,1628821.2552000983,62.11873427992056,1628821.2552000983,62.11873427992056,51.864637838446185,51.86515329752599,,,,,,0.8365656989495872,-0.7749994642800826,16731313.978991743,20000000.0,5.000000000000001,5.000000000000001,3346262.7957983483,65.24560044899954,3346262.7957983483,65.24560044899954,24.207805830820618,24.207773719148054,1.0023683453848258,1.7286393255529144,0.05841048607815116,0.05835496648937538,0.004210396458014179,0.9962372968088563,-0.016372033232989892,19924745.936177127,20000000.0,5.000000000000001,5.000000000000001,3984949.1872354248,66.00422788004663,3984949.1872354248,66.00422788004663,3.518179431030768,3.5186838117501416,0.07713858715956254,0.1315058191934559,0.012584054410378683,0.037592115382851975,0.0017004359326010486
482,16,24.1,2,0.4079033270706351,-3.894427523379069,8158066.541412702,20000000.0,5.000000000000001,5.000000000000001,1631613.3082825402,62.12617238990055,1631613.3082825402,62.12617238990055,51.81804133696387,51.81411393847524,,,,,,0.8380187017143061,-0.7674628929252015,16760374.034286123,20000000.0,5.000000000000001,5.000000000000001,3352074.806857224,65.25313702035442,3352074.806857224,65.25313702035442,24.0858777535437,24.089368169094197,0.995578473896521,1.729340571560109,0.05840296693730457,0.05829452919185235,0.004199239441532545,0.9962349914771866,-0.01638208298704652,19924699.829543732,20000000.0,5.000000000000001,5.000000000000001,3984939.965908746,66.00421783029257,3984939.965908746,66.00421783029257,3.5192409236718674,3.519808232752328,0.07742109789242377,0.13176875597466947,0.012570693909943201,0.03757232014700912,0.001695991961506519
483,16,24.150000000000002,3,0.4079924290228707,-3.893478958907503,8159848.580457414,20000000.0,5.000000000000001,5.000000000000001,1631969.7160914824,62.12712095437212,1631969.7160914824,62.12712095437212,51.80762759881888,51.81066637424631,,,,,,0.8362775941728008,-0.7764953882141392,16725551.883456016,20000000.0,5.000000000000001,5.000000000000001,3345110.3766912026,65.24410452506548,3345110.3766912026,65.24410452506548,24.23088816394654,24.232405035824904,1.0025147371821626,1.7366848721594184,0.05831908701963644,0.058230625580444936,0.004185123651989321,0.9962237249291931,-0.016431198179079946,19924474.49858386,20000000.0,5.000000000000001,5.000000000000001,3984894.899716771,66.00416871510055,3984894.899716771,66.00416871510055,3.524587006077372,3.525189705555758,0.07756352054399053,0.13182642214051693,0.012556910423027891,0.03755248187757,0.0016915446961739192
484,16,24.200000000000003,4,0.4069142817279134,-3.904970671711005,8138285.634558268,20000000.0,5.000000000000001,5.000000000000001,1627657.1269116532,62.11562924156862,1627657.1269116532,62.11562924156862,51.87691164792783,51.877973730258326,,,,,,0.8380732617232363,-0.7671801505538257,16761465.234464725,20000000.0,5.000000000000001,5.000000000000001,3352293.0468929447,65.2534197627258,3352293.0468929447,65.2534197627258,24.07514529172448,24.075031909656634,0.9960803079375165,1.7300711158780686,0.05826238955624115,0.058172404080639464,0.004172435006071092,0.9962331713669309,-0.016390017506204838,19924663.42733862,20000000.0,5.000000000000001,5.000000000000001,3984932.685467723,66.00420989577341,3984932.685467723,66.00420989577341,3.5201898955527904,3.5206188719308535,0.07731737477643189,0.13181792208978435,0.012543397892896588,0.037532579557130144,0.0016870992139134775
485,16,24.25,5,0.40577922368406044,-3.9171019306008374,8115584.473681209,20000000.0,5.000000000000001,5.000000000000001,1623116.8947362415,62.10349798267878,1623116.8947362415,62.10349798267878,51.94960770006908,51.952763748351,,,,,,0.8364482626247514,-0.775609165682538,16728965.252495026,20000000.0,5.000000000000001,5.000000000000001,3345793.050499005,65.24499074759709,3345793.050499005,65.24499074759709,24.212117707736475,24.21042744128065,1.0008308257370122,1.7365732835895602,0.05815549116258959,0.05812407283650826,0.004158717428985842,0.9962217689228674,-0.01643972521539221,19924435.37845735,20000000.0,5.000000000000001,5.000000000000001,3984887.075691469,66.00416018806423,3984887.075691469,66.00416018806423,3.525481608913082,3.5261576245042,0.07752783883540777,0.13191423416908438,0.012529865453710636,0.03751305572060695,0.0016827292731966005
486,16,24.3,6,0.4051044678321433,-3.924329670258762,8102089.3566428665,20000000.0,5.000000000000001,5.000000000000001,1620417.871328573,62.09627024302086,1620417.871328573,62.09627024302086,51.98857157394978,51.98743682449674,,,,,,0.8370385439723899,-0.7725454314281567,16740770.879447797,20000000.0,5.000000000000001,5.000000000000001,3348154.175889559,65.24805448185147,3348154.175889559,65.24805448185147,24.167534428719694,24.166145739968275,1.000055206464419,1.7387632243663362,0.05811612721040207,0.05808104212313878,0.004147810879946986,0.9962255160136264,-0.016423390119832758,19924510.320272528,20000000.0,5.000000000000001,5.000000000000001,3984902.064054505,66.0041765231598,3984902.064054505,66.0041765231598,3.5237564778020927,3.5244040900132063,0.07752723529690303,0.131826723842339,0.012517876447440273,0.03749353932257972,0.0016784086459413687
487,16,24.35,7,0.4052027770847912,-3.9232758683478868,8104055.541695824,20000000.0,5.000000000000001,5.000000000000001,1620811.1083391644,62.09732404493174,1620811.1083391644,62.09732404493174,51.980275325819505,51.98523576369769,,,,,,0.8356871845082464,-0.7795625780653326,16713743.690164927,20000000.0,5.000000000000001,5.000000000000001,3342748.738032985,65.24103733521429,3342748.738032985,65.24103733521429,24.283574567221464,24.28245100911011,1.0039758836215174,1.7329179120199183,0.0580827384116306,0.058008091823006036,0.004135074291221457,0.9962296952087659,-0.01640517137767318,19924593.90417532,20000000.0,5.000000000000001,5.000000000000001,3984918.780835063,66.00419474190196,3984918.780835063,66.00419474190196,3.5216036029102,3.5219505872358114,0.07722928479121796,0.13178281314895604,0.012505465843126456,0.03747385977472244,0.0016740447433311416
488,16,24.400000000000002,8,0.40557545878554496,-3.919283318711448,8111509.1757109,20000000.0,5.000000000000001,5.000000000000001,1622301.8351421796,62.101316594568175,1622301.8351421796,62.101316594568175,51.95738230061911,51.96364707658529,,,,,,0.837139947639394,-0.7720193339624543,16742798.95278788,20000000.0,5.000000000000001,5.000000000000001,3348559.7905575754,65.24858057931718,3348559.7905575754,65.24858057931718,24.153271186280918,24.15342708619837,0.9992856216008791,1.7360696608667652,0.05799575282567761,0.05792509881321922,0.004119753284368236,0.9962447535281302,-0.016339526922248084,19924895.070562605,20000000.0,5.000000000000001,5.000000000000001,3984979.01411252,66.00426038635737,3984979.01411252,66.00426038635737,3.51454520643128,3.5149884719265563,0.0773189470745657,0.13180731743747767,0.012493356648613802,0.03745391377779562,0.001669623870368532
489,16,24.450000000000003,9,0.40606211506034895,-3.914075275937928,8121242.301206979,20000000.0,5.000000000000001,5.000000000000001,1624248.4602413955,62.1065246373417,1624248.4602413955,62.1065246373417,51.93392808814518,51.94554253330041,,,,,,0.83654623442488,-0.7751005135345285,16730924.6884976,20000000.0,5.000000000000001,5.000000000000001,3346184.937699519,65.24549939974509,3346184.937699519,65.24549939974509,24.20645046506735,24.2037740588459,1.001822733439247,1.7331667101540493,0.05788588218461316,0.057875125474940316,0.0041060421317209534,0.996234781422964,-0.016382998688665204,19924695.62845928,20000000.0,5.000000000000001,5.000000000000001,3984939.125691855,66.00421691459096,3984939.125691855,66.00421691459096,3.519358817285135,3.5199830050250696,0.07726044558020938,0.1317759904577565,0.012482186064415536,0.03743419354508663,0.0016653131498237093
490,16,24.5,10,0.40651585914501875,-3.909225068846289,8130317.182900375,20000000.0,5.000000000000001,5.000000000000001,1626063.4365800747,62.111374844433335,1626063.4365800747,62.111374844433335,51.90879528012128,51.91351225917937,,,,,,0.8377193366186468,-0.7690145985919383,16754386.732372936,20000000.0,5.000000000000001,5.000000000000001,3350877.3464745865,65.25158531468769,3350877.3464745865,65.25158531468769,24.108837525487253,24.107528841051344,0.9971167490694401,1.7255355013688607,0.05781575136827113,0.05780105169272546,0.004092060895954715,0.9962229574278515,-0.016434544031196926,19924459.14855703,20000000.0,5.000000000000001,5.000000000000001,3984891.829711405,66.00416536924843,3984891.829711405,66.00416536924843,3.524916370324756,3.52547283885191,0.07754359855150145,0.1318615946505239,0.012470894165155878,0.03741438275903186,0.0016609847228295001
491,16,24.55,11,0.4072090562381851,-3.9018257195190937,8144181.124763702,20000000.0,5.000000000000001,5.000000000000001,1628836.2249527401,62.11877419376053,1628836.2249527401,62.11877419376053,51.870124476921,51.882734272928744,,,,,,0.8374750946341416,-0.7702809942400185,16749501.892682832,20000000.0,5.000000000000001,5.000000000000001,3349900.3785365657,65.25031891903961,3349900.3785365657,65.25031891903961,24.13100555527499,24.1297243582489,0.9983041425541843,1.7314772908224962,0.057742723861999704,0.05773052139514902,0.004078220642515848,0.9962333422958979,-0.016389272364375373,19924666.84591796,20000000.0,5.000000000000001,5.000000000000001,3984933.369183591,66.00421064091525,3984933.369183591,66.00421064091525,3.5201373329964,3.5206730776826958,0.07747935638961667,0.1321440899125296,0.012459134753576205,0.037394273873142106,0.0016566880633579288
492,16,24.6,12,0.407166363037314,-3.9022810726923653,8143327.260746281,20000000.0,5.000000000000001,5.000000000000001,1628665.452149256,62.11831884058726,1628665.452149256,62.11831884058726,51.87460639564023,51.87959440151233,,,,,,0.8366688731559563,-0.774463879021391,16733377.463119125,20000000.0,5.000000000000001,5.000000000000001,3346675.4926238246,65.24613603425823,3346675.4926238246,65.24613603425823,24.196756460913086,24.20088867896569,0.999481611880667,1.7318919199054914,0.05765661919234599,0.05769982084657975,0.004066817281044542,0.996224044943748,-0.01642980310556834,19924480.89887496,20000000.0,5.000000000000001,5.000000000000001,3984896.1797749912,66.00417011017406,3984896.1797749912,66.00417011017406,3.5243208313015684,3.5248146620871514,0.07742110117866105,0.13192513310824322,0.012448261649437171,0.037375025699116514,0.0016525184856318793
493,16,24.650000000000002,13,0.40694692762533974,-3.904622260140243,8138938.552506795,20000000.0,5.000000000000001,5.000000000000001,1627787.7105013588,62.11597765313938,1627787.7105013588,62.11597765313938,51.88493611308964,51.892163141145716,,,,,,0.8358026191374849,-0.7789627225057094,16716052.382749697,20000000.0,5.000000000000001,5.000000000000001,3343210.476549939,65.24163719077391,3343210.476549939,65.24163719077391,24.266050020774394,24.26389213348041,1.0050572979014079,1.7364290760239627,0.05766292448787898,0.0576489494704168,0.004057260634592913,0.996216931902685,-0.016460811848302934,19924338.6380537,20000000.0,5.000000000000001,5.000000000000001,3984867.7276107394,66.00413910143132,3984867.7276107394,66.00413910143132,3.527728867312453,3.528200356030039,0.07739741533249393,0.1319930755783048,0.01243833666319703,0.037355622734365525,0.001648325909599271
494,16,24.700000000000003,14,0.4068237301896176,-3.905937224409689,8136474.603792352,20000000.0,5.000000000000001,5.000000000000001,1627294.92075847,62.114662688869934,1627294.92075847,62.114662688869934,51.88042293155272,51.8832350197034,,,,,,0.8376140056482712,-0.7695606947999449,16752280.112965424,20000000.0,5.000000000000001,5.000000000000001,3350456.0225930843,65.25103921847969,3350456.0225930843,65.25103921847969,24.115133183796832,24.11550329124553,0.9972564294777578,1.7314957130558444,0.05751961972247508,0.057569445923371966,0.004040480052640755,0.9962268615394009,-0.01641752443967204,19924537.23078802,20000000.0,5.000000000000001,5.000000000000001,3984907.446157603,66.00418238883995,3984907.446157603,66.00418238883995,3.523108113268664,3.523451515761637,0.07747392310390938,0.13181422134423273,0.01242541649453382,0.03733607045249044,0.0016441150696344426
495,16,24.75,15,0.4058011895090513,-3.916866842704894,8116023.790181026,20000000.0,5.000000000000001,5.000000000000001,1623204.7580362048,62.10373307057473,1623204.7580362048,62.10373307057473,51.94136564347362,51.94125670636426,,,,,,0.8360883487915853,-0.7774782858327391,16721766.975831706,20000000.0,5.000000000000001,5.000000000000001,3344353.3951663407,65.24312162744688,3344353.3951663407,65.24312162744688,24.243025370727445,24.244466755471173,1.0025057400040822,1.731690879617614,0.05745447855132664,0.057515177484967005,0.004028291219578305,0.9962231478966262,-0.016433713699700092,19924462.957932524,20000000.0,5.000000000000001,5.000000000000001,3984892.591586504,66.00416619957993,3984892.591586504,66.00416619957993,3.5248100478923,3.5251545981449923,0.07763079130927601,0.1321886012383764,0.012414140988437907,0.03731627805507162,0.001639898685307925
496,16,24.8,16,0.40525216051567264,-3.9227466112464544,8105043.210313452,20000000.0,5.000000000000001,5.000000000000001,1621008.64206269,62.09785330203317,1621008.64206269,62.09785330203317,51.97129038004025,51.97157424179731,,,,,,0.8381064694227504,-0.767008069715601,16762129.388455007,20000000.0,5.000000000000001,5.000000000000001,3352425.8776910007,65.25359184356402,3352425.8776910007,65.25359184356402,24.080963726202448,24.08267028840059,0.9956664461748959,1.7298356556888972,0.05740384093851532,0.05746185300311714,0.0040167032298768805,0.9962265926167596,-0.016418696779421482,19924531.852335192,20000000.0,5.000000000000001,5.000000000000001,3984906.370467038,66.0041812165002,3984906.370467038,66.0041812165002,3.5231711245541852,3.5237486275480556,0.07758913307908828,0.13220049887114574,0.012403128862634758,0.037296614958924425,0.0016357213247187928
497,16,24.85,17,0.40497188841225046,-3.9257512278821554,8099437.76824501,20000000.0,5.000000000000001,5.000000000000001,1619887.5536490018,62.094848685397466,1619887.5536490018,62.094848685397466,51.99007703016109,51.98971182483766,,,,,,0.8367780887861624,-0.773897004221267,16735561.775723249,20000000.0,5.000000000000001,5.000000000000001,3347112.3551446493,65.24670290905836,3347112.3551446493,65.24670290905836,24.18850075032198,24.190834175859806,1.0001393766506697,1.732353149053718,0.057371121845570826,0.05739140040659437,0.0040045854227409115,0.9962367498145465,-0.016374417772058815,19924734.99629093,20000000.0,5.000000000000001,5.000000000000001,3984946.9992581853,66.00422549550755,3984946.9992581853,66.00422549550755,3.5184648449468803,3.5189190812646745,0.0775072699540711,0.13190972650412425,0.012391249045066798,0.037276390856297074,0.0016315159827221728
498,16,24.900000000000002,18,0.4055364822831182,-3.919700703269208,8110729.645662365,20000000.0,5.000000000000001,5.000000000000001,1622145.9291324727,62.10089921001042,1622145.9291324727,62.10089921001042,51.95663531898746,51.95461429213534,,,,,,0.8347836250520019,-0.7842607855639904,16695672.501040038,20000000.0,5.000000000000001,5.000000000000001,3339134.500208007,65.23633912771564,3339134.500208007,65.23633912771564,24.350248028450668,24.351864240405767,1.006963937035405,1.7358259435852308,0.05726322088176522,0.05731803252000869,0.00398972962082524,0.9962300055951262,-0.016403818285477906,19924600.111902524,20000000.0,5.000000000000001,5.000000000000001,3984920.022380504,66.00419609499414,3984920.022380504,66.00419609499414,3.5215728754524696,3.5221661742108545,0.07734249921664,0.1318743192399954,0.012379125445811486,0.03725624678696779,0.001627309339004665
499,16,24.950000000000003,19,0.4065995263569514,-3.9083313160226503,8131990.527139028,20000000.0,5.000000000000001,5.000000000000001,1626398.1054278053,62.11226859725698,1626398.1054278053,62.11226859725698,51.89870534960296,51.89782858962044,,,,,,0.8344826440265531,-0.7858269155738978,16689652.880531063,20000000.0,5.000000000000001,5.000000000000001,3337930.576106212,65.23477299770573,3337930.576106212,65.23477299770573,24.372337245378294,24.371036808204444,1.008512502841683,1.7343647135704625,0.05723337988220005,0.05726022172692691,0.003978684807593341,0.99622075634073,-0.016444139484101634,19924415.1268146,20000000.0,5.000000000000001,5.000000000000001,3984883.025362919,66.00415577379552,3984883.025362919,66.00415577379552,3.526019955430294,3.526468063101595,0.07760514329377013,0.13200631126693016,0.012367927678814308,0.037235971316395965,0.001623106169445273
500,16,25.0,20,0.4079380113685477,-3.8940582555204424,8158760.227370953,20000000.0,5.000000000000001,5.000000000000001,1631752.0454741903,62.12654165775918,1631752.0454741903,62.12654165775918,51.82376447703109,51.831214588576884,,,,,,0.8380655299539493,-0.7672202172207792,16761310.599078987,20000000.0,5.000000000000001,5.000000000000001,3352262.1198157966,65.25337969605884,3352262.1198157966,65.25337969605884,24.08630663239755,24.083030957617915,0.9961104211180061,1.724800949823689,0.057169816169077625,0.05719309635260754,0.003965864683280222,0.9962338274107772,-0.01638715757203793,19924676.548215542,20000000.0,5.000000000000001,5.000000000000001,3984935.3096431075,66.00421275570758,3984935.3096431075,66.00421275570758,3.51976066523238,3.520271628621438,0.07740140841390505,0.1319497058698397,0.012356093705826151,0.037215615601432606,0.001618888356943856
501,16,25.05,21,0.4092385342432809,-3.880234795021653,8184770.684865618,20000000.0,5.000000000000001,5.000000000000001,1636954.1369731233,62.14036511825797,1636954.1369731233,62.14036511825797,51.74477886327253,51.75098688520492,,,,,,0.836585680782745,-0.7748957318864179,16731713.6156549,20000000.0,5.000000000000001,5.000000000000001,3346342.7231309796,65.24570418139321,3346342.7231309796,65.24570418139321,24.200668883019016,24.198885642788163,1.001172911976574,1.7345877017852742,0.05713536038371717,0.05715346366630902,0.003955982878319918,0.9962304222919004,-0.01640200174641768,19924608.445838008,20000000.0,5.000000000000001,5.000000000000001,3984921.689167601,66.0041979115332,3984921.689167601,66.0041979115332,3.5213301425982473,3.521518672352097,0.0772995040724336,0.13198408239441367,0.012345307345887194,0.03719579943694222,0.0016147483376577226
502,16,25.1,22,0.40952117361527113,-3.8772363884483534,8190423.472305423,20000000.0,5.000000000000001,5.000000000000001,1638084.6944610842,62.143363524831265,1638084.6944610842,62.143363524831265,51.733021524900245,51.74043225410402,,,,,,0.8386432740261733,-0.7642273174178592,16772865.480523467,20000000.0,5.000000000000001,5.000000000000001,3354573.0961046927,65.25637259586176,3354573.0961046927,65.25637259586176,24.035279753624586,24.040753842135462,0.9946075860547768,1.7288109556952538,0.05709727250710278,0.05710654340585597,0.003945526270296708,0.9962385893930044,-0.016366398412846966,19924771.787860088,20000000.0,5.000000000000001,5.000000000000001,3984954.357572017,66.00423351486677,3984954.357572017,66.00423351486677,3.517547722426401,3.5180624111752463,0.07724674304970322,0.13190654207443936,0.012333814819345978,0.037176149169225244,0.0016106267958947457
503,16,25.150000000000002,23,0.4088155616797631,-3.8847258101664277,8176311.233595261,20000000.0,5.000000000000001,5.000000000000001,1635262.246719052,62.135874103113196,1635262.246719052,62.135874103113196,51.77745603899975,51.77857900866796,,,,,,0.8367025172820357,-0.7742892440492598,16734050.345640713,20000000.0,5.000000000000001,5.000000000000001,3346810.069128142,65.24631066923037,3346810.069128142,65.24631066923037,24.194568381058502,24.196172654596232,1.0014722761754888,1.7342346822932164,0.057030013873410404,0.05705844879929728,0.003934018978937238,0.9962300423656231,-0.016403657988924875,19924600.84731246,20000000.0,5.000000000000001,5.000000000000001,3984920.1694624918,66.0041962552907,3984920.1694624918,66.0041962552907,3.5216238021121873,3.5219789606792817,0.07719813686178131,0.13188035790181327,0.012323510978924845,0.03715628958504147,0.0016065161229925778
504,16,25.200000000000003,24,0.40787908777548176,-3.8946856067096687,8157581.755509635,20000000.0,5.000000000000001,5.000000000000001,1631516.3511019268,62.12591430656995,1631516.3511019268,62.12591430656995,51.82696860333357,51.82810060893193,,,,,,0.8360555134755348,-0.7776488476712979,16721110.269510696,20000000.0,5.000000000000001,5.000000000000001,3344222.0539021385,65.24295106560832,3344222.0539021385,65.24295106560832,24.251022899001683,24.25073649897896,1.0023439170076929,1.7356705654359903,0.056956250430781744,0.05697835969946955,0.00392012596381228,0.9962346791566912,-0.016383444504059954,19924693.583133824,20000000.0,5.000000000000001,5.000000000000001,3984938.7166267643,66.00421646877557,3984938.7166267643,66.00421646877557,3.519359117441668,3.519736429814445,0.07714148371111551,0.13181901007382552,0.01231277864677375,0.03713591621016189,0.0016023719605502956
505,16,25.25,25,0.40607085365668966,-3.913981815277748,8121417.073133794,20000000.0,5.000000000000001,5.000000000000001,1624283.4146267585,62.106618098001874,1624283.4146267585,62.106618098001874,51.930080077092974,51.93244628787811,,,,,,0.835825212935403,-0.7788453236257264,16716504.25870806,20000000.0,5.000000000000001,5.000000000000001,3343300.8517416115,65.2417545896539,3343300.8517416115,65.2417545896539,24.26636948759008,24.27213908859752,1.00481792389504,1.734666168936764,0.05687172025134246,0.05688935185806132,0.0039053186211365143,0.9962248736955304,-0.016426190241794935,19924497.473910607,20000000.0,5.000000000000001,5.000000000000001,3984899.494782121,66.00417372303782,3984899.494782121,66.00417372303782,3.5239733286156225,3.5244480617877145,0.077306884414478,0.1320536624789579,0.012302853057241901,0.03711504871866026,0.0015981903237672558
506,16,25.3,26,0.4035304318829126,-3.9412370778092205,8070608.637658251,20000000.0,5.000000000000001,5.000000000000001,1614121.72753165,62.079362835470405,1614121.72753165,62.079362835470405,52.08227641633973,52.08503557935762,,,,,,0.8341721984984909,-0.7874428852506528,16683443.969969818,20000000.0,5.000000000000001,5.000000000000001,3336688.793993963,65.23315702802897,3336688.793993963,65.23315702802897,24.397891387765466,24.3996616867664,1.0093375866460488,1.7366855032540454,0.056802733819718676,0.05682607810461522,0.0038928444178182088,0.9962384772638543,-0.016366887222198433,19924769.545277085,20000000.0,5.000000000000001,5.000000000000001,3984953.9090554165,66.00423302605742,3984953.9090554165,66.00423302605742,3.5176228513494827,3.517991184753742,0.07729313876681358,0.13189874641494478,0.012291487572035497,0.03709461889912385,0.001594042812508647
507,16,25.35,27,0.40125723232286037,-3.965771267251329,8025144.646457207,20000000.0,5.000000000000001,5.000000000000001,1605028.929291441,62.05482864602829,1605028.929291441,62.05482864602829,52.21921903545797,52.214686261924484,,,,,,0.8370021798509036,-0.7727341094821426,16740043.597018072,20000000.0,5.000000000000001,5.000000000000001,3348008.719403614,65.24786580379748,3348008.719403614,65.24786580379748,24.173646699531798,24.17326662887375,0.9996712115498181,1.734685475125105,0.056727405115750786,0.0567702680978309,0.0038807033426172073,0.9962429146762384,-0.016347543064505015,19924858.29352477,20000000.0,5.000000000000001,5.000000000000001,3984971.658704953,66.00425237021513,3984971.658704953,66.00425237021513,3.5155410096125066,3.515996434831161,0.07705605550922737,0.13163152764349978,0.012279909642185404,0.037074132677052396,0.0015898744437114775
508,16,25.400000000000002,28,0.3999051238021681,-3.980430314134841,7998102.476043361,20000000.0,5.000000000000001,5.000000000000001,1599620.495208672,62.040169599144775,1599620.495208672,62.040169599144775,52.30058016516424,52.297333562714094,,,,,,0.8371631845994121,-0.7718987860960808,16743263.69198824,20000000.0,5.000000000000001,5.000000000000001,3348652.7383976476,65.24870112718355,3348652.7383976476,65.24870112718355,24.155242729049398,24.155764598543733,0.9991002133666548,1.7300019524545902,0.05666006861057403,0.056719082252714256,0.0038691720348450866,0.9962312843079677,-0.016398243894308377,19924625.686159354,20000000.0,5.000000000000001,5.000000000000001,3984925.13723187,66.00420166938531,3984925.13723187,66.00420166938531,3.5209840976550906,3.5213859876990674,0.07725392106408666,0.1319210789662258,0.01226758648104707,0.037053579572342024,0.001585729406488616
509,16,25.450000000000003,29,0.40081357017041974,-3.9705758317283495,8016271.403408395,20000000.0,5.000000000000001,5.000000000000001,1603254.2806816788,62.05002408155127,1603254.2806816788,62.05002408155127,52.23034505937447,52.23134960903279,,,,,,0.8363707608604364,-0.7760115832558834,16727415.217208728,20000000.0,5.000000000000001,5.000000000000001,3345483.043441745,65.24458833002373,3345483.043441745,65.24458833002373,24.22027404089897,24.219658048953345,1.0025094657954765,1.7299035555729205,0.05666349334073347,0.056696259007408115,0.0038620419013721203,0.9962251969275886,-0.016424781143506016,19924503.938551772,20000000.0,5.000000000000001,5.000000000000001,3984900.7877103537,66.00417513213611,3984900.7877103537,66.00417513213611,3.5239731661141462,3.5243511048346563,0.07753578631669075,0.1321006886575107,0.01225710193804093,0.03703339261845037,0.001581680340148689
510,17,25.5,0,0.4017712105596658,-3.9602118641063253,8035424.211193316,20000000.0,5.000000000000001,5.000000000000001,1607084.8422386628,62.0603880491733,1607084.8422386628,62.0603880491733,52.174126084275905,52.17195174558187,,,,,,0.8361275436914238,-0.777274698140525,16722550.873828476,20000000.0,5.000000000000001,5.000000000000001,3344510.174765695,65.2433252151391,3344510.174765695,65.2433252151391,24.240672407496774,24.242616882765258,1.0034431174980942,1.7324797122531574,0.05665233327304616,0.056666533025190355,0.0038539664592495597,0.9962473961299468,-0.016328007003466857,19924947.922598936,20000000.0,5.000000000000001,5.000000000000001,3984989.5845197863,66.00427190627616,3984989.5845197863,66.00427190627616,3.513402582936435,3.513859506728071,0.07703208280699739,0.13181640237712292,0.012246978088115517,0.03701334277245093,0.0015776444945385846
511,17,25.55,1,0.4031023603433975,-3.9458465885237732,8062047.206867951,20000000.0,5.000000000000001,5.000000000000001,1612409.44137359,62.074753324755854,1612409.44137359,62.074753324755854,52.099263296121556,52.09555145544093,,,,,,0.8377372971068943,-0.7689214879642869,16754745.942137886,20000000.0,5.000000000000001,5.000000000000001,3350949.188427577,65.25167842531533,3350949.188427577,65.25167842531533,24.112032592399565,24.11032232808154,0.9974994941407818,1.7308570001393082,0.05663872806451431,0.056612411921087624,0.0038441724711570186,0.9962327545256181,-0.016391834670349287,19924655.09051236,20000000.0,5.000000000000001,5.000000000000001,3984931.0181024717,66.00420807860927,3984931.0181024717,66.00420807860927,3.5203931296287223,3.5207593764994,0.07734980991605273,0.13178907920662197,0.01223761007817616,0.036993333159380866,0.001573671292393217
512,17,25.6,2,0.40451205724463163,-3.930685288928229,8090241.144892633,20000000.0,5.000000000000001,5.000000000000001,1618048.2289785263,62.089914624351394,1618048.2289785263,62.089914624351394,52.022302120910425,52.019107348355774,,,,,,0.8360885739481032,-0.7774771162886324,16721771.478962064,20000000.0,5.000000000000001,5.000000000000001,3344354.295792412,65.24312279699099,3344354.295792412,65.24312279699099,24.245517575029396,24.24852106033139,1.0023190681784158,1.7292481889757247,0.0565105729047067,0.05654577233477459,0.0038297127130907846,0.9962306793565006,-0.01640088110484279,19924613.58713001,20000000.0,5.000000000000001,5.000000000000001,3984922.717426001,66.00419903217478,3984922.717426001,66.00419903217478,3.521297732071484,3.5216498376926118,0.07716737480423927,0.13201657651155518,0.012228939001486638,0.036973542551637845,0.0015697266535918315
513,17,25.650000000000002,3,0.40591849964083976,-3.9156115536206753,8118369.992816796,20000000.0,5.000000000000001,5.000000000000001,1623673.9985633588,62.10498835965895,1623673.9985633588,62.10498835965895,51.94053247603065,51.93667339763397,,,,,,0.8369501076458282,-0.7730043044154271,16739002.152916566,20000000.0,5.000000000000001,5.000000000000001,3347800.4305833126,65.2475956088642,3347800.4305833126,65.2475956088642,24.181548426173258,24.179071185681106,0.9993857819916446,1.7334810825685665,0.05642274259195481,0.056490749165823716,0.0038174354926555714,0.9962396472080015,-0.016361787037849754,19924792.94416003,20000000.0,5.000000000000001,5.000000000000001,3984958.588832005,66.00423812624177,3984958.588832005,66.00423812624177,3.517220687677164,3.5177491081003276,0.07723581454933956,0.131800018275336,0.012218206309902347,0.036953266991333715,0.0015658040315606205
514,17,25.700000000000003,4,0.40689434977789957,-3.905183408110477,8137886.995557992,20000000.0,5.000000000000001,5.000000000000001,1627577.399111598,62.115416505169144,1627577.399111598,62.115416505169144,51.88180706254012,51.8758799020052,,,,,,0.8353967539235617,-0.7810721659283197,16707935.078471234,20000000.0,5.000000000000001,5.000000000000001,3341587.015694246,65.2395277473513,3341587.015694246,65.2395277473513,24.299639748837215,24.302402037917496,1.0060356699440147,1.7294022400101459,0.056340420560348145,0.05643448535552979,0.0038052833662117662,0.9962305415118674,-0.0164014820215674,19924610.830237348,20000000.0,5.000000000000001,5.000000000000001,3984922.166047469,66.00419843125805,3984922.166047469,66.00419843125805,3.5212845485856734,3.521826330819927,0.07729319305688823,0.13190002753604205,0.01220725078764385,0.03693361088415849,0.0015619123135875192
515,17,25.75,5,0.40683150119374295,-3.905854267794149,8136630.023874859,20000000.0,5.000000000000001,5.000000000000001,1627326.0047749716,62.11474564548547,1627326.0047749716,62.11474564548547,51.88790002485346,51.88081421905149,,,,,,0.8376611299950304,-0.7693163666495318,16753222.599900607,20000000.0,5.000000000000001,5.000000000000001,3350644.519980121,65.25128354663009,3350644.519980121,65.25128354663009,24.122672704170007,24.120890466367022,0.9980638151941035,1.7260672503839178,0.056244133074147426,0.05637793849108212,0.003792711423398448,0.9962450479994165,-0.016338243229306753,19924900.95998833,20000000.0,5.000000000000001,5.000000000000001,3984980.191997665,66.00426167005031,3984980.191997665,66.00426167005031,3.5146785303447077,3.5150172970329328,0.07705659399607685,0.13181551513657944,0.01219593625588003,0.03691386002456358,0.0015580062922679312
516,17,25.8,6,0.40667367014540035,-3.907539448334929,8133473.402908007,20000000.0,5.000000000000001,5.000000000000001,1626694.680581601,62.113060464944695,1626694.680581601,62.113060464944695,51.88886001720133,51.8876679609261,,,,,,0.8381807376069389,-0.7666232399267687,16763614.752138779,20000000.0,5.000000000000001,5.000000000000001,3352722.9504277552,65.25397667335285,3352722.9504277552,65.25397667335285,24.07469224742501,24.07818127093676,0.9958110125642129,1.7323605004436626,0.05626194483070975,0.0563285298714092,0.003784501117278657,0.9962438877937857,-0.016343300932707496,19924877.755875714,20000000.0,5.000000000000001,5.000000000000001,3984975.551175142,66.00425661234692,3984975.551175142,66.00425661234692,3.515194001218525,3.5156605721558862,0.07711542303351263,0.1317905973503874,0.01218565764954552,0.03689383348390746,0.0015541578122299463
517,17,25.85,7,0.4059018455472576,-3.9157897403583624,8118036.910945152,20000000.0,5.000000000000001,5.000000000000001,1623607.38218903,62.104810172921255,1623607.38218903,62.104810172921255,51.92646603651186,51.924901537262485,,,,,,0.8352581930080026,-0.7817925569496167,16705163.860160053,20000000.0,5.000000000000001,5.000000000000001,3341032.77203201,65.23880735633001,3341032.77203201,65.23880735633001,24.307831631764586,24.303774507163403,1.0047811186395967,1.7369140756838473,0.05623197419962915,0.05626130487818498,0.003773496805816759,0.9962438045618491,-0.01634366376727764,19924876.091236982,20000000.0,5.000000000000001,5.000000000000001,3984975.218247396,66.00425624951234,3984975.218247396,66.00425624951234,3.5152312248149697,3.5158004769140128,0.07725505360751775,0.1319356820816189,0.012174394466506148,0.036873470463579236,0.001550258674417615
518,17,25.900000000000002,8,0.4039363835218894,-3.936870271193333,8078727.670437788,20000000.0,5.000000000000001,5.000000000000001,1615745.5340875573,62.08372964208629,1615745.5340875573,62.08372964208629,52.05504166545529,52.05117715592587,,,,,,0.8375179948204011,-0.7700585298694308,16750359.896408021,20000000.0,5.000000000000001,5.000000000000001,3350071.979281604,65.2505413834102,3350071.979281604,65.2505413834102,24.125446283322365,24.127858551829327,0.9979435990109135,1.7286274901749628,0.056146988029421585,0.056198537436399444,0.0037609836981926,0.9962274720366355,-0.0164148630428635,19924549.44073271,20000000.0,5.000000000000001,5.000000000000001,3984909.888146541,66.00418505023676,3984909.888146541,66.00418505023676,3.522790651926902,3.5232065578350267,0.07739665233616891,0.13201070586479002,0.012162477224969144,0.036853084832337915,0.0015463666539548356
519,17,25.950000000000003,9,0.4029018368015968,-3.948007526886153,8058036.7360319365,20000000.0,5.000000000000001,5.000000000000001,1611607.347206387,62.07259238639347,1611607.347206387,62.07259238639347,52.1189800208546,52.11995893035364,,,,,,0.837559408761587,-0.7698437834213434,16751188.17523174,20000000.0,5.000000000000001,5.000000000000001,3350237.6350463475,65.25075612985827,3350237.6350463475,65.25075612985827,24.12254544752686,24.12246613724386,0.997866898168778,1.7316394305647378,0.05612194901151266,0.05616754487858622,0.0037526485653181,0.9962334441120805,-0.01638882851048961,19924668.88224161,20000000.0,5.000000000000001,5.000000000000001,3984933.7764483215,66.00421108476914,3984933.7764483215,66.00421108476914,3.5200386208091556,3.520544785548862,0.0772774138451137,0.13191797874054595,0.012150272623304087,0.036833000432073534,0.0015425233647913957
520,17,26.0,10,0.4030920787829953,-3.9459573614274697,8061841.5756599065,20000000.0,5.000000000000001,5.000000000000001,1612368.315131981,62.07464255185215,1612368.315131981,62.07464255185215,52.10379426027778,52.107846889089025,,,,,,0.8363408118972463,-0.7761670992416085,16726816.237944925,20000000.0,5.000000000000001,5.000000000000001,3345363.2475889847,65.24443281403802,3345363.2475889847,65.24443281403802,24.22036992323281,24.223891603488102,1.0018069246066308,1.7357244713878366,0.05606948405350333,0.05611049308974161,0.0037417004153229585,0.996229365137676,-0.016406610283554203,19924587.30275352,20000000.0,5.000000000000001,5.000000000000001,3984917.460550703,66.00419330299607,3984917.460550703,66.00419330299607,3.5218616835349907,3.52238656528059,0.07719901905994482,0.13162718942706972,0.012139721101401154,0.03681286862971612,0.0015386840644517575
521,17,26.05,11,0.4035323808862557,-3.941216101959913,8070647.617725114,20000000.0,5.000000000000001,5.000000000000001,1614129.5235450226,62.07938381131971,1614129.5235450226,62.07938381131971,52.07831100582003,52.081646396462745,,,,,,0.8367089757407198,-0.7742557212369712,16734179.514814395,20000000.0,5.000000000000001,5.000000000000001,3346835.9029628783,65.24634419204264,3346835.9029628783,65.24634419204264,24.196412743519627,24.194877218243853,1.0004320526555175,1.7365748062038748,0.05602099674940586,0.056066850575346106,0.0037318046273733113,0.9962326688059697,-0.01639220835382551,19924653.376119394,20000000.0,5.000000000000001,5.000000000000001,3984930.675223878,66.00420770492579,3984930.675223878,66.00420770492579,3.520304004378089,3.5207641926258093,0.07725778858736498,0.13177536664420886,0.012128858519841957,0.036792543291842256,0.0015348765667375672
522,17,26.1,12,0.404163041680538,-3.9344340266647304,8083260.83361076,20000000.0,5.000000000000001,5.000000000000001,1616652.1667221517,62.08616588661489,1616652.1667221517,62.08616588661489,52.04519096519798,52.04930890975167,,,,,,0.8358553631390336,-0.7786886661009116,16717107.262780672,20000000.0,5.000000000000001,5.000000000000001,3343421.4525561337,65.2419112471787,3343421.4525561337,65.2419112471787,24.262428620901765,24.26074633458949,1.0043213420750572,1.7329422071380982,0.05594371042974093,0.056037536984431945,0.0037219576334829724,0.9962401486636044,-0.016359601024202607,19924802.97327209,20000000.0,5.000000000000001,5.000000000000001,3984960.594654417,66.00424031225542,3984960.594654417,66.00424031225542,3.5169603939605665,3.5176650465121093,0.07715241700590657,0.13172287980290215,0.012116411355202637,0.036772181447138834,0.0015310481961328354
523,17,26.150000000000002,13,0.40501161913856965,-3.9253251738932677,8100232.382771392,20000000.0,5.000000000000001,5.000000000000001,1620046.4765542783,62.095274739386355,1620046.4765542783,62.095274739386355,51.99586591785403,51.99689631409583,,,,,,0.8361957375174853,-0.7769205058296533,16723914.750349706,20000000.0,5.000000000000001,5.000000000000001,3344782.9500699406,65.24367940744997,3344782.9500699406,65.24367940744997,24.23541461759451,24.236799546183974,1.0033809583942017,1.7338096156130978,0.05586801273783789,0.05598507462290438,0.0037106280731493343,0.9962353259342838,-0.01638062496912327,19924706.518685676,20000000.0,5.000000000000001,5.000000000000001,3984941.3037371347,66.00421928831051,3984941.3037371347,66.00421928831051,3.519257826204343,3.5198090841582905,0.07738309444265583,0.13184762661276783,0.012104472882037424,0.036752287734191674,0.0015272761848057843
524,17,26.200000000000003,14,0.4058491760107303,-3.9163533143731244,8116983.520214605,20000000.0,5.000000000000001,5.000000000000001,1623396.7040429208,62.1042465989065,1623396.7040429208,62.1042465989065,51.94304025986501,51.94118545730096,,,,,,0.836529608045361,-0.7751868305405607,16730592.16090722,20000000.0,5.000000000000001,5.000000000000001,3346118.4321814436,65.24541308273906,3346118.4321814436,65.24541308273906,24.210388984712655,24.20999583845871,1.0020371562679022,1.7326375573966033,0.05583082970240059,0.05594547428713494,0.003701444809846148,0.9962414051912032,-0.01635412340257605,19924828.103824064,20000000.0,5.000000000000001,5.000000000000001,3984965.620764812,66.00424578987705,3984965.620764812,66.00424578987705,3.5163882757970364,3.516919981718871,0.0772457069380383,0.1317859191827497,0.01209227960600905,0.03673221658748872,0.0015234889630014248
525,17,26.25,15,0.4068991838816438,-3.9051318121099126,8137983.677632876,20000000.0,5.000000000000001,5.000000000000001,1627596.7355265748,62.11546810116971,1627596.7355265748,62.11546810116971,51.87389441831906,51.87847984400281,,,,,,0.8375511920714898,-0.7698863891235219,16751023.841429794,20000000.0,5.000000000000001,5.000000000000001,3350204.768285958,65.2507135241561,3350204.768285958,65.2507135241561,24.122639844193614,24.122890997180672,0.9958925351444702,1.7324184043617525,0.05579104825928173,0.05588551799094695,0.0036908896414098195,0.9962336516779781,-0.016387923655155828,19924673.03355956,20000000.0,5.000000000000001,5.000000000000001,3984934.6067119115,66.00421198962447,3984934.6067119115,66.00421198962447,3.5198166823772423,3.5203478996806936,0.07697638005874141,0.13174198753228417,0.01208015909779133,0.03671144812639794,0.0015196759564798576
526,17,26.3,16,0.4067109445987632,-3.9071414056591927,8134218.891975264,20000000.0,5.000000000000001,5.000000000000001,1626843.7783950525,62.11345850762043,1626843.7783950525,62.11345850762043,51.88806126618216,51.89196144789561,,,,,,0.8358276188477421,-0.7788328225318036,16716552.376954842,20000000.0,5.000000000000001,5.000000000000001,3343310.475390968,65.24176709074781,3343310.475390968,65.24176709074781,24.262357526259105,24.265432787713475,1.003611737407728,1.7377895789724445,0.05573024385533949,0.055824939152934315,0.0036796577411785103,0.9962548976709467,-0.01629530563220977,19925097.953418933,20000000.0,5.000000000000001,5.000000000000001,3985019.5906837857,66.00430460764741,3985019.5906837857,66.00430460764741,3.5100957312977537,3.5107458529220543,0.07683922030553356,0.13144621200195178,0.012066864156373012,0.03669097785918997,0.0015158838578809544
527,17,26.35,17,0.40622015969672154,-3.9123852744084058,8124403.193934431,20000000.0,5.000000000000001,5.000000000000001,1624880.638786886,62.10821463887122,1624880.638786886,62.10821463887122,51.91951770664482,51.92236281568141,,,,,,0.8374038366000367,-0.7706505370224201,16748076.732000735,20000000.0,5.000000000000001,5.000000000000001,3349615.3464001464,65.2499493762572,3349615.3464001464,65.2499493762572,24.139074653275635,24.14121206217334,0.9979107093346935,1.729120631890316,0.055662237980873275,0.05575682244903213,0.003667724333402767,0.9962273502190564,-0.016415394093322724,19924547.004381128,20000000.0,5.000000000000001,5.000000000000001,3984909.400876225,66.0041845191863,3984909.400876225,66.0041845191863,3.522927792483157,3.5235100607784133,0.07723783911440359,0.13182535524898026,0.012051978170276468,0.03667020731170941,0.001512049991550223
528,17,26.400000000000002,18,0.4056396680886801,-3.9185958131368377,8112793.361773603,20000000.0,5.000000000000001,5.000000000000001,1622558.6723547203,62.10200410014279,1622558.6723547203,62.10200410014279,51.95283448340989,51.95340685749096,,,,,,0.8369465870957641,-0.7730225726331842,16738931.741915282,20000000.0,5.000000000000001,5.000000000000001,3347786.348383056,65.24757734064644,3347786.348383056,65.24757734064644,24.173937089687797,24.174481791993554,0.9998675225227235,1.7324988987495609,0.0555704444765977,0.055660427677895655,0.0036532021965144353,0.9962319391741552,-0.016395389088575817,19924638.783483103,20000000.0,5.000000000000001,5.000000000000001,3984927.75669662,66.00420452419104,3984927.75669662,66.00420452419104,3.520687495466553,3.521370265854935,0.07724908597025766,0.13174748498190864,0.012035980020505958,0.03664864108691447,0.0015081896967749644
529,17,26.450000000000003,19,0.40455244144486324,-3.9302517354758244,8091048.828897265,20000000.0,5.000000000000001,5.000000000000001,1618209.7657794526,62.090348177803804,1618209.7657794526,62.090348177803804,52.02603893861558,52.027439978694794,,,,,,0.8381151444325594,-0.7669631173195761,16762302.888651188,20000000.0,5.000000000000001,5.000000000000001,3352460.577730237,65.25363679596005,3352460.577730237,65.25363679596005,24.083887557673656,24.081608849702413,0.9956084663985362,1.7304002609778144,0.05548864145737502,0.05560975634285181,0.003642017534927232,0.9962345422505805,-0.01638404132701475,19924690.84501161,20000000.0,5.000000000000001,5.000000000000001,3984938.1690023215,66.00421587195261,3984938.1690023215,66.00421587195261,3.5195923826067825,3.5202961610970065,0.07719359945077633,0.13157730055904907,0.01201999767421578,0.03662819242559023,0.0015044000752104307
530,17,26.5,20,0.40429230569255153,-3.9330452388290893,8085846.11385103,20000000.0,5.000000000000001,5.000000000000001,1617169.2227702057,62.08755467445053,1617169.2227702057,62.08755467445053,52.0417097571324,52.0351860737995,,,,,,0.8373589038262139,-0.7708835736820195,16747178.076524278,20000000.0,5.000000000000001,5.000000000000001,3349435.615304855,65.2497163395976,3349435.615304855,65.2497163395976,24.14228537886749,24.144067809973773,0.9984067701026943,1.730689291720643,0.05544115838156832,0.05556274458046775,0.0036322389842695186,0.9962275348883791,-0.016414589047562995,19924550.69776758,20000000.0,5.000000000000001,5.000000000000001,3984910.1395535157,66.00418532423207,3984910.1395535157,66.00418532423207,3.522909488243838,3.5235744680509073,0.07733038750542552,0.13182587553767203,0.012005748122371606,0.03660740401679911,0.001500634431112508
531,17,26.55,21,0.4054654909833208,-3.9204610252131786,8109309.819666415,20000000.0,5.000000000000001,5.000000000000001,1621861.9639332828,62.10013888806644,1621861.9639332828,62.10013888806644,51.957957978709146,51.95231799140855,,,,,,0.8385130217827658,-0.7649018858027201,16770260.435655314,20000000.0,5.000000000000001,5.000000000000001,3354052.0871310625,65.25569802747691,3354052.0871310625,65.25569802747691,24.05656378664738,24.054959756284966,0.9941235267422185,1.7326818307324339,0.055400914706553575,0.05551305703590369,0.003622568190421932,0.9962459422086193,-0.016334345092508647,19924918.844172385,20000000.0,5.000000000000001,5.000000000000001,3984983.7688344764,66.00426556818712,3984983.7688344764,66.00426556818712,3.514344555094676,3.5149805447556446,0.07712421151052076,0.13161055721485032,0.011991708775840857,0.036586647270567804,0.0014968946631008706
532,17,26.6,22,0.40660447758511165,-3.9082784316035317,8132089.551702233,20000000.0,5.000000000000001,5.000000000000001,1626417.9103404463,62.11232148167609,1626417.9103404463,62.11232148167609,51.88598790558378,51.886934569803955,,,,,,0.8366183768456752,-0.7747260010081353,16732367.536913505,20000000.0,5.000000000000001,5.000000000000001,3346473.5073827,65.24587391227149,3346473.5073827,65.24587391227149,24.20408149946839,24.205050732216204,1.0011220932163203,1.7325199673982445,0.055397248692144754,0.05546783385356048,0.0036143874110370956,0.9962184265667368,-0.016454295959622132,19924368.531334735,20000000.0,5.000000000000001,5.000000000000001,3984873.706266946,66.00414561732,3984873.706266946,66.00414561732,3.527134078276054,3.5277771183033537,0.07741735256948294,0.13192110761874196,0.01197923796996016,0.0365661056435259,0.0014931553974400526
533,17,26.650000000000002,23,0.4068289915054592,-3.9058810589136077,8136579.830109185,20000000.0,5.000000000000001,5.000000000000001,1627315.9660218367,62.11471885436602,1627315.9660218367,62.11471885436602,51.87893600047793,51.8791408632589,,,,,,0.8379367067603122,-0.7678878440415837,16758734.135206243,20000000.0,5.000000000000001,5.000000000000001,3351746.827041248,65.25271206923803,3351746.827041248,65.25271206923803,24.09426681959367,24.092879080919356,0.9969883250257583,1.733031091181933,0.05534919383169361,0.05544274948775507,0.0036061147393822574,0.9962323173835922,-0.016393740333563542,19924646.347671844,20000000.0,5.000000000000001,5.000000000000001,3984929.269534368,66.00420617294606,3984929.269534368,66.00420617294606,3.520655358556307,3.521162515892653,0.07738908623577875,0.13197747268636417,0.011967601027702567,0.036545893927114506,0.001489497864098107
534,17,26.700000000000003,24,0.40640998330119826,-3.9103563232017837,8128199.666023965,20000000.0,5.000000000000001,5.000000000000001,1625639.9332047927,62.110243590077836,1625639.9332047927,62.110243590077836,51.9149272419683,51.918881850512115,,,,,,0.8353561415782444,-0.7812833008905202,16707122.831564888,20000000.0,5.000000000000001,5.000000000000001,3341424.566312977,65.2393166123891,3341424.566312977,65.2393166123891,24.30265929742016,24.301432288614848,1.0041705040932463,1.7347538844785728,0.05527199471301523,0.055376863431727694,0.003594278372000461,0.9962278342563976,-0.016413283985673023,19924556.68512795,20000000.0,5.000000000000001,5.000000000000001,3984911.3370255893,66.00418662929395,3984911.3370255893,66.00418662929395,3.5226157237947335,3.5232932690201944,0.07738787835517372,0.13193544638119722,0.011955760944405175,0.0365252309274335,0.0014858204086346757
535,17,26.75,25,0.40614186864746415,-3.9132223733764477,8122837.372949283,20000000.0,5.000000000000001,5.000000000000001,1624567.4745898563,62.10737753990317,1624567.4745898563,62.10737753990317,51.93364931683668,51.9340854734415,,,,,,0.8369085871047506,-0.7732197603787758,16738171.742095012,20000000.0,5.000000000000001,5.000000000000001,3347634.348419002,65.24738015290085,3347634.348419002,65.24738015290085,24.169998939299493,24.170332167000947,0.9994539657064252,1.7310566716581337,0.05524173636485127,0.05532300720458172,0.0035847670347174078,0.9962318999623824,-0.01639556002725215,19924637.999247648,20000000.0,5.000000000000001,5.000000000000001,3984927.5998495286,66.00420435325236,3984927.5998495286,66.00420435325236,3.5207479514128237,3.5213045543413877,0.07732963477943869,0.13175875453748492,0.011943827177959023,0.036504479267687,0.0014821617481518964
536,17,26.8,26,0.4058496328473666,-3.9163484258201753,8116992.6569473315,20000000.0,5.000000000000001,5.000000000000001,1623398.531389466,62.10425148745945,1623398.531389466,62.10425148745945,51.949346405567475,51.950281997425805,,,,,,0.8365842678933537,-0.7749030665874344,16731685.357867073,20000000.0,5.000000000000001,5.000000000000001,3346337.071573414,65.24569684669218,3346337.071573414,65.24569684669218,24.211992516724298,24.21061044658039,1.001802498057775,1.7317745492287149,0.05518109553363113,0.05526144203183721,0.0035738099105269614,0.9962209020896297,-0.016443504103461213,19924418.041792594,20000000.0,5.000000000000001,5.000000000000001,3984883.608358518,66.00415640917616,3984883.608358518,66.00415640917616,3.525937112854243,3.526655650326242,0.0773335664829023,0.1317813752854327,0.011930830607913036,0.03648375108120325,0.0014785024643940517
537,17,26.85,27,0.40549260251164476,-3.920170643077631,8109852.050232895,20000000.0,5.000000000000001,5.000000000000001,1621970.4100465786,62.100429270201985,1621970.4100465786,62.100429270201985,51.96401180793367,51.96575619846161,,,,,,0.8362653395642604,-0.7765590291379053,16725306.791285207,20000000.0,5.000000000000001,5.000000000000001,3345061.358257041,65.24404088414171,3345061.358257041,65.24404088414171,24.227872698663383,24.226504400580083,1.0029100179824137,1.7315047545246802,0.05513015256070025,0.05522281409635184,0.003564706801517042,0.9962229677045354,-0.01643449923091327,19924459.35409071,20000000.0,5.000000000000001,5.000000000000001,3984891.870818141,66.00416541404871,3984891.870818141,66.00416541404871,3.525088322305514,3.5256517977520403,0.07728656794696881,0.13170706203906218,0.01191983153038317,0.036463554027722736,0.0014749115434770017
538,17,26.900000000000002,28,0.40494508420568603,-3.9260386874465443,8098901.68411372,20000000.0,5.000000000000001,5.000000000000001,1619780.3368227438,62.09456122583308,1619780.3368227438,62.09456122583308,51.99337706339337,52.00192014941929,,,,,,0.83849789888978,-0.7649802131277643,16769957.9777956,20000000.0,5.000000000000001,5.000000000000001,3353991.5955591197,65.25561970015187,3353991.5955591197,65.25561970015187,24.054614298040903,24.053976469951856,0.9944744399865589,1.7280764591661668,0.05506127391035045,0.055167108138045796,0.0035539225638679915,0.9962175521456439,-0.0164581079391241,19924351.042912878,20000000.0,5.000000000000001,5.000000000000001,3984870.208582575,66.0041418053405,3984870.208582575,66.0041418053405,3.5277053202758863,3.5283004878754314,0.07748896181129653,0.13167606432749618,0.01190782089395023,0.036442976035446925,0.0014713107783577077
539,17,26.950000000000003,29,0.40404711591263914,-3.935679888800492,8080942.318252782,20000000.0,5.000000000000001,5.000000000000001,1616188.4636505563,62.08492002447913,1616188.4636505563,62.08492002447913,52.05047242482307,52.05252425960183,,,,,,0.8371399866122593,-0.7720191317776226,16742799.732245186,20000000.0,5.000000000000001,5.000000000000001,3348559.9464490367,65.248580781502,3348559.9464490367,65.248580781502,24.161895251161106,24.162289805511534,0.9990518836032674,1.7334473656844362,0.05504759404174141,0.055139446887448464,0.0035467556867232117,0.9962254318906162,-0.016423756845640285,19924508.637812324,20000000.0,5.000000000000001,5.000000000000001,3984901.727562464,66.00417615643399,3984901.727562464,66.00417615643399,3.52392587474028,3.524736427935827,0.07728054061416798,0.131713129268217,0.011895106697503984,0.03642282208135952,0.001467765062438681
540,18,27.0,0,0.40326683426684246,-3.944074940528361,8065336.685336849,20000000.0,5.000000000000001,5.000000000000001,1613067.3370673694,62.076524972751265,1613067.3370673694,62.076524972751265,52.10405181120361,52.10434075938292,,,,,,0.8371014196904553,-0.7722192152454355,16742028.393809106,20000000.0,5.000000000000001,5.000000000000001,3348405.678761821,65.2483806980342,3348405.678761821,65.2483806980342,24.15489225037298,24.156405883527356,0.9989741513656492,1.7353688095193238,0.05500322257706837,0.05509076548632156,0.0035372466153327877,0.996228426171778,-0.016410703596948246,19924568.52343556,20000000.0,5.000000000000001,5.000000000000001,3984913.704687111,66.00418920968268,3984913.704687111,66.00418920968268,3.522432187095859,3.52315098983697,0.07729075811496788,0.13175422602453044,0.011883305624565356,0.03640234276136572,0.0014642263193282445
541,18,27.05,1,0.4035599595641301,-3.9409193015314266,8071199.191282602,20000000.0,5.000000000000001,5.000000000000001,1614239.8382565202,62.0796806117482,1614239.8382565202,62.0796806117482,52.08616669748907,52.087307971880286,,,,,,0.8359517327576176,-0.7781879768321172,16719034.65515235,20000000.0,5.000000000000001,5.000000000000001,3343806.9310304695,65.24241193644751,3343806.9310304695,65.24241193644751,24.254394639310014,24.253449578157948,1.0043703434911404,1.734943355365596,0.054911785855065974,0.05501116459191326,0.003524342986463865,0.9962234107210571,-0.016432567940487135,19924468.214421142,20000000.0,5.000000000000001,5.000000000000001,3984893.6428842274,66.00416734533914,3984893.6428842274,66.00416734533914,3.5248209214346438,3.5254925240427233,0.07738404858351139,0.13166728879203948,0.011871480559844,0.03638198586238935,0.0014606958447280541
542,18,27.1,2,0.4048984647064847,-3.9265386998576273,8097969.294129694,20000000.0,5.000000000000001,5.000000000000001,1619593.8588259385,62.094061213421995,1619593.8588259385,62.094061213421995,51.99665726691171,52.003155614855395,,,,,,0.8369052957644072,-0.7732368400668322,16738105.915288145,20000000.0,5.000000000000001,5.000000000000001,3347621.1830576286,65.2473630732128,3347621.1830576286,65.2473630732128,24.1729233585354,24.173307149577134,1.000183057551078,1.733550984752481,0.05482645304178191,0.05494701325956515,0.0035126537205087903,0.996224683190719,-0.016427020728951493,19924493.66381438,20000000.0,5.000000000000001,5.000000000000001,3984898.7327628755,66.00417289255067,3984898.7327628755,66.00417289255067,3.524335714369767,3.525027257351109,0.07741040582382328,0.131706918862989,0.01185877971344913,0.03636140377915849,0.0014571832222000025
543,18,27.150000000000002,3,0.4063079854892919,-3.9114464205986854,8126159.709785839,20000000.0,5.000000000000001,5.000000000000001,1625231.9419571673,62.10915349268093,1625231.9419571673,62.10915349268093,51.90167416868335,51.901437994208244,,,,,,0.8348595065986295,-0.7838660313033147,16697190.13197259,20000000.0,5.000000000000001,5.000000000000001,3339438.0263945176,65.2367338819763,3339438.0263945176,65.2367338819763,24.3430303017078,24.34145671349089,1.0070864129040051,1.7367444766503433,0.05477916400843784,0.054887646021494506,0.003502523864044201,0.9962328955143791,-0.01639122004855231,19924657.91028758,20000000.0,5.000000000000001,5.000000000000001,3984931.5820575156,66.00420869323108,3984931.5820575156,66.00420869323108,3.5203888262432286,3.5209600875411544,0.0773714983036057,0.13173106197227968,0.01184596351769919,0.03634084984787213,0.001453664497710339
544,18,27.200000000000003,4,0.4064599102869585,-3.90982283033627,8129198.20573917,20000000.0,5.000000000000001,5.000000000000001,1625839.6411478338,62.11077708294336,1625839.6411478338,62.11077708294336,51.89718370022937,51.89709222552034,,,,,,0.8371786017786106,-0.7718188072541611,16743572.035572212,20000000.0,5.000000000000001,5.000000000000001,3348714.407114442,65.24878110602546,3348714.407114442,65.24878110602546,24.156765840821624,24.155636307474534,0.9985392919946647,1.7352611076553999,0.05469914698382938,0.054822097911115766,0.003490972521201061,0.9962249426899266,-0.016425889467488814,19924498.85379853,20000000.0,5.000000000000001,5.000000000000001,3984899.7707597055,66.00417402381213,3984899.7707597055,66.00417402381213,3.5240557156614174,3.5247681923252814,0.07738977343213939,0.1317977592586222,0.011833459191815106,0.036320146264056094,0.001450154155655693
545,18,27.25,5,0.4056798277008905,-3.91816586912383,8113596.55401781,20000000.0,5.000000000000001,5.000000000000001,1622719.3108035617,62.10243404415579,1622719.3108035617,62.10243404415579,51.95684848944582,51.95619864864388,,,,,,0.8358352082187716,-0.778793388479603,16716704.16437543,20000000.0,5.000000000000001,5.000000000000001,3343340.8328750855,65.24180652480001,3343340.8328750855,65.24180652480001,24.263459729465815,24.26409775392361,1.0030686556903796,1.7346900515749142,0.05467853554046955,0.05477209335269746,0.003482364257357319,0.9962232279874872,-0.016433364550840886,19924464.559749745,20000000.0,5.000000000000001,5.000000000000001,3984892.9119499484,66.00416654872879,3984892.9119499484,66.00416654872879,3.5249763855853864,3.5257586869225994,0.07739909059087088,0.13183738601117126,0.011822293445317609,0.03630011014406845,0.0014466854042513874
546,18,27.3,6,0.40491070641877913,-3.9264073971189455,8098214.128375582,20000000.0,5.000000000000001,5.000000000000001,1619642.8256751162,62.09419251616068,1619642.8256751162,62.09419251616068,52.004572395376385,52.00150105666175,,,,,,0.8370541834757553,-0.7724642871773015,16741083.669515107,20000000.0,5.000000000000001,5.000000000000001,3348216.7339030206,65.24813562610233,3348216.7339030206,65.24813562610233,24.169944461231363,24.170852244989245,0.9998248474552668,1.730505238608524,0.05457798033358655,0.05472696183409811,0.003471529939032257,0.9962160452712675,-0.016464677063710596,19924320.90542535,20000000.0,5.000000000000001,5.000000000000001,3984864.1810850697,66.00413523621592,3984864.1810850697,66.00413523621592,3.5283270606241173,3.52921624633651,0.07743329868134344,0.13171857916446822,0.011810659384009721,0.036279476275111286,0.0014432402029094006
547,18,27.35,7,0.4043150295894557,-3.9328011435159556,8086300.591789114,20000000.0,5.000000000000001,5.000000000000001,1617260.1183578225,62.087798769763666,1617260.1183578225,62.087798769763666,52.03628889658313,52.02908342003235,,,,,,0.8379840424828117,-0.767642514504454,16759680.849656234,20000000.0,5.000000000000001,5.000000000000001,3351936.169931246,65.25295739877518,3351936.169931246,65.25295739877518,24.08896913293197,24.087202382750473,0.9960918220894227,1.7253912346932858,0.054503446246314466,0.05467709775909385,0.0034612626829357966,0.9962221403174206,-0.0164381061524482,19924442.806348413,20000000.0,5.000000000000001,5.000000000000001,3984888.561269682,66.00416180712718,3984888.561269682,66.00416180712718,3.5254296312738376,3.5260149660397793,0.07711959931497189,0.13167088976587263,0.011797768757914268,0.03625918022735709,0.0014397996750511784
548,18,27.400000000000002,8,0.4038607348765542,-3.9376836880421995,8077214.6975310845,20000000.0,5.000000000000001,5.000000000000001,1615442.9395062167,62.082916225237426,1615442.9395062167,62.082916225237426,52.054620069323356,52.04996638285593,,,,,,0.8370668380401065,-0.7723986311417095,16741336.760802131,20000000.0,5.000000000000001,5.000000000000001,3348267.352160426,65.24820128213791,3348267.352160426,65.24820128213791,24.17356038721629,24.17735325480203,0.9995022809993044,1.7237708240571528,0.054412101609469146,0.054605211617392846,0.0034491065749438993,0.9962261026520454,-0.016420832729471684,19924522.053040907,20000000.0,5.000000000000001,5.000000000000001,3984904.410608181,66.00417908055016,3984904.410608181,66.00417908055016,3.523575944073104,3.524394562804607,0.07733038145641982,0.13174826842373186,0.011784302186677474,0.03623878798265231,0.0014363438762165378
549,18,27.450000000000003,9,0.40348887992063986,-3.9416842985306904,8069777.598412797,20000000.0,5.000000000000001,5.000000000000001,1613955.5196825592,62.07891561474894,1613955.5196825592,62.07891561474894,52.069631418613525,52.067729321336834,,,,,,0.8367476370288351,-0.7740550541391016,16734952.740576703,20000000.0,5.000000000000001,5.000000000000001,3346990.54811534,65.24654485914053,3346990.54811534,65.24654485914053,24.188840621959706,24.1892766815486,0.9998062290274821,1.7305679792909712,0.054428675698388905,0.05454959896560113,0.003441401458910138,0.9962209304255542,-0.016443380575281396,19924418.608511083,20000000.0,5.000000000000001,5.000000000000001,3984883.7217022157,66.00415653270434,3984883.7217022157,66.00415653270434,3.526044908198673,3.5267861236390807,0.0772436523660966,0.13178836311322872,0.011772405857196763,0.03621809889361954,0.0014329184408711534
550,18,27.5,10,0.40266130075616846,-3.9506010785387184,8053226.015123369,20000000.0,5.000000000000001,5.000000000000001,1610645.2030246735,62.0699988347409,1610645.2030246735,62.0699988347409,52.12454681259076,52.12441671130881,,,,,,0.8380316697743677,-0.7673956878218031,16760633.395487353,20000000.0,5.000000000000001,5.000000000000001,3352126.67909747,65.25320422545782,3352126.67909747,65.25320422545782,24.089801732735275,24.091612310506463,0.995960110316855,1.7317400044312912,0.05439809128358607,0.05447909768871526,0.0034313065349103897,0.9962229570807627,-0.016434545544299496,19924459.141615253,20000000.0,5.000000000000001,5.000000000000001,3984891.82832305,66.00416536773533,3984891.82832305,66.00416536773533,3.5249590298280906,3.525771857256493,0.07714004129106286,0.1316815408769602,0.011761733632538598,0.036197718758421704,0.0014295182803879469
551,18,27.55,11,0.402023077469973,-3.957490162433909,8040461.54939946,20000000.0,5.000000000000001,5.000000000000001,1608092.3098798916,62.06310975084571,1608092.3098798916,62.06310975084571,52.17589923056482,52.17729325482149,,,,,,0.83581709661144,-0.7788874962207892,16716341.9322288,20000000.0,5.000000000000001,5.000000000000001,3343268.3864457593,65.24171241705884,3343268.3864457593,65.24171241705884,24.264115789989212,24.265313540507385,1.0030217693833772,1.733493387458885,0.0543204271327814,0.05440996951290326,0.0034198404082776543,0.9962183616751548,-0.016454578849961734,19924367.233503096,20000000.0,5.000000000000001,5.000000000000001,3984873.4467006186,66.00414533442967,3984873.4467006186,66.00414533442967,3.5271453908651615,3.5279469984933436,0.07712885817321008,0.13175697798983807,0.011750678485158662,0.036177225023783434,0.0014261192527573506
552,18,27.6,12,0.4025541978591574,-3.951756401493184,8051083.957183148,20000000.0,5.000000000000001,5.000000000000001,1610216.7914366294,62.06884351178644,1610216.7914366294,62.06884351178644,52.14945293395046,52.148254725406204,,,,,,0.8368324728170179,-0.7736147559485282,16736649.456340358,20000000.0,5.000000000000001,5.000000000000001,3347329.891268071,65.2469851573311,3347329.891268071,65.2469851573311,24.178153559756357,24.178190749272552,0.9986659739109509,1.7219555892960188,0.05424036444852979,0.05436164187278274,0.003409655407036731,0.9962137239940081,-0.016474796546166445,19924274.47988016,20000000.0,5.000000000000001,5.000000000000001,3984854.8959760317,66.00412511673346,3984854.8959760317,66.00412511673346,3.5293387238242504,3.5301532010893077,0.07721412357912648,0.13186078824349032,0.011739341985152035,0.03615697529238922,0.0014227442546700764
553,18,27.650000000000002,13,0.40519828472283864,-3.9233240175445916,8103965.694456773,20000000.0,5.000000000000001,5.000000000000001,1620793.1388913542,62.09727589573503,1620793.1388913542,62.09727589573503,51.97673111293311,51.97676665427848,,,,,,0.835267850270769,-0.7817423440727012,16705357.00541538,20000000.0,5.000000000000001,5.000000000000001,3341071.4010830754,65.23885756920693,3341071.4010830754,65.23885756920693,24.308702164941966,24.308864322480467,1.005754200875187,1.7367886711143647,0.05422301996100902,0.054309763027297966,0.0034012234880525945,0.9962213798420342,-0.01644142138081591,19924427.596840683,20000000.0,5.000000000000001,5.000000000000001,3984885.519368136,66.0041584918988,3984885.519368136,66.0041584918988,3.5257248283354747,3.5265942477712526,0.07733138615042176,0.1318339941125118,0.01172810663136169,0.03613605734315074,0.0014193248257854875
554,18,27.700000000000003,14,0.40740169004374643,-3.8997717372772787,8148033.800874929,20000000.0,5.000000000000001,5.000000000000001,1629606.7601749855,62.12082817600234,1629606.7601749855,62.12082817600234,51.84007826873942,51.843967872725806,,,,,,0.836371420306661,-0.7760081590120316,16727428.40613322,20000000.0,5.000000000000001,5.000000000000001,3345485.6812266433,65.24459175426759,3345485.6812266433,65.24459175426759,24.221399268320422,24.22023623401942,1.0014352159933937,1.7246675352052985,0.05417140361987388,0.05425203344429232,0.0033914108015515284,0.996219306896195,-0.016450458226381685,19924386.1379239,20000000.0,5.000000000000001,5.000000000000001,3984877.2275847793,66.00414945505324,3984877.2275847793,66.00414945505324,3.5267255097896895,3.527412261357668,0.07719372539767778,0.1315998456534654,0.011717169757928757,0.036115430399965606,0.0014159456340642647
555,18,27.75,15,0.4083627317861146,-3.8895389958752125,8167254.635722292,20000000.0,5.000000000000001,5.000000000000001,1633450.927144458,62.13106091740441,1633450.927144458,62.13106091740441,51.79107430900407,51.788779661518596,,,,,,0.8342536355709851,-0.7870189206906171,16685072.711419702,20000000.0,5.000000000000001,5.000000000000001,3337014.5422839397,65.23358099258901,3337014.5422839397,65.23358099258901,24.39309401109741,24.39071965101065,1.009617227571023,1.7352083356901953,0.05422168139948149,0.05422162904716353,0.003386487219894816,0.9962152453585187,-0.016468164237340613,19924304.907170374,20000000.0,5.000000000000001,5.000000000000001,3984860.981434074,66.00413174904229,3984860.981434074,66.00413174904229,3.528652926837851,3.529253182034487,0.07720388869541792,0.13166083594377928,0.011709534137246604,0.0360950349129817,0.0014126310513945565
556,18,27.8,16,0.4088225133961674,-3.8846519610596837,8176450.267923348,20000000.0,5.000000000000001,5.000000000000001,1635290.0535846693,62.13594795221994,1635290.0535846693,62.13594795221994,51.767936335038215,51.765404455338754,,,,,,0.835562586813486,-0.7802101424488388,16711251.736269722,20000000.0,5.000000000000001,5.000000000000001,3342250.347253944,65.24038977083079,3342250.347253944,65.24038977083079,24.284460512789966,24.28463690750292,1.0035752914517895,1.735027676337038,0.05416664021264426,0.05417074388421822,0.0033770350431113804,0.9962198345310253,-0.016448158041743845,19924396.690620504,20000000.0,5.000000000000001,5.000000000000001,3984879.3381241,66.00415175523788,3984879.3381241,66.00415175523788,3.526511989271049,3.5273408413077085,0.07719010239475531,0.13177559739538638,0.011702122091634851,0.036074681519754584,0.0014093189273780686
557,18,27.85,17,0.4088211999016662,-3.8846659144089135,8176423.998033324,20000000.0,5.000000000000001,5.000000000000001,1635284.7996066646,62.13593399887071,1635284.7996066646,62.13593399887071,51.77009076266076,51.76597209062269,,,,,,0.8385364049661979,-0.7647807780121854,16770728.099323958,20000000.0,5.000000000000001,5.000000000000001,3354145.619864791,65.25581913526744,3354145.619864791,65.25581913526744,24.041529778708664,24.04146651802421,0.9941392459503848,1.7217291604122802,0.05410836587101292,0.05411217845749383,0.0033670574141858563,0.9962208570168903,-0.016443700594444007,19924417.140337806,20000000.0,5.000000000000001,5.000000000000001,3984883.4280675603,66.00415621268517,3984883.4280675603,66.00415621268517,3.5259910567978934,3.5266738490135525,0.07730813081045448,0.13173637898362384,0.011694238539217996,0.03605414048267668,0.0014060144856990542
558,18,27.900000000000002,18,0.4082626742551823,-3.8906032398591184,8165253.485103646,20000000.0,5.000000000000001,5.000000000000001,1633050.697020729,62.12999667342051,1633050.697020729,62.12999667342051,51.80140169093987,51.795344517563635,,,,,,0.8379847805795165,-0.767638689238475,16759695.611590331,20000000.0,5.000000000000001,5.000000000000001,3351939.1223180657,65.25296122404116,3351939.1223180657,65.25296122404116,24.08755362727512,24.085325898408453,0.9959530817377867,1.7237386454138193,0.05405575517357077,0.05405419466444509,0.0033572912471158517,0.9962206711426403,-0.016444510898384758,19924413.422852807,20000000.0,5.000000000000001,5.000000000000001,3984882.6845705607,66.00415540238123,3984882.6845705607,66.00415540238123,3.526017630630645,3.5268542366877753,0.07707511074603081,0.13153824577819534,0.011687082919233356,0.03603362928312444,0.0014027580954134528
559,18,27.950000000000003,19,0.4075098884019681,-3.8986184845454326,8150197.7680393625,20000000.0,5.000000000000001,5.000000000000001,1630039.5536078722,62.12198142873419,1630039.5536078722,62.12198142873419,51.840026535458684,51.83448508847171,,,,,,0.8374134833826099,-0.7706005071548074,16748269.667652199,20000000.0,5.000000000000001,5.000000000000001,3349653.933530439,65.24999940612481,3349653.933530439,65.24999940612481,24.13681070671654,24.13558951892022,0.9980942085892626,1.7319675228946498,0.05403046318306133,0.054013061716126985,0.0033494313271111497,0.9962136865380805,-0.016474959833446847,19924273.73076161,20000000.0,5.000000000000001,5.000000000000001,3984854.7461523213,66.00412495344617,3984854.7461523213,66.00412495344617,3.5293404611282875,3.5302367853021033,0.07730635044731961,0.13189082417042505,0.011680324571781862,0.0360131601134112,0.001399517001486367
560,18,28.0,20,0.40606668615604996,-3.914026387100683,8121333.7231209995,20000000.0,5.000000000000001,5.000000000000001,1624266.7446241996,62.10657352617894,1624266.7446241996,62.10657352617894,51.92509716985008,51.920695012030265,,,,,,0.8363174528023148,-0.776288399883177,16726349.056046298,20000000.0,5.000000000000001,5.000000000000001,3345269.811209259,65.24431151339644,3345269.811209259,65.24431151339644,24.22446159572198,24.221600690474745,1.0008127345598647,1.7339490229682497,0.05396755528956819,0.053959607496795126,0.0033397251467794735,0.9962163390971516,-0.016463396147368418,19924326.78194303,20000000.0,5.000000000000001,5.000000000000001,3984865.356388605,66.00413651713225,3984865.356388605,66.00413651713225,3.5281012038291175,3.52907070784945,0.0772132250229118,0.13196920319124403,0.011673253665417908,0.0359925920965606,0.0013962748682881728
561,18,28.05,21,0.40441235711709717,-3.9317558269088804,8088247.142341943,20000000.0,5.000000000000001,5.000000000000001,1617649.4284683885,62.08884408637075,1617649.4284683885,62.08884408637075,52.029618403692815,52.026455710649444,,,,,,0.8370275175382567,-0.7726026420676803,16740550.350765133,20000000.0,5.000000000000001,5.000000000000001,3348110.070153026,65.24799727121194,3348110.070153026,65.24799727121194,24.164059575836873,24.163049305616386,0.9991736962216121,1.736964356009619,0.053920484133996284,0.05391397480753908,0.003331001781194358,0.9962194771405671,-0.01644971605862231,19924389.54281134,20000000.0,5.000000000000001,5.000000000000001,3984877.9085622677,66.00415019722101,3984877.9085622677,66.00415019722101,3.5266421213752914,3.527485924575616,0.07702119582143459,0.1316003001082377,0.011665948441096693,0.0359722355484301,0.0013930487452925998
562,18,28.1,22,0.40302505423569507,-3.9466795490580098,8060501.084713901,20000000.0,5.000000000000001,5.000000000000001,1612100.21694278,62.07392036422162,1612100.21694278,62.07392036422162,52.11942691739445,52.1188874562428,,,,,,0.8374185057636588,-0.7705744604541269,16748370.115273178,20000000.0,5.000000000000001,5.000000000000001,3349674.023054635,65.2500254528255,3349674.023054635,65.2500254528255,24.136006661483794,24.134942039964834,0.9976074243627628,1.7329456784140174,0.05390938391370219,0.05388109865652867,0.0033242128532850065,0.9962202675343013,-0.016446270397209656,19924405.350686025,20000000.0,5.000000000000001,5.000000000000001,3984881.070137204,66.00415364288241,3984881.070137204,66.00415364288241,3.526215777939934,3.527341280932484,0.07709148867343728,0.13178445745629333,0.011658879084239088,0.03595161786415869,0.0013898523947971809
563,18,28.150000000000002,23,0.4027188974034228,-3.9499799084086735,8054377.948068457,20000000.0,5.000000000000001,5.000000000000001,1610875.589613691,62.07062000487095,1610875.589613691,62.07062000487095,52.13828488702411,52.13519559261293,,,,,,0.8368388410965657,-0.7735817063450147,16736776.821931314,20000000.0,5.000000000000001,5.000000000000001,3347355.3643862624,65.24701820693461,3347355.3643862624,65.24701820693461,24.1823906365941,24.18409690441987,1.0004575240990197,1.7330159038693136,0.05386469349429042,0.05382603123071348,0.0033150386570594006,0.996214273621235,-0.01647240047391635,19924285.4724247,20000000.0,5.000000000000001,5.000000000000001,3984857.0944849392,66.00412751280571,3984857.0944849392,66.00412751280571,3.529023801652457,3.529892349742565,0.07727371633676117,0.13179721490380641,0.011653599264089704,0.035931329461472566,0.00138668344653007
564,18,28.200000000000003,24,0.40366380898550025,-3.93980186092435,8073276.179710005,20000000.0,5.000000000000001,5.000000000000001,1614655.2359420008,62.08079805235528,1614655.2359420008,62.08079805235528,52.07013566965982,52.065003616388275,,,,,,0.836874921707624,-0.7733944627357789,16737498.43415248,20000000.0,5.000000000000001,5.000000000000001,3347499.6868304955,65.24720545054385,3347499.6868304955,65.24720545054385,24.176253657079638,24.176429953196838,0.999381958723607,1.726319542227483,0.053803135367046805,0.05377128900874353,0.003305412408622507,0.9962138068000254,-0.016474435557414673,19924276.136000507,20000000.0,5.000000000000001,5.000000000000001,3984855.2272001007,66.00412547772221,3984855.2272001007,66.00412547772221,3.529273597172987,3.5302776126039945,0.07699356232712555,0.13148264662078735,0.01164827379911177,0.035910964347310795,0.0013835112765677206
565,18,28.25,25,0.4042957653537409,-3.9330080749920846,8085915.307074818,20000000.0,5.000000000000001,5.000000000000001,1617183.0614149633,62.08759183828754,1617183.0614149633,62.08759183828754,52.030682307186886,52.02616831626083,,,,,,0.8353609971701699,-0.7812580571585841,16707219.943403397,20000000.0,5.000000000000001,5.000000000000001,3341443.988680679,65.23934185612104,3341443.988680679,65.23934185612104,24.30535456288633,24.305404308664556,1.006365110565044,1.7356799877597022,0.05371365822515978,0.05372473848364778,0.0032954344582107873,0.9962061893049613,-0.01650764377735555,19924123.786099225,20000000.0,5.000000000000001,5.000000000000001,3984824.7572198445,66.00409226950227,3984824.7572198445,66.00409226950227,3.5328443884322525,3.533708278701549,0.07716441658653252,0.1315567841872025,0.011641907390296352,0.03589045604515491,0.0013803387561468075
566,18,28.3,26,0.4043668285336712,-3.9322447814448642,8087336.570673424,20000000.0,5.000000000000001,5.000000000000001,1617467.3141346844,62.08835513183476,1617467.3141346844,62.08835513183476,52.03465257486765,52.028956833156215,,,,,,0.8372454319279876,-0.7714721332393313,16744908.638559753,20000000.0,5.000000000000001,5.000000000000001,3348981.72771195,65.24912778004028,3348981.72771195,65.24912778004028,24.148248685425397,24.147890960897165,0.9993072639475592,1.7318792338557543,0.05368226681981606,0.053663683652021156,0.00328632159613586,0.9962165135768395,-0.016462635513798597,19924330.27153679,20000000.0,5.000000000000001,5.000000000000001,3984866.0543073574,66.00413727776582,3984866.0543073574,66.00413727776582,3.528002583403903,3.528747885689563,0.07712043571875489,0.13163348576544434,0.01163550558821189,0.03586986284064449,0.0013771546519142175
567,18,28.35,27,0.4043950120566749,-3.9319420978138675,8087900.241133498,20000000.0,5.000000000000001,5.000000000000001,1617580.0482266992,62.08865781546575,1617580.0482266992,62.08865781546575,52.03633947153507,52.0352334967548,,,,,,0.837042500931121,-0.7725249009365502,16740850.018622419,20000000.0,5.000000000000001,5.000000000000001,3348170.0037244833,65.24807501234308,3348170.0037244833,65.24807501234308,24.161598237353687,24.162249192584294,0.9998303304323786,1.7299725796232646,0.0536361807283504,0.05363359765024054,0.0032787318910674464,0.9962097199099973,-0.01649225218890434,19924194.398199946,20000000.0,5.000000000000001,5.000000000000001,3984838.8796399883,66.00410766109073,3984838.8796399883,66.00410766109073,3.5311572176399197,3.532153240214665,0.07737077495829622,0.1317254320021049,0.011629043983918197,0.03584942158202825,0.0013740129650469319
568,18,28.400000000000002,28,0.4044577512533288,-3.9312683710691143,8089155.025066575,20000000.0,5.000000000000001,5.000000000000001,1617831.0050133148,62.08933154221051,1617831.0050133148,62.08933154221051,52.03539747838126,52.0331653261746,,,,,,0.8364327010407266,-0.7756899641400326,16728654.020814532,20000000.0,5.000000000000001,5.000000000000001,3345730.804162906,65.2449099491396,3345730.804162906,65.2449099491396,24.21111094073325,24.208505837406783,1.001819836923768,1.7333491733484503,0.053621924640354514,0.05360038170521064,0.003271945865805213,0.9962087660889674,-0.016496410343558452,19924175.321779348,20000000.0,5.000000000000001,5.000000000000001,3984835.064355869,66.00410350293606,3984835.064355869,66.00410350293606,3.5316952751449775,3.532426300425761,0.077242606582133,0.1314275489945903,0.011624742609638838,0.03582884475827675,0.0013708914751639268
569,18,28.450000000000003,29,0.4046854218794197,-3.9288244006447144,8093708.437588394,20000000.0,5.000000000000001,5.000000000000001,1618741.6875176784,62.09177551263491,1618741.6875176784,62.09177551263491,52.016655367273586,52.01135644216238,,,,,,0.8359480405628061,-0.7782071586019613,16718960.811256122,20000000.0,5.000000000000001,5.000000000000001,3343792.162251224,65.24239275467767,3343792.162251224,65.24239275467767,24.25148955709846,24.252852581238113,1.002349571411846,1.7336932064156099,0.053564551031893934,0.05356508560781044,0.003263747107424406,0.996214099088825,-0.016473161339036015,19924281.9817765,20000000.0,5.000000000000001,5.000000000000001,3984856.396355299,66.00412675194059,3984856.396355299,66.00412675194059,3.529093949835867,3.529893079695654,0.07699559310574772,0.1316397033041829,0.011620044385896991,0.0358090267449414,0.001367801345809706
570,19,28.5,0,0.4048518676991343,-3.927038528567243,8097037.353982685,20000000.0,5.000000000000001,5.000000000000001,1619407.4707965367,62.09356138471237,1619407.4707965367,62.09356138471237,52.000638548021826,52.00093934061432,,,,,,0.8370088898734938,-0.7726992933947575,16740177.797469875,20000000.0,5.000000000000001,5.000000000000001,3348035.5594939743,65.24790061988486,3348035.5594939743,65.24790061988486,24.169172722194002,24.167843347755028,0.9986474238735923,1.7338461984443492,0.05350468490242198,0.053512774046358756,0.0032544776012220916,0.9962221090302605,-0.016438242546136343,19924442.18060521,20000000.0,5.000000000000001,5.000000000000001,3984888.4361210414,66.0041616707335,3984888.4361210414,66.0041616707335,3.5253654419458265,3.5261773231026594,0.07692469347439537,0.1314107271591422,0.011614505892218099,0.0357889423838572,0.001364706089682736
571,19,28.55,1,0.40421121912702435,-3.9339163654723746,8084224.382540487,20000000.0,5.000000000000001,5.000000000000001,1616844.8765080972,62.086683547807255,1616844.8765080972,62.086683547807255,52.04198188239464,52.03703777321264,,,,,,0.836238448980087,-0.7766986812260219,16724768.97960174,20000000.0,5.000000000000001,5.000000000000001,3344953.795920348,65.2439012320536,3344953.795920348,65.2439012320536,24.228840551173786,24.23123488149622,1.0015817265993796,1.728597496729849,0.053430344837999424,0.053441257584163605,0.0032435931560349843,0.9962123831492733,-0.01648064189689061,19924247.662985466,20000000.0,5.000000000000001,5.000000000000001,3984849.5325970924,66.00411927138273,3984849.5325970924,66.00411927138273,3.5299599057761655,3.5308605741287105,0.07705932584907162,0.13143525116993285,0.011609003142928972,0.03576873236605293,0.001361592431724491
572,19,28.6,2,0.4035645150422737,-3.9408702776427336,8071290.300845474,20000000.0,5.000000000000001,5.000000000000001,1614258.0601690945,62.079729635636895,1614258.0601690945,62.079729635636895,52.08607405795232,52.08329273815241,,,,,,0.8377970654894493,-0.7686116515404402,16755941.309788987,20000000.0,5.000000000000001,5.000000000000001,3351188.2619577968,65.25198826173919,3351188.2619577968,65.25198826173919,24.10937282115782,24.106118240988962,0.9970906059801159,1.7326007297071548,0.05336367199032845,0.053375049682631834,0.0032333236690823405,0.9962086963673955,-0.016496714292851152,19924173.92734791,20000000.0,5.000000000000001,5.000000000000001,3984834.7854695814,66.00410319898677,3984834.7854695814,66.00410319898677,3.5316779297704173,3.532647548398163,0.07736996529907526,0.13156496478985671,0.01160421243936886,0.03574801502382738,0.0013584838850677363
573,19,28.650000000000002,3,0.40340705337083077,-3.942565126347783,8068141.067416616,20000000.0,5.000000000000001,5.000000000000001,1613628.2134833229,62.07803478693184,1613628.2134833229,62.07803478693184,52.098435834260634,52.09887958509721,,,,,,0.8353417083963223,-0.7813583384117017,16706834.167926446,20000000.0,5.000000000000001,5.000000000000001,3341366.8335852884,65.23924157486792,3341366.8335852884,65.23924157486792,24.305923067755764,24.31229582304129,1.0046989243501534,1.7360992821953722,0.05329163462600693,0.053324161274304414,0.0032238327754763783,0.9962151806245646,-0.01646844644141343,19924303.61249129,20000000.0,5.000000000000001,5.000000000000001,3984860.7224982576,66.00413146683822,3984860.7224982576,66.00413146683822,3.5286718607666847,3.5295499708067175,0.07697858783451036,0.13147818798362237,0.011598186325160619,0.03572779671149189,0.0013553873816326556
574,19,28.700000000000003,4,0.4040509392525998,-3.9356387934052792,8081018.785051996,20000000.0,5.000000000000001,5.000000000000001,1616203.757010399,62.08496111987435,1616203.757010399,62.08496111987435,52.05453046688424,52.05586174758131,,,,,,0.836789351597256,-0.7738385497294946,16735787.031945119,20000000.0,5.000000000000001,5.000000000000001,3347157.406389023,65.24676136355014,3347157.406389023,65.24676136355014,24.18875426576482,24.191557745289256,0.999485234092089,1.7307979671645295,0.053239128048157905,0.05327103831245731,0.0032148446689805724,0.9962242011676665,-0.01642912206217497,19924484.02335333,20000000.0,5.000000000000001,5.000000000000001,3984896.8046706654,66.00417079121745,3984896.8046706654,66.00417079121745,3.524433855388171,3.5253302800918904,0.07681636848850644,0.13145967279690934,0.01159199757661627,0.035707462382820174,0.001352291374564562
575,19,28.75,5,0.40539585968990827,-3.9212069107223617,8107917.193798165,20000000.0,5.000000000000001,5.000000000000001,1621583.4387596326,62.099393002557264,1621583.4387596326,62.099393002557264,51.95687910748202,51.963402928042456,,,,,,0.8375342557006206,-0.7699742099856993,16750685.11401241,20000000.0,5.000000000000001,5.000000000000001,3350137.0228024814,65.25062570329393,3350137.0228024814,65.25062570329393,24.12977749993224,24.1284952834636,0.9992606560943686,1.726594131063576,0.05318565427899179,0.05321803572533006,0.003205837494704577,0.9962151339225706,-0.016468650036170665,19924302.67845141,20000000.0,5.000000000000001,5.000000000000001,3984860.5356902815,66.00413126324345,3984860.5356902815,66.00413126324345,3.528749289683696,3.529810207818655,0.07706888809104381,0.13141333068365307,0.01158631068877165,0.03568725708051912,0.0013491963867740514
576,19,28.8,6,0.40548709416102796,-3.920229639530615,8109741.883220559,20000000.0,5.000000000000001,5.000000000000001,1621948.3766441115,62.10037027374901,1621948.3766441115,62.10037027374901,51.94850332854204,51.94629426144303,,,,,,0.8371510486182241,-0.7719617442858631,16743020.972364482,20000000.0,5.000000000000001,5.000000000000001,3348604.194472896,65.24863816899376,3348604.194472896,65.24863816899376,24.156230015780356,24.156224223301912,0.9988242419097192,1.7329365784905773,0.0530946091526036,0.0531655707697972,0.0031957784992000123,0.9962204079184236,-0.016445658403583703,19924408.158368472,20000000.0,5.000000000000001,5.000000000000001,3984881.6316736937,66.00415425487604,3984881.6316736937,66.00415425487604,3.5262062515916526,3.527131044832207,0.0769278880230357,0.13135648918175177,0.011581647063856096,0.03566688480838643,0.0013461222989732747
577,19,28.85,7,0.40423438974161324,-3.933667421821729,8084687.794832265,20000000.0,5.000000000000001,5.000000000000001,1616937.5589664527,62.086932491457894,1616937.5589664527,62.086932491457894,52.03690371643866,52.03195483208524,,,,,,0.837227598629771,-0.7715646387962265,16744551.97259542,20000000.0,5.000000000000001,5.000000000000001,3348910.394519083,65.24903527448339,3348910.394519083,65.24903527448339,24.150694447540154,24.15196041680179,1.0002277302484215,1.7301592021354817,0.0530468031016228,0.05310347115281468,0.003186451621771647,0.9962132741884973,-0.016476757451649705,19924265.483769946,20000000.0,5.000000000000001,5.000000000000001,3984853.0967539884,66.00412315582798,3984853.0967539884,66.00412315582798,3.5294991678173098,3.530551111195284,0.07686481875692311,0.13128026954661154,0.011577046691794757,0.03564657084081986,0.001343055918034387
578,19,28.900000000000002,8,0.4032392320599777,-3.944372210112184,8064784.641199553,20000000.0,5.000000000000001,5.000000000000001,1612956.9282399104,62.07622770316743,1612956.9282399104,62.07622770316743,52.09865981196447,52.09232628216695,,,,,,0.8359679306440341,-0.7781038262255613,16719358.61288068,20000000.0,5.000000000000001,5.000000000000001,3343871.722576136,65.24249608705406,3343871.722576136,65.24249608705406,24.25568312578364,24.25751877907512,1.0032764961642475,1.7331560036369864,0.05298948154978826,0.05304674937379102,0.003177207100856277,0.9962166530296698,-0.01646202757777652,19924333.060593396,20000000.0,5.000000000000001,5.000000000000001,3984866.6121186786,66.00413788570185,3984866.6121186786,66.00413788570185,3.5278841235223184,3.5289450405906613,0.0769822636733957,0.13114909249908158,0.011572477124192914,0.035626298885925695,0.0013399999646652922
579,19,28.950000000000003,9,0.40280889498879596,-3.9490094774628033,8056177.8997759195,20000000.0,5.000000000000001,5.000000000000001,1611235.5799551837,62.07159043581682,1611235.5799551837,62.07159043581682,52.120124202185636,52.12166868335405,,,,,,0.8356824162750499,-0.7795873579508193,16713648.325500999,20000000.0,5.000000000000001,5.000000000000001,3342729.665100199,65.24101255532881,3342729.665100199,65.24101255532881,24.277133089978623,24.275807384365194,1.0041800523426758,1.7298708045299325,0.05297549922692705,0.05300754538246831,0.003170321643037237,0.9962271863744773,-0.01641610835601025,19924543.727489546,20000000.0,5.000000000000001,5.000000000000001,3984908.7454979084,66.00418380492361,3984908.7454979084,66.00418380492361,3.523087577041436,3.5242182295500726,0.0769661189110396,0.13127568163093833,0.01156947628745603,0.035606214177227494,0.0013369868700767193
580,19,29.0,10,0.4020134143842317,-3.957594551348052,8040268.287684634,20000000.0,5.000000000000001,5.000000000000001,1608053.6575369267,62.06300536193157,1608053.6575369267,62.06300536193157,52.16713266785541,52.16772623663445,,,,,,0.8368242433508396,-0.773657464966641,16736484.867016792,20000000.0,5.000000000000001,5.000000000000001,3347296.973403358,65.24694244831298,3347296.973403358,65.24694244831298,24.18555910504445,24.188969189218138,1.0010376651145285,1.7283994207649982,0.052958577658499414,0.05295254570587874,0.0031624194487428377,0.9962200402084367,-0.01644726140675906,19924400.804168735,20000000.0,5.000000000000001,5.000000000000001,3984880.160833746,66.00415265187286,3984880.160833746,66.00415265187286,3.52641761847228,3.527421012333008,0.07709817164733321,0.1312031546600968,0.01156545207839367,0.0355856664940606,0.0013339327710746437
581,19,29.05,11,0.4014703591627647,-3.963465134668555,8029407.183255294,20000000.0,5.000000000000001,5.000000000000001,1605881.4366510585,62.057134778611065,1605881.4366510585,62.057134778611065,52.20287242770843,52.20285204669445,,,,,,0.8364198525441694,-0.7757566769073199,16728397.050883388,20000000.0,5.000000000000001,5.000000000000001,3345679.410176677,65.2448432363723,3345679.410176677,65.2448432363723,24.220114894734735,24.220670313389498,1.0011972510516096,1.7338631900903732,0.05297182709187507,0.05291629978625787,0.003156576515356606,0.9962147074958058,-0.01647050902048252,19924294.149916116,20000000.0,5.000000000000001,5.000000000000001,3984858.8299832223,66.00412940425915,3984858.8299832223,66.00412940425915,3.5288565358066797,3.530087750723257,0.07706390212629843,0.13120270402942438,0.011561642225863865,0.0355653542003622,0.0013308905376456569
582,19,29.1,12,0.40181783386569797,-3.959707918844726,8036356.677313959,20000000.0,5.000000000000001,5.000000000000001,1607271.3354627916,62.0608919944349,1607271.3354627916,62.0608919944349,52.18070112848119,52.17811902035612,,,,,,0.8359039418915046,-0.7784362675160392,16718078.837830093,20000000.0,5.000000000000001,5.000000000000001,3343615.767566018,65.24216364576358,3343615.767566018,65.24216364576358,24.259067391352623,24.258642635056,1.002830341097731,1.7343267195128504,0.05294514939579091,0.052883821999043734,0.0031497712337982065,0.9962199543950089,-0.016447635503828696,19924399.087900177,20000000.0,5.000000000000001,5.000000000000001,3984879.8175800345,66.0041522777758,3984879.8175800345,66.0041522777758,3.5264995244004824,3.527740771080528,0.07695517543743839,0.131013399640651,0.011557538765197339,0.03554511718759764,0.0013278805156190091
583,19,29.150000000000002,13,0.40253110003332726,-3.952005598897012,8050622.000666546,20000000.0,5.000000000000001,5.000000000000001,1610124.400133309,62.06859431438261,1610124.400133309,62.06859431438261,52.13961570930578,52.13295015371115,,,,,,0.837945089344092,-0.7678443981387982,16758901.786881838,20000000.0,5.000000000000001,5.000000000000001,3351780.357376367,65.25275551514082,3351780.357376367,65.25275551514082,24.091869013646196,24.090740409670467,0.9952353969330406,1.7285129520490656,0.05285243304400028,0.05283476960852137,0.0031400668960687474,0.9962139488544328,-0.016473816278295375,19924278.977088656,20000000.0,5.000000000000001,5.000000000000001,3984855.7954177307,66.00412609700132,3984855.7954177307,66.00412609700132,3.529293779857999,3.530661903948128,0.07690803862834933,0.13122172834460533,0.011553683311554095,0.03552489555410455,0.001324874419420826
584,19,29.200000000000003,14,0.40411914766479756,-3.934905716604078,8082382.953295952,20000000.0,5.000000000000001,5.000000000000001,1616476.59065919,62.08569419667555,1616476.59065919,62.08569419667555,52.04649887933681,52.04496979751608,,,,,,0.8369711433813566,-0.772895151086289,16739422.867627133,20000000.0,5.000000000000001,5.000000000000001,3347884.573525426,65.24770476219334,3347884.573525426,65.24770476219334,24.174091826899005,24.174187050315968,0.9996755596854706,1.7351856136162034,0.052809757816107215,0.052771745662344736,0.003131072138490906,0.9962174444986385,-0.016458577219181182,19924348.88997277,20000000.0,5.000000000000001,5.000000000000001,3984869.777994553,66.00414133606044,3984869.777994553,66.00414133606044,3.5276129767799396,3.528777200720529,0.07667296399405313,0.13083498793645712,0.011548132738596232,0.03550424255500617,0.0013218161900531897
585,19,29.25,15,0.4058605826139039,-3.9162312553547807,8117211.652278078,20000000.0,5.000000000000001,5.000000000000001,1623442.3304556152,62.104368657924844,1623442.3304556152,62.104368657924844,51.944179660477786,51.9486224227703,,,,,,0.8369303205848627,-0.7731069809417292,16738606.411697254,20000000.0,5.000000000000001,5.000000000000001,3347721.28233945,65.24749293233789,3347721.28233945,65.24749293233789,24.171048210496348,24.16779797840778,1.0000106651553444,1.7329167564539834,0.052759019811499774,0.05271532026306005,0.0031222251048325174,0.9962095641192298,-0.01649293135388937,19924191.282384597,20000000.0,5.000000000000001,5.000000000000001,3984838.2564769187,66.00410698192573,3984838.2564769187,66.00410698192573,3.53134364924801,3.532619279806081,0.07682218205149424,0.13094501440940629,0.011542499497616428,0.03548337357652534,0.0013187450014506756
586,19,29.3,16,0.40701888158005317,-3.9038544341403996,8140377.631601064,20000000.0,5.000000000000001,5.000000000000001,1628075.5263202125,62.116745479139226,1628075.5263202125,62.116745479139226,51.88388828861972,51.88556911852402,,,,,,0.8360552159928876,-0.7776503929645594,16721104.319857752,20000000.0,5.000000000000001,5.000000000000001,3344220.86397155,65.24294952031507,3344220.86397155,65.24294952031507,24.243553052400205,24.244017072133907,1.0022728703002424,1.7311451430395368,0.05270516494991799,0.052641104411547644,0.003112239714693529,0.9962251672429878,-0.0164249105505773,19924503.344859757,20000000.0,5.000000000000001,5.000000000000001,3984900.6689719507,66.00417500272904,3984900.6689719507,66.00417500272904,3.523973755536668,3.525025136182871,0.07701614242612473,0.1309426896603798,0.011537717169561255,0.035462606088202356,0.0013156792213076945
587,19,29.35,17,0.4082540407150009,-3.8906950811843846,8165080.814300017,20000000.0,5.000000000000001,5.000000000000001,1633016.1628600033,62.129904832095235,1633016.1628600033,62.129904832095235,51.80724171711986,51.81607699605077,,,,,,0.8360120158396219,-0.7778748048521634,16720240.316792438,20000000.0,5.000000000000001,5.000000000000001,3344048.063358487,65.24272510842746,3344048.063358487,65.24272510842746,24.256440429872047,24.25444978887753,1.0035181305880085,1.7339426970125609,0.05262730967850913,0.05258790349758198,0.0031028070108150446,0.9962122633525186,-0.016481164145695594,19924245.26705037,20000000.0,5.000000000000001,5.000000000000001,3984849.0534100733,66.00411874913392,3984849.0534100733,66.00411874913392,3.5300440916145197,3.5313359889664704,0.07680277711948338,0.13099060615775326,0.011531782557418034,0.03544217901627655,0.001312644246425054
588,19,29.400000000000002,18,0.40848285290500697,-3.888261693519694,8169657.058100139,20000000.0,5.000000000000001,5.000000000000001,1633931.4116200274,62.13233821975993,1633931.4116200274,62.13233821975993,51.79064259571669,51.79246972715877,,,,,,0.8353112866358446,-0.7815165041438552,16706225.732716892,20000000.0,5.000000000000001,5.000000000000001,3341245.146543378,65.23908340913577,3341245.146543378,65.23908340913577,24.313030314298537,24.3123339091,1.005981488864725,1.7374229423395158,0.05255476512237356,0.05254012186642478,0.0030938948277774163,0.9962197205702983,-0.016448654844919114,19924394.411405966,20000000.0,5.000000000000001,5.000000000000001,3984878.8822811926,66.0041512584347,3984878.8822811926,66.0041512584347,3.5265757245849167,3.5277394274247387,0.07667259333505691,0.13072627941470583,0.011524122666968608,0.03542131643750366,0.0013095836946892144
589,19,29.450000000000003,19,0.4074900566315107,-3.898829842313742,8149801.132630214,20000000.0,5.000000000000001,5.000000000000001,1629960.2265260424,62.12177007096588,1629960.2265260424,62.12177007096588,51.85586223302643,51.856065593576474,,,,,,0.8349519021210244,-0.7833854157636183,16699038.042420488,20000000.0,5.000000000000001,5.000000000000001,3339807.608484097,65.237214497516,3339807.608484097,65.237214497516,24.3298855484167,24.328034868391338,1.0057403666330433,1.7418458386486004,0.05248289002854092,0.052476191888920755,0.0030841071800113773,0.996209876093604,-0.016491571311455677,19924197.52187208,20000000.0,5.000000000000001,5.000000000000001,3984839.5043744156,66.00410834196816,3984839.5043744156,66.00410834196816,3.5310791822252012,3.532282369467006,0.07676311254501511,0.13075400388622532,0.011515917486858051,0.03540065858167972,0.0013065295960286226
590,19,29.5,20,0.4069132209218389,-3.9049819935752335,8138264.418436778,20000000.0,5.000000000000001,5.000000000000001,1627652.8836873553,62.11561791970439,1627652.8836873553,62.11561791970439,51.88160449870696,51.88216833882028,,,,,,0.8351522381667884,-0.7823435066093315,16703044.763335768,20000000.0,5.000000000000001,5.000000000000001,3340608.952667153,65.23825640667029,3340608.952667153,65.23825640667029,24.313456808067738,24.311610089807125,1.005488279463795,1.7406753250589095,0.05246626457403649,0.052425723007802114,0.0030767589446911076,0.9962172316997979,-0.016459504901913363,19924344.633995958,20000000.0,5.000000000000001,5.000000000000001,3984868.9267991907,66.00414040837771,3984868.9267991907,66.00414040837771,3.527668105386997,3.528717637929919,0.07679206856242142,0.13082609897601824,0.011507582823467146,0.03537975997333163,0.001303490540888034
591,19,29.55,21,0.4060918698861625,-3.913757051637952,8121837.39772325,20000000.0,5.000000000000001,5.000000000000001,1624367.4795446498,62.10684286164167,1624367.4795446498,62.10684286164167,51.92040263756743,51.9211605147854,,,,,,0.8375629341569938,-0.7698255034458158,16751258.683139876,20000000.0,5.000000000000001,5.000000000000001,3350251.7366279745,65.25077440983381,3350251.7366279745,65.25077440983381,24.128116312915562,24.128276236466025,0.9977971416572744,1.7295744426077708,0.052462449750409944,0.05239227330003217,0.0030708054658631066,0.9962214680060988,-0.016441037036875494,19924429.360121977,20000000.0,5.000000000000001,5.000000000000001,3984885.8720243946,66.00415887624274,3984885.8720243946,66.00415887624274,3.525712884750458,3.526852926397477,0.07687086312369337,0.13095133137967283,0.011500134142289906,0.03535922982188962,0.001300482302196373
592,19,29.6,22,0.4049589212276733,-3.9258902910377023,8099178.424553466,20000000.0,5.000000000000001,5.000000000000001,1619835.684910693,62.09470962224192,1619835.684910693,62.09470962224192,51.9867039327029,51.99187997857437,,,,,,0.8388075005345625,-0.7633769477058511,16776150.010691252,20000000.0,5.000000000000001,5.000000000000001,3355230.0021382496,65.25722296557377,3355230.0021382496,65.25722296557377,24.023435421995952,24.023353971646486,0.9935513002937737,1.7280910139742214,0.05243282220688249,0.05233509522383527,0.0030627137886147593,0.996216729539936,-0.016461694036020748,19924334.59079872,20000000.0,5.000000000000001,5.000000000000001,3984866.9181597433,66.0041382192436,3984866.9181597433,66.0041382192436,3.5279966633528694,3.5291941130203694,0.0768118709556628,0.13097395663620923,0.01149278826694993,0.035338582115918074,0.0012974688011447959
593,19,29.650000000000002,23,0.4034849022100204,-3.9417271127536773,8069698.044200408,20000000.0,5.000000000000001,5.000000000000001,1613939.6088400814,62.07887280052595,1613939.6088400814,62.07887280052595,52.08432588648158,52.08853529456989,,,,,,0.8365189686509076,-0.775242066597258,16730379.373018151,20000000.0,5.000000000000001,5.000000000000001,3346075.8746036296,65.24535784668237,3346075.8746036296,65.24535784668237,24.207795694816948,24.20657777127323,1.0012005098465528,1.7354305054795052,0.052374263444848246,0.052279109098198474,0.003053854107451676,0.9962104871359033,-0.016488907493079803,19924209.742718067,20000000.0,5.000000000000001,5.000000000000001,3984841.948543613,66.00411100578654,3984841.948543613,66.00411100578654,3.5308856479332946,3.5319036547398923,0.07694774527884575,0.1309984442241878,0.011484674653044506,0.03531767059051271,0.0012944482641139043
594,19,29.700000000000003,24,0.40288072712314754,-3.948235077525192,8057614.542462951,20000000.0,5.000000000000001,5.000000000000001,1611522.9084925898,62.07236483575443,1611522.9084925898,62.07236483575443,52.12480581318751,52.12450729517349,,,,,,0.8378549407392535,-0.768311650089718,16757098.814785069,20000000.0,5.000000000000001,5.000000000000001,3351419.762957013,65.25228826318991,3351419.762957013,65.25228826318991,24.10674372400317,24.106661413530496,0.9970549897887906,1.7339642258747052,0.05236774896033549,0.052228683686580776,0.0030468621616037994,0.9962094100299127,-0.016493603101558892,19924188.200598255,20000000.0,5.000000000000001,5.000000000000001,3984837.6401196504,66.00410631017806,3984837.6401196504,66.00410631017806,3.5314129090467015,3.532653027202907,0.0767409767706391,0.13073091544811155,0.01147729245158541,0.03529692344062552,0.001291452937720976
595,19,29.75,25,0.40369369884597905,-3.9394802933077533,8073873.976919581,20000000.0,5.000000000000001,5.000000000000001,1614774.795383916,62.08111961997187,1614774.795383916,62.08111961997187,52.072753674635955,52.06920507321231,,,,,,0.8368907625090827,-0.7733122580075126,16737815.250181654,20000000.0,5.000000000000001,5.000000000000001,3347563.0500363302,65.24728765527212,3347563.0500363302,65.24728765527212,24.174919408706103,24.175480813141327,1.00019954662783,1.7320732032998927,0.05231903659620416,0.05217546527321019,0.003038504353051957,0.9962253084944416,-0.016424294778916482,19924506.16988883,20000000.0,5.000000000000001,5.000000000000001,3984901.233977766,66.00417561850071,3984901.233977766,66.00417561850071,3.523913111126736,3.524913429074716,0.07647960943640023,0.13050320641686272,0.011469196570889819,0.03527639357218703,0.0012884523432026695
596,19,29.8,26,0.40478841020912276,-3.9277193059088806,8095768.204182455,20000000.0,5.000000000000001,5.000000000000001,1619153.6408364908,62.09288060737074,1619153.6408364908,62.09288060737074,52.007527818929624,51.999687218254635,,,,,,0.8355778703706647,-0.7801307049064327,16711557.407413293,20000000.0,5.000000000000001,5.000000000000001,3342311.481482658,65.24046920837318,3342311.481482658,65.24046920837318,24.28580693196287,24.284375256889582,1.0051688712011253,1.735013738688869,0.052265121277875005,0.05213074271426479,0.003030491126715693,0.9962277729815664,-0.016413551106516037,19924555.459631328,20000000.0,5.000000000000001,5.000000000000001,3984911.0919262646,66.0041863621731,3984911.0919262646,66.0041863621731,3.522777873673404,3.523945753855738,0.07667302253685424,0.1307345725056171,0.01146220836793606,0.03525577939389207,0.0012854750069305344
597,19,29.85,27,0.4057651545083189,-3.9172525117780173,8115303.090166378,20000000.0,5.000000000000001,5.000000000000001,1623060.6180332752,62.1033474015016,1623060.6180332752,62.1033474015016,51.95620861597564,51.954593608021824,,,,,,0.8346556247119489,-0.7849267557870285,16693112.494238978,20000000.0,5.000000000000001,5.000000000000001,3338622.498847795,65.2356731574926,3338622.498847795,65.2356731574926,24.36499624484887,24.36127332375414,1.007579662476382,1.7332231253748376,0.05222420718131969,0.05208847334924118,0.003023042729868093,0.9962361972117912,-0.016376826761627633,19924723.944235824,20000000.0,5.000000000000001,5.000000000000001,3984944.7888471643,66.004223086518,3984944.7888471643,66.004223086518,3.518847804751547,3.519917563054021,0.07648084520965363,0.13052038653562623,0.011454823802935688,0.0352347949904105,0.001282499148732718
598,19,29.900000000000002,28,0.4066334676947142,-3.90796879911015,8132669.353894284,20000000.0,5.000000000000001,5.000000000000001,1626533.8707788566,62.112631114169474,1626533.8707788566,62.112631114169474,51.90149652055222,51.896938355236514,,,,,,0.8364882413749456,-0.7754015959324065,16729764.827498913,20000000.0,5.000000000000001,5.000000000000001,3345952.965499782,65.24519831734722,3345952.965499782,65.24519831734722,24.210202864249343,24.20858357637775,1.0013709289433228,1.7358977363414367,0.052163140776274174,0.05203121361994707,0.0030141459298942373,0.9962212321022273,-0.016442065440348468,19924424.642044548,20000000.0,5.000000000000001,5.000000000000001,3984884.9284089087,66.00415784783928,3984884.9284089087,66.00415784783928,3.525863448600633,3.526956167282388,0.07648706986572487,0.13058892948805803,0.011446967697591019,0.03521447808461327,0.0012795473798880188
599,19,29.950000000000003,29,0.40712263818193406,-3.902747478683441,8142452.763638681,20000000.0,5.000000000000001,5.000000000000001,1628490.5527277358,62.11785243459619,1628490.5527277358,62.11785243459619,51.869906394051796,51.86477708542054,,,,,,0.8353933141042172,-0.7810900484210235,16707866.282084346,20000000.0,5.000000000000001,5.000000000000001,3341573.2564168684,65.2395098648586,3341573.2564168684,65.2395098648586,24.297220501122617,24.29485605233319,1.0050984401890224,1.7303978145063836,0.052094483693697735,0.051993521938559585,0.003006180591019431,0.9962249916519906,-0.016425676022183297,19924499.833039813,20000000.0,5.000000000000001,5.000000000000001,3984899.966607962,66.00417423725743,3984899.966607962,66.00417423725743,3.524174453314388,3.525250562762563,0.07669444015568518,0.13059465733449166,0.011438085910494323,0.03519374806483659,0.00127657856671128
