global_step,long_block,physical_time_s,iteration_step,random_phase_reference_gain_linear,random_phase_reference_norm_db,random_phase_reference_power_linear,random_phase_reference_ideal_power_linear,random_phase_reference_single_node_mean_power_linear,random_phase_reference_single_node_best_power_linear,random_phase_reference_gain_over_single_mean_linear,random_phase_reference_gain_over_single_mean_db,random_phase_reference_gain_over_single_best_linear,random_phase_reference_gain_over_single_best_db,random_phase_reference_phase_std_deg,random_phase_reference_phase_rmse_deg,random_phase_reference_distance_rmse,random_phase_reference_node_rmse,random_phase_reference_uav_rmse,random_phase_reference_uav_line_intercept_rmse,random_phase_reference_uav_velocity_rmse,no_algorithm_gain_linear,no_algorithm_norm_db,no_algorithm_power_linear,no_algorithm_ideal_power_linear,no_algorithm_single_node_mean_power_linear,no_algorithm_single_node_best_power_linear,no_algorithm_gain_over_single_mean_linear,no_algorithm_gain_over_single_mean_db,no_algorithm_gain_over_single_best_linear,no_algorithm_gain_over_single_best_db,no_algorithm_phase_std_deg,no_algorithm_phase_rmse_deg,no_algorithm_distance_rmse,no_algorithm_node_rmse,no_algorithm_uav_rmse,no_algorithm_uav_line_intercept_rmse,no_algorithm_uav_velocity_rmse,dpc_gain_linear,dpc_norm_db,dpc_power_linear,dpc_ideal_power_linear,dpc_single_node_mean_power_linear,dpc_single_node_best_power_linear,dpc_gain_over_single_mean_linear,dpc_gain_over_single_mean_db,dpc_gain_over_single_best_linear,dpc_gain_over_single_best_db,dpc_phase_std_deg,dpc_phase_rmse_deg,dpc_distance_rmse,dpc_node_rmse,dpc_uav_rmse,dpc_uav_line_intercept_rmse,dpc_uav_velocity_rmse,cluster_dpc_gain_linear,cluster_dpc_norm_db,cluster_dpc_power_linear,cluster_dpc_ideal_power_linear,cluster_dpc_single_node_mean_power_linear,cluster_dpc_single_node_best_power_linear,cluster_dpc_gain_over_single_mean_linear,cluster_dpc_gain_over_single_mean_db,cluster_dpc_gain_over_single_best_linear,cluster_dpc_gain_over_single_best_db,cluster_dpc_phase_std_deg,cluster_dpc_phase_rmse_deg,cluster_dpc_distance_rmse,cluster_dpc_node_rmse,cluster_dpc_uav_rmse,cluster_dpc_uav_line_intercept_rmse,cluster_dpc_uav_velocity_rmse,uav+node_kf_dpc_gain_linear,uav+node_kf_dpc_norm_db,uav+node_kf_dpc_power_linear,uav+node_kf_dpc_ideal_power_linear,uav+node_kf_dpc_single_node_mean_power_linear,uav+node_kf_dpc_single_node_best_power_linear,uav+node_kf_dpc_gain_over_single_mean_linear,uav+node_kf_dpc_gain_over_single_mean_db,uav+node_kf_dpc_gain_over_single_best_linear,uav+node_kf_dpc_gain_over_single_best_db,uav+node_kf_dpc_phase_std_deg,uav+node_kf_dpc_phase_rmse_deg,uav+node_kf_dpc_distance_rmse,uav+node_kf_dpc_node_rmse,uav+node_kf_dpc_uav_rmse,uav+node_kf_dpc_uav_line_intercept_rmse,uav+node_kf_dpc_uav_velocity_rmse,cluster_uav+node_kf_dpc_gain_linear,cluster_uav+node_kf_dpc_norm_db,cluster_uav+node_kf_dpc_power_linear,cluster_uav+node_kf_dpc_ideal_power_linear,cluster_uav+node_kf_dpc_single_node_mean_power_linear,cluster_uav+node_kf_dpc_single_node_best_power_linear,cluster_uav+node_kf_dpc_gain_over_single_mean_linear,cluster_uav+node_kf_dpc_gain_over_single_mean_db,cluster_uav+node_kf_dpc_gain_over_single_best_linear,cluster_uav+node_kf_dpc_gain_over_single_best_db,cluster_uav+node_kf_dpc_phase_std_deg,cluster_uav+node_kf_dpc_phase_rmse_deg,cluster_uav+node_kf_dpc_distance_rmse,cluster_uav+node_kf_dpc_node_rmse,cluster_uav+node_kf_dpc_uav_rmse,cluster_uav+node_kf_dpc_uav_line_intercept_rmse,cluster_uav+node_kf_dpc_uav_velocity_rmse
0,0,0.0,0,0.40606371343575054,-3.9140581809117005,13.780131520923087,33.93230274395867,4.5211845539524096e-05,0.000341209548712609,304790.29016580456,54.840011273835046,40386.12510381324,46.062321862534084,51.90999868846097,51.908436323762,,,,,,0.40521538945526847,-3.923140691642117,13.746969137652343,33.93230274395867,4.5211845539524096e-05,0.000341209548712609,304056.80134500976,54.82954722445519,40288.93443785484,46.05185781315423,52.101870054909924,52.097235928876515,3.1449527021014667,1.744451854492197,5.1937018740896495,,,0.407083288725511,-3.9031672558243087,13.813314898116019,33.93230274395867,4.5211845539524096e-05,0.000341209548712609,305524.24333221366,54.850456771895864,40483.37729771618,46.0727673605949,51.77969384167238,51.7749039746652,1.1998975595297101,1.744451854492197,1.1298391665386636,1.1298391665386636,20.0,0.40831977364092387,-3.8899958805348533,13.857231917882412,33.93230274395867,4.5211845539524096e-05,0.000341209548712609,306495.60424974136,54.864242502613806,40612.08711821239,46.08655309131284,51.8752312552824,51.8801670031561,0.8073792632823744,0.8265846268587485,1.1298391665386636,1.1298391665386636,20.0,0.4069554267350215,-3.904531558438343,13.801840913986487,33.93230274395867,4.5211845539524096e-05,0.000341209548712609,305270.46063450223,54.846847820120566,40449.74991485769,46.06915840881961,51.84064698253617,51.82728125434104,0.7995813487212042,1.2269475366016231,0.6311228752377342,0.5162633648909185,2.4404238527227644,0.4090936170717717,-3.881772965762622,13.878783162925519,33.93230274395867,4.5211845539524096e-05,0.000341209548712609,306972.27678513405,54.870991553374495,40675.24843689301,46.09330214207353,51.886947575282264,51.8801824734673,0.6030461325414359,0.8265846268587485,0.6311228752377342,0.5162633648909185,2.4404238527227644
1,0,0.05,1,0.4107514144461172,-3.864209323723018,13.967085893196904,33.99429644175784,4.5277062134389106e-05,0.00034116875950879536,308480.39238368644,54.89227564640921,40938.93565549876,46.12136547536247,51.7493001942691,51.744268886586234,,,,,,0.40424399321140625,-3.933564246918692,13.737767332820004,33.99429644175784,4.5277062134389106e-05,0.00034116875950879536,303415.60793066147,54.82037917465257,40266.7798558087,46.04946900360584,52.010246544113045,51.99987719899002,3.1440639552163376,1.7381477939204888,5.207841242207645,,,0.4030071920835846,-3.9468720335183565,13.698289631048201,33.99429644175784,4.5277062134389106e-05,0.00034116875950879536,302543.69398768904,54.80788105227823,40151.066735332366,46.03697088123149,52.13684783329487,52.147609654194426,1.1937480022857345,1.7381477939204888,1.1345671842719105,1.1298391665386636,32.159007523853276,0.40337138679139645,-3.9429491177356457,13.714298140861967,33.99429644175784,4.5277062134389106e-05,0.00034116875950879536,302897.26175598305,54.812953472528235,40197.98929013139,46.04204330148149,52.26714155664472,52.273139578492454,0.7459322884817443,0.6215257563810803,1.1345671842719105,1.1298391665386636,32.159007523853276,0.4082084175905677,-3.891180440211185,13.881065655464386,33.99429644175784,4.5277062134389106e-05,0.00034116875950879536,306580.5288837713,54.86544569086986,40686.80167389866,46.094535519823125,51.97321910864109,51.967082249013444,0.6125247782008248,1.0054027763771547,0.3206322397789828,0.2258418324260114,2.595137878764123,0.4068891704803451,-3.905238689159849,13.828875714137803,33.99429644175784,4.5277062134389106e-05,0.00034116875950879536,305427.84938412363,54.84908634169059,40533.82769878522,46.07817617064385,51.99661839749649,51.99465190889539,0.40716081025414697,0.6215257563810803,0.3206322397789828,0.2258418324260114,2.595137878764123
2,0,0.1,2,0.4062605681796031,-3.9119532843180593,13.841781915399576,34.05610468917338,4.534171182782651e-05,0.00034108436353439775,305277.00339061266,54.84694089995605,40581.695894727396,46.083301920894506,51.9408598813097,51.93203969142669,,,,,,0.402568334034359,-3.95160389643606,13.711048613829842,34.05610468917338,4.534171182782651e-05,0.00034108436353439775,302393.71345074096,54.80572758251018,40198.40860411388,46.04208860344863,52.06685987136442,52.06505782160953,3.1515282100600315,1.7346597765399507,5.207316206968805,,,0.40550571429485976,-3.9200302143003896,13.815746352924403,34.05610468917338,4.534171182782651e-05,0.00034108436353439775,304702.7956374066,54.83876438877512,40505.36415613526,46.07512540971357,51.78980790039454,51.794684683978346,1.168658408142969,1.7346597765399507,1.0346286169943781,1.029736850239266,16.022636648599605,0.4012443129462665,-3.9659111003519105,13.661343477888854,34.05610468917338,4.534171182782651e-05,0.00034108436353439775,301297.4792342268,54.78995498220834,40052.681794986864,46.0263160031468,52.16880887336591,52.162906930520535,0.6668426293098995,0.524660429158532,1.0346286169943781,1.029736850239266,16.022636648599605,0.4024267050744926,-3.9531320717264427,13.706460008390158,34.05610468917338,4.534171182782651e-05,0.00034108436353439775,302292.51291695633,54.80427390845967,40184.95561145208,46.040634929398124,52.13996491753231,52.139297456272246,0.5391852159968158,0.8767305341768065,0.31961192266643174,0.1405836542882188,2.420864558550714,0.4122891729431489,-3.847980699834732,14.043663044459075,34.05610468917338,4.534171182782651e-05,0.00034108436353439775,309729.4406921881,54.909824882837206,41173.57623473348,46.14618590377566,51.60256666057327,51.594289847624864,0.3560566083627646,0.524660429158532,0.31961192266643174,0.1405836542882188,2.420864558550714
3,0,0.15000000000000002,3,0.4075128904790935,-3.898586490702718,13.90597654783842,34.117872407514945,4.540645493640653e-05,0.0003410033981913033,306255.49973708077,54.86083896504081,40779.58349270511,46.10442785744632,51.93837367317009,51.943870242291304,,,,,,0.4039537120528164,-3.9366839665114597,13.782618056710504,34.117872407514945,4.540645493640653e-05,0.0003410033981913033,303538.73862237396,54.822141250531956,40417.831991745836,46.06573014293747,51.93025511922717,51.92517796155952,3.173987537634013,1.7340458571710304,5.1884086381743115,,,0.40338004784313153,-3.9428558685187323,13.764702259880735,34.117872407514945,4.540645493640653e-05,0.0003410033981913033,303144.17364576744,54.816492256212605,40365.29352167546,46.06008114861812,52.04351178545291,52.035830662746605,1.1332757714724788,1.7340458571710304,0.9489787976482275,0.9432135198786478,10.126430336637448,0.4018027924035367,-3.9598704936668154,13.708554499395296,34.117872407514945,4.540645493640653e-05,0.0003410033981913033,301907.6146463019,54.7987406683948,40200.63897341217,46.04232956080032,52.19042104241235,52.195003478654144,0.6096996969918937,0.46890161587401924,0.9489787976482275,0.9432135198786478,10.126430336637448,0.40760676972295096,-3.897586116408158,13.910495588955005,34.117872407514945,4.540645493640653e-05,0.0003410033981913033,306355.02393739356,54.862250067518545,40792.83568063213,46.10583895992405,52.018630027781754,52.012925639745696,0.49505976812988617,0.7940849834115864,0.32663592791761986,0.11051698928923379,1.9870737986296088,0.41656740282041793,-3.803147174153991,14.198688329950723,34.117872407514945,4.540645493640653e-05,0.0003410033981913033,312701.97926344455,54.95130630141148,41637.9672615029,46.19489519381699,51.295655938781465,51.29000538493599,0.3297404765835895,0.46890161587401924,0.32663592791761986,0.11051698928923379,1.9870737986296088
4,0,0.2,4,0.40360119163379304,-3.9404756017740468,13.782778764810868,34.179431471550984,4.547074292690199e-05,0.00034093358804181335,303113.1201653739,54.81604735087857,40426.57939328787,46.066669960092526,52.02649834693547,52.02429940085593,,,,,,0.4104404014690936,-3.867498962600612,14.02136199167561,34.179431471550984,4.547074292690199e-05,0.00034093358804181335,308360.0814311769,54.89058151686784,41126.37323945911,46.141204126081796,51.53866291531061,51.528600766304365,3.181584692672398,1.731143995429027,5.216210091424578,,,0.4057824090164302,-3.9170678389874474,13.875968870899566,34.179431471550984,4.547074292690199e-05,0.00034093358804181335,305162.5721885904,54.845312668689076,40699.91739622253,46.095935277903024,52.08628758457699,52.09341146232174,1.1179619000683467,1.731143995429027,0.8805327279084553,0.8766427364396702,7.208268122151798,0.41093331831065216,-3.862286448860054,14.03303178228678,34.179431471550984,4.547074292690199e-05,0.00034093358804181335,308616.72537099407,54.894194587961486,41160.60216562094,46.14481719717543,51.62175829202333,51.62405099287331,0.5655964518357959,0.4381273146990229,0.8805327279084553,0.8766427364396702,7.208268122151798,0.40066875015830145,-3.972145287004439,13.695176824416578,34.179431471550984,4.547074292690199e-05,0.00034093358804181335,301186.5639941867,54.788355939784104,40169.63216524431,46.03897854899805,52.26161009698101,52.26940907996101,0.468339203123048,0.7424471709017441,0.31327401129186666,0.10340302034627982,1.5792934781209698,0.42753993208253355,-3.690233160862451,14.606797165198335,34.179431471550984,4.547074292690199e-05,0.00034093358804181335,321235.06731966045,55.06822948537322,42843.52635683083,46.31885209458717,50.76409527859155,50.774341981693524,0.31442459374074366,0.4381273146990229,0.31327401129186666,0.10340302034627982,1.5792934781209698
5,0,0.25,5,0.40898166341033404,-3.882961630396667,14.000795368161945,34.24121687631956,4.5535621900743925e-05,0.000340844866772162,307469.0711083318,54.87801435810467,41076.73822625232,46.13595950344398,52.02982098073668,52.033317513765304,,,,,,0.40729292404404377,-3.9009313490619495,13.952760584099144,34.24121687631956,4.5535621900743925e-05,0.000340844866772162,306414.1874357753,54.86308869911034,40935.809643352724,46.12103384444965,51.90466973272369,51.91063316874134,3.15808175035518,1.7277687320525863,5.174295483450944,,,0.4059262414035052,-3.9155287248570976,13.896804800686306,34.24121687631956,4.5535621900743925e-05,0.000340844866772162,305185.3520520222,54.84563684998301,40771.641750954215,46.103581995322315,51.940515655087225,51.940805799565496,1.1071041245959026,1.7277687320525863,0.8216387995662044,0.816563859220721,5.427682888839744,0.4085815839272076,-3.8872121229739642,13.993934939458324,34.24121687631956,4.5535621900743925e-05,0.000340844866772162,307318.4104076045,54.87588578150731,41056.61051017846,46.13383092684661,51.94766395400829,51.94549416928603,0.5306166809066644,0.42153102350538035,0.8216387995662044,0.816563859220721,5.427682888839744,0.4078223037773676,-3.895290263691662,13.954838299960972,34.24121687631956,4.5535621900743925e-05,0.000340844866772162,306459.81579825503,54.86373536207778,40941.9054249366,46.12168050741708,51.87657931692083,51.869213930301235,0.44710423044352837,0.7103074736975789,0.2925057892439458,0.10179273776840589,1.2463024067165385,0.43280378866719593,-3.6370894616845733,14.812239046236595,34.24121687631956,4.5535621900743925e-05,0.000340844866772162,325289.0468592591,55.12269439953635,43457.42151410438,46.38063954487565,50.478701265316985,50.4899795450831,0.30082368743971466,0.42153102350538035,0.2925057892439458,0.10179273776840589,1.2463024067165385
6,0,0.30000000000000004,6,0.4040288768630179,-3.9358759376542585,13.855601532882904,34.30243609425267,4.559903254996545e-05,0.0003407471557667401,303857.3574494269,54.8266975659909,40662.41287239919,46.09193145725464,52.06875668435439,52.07172253422514,,,,,,0.41487820283559695,-3.8207938184225605,14.230090529112056,34.30243609425267,4.559903254996545e-05,0.0003407471557667401,312070.00967661623,54.94252034420611,41761.43597469475,46.20775423546984,51.32790129653843,51.33279162923509,3.176325860517228,1.7242603185771812,5.214066348165943,,,0.4055494298541655,-3.919562048200091,13.91089930112311,34.30243609425267,4.559903254996545e-05,0.0003407471557667401,305070.05353414343,54.84399578264551,40824.69674565934,46.10922967390924,51.86274850347468,51.87399438884633,1.0865315680666159,1.7242603185771812,0.7706742228331434,0.7659521210523067,4.263999446950367,0.40235275686108957,-3.953930186058055,13.808492952733328,34.30243609425267,4.559903254996545e-05,0.0003407471557667401,302824.2526330482,54.8119065406092,40524.16203346387,46.07714043187294,52.06190090938554,52.04904890568342,0.5065859780301066,0.41492696843683474,0.7706742228331434,0.7659521210523067,4.263999446950367,0.40926813264813156,-3.8799207004778857,14.03535419023629,34.30243609425267,4.559903254996545e-05,0.0003407471557667401,307799.3853237337,54.88267748208984,41189.93791350749,46.14791137335359,51.81754485849005,51.837946015517886,0.433044506351567,0.6925490504755902,0.2697920177193239,0.09941671334078396,0.9992037534111746,0.43791968088452904,-3.586055364075966,15.024398909685527,34.30243609425267,4.559903254996545e-05,0.0003407471557667401,329489.42268067726,55.178414773666056,44092.51450941103,46.443648664929796,50.21761326764308,50.219670414622044,0.29068137810469996,0.41492696843683474,0.2697920177193239,0.09941671334078396,0.9992037534111746
7,0,0.35000000000000003,7,0.40612616759353903,-3.913390270690545,13.951002153273757,34.3638380401197,4.566279089413559e-05,0.00034064276334794393,305522.32748142135,54.85042953850755,40954.9347714272,46.12306238572102,51.958919663914386,51.975980037647936,,,,,,0.4059903609435816,-3.914842773555825,13.955897212735366,34.3638380401197,4.566279089413559e-05,0.00034064276334794393,305629.5276627015,54.8519531024884,40969.30483880659,46.12458594970188,52.02042893887566,52.02440868825388,3.1519997167261726,1.7340212909436186,5.18397565761431,,,0.4051211485067136,-3.924150847847443,13.920664790514792,34.3638380401197,4.566279089413559e-05,0.00034064276334794393,304857.9492827847,54.84097523893408,40865.87559852478,46.11360808614756,52.01666612761589,52.02702394984916,1.0842655918161301,1.7340212909436186,0.7338582944530663,0.7261907733477643,3.493407269491661,0.4098101229148683,-3.8741731808765505,14.0796011656492,34.3638380401197,4.566279089413559e-05,0.00034064276334794393,308338.6032687158,54.89027900779255,41332.45346905498,46.16291185500603,51.922247062943015,51.91221133327001,0.4878643108523416,0.4163923958722272,0.7338582944530663,0.7261907733477643,3.493407269491661,0.41229960719402853,-3.8478707895936703,14.169709624444078,34.3638380401197,4.566279089413559e-05,0.00034064276334794393,310311.9486781934,54.917984985783555,41596.97826890472,46.190617832997034,51.76794445735983,51.784103760229925,0.4262320590381431,0.6876801140814122,0.24988941072716114,0.09449369642534781,0.8035068463838551,0.4421788252883484,-3.5440205841178143,15.190622174224197,34.3638380401197,4.566279089413559e-05,0.00034064276334794393,332669.59545775614,55.22013110071345,44593.9964346402,46.49276394792693,50.01352120803508,50.010759554092466,0.285129316774241,0.4163923958722272,0.24988941072716114,0.09449369642534781,0.8035068463838551
8,0,0.4,8,0.40872449321953397,-3.88569335982175,14.081049233139083,34.42502399906718,4.5725930585897756e-05,0.0003406458248135091,307944.50878779474,54.88472464232663,41336.33295182154,46.16331946664093,51.89848032121567,51.911438733490364,,,,,,0.40569482936149176,-3.9180052740556315,13.96522474368104,34.42502399906718,4.5725930585897756e-05,0.0003406458248135091,305411.49331989815,54.84885376503929,40996.318540896486,46.127448589353584,51.99582915362449,51.99888780202671,3.1440764833514168,1.7351848297953605,5.1821524286544145,,,0.4022140590999846,-3.95542753026122,13.846921532092258,34.42502399906718,4.5725930585897756e-05,0.0003406458248135091,302824.26961394114,54.811906784140156,40649.027592435436,46.09050160845445,52.184909811852926,52.18913853270972,1.0741848672559309,1.7351848297953605,0.6961888394515603,0.6913467321639487,2.9159130628407635,0.40856136726864634,-3.887427017644343,14.065851196309492,34.42502399906718,4.5725930585897756e-05,0.0003406458248135091,307612.13639788696,54.88003465936467,41291.71758969898,46.158629483678965,51.771850233299745,51.77472866389322,0.4722774895081535,0.4217361421767902,0.6961888394515603,0.6913467321639487,2.9159130628407635,0.40857034417108284,-3.887331595593324,14.066949567029056,34.42502399906718,4.5725930585897756e-05,0.0003406458248135091,307636.1571385365,54.88037377692842,41294.941967159546,46.15896860124273,51.81205530987531,51.81325610701018,0.42789530806686316,0.691973667155265,0.23096874381924937,0.08893710662942886,0.6472533818294396,0.4379198373232723,-3.586053812639167,15.079431437325805,34.42502399906718,4.5725930585897756e-05,0.0003406458248135091,329778.5576829009,55.182224142474546,44267.184092396354,46.46081896678885,50.07102057066805,50.07572868884259,0.2841197416815683,0.4217361421767902,0.23096874381924937,0.08893710662942886,0.6472533818294396
9,0,0.45,9,0.4048797113565715,-3.9267398531271698,13.957700057411998,34.48667877383288,4.5790129455186005e-05,0.0003406318865221632,304818.96914207574,54.84041990021204,40975.90569080162,46.12528561563353,52.00763725380999,52.01452748189977,,,,,,0.40524488262654357,-3.9228246065239327,13.975277209892496,34.48667877383288,4.5790129455186005e-05,0.0003406318865221632,305202.83249187696,54.84588559852581,41027.50729703984,46.1307513139473,52.03448684323418,52.04000312734213,3.154515295920957,1.7371501972208236,5.1868788515588555,,,0.40687565796297964,-3.905382917849118,14.034724046755453,34.48667877383288,4.5790129455186005e-05,0.0003406318865221632,306501.07815246494,54.86432006537444,41202.026592546514,46.14918578079593,51.96998206878254,51.966713886304454,1.0713794360733597,1.7371501972208236,0.6660475211518554,0.6614613016579051,2.488433180833738,0.4071345485498795,-3.90262042774276,14.044948550156175,34.48667877383288,4.5790129455186005e-05,0.0003406318865221632,306724.3687070533,54.867482812794705,41232.04287641563,46.152348528216194,51.987325309189984,51.98496791220091,0.4589702937940065,0.4271819256219024,0.6660475211518554,0.6614613016579051,2.488433180833738,0.40982357301115446,-3.874030646409563,14.134422128253059,34.48667877383288,4.5790129455186005e-05,0.0003406318865221632,308678.36139415525,54.89506186150401,41494.71229063402,46.17992757692551,51.79046491429817,51.7871293353419,0.4270662756940752,0.6998071109355767,0.21481431479096016,0.08636363879401023,0.5400704217605423,0.4481465909348884,-3.48579902920068,15.45583312473993,34.48667877383288,4.5790129455186005e-05,0.0003406318865221632,337536.349179058,55.283205487162235,45374.005594553455,46.568071202583724,49.59197338787415,49.58175282028447,0.28093202322010463,0.4271819256219024,0.21481431479096016,0.08636363879401023,0.5400704217605423
10,0,0.5,10,0.4095368106071147,-3.8770705623553816,14.146980220178113,34.54774241588997,4.585313451914169e-05,0.0003406043007947809,308528.0945029475,54.892947169334796,41534.94300326489,46.184136188367795,51.9430882893781,51.9561389027005,,,,,,0.40456667100359667,-3.9300989812337503,13.981491583853437,34.54774241588997,4.585313451914169e-05,0.0003406043007947809,304918.9925721822,54.84184476226339,41049.07527952059,46.13303378129639,52.058172976350455,52.04821721974206,3.1618977568087105,1.7287233665801864,5.188800167427281,,,0.40270367002175317,-3.9501441245133924,13.915926308578182,34.54774241588997,4.585313451914169e-05,0.0003406043007947809,303489.09522791486,54.82143090905757,40856.57836999167,46.11261992809056,52.00615819986966,52.00962495863695,1.0607236996973544,1.7287233665801864,0.6396005846433479,0.6343670099062877,2.1537008774790722,0.41148031321222556,-3.8565093825929972,14.213508638485639,34.54774241588997,4.585313451914169e-05,0.0003406043007947809,309978.9968023258,54.91332268408886,41730.26766050581,46.20451170312186,51.64592430077711,51.64245614850955,0.44973933703367,0.43077382602728387,0.6396005846433479,0.6343670099062877,2.1537008774790722,0.41126433005720076,-3.858789562605919,14.203765995624934,34.54774241588997,4.585313451914169e-05,0.0003406043007947809,309766.5218436807,54.91034479387679,41701.6636680196,46.20153381290979,51.75731333975432,51.747101938150706,0.42942330151741137,0.7074293965984604,0.19904333621234052,0.08407731466736014,0.4621354354098598,0.44773428831689854,-3.4897964527121332,15.46397748424753,34.54774241588997,4.585313451914169e-05,0.0003406043007947809,337250.17158406024,55.279521793016634,45401.591959241894,46.570710812049626,49.589423101231255,49.60726075640204,0.2803929542660788,0.43077382602728387,0.19904333621234052,0.08407731466736014,0.4621354354098598
11,0,0.55,11,0.41422610825747685,-3.827625314328747,14.335196136990508,34.60861644586229,4.591552699186603e-05,0.0003405313495853593,312208.02800608164,54.9444406616367,42096.55338471907,46.242465398434476,51.54016260806635,51.53715652395141,,,,,,0.40186482290757886,-3.9592000795514415,13.912230060449156,34.60861644586229,4.591552699186603e-05,0.0003405313495853593,302996.1969708791,54.814371775289494,40854.47662128343,46.112396512087265,52.13733442426754,52.12685760273132,3.134949833357323,1.7420658283783959,5.1871829561828715,,,0.40281868576040436,-3.9489039180657586,13.941370598428843,34.60861644586229,4.591552699186603e-05,0.0003405313495853593,303630.85238896566,54.82345898783096,40940.05035191108,46.121483724628746,52.14434160741183,52.137936370549525,1.0624453215536134,1.7420658283783959,0.6137691147232525,0.6093533732545658,1.8808538021762307,0.4033016715489358,-3.9436997798500557,13.956397347655619,34.60861644586229,4.591552699186603e-05,0.0003405313495853593,303958.1218381313,54.828137523342384,40984.177711242526,46.12616226014016,52.135099384875375,52.153320379943146,0.4384903296175837,0.4334902809792731,0.6137691147232525,0.6093533732545658,1.8808538021762307,0.41043166720379076,-3.867591382439693,14.20429637506947,34.60861644586229,4.591552699186603e-05,0.0003405313495853593,309357.1457338554,54.90460152090109,41712.15482029783,46.20262625769887,51.77007393657133,51.77161876299044,0.4310612618914102,0.7139602515953449,0.1850042772280576,0.0821791689057672,0.3969450579313501,0.44110358897789503,-3.554594086306733,15.264506046706227,34.60861644586229,4.591552699186603e-05,0.0003405313495853593,332447.5846571541,55.217231820042684,44825.55296389812,46.515256556840455,49.943088713945535,49.953668175053195,0.2789541330487129,0.4334902809792731,0.1850042772280576,0.0821791689057672,0.3969450579313501
12,0,0.6000000000000001,12,0.4057848754709899,-3.917041441481643,14.077018387752961,34.66943575083078,4.597781295860058e-05,0.00034043105648315407,306169.8128275091,54.859623686982324,41350.57045963006,46.16481505321711,51.95111315713662,51.956935029088314,,,,,,0.4048810886213376,-3.9267250799129556,14.041060272842904,34.66943575083078,4.597781295860058e-05,0.00034043105648315407,305387.73746123543,54.84851594410516,41244.94521121258,46.153707310339946,51.957709309528504,51.94787456500093,3.175049497720491,1.7224488292574578,5.201086810620245,,,0.40499387356367594,-3.9255154640906853,14.044228787069903,34.66943575083078,4.597781295860058e-05,0.00034043105648315407,305456.6514443745,54.84949586512183,41254.252570710654,46.15468723135662,52.05435413663158,52.04996082033879,1.0555129605983589,1.7224488292574578,0.593367515337291,0.5879509531645816,1.667263969507061,0.4057177785814047,-3.9177596106415495,14.0694899892159,34.66943575083078,4.597781295860058e-05,0.00034043105648315407,306006.0730136158,54.857300455996516,41328.45614780776,46.162491822231296,51.899620256045544,51.906571709399906,0.43008026834886026,0.4355360073201317,0.593367515337291,0.5879509531645816,1.667263969507061,0.40907054560343337,-3.8820178997709425,14.182797100781368,34.66943575083078,4.597781295860058e-05,0.00034043105648315407,308470.45973134617,54.89213580719551,41661.29038665775,46.197327173430295,51.84084008543955,51.84295080318658,0.4323473585315932,0.7180603373309535,0.1743016794430842,0.08125745754105096,0.351845524012458,0.4398656875716971,-3.5667991453932935,15.242097583324579,34.66943575083078,4.597781295860058e-05,0.00034043105648315407,331509.8436075873,55.204964285507074,44772.935057054114,46.51015565174185,49.96447190484281,49.98333982092397,0.2785203572201407,0.4355360073201317,0.1743016794430842,0.08125745754105096,0.351845524012458
13,0,0.65,13,0.4064895540659286,-3.90950610389263,14.119373525009232,34.730303880053896,4.604009414292887e-05,0.00034040955587585203,306675.60064443905,54.86679224541324,41477.60625779434,46.1781368457745,52.00178330818183,52.00184549029143,,,,,,0.4035528864938424,-3.9409954196457924,14.019207367714866,34.730303880053896,4.604009414292887e-05,0.00034040955587585203,304499.9717896542,54.83587256733762,41183.35436161403,46.14721716769887,51.94477941548985,51.93086695472016,3.151422544756131,1.7282791267123074,5.187115002140683,,,0.4086877460552156,-3.886083838210329,14.190522470614614,34.730303880053896,4.604009414292887e-05,0.00034040955587585203,308220.96989117656,54.88862182721839,41686.61609426124,46.199966427579646,51.95669724046255,51.955243893498015,1.0478284131304338,1.7282791267123074,0.5738284288343083,0.5687874282432756,1.4901078916063992,0.40792474338024637,-3.8941995100163047,14.162585777983711,34.730303880053896,4.604009414292887e-05,0.00034040955587585203,307614.1793719353,54.88006350248575,41604.548208243694,46.191408102847014,51.78431927501033,51.79662802486374,0.4222314648062514,0.43815938886806005,0.5738284288343083,0.5687874282432756,1.4901078916063992,0.4044224921742575,-3.9316469888833523,14.05255346273719,34.730303880053896,4.604009414292887e-05,0.00034040955587585203,305224.2556045136,54.84619043229837,41281.31311290856,46.15753503265964,51.917429899005825,51.91333500426898,0.43304874623967643,0.7224894671544279,0.16511551478961436,0.07957904157529659,0.3124701110934647,0.440146494888675,-3.5640275230268896,15.291778122870156,34.730303880053896,4.604009414292887e-05,0.00034040955587585203,332140.46164627065,55.21321784961004,44921.706394303146,46.52456244997131,49.906436979101194,49.91817779195452,0.2780976202618263,0.43815938886806005,0.16511551478961436,0.07957904157529659,0.3124701110934647
14,0,0.7000000000000001,14,0.40810335412787574,-3.8922983582402897,14.199974431443025,34.7907759421719,4.610174831250642e-05,0.00034033730770076587,308013.7945135342,54.885701669775685,41723.23782947722,46.20378003419705,51.919132458793186,51.91354200701494,,,,,,0.4053883825506651,-3.921287012928217,14.102019951474825,34.7907759421719,4.610174831250642e-05,0.00034033730770076587,305889.049063444,54.85563929366343,41435.4219546031,46.17371765808479,51.951834390580544,51.941731363968245,3.1821468643895976,1.743516565372842,5.219556802436779,,,0.4056224526699858,-3.9187801323883447,14.115404257014168,34.7907759421719,4.610174831250642e-05,0.00034033730770076587,306179.37006057013,54.85975925190825,41474.7485439499,46.17783761632961,51.840855738992175,51.84077020838125,1.063955919926991,1.743516565372842,0.5544720896493772,0.551122484244611,1.3395690751801923,0.41075531630849926,-3.864168068861962,14.293452946932197,34.7907759421719,4.610174831250642e-05,0.00034033730770076587,310041.45114068675,54.914197609253115,41997.9021503555,46.232275973674476,51.58813758966486,51.60123138621975,0.4146175055622102,0.4393600242250245,0.5544720896493772,0.551122484244611,1.3395690751801923,0.4048679702024474,-3.926865796518272,14.083512777685886,34.7907759421719,4.610174831250642e-05,0.00034033730770076587,305487.6071557861,54.84993596729062,41381.04303883283,46.16801433171198,52.01135224747725,52.01093942675864,0.43062880385605135,0.7246039891624202,0.1560988481886906,0.0744300139858063,0.272397970175155,0.443635918138175,-3.529732992728349,15.435884290291554,34.7907759421719,4.610174831250642e-05,0.00034033730770076587,334822.10231285583,55.24814118961848,45354.6641553127,46.56621955403984,49.699524622256696,49.70230648761034,0.27543405331724885,0.4393600242250245,0.1560988481886906,0.0744300139858063,0.272397970175155
15,0,0.75,15,0.40367052292781047,-3.939729627452244,14.06251754296847,34.851545554950185,4.6163703390845655e-05,0.00034034272364370533,304622.8207452934,54.837624352853396,41318.69602621533,46.161466071952304,52.141462034254815,52.13501740950195,,,,,,0.4070070427983933,-3.903980757329717,14.190288248947605,34.851545554950185,4.6163703390845655e-05,0.00034034272364370533,307390.59491837834,54.87690575468423,41694.113795137266,46.20074747378314,51.87915751556049,51.8768529752164,3.149458046153988,1.7295039263225473,5.215328543704777,,,0.40454289771245683,-3.930354190405929,14.091357732316368,34.851545554950185,4.6163703390845655e-05,0.00034034272364370533,305247.558087177,54.846521983711995,41403.43469504637,46.17036370281091,52.06604379063392,52.079980409218706,1.045503962977235,1.7295039263225473,0.5367194240417954,0.5365244041858047,1.2163106292189658,0.4099023394217419,-3.8731960304223434,14.28369283984243,34.851545554950185,4.6163703390845655e-05,0.00034034272364370533,309413.9289239717,54.90539860490232,41968.556538895195,46.229240324001225,51.729644930384495,51.72418927803371,0.40680375404756824,0.4410984203015215,0.5367194240417954,0.5365244041858047,1.2163106292189658,0.4018872295021393,-3.9589579386984464,14.005760829798453,34.851545554950185,4.6163703390845655e-05,0.00034034272364370533,303393.3545413044,54.82006063867821,41151.932616196216,46.14390235777712,52.02578006582362,52.0209590342901,0.4310938537929002,0.7254135551596749,0.14661138307235905,0.07057778671494482,0.23821847228623763,0.4449029117033169,-3.517347519670701,15.506440647365185,34.851545554950185,4.6163703390845655e-05,0.00034034272364370533,335901.1411211896,55.26211479226583,45561.25214417223,46.585956511364735,49.69873079116638,49.70531458254278,0.2756238003853825,0.4410984203015215,0.14661138307235905,0.07057778671494482,0.23821847228623763
16,0,0.8,16,0.40449066037100534,-3.9309150173072736,14.117978926685254,34.912099453688754,4.622520825333012e-05,0.0003403119820308046,305417.3136292615,54.84893652892373,41485.40066804734,46.17895288885152,52.057502576256944,52.072867683162414,,,,,,0.4077943263973662,-3.8955882081255533,14.236218893535442,34.912099453688754,4.622520825333012e-05,0.0003403119820308046,307975.22458992596,54.88515780602186,41832.846462181864,46.215174165949655,51.79373843733576,51.794136731843615,3.1586983013077448,1.7366681046800871,5.204115864016396,,,0.4054378843977619,-3.920756729686512,14.157839330909763,34.912099453688754,4.622520825333012e-05,0.0003403119820308046,306279.6224371756,54.86118103050501,41602.529674162965,46.19119739043281,51.9622557546132,51.98475446597406,1.0467199315540534,1.7366681046800871,0.5215839169417162,0.5226258515432478,1.111257490782943,0.41689648110097915,-3.7997177060859544,14.558444046753072,34.912099453688754,4.622520825333012e-05,0.0003403119820308046,314945.9915241001,54.982360852369546,42779.69867495074,46.31237721229735,51.48664197272781,51.47901493923157,0.4027853714445482,0.4416575139082525,0.5215839169417162,0.5226258515432478,1.111257490782943,0.4041667765735813,-3.934393893456662,14.10998469491829,34.912099453688754,4.622520825333012e-05,0.0003403119820308046,305244.3726719563,54.84647666261328,41461.90977677969,46.17649302254108,52.01209061899759,52.03085268916957,0.43131901629024166,0.7249924100575006,0.14138818428013358,0.06872045913299872,0.21613468528078733,0.4461895393854799,-3.5048061567570556,15.583917832454222,34.912099453688754,4.622520825333012e-05,0.0003403119820308046,337130.289322851,55.27797773270979,45793.0330265115,46.60799409263759,49.776221884097865,49.77871438193481,0.276122221100735,0.4416575139082525,0.14138818428013358,0.06872045913299872,0.21613468528078733
17,0,0.8500000000000001,17,0.4037257390385454,-3.939135617958484,14.120524320149787,34.97249362529457,4.6286350092352044e-05,0.0003403191368957862,305068.86570179014,54.8439788727576,41492.0079104274,46.17964452021517,52.048545453798056,52.03866453480989,,,,,,0.403972540355534,-3.9364815463536553,14.123995839564449,34.97249362529457,4.6286350092352044e-05,0.0003403191368957862,305143.86663419753,54.8450464509814,41502.20868681138,46.18071209843896,52.00387328107761,51.990268360392164,3.1524198412806004,1.7348117201421533,5.197836212126882,,,0.4086176002930868,-3.886829310331179,14.29088731416878,34.97249362529457,4.6286350092352044e-05,0.0003403191368957862,308749.49711211043,54.896062588940765,41992.605659860346,46.231728236398325,51.7356005251596,51.73805227671846,1.0466489591633032,1.7348117201421533,0.5101517657274909,0.510676109544231,1.0251888543910075,0.4151019290779175,-3.8184524834649136,14.511858602598181,34.97249362529457,4.6286350092352044e-05,0.0003403191368957862,313523.502579997,54.96270102290243,42641.911750740175,46.29836667036,51.566435874858236,51.556582555469035,0.3957101900322987,0.4422040133703245,0.5101517657274909,0.510676109544231,1.0251888543910075,0.4041204721048409,-3.934891483275536,14.131677230193606,34.97249362529457,4.6286350092352044e-05,0.0003403191368957862,305309.8203249472,54.84740773654521,41524.77982606385,46.18307338400277,52.03211426609747,52.06037133681485,0.43005466168697193,0.7224342659535494,0.13617590750870603,0.06638719759750553,0.19544663976642265,0.45077626657717274,-3.460389576789611,15.76822023811041,34.97249362529457,4.6286350092352044e-05,0.0003403191368957862,340666.74530718324,55.323297413328625,46333.62784690834,46.658963060786185,49.55821463224858,49.568115196033894,0.2762591501197608,0.4422040133703245,0.13617590750870603,0.06638719759750553,0.19544663976642265
18,0,0.9,18,0.4081224122092812,-3.892095551126549,14.288772724431961,35.03287536414466,4.634740780703634e-05,0.00034034385686485745,308297.12815702887,54.88969479214461,41983.342540851845,46.23077012361171,51.83793587771773,51.84889369273645,,,,,,0.40727691277046707,-3.9011020798562717,14.269532462069984,35.03287536414466,4.634740780703634e-05,0.00034034385686485745,307881.9967986132,54.883842945556474,41926.81070701999,46.22491827702358,51.766378262217145,51.760693226584614,3.16372764763151,1.7281319156928692,5.194078703883758,,,0.40445738547640053,-3.9312722986727486,14.17952063285963,35.03287536414466,4.634740780703634e-05,0.00034034385686485745,305939.885395423,54.8563609966515,41662.33750618271,46.19743632811861,51.95766357248844,51.94734534915117,1.0382740988029782,1.7281319156928692,0.4986735197973771,0.4987343860635368,0.9474559992043856,0.41391185312143663,-3.830921366059445,14.498887559814326,35.03287536414466,4.634740780703634e-05,0.00034034385686485745,312830.6036052602,54.95309232644698,42600.70298718949,46.29416765791409,51.69170043349768,51.68296457190678,0.39072630938748015,0.4413096730046007,0.4986735197973771,0.4987343860635368,0.9474559992043856,0.40836533827035826,-3.8895112759580037,14.30268730562329,35.03287536414466,4.634740780703634e-05,0.00034034385686485745,308597.3516614212,54.8939219468965,42024.22643198332,46.23499727836361,51.81204266032152,51.81328611605492,0.4279308127060208,0.7164256851720008,0.1301278972851381,0.06415153994202033,0.17766512688954386,0.45102633142192416,-3.4579810278406935,15.807760339118966,35.03287536414466,4.634740780703634e-05,0.00034034385686485745,341071.0779108357,55.328448937367014,46446.43944725541,46.669524268834124,49.5912614022664,49.59007851353105,0.2763175481648999,0.4413096730046007,0.1301278972851381,0.06415153994202033,0.17766512688954386
19,0,0.9500000000000001,19,0.40981963741230765,-3.874072352577331,14.383702346320096,35.09291009070955,4.6407924806965896e-05,0.0003404113228019751,309940.6492780966,54.91278538483422,42253.889288774975,46.25866690064743,51.88152803493406,51.88206537368277,,,,,,0.40490920811281816,-3.9264234675069263,14.20716636543815,35.09291009070955,4.6407924806965896e-05,0.0003404113228019751,306136.644216111,54.85915317275694,41735.29319911247,46.20503468857014,52.01731346576228,52.01637245849089,3.170065034308552,1.7388741814814364,5.218212069746299,,,0.40689055859638873,-3.9052238730833,14.28592552438871,35.09291009070955,4.6407924806965896e-05,0.0003404113228019751,307833.75002892554,54.88316232934694,41966.65788552267,46.22904384516013,51.80383944333945,51.80597516001969,1.0431820589100371,1.7388741814814364,0.48559472568012396,0.48540812393253024,0.8727364366965451,0.41874094922059263,-3.7805456681129628,14.694102834954862,35.09291009070955,4.6407924806965896e-05,0.0003404113228019751,316629.1726267677,55.00550926089058,43165.72878365374,46.351390776703774,51.35222182831494,51.343418015476644,0.38475235399761987,0.44038141612682297,0.48559472568012396,0.48540812393253024,0.8727364366965451,0.409471536936003,-3.877762814035659,14.369976842961838,35.09291009070955,4.6407924806965896e-05,0.0003404113228019751,309644.8915294933,54.90863919485739,42213.56893971819,46.25452071067059,51.89656738471499,51.902300214734126,0.42452340676593475,0.7110404096836629,0.12580725520093008,0.06394571771787097,0.16669385195908873,0.45477785959512296,-3.4220068666178927,15.96161266637703,35.09291009070955,4.6407924806965896e-05,0.0003404113228019751,343941.53008929995,55.36484618973085,46889.19432818708,46.710727705544045,49.44838968636206,49.44864048627863,0.27548650667816427,0.44038141612682297,0.12580725520093008,0.06394571771787097,0.16669385195908873
20,0,1.0,20,0.40339432140854015,-3.942702196539776,14.176460090320575,35.152712949812795,4.646767387250072e-05,0.000340533411507874,305082.19820123416,54.84416866939263,41630.1590717561,46.19408070359607,52.140014365604316,52.130982528936,,,,,,0.406835648466432,-3.905809995694813,14.29171538321712,35.152712949812795,4.646767387250072e-05,0.000340533411507874,307562.5309420721,54.87933426069993,41968.61423944787,46.22924629490336,51.887519570322624,51.882931817118745,3.159499093932067,1.7323301010163394,5.183884556897747,,,0.41039052151997807,-3.8680267835215454,14.424585773047331,35.152712949812795,4.646767387250072e-05,0.000340533411507874,310421.94650470145,54.91952417834078,42358.79736198454,46.26943621254422,51.73839935568376,51.73150224863783,1.0360581389827184,1.7323301010163394,0.4761417786217522,0.4744819879293908,0.8121337929123371,0.41039436852712086,-3.8679860728799573,14.4224756889648,35.152712949812795,4.646767387250072e-05,0.000340533411507874,310376.536784208,54.918888829138055,42352.60095361102,46.268800863341504,51.79365340241793,51.79265518890859,0.38232720107510026,0.4404149629329181,0.4761417786217522,0.4744819879293908,0.8121337929123371,0.41279234405002024,-3.842683660505716,14.519919529690068,35.152712949812795,4.646767387250072e-05,0.000340533411507874,312473.5610723752,54.948132768284815,42638.75155567321,46.298044802488256,51.83984131456249,51.841757832400404,0.42185606979031903,0.7050881224094541,0.12244057476316539,0.06322124313463147,0.1563674247761186,0.4517970696961326,-3.450565901906158,15.88872232960945,35.152712949812795,4.646767387250072e-05,0.000340533411507874,341930.6585736433,55.3393804274574,46658.335988984334,46.68929246166084,49.80407110083389,49.81478238876788,0.2764728786050354,0.4404149629329181,0.12244057476316539,0.06322124313463147,0.1563674247761186
21,0,1.05,21,0.40797759438798425,-3.8936368715731184,14.363556122832492,35.21228060189599,4.652695805465212e-05,0.0003407266483897414,308714.7048375821,54.89557316484755,42155.65818146013,46.24855874383451,51.94992576887688,51.9551814129018,,,,,,0.4023056726721088,-3.9544384365835468,14.16708796908902,35.21228060189599,4.652695805465212e-05,0.0003407266483897414,304492.03131758334,54.8357593145137,41579.043013048824,46.18874489350068,51.96546387300185,51.9596320747991,3.1645470285062847,1.739576543164084,5.180068132372482,,,0.403648726050261,-3.939964138487544,14.21213150324104,35.21228060189599,4.652695805465212e-05,0.0003407266483897414,305460.1482122901,54.84954558145019,41711.24146117401,46.20253116043715,52.14427154005034,52.132429270216235,1.0353355065862584,1.739576543164084,0.46544337156222654,0.46403761077954675,0.7562973990440162,0.41689092238902214,-3.7997756133635012,14.6841638968564,35.21228060189599,4.652695805465212e-05,0.0003407266483897414,315605.50078532734,54.99144564055427,43096.61121680118,46.344431219541235,51.36993073084773,51.37368974087517,0.37734872520927876,0.4404534524348831,0.46544337156222654,0.46403761077954675,0.7562973990440162,0.4149221443544838,-3.8203338629823995,14.614294252493831,35.21228060189599,4.652695805465212e-05,0.0003407266483897414,314103.79838990106,54.97073188260332,42891.550518752556,46.32371746159029,51.549998476928295,51.5588135083093,0.41868858409827164,0.6995876831434887,0.1187917327942833,0.06116347106820154,0.14385238335894215,0.4496740376245591,-3.4710218612981345,15.841882987608304,35.21228060189599,4.652695805465212e-05,0.0003407266483897414,340488.2599244915,55.32102141981813,46494.40559602931,46.6740069988051,49.938127326025565,49.925704974672115,0.27711258177570036,0.4404534524348831,0.1187917327942833,0.06116347106820154,0.14385238335894215
22,0,1.1,22,0.3990339276476963,-3.989901770857822,14.06930617797921,35.27232613758855,4.658699444373121e-05,0.00034088015168698454,302000.72672583384,54.80007988032117,41273.46842681073,46.156709664623705,52.329658602706346,52.322236352274466,,,,,,0.40285041795417537,-3.948561814425517,14.211473085652358,35.27232613758855,4.658699444373121e-05,0.00034088015168698454,305052.3704167541,54.843744040371966,41690.52675939354,46.2003738246745,52.07117438482284,52.08633278032064,3.165192223898506,1.7395152887068128,5.198215933673458,,,0.4058434717848594,-3.916414355059547,14.319823034680919,35.27232613758855,4.658699444373121e-05,0.00034088015168698454,307378.12571224605,54.876729580873295,42008.380258614154,46.233359365175836,51.93768163017104,51.93113614473039,1.0294909808488721,1.7395152887068128,0.45489737993327006,0.4550117801503742,0.7074521498081231,0.4138424017724904,-3.8316501412363904,14.604554403933719,35.27232613758855,4.658699444373121e-05,0.00034088015168698454,313489.94667542714,54.96223617978874,42843.66318090719,46.31886596409128,51.52382125100074,51.5187068687361,0.37454904248959425,0.4417747618040363,0.45489737993327006,0.4550117801503742,0.7074521498081231,0.4119358477157268,-3.8517041297753387,14.538738644915577,35.27232613758855,4.658699444373121e-05,0.00034088015168698454,312077.19704854075,54.94262036663456,42650.587231215126,46.2992501509371,51.70086463800277,51.70036880970806,0.4166556784829595,0.6964370634100427,0.1147017073967485,0.05897485349935514,0.1323205118284206,0.4469730363079524,-3.497186749348865,15.776048402151213,35.27232613758855,4.658699444373121e-05,0.00034088015168698454,338636.3209415853,55.29733537170869,46280.33730939452,46.65396515601123,49.90509108584455,49.91715221746425,0.27651513131732663,0.4417747618040363,0.1147017073967485,0.05897485349935514,0.1323205118284206
23,0,1.1500000000000001,23,0.41362187024731567,-3.833965059957967,14.615541712706797,35.33208842206297,4.664666882879448e-05,0.0003410309670970173,313324.4469471051,54.95994281763343,42856.93418729606,46.32021100136455,51.68213821839272,51.675930974385,,,,,,0.40184420159411455,-3.9594229393769775,14.201307309368861,35.33208842206297,4.664666882879448e-05,0.0003410309670970173,304444.1900340491,54.83507690460737,41642.28084697317,46.195345088338485,52.20755084534037,52.200156545420796,3.141453957211093,1.7283000799425783,5.201217818583602,,,0.4031543147034857,-3.945286878629228,14.244537507924832,35.33208842206297,4.664666882879448e-05,0.0003410309670970173,305370.9485709692,54.84827718131493,41769.044111095376,46.20854536504605,52.131640943665104,52.13293054638139,1.0285525708134595,1.7283000799425783,0.4453166585739172,0.446405628843,0.6637455802183496,0.41216634042858774,-3.8492747777516527,14.563688188835153,35.33208842206297,4.664666882879448e-05,0.0003410309670970173,312212.8236485163,54.94450737052514,42704.88487543139,46.304775554256246,51.520746508501226,51.52470006272763,0.36986271882517274,0.44260804908488816,0.4453166585739172,0.446405628843,0.6637455802183496,0.40845470508598797,-3.8885609683507463,14.434794529428384,35.33208842206297,4.664666882879448e-05,0.0003410309670970173,309449.6325645004,54.9058997135488,42326.93192733415,46.266167897279914,51.95102830021824,51.94958326998441,0.41444696009243576,0.6926122462780787,0.10926739582510889,0.056674845427933364,0.12010507808952886,0.4491976517368368,-3.4756252275875332,15.877197015761784,35.33208842206297,4.664666882879448e-05,0.0003410309670970173,340371.5080713537,55.31953198870617,46556.46714699959,46.67980017243728,49.84336823032362,49.83798458958395,0.2767443311275882,0.44260804908488816,0.10926739582510889,0.056674845427933364,0.12010507808952886
24,0,1.2000000000000002,24,0.40800377902269025,-3.8933581435840257,14.443214923132308,35.391786138408484,4.6706292756987025e-05,0.00034123404289710665,309234.8818665698,54.9028847666844,42326.41854988488,46.266115221988954,51.7957251608482,51.800769126879345,,,,,,0.41027476993499346,-3.8692518938189386,14.519727292763637,35.391786138408484,4.6706292756987025e-05,0.00034123404289710665,310873.04163295124,54.92583062417335,42550.641106877534,46.28906107947791,51.84239340228568,51.846609915209775,3.157259859165453,1.7318349814270984,5.2059322814108615,,,0.40406148853637686,-3.935525405822683,14.292882859305138,35.391786138408484,4.6706292756987025e-05,0.00034123404289710665,306016.2135682883,54.857444371897444,41885.86442887504,46.220674827202004,52.05337576011188,52.0405960407434,1.0302529510350737,1.7318349814270984,0.4387087115747546,0.4386638757431006,0.6267103665240237,0.41327764492364416,-3.8375808600520447,14.627460525496087,35.391786138408484,4.6706292756987025e-05,0.00034123404289710665,313179.65229231113,54.95793537599715,42866.35765091806,46.3211658313017,51.62963408368165,51.620230099393495,0.3694192094105977,0.44312351395724103,0.4387087115747546,0.4386638757431006,0.6267103665240237,0.4090722014798474,-3.882000320002818,14.47426101536428,35.391786138408484,4.6706292756987025e-05,0.00034123404289710665,309899.5908468673,54.91221002850884,42417.400363916066,46.275440483813384,51.946890960403366,51.952634858952685,0.41321146756456156,0.6877978602807057,0.106108332617605,0.05609866924075731,0.11259121175716949,0.44571735926939865,-3.509404511996726,15.781183965587392,35.391786138408484,4.6706292756987025e-05,0.00034123404289710665,337881.3224953849,55.287641853783825,46247.39030022846,46.65087230908838,49.98052569910702,49.991155944819496,0.27836237808432396,0.44312351395724103,0.106108332617605,0.05609866924075731,0.11259121175716949
25,0,1.25,25,0.40895970181058094,-3.883194845196514,14.496629551174669,35.451186254491475,4.676539648553608e-05,0.0003414132718655213,309986.24283359357,54.91342420305136,42460.65031966514,46.27986641456904,51.780674180608244,51.78759192313631,,,,,,0.41321116194510105,-3.838279555316737,14.654232287757571,35.451186254491475,4.676539648553608e-05,0.0003414132718655213,313356.3144768789,54.96038450639097,42922.26897825373,46.326826717908666,51.801014775325186,51.80165001778842,3.1348767139345775,1.7286362040098546,5.172986333106123,,,0.4002473431847499,-3.976715422169877,14.196216441460615,35.451186254491475,4.676539648553608e-05,0.0003414132718655213,303562.4095660414,54.822479914369175,41580.73985785866,46.18892212588687,52.02388850562626,52.0148861847584,1.0259864436510022,1.7286362040098546,0.4321110542233879,0.43048828381552956,0.5916530663376396,0.41819363585447356,-3.786225806391382,14.82680949327175,35.451186254491475,4.676539648553608e-05,0.0003414132718655213,317046.5901611138,55.01123086707097,43427.74787944347,46.37767307858866,51.21221904366498,51.206103535334115,0.36749679533701335,0.443728836852366,0.4321110542233879,0.43048828381552956,0.5916530663376396,0.41287034629846187,-3.8418630845835864,14.630966131771554,35.451186254491475,4.676539648553608e-05,0.0003414132718655213,312858.80653864914,54.953483842689835,42854.12237147747,46.31992605420752,51.6086165252795,51.6077052991716,0.4104253580626736,0.6829165473834536,0.10056451772201562,0.053912331918462876,0.10312462705508849,0.4510009787919859,-3.4582251558656907,15.995438225681756,35.451186254491475,4.676539648553608e-05,0.0003414132718655213,342035.7663519208,55.34071522188025,46850.66323954205,46.707157433397946,49.658159772460635,49.66512687488479,0.2785172603466703,0.443728836852366,0.10056451772201562,0.053912331918462876,0.10312462705508849
26,0,1.3,26,0.4077862659008432,-3.89567405198193,14.48486782552664,35.51065961558964,4.6824276095412955e-05,0.00034159558703717515,309345.25919869205,54.90443464724456,42403.55664767497,46.27402285075718,51.654623125418574,51.6401844981704,,,,,,0.40440938601191895,-3.9317877334345153,14.345875842987724,35.51065961558964,4.6824276095412955e-05,0.00034159558703717515,306376.88479701,54.86255996000398,41996.666196470775,46.2321481635166,51.84736306448152,51.85321737057124,3.1651465819308453,1.7303149530310946,5.202050829191616,,,0.40309734183293466,-3.945900657295953,14.302895597665236,35.51065961558964,4.6824276095412955e-05,0.00034159558703717515,305458.9796224611,54.84952896674322,41870.84418074956,46.21911717025584,51.967066943527165,51.95502033976345,1.031773434120317,1.7303149530310946,0.4243887506251413,0.4229900358264099,0.5591116521494685,0.41849872006488437,-3.7830586591351203,14.859624093571643,35.51065961558964,4.6824276095412955e-05,0.00034159558703717515,317348.7202085616,55.015367512477994,43500.63249486446,46.38495571599062,51.385311224069426,51.38972111689319,0.3647205135639126,0.44284493037452133,0.4243887506251413,0.4229900358264099,0.5591116521494685,0.41226118944094453,-3.8482754806304422,14.643239964814692,35.51065961558964,4.6824276095412955e-05,0.00034159558703717515,312727.5248201688,54.95166107502725,42867.18131174539,46.321249278539874,51.74627752664484,51.75073112069076,0.4057427343443214,0.6760673848450094,0.09845804146910865,0.052671270879462516,0.09701548400227111,0.45073382697607994,-3.460798474808927,16.010467021728,35.51065961558964,4.6824276095412955e-05,0.00034159558703717515,341926.6320125008,55.33932928481963,46869.65414452387,46.70891748833225,49.810782302116124,49.80789227526919,0.27781720321443315,0.44284493037452133,0.09845804146910865,0.052671270879462516,0.09701548400227111
27,0,1.35,27,0.4058600394395593,-3.916237067640785,14.438735687777463,35.569771455067446,4.688246349382592e-05,0.0003417146329527486,307977.32481952314,54.88518742252806,42253.78223640195,46.25865589756237,52.0079788482293,51.99178304168761,,,,,,0.40430270729099294,-3.9329335053473393,14.382322233854458,35.569771455067446,4.688246349382592e-05,0.0003417146329527486,306774.02939264284,54.86818590710865,42088.69286508783,46.24165438214297,52.014821788802735,52.02012551738532,3.167887209054233,1.7261156998329046,5.21334358319564,,,0.40585323239516935,-3.9163099076920513,14.431094349121608,35.569771455067446,4.688246349382592e-05,0.0003417146329527486,307814.33554621285,54.882888419530225,42231.42048212229,46.25635689456453,51.945284212914245,51.9426899868766,1.0203377404253382,1.7261156998329046,0.41611001799898134,0.4151907507434185,0.5279366013521953,0.41882905059353154,-3.7796320265005585,14.894609926169196,35.569771455067446,4.688246349382592e-05,0.0003417146329527486,317701.093675052,55.02018709873489,43587.86100982917,46.393655573769195,51.240573635024475,51.23990817406153,0.36217622760479196,0.4440097150882786,0.41611001799898134,0.4151907507434185,0.5279366013521953,0.4049768278726115,-3.9256982571116543,14.410078175222926,35.569771455067446,4.688246349382592e-05,0.0003417146329527486,307366.06187771313,54.87655912763845,42169.91836347703,46.25002760267276,52.09566620728922,52.105069047455586,0.40271146813278164,0.6720376595393485,0.09464496089499556,0.0507403435620251,0.08965741539984423,0.45249807136970366,-3.443832674980714,16.10721352933136,35.569771455067446,4.688246349382592e-05,0.0003417146329527486,343565.85232455976,55.360099919345615,47136.44654356556,46.73356839437992,49.77181600597571,49.79239954412807,0.2783060294569789,0.4440097150882786,0.09464496089499556,0.0507403435620251,0.08965741539984423
28,0,1.4000000000000001,28,0.4058477438751675,-3.916368639516217,14.456551535620743,35.62925089553245,4.694148311559803e-05,0.00034181726106783663,307969.6374317799,54.88507901741262,42293.21682134629,46.26270718834035,51.96126609559313,51.96152438706233,,,,,,0.4035790173670345,-3.9407142142075164,14.371963860930723,35.62925089553245,4.694148311559803e-05,0.00034181726106783663,306167.6561334533,54.85959309469049,42045.75221284241,46.23722126561822,52.022432543106014,52.02610172770047,3.1542151128140072,1.7304647858020736,5.195341134891645,,,0.40675216715876505,-3.9067012448185774,14.494443493280679,35.62925089553245,4.694148311559803e-05,0.00034181726106783663,308776.85431426787,54.89644738489052,42404.07125140509,46.27407555581825,51.93320563952828,51.924190595562344,1.0297981018254165,1.7304647858020736,0.40938329598397144,0.40820114782396555,0.5007237595419815,0.4190516504783524,-3.777324444912851,14.923961795536854,35.62925089553245,4.694148311559803e-05,0.00034181726106783663,317926.93381214916,55.02327321593612,43660.64413749739,46.40090138686385,51.270724958060285,51.270953768998666,0.3601858467833027,0.44398350037350853,0.40938329598397144,0.40820114782396555,0.5007237595419815,0.405710696045789,-3.917835425238449,14.457988055610546,35.62925089553245,4.694148311559803e-05,0.00034181726106783663,308000.23978804256,54.88551054612727,42297.4194177433,46.26313871705499,52.00036068637189,52.00968369179285,0.40006767828379425,0.666814748473523,0.09177751879808833,0.049706530273079134,0.08414074908039312,0.4517135601767367,-3.4513687197671588,16.09908295107468,35.62925089553245,4.694148311559803e-05,0.00034181726106783663,342960.6796067585,55.35244331096152,47098.50784241021,46.73007148188924,49.69122557478615,49.705681539987715,0.27820407524970137,0.44398350037350853,0.09177751879808833,0.049706530273079134,0.08414074908039312
29,0,1.4500000000000002,29,0.4054880460961058,-3.9202194438999256,14.474357956841141,35.68844078087487,4.699991607008695e-05,0.00034195784542279486,307965.61285889894,54.885022263077055,42327.901379028524,46.26626736650215,52.00588527738681,52.000206406909015,,,,,,0.40324344820061375,-3.9443268019054614,14.385165395832013,35.68844078087487,4.699991607008695e-05,0.00034195784542279486,306067.8954060396,54.85817777231332,42067.072267478674,46.239422875738406,52.182073568211365,52.18804162781446,3.1432753586527715,1.7246101593671974,5.200085584487853,,,0.40224563257927803,-3.9550866259752633,14.359284382122093,35.68844078087487,4.699991607008695e-05,0.00034195784542279486,305517.23455653246,54.85035714289477,41991.38745996118,46.231602246319866,52.1418173131954,52.14091010005245,1.0160349327089193,1.7246101593671974,0.40282905011695896,0.40161988968125695,0.4757435662381499,0.4183540464655782,-3.7845602601094983,14.930200421115028,35.68844078087487,4.699991607008695e-05,0.00034195784542279486,317664.4060140639,55.01968555281379,43660.93839038963,46.40093065623888,51.352547373188884,51.351092941803344,0.3554077052914708,0.4431759610271027,0.40282905011695896,0.40161988968125695,0.4757435662381499,0.4139331847922409,-3.830697550574715,14.772272216268343,35.68844078087487,4.699991607008695e-05,0.00034195784542279486,314304.2254424395,54.97350219624006,43199.10308828851,46.35474729966516,51.590829687085844,51.58611444026691,0.39494719934631634,0.6604575390525659,0.08900495163759467,0.04910249617841589,0.07986886252675922,0.45801187207645777,-3.3912326454968977,16.34708901361903,35.68844078087487,4.699991607008695e-05,0.00034195784542279486,347811.0256461313,55.41343345065709,47804.3982099828,46.79467855408218,49.35073872858158,49.355017814215,0.27644279549380657,0.4431759610271027,0.08900495163759467,0.04910249617841589,0.07986886252675922
30,1,1.5,0,0.4022333699717512,-3.9552190242794123,14.386578818124178,35.74763724489281,4.705837916085661e-05,0.0003420802385618802,305717.68672583194,54.85320564749102,42056.152903207636,46.238295429740994,52.13575837263828,52.13640744138299,,,,,,0.40697863782463556,-3.9042838615159514,14.552871188884755,35.74763724489281,4.705837916085661e-05,0.0003420802385618802,309251.4329730656,54.903117206887195,42542.27385383512,46.28820698913715,51.912891368101626,51.905966214928036,3.12329825722736,1.7317194996643537,5.17129538582601,,,0.40123928607928605,-3.965965509952145,14.34845293746531,35.74763724489281,4.705837916085661e-05,0.0003420802385618802,304907.5041114128,54.84168112965165,41944.69986862385,46.22677091190161,52.15647169981621,52.153976160834375,1.026827243375956,1.7317194996643537,0.3963510985758151,0.3952583353936623,0.452545451782494,0.4179697964657233,-3.788551002876458,14.941713373130792,35.74763724489281,4.705837916085661e-05,0.0003420802385618802,317514.40741417167,55.017634364579536,43678.97261749579,46.4027241468295,51.38247258501491,51.377624842525314,0.35213317807131317,0.44282150925317804,0.3963510985758151,0.3952583353936623,0.452545451782494,0.41490389138379113,-3.820524919037767,14.839018705522866,35.74763724489281,4.705837916085661e-05,0.0003420802385618802,315332.1251205786,54.9876821766161,43378.766244746344,46.37277195886605,51.520459620004125,51.516714727300744,0.3912784349202587,0.6552659653736608,0.08744854079239103,0.35050435099431454,0.2513611246980524,0.46040168564856765,-3.3686309497593125,16.467899697515577,35.74763724489281,4.705837916085661e-05,0.0003420802385618802,349946.1730550562,55.44001248513359,48140.45899508058,46.82510226738355,49.29590089694859,49.327610292082746,0.2766060984738956,0.44282150925317804,0.08744854079239103,0.35050435099431454,0.2513611246980524
31,1,1.55,1,0.4019818136596253,-3.9579359469148176,14.398186386108899,35.80694934107859,4.7116748641371254e-05,0.00034219155396545927,305585.31310597376,54.85132477553168,42076.39323430598,46.24038505252813,52.15060619524885,52.15382239518461,,,,,,0.4069337897170878,-3.904762470393084,14.56448873118195,35.80694934107859,4.7116748641371254e-05,0.00034219155396545927,309114.89334799896,54.90119930145906,42562.38519742099,46.29025957845552,52.05658508071364,52.05728461558819,3.1793989045484192,1.7323878005733395,5.1942387936502765,,,0.4099624102421201,-3.8725596223837977,14.676551886495043,35.80694934107859,4.7116748641371254e-05,0.00034219155396545927,311493.30778754485,54.93448720586965,42889.87181716498,46.323547482866104,51.741155256611194,51.75557382497357,1.02232404329262,1.7323878005733395,0.3902703337623059,0.3888883634616627,0.43084786753761384,0.41601600319670873,-3.80889962723391,14.894299911252139,35.80694934107859,4.7116748641371254e-05,0.00034219155396545927,316114.76472241286,54.99844780837115,43526.205537953065,46.3875080853676,51.4952485746506,51.48911108440281,0.35141391390182897,0.44374883726551617,0.3902703337623059,0.3888883634616627,0.43084786753761384,0.41451214367562617,-3.8246274170222305,14.848921558138674,35.80694934107859,4.7116748641371254e-05,0.00034219155396545927,315151.66021240386,54.98519599321975,43393.59457024331,46.374256270216215,51.57088917195832,51.56377911362559,0.38917621552471177,0.6509369087377894,0.08651514669094987,0.20558312386801453,0.15552093084216648,0.4519548131427501,-3.449049841792338,16.190531822370325,35.80694934107859,4.7116748641371254e-05,0.00034219155396545927,343625.8292269788,55.36085800878492,47314.23565177939,46.749918285781376,49.760002388712834,49.76586586175026,0.2769338570227834,0.44374883726551617,0.08651514669094987,0.20558312386801453,0.15552093084216648
32,1,1.6,2,0.40831386230400213,-3.890058754775953,14.641126307062882,35.86606087053357,4.717480739815286e-05,0.0003423114559671464,310359.0054643479,54.91864351515297,42771.35939168824,46.31153053551807,51.88815630385729,51.89433452258591,,,,,,0.40844666824233694,-3.8886464219186707,14.648605765424747,35.86606087053357,4.717480739815286e-05,0.0003423114559671464,310517.55318874534,54.92086155358142,42793.20925452947,46.31374857394651,51.87201319612986,51.87661848781977,3.168256223171125,1.7276552338116236,5.219261454148068,,,0.4017511479492983,-3.9604287362539328,14.407068494343955,35.86606087053357,4.717480739815286e-05,0.0003423114559671464,305397.50534112554,54.848654851728966,42087.60251286093,46.24154187209406,52.16570730821034,52.169548706836295,1.0237736871736867,1.7276552338116236,0.38507032819783604,0.3833253889842798,0.4117193128379079,0.4146697898681492,-3.822976033422057,14.875265580480464,35.86606087053357,4.717480739815286e-05,0.0003423114559671464,315322.23237148626,54.98754592555271,43455.35424297377,46.3804329459178,51.58424951602524,51.59010807989265,0.3496506380848925,0.44404890210479425,0.38507032819783604,0.3833253889842798,0.4117193128379079,0.4138163010895027,-3.831924055654496,14.842333724806826,35.86606087053357,4.717480739815286e-05,0.0003423114559671464,314624.15096978185,54.977920565909486,43359.149879667864,46.37080758627458,51.603311920418626,51.60293697782739,0.38665420272187323,0.6470499092604868,0.08535581841806336,0.16823388269312048,0.13119467722212952,0.46061191149550956,-3.3666483530387215,16.52560811697375,35.86606087053357,4.717480739815286e-05,0.0003423114559671464,350305.7887973659,55.444473140861206,48276.52662188381,46.8373601612263,49.378375557837536,49.392272049764834,0.2768929682588734,0.44404890210479425,0.08535581841806336,0.16823388269312048,0.13119467722212952
33,1,1.6500000000000001,3,0.4110343258349579,-3.861219082985741,14.764125380219586,35.92462893725995,4.7231724177486826e-05,0.00034246617079125737,312589.16834666306,54.94973925030656,43111.19357017815,46.34590046833624,51.658194654456096,51.660189904077285,,,,,,0.4087784331888645,-3.8851202528563435,14.688165898518795,35.92462893725995,4.7231724177486826e-05,0.00034246617079125737,310980.93822117895,54.92733769479996,42889.392153923545,46.32349891282965,51.86838351490216,51.872220600568525,3.160926315533559,1.7307129047495518,5.181423156555515,,,0.40711586329832306,-3.902819749757887,14.630415133003131,35.92462893725995,4.7231724177486826e-05,0.00034246617079125737,309758.2268651707,54.910228496234055,42720.760124131426,46.306389714263744,52.0232409135628,52.025264524537285,1.0189764587430985,1.7307129047495518,0.3803620588008864,0.3778460901945731,0.3939660807436607,0.41690076336188964,-3.7996730966249403,14.978273416032767,35.92462893725995,4.7231724177486826e-05,0.00034246617079125737,317123.1556093016,55.01227954377104,43736.50507267896,46.40844076180073,51.45968598220145,51.46817655581894,0.34971766180867336,0.4446190732605381,0.3803620588008864,0.3778460901945731,0.3939660807436607,0.415798574927031,-3.8111700346627964,14.944606039196396,35.92462893725995,4.7231724177486826e-05,0.00034246617079125737,316410.3428246178,55.00250671280264,43638.1964521265,46.39866793083233,51.635534696325465,51.63206495302526,0.3855374230418761,0.6434232251655054,0.08483223098374532,0.15785190853656,0.12238177635147304,0.45731004757784177,-3.3978925661259094,16.43016515105848,35.92462893725995,4.7231724177486826e-05,0.00034246617079125737,347862.91284470994,55.41408129220524,47976.0237722082,46.81024251023493,49.64439659376596,49.643951197072354,0.2785221084872257,0.4446190732605381,0.08483223098374532,0.15785190853656,0.12238177635147304
34,1,1.7000000000000002,4,0.40339606813727047,-3.942683391292247,14.515030356703424,35.983602181396115,4.728961130178968e-05,0.0003425775760876555,306939.0920570773,54.87052204116071,42370.05387938601,46.270590162668654,52.178307122170644,52.18422396818251,,,,,,0.40233682201393517,-3.954102188190846,14.471255095151019,35.983602181396115,4.728961130178968e-05,0.0003425775760876555,306013.40752833284,54.8574045487377,42242.271839322755,46.25747267024564,52.03428266956233,52.032799981679524,3.1373388682830363,1.7326277338639553,5.156834611103503,,,0.40614972933543286,-3.91313831850213,14.615209411047877,35.983602181396115,4.728961130178968e-05,0.0003425775760876555,309057.5077426099,54.900392981028425,42662.48123405566,46.30046110253637,51.96862277832257,51.97064288632661,1.020591155014268,1.7326277338639553,0.376618060570843,0.37364592505852584,0.37896140556500535,0.41820806245270853,-3.786075988617952,15.046246660247707,35.983602181396115,4.728961130178968e-05,0.0003425775760876555,318172.34792281495,55.02662432801539,43920.69916566231,46.426692449523316,51.269763837855784,51.28497232256437,0.35033811925185177,0.44629813528957263,0.376618060570843,0.37364592505852584,0.37896140556500535,0.41258538245466847,-3.844861627703633,14.846595174721326,35.983602181396115,4.728961130178968e-05,0.0003425775760876555,313950.459012537,54.96861122356834,43337.907122451354,46.36867934507628,51.69563034904811,51.68974620855171,0.38707364682764156,0.641073096130457,0.08418874456872541,0.15459219839691127,0.11814410001788189,0.45396821059984055,-3.4297455781348285,16.335393860960085,35.983602181396115,4.728961130178968e-05,0.0003425775760876555,345433.03299136803,55.38363865831063,47683.78026231448,46.78370677981857,49.860103886606375,49.8520032865931,0.2811220146538475,0.44629813528957263,0.08418874456872541,0.15459219839691127,0.11814410001788189
35,1,1.75,5,0.40756207013195905,-3.8980624051174773,14.6878064365444,36.042023197468914,4.734638949972218e-05,0.00034264755475797834,310220.2003519315,54.91670073992548,42865.63914608646,46.32109303638376,51.94558626062322,51.94063237132123,,,,,,0.40836713924813034,-3.889492122692278,14.722854319239492,36.042023197468914,4.734638949972218e-05,0.00034264755475797834,310960.4443930383,54.927051482731535,42967.924664276856,46.33144377918981,51.78771292370485,51.779283977954435,3.1749381745018272,1.733465811835044,5.204892594994986,,,0.4039583228900442,-3.9366343952443312,14.55959590894532,36.042023197468914,4.734638949972218e-05,0.00034264755475797834,307512.2741731078,54.87862455068395,42491.46304058459,46.28301684714223,52.14251129196718,52.12993654196276,1.0322905770035173,1.733465811835044,0.3711069715996791,0.3688337220449693,0.36320384918554893,0.4204762280245232,-3.7625855237405252,15.15222044234362,36.042023197468914,4.734638949972218e-05,0.00034264755475797834,320029.0582333111,55.05189413499379,44221.00853177271,46.45628643145206,51.22844056084544,51.22948057024895,0.34978550990663976,0.4468803065609676,0.3711069715996791,0.3688337220449693,0.36320384918554893,0.4077794079466714,-3.895747090162657,14.698048457908977,36.042023197468914,4.734638949972218e-05,0.00034264755475797834,310436.5214161731,54.91972808322263,42895.52998062579,46.324120379680906,51.88655066904771,51.886404739921076,0.385661328840181,0.6384038570097748,0.08250434611341109,0.15304622854926767,0.11441679616585058,0.45406720082130414,-3.4287986787832487,16.367121024944804,36.042023197468914,4.734638949972218e-05,0.00034264755475797834,345688.894082216,55.38685427224539,47766.6360015479,46.791246568703656,49.781356229624386,49.802362939375584,0.2815889225672238,0.4468803065609676,0.08250434611341109,0.15304622854926767,0.11441679616585058
36,1,1.8,6,0.40517973977305244,-3.9235227882199375,14.62613664611997,36.101008255715826,4.7404192964532254e-05,0.00034267770453625735,308540.99039431434,54.893128692428334,42681.90329427294,46.30243777476191,52.057008925306775,52.057857406839126,,,,,,0.4042112521336308,-3.933916010841286,14.592103082566528,36.101008255715826,4.7404192964532254e-05,0.00034267770453625735,307823.0462331532,54.88301131665714,42582.58675542924,46.29232039899072,51.96824465920088,51.95261485261936,3.1705659672586504,1.7226796183888595,5.203209405608468,,,0.4061205269296946,-3.9134505900294467,14.66808110122862,36.101008255715826,4.7404192964532254e-05,0.00034267770453625735,309425.81623957306,54.905565452478335,42804.305348895694,46.31487453481191,51.8857935526262,51.88569186996115,1.0117451908662431,1.7226796183888595,0.36463132825877637,0.3634657025926101,0.34721353712777053,0.4175637087702503,-3.792772536976386,15.077175892014907,36.101008255715826,4.7404192964532254e-05,0.00034267770453625735,318055.74463203346,55.02503244086303,43998.12328735747,46.43434152319661,51.29261997807059,51.305376066016855,0.3477256306465022,0.44835723566216606,0.36463132825877637,0.3634657025926101,0.34721353712777053,0.40498888012590484,-3.925569011464623,14.621325554445576,36.101008255715826,4.7404192964532254e-05,0.00034267770453625735,308439.4995477558,54.89169989797729,42667.86359571447,46.30100898031087,51.99840591871002,51.994192990648195,0.38525507948970983,0.6360263912830038,0.08119817335868046,0.15055660505950347,0.1095896287559559,0.4521394978217345,-3.4472755238452404,16.319951935563484,36.101008255715826,4.7404192964532254e-05,0.00034267770453625735,344272.3294071064,55.3690211806126,47624.78480369515,46.77833026294618,49.80006719961198,49.81445097316109,0.2830546732451039,0.44835723566216606,0.08119817335868046,0.15055660505950347,0.1095896287559559
37,1,1.85,7,0.4068787578777838,-3.90534982983466,14.718390145045287,36.159320183014486,4.746063979190567e-05,0.00034272116003488236,310117.81993624714,54.9152672230835,42945.67088751462,46.329193915800104,51.8846250676879,51.878730366678305,,,,,,0.4045086103561245,-3.9307222957617585,14.628364803361222,36.159320183014486,4.746063979190567e-05,0.00034272116003488236,308220.9777933939,54.88862193856348,42682.99279178542,46.30254863128009,51.9763968987217,51.97107469090012,3.1796368926875727,1.7275340438514326,5.189047643975188,,,0.40535497610449917,-3.921644912504777,14.656367206148753,36.159320183014486,4.746063979190567e-05,0.00034272116003488236,308810.9909687389,54.89692749021629,42764.69887256748,46.31085418293289,51.958098552885225,51.95440444559456,1.024267390495712,1.7275340438514326,0.36006328933615817,0.3585967934286335,0.3333723664714856,0.4193693216881427,-3.774033428474726,15.169430780713245,36.159320183014486,4.746063979190567e-05,0.00034272116003488236,319621.2871808013,55.04635696165387,44261.728044948526,46.46028365437048,51.29047495110568,51.294971975220065,0.3454375493691606,0.4488340251399968,0.36006328933615817,0.3585967934286335,0.3333723664714856,0.4075441758090948,-3.8982530896010594,14.737566896324187,36.159320183014486,4.746063979190567e-05,0.00034272116003488236,310521.87583104713,54.92092201028066,43001.62527118019,46.33484870299728,51.76506152675829,51.755920715399576,0.38292180400805387,0.6318795491638848,0.07986263367412752,0.14898410050276914,0.10613912505371274,0.4543771810071492,-3.4258348718154363,16.431882956356798,36.159320183014486,4.746063979190567e-05,0.00034272116003488236,346221.26942248316,55.39353744385931,47945.34120590731,46.80746413657591,49.66091694150741,49.66404142379861,0.28332166135708065,0.4488340251399968,0.07986263367412752,0.14898410050276914,0.10613912505371274
38,1,1.9000000000000001,8,0.4069731799023943,-3.9043421044109348,14.743991050402443,36.21751987910125,4.751659327991977e-05,0.00034273790615467877,310291.4168014054,54.91769762411937,43018.267853187004,46.33652919372048,52.01524785436003,52.00947198270713,,,,,,0.4037283053898858,-3.9391080113786803,14.62997864387371,36.21751987910125,4.751659327991977e-05,0.00034273790615467877,307891.99380706134,54.88398395981402,42685.615979900256,46.30281552941513,51.997166873512164,51.98186345209763,3.1514802687514516,1.7260541055766734,5.1741121120140425,,,0.40586510530707953,-3.9161828601710686,14.703859053266612,36.21751987910125,4.751659327991977e-05,0.00034273790615467877,309446.827693356,54.905860348642435,42901.17547322213,46.32469191824355,51.79967944946425,51.7893270006925,1.0191320322426836,1.7260541055766734,0.35622603022904376,0.35418389309840526,0.32090561304501464,0.42032952691859826,-3.764101010071684,15.231313666991948,36.21751987910125,4.751659327991977e-05,0.00034273790615467877,320547.25761302863,55.058920657038456,44440.11996769918,46.477752226639566,51.250166488034154,51.2567839411474,0.3440348124400695,0.44822586390419283,0.35622603022904376,0.35418389309840526,0.32090561304501464,0.4125531807313078,-3.845200601820087,14.947091806264037,36.21751987910125,4.751659327991977e-05,0.00034273790615467877,314565.72903303214,54.977114058187986,43610.85114267567,46.39594562778911,51.625513758638036,51.614701471551506,0.38083128054249465,0.6286758100594546,0.0792002622693669,0.14715341006255162,0.10258445175377373,0.4591583303380612,-3.380375320329608,16.627964003518823,36.21751987910125,4.751659327991977e-05,0.00034273790615467877,349940.15470687585,55.43993779485029,48515.10062039816,46.858769364451405,49.46579028196405,49.49195254161713,0.2823492353954074,0.44822586390419283,0.0792002622693669,0.14715341006255162,0.10258445175377373
39,1,1.9500000000000002,9,0.40852122626966725,-3.8878537312839825,14.821126596816066,36.27538928876565,4.757196564065347e-05,0.00034278125943050357,311551.6964081554,54.935301203434534,43237.85559758976,46.35864146769997,51.778770541019796,51.78202783531408,,,,,,0.4063666506747448,-3.9108194054260075,14.750908962965022,36.27538928876565,4.757196564065347e-05,0.00034278125943050357,310075.66671492276,54.9146768617902,43033.008827472564,46.33801712605564,52.10151423341797,52.10075253936994,3.1610017839508195,1.7268465739269885,5.203712548484141,,,0.4070545028909347,-3.903474366715055,14.764257770764914,36.27538928876565,4.757196564065347e-05,0.00034278125943050357,310356.26911636075,54.91860522446221,43071.95146926713,46.34194548872766,51.853719516339126,51.86359693234012,1.0243213924291594,1.7268465739269885,0.3520453953747592,0.3498232637259821,0.3089049222941785,0.42191711711005847,-3.7477285500293274,15.31430281559731,36.27538928876565,4.757196564065347e-05,0.00034278125943050357,321918.64703001047,55.07746133776906,44676.60466922981,46.50080160203451,51.22547009204542,51.21321558426486,0.34327919800371826,0.44977533133409614,0.3520453953747592,0.3498232637259821,0.3089049222941785,0.41245428039691123,-3.8462418498503492,14.964364008466674,36.27538928876565,4.757196564065347e-05,0.00034278125943050357,314562.6590564635,54.977071673393134,43655.72386695951,46.400411937658575,51.61221330139132,51.61063524539554,0.3800555641204625,0.627018384350784,0.0786116555067824,0.14526765300094088,0.09906024859211793,0.4527787086422375,-3.441140034995395,16.429159184172157,36.27538928876565,4.757196564065347e-05,0.00034278125943050357,345353.8016123582,55.38264241028954,47928.98891691904,46.80598267455498,49.6803141523333,49.673987307140564,0.2831822304577406,0.44977533133409614,0.0786116555067824,0.14526765300094088,0.09906024859211793
40,1,2.0,10,0.4056855204507904,-3.9181049266674117,14.737806513046044,36.33363097868003,4.762837000226556e-05,0.00034283296187940756,309433.3589905555,54.90567131743958,42988.30086889401,46.33350279779799,52.02691487901895,52.029346959393784,,,,,,0.4065855666746253,-3.908480423847078,14.768755874682057,36.33363097868003,4.762837000226556e-05,0.00034283296187940756,310083.1683716983,54.91478192932963,43078.57620725806,46.34261340968805,51.89676218102744,51.8975152520732,3.162855738614886,1.7334430878534963,5.188969492999375,,,0.40582958741459496,-3.916562934720355,14.758071324697307,36.33363097868003,4.762837000226556e-05,0.00034283296187940756,309858.8367394329,54.91163886131815,43047.41073843565,46.339470341676574,51.99928892204201,51.99498862955386,1.0111662529891765,1.7334430878534963,0.3469155037759675,0.3461361202896801,0.29760630589284714,0.42724908801987277,-3.6931885562503615,15.534826117475637,36.33363097868003,4.762837000226556e-05,0.00034283296187940756,326167.4946410445,55.13440677729893,45313.105345279066,46.56223825765735,50.938905979859356,50.93151465238594,0.34169893005651597,0.450533187110128,0.3469155037759675,0.3461361202896801,0.29760630589284714,0.4141075215985798,-3.828868811636641,15.045728760487865,36.33363097868003,4.762837000226556e-05,0.00034283296187940756,315898.460513601,54.99547509437668,43886.470769926265,46.42330657473509,51.50531022094013,51.50207523123394,0.37840517084640934,0.6246497152396624,0.07890186736290246,0.1441545859266929,0.09693768390110005,0.4546069128815572,-3.4236396455586124,16.51959076829241,36.33363097868003,4.762837000226556e-05,0.00034283296187940756,346843.5045647503,55.401335657575615,48185.53816334388,46.829167137934036,49.58616984284593,49.590080846331645,0.2835007491133935,0.450533187110128,0.07890186736290246,0.1441545859266929,0.09693768390110005
41,1,2.0500000000000003,11,0.4046146480892814,-3.9295839870512737,14.726728592441258,36.39163306763412,4.768384523970786e-05,0.00034287084752340085,308841.04497885256,54.89735013241617,42951.24155003048,46.32975722079581,52.027917791998654,52.031822305433195,,,,,,0.4075781052775815,-3.8978915394069817,14.838376301803285,36.39163306763412,4.768384523970786e-05,0.00034287084752340085,311182.4607938056,54.93015110826883,43276.86768642694,46.362558196648465,51.775021808455236,51.7666560269209,3.182875564664471,1.735828241241446,5.176770047642708,,,0.4074805640123415,-3.8989310138656914,14.821402523235312,36.39163306763412,4.768384523970786e-05,0.00034287084752340085,310826.49582322396,54.92518032327589,43227.36281107642,46.35758741165552,51.97761335774594,51.980285734234066,1.0260337054393385,1.735828241241446,0.34316201463319956,0.34270966169687295,0.28761096389151974,0.42613763008331096,-3.7045011373207344,15.521682716373444,36.39163306763412,4.768384523970786e-05,0.00034287084752340085,325512.39603990753,55.12567531857271,45269.76506894216,46.55808240695235,50.87658672478178,50.87082924718788,0.3418755486916258,0.45216786008928417,0.34316201463319956,0.34270966169687295,0.28761096389151974,0.4091831600314523,-3.880822480192802,14.896903651135798,36.39163306763412,4.768384523970786e-05,0.00034287084752340085,312409.86493955547,54.94724739101454,43447.56563218484,46.379654479394176,51.88753138219503,51.88873785796356,0.37613347225438193,0.622498711487172,0.077956101352066,0.14256626755124835,0.09391805803190381,0.4512599722620593,-3.4557318763358658,16.424623934906272,36.39163306763412,4.768384523970786e-05,0.00034287084752340085,344448.3944685938,55.37124164773882,47903.23835795137,46.80364873611846,49.82751683139829,49.825930665018724,0.28398285004604823,0.45216786008928417,0.077956101352066,0.14256626755124835,0.09391805803190381
42,1,2.1,12,0.403963597395243,-3.936577689554211,14.727238785584897,36.449054468354,4.773831163605522e-05,0.0003428704881768713,308499.36415559956,54.89254273250949,42952.77457063549,46.329912226910665,52.031340298986024,52.02186761621954,,,,,,0.4025119226911923,-3.952212509922467,14.679619040940798,36.449054468354,4.773831163605522e-05,0.0003428704881768713,307501.8478419281,54.87847729884254,42813.88905471575,46.31584679324371,51.977514180215074,51.97016147359945,3.132026964171955,1.7358554386531975,5.188551547397012,,,0.4078825618207798,-3.894648616525009,14.862918465124284,36.449054468354,4.773831163605522e-05,0.0003428704881768713,311341.5191227416,54.932370401285304,43348.491566463366,46.36973989568648,51.9385246723179,51.935688926627776,1.0231714133742806,1.7358554386531975,0.3389172948472311,0.3392199839633804,0.27778841818552663,0.4246193984203148,-3.7200016929752575,15.484968260422619,36.449054468354,4.773831163605522e-05,0.0003428704881768713,324371.92958301684,55.110432642978466,45162.73285216261,46.54780213737964,51.11739105344277,51.113022025891404,0.34191741649944707,0.4535757015147902,0.3389172948472311,0.3392199839633804,0.27778841818552663,0.41279929621387607,-3.842610518137196,15.04783143423017,36.449054468354,4.773831163605522e-05,0.0003428704881768713,315214.99019385147,54.98606862382471,43887.800067726086,46.423438118225874,51.62899625997498,51.62341536747417,0.3763195133023861,0.6211432922302456,0.07714396655968228,0.14119893684679807,0.09143080150624708,0.44651273179738915,-3.501661531908468,16.276423813898997,36.449054468354,4.773831163605522e-05,0.0003428704881768713,340950.9732557432,55.326919344902734,47471.05503435084,46.76428883930391,50.074803745569284,50.06607560735589,0.2858332495311258,0.4535757015147902,0.07714396655968228,0.14119893684679807,0.09143080150624708
43,1,2.15,13,0.4092422853301006,-3.8801949877038027,14.939811397437206,36.50641994994475,4.779264696884569e-05,0.0003428674135519048,312596.4420254005,54.94984030568872,43573.14462365946,46.3921890359932,51.88384298774423,51.88895601966834,,,,,,0.40096652629923685,-3.9689188186940556,14.641173316434632,36.50641994994475,4.779264696884569e-05,0.0003428674135519048,306347.8222074347,54.8621479732782,42702.142979295364,46.30449670358268,52.233653571115816,52.23268284916016,3.175969542099861,1.7353159259360305,5.193743316875856,,,0.4038075413070209,-3.938255746508173,14.742224390746292,36.50641994994475,4.779264696884569e-05,0.0003428674135519048,308462.18666976574,54.892019329488775,42996.866450577836,46.334368059793256,52.057558738848876,52.05764116856881,1.0202115243824124,1.7353159259360305,0.33556091645125874,0.33539144006774657,0.26844556276145687,0.4229808131935006,-3.7367933218329163,15.44174857447886,36.50641994994475,4.779264696884569e-05,0.0003428674135519048,323098.83536153124,55.09335392567405,45037.08420264097,46.53570265597853,51.257482672403356,51.24591757192335,0.3434078508843986,0.4554241340350934,0.33556091645125874,0.33539144006774657,0.26844556276145687,0.4094061821376111,-3.8784560366672354,14.944447763757427,36.50641994994475,4.779264696884569e-05,0.0003428674135519048,312693.45205966884,54.95118787018028,43586.66695368258,46.39353660048475,51.67910055383231,51.67921932343984,0.3774275273530431,0.6207724905086254,0.07618243437303453,0.139256078272237,0.08819275832157211,0.44471809500169357,-3.5191519931313846,16.23383661638967,36.50641994994475,4.779264696884569e-05,0.0003428674135519048,339672.26437514386,55.31060086403166,47347.27178712222,46.75294959433614,50.144912121449764,50.145687785575674,0.288233939269371,0.4554241340350934,0.07618243437303453,0.139256078272237,0.08819275832157211
44,1,2.2,14,0.39591824847194285,-4.0239448049578055,14.473124448749886,36.56378027917383,4.7847078593415993e-05,0.0003428708607687483,302487.1083924748,54.807068703163715,42211.590732148536,46.25431718730503,52.435322809218064,52.43830231024903,,,,,,0.4105232951574586,-3.8666219379109257,15.001979916610882,36.56378027917383,4.7847078593415993e-05,0.0003428708607687483,313540.1440930446,54.96293153593974,43754.024133095045,46.41018002008104,51.683778280843704,51.67839012301921,3.1562822137754525,1.7347077053082902,5.188712547697679,,,0.40704507587582056,-3.9035749465642984,14.881693990257157,36.56378027917383,4.7847078593415993e-05,0.0003428708607687483,311026.17814381997,54.92796943833737,43403.204217736726,46.37521792247868,51.85265558171416,51.85493260483371,1.0189864203974648,1.7347077053082902,0.33260070538813225,0.3316408953675229,0.2596915285650919,0.41973100687310916,-3.77028946879795,15.35417868974245,36.56378027917383,4.7847078593415993e-05,0.0003428708607687483,320901.0694302926,55.063711644214656,44781.229455652654,46.51096012835596,51.332527699458254,51.31978700044549,0.3427882430867095,0.4562585665215166,0.33260070538813225,0.3316408953675229,0.2596915285650919,0.40572284931956054,-3.9177053320283135,14.830428007484121,36.56378027917383,4.7847078593415993e-05,0.0003428708607687483,309954.7233281838,54.91298258850962,43253.684417021985,46.36023107265095,51.88857905672368,51.891993682145824,0.37669175689062684,0.6192628981844377,0.07454601502603818,0.13716702881082005,0.0850358210999952,0.44187223174321416,-3.547032896339334,16.15870108744288,36.56378027917383,4.7847078593415993e-05,0.0003428708607687483,337715.5212495335,55.285510210681046,47127.65923360641,46.73275869482236,50.34850084992452,50.35028846868463,0.2887453369742508,0.4562585665215166,0.07454601502603818,0.13716702881082005,0.0850358210999952
45,1,2.25,15,0.403842232482792,-3.9378826593927845,14.787287079874034,36.6212669041867,4.7901567695554195e-05,0.00034283872079698936,308701.52671947854,54.89538777341523,43131.904837056805,46.347986383443114,52.07364654316768,52.068063164250226,,,,,,0.4087484665776744,-3.8854386358695687,14.968329262414244,36.6212669041867,4.7901567695554195e-05,0.00034283872079698936,312480.98929763155,54.948236008984075,43659.97290976267,46.40083461901195,51.79419667480247,51.80232224744282,3.15079703418548,1.730954239923396,5.193667244541786,,,0.41256817760147363,-3.845042732728619,15.114435391095734,36.6212669041867,4.7901567695554195e-05,0.00034283872079698936,315531.12180289923,54.99042201490393,44086.13868340061,46.44302062493181,51.6061466124486,51.59887694605078,1.0189333509484442,1.730954239923396,0.3280948335791619,0.3278812255168971,0.2506730798865554,0.42088699961660875,-3.7583448855933206,15.4220023228637,36.6212669041867,4.7901567695554195e-05,0.00034283872079698936,321951.93319936027,55.07791037209767,44983.25710413492,46.53050898212555,51.331537588109065,51.32858602399936,0.34195256852202044,0.4566911937230086,0.3280948335791619,0.3278812255168971,0.2506730798865554,0.40700190769001043,-3.9040355515487075,14.906041103572258,36.6212669041867,4.7901567695554195e-05,0.00034283872079698936,311180.6527567094,54.93012587475107,43478.28935109933,46.382724484778954,51.779215100865386,51.77992046078234,0.37507783656370147,0.6172317337524171,0.07461830304005503,0.13646417848240608,0.0836545516185877,0.44515134405282125,-3.514923110133414,16.306437640418288,36.6212669041867,4.7901567695554195e-05,0.00034283872079698936,340415.5317850215,55.32009366966736,47562.998725788864,46.77269227969524,50.252380117802076,50.253315850699565,0.2887655432556505,0.4566911937230086,0.07461830304005503,0.13646417848240608,0.0836545516185877
46,1,2.3000000000000003,16,0.4096830171606933,-3.8755203874704685,15.024298460538343,36.6782409088864,4.795527372770519e-05,0.0003428315275962933,313298.1483089389,54.95957828071661,43824.14466335326,46.417134485168674,51.85569205045675,51.8465836035053,,,,,,0.4034407292247348,-3.942202598548912,14.795372833563684,36.6782409088864,4.795527372770519e-05,0.0003428315275962933,308524.41626281355,54.89289539288578,43156.39502964911,46.35045159733784,52.05797210870636,52.057148085617165,3.1528815484659236,1.7211372297318674,5.1989979973421505,,,0.4051916645442855,-3.9233949736816336,14.86501230638736,36.6782409088864,4.795527372770519e-05,0.0003428315275962933,309976.591746559,54.91328898804781,43359.52533482244,46.37084519249987,52.035247603167285,52.0360335162782,1.0073674118130462,1.7211372297318674,0.32386545711248094,0.32363943954089586,0.24172609255103622,0.42053828724452424,-3.761944584104948,15.436562137558141,36.6782409088864,4.795527372770519e-05,0.0003428315275962933,321894.9854234693,55.077142111687465,45026.67023009538,46.534698316139526,51.436435428404465,51.43910376356142,0.3420726797663893,0.4577160353070625,0.32386545711248094,0.32363943954089586,0.24172609255103622,0.4069258225771252,-3.9048474994293003,14.925127817627867,36.6782409088864,4.795527372770519e-05,0.0003428315275962933,311230.16630817764,54.93081684803009,43534.87534321286,46.38837305248215,51.84842868782507,51.86027744047483,0.3757348857642225,0.6152267302906347,0.07487654026648262,0.13524512119846596,0.08172358063155968,0.4444925086426245,-3.521355541146593,16.302535846948196,36.6782409088864,4.795527372770519e-05,0.0003428315275962933,339952.93071447394,55.31418789553776,47552.61559883578,46.771744099989824,50.332424670764595,50.33531112829885,0.29047032905424175,0.4577160353070625,0.07487654026648262,0.13524512119846596,0.08172358063155968
47,1,2.35,17,0.4048322572193895,-3.9272489000659587,14.867722763618076,36.7356516271023,4.8009763714559144e-05,0.00034280514061387033,309681.23175972607,54.909148857243196,43370.769577708335,46.37197128406241,52.07345868548988,52.07790981192174,,,,,,0.405554685469567,-3.9195057672683387,14.896103898414921,36.7356516271023,4.8009763714559144e-05,0.00034280514061387033,310272.38515438937,54.917431242507774,43453.560444688985,46.38025366932698,51.785882678694556,51.782502931815465,3.192076173275078,1.7293897387596693,5.207134462920257,,,0.4155453053862498,-3.8138161975805267,15.264289370932303,36.7356516271023,4.8009763714559144e-05,0.00034280514061387033,317941.3558809778,55.023470219781494,44527.597642200264,46.4862926466007,51.52970752106256,51.53556401663885,1.016456653306535,1.7293897387596693,0.3206928447433692,0.3202710513612463,0.2341670437329512,0.42556570328093146,-3.7103337948184842,15.643859316572492,36.7356516271023,4.8009763714559144e-05,0.00034280514061387033,325847.45489652205,55.130143331919435,45634.84459001582,46.59296575873864,51.10405647761233,51.09544089383099,0.3410103653533253,0.45779213018717024,0.3206928447433692,0.3202710513612463,0.2341670437329512,0.40722369066010067,-3.901669644049175,14.964526291683104,36.7356516271023,4.8009763714559144e-05,0.00034280514061387033,311697.5617846054,54.93733405075578,43653.15603169114,46.400156477575,51.87171011478872,51.861682264401644,0.37454060668423284,0.6130065266862634,0.07458445493624363,0.13338028615936817,0.07904099148853798,0.4433108976188905,-3.5329159259514284,16.28376695961666,36.7356516271023,4.8009763714559144e-05,0.00034280514061387033,339176.1529265462,55.30425309927588,47501.52500763811,46.767075526095105,50.33944470058423,50.328033006102295,0.29038483816239824,0.45779213018717024,0.07458445493624363,0.13338028615936817,0.07904099148853798
48,1,2.4000000000000004,18,0.40082393315671183,-3.9704635468678173,14.748235034847317,36.79278177032934,4.806349258297279e-05,0.00034276698230025605,306849.0083068183,54.86924724043048,43027.000255025145,46.337410691106335,52.079361556120126,52.078891178380744,,,,,,0.40323446554661785,-3.9444235464535,14.834664340192862,36.79278177032934,4.806349258297279e-05,0.00034276698230025605,308647.24020177143,54.89462398035673,43279.15203687278,46.36278743103257,51.99255547558967,51.98579205400249,3.1357399764106764,1.7313608480018314,5.172901388624735,,,0.4051315053417562,-3.9240398228162294,14.91431090073265,36.79278177032934,4.806349258297279e-05,0.00034276698230025605,310304.3515821459,54.917878659962255,43511.51560936536,46.3860421106381,51.922704078807215,51.93116105650709,1.0232635822330394,1.7313608480018314,0.31768654448830735,0.31673424204221834,0.22681697424135622,0.42067481863010636,-3.760534838406231,15.480571446540088,36.79278177032934,4.806349258297279e-05,0.00034276698230025605,322085.862150274,55.07971662029016,45163.54329886845,46.547880070966016,51.35668629687767,51.34182653990907,0.33955012471259743,0.4584104120326439,0.31768654448830735,0.31673424204221834,0.22681697424135622,0.41116888895726733,-3.8597975360747823,15.13431000043668,36.79278177032934,4.806349258297279e-05,0.00034276698230025605,314881.611533121,54.981472994333835,44153.34843184916,46.44963644500968,51.72409678134272,51.71570491420871,0.372909144132945,0.6118435823262954,0.07406594836910865,0.13143079913542038,0.07633591112561691,0.4448370176393541,-3.517990795924306,16.361431106157788,36.79278177032934,4.806349258297279e-05,0.00034276698230025605,340412.86279628525,55.32005961917564,47733.39309509557,46.78822306985148,50.32109094285822,50.31680801971133,0.2901183903074754,0.4584104120326439,0.07406594836910865,0.13143079913542038,0.07633591112561691
49,1,2.45,19,0.40487006331572795,-3.926843344132189,14.917987819802054,36.84996698744267,4.811744303484536e-05,0.0003427846117084614,310032.8462798584,54.91407707390466,43520.00442916561,46.3868893088962,51.99758834871282,51.98584691204034,,,,,,0.4092574773540901,-3.8800337704991277,15.08651248251742,36.84996698744267,4.811744303484536e-05,0.0003427846117084614,313535.20742139546,54.96286315598344,44011.638700247466,46.43567539097499,51.79561495093334,51.80362101260831,3.1641837509029296,1.7408203555534036,5.196324708787063,,,0.3987061226684897,-3.9934709511081117,14.701260616637743,36.84996698744267,4.811744303484536e-05,0.0003427846117084614,305528.71660265664,54.85052035776475,42887.74966695756,46.32333259275629,52.263640189943246,52.26283505104969,1.0286693704823586,1.7408203555534036,0.314201039331532,0.3137962189700878,0.21997631384876826,0.4240789473343679,-3.725532868033303,15.628758852312961,36.84996698744267,4.811744303484536e-05,0.0003427846117084614,324804.4340385052,55.11621949341648,45593.52525896126,46.58903172840802,51.12544146637286,51.1219456561088,0.33942566668433194,0.45799694611485836,0.314201039331532,0.3137962189700878,0.21997631384876826,0.40979297364254397,-3.8743549233412016,15.104866173084796,36.84996698744267,4.811744303484536e-05,0.0003427846117084614,313916.64270577003,54.96814341006445,44065.1816246976,46.44095564505599,51.61435960899253,51.614144062378685,0.3730238251671715,0.6102636521366847,0.07419531140959128,0.1308079980476466,0.07514128116955476,0.44332457921522267,-3.532781894730111,16.33250663592116,36.84996698744267,4.811744303484536e-05,0.0003427846117084614,339430.0612377428,55.30750302482347,47646.55727839957,46.78031525981501,50.30629876375168,50.31031690596561,0.29019285632227737,0.45799694611485836,0.07419531140959128,0.1308079980476466,0.07514128116955476
50,1,2.5,20,0.403960427080194,-3.936611773212822,14.914962399716748,36.906455520939375,4.817013762835582e-05,0.00034281224375688724,309630.8861475394,54.90844275700789,43507.67124377861,46.38565838221631,52.03741538534348,52.044316782327805,,,,,,0.40922636893096964,-3.880363898370796,15.097082381737525,36.906455520939375,4.817013762835582e-05,0.00034281224375688724,313411.6513889817,54.961151377607855,44038.92409526642,46.438367002816264,51.89690674081942,51.89056403072565,3.1773407145236794,1.73187075062869,5.199040220149552,,,0.4124355700361223,-3.8464388654019936,15.220069205990987,36.906455520939375,4.817013762835582e-05,0.00034281224375688724,315964.82707642386,54.99638740033554,44397.68264748627,46.473603025543966,51.58615171635482,51.59796177777294,1.0167527854591634,1.73187075062869,0.31296957734833514,0.31113216683876466,0.2143600416728912,0.4265245709687469,-3.700559452027404,15.740445905857573,36.906455520939375,4.817013762835582e-05,0.00034281224375688724,326767.71711343015,55.14239144029172,45915.64680817017,46.61960706550013,51.04342001526023,51.05082614237662,0.3397340096529669,0.4580451528049886,0.31296957734833514,0.31113216683876466,0.2143600416728912,0.4106030422248173,-3.8657783719495376,15.155529455582755,36.906455520939375,4.817013762835582e-05,0.00034281224375688724,314624.99801248865,54.97793225812946,44209.41705434135,46.45514788333787,51.55206240481598,51.547930617511724,0.37196017546316706,0.6086695916571476,0.07371640753245753,0.12933483274277896,0.07301127990183762,0.44676096842371493,-3.499247763322914,16.486529445167065,36.906455520939375,4.817013762835582e-05,0.00034281224375688724,342256.2246420095,55.34351355427192,48092.00880485134,46.82072917948034,50.10828360201763,50.109085326672414,0.2905147403011864,0.4580451528049886,0.07371640753245753,0.12933483274277896,0.07301127990183762
51,1,2.5500000000000003,21,0.4093079750609382,-3.8794979336788464,15.12537240327901,36.96308005722502,4.8223348735809506e-05,0.0003428030713714315,313652.4691834035,54.964487108068965,44122.62802304498,46.44661371898617,51.706993639598736,51.69859540378991,,,,,,0.40895199930581727,-3.883276642664657,15.113811459877507,36.96308005722502,4.8223348735809506e-05,0.0003428030713714315,313412.73171795206,54.961166347699105,44088.903286112916,46.443292958616304,51.7216883306592,51.71730642087224,3.1862848166670767,1.7363097872366045,5.219377888371538,,,0.40755615914324894,-3.8981253925391113,15.065951807963206,36.96308005722502,4.8223348735809506e-05,0.0003428030713714315,312420.27364175126,54.947392084480775,43949.29061659152,46.429518695397974,51.793651411998404,51.79281820388242,1.0161564615066045,1.7363097872366045,0.31068888275363066,0.30853764115411103,0.20862434288773546,0.42794519734171843,-3.6861184317366362,15.824980086297577,36.96308005722502,4.8223348735809506e-05,0.0003428030713714315,328160.1236984674,55.16085806729653,46163.472290337246,46.642984678213736,51.011352110673315,51.020492340322484,0.33928000363983213,0.45859233186735543,0.31068888275363066,0.30853764115411103,0.20862434288773546,0.41035151107949963,-3.86843962990631,15.168294864902757,36.96308005722502,4.8223348735809506e-05,0.0003428030713714315,314542.5455208826,54.97679397111206,44247.83828283649,46.45892058202926,51.67232968379709,51.66472801870153,0.3728948025630675,0.6089331610061068,0.0726527823699375,0.12767481290207988,0.07075866942215114,0.4478631020988046,-3.4885471611072374,16.54807545892397,36.96308005722502,4.8223348735809506e-05,0.0003428030713714315,343154.8387396781,55.35490127146625,48272.83312463068,46.83702788238345,49.99511830557532,49.9998788129525,0.29090359027101,0.45859233186735543,0.0726527823699375,0.12767481290207988,0.07075866942215114
52,1,2.6,22,0.4094283561190424,-3.878220823389586,15.156372908082314,37.01953332901074,4.8275910321342796e-05,0.0003427658724232683,313953.12500988046,54.96864810273146,44217.8586827521,46.45597707379244,51.69599295451725,51.6846486927203,,,,,,0.39639283453371593,-4.018742047180284,14.675124936223867,37.01953332901074,4.8275910321342796e-05,0.0003427658724232683,303984.4269852326,54.82851335425803,42813.84500876482,46.315842325319,52.32907147546566,52.31799221488406,3.177127982302866,1.7317331417542707,5.209700927642237,,,0.401857152815683,-3.959282970866766,14.8675311558581,37.01953332901074,4.8275910321342796e-05,0.0003427658724232683,307969.98040832713,54.885083854017296,43375.1792462546,46.37241282507827,52.090994225682984,52.0897499963052,1.0152125484960832,1.7317331417542707,0.3078199083395042,0.3063832630836721,0.20318968200055862,0.4225612726035596,-3.7411030819538826,15.643620105843624,37.01953332901074,4.8275910321342796e-05,0.0003427658724232683,324046.0925897357,55.10606789014143,45639.3747581904,46.59339686120241,51.255265766344316,51.26051277331932,0.33888216577162,0.4583677336321371,0.3078199083395042,0.3063832630836721,0.20318968200055862,0.4116918340564067,-3.8542774718617605,15.234615270357741,37.01953332901074,4.8275910321342796e-05,0.0003427658724232683,315573.85803706973,54.99101019314047,44446.12633881212,46.478339164201444,51.57992525874367,51.58143125928939,0.3729360766218231,0.6075653106989303,0.07225474564533449,0.12621033700958056,0.06888689681757418,0.4480447822104415,-3.486785759685977,16.58450524825818,37.01953332901074,4.8275910321342796e-05,0.0003427658724232683,343535.8367737742,55.35972048240658,48384.35381856982,46.847049453467555,49.98239383274958,49.98112296475567,0.2910850896504169,0.4583677336321371,0.07225474564533449,0.12621033700958056,0.06888689681757418
53,1,2.6500000000000004,23,0.4096585915182507,-3.8757793251741206,15.186915398647795,37.076044403672455,4.832863149619055e-05,0.000342732396694398,314242.6120599936,54.97265076081801,44311.29226511206,46.465144156922676,51.81421733450894,51.850750632467864,,,,,,0.4055344960092194,-3.9197219745960554,15.043004214824066,37.076044403672455,4.832863149619055e-05,0.000342732396694398,311264.8496163152,54.93130079630176,43891.398536909735,46.42379419240643,51.94217719304114,51.93893102632817,3.1419565893802615,1.735993095413558,5.206151687762401,,,0.40233571772289645,-3.954114108257229,14.919875545682979,37.076044403672455,4.832863149619055e-05,0.000342732396694398,308717.1120675954,54.89560702920901,43532.142539144,46.38810042531368,52.20622121552684,52.20019676529746,1.016618839309856,1.735993095413558,0.3049342546835363,0.30350919059926074,0.1974556022969784,0.4260847593421059,-3.7050399983380906,15.79266625459734,37.076044403672455,4.832863149619055e-05,0.000342732396694398,326776.6076894228,55.14250959993134,46078.708657002404,46.63500299603599,51.074912310325544,51.070209566897816,0.3388880306769734,0.4591440318207184,0.3049342546835363,0.30350919059926074,0.1974556022969784,0.41360025690373564,-3.8341920015627995,15.331320867877,37.076044403672455,4.832863149619055e-05,0.000342732396694398,317230.6020932017,55.01375075490323,44732.62818381124,46.5062441510079,51.40881116045678,51.40779784499735,0.374335185992272,0.6070627625428654,0.07256646334423351,0.12566613943223912,0.06793874804337172,0.44700759838519344,-3.496850945219472,16.572587265754738,37.076044403672455,4.832863149619055e-05,0.000342732396694398,342914.4743538011,55.35185816988128,48354.30623306939,46.84435156598595,49.989100031477406,49.99060073003739,0.2928444247419686,0.4591440318207184,0.07256646334423351,0.12566613943223912,0.06793874804337172
54,1,2.7,24,0.40503254277046274,-3.925100815313776,15.042843536616676,37.132462714905664,4.838089289117857e-05,0.00034270263932436267,310925.29793635703,54.926560591522026,43894.74083500962,46.424124891907,51.898803603823694,51.89390380300788,,,,,,0.41230223897610774,-3.847843067889192,15.296552700287311,37.132462714905664,4.838089289117857e-05,0.00034270263932436267,316169.29300361004,54.999196880924885,44635.05950944651,46.49676118130984,51.586958253567026,51.58657070201897,3.183432920443637,1.7348081958667123,5.208368771012146,,,0.4050209621765862,-3.9252249895315874,15.040219455722815,37.132462714905664,4.838089289117857e-05,0.00034270263932436267,310871.0599771742,54.925802940045216,43887.08381521241,46.42336724043018,52.016988958762646,52.00688800165094,1.0166467483806216,1.7348081958667123,0.30191779711891237,0.3008768064452347,0.19202508390129602,0.425750234848388,-3.7084510380380915,15.806289134385676,37.132462714905664,4.838089289117857e-05,0.00034270263932436267,326705.1968209475,55.14156042748197,46122.461051212595,46.63912472786693,51.20945400256024,51.202875132832254,0.33781071197771484,0.45872772896179265,0.30191779711891237,0.3008768064452347,0.19202508390129602,0.4179507328982003,-3.7887490887444617,15.519043990613406,37.132462714905664,4.838089289117857e-05,0.00034270263932436267,320768.0359583243,55.061910849907214,45284.28500349212,46.55947515029219,51.32158022138062,51.317715698064795,0.37326802767174583,0.6048309529447662,0.07289862014930346,0.12464284619466744,0.06647955267172113,0.44973160231929066,-3.470465937959472,16.7005431504274,37.132462714905664,4.838089289117857e-05,0.00034270263932436267,345188.816336882,55.380567167017496,48731.877826656004,46.87813146740247,50.01302148115821,50.00994887282762,0.2927321443207289,0.45872772896179265,0.07289862014930346,0.12464284619466744,0.06647955267172113
55,1,2.75,25,0.39900932038132486,-3.990169595941979,14.834812291179095,37.18879408853105,4.843311946188934e-05,0.0003426782897707938,306294.7928194506,54.861396136234134,43290.78536344281,46.36395464674686,52.150391703828745,52.156247679046146,,,,,,0.40540688399049934,-3.921088810655455,15.06927504906856,37.18879408853105,4.843311946188934e-05,0.0003426782897707938,311135.75207407714,54.92949918007989,43974.99199365066,46.43205769059263,51.911884704022306,51.91946242797062,3.158525838802589,1.7275291099562815,5.1869057807600125,,,0.4079231034029152,-3.8942169699656852,15.160974026965937,37.18879408853105,4.843311946188934e-05,0.0003426782897707938,313029.0634881712,54.95584661912466,44242.58693804796,46.458405129637384,52.03922985193886,52.03719070348524,1.012555307310861,1.7275291099562815,0.29936344635788337,0.29846495093829145,0.1870499675993164,0.4217742893244944,-3.7491989767576883,15.686408585697048,37.18879408853105,4.843311946188934e-05,0.0003426782897707938,323877.7258202467,55.10381081119193,45775.90426341035,46.606369321704655,51.33175401856043,51.32458232245551,0.3364629832337835,0.4571016976632512,0.29936344635788337,0.29846495093829145,0.1870499675993164,0.4130652593145735,-3.8398132964803846,15.358610829696762,37.18879408853105,4.843311946188934e-05,0.0003426782897707938,317109.6761954807,55.012094941689625,44819.32847268973,46.51465345220235,51.529726580026555,51.522955223201414,0.3716857295546256,0.6017758982511227,0.07154133718611991,0.12293199598206903,0.06427865313055,0.44784117085077846,-3.4887598344256205,16.650768973102934,37.18879408853105,4.843311946188934e-05,0.0003426782897707938,343788.9022656275,55.36291853262639,48590.09009365631,46.86547704313912,50.101727149777695,50.0945446933539,0.29198000659616785,0.4571016976632512,0.07154133718611991,0.12293199598206903,0.06427865313055
56,1,2.8000000000000003,26,0.404600174487528,-3.9297393427170393,15.078580975691114,37.24460308170002,4.848435128789304e-05,0.00034261931689109177,310998.92182029394,54.92758883405266,44009.72225533955,46.43548627745994,52.03796319704552,52.04235811389217,,,,,,0.4077736302309237,-3.8958086246049257,15.179994819363563,37.24460308170002,4.848435128789304e-05,0.00034261931689109177,313090.60379558254,54.956700341421076,44305.71795281706,46.46459778482835,51.8959552554638,51.90125479370632,3.170085600508541,1.7284267501263986,5.187552242041241,,,0.4063659448228788,-3.9108269490528325,15.127191446309656,37.24460308170002,4.848435128789304e-05,0.00034261931689109177,312001.5230581634,54.94156714063769,44151.60121026722,46.44946458404495,51.95025135046704,51.94840113310695,1.0098257742746732,1.7284267501263986,0.2972307668319253,0.2958667873761221,0.18224583378496345,0.42239643046687025,-3.742797605383811,15.727466470574772,37.24460308170002,4.848435128789304e-05,0.00034261931689109177,324382.322394856,55.110571787834004,45903.61866716947,46.61846923124127,51.31009083445874,51.30446139554759,0.33560597094765887,0.4571675086399353,0.2972307668319253,0.2958667873761221,0.18224583378496345,0.4122380990342001,-3.8485187321741803,15.351601261893745,37.24460308170002,4.848435128789304e-05,0.00034261931689109177,316630.02296840405,55.005520924319484,44806.58417392604,46.51341836772676,51.73382539673768,51.72659476720619,0.37127411173704455,0.6006141778933884,0.07104587886021056,0.12136907359784281,0.062391338535341165,0.4446316106648638,-3.5199966478298754,16.559027571536667,37.24460308170002,4.848435128789304e-05,0.00034261931689109177,341533.4459816027,55.33433240064405,48330.688770826884,46.84222984405132,50.26681021741435,50.258821568364226,0.29232481216961814,0.4571675086399353,0.07104587886021056,0.12136907359784281,0.062391338535341165
57,1,2.85,27,0.4020341175931022,-3.9573709006554116,14.999231594895651,37.30082642447473,4.853637401512452e-05,0.00034254663444888345,309030.7403313999,54.90001682312454,43787.41486988369,46.41349305984882,52.13572229972452,52.13632586061609,,,,,,0.4074811382041362,-3.8989248941099452,15.195832283944512,37.30082642447473,4.853637401512452e-05,0.00034254663444888345,313081.32492982084,54.956571630438866,44361.35333337251,46.47004786716315,51.94925804056957,51.96503118371877,3.1463685840473783,1.7298084983492092,5.182276185169884,,,0.40805035187639993,-3.892862433002369,15.21772786188705,37.30082642447473,4.853637401512452e-05,0.00034254663444888345,313532.4418166265,54.962824847935124,44425.27332481475,46.47630108465941,51.79048280918484,51.78600977662485,1.0109441958871628,1.7298084983492092,0.2945004440628282,0.2935673688843041,0.17758869963500476,0.4261075279733861,-3.704807931207819,15.898867234278876,37.30082642447473,4.853637401512452e-05,0.00034254663444888345,327566.02768316807,55.15298854154348,46413.73067307536,46.666464778267766,51.18467314863936,51.18072311337962,0.3352724663664057,0.4564380042788831,0.2945004440628282,0.2935673688843041,0.17758869963500476,0.411646989441839,-3.8547505643022784,15.35261456792131,37.30082642447473,4.853637401512452e-05,0.00034254663444888345,316311.5267559388,55.001150183946514,44819.0495072936,46.5146264206708,51.70012402396257,51.70164624139984,0.37108240756095817,0.5991770432892121,0.07096046808585162,0.1199576627926523,0.06079242872660982,0.4473496066282606,-3.4935294021237806,16.689024960847988,37.30082642447473,4.853637401512452e-05,0.00034254663444888345,343845.73012494686,55.36363635644196,48720.44645161565,46.877112593166245,50.249004760659986,50.24103829453578,0.2923889095459593,0.4564380042788831,0.07096046808585162,0.1199576627926523,0.06079242872660982
58,1,2.9000000000000004,28,0.40757828191886575,-3.897889657207781,15.233154308369834,37.356642081790184,4.8587690794202325e-05,0.0003424435747766286,313518.7957972992,54.962635823799964,44483.69141779406,46.48200819398156,51.93483097302912,51.94375943727781,,,,,,0.4088950106419576,-3.88388188697036,15.28003978617052,37.356642081790184,4.8587690794202325e-05,0.0003424435747766286,314483.7619653617,54.97598226026437,44620.60587977884,46.49535463044596,51.660322563411796,51.66222999151123,3.1674927694271537,1.7261218433519687,5.195490280190623,,,0.40437476349016777,-3.9321595599636217,15.108347855353491,37.356642081790184,4.8587690794202325e-05,0.0003424435747766286,310950.1111988693,54.9269071645762,44119.23297205523,46.44627953475779,51.98653078724955,51.97562281345508,1.0103288932410357,1.7261218433519687,0.2925261768407221,0.2915142323749966,0.17345761447985594,0.4256835744397483,-3.709131073229952,15.90622775434423,37.356642081790184,4.8587690794202325e-05,0.0003424435747766286,327371.5522253678,55.15040937603942,46449.19316918021,46.66978174622101,51.16813047930623,51.159438407228436,0.33423958398433806,0.4563576433373376,0.2925261768407221,0.2915142323749966,0.17345761447985594,0.4124277462478,-3.8465212506415596,15.401601022662348,37.356642081790184,4.8587690794202325e-05,0.0003424435747766286,316985.6556447035,55.01039609803545,44975.58767954285,46.52976846821705,51.64244967425113,51.66649023780303,0.3700325441589212,0.5984447961425291,0.06988853287260818,0.11828884304236578,0.05889687271182588,0.45106048436776264,-3.457652180646258,16.853111647955778,37.356642081790184,4.8587690794202325e-05,0.0003424435747766286,346859.69578876876,55.40153838863536,49214.273209677944,46.92091075881696,49.98623303577769,49.99759808198413,0.2917903182074728,0.4563576433373376,0.06988853287260818,0.11828884304236578,0.05889687271182588
59,1,2.95,29,0.408935090429355,-3.8834562134595982,15.301853501850962,37.412354757555036,4.86387999759048e-05,0.00034230488148354255,314601.7893005452,54.97761188348118,44702.41100720806,46.50330947268148,51.868714817101726,51.874926465417204,,,,,,0.4074766552374241,-3.898972673951339,15.24124101939135,37.412354757555036,4.86387999759048e-05,0.00034230488148354255,313355.61376805586,54.96037479494425,44525.339379725214,46.48607238414455,51.895878204872176,51.89085546948468,3.180123216178938,1.7321267975885601,5.216456885385773,,,0.40829608187344224,-3.890247876716833,15.277126332434497,37.412354757555036,4.86387999759048e-05,0.00034230488148354255,314093.4056761812,54.970588185745335,44630.17373933943,46.49628577494563,51.738848223545595,51.73517526089913,1.0180552852042823,1.7321267975885601,0.29091792466158245,0.2897714249672282,0.16973662054357985,0.43046637291473544,-3.660607690139883,16.10642179884601,37.412354757555036,4.86387999759048e-05,0.00034230488148354255,331143.4864105401,55.2001621689829,47052.85454604415,46.725859758183205,50.917821117653816,50.92910455960134,0.3336122495889061,0.45577011095817993,0.29091792466158245,0.2897714249672282,0.16973662054357985,0.41764745773572776,-3.7919015784654735,15.62608437579857,37.412354757555036,4.86387999759048e-05,0.00034230488148354255,321267.88456005463,55.068673136141996,45649.6101021856,46.5943707253423,51.318181003178246,51.31084675212783,0.3704205654031981,0.5968595489263628,0.06963850158151083,0.11670978350036396,0.05723640830932103,0.4536752721191747,-3.432548916064971,16.97344362827328,37.412354757555036,4.86387999759048e-05,0.00034230488148354255,348969.21052085503,55.4278711093979,49585.74810476179,46.953568698598204,49.746870530751835,49.74534678618854,0.2919027307204028,0.45577011095817993,0.06963850158151083,0.11670978350036396,0.05723640830932103
60,2,3.0,0,0.40795869447879385,-3.89383806684739,15.277730567937226,37.468025705415826,4.868995024876392e-05,0.0003421551120485723,313775.85086616676,54.96619515926686,44651.47539800136,46.49835813652882,51.947866801286125,51.94897206006213,,,,,,0.40934717024479744,-3.8790820747624792,15.334378057206772,37.468025705415826,4.868995024876392e-05,0.0003421551120485723,314939.283750779,54.982268354606745,44817.036242410155,46.51443133186871,51.77059481398338,51.763330676948975,3.1860356354590476,1.7203096859405314,5.216771881564071,,,0.40120434843198105,-3.9663436854847878,15.037717131800969,37.468025705415826,4.868995024876392e-05,0.0003421551120485723,308846.4263153099,54.897425804494276,43949.99987510406,46.42958878175624,52.08268128078764,52.087979505322686,1.0024827083477779,1.7203096859405314,0.2892881908793036,0.2874303435514689,0.16577340638276286,0.4284719574363307,-3.6807759644600377,16.055686553738497,37.468025705415826,4.868995024876392e-05,0.0003421551120485723,329753.60360213346,55.18189550286546,46925.1692824605,46.71405848012742,51.08060537845212,51.093163728614904,0.33283322627316114,0.45481573528868086,0.2892881908793036,0.2874303435514689,0.16577340638276286,0.41259942109254705,-3.8447138570966493,15.455873928085172,37.468025705415826,4.868995024876392e-05,0.0003421551120485723,317434.5804240691,55.01654235806704,45172.12627789427,46.548705335329004,51.630878985822996,51.63152650463221,0.3699274646723447,0.5957338650204994,0.0693071971846693,0.19380781268296582,0.07775175269012286,0.4520379091521936,-3.4482514252214718,16.934238307389016,37.468025705415826,4.868995024876392e-05,0.0003421551120485723,347797.40420496574,55.41326336310551,49492.86949418728,46.94542634036747,49.921320740868374,49.91545863827462,0.2908859031445296,0.45481573528868086,0.0693071971846693,0.19380781268296582,0.07775175269012286
61,2,3.0500000000000003,1,0.4060705320474157,-3.91398525490379,15.23658963141663,37.52372607931924,4.8740986545821283e-05,0.000342024617871381,312603.2259747707,54.94993455499588,44548.22499691054,46.4883040445809,51.989215439774725,51.98462918928143,,,,,,0.40353291562512456,-3.9412103469326305,15.13465163358698,37.52372607931924,4.8740986545821283e-05,0.000342024617871381,310511.80343588104,54.920781135935634,44250.182129516754,46.459150625520664,52.1753157962811,52.16662775094669,3.167511901477306,1.7414620538549623,5.182372723489153,,,0.4051970020943999,-3.9233377648716634,15.209240694558364,37.52372607931924,4.8740986545821283e-05,0.000342024617871381,312042.11839783326,54.94213217586481,44468.26310110177,46.48050166544984,52.00098923779884,51.99509398783702,1.0236581974285845,1.7414620538549623,0.2862854458658598,0.28502815971044965,0.16149278209772827,0.4232047385326393,-3.7344947824353114,15.8826571980513,37.52372607931924,4.8740986545821283e-05,0.000342024617871381,325858.3447653455,55.13028847133484,46437.1754784739,46.66865796091989,51.363997644614244,51.36306272459465,0.331481750032416,0.4542692899802342,0.2862854458658598,0.28502815971044965,0.16149278209772827,0.4152247971174103,-3.8171671843107364,15.578824771185676,37.52372607931924,4.8740986545821283e-05,0.000342024617871381,319624.7321859204,55.04640377138496,45548.840513708645,46.584773260969996,51.55033850841195,51.544615030150894,0.36856425922228087,0.5940315250983239,0.06896348875008222,0.15255148154495496,0.06478059623665605,0.4524613481324379,-3.4441851482290655,16.9803440916391,37.52372607931924,4.8740986545821283e-05,0.000342024617871381,348379.16289765533,55.42052171280539,49646.555260605805,46.95889120239042,49.964931904919226,49.96129884089666,0.2902026495251729,0.4542692899802342,0.06896348875008222,0.15255148154495496,0.06478059623665605
62,2,3.1,2,0.4127541523063193,-3.843085490411811,15.509074116525563,37.57951427956125,4.8792229644105344e-05,0.00034189337140379185,317859.50815632043,55.02235207045575,45362.312971574494,46.56695190619898,51.66868977959187,51.66662647733191,,,,,,0.407089049430461,-3.9031057985073634,15.298834758167567,37.57951427956125,4.8792229644105344e-05,0.00034189337140379185,313550.6384881069,54.963076894729674,44747.38628406731,46.507676730472895,51.9374351070807,51.946053945416836,3.1662226810139087,1.7273691980311514,5.177332978662226,,,0.40409860461539326,-3.9351264920813427,15.18494611388262,37.57951427956125,4.8792229644105344e-05,0.00034189337140379185,311216.483129443,54.93062590703858,44414.27469486824,46.4752257427818,51.91850778844126,51.911618741974394,1.0077281997580547,1.7273691980311514,0.2833269712170722,0.2826629678556238,0.15736559435110925,0.4253680178491834,-3.712351665107873,15.988363081814398,37.57951427956125,4.8792229644105344e-05,0.00034189337140379185,327682.5674586891,55.154533377574865,46764.17976799967,46.69913321331809,51.300563526997095,51.28638233150504,0.32961951735040507,0.45270288226169064,0.2833269712170722,0.2826629678556238,0.15736559435110925,0.41409332177689173,-3.8290177345519716,15.557249278534433,37.57951427956125,4.8792229644105344e-05,0.00034189337140379185,318846.8613139905,55.03582146207315,45503.2199502944,46.58042129781637,51.53410964841379,51.52845323905078,0.36689388627554875,0.5915981059674981,0.06890276053006354,0.1416336973904237,0.06089865759879377,0.45656672708483015,-3.4049574148788335,17.162570950224115,37.57951427956125,4.8792229644105344e-05,0.00034189337140379185,351748.03601740196,55.462316812334755,50198.60689242298,47.006916648077976,49.84667436587582,49.834453956605884,0.2891014514716849,0.45270288226169064,0.06890276053006354,0.1416336973904237,0.06089865759879377
63,2,3.1500000000000004,3,0.4029974368764496,-3.9469771602751154,15.161300204265107,37.63480919038075,4.8842385036201474e-05,0.0003417666120683068,310412.7735168483,54.9193958421547,44361.56040085891,46.47006813887492,52.05548216642309,52.05316481697529,,,,,,0.4013297486239512,-3.964986469335461,15.101176259045241,37.63480919038075,4.8842385036201474e-05,0.0003417666120683068,309181.7946206436,54.90213913679121,44185.63933924318,46.45281143351143,52.18390729426487,52.17479959763241,3.1387525026729244,1.7226869151892796,5.175217135650657,,,0.40924133977329163,-3.880205022116022,15.400821654642357,37.63480919038075,4.8842385036201474e-05,0.0003417666120683068,315316.7406388412,54.987470287056325,45062.3937822349,46.53814258377654,51.757297807899874,51.74656049255801,1.0133831471329635,1.7226869151892796,0.28077624180790556,0.28020978286848863,0.15342372974354399,0.42691350596722055,-3.6966010550466595,16.071571089739486,37.63480919038075,4.8842385036201474e-05,0.0003417666120683068,329049.6784263791,55.17261470708975,47024.98875614964,46.72328700380997,51.120429607396396,51.12179690534478,0.3283343224802664,0.4519047600970813,0.28077624180790556,0.28020978286848863,0.15342372974354399,0.41693056915122506,-3.7993626144125816,15.686286910662616,37.63480919038075,4.8842385036201474e-05,0.0003417666120683068,321161.3621864719,55.06723291281142,45897.65751467698,46.61790520953164,51.57465312660639,51.57658044814549,0.36566246394332735,0.5899757267913847,0.06778577049709725,0.13781277850303697,0.05871015440593232,0.4580266240420097,-3.391092767156323,17.238713550318987,37.63480919038075,4.8842385036201474e-05,0.0003417666120683068,352945.777269923,55.47707990256801,50440.016495448624,47.02775219928823,49.65713864022299,49.65666822410863,0.28824422479140316,0.4519047600970813,0.06778577049709725,0.13781277850303697,0.05871015440593232
64,2,3.2,4,0.40567258942566226,-3.9182433580897547,15.284805880405628,37.69058684939478,4.8893782331281965e-05,0.0003416551824089417,312612.4662813516,54.95006292714677,44737.52094914981,46.5067191476432,52.053661928715385,52.06496605746726,,,,,,0.4104792486698695,-3.8670879327283436,15.46495777492876,37.69058684939478,4.8893782331281965e-05,0.0003416551824089417,316297.0225977868,55.0009510378598,45264.81251034586,46.557607258356235,51.518868132224384,51.51971564071704,3.1563009637366304,1.7341297653370422,5.177821444008357,,,0.4039979934400558,-3.9362079191928485,15.232484734918255,37.69058684939478,4.8893782331281965e-05,0.0003416551824089417,311542.368142229,54.93517116803062,44584.38074176742,46.49182738852705,52.05410358984121,52.051909344162105,1.018086693835208,1.7341297653370422,0.27808792980691555,0.278072618399983,0.1497254669138312,0.4284526637716345,-3.6809715273347017,16.157130985580135,37.69058684939478,4.8893782331281965e-05,0.0003416551824089417,330453.69401178224,55.191106110406636,47290.75341886948,46.747762330903065,50.99268576519586,50.99139037398457,0.3276249548449901,0.4512114394113144,0.27808792980691555,0.278072618399983,0.1497254669138312,0.41771009163525435,-3.791250323035605,15.73873821448774,37.69058684939478,4.8893782331281965e-05,0.0003416551824089417,321896.5165723778,55.07716276960295,46066.148048793155,46.633818990099385,51.47564688748812,51.48940312613523,0.3658462852501221,0.5886311687755977,0.06666494486550391,0.13575103659627405,0.057064818136433104,0.45520499379545043,-3.417929821887506,17.15241213166256,37.69058684939478,4.8893782331281965e-05,0.0003416551824089417,350809.67995982885,55.45071568431568,50203.869324400024,47.00737190481212,49.77723131135032,49.77149005134159,0.2885904345805558,0.4512114394113144,0.06666494486550391,0.13575103659627405,0.057064818136433104
65,2,3.25,5,0.4050045460835919,-3.925401019015353,15.291046209664184,37.745562397103264,4.894340016002712e-05,0.0003415401206300447,312423.0470230516,54.94743063699963,44770.86376106134,46.50995473276542,51.97926812329928,51.98532301871368,,,,,,0.4054763888728597,-3.920344299380934,15.308804987646175,37.745562397103264,4.894340016002712e-05,0.0003415401206300447,312785.8901831902,54.952471537426945,44822.85993049885,46.51499563319273,51.968642743934254,51.961239103966975,3.1740956733755636,1.7370393686249002,5.189315483003029,,,0.404384378101053,-3.9320563012246827,15.258952461035648,37.745562397103264,4.894340016002712e-05,0.0003415401206300447,311767.3151261339,54.93830582936171,44676.89603460702,46.50082992512751,51.942410262712144,51.93789683724374,1.0093025621805984,1.7370393686249002,0.2756454989143365,0.2759994170476471,0.14623038828720708,0.42996817028376355,-3.6656369321523172,16.237309713463553,37.745562397103264,4.894340016002712e-05,0.0003415401206300447,331756.8795868995,55.20819937521853,47541.44164237666,46.770723470984315,50.960452225142674,50.95452509674394,0.32768175587276793,0.4512253988551291,0.2756454989143365,0.2759994170476471,0.14623038828720708,0.4191349032515748,-3.7764617200225112,15.816423614108555,37.745562397103264,4.894340016002712e-05,0.0003415401206300447,323157.434146271,55.09414151196542,46309.12346383124,46.65666560773121,51.351658554422855,51.362677021052136,0.3665246971755093,0.5883223352309369,0.06669951543390948,0.13474663822034672,0.05617148703565432,0.45520011164393354,-3.417976400964248,17.182904002685852,37.745562397103264,4.894340016002712e-05,0.0003415401206300447,351077.0389164628,55.45402426736895,50310.06012116019,47.016548363134746,49.9499413040639,49.96073167169385,0.2894877241912498,0.4512253988551291,0.06669951543390948,0.13474663822034672,0.05617148703565432
66,2,3.3000000000000003,6,0.40677832143290543,-3.9064220012720705,15.376398139572544,37.80027730022973,4.899258993499871e-05,0.0003415092148759528,313851.50611497165,54.96724217090129,45024.841116389056,46.534521889563734,51.92538354783213,51.91532731606702,,,,,,0.41011074776543416,-3.8709884901522873,15.505447586512073,37.80027730022973,4.899258993499871e-05,0.0003415092148759528,316485.5666353635,55.003539087497444,45402.72095481861,46.5708188061599,51.63065771260261,51.637217490644716,3.1738160894835032,1.7372197356776309,5.186179903820719,,,0.4037461458901902,-3.9389161036142784,15.260921223773199,37.80027730022973,4.899258993499871e-05,0.0003415092148759528,311494.4779204517,54.93450352022688,44686.70407419741,46.50178323888934,52.05741837749505,52.065114630591644,1.0056078999999873,1.7372197356776309,0.2736013144012802,0.2739343697038838,0.14293277344375727,0.43025562549708657,-3.6627344265904025,16.277160925353616,37.80027730022973,4.899258993499871e-05,0.0003415092148759528,332237.2005021466,55.2144825866409,47662.43549611394,46.781762305303346,50.874992008685936,50.86699885507302,0.32660253309775017,0.44995759570752447,0.2736013144012802,0.2739343697038838,0.14293277344375727,0.42114950242187604,-3.755637080807449,15.917439761819836,37.80027730022973,4.899258993499871e-05,0.0003415092148759528,324894.8419125917,55.11742816464463,46609.107656440734,46.684707883307084,51.309451789701356,51.32179150637485,0.36564799411637433,0.5868690136704071,0.06621703970056872,0.1333378441068941,0.054869543010805745,0.4558171111292969,-3.4120937566826255,17.236751773079,37.80027730022973,4.899258993499871e-05,0.0003415092148759528,351823.6491671086,55.46325028861002,50472.28895226135,47.03053000727246,49.905375688528025,49.90730049271307,0.28905727464077235,0.44995759570752447,0.06621703970056872,0.1333378441068941,0.054869543010805745
67,2,3.35,7,0.4089988504730602,-3.8827791261346087,15.483455985515405,37.85503756990403,4.90419765107585e-05,0.000341453659937888,315718.4332103489,54.99299938901515,45345.70222012533,46.56536131737173,51.78815420861703,51.787689154207364,,,,,,0.41215894171822515,-3.8493527377306407,15.604945466132644,37.85503756990403,4.90419765107585e-05,0.000341453659937888,318195.6881919173,55.02694290310107,45701.503006209554,46.59930483145766,51.645290826789314,51.64569648705632,3.160708567892787,1.7307053363243265,5.198405262671178,,,0.40673295719265334,-3.906906356922823,15.387837572292716,37.85503756990403,4.90419765107585e-05,0.000341453659937888,313768.7072811398,54.9660962843896,45065.668867312284,46.538458212746185,51.9466907242719,51.95446879911666,1.0087521657317313,1.7307053363243265,0.2711950192806908,0.2715933923203074,0.13948191112947256,0.43267827555516075,-3.6383490984719513,16.38668694386406,37.85503756990403,4.90419765107585e-05,0.000341453659937888,334135.94046865666,55.23923191913879,47990.954165917785,46.811593847495374,50.84533834593958,50.8337611525652,0.32777430378091754,0.44974090723808124,0.2711950192806908,0.2715933923203074,0.13948191112947256,0.4186292993649999,-3.7817037918117324,15.84291222926284,37.85503756990403,4.90419765107585e-05,0.000341453659937888,323047.99595072045,55.09267051210445,46398.42557887574,46.66503244046104,51.52545117674256,51.559196042692506,0.36674882221565314,0.5865011279782231,0.06559485700386963,0.1319365931937775,0.05359700901018982,0.45284052496061566,-3.4405471481615297,17.14759925533206,37.85503756990403,4.90419765107585e-05,0.000341453659937888,349651.47156274045,55.43635360376152,50219.40388177795,47.00871553211811,50.08831521243542,50.1018480178809,0.289884059314932,0.44974090723808124,0.06559485700386963,0.1319365931937775,0.05359700901018982
68,2,3.4000000000000004,8,0.40872502147499024,-3.8856877467918185,15.496404104931731,37.90977907207959,4.909148568260664e-05,0.0003413626055418804,315663.78343326825,54.99224757510411,45395.72833507254,46.5701498836839,51.80106570477302,51.80603669199409,,,,,,0.40790911438326083,-3.8943659063256693,15.465491834914062,37.90977907207959,4.909148568260664e-05,0.0003413626055418804,315034.0964399365,54.98357560438336,45305.17280990422,46.561477912963156,51.83437132510388,51.825247250666244,3.1540558056887713,1.7283640596049417,5.17861727238734,,,0.4054419271147691,-3.9207134253727722,15.365944280117002,37.90977907207959,4.909148568260664e-05,0.0003413626055418804,313006.299696512,54.95553078427919,45013.55459167837,46.533433092858985,52.17643424004044,52.1712063353592,1.0168979781412761,1.7283640596049417,0.2697591586807021,0.26983453943586433,0.1366667158045879,0.4280298612920993,-3.6852593158963893,16.237674021744688,37.90977907207959,4.909148568260664e-05,0.0003413626055418804,330763.5488305822,55.19517642918017,47567.23131981295,46.77307873775996,51.12522917644645,51.121264550793995,0.3266684455694227,0.44942552497638877,0.2697591586807021,0.26983453943586433,0.1366667158045879,0.41486609478384817,-3.8209205673517554,15.720594096311448,37.90977907207959,4.909148568260664e-05,0.0003413626055418804,320230.562952413,55.05462778826746,46052.478628573015,46.63253009684725,51.76566578916701,51.76739793426278,0.3669330121377862,0.5856227605574539,0.0650582349411771,0.1301664807935643,0.0520986409534878,0.4493077678199149,-3.474560730780989,17.03373786538141,37.90977907207959,4.909148568260664e-05,0.0003413626055418804,346979.4737016189,55.40303783949974,49899.249621504336,46.98094014807953,50.28881603946921,50.28419753056632,0.2900632532073161,0.44942552497638877,0.0650582349411771,0.1301664807935643,0.0520986409534878
69,2,3.45,9,0.40262691752739943,-3.950971938218383,15.289849691150184,37.96442059538335,4.914062370500557e-05,0.000341227194688794,311144.8031863854,54.92962551692579,44808.414830754715,46.513595803238196,52.11787969002505,52.110683348562134,,,,,,0.4058379144779162,-3.916473824397654,15.407558381096536,37.96442059538335,4.914062370500557e-05,0.000341227194688794,313540.147019483,54.96293157647477,45153.37177374897,46.546901862787166,52.091106064224064,52.08345840997528,3.1779265490391975,1.7305231501775034,5.225941882386125,,,0.4060022321783919,-3.9147157868858597,15.418248621920856,37.96442059538335,4.914062370500557e-05,0.000341227194688794,313757.69087664876,54.96594380112529,45184.70058045229,46.54991408743769,51.888086428244904,51.8855729490272,1.0210057879882992,1.7305231501775034,0.2683681400409166,0.26817779594654334,0.1339911006802905,0.4276587352829984,-3.6890265272065506,16.24692942840598,37.96442059538335,4.914062370500557e-05,0.000341227194688794,330621.14811438654,55.193306296819856,47613.23153983522,46.77727658313226,51.12106002005267,51.10923023761983,0.3258597257940446,0.4488342989386803,0.2683681400409166,0.26817779594654334,0.1339911006802905,0.41471962860553796,-3.822454090697038,15.74746136033373,37.96442059538335,4.914062370500557e-05,0.000341227194688794,320457.09177129675,55.05769887039016,46149.49102956383,46.64166915670256,51.592455145783994,51.60237103188498,0.3655237948164555,0.5843840592107312,0.06446343201976464,0.12881198580157033,0.05095764841904794,0.45326016740784575,-3.4365244514840083,17.21184073478547,37.96442059538335,4.914062370500557e-05,0.000341227194688794,350256.86361063085,55.4438665444751,50440.9994358246,47.0278368307875,50.01667151227811,50.02072857112264,0.28883955995063426,0.4488342989386803,0.06446343201976464,0.12881198580157033,0.05095764841904794
70,2,3.5,10,0.4087883912491518,-3.8850144576967507,15.541497794528889,38.01846557335964,4.9188847862688414e-05,0.0003411031309801355,315955.7190262571,54.99626220814317,45562.46009783465,46.58607165320809,51.947808006530565,51.93220712317621,,,,,,0.4032364236791544,-3.9444024568849407,15.328828978643918,38.01846557335964,4.9188847862688414e-05,0.0003411031309801355,311632.2021087916,54.936423285754884,44938.98644259765,46.526232730819785,52.06650696230349,52.07274334505486,3.1455697895505383,1.730279967580064,5.202958723087568,,,0.40665699513488807,-3.9077175275679235,15.458952432440242,38.01846557335964,4.9188847862688414e-05,0.0003411031309801355,314277.5873831035,54.97313410534245,45320.46477562386,46.56294355040736,51.81554765578234,51.812773214072514,1.0084848453195578,1.730279967580064,0.2662862711720659,0.2664553898316688,0.13117659109134822,0.4310051701530095,-3.655175201978407,16.395396168013185,38.01846557335964,4.9188847862688414e-05,0.0003411031309801355,333315.3119134085,55.22855264835918,48065.803796353866,46.81836209342408,50.894899841281955,50.8986768917808,0.32415049065941703,0.4482275326310954,0.2662862711720659,0.2664553898316688,0.13117659109134822,0.4168000148521374,-3.800722742330012,15.841764201399974,38.01846557335964,4.9188847862688414e-05,0.0003411031309801355,322060.07844750816,55.079368943804624,46442.740516276695,46.669178388869526,51.56030644075226,51.55467496777205,0.36440012682006995,0.5836339386037588,0.06421872240839989,0.12776875024191942,0.05003670742600812,0.45720493904223913,-3.398890867036928,17.387000766153847,38.01846557335964,4.9188847862688414e-05,0.0003411031309801355,353474.44637634093,55.483580229451306,50972.8559693766,47.07338967451621,49.79171488022507,49.79507946785177,0.2878938774723504,0.4482275326310954,0.06421872240839989,0.12776875024191942,0.05003670742600812
71,2,3.5500000000000003,11,0.4052670329552897,-3.922587231468384,15.438098787721469,38.07282825249114,4.923756356929841e-05,0.0003409430679570375,313543.10954061383,54.96297261110825,45280.576843013674,46.559119508246944,52.02950810517304,52.033069609613314,,,,,,0.4012905227145702,-3.9654109688556876,15.280200504632637,38.07282825249114,4.923756356929841e-05,0.0003409430679570375,310336.2432449938,54.91832498504383,44817.454703487645,46.51447188218253,52.26769258609512,52.26194874907925,3.170410956161158,1.7318462061469098,5.194014345300635,,,0.4101137096527883,-3.870957124802905,15.614808692915792,38.07282825249114,4.923756356929841e-05,0.0003409430679570375,317132.0341823788,55.01240113253711,45798.87424161804,46.60854802967581,51.69277781101812,51.68824715828917,1.0080909579189041,1.7318462061469098,0.26479060290546763,0.2649595330971585,0.12868748811423836,0.4304086147839765,-3.661190446936624,16.400136844068637,38.07282825249114,4.923756356929841e-05,0.0003409430679570375,333081.81102394714,55.22550917327585,48102.2739143511,46.821656070414555,50.87924893533296,50.883857704333906,0.32425471272576045,0.4479775706310415,0.26479060290546763,0.2649595330971585,0.12868748811423836,0.4165627537343141,-3.8031956437100356,15.86314450098638,38.07282825249114,4.923756356929841e-05,0.0003409430679570375,322175.65921311517,55.080927258139624,46527.25335065416,46.67707415527832,51.475036484152895,51.48528724004767,0.36457138764185587,0.5829698613566281,0.06420519767190248,0.1266101024051276,0.049076421102287146,0.4589687637309088,-3.382168704560204,17.479546010070983,38.07282825249114,4.923756356929841e-05,0.0003409430679570375,355004.28418781835,55.50233594147776,51268.225263561,47.09848283861646,49.67085463765667,49.67930919488871,0.28847237633722406,0.4479775706310415,0.06420519767190248,0.1266101024051276,0.049076421102287146
72,2,3.6,12,0.4114969713520692,-3.8563335687923117,15.692660053515112,38.12702756115574,4.928590146150502e-05,0.0003408364805243847,318400.5889751644,55.02973862421244,46041.609247260145,46.63150494692576,51.66076114076359,51.647845736291025,,,,,,0.406594708452483,-3.9083827770201687,15.510273540348626,38.12702756115574,4.928590146150502e-05,0.0003408364805243847,314700.0071098019,54.97896752724938,45506.494834372534,46.5807338499627,51.849399512864615,51.866090419977695,3.1730290311816884,1.7316655825083742,5.1880283935878095,,,0.40368202208367904,-3.939605913964959,15.395576696017425,38.12702756115574,4.928590146150502e-05,0.0003408364805243847,312372.8335991219,54.94673257180254,45169.979083022394,46.54849889451586,52.016630258685424,52.01952816767027,1.0157846628662863,1.7316655825083742,0.26282116172933456,0.2631683768261542,0.12599736455719218,0.432616629440825,-3.638967906399226,16.510080341550857,38.12702756115574,4.928590146150502e-05,0.0003408364805243847,334985.8651656424,55.25026482230654,48439.88623562162,46.85203114501985,50.828194831572205,50.83960584120692,0.32103205707533117,0.446605920527805,0.26282116172933456,0.2631683768261542,0.12599736455719218,0.42022846525107405,-3.7651453288494032,16.01988774868538,38.12702756115574,4.928590146150502e-05,0.0003408364805243847,325039.9662710398,55.119367642522036,47001.68163935509,46.721133965235346,51.41919072033687,51.42210203102134,0.36207118019558726,0.5809395862902847,0.06379148881679829,0.1252310565563592,0.04803636777674548,0.46131654051721965,-3.360009734719993,17.590367462857454,38.12702756115574,4.928590146150502e-05,0.0003408364805243847,356904.65105110215,55.5255220755966,51609.40353507428,47.12728839830991,49.659412788912356,49.66631125367841,0.28602007393526013,0.446605920527805,0.06379148881679829,0.1252310565563592,0.04803636777674548
73,2,3.6500000000000004,13,0.4094638754524296,-3.8778440741689706,15.636751846274782,38.18084097477819,4.9333545127329e-05,0.0003408735940392305,316959.825326086,55.010042188584734,45872.58185940674,46.61553184338173,51.683197332247104,51.68295056296728,,,,,,0.40479698018631466,-3.927627360232766,15.449299384241112,38.18084097477819,4.9333545127329e-05,0.0003408735940392305,313160.1295703916,54.95766464082593,45322.664044382036,46.563154295622915,51.87997505544403,51.87361197467705,3.1612864134656706,1.7393859054001723,5.197375560649842,,,0.40812307145815907,-3.8920885358803865,15.58231570313466,38.18084097477819,4.9333545127329e-05,0.0003408735940392305,315856.39472932625,54.994896739090194,45712.88587798713,46.60038639388719,51.95822566367521,51.9563278924291,1.016756086075124,1.7393859054001723,0.2608566625950076,0.261398808952776,0.12339245043632052,0.4343234276849571,-3.621867438823351,16.589161151067763,38.18084097477819,4.9333545127329e-05,0.0003408735940392305,336265.3364612544,55.26682100857616,48666.60674560361,46.87231066337315,50.80705274614179,50.8138939697359,0.3208206134080571,0.44623073912236116,0.2608566625950076,0.261398808952776,0.12339245043632052,0.4185282129944456,-3.7827526088501644,15.981989463887402,38.18084097477819,4.9333545127329e-05,0.0003408735940392305,323957.8550991657,55.10488514872064,46885.38432826822,46.71037480351763,51.518272482434575,51.516093927930264,0.36138472435128066,0.5796678750268167,0.06356852714915268,0.1240057929533438,0.047022777163652336,0.46173222165041994,-3.356098174638161,17.635064506052316,38.18084097477819,4.9333545127329e-05,0.0003408735940392305,357465.9891263952,55.53234727431128,51734.909404636164,47.13783692910826,49.66792116240673,49.66967367678019,0.2860037052614246,0.44623073912236116,0.06356852714915268,0.1240057929533438,0.047022777163652336
74,2,3.7,14,0.40259407007523784,-3.9513262624957153,15.398998079460657,38.235130480506896,4.938233587146414e-05,0.00034093021228368903,311832.11178066314,54.93920835840183,45167.5959613902,46.548269759170054,52.024834465481675,52.02747858829268,,,,,,0.405407553882807,-3.921081634401084,15.497037311082673,38.235130480506896,4.938233587146414e-05,0.00034093021228368903,313817.42150512006,54.96677049682792,45455.15989116137,46.575831897596146,51.95378842878881,51.96527119488657,3.139110204173873,1.7273321464744753,5.193691381619564,,,0.4038492100833183,-3.937807622485226,15.437271322875102,38.235130480506896,4.938233587146414e-05,0.00034093021228368903,312607.15092652425,54.949989083357885,45279.85718681248,46.55905048412612,52.059844719037585,52.05412183592316,1.0151306122892325,1.7273321464744753,0.25863530018464875,0.2596917565004365,0.1208172992892897,0.4371786989298899,-3.593410067465225,16.723733843958033,38.235130480506896,4.938233587146414e-05,0.00034093021228368903,338658.2175352693,55.29761618217659,49053.24679774101,46.906677582944816,50.58026004284868,50.58867731055925,0.32081260815506407,0.4475980215013993,0.25863530018464875,0.2596917565004365,0.1208172992892897,0.42088307939288877,-3.7583853368179927,16.087082424235312,38.235130480506896,4.938233587146414e-05,0.00034093021228368903,325765.92703325977,55.12905658010301,47185.85166294738,46.73811798087124,51.25235779178208,51.27745196710278,0.3629199004558859,0.5810514289493649,0.06296608131295937,0.12256674227626815,0.04584836211371809,0.45994885208912073,-3.372904606890902,17.587820343941143,38.235130480506896,4.938233587146414e-05,0.00034093021228368903,356156.1038692048,55.51640391763554,51587.7435036654,47.12546531840377,49.69085680280007,49.69521361925279,0.2871934798630379,0.4475980215013993,0.06296608131295937,0.12256674227626815,0.04584836211371809
75,2,3.75,15,0.41054037953309414,-3.8664412052760504,15.71434738980017,38.28875816956817,4.942961501763417e-05,0.0003409691066543325,317913.6107815938,55.02309121688927,46087.305515719505,46.63581317934422,51.76442289448105,51.76703533452925,,,,,,0.4048832942716586,-3.9267014211355713,15.497314815157356,38.28875816956817,4.942961501763417e-05,0.0003409691066543325,313522.87104863435,54.96269227488642,45450.78868646073,46.57541423734136,51.99109070035113,51.99183111216289,3.1551232774748708,1.7321719165681813,5.162053451210932,,,0.4084698352850702,-3.8884000976301953,15.641953121411968,38.28875816956817,4.942961501763417e-05,0.0003409691066543325,316449.0177767246,55.003037520099,45874.98637308939,46.61575948255394,51.87795541980755,51.89131286401706,1.0052261268117832,1.7321719165681813,0.2575422270577875,0.25830506403831494,0.11871025465112181,0.4347476832259452,-3.617627236780245,16.653176647351074,38.28875816956817,4.942961501763417e-05,0.0003409691066543325,336906.86527519993,55.275098608497984,48840.71994309362,46.88782057095294,50.71611737634431,50.70585868183477,0.32007602018815223,0.4463328580596002,0.2575422270577875,0.25830506403831494,0.11871025465112181,0.41612620549434665,-3.8077493370662645,15.935350144801927,38.28875816956817,4.942961501763417e-05,0.0003409691066543325,322384.6703867093,55.08374382622057,46735.46615751573,46.6964657886755,51.564978998945186,51.568565588621574,0.3617574011888013,0.5789318996726772,0.06246862549725426,0.12112564515598492,0.04471099224963703,0.4600244432422218,-3.3721909161585084,17.613757100711776,38.28875816956817,4.942961501763417e-05,0.0003409691066543325,356340.1635725468,55.518647750170054,51657.92664778936,47.131369712624995,49.717015798935485,49.708540884379374,0.286743267419778,0.4463328580596002,0.06246862549725426,0.12112564515598492,0.04471099224963703
76,2,3.8000000000000003,16,0.4052207913385767,-3.923082796692008,15.533938131382053,38.34233713860799,4.947681693251233e-05,0.00034104262903599853,313963.97534163826,54.96879819385677,45548.376680331006,46.58472903562863,51.929338767925756,51.923380406585785,,,,,,0.4091614623102709,-3.8810527792703278,15.682051042809672,38.34233713860799,4.947681693251233e-05,0.00034104262903599853,316957.55739906227,55.01001111361445,45982.67110225204,46.6259419553863,51.72742266027602,51.73083468303987,3.1622090074919624,1.7261405133431413,5.202882283779089,,,0.405188114983705,-3.9234330189194906,15.532467953695729,38.34233713860799,4.947681693251233e-05,0.00034104262903599853,313934.2608656984,54.96838714530786,45544.065847721955,46.584317987079714,52.02571029929796,52.03179755848229,1.0088039601425816,1.7261405133431413,0.2559129826964851,0.2565443057715765,0.11635907152676954,0.43239906330927746,-3.641152555144087,16.5838856124434,38.34233713860799,4.947681693251233e-05,0.00034104262903599853,335184.9743095691,55.25284541817716,48627.01668503998,46.868776259949016,50.878603089575485,50.876118725101726,0.32003737731783233,0.44500935000906877,0.2559129826964851,0.2565443057715765,0.11635907152676954,0.41720956677075705,-3.796457415971042,15.993991243258629,38.34233713860799,4.947681693251233e-05,0.00034104262903599853,323262.3324389451,55.09555102177388,46897.33740461634,46.71148186354573,51.49779884437962,51.499002283440106,0.36150645802107534,0.5774761262416213,0.0617259973560393,0.11984747963005124,0.04372627951707379,0.4616834196066664,-3.356557219457862,17.705561759647637,38.34233713860799,4.947681693251233e-05,0.00034104262903599853,357855.7162195475,55.53707958821945,51915.978391600824,47.1530104299913,49.64378555362859,49.641138534044906,0.28611272887072003,0.44500935000906877,0.0617259973560393,0.11984747963005124,0.04372627951707379
77,2,3.85,17,0.40130477357919103,-3.9652567423882163,15.417490469482876,38.39603658594933,4.9524313373325596e-05,0.00034105937010925244,311311.5441553386,54.93195225629522,45204.71161529487,46.55183702994616,52.157719909795446,52.17710335643132,,,,,,0.40847693777558697,-3.8883245829812365,15.673991435909272,38.39603658594933,4.9524313373325596e-05,0.00034105937010925244,316490.83789925853,55.003611421341354,45956.78292283358,46.623496194992285,51.64631945905266,51.64201071705435,3.159599304743674,1.7286613526123311,5.202442264863818,,,0.4020241414582616,-3.9574786684760497,15.434922246595121,38.39603658594933,4.9524313373325596e-05,0.00034105937010925244,311663.52838136593,54.93685983061355,45255.82229759825,46.55674460426448,52.05858036246859,52.05204170836746,1.0137069822599063,1.7286613526123311,0.25474996951940887,0.25488420413239954,0.11421053760500943,0.4345883344450975,-3.619219355261212,16.693094885839454,38.39603658594933,4.9524313373325596e-05,0.00034105937010925244,337068.67897396354,55.27718398973828,48944.835852162956,46.89706876338921,50.73097099974548,50.74047643864059,0.3192608985013671,0.44348241958402046,0.25474996951940887,0.25488420413239954,0.11421053760500943,0.4223463673142335,-3.743312369191668,16.21975840992824,38.39603658594933,4.9524313373325596e-05,0.00034105937010925244,327511.0204488852,55.15225918189218,47556.99397653998,46.7721439555431,51.22563921436912,51.236762788587406,0.360337500956394,0.5755910454918516,0.061519036489643596,0.11841670252041703,0.0427284900763659,0.4598886878648004,-3.373472728750092,17.66448241106053,38.39603658594933,4.9524313373325596e-05,0.00034105937010925244,356683.0352175026,55.522824536427095,51792.98374181017,47.142709310078025,49.706443502612146,49.719229476734746,0.28525406303429485,0.44348241958402046,0.061519036489643596,0.11841670252041703,0.0427284900763659
78,2,3.9000000000000004,18,0.40756432143997,-3.8980384154477443,15.679568368055902,38.44938688960616,4.9571163399350335e-05,0.0003410774328902375,316304.2239242945,55.00104991519784,45970.700070038816,46.624811175036214,51.775169962720554,51.77736616804397,,,,,,0.4083334525082437,-3.889850392672783,15.69102583179082,38.44938688960616,4.9571163399350335e-05,0.0003410774328902375,316535.3555530323,55.004222257721054,46004.29204250628,46.62798351755943,51.99511164847826,51.97936741138223,3.156671472663512,1.7374116270868238,5.202517162940838,,,0.404423380936268,-3.9316374448045677,15.543159040161331,38.44938688960616,4.9571163399350335e-05,0.0003410774328902375,313552.43601898267,54.96310179200006,45570.7635314685,46.586863051838435,51.93773158729566,51.9366163315629,1.0089420830119809,1.7374116270868238,0.2533423428204547,0.25360703564581266,0.11222488126013949,0.43135194077910455,-3.6516824360324334,16.59147517965706,38.44938688960616,4.9571163399350335e-05,0.0003410774328902375,334700.13697266794,55.246558900884665,48644.30648214823,46.87032016072304,50.778836371700905,50.79263758239893,0.31956248169496454,0.443120500566336,0.2533423428204547,0.25360703564581266,0.11222488126013949,0.4155432809711791,-3.813837355187759,15.980882731809697,38.44938688960616,4.9571163399350335e-05,0.0003410774328902375,322382.64418097434,55.08371653048302,46854.11930185519,46.7074777903214,51.616000712812976,51.615985497446175,0.3605110266470633,0.5746609631889743,0.06137030706331557,0.1173479695320813,0.041903316495172815,0.45685051538940485,-3.402258808087983,17.575445347939674,38.44938688960616,4.9571163399350335e-05,0.0003410774328902375,354549.7854538958,55.4967722690921,51529.19440904684,47.12053352893047,49.84327180685265,49.85488466762082,0.28567927464869686,0.443120500566336,0.06137030706331557,0.1173479695320813,0.041903316495172815
79,2,3.95,19,0.4085749153264146,-3.8872830062510144,15.728688565312982,38.5031872321657,4.9618783348388256e-05,0.0003410893916247033,316990.6133102292,55.010464021296514,46113.098066148814,46.63824300875552,51.77314027281668,51.77709989274473,,,,,,0.4082151785793336,-3.891108510391246,15.714526643524419,38.5031872321657,4.9618783348388256e-05,0.0003410893916247033,316705.19877901976,55.00655192460986,46071.57838791694,46.63433091206887,51.80894853528633,51.80460684326389,3.1460357663653054,1.7286034963460686,5.151321250647945,,,0.4077215263207831,-3.8963635865935684,15.699737331882758,38.5031872321657,4.9618783348388256e-05,0.0003410893916247033,316407.14004715165,55.00246275230477,46028.219338926254,46.63024173976378,51.83148208581811,51.82784594277099,1.0087111505532254,1.7286034963460686,0.2521330934854448,0.2523957787735418,0.1103617866802327,0.430577605349969,-3.6594856189258977,16.585012463895843,38.5031872321657,4.9618783348388256e-05,0.0003410893916247033,334248.67247242905,55.24069691060294,48623.65371405083,46.86847589806195,50.929785968445415,50.950932852611984,0.3191894432419403,0.44338981135497413,0.2521330934854448,0.2523957787735418,0.1103617866802327,0.4207864253045265,-3.7593827909773605,16.206920913947553,38.5031872321657,4.9618783348388256e-05,0.0003410893916247033,326628.7446057259,55.14054401693764,47515.171423976266,46.76832300439665,51.28379967273694,51.28781645519312,0.3592600234617691,0.5739219262741042,0.06093370486649119,0.1160392984179981,0.041006042929801284,0.45658114486873147,-3.4048202724907832,17.588206539239994,38.5031872321657,4.9618783348388256e-05,0.0003410893916247033,354466.70297713584,55.49575445746279,51564.80081500774,47.1235334449218,49.82230521610357,49.83289614042009,0.28477622616006343,0.44338981135497413,0.06093370486649119,0.1160392984179981,0.041006042929801284
80,2,4.0,20,0.41114042128474465,-3.8600982344358536,15.855605070614365,38.556307339429445,4.966519586432782e-05,0.0003411382705982285,319249.82464435825,55.04130667388833,46478.52919817405,46.67252376455777,51.726513426730925,51.7335694798051,,,,,,0.40686144954264264,-3.9055345795711323,15.682703262777798,38.556307339429445,4.966519586432782e-05,0.0003411382705982285,315768.4770964922,54.99368772580553,45971.69128891995,46.62490481647497,51.97348815749497,51.9744153526007,3.1524693355288624,1.7299272708238207,5.2143925164435805,,,0.409565998652233,-3.8767610479258257,15.78747076132441,38.556307339429445,4.966519586432782e-05,0.0003411382705982285,317877.9522877873,55.02260406707449,46278.80282572551,46.65382115774393,51.921474564525774,51.92514423648155,1.0102641872570917,1.7299272708238207,0.2510686074361526,0.2511310124444346,0.1085409719491981,0.4307853302395864,-3.6573909438165746,16.619772828431074,38.556307339429445,4.966519586432782e-05,0.0003411382705982285,334636.20829830004,55.24572930689074,48718.58205555838,46.876946397560175,50.960468201182636,50.972299850061255,0.31747759922812013,0.44233180620687795,0.2510686074361526,0.2511310124444346,0.1085409719491981,0.4157944185367371,-3.8112134476637105,16.02984009309315,38.556307339429445,4.966519586432782e-05,0.0003411382705982285,322758.0162349995,55.08877037502028,46989.27524309373,46.71998746568973,51.61567645958676,51.62892322243247,0.3578419496171579,0.5721680043502003,0.060935089422326616,0.11526245486692807,0.04045027656066831,0.4549565200166218,-3.4203010668168106,17.54246311861489,38.556307339429445,4.966519586432782e-05,0.0003411382705982285,353214.415312813,55.48038419602748,51423.32195051582,47.111601286696924,49.97162888712017,49.96754153824004,0.28405467776595605,0.44233180620687795,0.060935089422326616,0.11526245486692807,0.04045027656066831
81,2,4.05,21,0.3997782861239975,-3.9818079819344994,15.438829878024094,38.60955892902509,4.9711790020344186e-05,0.00034118713214038713,310566.76638893643,54.92154980220245,45250.32870135187,46.55621738296246,52.24951721921966,52.243479601480615,,,,,,0.4053758132866546,-3.9214216701326126,15.662655060163024,38.60955892902509,4.9711790020344186e-05,0.00034118713214038713,315069.22309080395,54.98405982054863,45906.34752813117,46.61872740130864,51.87815098463786,51.87366525819641,3.184210220725909,1.7374582840273738,5.194901171036622,,,0.40973120537595653,-3.87500958657319,15.812804280788214,38.60955892902509,4.9711790020344186e-05,0.00034118713214038713,318089.6176604572,55.02549494110954,46346.42631915489,46.66016252186955,51.92146718190137,51.90949563053645,1.0149141717243246,1.7374582840273738,0.24923139610824047,0.2496395759858606,0.10650028645906559,0.43668427751367267,-3.5983244424072574,16.86499679210499,38.60955892902509,4.9711790020344186e-05,0.00034118713214038713,339255.47209631983,55.3052686143736,49430.34248186595,46.93993619513361,50.62735199573209,50.63498701843887,0.3156741963775402,0.44082273743529765,0.24923139610824047,0.2496395759858606,0.10650028645906559,0.417361185490554,-3.794879426953165,16.112757781878805,38.60955892902509,4.9711790020344186e-05,0.00034118713214038713,324123.4679999408,55.1071047704854,47225.5729012926,46.741772351245416,51.472587428778546,51.473388506085485,0.3561337848203718,0.5702785089052178,0.06093292089696121,0.11407340845696583,0.03963997646771446,0.45758557614092676,-3.395276736842876,17.6740145477056,38.60955892902509,4.9711790020344186e-05,0.00034118713214038713,355529.6347299632,55.50875806650289,51801.5273226463,47.1434256472629,49.69967003419144,49.69793116541008,0.28261578478499333,0.44082273743529765,0.06093292089696121,0.11407340845696583,0.03963997646771446
82,2,4.1000000000000005,22,0.4051323829677399,-3.924030414816505,15.667894467925453,38.66266902309948,4.9758209293185905e-05,0.0003412542938027392,314880.59338323254,54.98145895167218,45912.66616261896,46.61932513112195,51.94977216667702,51.94188051462294,,,,,,0.40888613650028294,-3.8839761417908476,15.803576554493997,38.66266902309948,4.9758209293185905e-05,0.0003412542938027392,317607.4215487936,55.01890642054902,46310.26434389481,46.65677259999879,51.9031887130206,51.89646989692417,3.148004554997743,1.7335790024777187,5.182365832570758,,,0.40120585744219006,-3.966327350826975,15.512367828282711,38.66266902309948,4.9758209293185905e-05,0.0003412542938027392,311754.9455383443,54.93813351654917,45456.916176561215,46.57599969599893,52.111931419627595,52.12242267886046,1.0142905953969925,1.7335790024777187,0.24783821764258235,0.24828532766223063,0.10466118557742529,0.4365319499336481,-3.5998396462259223,16.889197400709733,38.66266902309948,4.9758209293185905e-05,0.0003412542938027392,339425.3459001108,55.307442692532014,49491.53082443695,46.94530887198178,50.67877546691433,50.668414374139175,0.3140599490006717,0.44023955521785185,0.24783821764258235,0.24828532766223063,0.10466118557742529,0.4152865637279436,-3.8165211992120467,16.05546548468826,38.66266902309948,4.9758209293185905e-05,0.0003412542938027392,322669.6802950857,55.08758158774933,47048.39111553879,46.72544776719909,51.57959516391111,51.581895913842416,0.354803486124605,0.5688648050860712,0.061120885443792114,0.11304024226652516,0.039008530849149056,0.4588699002352781,-3.3831042910083617,17.751554317581856,38.66266902309948,4.9758209293185905e-05,0.0003412542938027392,356756.2934788497,55.52371643171487,52018.55226426272,47.161582611164626,49.67586692337501,49.67168269618605,0.28178305805856996,0.44023955521785185,0.061120885443792114,0.11304024226652516,0.039008530849149056
83,2,4.15,23,0.40387780370682896,-3.937500141053963,15.635205154537886,38.71553724180502,4.980420910089317e-05,0.0003412657502733692,313933.4091796167,54.96837536312562,45815.33641161876,46.610108798385696,52.001979867234375,52.02563803687791,,,,,,0.40483111993042475,-3.9272611006504405,15.673778498991235,38.71553724180502,4.980420910089317e-05,0.0003412657502733692,314707.9088684925,54.97907657227757,45928.36663637014,46.62081000753764,51.89052686033425,51.88734459145354,3.181456129862283,1.7300240080827123,5.210272052095324,,,0.40359569009659324,-3.9405348013894557,15.626676699013194,38.71553724180502,4.980420910089317e-05,0.0003412657502733692,313762.16952580726,54.966005792872124,45790.34575399238,46.607739228132196,52.193675072509826,52.18105393792369,1.0126842004489436,1.7300240080827123,0.24664982199679497,0.24690098957384624,0.1028855717621816,0.4366384232347061,-3.598780499723255,16.914496181919464,38.71553724180502,4.980420910089317e-05,0.0003412657502733692,339619.8130092608,55.3099301852596,49564.001568777974,46.951663620519675,50.68077037330746,50.67155685284837,0.31336126149764315,0.44031604145746117,0.24664982199679497,0.24690098957384624,0.1028855717621816,0.41825382835428754,-3.785600751700326,16.192519439245793,38.71553724180502,4.980420910089317e-05,0.0003412657502733692,325123.51328465133,55.120483792792896,47448.41645044912,46.762217228052975,51.470446943237185,51.46531326559957,0.35412667589798186,0.5687843974992652,0.06061522410302093,0.11144762337207544,0.03801636680341736,0.45993026257806047,-3.3730801369566925,17.813666072603834,38.71553724180502,4.980420910089317e-05,0.0003412657502733692,357673.90737029834,55.53487259135765,52198.810042713885,47.176606026617726,49.73934355133323,49.75026699942328,0.28096229327402944,0.44031604145746117,0.06061522410302093,0.11144762337207544,0.03801636680341736
84,2,4.2,24,0.409621579006335,-3.876171726461876,15.889526457384818,38.76819397802827,4.9849931654246985e-05,0.0003412838949550099,318747.20646745566,55.034463872582144,46558.0904703384,46.67995159889229,51.70636981991696,51.70668682760352,,,,,,0.40630096081285344,-3.911521506609696,15.754815301898299,38.76819397802827,4.9849931654246985e-05,0.0003412838949550099,316044.8726624495,54.99748748967,46163.37171132905,46.642975215980144,51.927622060176155,51.92181096973741,3.154668273690571,1.7338590341151399,5.210549993983643,,,0.4040609064490794,-3.935531662233911,15.667367985656202,38.76819397802827,4.9849931654246985e-05,0.0003412838949550099,314290.66130567936,54.97331476774289,45907.141289868276,46.618802494053035,52.07338116251568,52.071353620063476,1.0143559986683706,1.7338590341151399,0.24538378006732003,0.24552279477357955,0.10113252808189703,0.44059563147745495,-3.5595981321030994,17.092834422079182,38.76819397802827,4.9849931654246985e-05,0.0003412838949550099,342885.8145811109,55.35149518429087,50083.91745040434,46.99698291060101,50.37139975124415,50.375664347336816,0.31300536821034053,0.43939086434469515,0.24538378006732003,0.24552279477357955,0.10113252808189703,0.41844673301508806,-3.783598185069646,16.217374853007694,38.76819397802827,4.9849931654246985e-05,0.0003412838949550099,325323.9134907831,55.12315988014036,47518.72295393712,46.7686476064505,51.44977269634531,51.46203093891813,0.3533110593916233,0.5677425634734901,0.06070605781049413,0.11027942820751095,0.0372735900100369,0.4634604327670783,-3.339873371708821,17.974244343677434,38.76819397802827,4.9849931654246985e-05,0.0003412838949550099,360567.0809810651,55.569860740201165,52666.54714558654,47.21534846651131,49.467192579046255,49.47712898920649,0.2805522971164743,0.43939086434469515,0.06070605781049413,0.11027942820751095,0.0372735900100369
85,2,4.25,25,0.40460287552867086,-3.9297103500615194,15.697814824059853,38.820292258284994,4.9894566398307305e-05,0.00034128270155056963,314619.7262993432,54.97785948911477,45996.51477422985,46.627249257758535,51.93087104861985,51.92065086827536,,,,,,0.40566304632753303,-3.9183455233263187,15.74934772739341,38.820292258284994,4.9894566398307305e-05,0.00034128270155056963,315652.5622783589,54.99209319020053,46147.51247525432,46.64148295884428,52.00741273938297,52.009948882323876,3.1650869618294664,1.7267817849001144,5.197211100057102,,,0.4089297280380485,-3.8835131631388524,15.874762877838805,38.820292258284994,4.9894566398307305e-05,0.00034128270155056963,318166.1656524059,55.02653994129771,46514.99418433477,46.67592970994147,51.84103526696926,51.83816365658964,1.0154576816454823,1.7267817849001144,0.24360411955507102,0.24413472227295924,0.09930806643216387,0.4392732105865411,-3.5726528170895837,17.061103503526454,38.820292258284994,4.9894566398307305e-05,0.00034128270155056963,341943.115956315,55.33953864883554,49991.11711789594,46.9889284174793,50.474561662465526,50.4614430216321,0.31201346355228093,0.43795938460384987,0.24360411955507102,0.24413472227295924,0.09930806643216387,0.4187138373027576,-3.7808268667281757,16.25036807968462,38.820292258284994,4.9894566398307305e-05,0.00034128270155056963,325694.1437261577,55.12809949629411,47615.56330236889,46.77748926493788,51.528979931022775,51.53650389952229,0.3526306222743246,0.5654592272240009,0.060248218091288185,0.10893640116847014,0.0364790600127213,0.4615962147284705,-3.357377612242447,17.922693332917135,38.820292258284994,4.9894566398307305e-05,0.00034128270155056963,359211.3255347414,55.553500210345284,52515.680553066166,47.20288997898905,49.638565622659044,49.65165026532922,0.2802654047960387,0.43795938460384987,0.060248218091288185,0.10893640116847014,0.0364790600127213
86,2,4.3,26,0.4066377408909518,-3.9079231605697338,15.817338076502404,38.872766419105076,4.9940047697273905e-05,0.00034123801017786593,316726.53122767905,55.006844444365434,46352.80245673048,46.66075996402864,51.841936320830655,51.85038033200944,,,,,,0.40823481755554186,-3.8908995790656413,15.873372146221774,38.872766419105076,4.9940047697273905e-05,0.00034123801017786593,317848.55798382143,55.02220245462591,46517.01062829426,46.67611797428912,51.944462554744646,51.94417025219144,3.141311572311766,1.7280009887863965,5.1746936640111425,,,0.40140680719173283,-3.9641526687409505,15.600024308706082,38.872766419105076,4.9940047697273905e-05,0.00034123801017786593,312375.03823124396,54.94676322287343,45715.963179408915,46.60067874253664,52.14384354630064,52.164627803775105,1.0131185945886108,1.7280009887863965,0.24222488827828254,0.24246691597845946,0.09748901060587727,0.4378091406407066,-3.58715175412264,17.023559975962357,38.872766419105076,4.9940047697273905e-05,0.00034123801017786593,340879.9302546847,55.32601432334122,49887.64284227612,46.97992984300443,50.640700344664715,50.63988383202265,0.31340001321085065,0.4381788134582497,0.24222488827828254,0.24246691597845946,0.09748901060587727,0.42059501169483005,-3.7613588240161437,16.346598676586055,38.872766419105076,4.9940047697273905e-05,0.00034123801017786593,327324.4506227889,55.14978447635972,47903.803764608754,46.80369999602292,51.49069996806827,51.49140353408834,0.35299427074122336,0.5646634947902119,0.05990930198888148,0.1075965147971962,0.03568211331212783,0.458957394707921,-3.3822762841057497,17.844709108203563,38.872766419105076,4.9940047697273905e-05,0.00034123801017786593,357322.62845190795,55.53060519982505,52294.025213962064,47.18452071948825,49.75825499121981,49.78269568519425,0.2811646176802434,0.4381788134582497,0.05990930198888148,0.1075965147971962,0.03568211331212783
87,2,4.3500000000000005,27,0.4053654355341134,-3.9215328523543143,15.78890496993389,38.92515495515153,4.9985322653043704e-05,0.00034124951517511693,315870.8223117266,54.99509511013567,46267.91912607288,46.65279967786351,51.902612606499964,51.89847411722748,,,,,,0.4094455351479893,-3.878038603451772,15.934038909122279,38.92515495515153,4.9985322653043704e-05,0.00034124951517511693,318774.3534181633,55.03483373523909,46693.22065101105,46.69253830296693,51.72982613126413,51.736077389797,3.176222128850262,1.7342821167178424,5.19169913925314,,,0.4000624478596147,-3.978722120619981,15.565415661603385,38.92515495515153,4.9985322653043704e-05,0.00034124951517511693,311399.723667795,54.93318222844802,45613.00447156907,46.590886796175866,52.2833025289079,52.28459743092001,1.0123387344576267,1.7342821167178424,0.2406529331654435,0.2408524520766011,0.09568959927975698,0.44096367359960154,-3.555971860538108,17.174206609682926,38.92515495515153,4.9985322653043704e-05,0.00034124951517511693,343584.9905159541,55.360341834523474,50327.416878144846,47.018046402251315,50.50019711189144,50.50241486031851,0.31373870406998317,0.43859236159221043,0.2406529331654435,0.2408524520766011,0.09568959927975698,0.4189320324135723,-3.7785643131079816,16.302814242529355,38.92515495515153,4.9985322653043704e-05,0.00034124951517511693,326152.0257794444,55.1342008033544,47773.88250401862,46.79190537108225,51.570071929307645,51.573769041209424,0.3538167221370929,0.5647544870645003,0.05954372418173365,0.1066493089043914,0.0349692283104076,0.4633409926039348,-3.3409927528974563,18.0411702664639,38.92515495515153,4.9985322653043704e-05,0.00034124951517511693,360929.3550366897,55.57422205451022,52867.973327979154,47.23192662223806,49.55100355236486,49.56778523289532,0.28160701977920727,0.43859236159221043,0.05954372418173365,0.1066493089043914,0.0349692283104076
88,2,4.4,28,0.4021055612961152,-3.9565992037256006,15.675782813809462,38.97736317830045,5.003025090283463e-05,0.000341243664765002,313326.08833511366,54.9599655686155,45937.21270870952,46.62164640359431,52.07274556129797,52.089622757200004,,,,,,0.40655416101913106,-3.908815896396849,15.849534153538096,38.97736317830045,5.003025090283463e-05,0.000341243664765002,316799.0139469816,55.00783821155931,46446.38359646296,46.669519046538106,52.039057471385036,52.033849078101994,3.168556750096862,1.7353526953206486,5.210105279040249,,,0.4084248588284612,-3.8888783239445868,15.91960433912312,38.97736317830045,5.003025090283463e-05,0.000341243664765002,318199.57029680104,55.02699588830821,46651.72128568652,46.688676723287,51.741968472305714,51.73546993946532,1.0091438102809203,1.7353526953206486,0.23948181219174317,0.23931096299935306,0.09403033066105211,0.4402373613495884,-3.563131032196776,17.169874100526954,38.97736317830045,5.003025090283463e-05,0.000341243664765002,343189.8459568616,55.35534429788146,50315.58347713507,47.017025132860255,50.58006367546596,50.582643243632994,0.31411812835973735,0.4382372257486174,0.23948181219174317,0.23931096299935306,0.09403033066105211,0.4172881953497433,-3.7956390085498426,16.26302661418939,38.97736317830045,5.003025090283463e-05,0.000341243664765002,325063.86277722934,55.11968691831509,47658.10561022121,46.78136775329389,51.65932399003697,51.66414895208717,0.35337637606420114,0.5638070798129304,0.05903193294364488,0.10516606914680529,0.03404272566107723,0.46268643600772175,-3.3471323197480416,18.038951754359797,38.97736317830045,5.003025090283463e-05,0.000341243664765002,360560.8892386694,55.56978616149483,52862.37846139165,47.23146699647364,49.589101009881496,49.60274095914593,0.28197766585689843,0.4382372257486174,0.05903193294364488,0.10516606914680529,0.03404272566107723
89,2,4.45,29,0.40690776845032933,-3.9050401876577228,15.883506178269306,39.02940694783531,5.007495109041923e-05,0.0003412255875865452,317194.64187970565,55.013258425114834,46548.40303920867,46.67904786001436,51.82448104297238,51.83470798245342,,,,,,0.4080360613964496,-3.893014531517572,15.928122839200261,39.02940694783531,5.007495109041923e-05,0.0003412255875865452,318085.6394735005,55.025440625742064,46679.157187062956,46.69123006064159,51.783882459495125,51.78583719558998,3.1781947822202032,1.7210056447018949,5.209101931710509,,,0.403590131370426,-3.940594617209721,15.743032990355857,39.02940694783531,5.007495109041923e-05,0.0003412255875865452,314389.3832652779,54.97467871759366,46136.730547391744,46.640468152493185,52.04915961823233,52.04299740916859,1.0087679376010363,1.7210056447018949,0.23814782980592358,0.23804685372836287,0.09248458228354765,0.44001929266684164,-3.5652828143411797,17.18222721114953,39.02940694783531,5.007495109041923e-05,0.0003412255875865452,343130.1845931704,55.35458923901836,50354.451237604204,47.02037867391788,50.5082975857806,50.505443279213615,0.31291873478839116,0.43742053084814714,0.23814782980592358,0.23804685372836287,0.09248458228354765,0.4186134593073505,-3.781868122874849,16.337262885207842,39.02940694783531,5.007495109041923e-05,0.0003412255875865452,326256.19255639426,55.135587636185136,47878.18815335534,46.80137707108466,51.5088686449364,51.513316186507346,0.3518834825934182,0.5622105814935143,0.05898926891484202,0.10423019716069412,0.0334276765126371,0.4627318480094519,-3.3467060869380783,18.06463764804341,39.02940694783531,5.007495109041923e-05,0.0003412255875865452,360751.97787861025,55.57208720858842,52940.45436572563,47.23787664348794,49.6022277937373,49.61383048713842,0.28136426372816586,0.43742053084814714,0.05898926891484202,0.10423019716069412,0.0334276765126371
90,3,4.5,0,0.4073953937394152,-3.899838857061626,15.920116796461846,39.081806612299324,5.0120053896567074e-05,0.0003412292153819414,317639.6583554408,55.01934720233916,46655.19855514802,46.68900042038096,51.9406696358882,51.94411314570091,,,,,,0.40005227302160157,-3.97883257668055,15.633256107674658,39.081806612299324,5.0120053896567074e-05,0.0003412292153819414,311916.18708026654,54.94037913318294,45814.5299492489,46.61003235122473,52.33589848395595,52.33636741173018,3.1603199433246534,1.7325518524819479,5.206333448498166,,,0.4038167638650445,-3.938156559150061,15.782952491887055,39.081806612299324,5.0120053896567074e-05,0.0003412292153819414,314902.94332999695,54.981767199125116,46253.22739209488,46.65142041716691,51.95531677873039,51.954812278721604,1.0130345277002997,1.7325518524819479,0.23629295643429488,0.2368113750627341,0.09087640232246798,0.4380036071798902,-3.5852231284779372,17.126673185620696,39.081806612299324,5.0120053896567074e-05,0.0003412292153819414,341712.9842071812,55.33661481176276,50191.110296492734,47.00626802980455,50.713417283369175,50.721842409052336,0.3132483644660483,0.4367889171923955,0.23629295643429488,0.2368113750627341,0.09087640232246798,0.42110696680021453,-3.756075735456304,16.45735752023294,39.081806612299324,5.0120053896567074e-05,0.0003412292153819414,328358.7354913074,55.16348574530137,48229.62624056691,46.83313896334316,51.34972539246892,51.344643309767,0.35216096466816516,0.5606199489952878,0.05837168437147683,0.142475490362337,0.0406665046261139,0.46024645461322866,-3.3700954828367937,17.99163286696947,39.081806612299324,5.0120053896567074e-05,0.0003412292153819414,358970.7406160988,55.550590510662474,52725.94507135401,47.22024372870426,49.821838156861375,49.84210311523353,0.28172114473812226,0.4367889171923955,0.05837168437147683,0.142475490362337,0.0406665046261139
91,3,4.55,1,0.40390043630185934,-3.9372567769560316,15.804599370197668,39.13370290760015,5.016466065449691e-05,0.00034124604753019285,315054.445978414,54.98385612661725,46314.38073667155,46.65715861533367,52.05724096846957,52.05334068598485,,,,,,0.4082330597044142,-3.8909182797412227,15.97445207850231,39.13370290760015,5.016466065449691e-05,0.00034124604753019285,318440.34964223986,55.03028092095511,46812.1233758434,46.70358340967154,51.8057431134903,51.80749800427443,3.1651640008558615,1.7365436471957367,5.20340949831296,,,0.40949069798739685,-3.877559592481979,16.022339066121695,39.13370290760015,5.016466065449691e-05,0.00034124604753019285,319394.94570637355,55.04328039325321,46952.453170037275,46.71658288196963,51.74427657406454,51.74132772516041,1.0038059595108566,1.7365436471957367,0.23523328911273794,0.23579245734459495,0.08953551068911715,0.44255446168912566,-3.5403327647882286,17.32477449810204,39.13370290760015,5.016466065449691e-05,0.00034124604753019285,345358.1519752391,55.382697117279434,50769.15798290433,47.055999605995865,50.47200530986425,50.464278367094465,0.31236807410950307,0.43672011296816304,0.23523328911273794,0.23579245734459495,0.08953551068911715,0.42459717341726516,-3.7202290129901296,16.620475366664586,39.13370290760015,5.016466065449691e-05,0.00034124604753019285,331318.40522426966,55.20245562248742,48705.25383944274,46.87575811120385,51.202663312436314,51.20472391243194,0.3518023562935827,0.5599104947480995,0.0587612886635835,0.13322260207912434,0.038638093031055906,0.46366662987032703,-3.337941591929961,18.145621184865746,39.13370290760015,5.016466065449691e-05,0.00034124604753019285,361721.1987108123,55.583739613835455,53174.597379798965,47.25704210255188,49.61188996001005,49.62323648643159,0.28143826095618696,0.43672011296816304,0.0587612886635835,0.13322260207912434,0.038638093031055906
92,3,4.6000000000000005,2,0.40311106327956236,-3.945752825829128,15.801643105749633,39.18553241578563,5.020887002193549e-05,0.00034125616112918667,314718.1583422638,54.97921801192024,46304.345256253786,46.656217476543645,52.00635914120291,52.01451992062353,,,,,,0.40833506068073727,-3.8898332885374183,16.00722435584826,39.18553241578563,5.020887002193549e-05,0.00034125616112918667,318812.67889229424,55.03535584566819,46906.77027744132,46.7123553102916,51.76469713522884,51.76412411795424,3.1406165265775856,1.7293629382948965,5.196101502653032,,,0.40532398796794455,-3.921976929920132,15.889595346106168,39.18553241578563,5.020887002193549e-05,0.00034125616112918667,316469.88548366545,55.00332389896779,46562.076105905,46.6803233635912,51.9975394034411,51.997862326893085,1.00780955797672,1.7293629382948965,0.23395387759749853,0.2346127952466154,0.08812044816530572,0.44039525128949125,-3.5615737260194114,17.259813580536438,39.18553241578563,5.020887002193549e-05,0.00034125616112918667,343760.2474024189,55.36255653235385,50577.29514223342,47.03955599697725,50.539481434002326,50.53863950031645,0.3112717691999459,0.43708968351203464,0.23395387759749853,0.2346127952466154,0.08812044816530572,0.424077265007712,-3.72555009658561,16.619990457787363,39.18553241578563,5.020887002193549e-05,0.00034125616112918667,331017.0185173724,55.19850322652409,48702.389439045655,46.8755026911475,51.24036411426685,51.25931114451704,0.3508968030327367,0.5595463372427538,0.0585333002348587,0.13015521375320677,0.03764171340304567,0.4614987086080677,-3.3582950990388682,18.086470973445994,39.18553241578563,5.020887002193549e-05,0.00034125616112918667,360224.6169958474,55.56573388272931,52999.69065349458,47.242733347352726,49.595518690277444,49.588220751573125,0.2808451944526262,0.43708968351203464,0.0585333002348587,0.13015521375320677,0.03764171340304567
93,3,4.65,3,0.4007803808617708,-3.9709354635243255,15.727656091189067,39.23677689525687,5.025195067987463e-05,0.00034122125750031784,312976.03134613886,54.95511079231132,46092.25171492845,46.63627924949891,52.09824093763622,52.103079072276486,,,,,,0.403289016686163,-3.9438360555882235,15.829208849449026,39.23677689525687,5.025195067987463e-05,0.00034122125750031784,314996.9033100332,54.983062843230115,46389.86728262169,46.66423130041771,52.131158329218316,52.12839985146974,3.17817778354934,1.7339599954260005,5.182267812170795,,,0.40498875379782806,-3.9255703661584898,15.888241963815622,39.23677689525687,5.025195067987463e-05,0.00034122125750031784,316171.64605271124,54.99922920261013,46562.872665694995,46.68039765979772,51.986376160274766,51.98453862732629,1.0132026457587318,1.7339599954260005,0.23304254272710648,0.23331346459287192,0.08675513698538809,0.4457455272377702,-3.5091300598928994,17.495071721641732,39.23677689525687,5.025195067987463e-05,0.00034122125750031784,348147.1163794707,55.41762802367637,51271.927926780576,47.09879648086396,50.29061721471701,50.28076785658519,0.3092623926807829,0.4369205589748219,0.23304254272710648,0.23331346459287192,0.08675513698538809,0.4275044107755342,-3.690594000806193,16.769357510391764,39.23677689525687,5.025195067987463e-05,0.00034122125750031784,333705.60313607316,55.23363498805373,49145.113740096174,46.91480344524131,51.000633896445535,51.005604265063866,0.35004623834881393,0.559014212358861,0.05806882362954482,0.12807465991471867,0.036713916441311875,0.46650585675323597,-3.3114289952810156,18.306244332609726,39.23677689525687,5.025195067987463e-05,0.00034122125750031784,364289.2282774842,55.61446329713472,53649.19075299016,47.2956317543223,49.374956280549824,49.36087648275267,0.2796632973370146,0.4369205589748219,0.05806882362954482,0.12807465991471867,0.036713916441311875
94,3,4.7,4,0.4030262525547781,-3.946666636148845,15.838580676898246,39.288261475756435,5.029564630156697e-05,0.0003411684022055328,314909.5765055273,54.98185867877786,46424.524001951635,46.667474595440616,52.102559243860426,52.10131373783564,,,,,,0.4018009197420058,-3.959890734652691,15.798539089264143,39.288261475756435,5.029564630156697e-05,0.0003411684022055328,314113.45217711094,54.97086535829222,46307.15795229625,46.65648127495498,52.13564073943148,52.12458027701043,3.1730610798043695,1.730023921188566,5.187597913852363,,,0.4025479133793645,-3.9518242019586807,15.8158581085793,39.288261475756435,5.029564630156697e-05,0.0003411684022055328,314457.7964810158,54.975623668391194,46357.92179561584,46.661239585053956,52.057498876172325,52.07533022071095,1.0086218783271568,1.730023921188566,0.23187512326359722,0.23200732923471423,0.08536459494705025,0.4422119469059596,-3.5436952859301973,17.377045328241042,39.288261475756435,5.029564630156697e-05,0.0003411684022055328,345498.0024324622,55.38445540754886,50933.923587016274,47.07007132421162,50.44080127888469,50.42827060513499,0.3087199051752786,0.43652147800654717,0.23187512326359722,0.23200732923471423,0.08536459494705025,0.42606612404953814,-3.7052299460313884,16.734337111468335,39.288261475756435,5.029564630156697e-05,0.0003411684022055328,332719.3970454451,55.220781203285256,49050.07909081491,46.90639711994801,51.10346112388837,51.10504043019239,0.34925982447081294,0.5577662957493121,0.05793315234542893,0.12696595110484749,0.03610987053932671,0.4612649687387484,-3.3604952709812475,18.121539659994443,39.288261475756435,5.029564630156697e-05,0.0003411684022055328,360300.3637996767,55.56664700635231,53116.11375158166,47.25226292301507,49.67534034889975,49.6787095340198,0.27941455710560226,0.43652147800654717,0.05793315234542893,0.12696595110484749,0.03610987053932671
95,3,4.75,5,0.4068723912109643,-3.9054177869311504,16.004477630289436,39.33980425841993,5.033947326166965e-05,0.0003411614608017783,317930.9713293294,55.023328368869436,46911.73965745317,46.7128153846034,51.913785714893265,51.90126866437372,,,,,,0.4044699175738706,-3.9311377347692233,15.914028683131452,39.33980425841993,5.033947326166965e-05,0.0003411614608017783,316134.191559946,54.99871469590842,46646.6190106327,46.68820171164238,52.11694808864835,52.11577116228282,3.1703248689989567,1.7354073144418756,5.184334597327368,,,0.4019397271405869,-3.958390666488059,15.809635074249211,39.33980425841993,5.033947326166965e-05,0.0003411614608017783,314060.39932259795,54.97013178550934,46340.62428122539,46.6596188012433,52.12811187682248,52.132625960818885,1.0133537707925526,1.7354073144418756,0.23035849623749818,0.23070087078777074,0.08393441413450944,0.4396673284769842,-3.5687580544997797,17.292208764465858,39.33980425841993,5.033947326166965e-05,0.0003411614608017783,343511.9130980814,55.35941803122043,50686.29007457845,47.0489050469544,50.629649647867176,50.621611407248274,0.3081484287103758,0.4370888382315652,0.23035849623749818,0.23070087078777074,0.08393441413450944,0.42011275882778776,-3.7663412873489195,16.52370387842189,39.33980425841993,5.033947326166965e-05,0.0003411614608017783,328245.4663863886,55.1619873647676,48433.67665148584,46.85147438050157,51.426018726614906,51.413432178837965,0.34911044087313997,0.557949018712673,0.05703755671803955,0.12528494937000986,0.03525550786616943,0.4631912391158274,-3.342396635285367,18.21734061139757,39.33980425841993,5.033947326166965e-05,0.0003411614608017783,361889.774187783,55.585763115509664,53398.00271866644,47.27525013124364,49.5847618339156,49.587876169892326,0.279693294076652,0.4370888382315652,0.05703755671803955,0.12528494937000986,0.03525550786616943
96,3,4.800000000000001,6,0.40756283480177535,-3.898054256872228,16.052637114410533,39.39163374722614,5.038398745732018e-05,0.00034113204085350934,318605.92867939593,55.03253852974184,47056.96091826197,46.726238756864085,52.135402190895945,52.14082641698936,,,,,,0.4072768769683571,-3.9011024616274694,16.04899898212665,39.39163374722614,5.038398745732018e-05,0.00034113204085350934,318533.7205738552,55.03155414329043,47046.29603825017,46.725254370412664,51.84471711423837,51.846764000661835,3.1505990250586313,1.7357221842147808,5.1752227093358005,,,0.40431201087357593,-3.932833569135763,15.928873133526153,39.39163374722614,5.038398745732018e-05,0.00034113204085350934,316149.51371245395,54.998925181367106,46694.15717641842,46.69262540848934,51.975647439833594,51.971243919609584,1.0099586596948984,1.7357221842147808,0.2287661517113418,0.22929245531300832,0.08248122148319319,0.44090654351494935,-3.556534557408198,17.366443296300744,39.39163374722614,5.038398745732018e-05,0.00034113204085350934,344681.7961958986,55.37418347462391,50908.27367857342,47.06788370174614,50.52362638239303,50.51316290407498,0.3090325571511468,0.4369905686791264,0.2287661517113418,0.22929245531300832,0.08248122148319319,0.4250830623234084,-3.715261993989765,16.747544338541594,39.39163374722614,5.038398745732018e-05,0.00034113204085350934,332398.15234410117,55.21658601065769,49094.02323112009,46.91028623777993,51.11298054461763,51.10716387826755,0.3507609693210003,0.5578189854220346,0.05691510833356941,0.12416664450562373,0.03469521949375369,0.46619383034979334,-3.314334782688311,18.35992007523692,39.39163374722614,5.038398745732018e-05,0.00034113204085350934,364399.90167093155,55.6157825111167,53820.567629181256,47.30948273823893,49.339016089723415,49.38370767231349,0.2805292899018138,0.4369905686791264,0.05691510833356941,0.12416664450562373,0.03469521949375369
97,3,4.8500000000000005,7,0.40136318139814187,-3.9646246953915014,15.830007100667567,39.4422752158887,5.042669855687508e-05,0.00034102304977625807,313921.1479968945,54.96820573900049,46419.17052543364,46.66697375683759,52.27611168402783,52.280576761378335,,,,,,0.402827935272413,-3.948804196626583,15.878762450382187,39.4422752158887,5.042669855687508e-05,0.00034102304977625807,314888.0038710626,54.981561158545844,46562.138426713645,46.680329176382955,52.00186357877824,51.99715544854513,3.141257012303324,1.7334665800895888,5.1729113505957525,,,0.4073696283046984,-3.900113532233542,16.066388889480514,39.4422752158887,5.042669855687508e-05,0.00034102304977625807,318608.7796598386,55.03257739152762,47112.32539859554,46.73134540936473,51.90044101222761,51.88701706250531,1.0129966121842173,1.7334665800895888,0.22802579887907512,0.2279235203728688,0.08121925043583861,0.43979760189699146,-3.5674714306468527,17.346324404295242,39.4422752158887,5.042669855687508e-05,0.00034102304977625807,343990.87984573754,55.36546928370437,50865.54828383594,47.06423730154148,50.539601952860046,50.5318070021944,0.30960522028327525,0.43765399252598947,0.22802579887907512,0.2279235203728688,0.08121925043583861,0.4188461642994784,-3.77945457376168,16.51963326093284,39.4422752158887,5.042669855687508e-05,0.00034102304977625807,327596.9621985214,55.153398659011515,48441.39794002549,46.852166676848626,51.541236374218194,51.52997971131343,0.35199133098430924,0.5584495304228793,0.05727112483741559,0.12306475994378022,0.0341844124355084,0.4623244679328799,-3.3505312147206974,18.233130617959745,39.4422752158887,5.042669855687508e-05,0.00034102304977625807,361576.92531457375,55.58200707399824,53465.977240900065,47.280775091835345,49.55990982077813,49.55529915069743,0.28163513163165427,0.43765399252598947,0.05727112483741559,0.12306475994378022,0.0341844124355084
98,3,4.9,8,0.4076953288899345,-3.896642643853394,16.10351898304401,39.493235734664665,5.046957101082555e-05,0.0003409272144410033,319073.8233061236,55.038911763025,47234.47792059642,46.7425911949201,51.96080503683445,51.942954008448986,,,,,,0.403820615489819,-3.9381151361196594,15.935567813115963,39.493235734664665,5.046957101082555e-05,0.0003409272144410033,315746.05240250286,54.99337929518653,46741.8473448783,46.69705872708164,52.05277358873705,52.04585640109256,3.1621573177738878,1.7289263426435082,5.206687521498461,,,0.40710106158538284,-3.9029776512226415,16.078796035067157,39.493235734664665,5.046957101082555e-05,0.0003409272144410033,318583.964813537,55.032239128076974,47161.96112836148,46.735918559972085,51.98711359618538,51.99901154716228,1.0054220177880056,1.7289263426435082,0.22654857122299826,0.22666915309928007,0.0798884013359846,0.4399294796339813,-3.566169350147297,17.375682215584188,39.493235734664665,5.046957101082555e-05,0.0003409272144410033,344280.36275277956,55.369122518904845,50965.95836174003,47.072801950799956,50.518135231575755,50.5111465862954,0.3069246694478388,0.43639022475795197,0.22654857122299826,0.22666915309928007,0.0798884013359846,0.4192805758885588,-3.774952567946552,16.55040672163289,39.493235734664665,5.046957101082555e-05,0.0003409272144410033,327928.4208316905,55.157790576437115,48545.27893518134,46.861470008332226,51.50826799365984,51.51157407538242,0.35057970630824575,0.5570459432808686,0.05805587029959312,0.12259357742794878,0.03390312229600445,0.46233622166725336,-3.350420804879815,18.25481435550636,39.493235734664665,5.046957101082555e-05,0.0003409272144410033,361699.41590331256,55.583478074340746,53544.60888503025,47.28715750623586,49.475154548537745,49.47850166098545,0.27995129857160767,0.43639022475795197,0.05805587029959312,0.12259357742794878,0.03390312229600445
99,3,4.95,9,0.4092425211445514,-3.8801924852037217,16.18888757967209,39.54392868696758,5.0512115304548394e-05,0.0003408459519655962,320495.1422458911,55.05821451290742,47496.20022275089,46.766588667132815,51.787542910857795,51.78509407475487,,,,,,0.40851695911007635,-3.8878990952313943,16.14149430182725,39.54392868696758,5.0512115304548394e-05,0.0003408459519655962,319556.8865906073,55.0454818122137,47357.15418869495,46.7538559664391,51.89001481094831,51.89744471694269,3.146867783149731,1.7328890310288216,5.2005013634902655,,,0.40481903712643563,-3.927390724415792,16.006195117910995,39.54392868696758,5.0512115304548394e-05,0.0003408459519655962,316878.3374326378,55.00892550786904,46960.203064188376,46.71729966209443,51.99567633198916,52.013615478336376,1.0023535990562094,1.7328890310288216,0.22515713259242162,0.2254282756381889,0.07860029237060866,0.4396108516478822,-3.5693159570116935,17.378156921456267,39.54392868696758,5.0512115304548394e-05,0.0003408459519655962,344039.3817736522,55.366081585833065,50985.36984593661,47.07445574005846,50.418727248500815,50.41838953053802,0.30556555549630116,0.4357999183349654,0.22515713259242162,0.2254282756381889,0.07860029237060866,0.4205434126672081,-3.7618916536277,16.622592022292736,39.54392868696758,5.0512115304548394e-05,0.0003408459519655962,329081.28915353393,55.17303189956539,48768.63558576328,46.88140605379078,51.4016684159188,51.397707236893936,0.3497045029025875,0.5566317681268822,0.05680497071873906,0.12087460844224,0.033071325536390375,0.46335809640650394,-3.340832440080399,18.320652104305495,39.54392868696758,5.0512115304548394e-05,0.0003408459519655962,362698.17634534504,55.59545371943421,53750.53451171607,47.30382787365961,49.309503341934075,49.31873014481174,0.2791472752872921,0.4357999183349654,0.05680497071873906,0.12087460844224,0.033071325536390375
100,3,5.0,10,0.40233089739687655,-3.9541661407624207,15.928015804573215,39.59468788584544,5.05545043699851e-05,0.00034081970225329064,315066.20434854657,54.984018209712374,46734.433776178295,46.696369852439695,52.11187871488852,52.10894392532471,,,,,,0.4002395290094339,-3.9768002118981878,15.846996438160764,39.59468788584544,5.05545043699851e-05,0.00034081970225329064,313463.59015180735,54.96187103334313,46496.714636478326,46.67422267607045,52.3796532401008,52.387252698321255,3.1844280352444354,1.7362476158551328,5.218406273488391,,,0.4114523907752917,-3.8568040983146483,16.286158570415672,39.59468788584544,5.05545043699851e-05,0.00034081970225329064,322150.49427099095,55.08058802014816,47785.26142339069,46.79293966287549,51.59647214232416,51.60396203153338,1.0079083710024144,1.7362476158551328,0.2242489701460871,0.22447761672628,0.0775218521733816,0.4424862365574459,-3.541002333957941,17.514040062562632,39.59468788584544,5.05545043699851e-05,0.00034081970225329064,346438.7650680037,55.396264818244674,51387.99179381518,47.108616460972,50.28278557342846,50.27467427566738,0.30481438036116437,0.4357070296997797,0.2242489701460871,0.22447761672628,0.0775218521733816,0.42468521454805847,-3.7193285874552817,16.80704588725022,39.59468788584544,5.05545043699851e-05,0.00034081970225329064,332453.9741156832,55.21731528823568,49313.598292975286,46.92966693096301,51.08363185037332,51.08696376818284,0.34859147175602645,0.5556365552789355,0.05691478284298359,0.11986700317486618,0.032580491847646546,0.4634617893755405,-3.3398606593678037,18.34619968303229,39.59468788584544,5.05545043699851e-05,0.00034081970225329064,362899.40751401527,55.59786259152324,53829.6335620813,47.31021423425056,49.3672522339276,49.38387782581163,0.27863454761767203,0.4357070296997797,0.05691478284298359,0.11986700317486618,0.032580491847646546
101,3,5.050000000000001,11,0.4136686585827379,-3.833473819814273,16.399514144144984,39.64519163604276,5.059688749355554e-05,0.0003407473138044168,324121.0073689566,55.10707180025583,48128.080485934595,46.82398540858941,51.82474279930757,51.839408744384386,,,,,,0.406147551132098,-3.9131616100164948,16.098837526078555,39.64519163604276,5.059688749355554e-05,0.0003407473138044168,318178.4161748891,55.02670715681168,47245.67699840773,46.74362076514526,52.049900517808545,52.03977505320296,3.157125738700144,1.7412909084805055,5.196847727372232,,,0.4024493345411363,-3.952887863873043,15.959262656788459,39.64519163604276,5.059688749355554e-05,0.0003407473138044168,315419.84986371285,54.988890206828486,46836.063001068316,46.705803815162064,52.061318127676905,52.06423177016158,1.0174846557173263,1.7412909084805055,0.2232369179065012,0.2231395921534891,0.07630961106817116,0.4440152628390422,-3.526021009375293,17.59741982420895,39.64519163604276,5.059688749355554e-05,0.0003407473138044168,347796.4889925355,55.41325193483645,51643.60542636463,47.13016554317004,50.20902063781873,50.20335966437614,0.30536106008821856,0.43609344913294246,0.2232369179065012,0.2231395921534891,0.07630961106817116,0.42207817520317326,-3.746071037420153,16.728198201527288,39.64519163604276,5.059688749355554e-05,0.0003407473138044168,330617.13931826217,55.193253638101545,49092.67813371228,46.91016724643512,51.22161967818929,51.21706217933716,0.3492944207144881,0.5563411100982953,0.05652368208637274,0.1187844886985586,0.03206348149516918,0.46276404837500706,-3.3464038826574076,18.342913353038377,39.64519163604276,5.059688749355554e-05,0.0003407473138044168,362530.469001175,55.593445128739035,53831.42466551299,47.31035873707262,49.46544329895593,49.473440993897434,0.279131912290702,0.43609344913294246,0.05652368208637274,0.1187844886985586,0.03206348149516918
102,3,5.1000000000000005,12,0.4052261853532171,-3.9230249868448244,16.085473626132533,39.69605391252887,5.0639645098646906e-05,0.0003406435233777749,317645.86017136875,55.01943199616357,47220.84091495755,46.74133716784936,52.04286187279949,52.0423618762177,,,,,,0.4112797644426502,-3.8586265787980505,16.323949438022446,39.69605391252887,5.0639645098646906e-05,0.0003406435233777749,322355.13116695645,55.08334587591204,47920.915319793494,46.80525104759782,51.70258004934725,51.69792426129622,3.1760940417678056,1.7248129451807919,5.205797839990071,,,0.4081969132543251,-3.8913028370050244,16.20327818358496,39.69605391252887,5.0639645098646906e-05,0.0003406435233777749,319972.19080071937,55.051122348617525,47566.67035062183,46.773027520303316,51.86539414700449,51.86337697329699,1.0033000197099669,1.7248129451807919,0.22207458262308818,0.2220130800575563,0.07516638817059286,0.44128635636511593,-3.55279499806245,17.510332112275112,39.69605391252887,5.0639645098646906e-05,0.0003406435233777749,345783.0732850651,55.38803729947687,51403.68423460701,47.109942471162654,50.37193858187973,50.36080413461698,0.30489056071799675,0.4354586030603847,0.22207458262308818,0.2220130800575563,0.07516638817059286,0.4185011559844214,-3.7830333806029826,16.60320405536589,39.69605391252887,5.0639645098646906e-05,0.0003406435233777749,327869.6764762581,55.157012521435725,48740.70080866583,46.878917693121515,51.46394759499026,51.47051866182883,0.34932988493097183,0.5557363164730738,0.05618995247764019,0.1171968838194859,0.031346444649950386,0.4612814487401108,-3.3603401097119914,18.305376619315506,39.69605391252887,5.0639645098646906e-05,0.0003406435233777749,361483.1143396901,55.580880152671426,53737.63293017251,47.30278532435722,49.5833620790511,49.57330741168046,0.27934541468479085,0.4354586030603847,0.05618995247764019,0.1171968838194859,0.031346444649950386
103,3,5.15,13,0.40760028509407115,-3.8976552090030547,16.20088265914236,39.74616182711865,5.068112225201974e-05,0.0003405482613074132,319663.0607069227,55.046924534189316,47572.94192883225,46.77360009186384,51.8723463344484,51.88409712742081,,,,,,0.41065352961019846,-3.865244400139598,16.32762267186746,39.74616182711865,5.068112225201974e-05,0.0003405482613074132,322163.79484802694,55.08076732292978,47945.10654432178,46.80744288060431,51.84303723096432,51.84502100865251,3.140246560008826,1.7350986890583986,5.199865037253704,,,0.40433862755072714,-3.9325476737077922,16.06797100663456,39.74616182711865,5.068112225201974e-05,0.0003405482613074132,317040.5526289273,55.01114816339395,47182.65465501817,46.73782372106848,52.07740300643104,52.0736080353973,1.0077130812443766,1.7350986890583986,0.22073431634102597,0.22109432565967918,0.07408097298921555,0.44102016886320045,-3.5554154879587707,17.5239574033399,39.74616182711865,5.068112225201974e-05,0.0003405482613074132,345768.9298235999,55.387859657672855,51458.07333170029,47.11453521534739,50.465746064243426,50.484717031542395,0.3043820805574656,0.4354862726115966,0.22073431634102597,0.22109432565967918,0.07408097298921555,0.4147607495062796,-3.8220234938856152,16.472537321049167,39.74616182711865,5.068112225201974e-05,0.0003405482613074132,325023.13660571526,55.11914277109795,48370.63991402791,46.84581832877248,51.767753428999654,51.77328815740501,0.3490622252896844,0.5554457254259731,0.05604502644880418,0.11632239138943774,0.03091430898246928,0.45816463594585377,-3.389784354571584,18.20474520961167,39.74616182711865,5.068112225201974e-05,0.0003405482613074132,359201.69879202265,55.55338381932507,53457.166804261644,47.2800593769996,49.703936211400006,49.71399885650708,0.27903915192519674,0.4354862726115966,0.05604502644880418,0.11632239138943774,0.03091430898246928
104,3,5.2,14,0.40587940303493,-3.9160298705481997,16.147169532940556,39.79613779513401,5.072256662425546e-05,0.00034048373476082015,318342.91140186513,55.02895183795182,47424.20234635722,46.7600003498529,51.97628856384578,51.98819859920788,,,,,,0.40441644659204534,-3.9317119106587235,16.093537249884278,39.79613779513401,5.072256662425546e-05,0.00034048373476082015,317285.5460785845,55.014502882955256,47266.684445850304,46.74555139485634,51.92640677581553,51.92721918417582,3.1224113835776777,1.7327896853906357,5.176831334311569,,,0.4073536768927431,-3.900283592673631,16.21394812820355,39.79613779513401,5.072256662425546e-05,0.00034048373476082015,319659.4574622741,55.046875580203704,47620.33093766836,46.77792409210478,51.84108828200168,51.845730641253816,1.0060718283404455,1.7327896853906357,0.21946060178799645,0.22009157393900686,0.0729975295487447,0.43609455697372257,-3.6041933385174945,17.35375095364442,39.79613779513401,5.072256662425546e-05,0.00034048373476082015,342130.7735114863,55.34192139268814,50967.92939561392,47.07296990458922,50.63717721066285,50.645457789056145,0.30454546928253623,0.43548399933834353,0.21946060178799645,0.22009157393900686,0.0729975295487447,0.4159913423989147,-3.809157078047562,16.544206342141962,39.79613779513401,5.072256662425546e-05,0.00034048373476082015,326170.52809450193,55.13444716777294,48590.29860490629,46.86549567967403,51.62887129420064,51.64364226290735,0.34949215709097203,0.5547990782491589,0.055811488390132724,0.11575921226887867,0.03057175943320537,0.4561872482319571,-3.4085685869088445,18.153169366098982,39.79613779513401,5.072256662425546e-05,0.00034048373476082015,357891.37999610143,55.53751238302801,53315.81956139859,47.26856089492909,49.83671532666777,49.856116625773765,0.2798838838273549,0.43548399933834353,0.055811488390132724,0.11575921226887867,0.03057175943320537
105,3,5.25,15,0.4079028969348103,-3.8944321030356015,16.258535508781897,39.84605664305953,5.076401340573614e-05,0.00034045719492905354,320276.7948789633,55.055254737212785,47755.00635893433,46.7901890723052,51.87172025745072,51.86007178701779,,,,,,0.40204133747957965,-3.9572929090480957,16.022133491085707,39.84605664305953,5.076401340573614e-05,0.00034045719492905354,315619.9129298013,54.99164395686671,47060.6400150377,46.72657829195913,52.10401691673278,52.10397010016864,3.1539059388240336,1.733162592335604,5.203779210805516,,,0.40719502504369676,-3.9019753668620147,16.219214125884797,39.84605664305953,5.076401340573614e-05,0.00034045719492905354,319502.2031897125,55.04473857266988,47639.51053895234,46.77967290776229,52.00605420031211,51.99774708415343,1.009846097186929,1.733162592335604,0.21846258665427723,0.21929758669750968,0.07204939542428097,0.4384982310152917,-3.5803215432039686,17.467783109204692,39.84605664305953,5.076401340573614e-05,0.00034045719492905354,344097.7562115075,55.36681840687951,51306.840828682536,47.10175274197192,50.62714573846857,50.620219079021,0.3038807318157097,0.43466125842126757,0.21846258665427723,0.21929758669750968,0.07204939542428097,0.41745509221602717,-3.793902369510762,16.629757325746773,39.84605664305953,5.076401340573614e-05,0.00034045719492905354,327589.4912569634,55.15329961579485,48845.369031522976,46.88823395088726,51.69032850298036,51.69841006262725,0.34906563184279255,0.5539600477734041,0.05573877578595131,0.11486394690422934,0.03014909628077374,0.45466145734666963,-3.423118603344439,18.114784558857263,39.84605664305953,5.076401340573614e-05,0.00034045719492905354,356843.0339436157,55.524772231627885,53207.23083156497,47.2597065667203,50.025703482491494,50.043902709517695,0.27919698581243263,0.43466125842126757,0.05573877578595131,0.11486394690422934,0.03014909628077374
106,3,5.300000000000001,16,0.4076233998031489,-3.897408930814824,16.266250832646186,39.89613326615059,5.080569008845448e-05,0.0003405095188090254,320165.92638198746,55.05375110307546,47770.32633196109,46.79158208076025,51.88038682127765,51.87816520719427,,,,,,0.40363825850436824,-3.940076762560705,16.10519387152229,39.89613326615059,5.080569008845448e-05,0.0003405095188090254,316995.8688383641,55.01053602431022,47297.33820027181,46.74836700199501,52.07555329642387,52.073922825154284,3.1633949856621615,1.7318168550359392,5.171329238786223,,,0.40306326263316417,-3.9462678399227107,16.082266070408103,39.89613326615059,5.080569008845448e-05,0.0003405095188090254,316544.58471892256,55.00434888235608,47230.004396522716,46.74217986004087,51.8987821779024,51.90404367098711,1.0134190762696944,1.7318168550359392,0.21754973445097797,0.21840137845764077,0.07109536412751907,0.4376966574841402,-3.588267699090161,17.461139142348156,39.89613326615059,5.080569008845448e-05,0.0003405095188090254,343684.7154708007,55.36160218391832,51279.44500177461,47.0994331616031,50.64063284437189,50.63814760572295,0.30375845789913536,0.4354573535308213,0.21754973445097797,0.21840137845764077,0.07109536412751907,0.42203344809699017,-3.746531278338268,16.83760746731855,39.89613326615059,5.080569008845448e-05,0.0003405095188090254,331411.8445788983,55.20368025940081,49448.27247769808,46.94151123708561,51.37423198843876,51.37107550710759,0.34925250882127906,0.5548892770151006,0.05485367507093366,0.11310603453697037,0.029372636276060994,0.4573418988095139,-3.39759009447607,18.25025519042237,39.89613326615059,5.080569008845448e-05,0.0003405095188090254,359216.7562067957,55.55356586788196,53596.90164978329,47.291396845566744,49.85794232500397,49.85638541875335,0.27947365096060345,0.4354573535308213,0.05485367507093366,0.11310603453697037,0.029372636276060994
107,3,5.3500000000000005,17,0.4104672895903212,-3.867214463799851,16.39080704338959,39.94620319915346,5.0847558604103494e-05,0.00034053037578171994,322351.898367581,55.08330232165047,48133.17169066909,46.82444480052012,51.79691484029295,51.79422049902437,,,,,,0.4092895948656151,-3.8796929603366257,16.347652766666464,39.94620319915346,5.0847558604103494e-05,0.00034053037578171994,321503.19927744137,55.07185298944925,48006.44503192665,46.81299546831889,51.75114171419765,51.73825176305157,3.161491274285686,1.7305388400643824,5.191469093794007,,,0.3972860277530457,-4.008967084821541,15.872907529317866,39.94620319915346,5.0847558604103494e-05,0.00034053037578171994,312166.56148436776,54.943863806591864,46612.31026125083,46.68500628546151,52.31775063421005,52.31507321950403,1.0059038306127976,1.7305388400643824,0.2162929090490553,0.21745419203433394,0.07008497467419114,0.43809614216784143,-3.5843057116009307,17.494493833020655,39.94620319915346,5.0847558604103494e-05,0.00034053037578171994,344057.6954585351,55.36631276054817,51374.253450548655,47.10745523941782,50.69057308358741,50.694377357013295,0.3034173319273344,0.4350450443421646,0.2162929090490553,0.21745419203433394,0.07008497467419114,0.41928027299989257,-3.77495570529494,16.751246844115208,39.94620319915346,5.0847558604103494e-05,0.00034053037578171994,329440.5337046674,55.177770328460916,49191.63762017155,46.918912807330564,51.492501487879224,51.495986870236855,0.34915171792070787,0.5545512805703383,0.054149150259965875,0.11123950661450055,0.02860754712742733,0.4586030192159889,-3.3856309041609434,18.319195875041565,39.94620319915346,5.0847558604103494e-05,0.00034053037578171994,360276.80340906617,55.56636300768838,53796.069830740074,47.30750548655803,49.72344465833949,49.73906732143346,0.27925671094851606,0.4350450443421646,0.054149150259965875,0.11123950661450055,0.02860754712742733
108,3,5.4,18,0.4000483008303132,-3.9788756987782965,16.003341068405387,39.99622004377868,5.0889103620747684e-05,0.00034053205576547725,314474.80756726797,54.97585860042826,46995.108969790526,46.720526609577895,52.30612951441178,52.310311350440074,,,,,,0.4077130478621765,-3.8964538978927123,16.294482971830462,39.99622004377868,5.0889103620747684e-05,0.00034053205576547725,320195.91253297566,55.0541578362418,47850.07078174277,46.798825845391434,51.9878271844337,51.98316576739306,3.154631984618394,1.728860890787363,5.203404393457889,,,0.4068297352476359,-3.9058731193902503,16.27098762362678,39.99622004377868,5.0889103620747684e-05,0.00034053205576547725,319734.2154989941,55.04789113617012,47781.07478619437,46.79255914531976,51.90690505619456,51.90245426730087,1.0014261123531765,1.728860890787363,0.21521792569808965,0.21640496694230654,0.06908837336567673,0.4398248258903175,-3.5672026055303667,17.59040052812023,39.99622004377868,5.0889103620747684e-05,0.00034053205576547725,345661.43391349807,55.3865092720546,51655.63778886841,47.13117728120424,50.615648256557336,50.62580277191175,0.3027907590295406,0.43435082651611656,0.21521792569808965,0.21640496694230654,0.06908837336567673,0.4200848062606064,-3.766630258566899,16.808016099656662,39.99622004377868,5.0889103620747684e-05,0.00034053205576547725,330287.1322890421,55.18891654270519,49358.102460792295,46.93358455185483,51.48179056930627,51.475539501365134,0.34886293139988644,0.5532252147385324,0.05414993996371459,0.11041627888743792,0.028213238844941757,0.45917445695734804,-3.3802227895288866,18.370088201369114,39.99622004377868,5.0889103620747684e-05,0.00034053205576547725,360982.7427551614,55.5748644039499,53945.25387654108,47.31953241309954,49.703359585994804,49.72269078709349,0.27927974956335555,0.43435082651611656,0.05414993996371459,0.11041627888743792,0.028213238844941757
109,3,5.45,19,0.40046956790905675,-3.9743048080651997,16.034931446675778,40.04610174828405,5.0930542053219125e-05,0.0003404998555117762,314839.20650049846,54.98088809159049,47092.32966508912,46.72950175591724,52.31642106388515,52.317602339592405,,,,,,0.40505104134477826,-3.924902469639151,16.228012326619503,40.04610174828405,5.0930542053219125e-05,0.0003404998555117762,318630.2692333861,55.03287030525379,47659.380948131584,46.78148396958055,51.896020868240896,51.901535549326766,3.1619412890103793,1.7424376198674962,5.20657356771208,,,0.406016510518121,-3.914563056318702,16.265707474189583,40.04610174828405,5.0930542053219125e-05,0.0003404998555117762,319370.39777022146,55.0429465920122,47770.08627431571,46.791560256338954,51.89515770303075,51.90212420620803,1.0260855697404243,1.7424376198674962,0.21398930767761426,0.21536531087299626,0.06808663522351574,0.44177130379427226,-3.5480249808105735,17.693639401676585,40.04610174828405,5.0930542053219125e-05,0.0003404998555117762,347407.2469754568,55.408388736638265,51963.7207336925,47.157002400965034,50.40444242016501,50.402996006103166,0.3011227609782621,0.432809645002244,0.21398930767761426,0.21536531087299626,0.06808663522351574,0.418274242669226,-3.7853887845317757,16.756449029589042,40.04610174828405,5.0930542053219125e-05,0.0003404998555117762,329005.904003135,55.172036914240664,49211.32493405572,46.92065057856743,51.503697308650715,51.53089964555984,0.34782186661692505,0.5521927360243264,0.0538501833194527,0.10942994784595075,0.027774146982900955,0.45996096631983363,-3.3727902229926956,18.423793101947446,40.04610174828405,5.0930542053219125e-05,0.0003404998555117762,361743.511048749,55.58400749491152,54108.07905999319,47.332621159238286,49.61656330930971,49.61870501123479,0.2779177266463206,0.432809645002244,0.0538501833194527,0.10942994784595075,0.027774146982900955
110,3,5.5,20,0.4059636852906775,-3.9151281367217656,16.275116240263422,40.09550067857343,5.097123184843219e-05,0.00034052875646629606,319300.0374928946,55.04198969535237,47793.66186031416,46.793703066204486,52.0138912518852,52.012979837651415,,,,,,0.40182457130440474,-3.9596350995799945,16.10240445557367,40.09550067857343,5.097123184843219e-05,0.00034052875646629606,315911.6205677686,54.99565601389912,47286.47478312866,46.74736938475125,52.16727478055374,52.171152029663276,3.159236596194834,1.737123586210838,5.192837465668468,,,0.40421378508381717,-3.9338887962885885,16.209241711569753,40.09550067857343,5.097123184843219e-05,0.00034052875646629606,318007.65105637384,55.024375689517,47600.2140899195,46.77608906036913,52.013071979319236,52.02197016777725,1.0088808098272395,1.737123586210838,0.21317404196984766,0.2142760317395421,0.06714877092016215,0.44274399148241483,-3.5384732394644374,17.75492152159508,40.09550067857343,5.097123184843219e-05,0.00034052875646629606,348332.203828054,55.41993627482323,52139.27218905044,47.17164964567536,50.32228383483575,50.33455470744059,0.3013024542078793,0.4328575162008589,0.21317404196984766,0.2142760317395421,0.06714877092016215,0.4138362663150298,-3.831714528429679,16.594395984107365,40.09550067857343,5.097123184843219e-05,0.00034052875646629606,325563.95798815263,55.126363197022215,48731.26180681249,46.87807656787434,51.76437623445688,51.78324297814737,0.34790300865132723,0.5516745904371456,0.05402440936339352,0.10844167979308503,0.027403395864916726,0.46355985354101514,-3.338941830202975,18.5866068886426,40.09550067857343,5.097123184843219e-05,0.00034052875646629606,364648.96402566147,55.618749840622485,54581.607384697374,47.3704632114746,49.377582283284994,49.37732394673468,0.27837366557571014,0.4328575162008589,0.05402440936339352,0.10844167979308503,0.027403395864916726
111,3,5.550000000000001,21,0.40535638358125264,-3.921629832923613,16.271172579886503,40.14525059296717,5.1012665121921534e-05,0.0003405695488714989,318963.389601347,55.03740837895556,47776.357674378625,46.792130373725335,52.09207642065515,52.08107506670383,,,,,,0.4056227142138722,-3.918777332074179,16.296454321050945,40.14525059296717,5.1012665121921534e-05,0.0003405695488714989,319458.9869418117,55.04415110105782,47850.59138449221,46.79887309582759,52.05585168929548,52.03790568372462,3.1695345898965384,1.7300649137607091,5.192787457706287,,,0.4011572439387151,-3.9668536107283754,16.112127468490826,40.14525059296717,5.1012665121921534e-05,0.0003405695488714989,315845.6322558808,54.994748755305764,47309.36022283698,46.74947075007553,52.2350051052897,52.230343191401076,1.0049535041702569,1.7300649137607091,0.21197529848227598,0.21324638295029813,0.06618553414029951,0.4429102646857106,-3.536842545883388,17.78196055031294,40.14525059296717,5.1012665121921534e-05,0.0003405695488714989,348579.32844350743,55.42301628875219,52212.42066190214,47.17773828352195,50.40463586608261,50.40071711507592,0.30068636710829555,0.43247090019383005,0.21197529848227598,0.21324638295029813,0.06618553414029951,0.4179862193908548,-3.7883803626602996,16.77808162037355,40.14525059296717,5.1012665121921534e-05,0.0003405695488714989,328900.3148585458,55.170642892359645,49264.773306858755,46.925364887129405,51.555247368336175,51.54711073496632,0.34734413352200255,0.550782137595301,0.0533171243502689,0.10691052745244727,0.026786252098777774,0.4645800625218478,-3.329394319067196,18.649401829721675,40.14525059296717,5.1012665121921534e-05,0.0003405695488714989,365583.7581735662,55.629868930457036,54759.45189908428,47.38459092522681,49.41154070351432,49.40604471445069,0.2781605849530695,0.43247090019383005,0.0533171243502689,0.10691052745244727,0.026786252098777774
112,3,5.6000000000000005,22,0.39863178399816646,-3.9942807677275654,16.02100436145453,40.19412361187575,5.1052516733443305e-05,0.0003405520153475745,313814.1934334757,54.96672582305212,47044.221262655454,46.72506283918977,52.193071297589555,52.19532484481895,,,,,,0.4046087948332002,-3.9296468136250584,16.263535428704337,40.19412361187575,5.1052516733443305e-05,0.0003405520153475745,318564.8126539955,55.0319780374965,47756.39166928856,46.79031505363413,51.95572793711042,51.962468376519176,3.117561641848866,1.725379899036215,5.184088034437993,,,0.4175246991357476,-3.7931782824964415,16.782742335475305,40.19412361187575,5.1052516733443305e-05,0.0003405520153475745,328734.86772653705,55.16845770580343,49280.99549887112,46.92679472194107,51.40247602481336,51.39513819468806,1.007157051638345,1.725379899036215,0.2104603629916292,0.21226917419779823,0.06520621235234725,0.441230700490454,-3.5533427730679406,17.735904907621624,40.19412361187575,5.1052516733443305e-05,0.0003405520153475745,347405.1044383332,55.40836195265701,52079.87064625059,47.16669896879465,50.398203373002524,50.41577932492443,0.3008452312290165,0.4322026304502063,0.2104603629916292,0.21226917419779823,0.06520621235234725,0.4174106873409804,-3.7943643549626227,16.772104368587566,40.19412361187575,5.1052516733443305e-05,0.0003405520153475745,328526.4947105057,55.165703999005984,49249.75807724881,46.92404101514363,51.5484722207499,51.553387210992675,0.34764921801774645,0.5505569180329452,0.0523160092951496,0.1048726437296245,0.026005577458308386,0.4615851638929045,-3.357481585676447,18.552350169724313,40.19412361187575,5.1052516733443305e-05,0.0003405520153475745,363397.36719720036,55.60381776533188,54477.28785510019,47.36215478146952,49.50884616162003,49.51034370162825,0.2784458310934801,0.4322026304502063,0.0523160092951496,0.1048726437296245,0.026005577458308386
113,3,5.65,23,0.4016833564380254,-3.961161626842395,16.16559736429493,40.243509649091024,5.1093282473731804e-05,0.0003405718984297474,316393.7915440454,55.0022795294,47466.03415850983,46.76382947433019,52.26353404180984,52.2600139595221,,,,,,0.40567986860966787,-3.918165431181044,16.318482593358432,40.243509649091024,5.1093282473731804e-05,0.0003405718984297474,319386.06805597444,55.04315967850127,47914.94151043287,46.804709623431464,51.96886272070758,51.953290988607115,3.1633872443857847,1.7341902192024037,5.193171074230624,,,0.4097929345844902,-3.8743553372745563,16.49137863966333,40.243509649091024,5.1093282473731804e-05,0.0003405718984297474,322769.99717412784,55.08893158431388,48422.60537554347,46.85048152924408,51.79094491631308,51.792125561631984,1.0083201237342463,1.7341902192024037,0.20990200084949553,0.211456680370395,0.06443856567192711,0.4423377626791452,-3.5424598302897223,17.80516180083153,40.243509649091024,5.1093282473731804e-05,0.0003405718984297474,348483.41971345374,55.42182119885241,52280.18483886847,47.183371143782594,50.324427267434444,50.32995021614847,0.30114084651652157,0.43215502310519527,0.20990200084949553,0.211456680370395,0.06443856567192711,0.4174043812686392,-3.794429966917253,16.796324801540624,40.243509649091024,5.1093282473731804e-05,0.0003405718984297474,328738.41703507677,55.16850459577292,49317.99974978071,46.93005454070311,51.55272998702128,51.55327904091335,0.3477807834984174,0.5504084794125754,0.05170389319806955,0.10297436970534338,0.02531714639631281,0.4615012404813538,-3.3582712728491027,18.5758506853037,40.243509649091024,5.1093282473731804e-05,0.0003405718984297474,363567.37688274303,55.6058490679569,54543.11048841716,47.36739901288709,49.5590241118525,49.56076358546667,0.27886460839690136,0.43215502310519527,0.05170389319806955,0.10297436970534338,0.02531714639631281
114,3,5.7,24,0.40431454616501555,-3.93280633621662,16.293745938465896,40.29216062847456,5.113282488425365e-05,0.0003406071614249182,318655.30557619466,55.03321153831991,47837.35571002553,46.79767165288804,52.08176135078888,52.08964627106544,,,,,,0.4111482956323518,-3.8600150571857195,16.56753635505308,40.29216062847456,5.113282488425365e-05,0.0003406071614249182,324009.7998214656,55.10558145836313,48641.18618570252,46.87004157293126,51.73214960595091,51.72562065031891,3.173784380036523,1.7333235578382702,5.183662104447009,,,0.40392118949368,-3.9370336337173817,16.279486598538604,40.29216062847456,5.113282488425365e-05,0.0003406071614249182,318376.43696372176,55.02940918125599,47795.49123522224,46.79386929582412,52.109631542598336,52.10185250506826,1.0078179370208042,1.7333235578382702,0.2091633762983956,0.2104841409113475,0.0636092531007618,0.4445750172228564,-3.520549460164783,17.915093746612367,40.29216062847456,5.113282488425365e-05,0.0003406071614249182,350363.8570168127,55.445192986725466,52597.525171418,47.20965310129359,50.24770938179116,50.253602236886366,0.3019376688093203,0.43315898080813797,0.2091633762983956,0.2104841409113475,0.0636092531007618,0.4224957471227168,-3.7417765833661383,17.018225828616877,40.29216062847456,5.113282488425365e-05,0.0003406071614249182,332823.8928152323,55.222144959400445,49964.38054156502,46.986605073968576,51.34857493316506,51.34127553309435,0.3476743723512059,0.5511059090497219,0.051261376478030085,0.1014025309551065,0.02473779752527646,0.46376220688835856,-3.337046459710008,18.689274539868997,40.29216062847456,5.113282488425365e-05,0.0003406071614249182,365504.4402920199,55.62892657306489,54870.4685529308,47.39338668763302,49.495905956734404,49.49438476062015,0.2793280717749556,0.43315898080813797,0.051261376478030085,0.1014025309551065,0.02473779752527646
115,3,5.75,25,0.4082523247972586,-3.8907133348965006,16.473515172743177,40.34107386125179,5.11729184250958e-05,0.00034065468337683875,321918.61788880057,55.07746094463038,48358.399213668985,46.844719161718444,51.80582934422129,51.81058844422353,,,,,,0.40705714130714465,-3.9034462170230775,16.423295550583646,40.34107386125179,5.11729184250958e-05,0.00034065468337683875,320937.24681001325,55.064201226590825,48210.978307366706,46.83145944367888,51.973120871146406,51.97365697712316,3.15763792580628,1.7311921448679422,5.187270986413503,,,0.4173720881142676,-3.794765978754391,16.839965510705355,40.34107386125179,5.11729184250958e-05,0.00034065468337683875,329079.6387811026,55.173010119249675,49434.12297689347,46.94026833633774,51.45062216393586,51.448787744335405,1.0058006908121544,1.7311921448679422,0.20806076296837844,0.2095824107799454,0.06275719221625913,0.4441450790101327,-3.5247514537666618,17.921955731391968,40.34107386125179,5.11729184250958e-05,0.00034065468337683875,350223.44402000785,55.44345214470831,52610.33124140658,47.21071036179637,50.361207148306384,50.367811969150786,0.30256941364924017,0.43383375375925926,0.20806076296837844,0.2095824107799454,0.06275719221625913,0.4233263967541432,-3.7332465000641464,17.082090921325975,40.34107386125179,5.11729184250958e-05,0.00034065468337683875,333811.1533804708,55.23500843339843,50144.88793165787,47.00226665048649,51.26333513328766,51.265374319693606,0.3482456787201399,0.551401711043971,0.050795035354756254,0.10004824090320105,0.024196195248901604,0.46646515907370106,-3.311807887601562,18.825164107856715,40.34107386125179,5.11729184250958e-05,0.00034065468337683875,367873.5684268622,55.656985850620714,55261.72111079405,47.42424406770876,49.30261594869493,49.30209625531052,0.2798782995058647,0.43383375375925926,0.050795035354756254,0.10004824090320105,0.024196195248901604
116,3,5.800000000000001,26,0.40693734076946,-3.904724572441125,16.43740910690297,40.38965427133724,5.121248428412913e-05,0.0003406656123201655,320964.884572041,55.064575206578155,48250.86099812947,46.8350506738759,51.813965707864384,51.81086746357505,,,,,,0.40408660743870817,-3.935255430536425,16.313428759432572,40.38965427133724,5.121248428412913e-05,0.0003406656123201655,318543.9837076629,55.031694070409216,47886.92538799845,46.80216953770696,51.859116754803935,51.8546522451684,3.1375998754119814,1.7376092034131283,5.167695899412929,,,0.4089583922601845,-3.883208751980459,16.516286830427852,40.38965427133724,5.121248428412913e-05,0.0003406656123201655,322505.0895557958,55.08536572765259,48482.40102058044,46.85584119495034,51.815991738814354,51.811227611259675,1.010887778621648,1.7376092034131283,0.20712469962800184,0.20855736570880118,0.06190388070619712,0.44593073402538863,-3.5073259457648307,18.013432643258003,40.38965427133724,5.121248428412913e-05,0.0003406656123201655,351739.09047877236,55.46220636260743,52877.16749740081,47.232681829905175,50.19572005134333,50.19054047848799,0.3005823691031361,0.4317881882185975,0.20712469962800184,0.20855736570880118,0.06190388070619712,0.426471844655245,-3.7010963533933356,17.22692591974519,40.38965427133724,5.121248428412913e-05,0.0003406656123201655,336381.37576317217,55.26831942455266,50568.43220076737,47.03879489185041,51.16248679172456,51.171106882440554,0.34670992604361844,0.5497016164848025,0.05058199747214156,0.09881011103044848,0.023729159423661387,0.4674448812347121,-3.302695916082973,18.885763979350475,40.38965427133724,5.121248428412913e-05,0.0003406656123201655,368772.65852934256,55.66758714198262,55437.834921832946,47.438062609280365,49.27273979561017,49.27448583207014,0.27800603707285787,0.4317881882185975,0.05058199747214156,0.09881011103044848,0.023729159423661387
117,3,5.8500000000000005,27,0.4119578846134903,-3.8514718060490205,16.656039794618582,40.43818838979653,5.125198003107753e-05,0.00034066988477068227,324983.3427804916,55.11861101520695,48892.022862045436,46.8923800616647,51.48810230082652,51.47313014001183,,,,,,0.3965478355450837,-4.017044162651869,16.02685668049307,40.43818838979653,5.125198003107753e-05,0.00034066988477068227,312707.07338087045,54.95137705021433,47045.123144011835,46.72514609667208,52.40245170041495,52.40275381793053,3.163080588949903,1.7228286946955904,5.181958148300643,,,0.40457016184076255,-3.930061507934876,16.358501507321087,40.43818838979653,5.125198003107753e-05,0.00034066988477068227,319177.9419527172,55.04032870087119,48018.63105197165,46.814097747328944,52.11676228401275,52.11029605279377,1.003793956194795,1.7228286946955904,0.20640538724619772,0.20770571006837893,0.061148197275356454,0.4478751650484214,-3.488430187820586,18.113995567089002,40.43818838979653,5.125198003107753e-05,0.00034066988477068227,353430.16125631175,55.48303608861316,53171.69605197775,47.256805135070906,50.076552956958345,50.07069671350694,0.3008092422316861,0.4311816474622252,0.20640538724619772,0.20770571006837893,0.061148197275356454,0.4255637777172182,-3.7103534454524683,17.2173184151426,40.43818838979653,5.125198003107753e-05,0.00034066988477068227,335934.69763904886,55.26254863070402,50539.59620390932,47.03631767716176,51.27598367310541,51.27759604349052,0.3463910162952324,0.5486254402074896,0.049943100329856036,0.09742702368773837,0.023196774036760476,0.46777912050263704,-3.2995916699215027,18.922049978139704,40.43818838979653,5.125198003107753e-05,0.00034066988477068227,369196.4674665445,55.67257536971625,55543.65332549676,47.446344416174,49.238682988016436,49.23740663404383,0.27835245909517425,0.4311816474622252,0.049943100329856036,0.09742702368773837,0.023196774036760476
118,3,5.9,28,0.4011081198044263,-3.967385463191182,16.234519945445484,40.48676739633076,5.1291686288424474e-05,0.00034068662496658845,316513.6715169627,55.00392473709275,47652.35484967343,46.78084367155856,52.22098749818306,52.22753910712154,,,,,,0.4076458756948206,-3.8971694723677883,16.501400867906753,40.48676739633076,5.1291686288424474e-05,0.00034068662496658845,321716.87191401224,55.074738373614515,48435.71675150166,46.85165730808032,51.9053089752113,51.89605082757656,3.1533503878611238,1.7296393468088014,5.201848351222441,,,0.4028399744956084,-3.948674402001846,16.305576648975766,40.48676739633076,5.1291686288424474e-05,0.00034068662496658845,317899.01695346704,55.02289184937909,47860.92395195988,46.799810783844904,52.01959947447032,52.01645241126148,1.0024261707443514,1.7296393468088014,0.20597587802370593,0.20693324653805983,0.06046889381573154,0.4431885212358404,-3.5341149653885933,17.94110990003029,40.48676739633076,5.1291686288424474e-05,0.00034068662496658845,349785.92435318796,55.43802329160001,52661.62093034852,47.214942226065816,50.44691317175924,50.43519343894748,0.30080937384262396,0.43052342388598575,0.20597587802370593,0.20693324653805983,0.06046889381573154,0.42498539861461077,-3.7162599091448065,17.208323614126638,40.48676739633076,5.1291686288424474e-05,0.00034068662496658845,335499.27599105315,55.25691587296577,50510.71087928468,47.033834807431575,51.274885320479825,51.27149498199053,0.34648299844013547,0.5479408752700142,0.049217329154705856,0.09590144312669086,0.022624722480211197,0.4663831713373723,-3.312571287618526,18.877776809250044,40.48676739633076,5.1291686288424474e-05,0.00034068662496658845,368047.49805058347,55.65903869788025,55410.97133208975,47.43595763234606,49.3675936023293,49.37451945195471,0.27803890563874817,0.43052342388598575,0.049217329154705856,0.09590144312669086,0.022624722480211197
119,3,5.95,29,0.40547805496402417,-3.9203264543785528,16.429004585810546,40.53509918016041,5.133086501800607e-05,0.00034075897475820404,320060.9337101081,55.052326678663164,48212.97692149781,46.83163947924922,52.02339710663513,52.03724654828655,,,,,,0.4081640308390638,-3.891652698218026,16.543747338828446,40.53509918016041,5.133086501800607e-05,0.00034075897475820404,322296.2896305207,55.08255305815574,48549.703938297054,46.861865858741794,51.760280925221366,51.76525161468654,3.1618305524366206,1.7408076002863289,5.19433224634138,,,0.40747403276324096,-3.8990006247484468,16.519322647410803,40.53509918016041,5.133086501800607e-05,0.00034075897475820404,321820.46107378247,55.07613652718092,48478.026614361646,46.855449327766976,51.76745998432868,51.77638172328684,1.0177030426419111,1.7408076002863289,0.2048144235751917,0.20599047812585583,0.05964550478403726,0.43963571738739676,-3.5690703136656103,17.820307230985854,40.53509918016041,5.133086501800607e-05,0.00034075897475820404,347165.53529216326,55.405366042481994,52295.9292374641,47.18467884306805,50.528623196087636,50.530490697809924,0.3002792883502469,0.431092136807282,0.2048144235751917,0.20599047812585583,0.05964550478403726,0.4276480085143114,-3.6891354606736004,17.333303779870352,40.53509918016041,5.133086501800607e-05,0.00034075897475820404,337677.9988763115,55.2850276546846,50866.75645790321,47.06434045527065,51.077682152351734,51.07740435093703,0.34600974511267446,0.5482316679342603,0.0491920128580549,0.09495892248292202,0.022286151834437384,0.46481013953381956,-3.3272440665998833,18.83622322518389,40.53509918016041,5.133086501800607e-05,0.00034075897475820404,366957.0582645828,55.64615245587574,55277.26228942234,47.4254652564618,49.35764101962965,49.35601125591366,0.27783167746051723,0.431092136807282,0.0491920128580549,0.09495892248292202,0.022286151834437384
120,4,6.0,0,0.4120369258672626,-3.8506386168098485,16.72326965140978,40.583446626899054,5.137000156679142e-05,0.0003408183734089173,325545.4378304065,55.12611613554938,49067.98152969598,46.907981931236726,51.62876938142331,51.62648997330134,,,,,,0.4061213783999372,-3.913441484642851,16.47776621305483,40.583446626899054,5.137000156679142e-05,0.0003408183734089173,320766.3171205162,55.06188757814408,48347.64642598843,46.84375337383143,51.97296019144797,51.98520854489067,3.1721032418594106,1.7286709327450178,5.187882273170766,,,0.4065439774772468,-3.908924681691942,16.502021056080025,40.583446626899054,5.137000156679142e-05,0.0003408183734089173,321238.47679124656,55.06827557955748,48418.812903260754,46.85014137524483,51.85979930443968,51.87125684116593,1.008514232886847,1.7286709327450178,0.20428076345573332,0.2049952876516537,0.05891019764577811,0.43968918598629064,-3.5685421558164645,17.850907155713376,40.583446626899054,5.137000156679142e-05,0.0003408183734089173,347496.7220412399,55.40950712217886,52376.598647443454,47.191372917866204,50.48244818736867,50.485547396092144,0.3005455969160118,0.43141778049835866,0.20428076345573332,0.2049952876516537,0.05891019764577811,0.4269891291267296,-3.6958318169716153,17.32180614832486,40.583446626899054,5.137000156679142e-05,0.0003408183734089173,337196.9168777034,55.27883595047836,50824.15591351345,47.060701746165705,51.04141479248034,51.03694686082568,0.34668841719435906,0.5482726889943464,0.048837759339101824,0.11863714871252762,0.025852131677357632,0.46451735362182,-3.329980568233676,18.846446601415487,40.583446626899054,5.137000156679142e-05,0.0003408183734089173,366876.50431373424,55.64519899344846,55297.62498691152,47.42706478913581,49.339288248554496,49.33406239000074,0.278709627974896,0.43141778049835866,0.048837759339101824,0.11863714871252762,0.025852131677357632
121,4,6.050000000000001,1,0.40532567343300785,-3.9219588706224777,16.463604047087518,40.631453875228495,5.140861630378235e-05,0.00034083656534260884,320249.89643372723,55.05488997969361,48303.51470810741,46.83978732465835,51.9981492406677,51.9990779292994,,,,,,0.4074725394894438,-3.8990165404070227,16.552336949300017,40.631453875228495,5.140861630378235e-05,0.00034083656534260884,321975.92814965907,55.07823403799687,48563.85327278959,46.863131382961626,51.88368228193249,51.882456508263125,3.155448904338516,1.7307434391009167,5.1942299226529185,,,0.4064176855557252,-3.910274016785121,16.51575382190801,40.631453875228495,5.140861630378235e-05,0.00034083656534260884,321264.31344336487,55.0686248610119,48456.51993149966,46.853522205976645,51.91629397611058,51.93764218103471,1.0094471528242182,1.7307434391009167,0.20348610858095778,0.20414057389999032,0.05818471113586413,0.4427849043971655,-3.5380719368483375,18.000132565470082,40.631453875228495,5.140861630378235e-05,0.00034083656534260884,350138.43708813726,55.442397888541265,52811.6240913775,47.22729523350601,50.28905873048397,50.304358471834675,0.2993694116056216,0.43058048363444146,0.20348610858095778,0.20414057389999032,0.05818471113586413,0.42253679367995833,-3.741354675511366,17.164707272421673,40.631453875228495,5.140861630378235e-05,0.00034083656534260884,333887.75085858116,55.236004866431514,50360.521780190196,47.02090221139627,51.325409328584726,51.31453288163097,0.3454173117069776,0.5473805656216094,0.04909809118365427,0.11618741102946484,0.025438313723050953,0.4651765332013425,-3.3238220228027515,18.902112325159443,40.631453875228495,5.140861630378235e-05,0.00034083656534260884,367683.7402793262,55.654744249107424,55457.99437967885,47.43964159407217,49.297139495607084,49.30943070007755,0.27744861101259155,0.43058048363444146,0.04909809118365427,0.11618741102946484,0.025438313723050953
122,4,6.1000000000000005,2,0.4069250432518266,-3.9048558168420104,16.547928232582528,40.67943035864348,5.144748177952862e-05,0.0003409112667394689,321647.00117872603,55.07379506684303,48540.279677024526,46.86102274299965,51.898668684491554,51.89657401970321,,,,,,0.40254336856374573,-3.9518732346184255,16.37720973226041,40.67943035864348,5.144748177952862e-05,0.0003409112667394689,318328.69492899143,55.028757887549105,48039.50860555218,46.81598556370573,52.126559073705266,52.13771987312437,3.1563619742992675,1.727719254804241,5.18645799020897,,,0.40039026764782476,-3.9751648753191695,16.301934708920207,40.67943035864348,5.144748177952862e-05,0.0003409112667394689,316865.55191913946,55.008750273738826,47818.703279696725,46.795977949895445,52.16473831507742,52.155592579151914,1.0004218921678358,1.727719254804241,0.2029862320488638,0.2032986366903322,0.05751522890833337,0.43924607957635525,-3.5729210604428685,17.880890837980367,40.67943035864348,5.144748177952862e-05,0.0003409112667394689,347556.1916636962,55.41025029808467,52450.27836420935,47.197477974241295,50.455854730147585,50.471776791689905,0.30096713606620895,0.4318123929982641,0.2029862320488638,0.2032986366903322,0.05751522890833337,0.41624955433614624,-3.80646218469302,16.93937462283747,40.67943035864348,5.144748177952862e-05,0.0003409112667394689,329255.6610531283,55.175332507348074,49688.51509323355,46.96256018350469,51.61558469284729,51.61368865413306,0.34646339988645136,0.5485190663648801,0.04931113078754903,0.11459144785137106,0.025013064077616037,0.4593335888598976,-3.3787179555064037,18.69124009128472,40.67943035864348,5.144748177952862e-05,0.0003409112667394689,363307.191037718,55.602739940561975,54827.287669459554,47.3899676167186,49.61401249411132,49.620135455318795,0.27855868103639075,0.4318123929982641,0.04931113078754903,0.11459144785137106,0.025013064077616037
123,4,6.15,3,0.3993935159812904,-3.98598990032177,16.27829064193245,40.72755202255783,5.1486560969129026e-05,0.000340947791938146,316165.81755562965,54.99914914143186,47744.23248027845,46.78920916165342,52.33352279282656,52.326411237786814,,,,,,0.40767054215904774,-3.8969066907269285,16.606734623157173,40.72755202255783,5.1486560969129026e-05,0.000340947791938146,322545.0352590932,55.08590361448875,48707.558798826096,46.87596363471031,51.80176473878114,51.799223697675565,3.1405311141208885,1.7383828708606337,5.169689901051959,,,0.40352679509758643,-3.9412762184239436,16.443908861931675,40.72755202255783,5.1486560969129026e-05,0.000340947791938146,319382.5447341749,55.04311176884557,48229.990780860935,46.83317178906713,52.12183625144149,52.12314378598976,1.0125270330658118,1.7383828708606337,0.20219304622695491,0.20240350247088096,0.056798816426040864,0.4400050484346229,-3.565423405712649,17.926900014683255,40.72755202255783,5.1486560969129026e-05,0.000340947791938146,348186.0057701678,55.41811312045734,52579.60438100011,47.20817314067891,50.40968972939643,50.40761648893275,0.29987846622168624,0.4318582351461056,0.20219304622695491,0.20240350247088096,0.056798816426040864,0.41892781411756796,-3.778608043158665,17.06837240269929,40.72755202255783,5.1486560969129026e-05,0.000340947791938146,331511.2153816869,55.204982256396946,50061.54257715737,46.99504227661851,51.635614661893044,51.63556565698709,0.3461077990526218,0.5486947167224067,0.048697755363245686,0.1127679741041483,0.024417247944419712,0.4615755971085441,-3.3575715982036884,18.80159793012069,40.72755202255783,5.1486560969129026e-05,0.000340947791938146,365174.86459027615,55.625008768978006,55145.09369085937,47.415068789199566,49.578788067225695,49.58517124293171,0.27805486412292585,0.4318582351461056,0.048697755363245686,0.1127679741041483,0.024417247944419712
124,4,6.2,4,0.404941548560822,-3.9260766066068884,16.518368379671717,40.77471740280223,5.152380480554448e-05,0.0003409461509512001,320596.8278548826,55.059592209128986,48448.61375788344,46.85281355258515,52.01008097476049,52.00692522804273,,,,,,0.40384850293570207,-3.9378152270705225,16.460992343188906,40.77471740280223,5.152380480554448e-05,0.0003409461509512001,319483.24478974694,55.044480866378784,48280.32901167721,46.83770220983494,52.097788656521594,52.095705395145714,3.1486475253764423,1.7320942729862434,5.202309869780424,,,0.4065236717839963,-3.9091416046144016,16.573934714562654,40.77471740280223,5.152380480554448e-05,0.0003409461509512001,321675.2873184383,55.07417697540174,48611.590623103686,46.867398318857894,52.022201588825865,52.015426318253766,1.0052010698550244,1.7320942729862434,0.20141122072676015,0.20152859371722873,0.05610071748393125,0.4418111807203197,-3.5476329782697142,18.01800945973641,40.77471740280223,5.152380480554448e-05,0.0003409461509512001,349702.61858063505,55.43698884327725,52847.08277089582,47.2302101867334,50.34194515071094,50.344698611382746,0.2994147591552691,0.4320922059422568,0.20141122072676015,0.20152859371722873,0.05610071748393125,0.42126352767179637,-3.754461397731062,17.183643264592334,40.77471740280223,5.152380480554448e-05,0.0003409461509512001,333508.8184858429,55.23107321818105,50399.87463314065,47.024294561637205,51.38154930269258,51.39054843049612,0.3458445337479493,0.5482635313380502,0.04878846618891443,0.11162691665262223,0.024043823272016224,0.45960787842696404,-3.3761253540579146,18.747662479913394,40.77471740280223,5.152380480554448e-05,0.0003409461509512001,363864.09254263685,55.60939199911534,54987.165649500945,47.4026133425715,49.64290455912282,49.66062174951928,0.27813646492870825,0.4320922059422568,0.04878846618891443,0.11162691665262223,0.024043823272016224
125,4,6.25,5,0.40712734313644017,-3.9026972892864125,16.61796921848721,40.82218823198319,5.156156230046398e-05,0.00034092793820087835,322293.74900724593,55.08251882310391,48743.348245915025,46.87915358143349,52.01501354981881,52.00853243745971,,,,,,0.4084884191136215,-3.8882025146043695,16.676321064575077,40.82218823198319,5.156156230046398e-05,0.00034092793820087835,323425.44175440964,55.097741800074694,48914.50419868263,46.894376558404275,51.78925145809457,51.7864793005222,3.16661761720105,1.736076442753332,5.200458285921334,,,0.4020800272412578,-3.956874993276842,16.41528914626622,40.82218823198319,5.156156230046398e-05,0.00034092793820087835,318362.9124852663,55.02922469112295,48148.85290097333,46.82585944945252,52.077346574730484,52.08768151072188,1.013839514160251,1.736076442753332,0.20044962499647961,0.20078555448280272,0.05542406182328308,0.4412189714953524,-3.5534582207362417,18.015777373236205,40.82218823198319,5.156156230046398e-05,0.00034092793820087835,349403.2486497037,55.43326938609365,52843.35882916441,47.22990414442322,50.315724353859146,50.327402809806685,0.2987104535526281,0.4314361158451211,0.20044962499647961,0.20078555448280272,0.05542406182328308,0.42386698790619726,-3.727704063345019,17.314004392854738,40.82218823198319,5.156156230046398e-05,0.00034092793820087835,335792.8584855726,55.26071455490865,50784.93855394492,47.057349313238234,51.22934694394562,51.22406352466908,0.345552379829836,0.547490201598958,0.04922106409864752,0.11115835709316402,0.023886243524692156,0.4632545236317118,-3.341803311484095,18.922954987373476,40.82218823198319,5.156156230046398e-05,0.00034092793820087835,366997.31627804454,55.64662888421306,55504.266054675376,47.44326364254263,49.479526021853346,49.496187813680706,0.2779399299656581,0.4314361158451211,0.04922106409864752,0.11115835709316402,0.023886243524692156
126,4,6.300000000000001,6,0.40832121350608175,-3.889980565959597,16.69394393715493,40.869869173476715,5.159985629322601e-05,0.00034084868610412733,323526.94632109854,55.09910458578738,48977.58042715478,46.89997326458548,51.865795130550644,51.883298621569416,,,,,,0.4083537378846673,-3.8896346472282723,16.69143066338938,40.869869173476715,5.159985629322601e-05,0.00034084868610412733,323478.2393295273,55.09845070609125,48970.206850937495,46.89931938488935,51.84557175190025,51.84875351482492,3.1731793845574168,1.7312336399412485,5.216053008374996,,,0.4053670530455661,-3.921515522931645,16.573501742220195,40.869869173476715,5.159985629322601e-05,0.00034084868610412733,321192.7887558081,55.06765786174773,48624.22071111368,46.86852654054583,51.9358275270669,51.92602493128453,1.0016609111744852,1.7312336399412485,0.199620040956422,0.20020371165129985,0.054819779948450185,0.43700672218755854,-3.595118825112505,17.864906600004865,40.869869173476715,5.159985629322601e-05,0.00034084868610412733,346220.0843832613,55.393522578889375,52413.01295363432,47.194391257687485,50.65426084460297,50.64917513725149,0.30015430975500834,0.43145487927276305,0.199620040956422,0.20020371165129985,0.054819779948450185,0.42085989525089473,-3.7586245724336504,17.20504523137272,40.869869173476715,5.159985629322601e-05,0.00034084868610412733,333432.03774835676,55.230073265923146,50477.07658206045,47.03094194472125,51.379233096525994,51.38349229732121,0.34689857848863215,0.5475511655003082,0.048362877106199756,0.10916314117043532,0.0232613939185637,0.4578577889903951,-3.3926939327849825,18.72058140299321,40.869869173476715,5.159985629322601e-05,0.00034084868610412733,362802.975586016,55.59670840337583,54923.437191347075,47.39757708217393,49.81666705251961,49.819638071368566,0.2794288621612174,0.43145487927276305,0.048362877106199756,0.10916314117043532,0.0232613939185637
127,4,6.3500000000000005,7,0.4083175498689614,-3.89001953294124,16.711960245025658,40.917351329896725,5.1637819794418595e-05,0.00034076074240517527,323637.9907509576,55.10059496268652,49043.091428515,46.905778381014954,51.84955109649756,51.84604034282478,,,,,,0.4062996442877915,-3.9115355789489517,16.62877609315029,40.917351329896725,5.1637819794418595e-05,0.00034076074240517527,322027.07549143373,55.07892387975903,48798.9783558405,46.88410729808747,51.813025118597714,51.81105160494444,3.155254120121337,1.7323515105074727,5.195034062335953,,,0.4041730456762977,-3.9343265297900127,16.54082897876666,40.917351329896725,5.1637819794418595e-05,0.00034076074240517527,320323.92236192967,55.055893737616145,48540.88784411407,46.86107715594457,52.039294534422496,52.03516845721456,1.0038774965881578,1.7323515105074727,0.1989476788508932,0.19937544864165602,0.05417789530237159,0.4361749590623602,-3.603392710205126,17.851671863503526,40.917351329896725,5.1637819794418595e-05,0.00034076074240517527,345709.2482714204,55.38710997764915,52387.70093497838,47.192293395977586,50.68604827508248,50.68427128463738,0.2996545963789097,0.4312760072994507,0.1989476788508932,0.19937544864165602,0.05417789530237159,0.42068040249590444,-3.7604771923123352,17.223371861235098,40.917351329896725,5.1637819794418595e-05,0.00034076074240517527,333541.80966208666,55.231502807336696,50543.88524824836,47.03668622566512,51.42823680986199,51.44553898590864,0.346924053187229,0.5478837383818588,0.04865858075124503,0.10854939255828508,0.023064044352423037,0.45779440510444935,-3.393295193222719,18.74383478800354,40.917351329896725,5.1637819794418595e-05,0.00034076074240517527,362986.5641622134,55.59890550054841,55005.85148308114,47.40408891887684,49.83448934670014,49.82832750219448,0.2789322698531271,0.4312760072994507,0.04865858075124503,0.10854939255828508,0.023064044352423037
128,4,6.4,8,0.4071654399128194,-3.90229091899513,16.683452816186833,40.964624692457406,5.1675479741241574e-05,0.0003406441217840971,322850.4679536041,55.090014202277516,48976.19465384738,46.899850383420336,51.84142681870262,51.858363167872525,,,,,,0.40911731000963236,-3.8815214484133604,16.763439260888795,40.964624692457406,5.1675479741241574e-05,0.0003406441217840971,324398.32866244484,55.11078608009687,49211.00406222067,46.92062226123969,51.77279888988892,51.77623848200473,3.1796618359767974,1.7361375565809376,5.220978335265227,,,0.408013485480404,-3.893254825646833,16.717344598615647,40.964624692457406,5.1675479741241574e-05,0.0003406441217840971,323506.3260626826,55.098827775773714,49075.687879361765,46.908663956916534,51.83090052307115,51.82678703869728,1.0090237130647013,1.7361375565809376,0.19796367366240625,0.19870156500461228,0.0535438574870387,0.4398637576046003,-3.566818200662274,18.02055164665216,40.964624692457406,5.1675479741241574e-05,0.0003406441217840971,348725.3865254428,55.424835643148846,52901.40206227813,47.23467182429167,50.565367004473785,50.570122269254675,0.2988569042723351,0.43120163588608734,0.19796367366240625,0.19870156500461228,0.0535438574870387,0.42504517917622076,-3.715649051870882,17.420082273545567,40.964624692457406,5.1675479741241574e-05,0.0003406441217840971,337105.3807487502,55.27765684620767,51138.65515221352,47.08749302735049,51.290599336782655,51.29640413083568,0.34694573288910846,0.5482402853915365,0.04829957821414633,0.10721621844632327,0.022630723009921364,0.4641183927407736,-3.333712204033236,19.024225198885105,40.964624692457406,5.1675479741241574e-05,0.0003406441217840971,368148.0132191613,55.660224610661956,55847.8012162582,47.47006079180477,49.54015026205475,49.534994973472905,0.27854782490297714,0.43120163588608734,0.04829957821414633,0.10721621844632327,0.022630723009921364
129,4,6.45,9,0.4024121352320786,-3.953289310712595,16.504780409072076,41.0116251695747,5.171291610877727e-05,0.00034052801807295664,319161.6650346026,55.04010722077992,48468.20095001991,46.85456899813963,52.2073434373332,52.19781437800808,,,,,,0.3989786446112053,-3.9905034936517714,16.364556046962186,41.0116251695747,5.171291610877727e-05,0.00034052801807295664,316450.0724062749,55.00305199380583,48056.41585549695,46.817513771165544,52.313570822924405,52.307096153852385,3.149682831510929,1.738326026770056,5.180784347392589,,,0.4124995953280869,-3.8457647316706227,16.91760845125163,41.0116251695747,5.171291610877727e-05,0.00034052801807295664,327144.7391530913,55.14739940758015,49680.51835202326,46.96186118493986,51.700685471272934,51.69791018759268,1.0176235896784616,1.738326026770056,0.1973554226005207,0.19803968292538884,0.05297411515490528,0.4425968608109523,-3.539916707009341,18.149858867760074,41.0116251695747,5.171291610877727e-05,0.00034052801807295664,350973.41696186975,55.4527422386192,53299.164545901025,47.26720401597891,50.39548500498147,50.40416682467545,0.29810537469104265,0.4312837515701037,0.1973554226005207,0.19803968292538884,0.05297411515490528,0.4251721716318263,-3.714351686601388,17.44495033057094,41.0116251695747,5.171291610877727e-05,0.00034052801807295664,337342.2278851143,55.2807070878362,51229.11891154118,47.09516886519591,51.21882822143423,51.23478126287197,0.3463173397500077,0.5484843072124975,0.04763546216068337,0.10573148881291597,0.02215477191175895,0.46622296391914003,-3.314063390141817,19.12932689506588,41.0116251695747,5.171291610877727e-05,0.00034052801807295664,369913.908061724,55.68100660271624,56175.48595066708,47.49546838007595,49.408831593975336,49.41515196618464,0.277851257940914,0.4312837515701037,0.04763546216068337,0.10573148881291597,0.02215477191175895
130,4,6.5,10,0.4003192364950626,-3.9759354028977514,16.43287417389511,41.05866054941954,5.175022983738999e-05,0.0003403971031658939,317542.051997269,55.01801246922593,48275.59935457642,46.8372767436794,52.30258848439812,52.29668194112213,,,,,,0.4081138301676409,-3.892186875993897,16.753515987583917,41.05866054941954,5.175022983738999e-05,0.0003403971031658939,323738.0015552966,55.10193681475755,49217.56334518224,46.921201089211024,51.92469369103425,51.92661464140755,3.17469072794091,1.7274824133855335,5.226118516140533,,,0.4052723039791023,-3.922530746201068,16.637749177154795,41.05866054941954,5.175022983738999e-05,0.0003403971031658939,321500.97167556686,55.071822898347335,48877.46993853329,46.891087172800795,52.07110176089886,52.064514807620654,1.0104920140070546,1.7274824133855335,0.19651807464531942,0.19729553259696686,0.052358583023174934,0.44183353345532306,-3.547413259432183,18.147665257975238,41.05866054941954,5.175022983738999e-05,0.0003403971031658939,350677.9644264187,55.449084769488564,53313.218852896345,47.26834904394204,50.44562029100219,50.446904781052076,0.2987347873060719,0.4318105390712062,0.19651807464531942,0.19729553259696686,0.052358583023174934,0.42363530006668154,-3.730078587972512,17.399114893942425,41.05866054941954,5.175022983738999e-05,0.0003403971031658939,336213.2873344538,55.266148729999486,51114.16851706548,47.08541300445296,51.31112179089918,51.316523897492004,0.34709919567116154,0.5487180997246253,0.048215762197697645,0.10481862869924188,0.021904847821331935,0.46196346602233873,-3.3539236888603483,18.974497436140002,41.05866054941954,5.175022983738999e-05,0.0003403971031658939,366655.3268606116,55.642579989166954,55742.241222577926,47.46184426362042,49.66879903356515,49.670594647802645,0.27840574927571793,0.4318105390712062,0.048215762197697645,0.10481862869924188,0.021904847821331935
131,4,6.550000000000001,11,0.40005612404529095,-3.9787907703867,16.438515639092483,41.10568476557653,5.178761960103052e-05,0.00034030254550641435,317421.7267704919,55.01636649871877,48305.59117514046,46.839974014756805,52.26794851751913,52.26324686645093,,,,,,0.4053934188031413,-3.9212330596535816,16.66312808823214,41.10568476557653,5.178761960103052e-05,0.00034030254550641435,321758.9110409809,55.07530583431392,48965.6286979436,46.89891335035196,51.98403767761012,51.98854353404154,3.172461961457784,1.7308830106672517,5.2034662312104905,,,0.40560890297687,-3.918925209545712,16.66775604757076,41.10568476557653,5.178761960103052e-05,0.00034030254550641435,321848.27524374356,55.07651186125756,48979.22824164296,46.90011937729561,51.95367316708315,51.94598184950748,1.0088667364994486,1.7308830106672517,0.19611593552051895,0.1966257331343984,0.05182761658896236,0.4410186752382533,-3.5554301964509625,18.135226203817403,41.10568476557653,5.178761960103052e-05,0.00034030254550641435,350184.5874270794,55.442970276906856,53291.479723814096,47.26657779294491,50.51167423620052,50.512759321308884,0.2991637533863979,0.43178650014697206,0.19611593552051895,0.1966257331343984,0.05182761658896236,0.42186552876715133,-3.7482595998865973,17.344487829905315,41.10568476557653,5.178761960103052e-05,0.00034030254550641435,334915.7185351724,55.249355306778,50967.8462854119,47.07296282281604,51.35543278450092,51.34999635776721,0.34785212594103265,0.5485247429259479,0.04806740718111725,0.10311852590419297,0.02143673328470721,0.4646263530548702,-3.3289616117002296,19.10814661998456,41.10568476557653,5.178761960103052e-05,0.00034030254550641435,368971.3249458627,55.66992615747993,56150.466319754254,47.49353367351798,49.46060519484924,49.48271395336332,0.279269031450565,0.43178650014697206,0.04806740718111725,0.10311852590419297,0.02143673328470721
132,4,6.6000000000000005,12,0.4048931744108442,-3.926595443990151,16.66486919670657,41.15256971903204,5.18250851819877e-05,0.00034022181200798714,321559.8997702874,55.072618846213985,48982.36564654867,46.900397559302334,52.09386059827735,52.10143794971519,,,,,,0.41182938240156197,-3.8528267141482364,16.941882617674004,41.15256971903204,5.18250851819877e-05,0.00034022181200798714,326905.06070913933,55.14421643801665,49796.57981856928,46.97199515110499,51.70047550737188,51.69698475738012,3.1589729472221952,1.7295465287156453,5.213675566127451,,,0.4082585314820637,-3.890647309345436,16.79922919410978,41.15256971903204,5.18250851819877e-05,0.00034022181200798714,324152.4666118352,55.10749330680041,49377.28446909629,46.93527201988875,51.97580212459972,51.9841909846222,0.9988614225099957,1.7295465287156453,0.1954966139538086,0.19593741051893646,0.05127157041668997,0.4458254725492362,-3.508351214288341,18.351864157784366,41.15256971903204,5.18250851819877e-05,0.00034022181200798714,354111.60624898947,55.491401612887174,53940.88065509901,47.319180325975516,50.202336583281244,50.20808593842138,0.29950987686266917,0.4320209946387113,0.1954966139538086,0.19593741051893646,0.05127157041668997,0.4236805715953874,-3.7296145066120525,17.44188581168082,41.15256971903204,5.18250851819877e-05,0.00034022181200798714,336552.95983465,55.270534143377304,51266.21867286789,47.09831285646566,51.24228144520511,51.254780670339,0.3478825137390602,0.5483302524732223,0.048313110128531594,0.10239600846752832,0.02120802408469787,0.46663016321987827,-3.3102719161051724,19.215562685013502,41.15256971903204,5.18250851819877e-05,0.00034022181200798714,370777.25231973286,55.69113081742522,56479.51426630575,47.518909530513575,49.40049855880404,49.41440544894488,0.27933649984858305,0.4320209946387113,0.048313110128531594,0.10239600846752832,0.02120802408469787
133,4,6.65,13,0.4075017663148837,-3.8987050447211553,16.790138674939584,41.19925501871094,5.186186586753688e-05,0.0003401965703068099,323747.29281480465,55.10206145520173,49354.22676306589,46.933243521681554,51.83035222173108,51.817118393380724,,,,,,0.40190827961276926,-3.9587304692291974,16.55407287764998,41.19925501871094,5.186186586753688e-05,0.0003401965703068099,319195.4743767146,55.04056725200141,48660.31677721064,46.871749318481235,52.31819081171911,52.3054454923203,3.1348138133446364,1.7309718505284593,5.186463028331243,,,0.40950764301643366,-3.8773798819199667,16.85938770938462,41.19925501871094,5.186186586753688e-05,0.0003401965703068099,325082.5520324716,55.119936604854615,49557.78270833184,46.95111867133444,51.787213853866106,51.80715284121337,1.0056926854293775,1.7309718505284593,0.19454800729449404,0.19525117480361143,0.05068056973156617,0.4471825590090722,-3.49515143122142,18.428946390995957,41.19925501871094,5.186186586753688e-05,0.0003401965703068099,355346.76747007715,55.506523690923814,54171.464381241756,47.33770575740364,50.14851055858701,50.1491560895262,0.29832782031392574,0.4310705574208333,0.19454800729449404,0.19525117480361143,0.05068056973156617,0.42334575262190877,-3.733047930958721,17.444735294439894,41.19925501871094,5.186186586753688e-05,0.0003401965703068099,336369.21855060925,55.26816246265989,51278.39848211043,47.099344529139714,51.28055939651099,51.287648023387916,0.34738228120190406,0.5476602134055107,0.04803404604878479,0.1012009799445965,0.020880896111318086,0.46838773930941224,-3.2939448170376777,19.305169309132673,41.19925501871094,5.186186586753688e-05,0.0003401965703068099,372242.08936949976,55.70825477197406,56747.10151169984,47.53943683845389,49.26696174422737,49.26713413088443,0.27865994196363414,0.4310705574208333,0.04803404604878479,0.1012009799445965,0.020880896111318086
134,4,6.7,14,0.40428549003281117,-3.933118453884746,16.682280798529156,41.24557827651536,5.1898236467839935e-05,0.0003401795599687118,321442.1516782513,55.07102826506164,49039.63306926354,46.90547211987719,52.09103483952075,52.08535542265969,,,,,,0.39910838241908736,-3.989091506922369,16.47057461343596,41.24557827651536,5.1898236467839935e-05,0.0003401795599687118,317362.8958209856,55.01556150263349,48417.296485864266,46.850005357449035,52.283080987491374,52.29411686284267,3.1443258725013843,1.7328303759786743,5.199273597532339,,,0.40516892162996604,-3.923638744722883,16.71635763022295,41.24557827651536,5.1898236467839935e-05,0.0003401795599687118,322098.76034191775,55.07989053358342,49139.80614167544,46.91433438839897,51.95353440230906,51.96493256554275,0.9989095489293209,1.7328303759786743,0.1936901105596164,0.19440381207790394,0.05006598905670009,0.44777272748997954,-3.4894236154149687,18.473145982735183,41.24557827651536,5.1898236467839935e-05,0.0003401795599687118,355949.3971280226,55.51388261708489,54304.10335187177,47.348326471900435,50.14048275012488,50.14198376694431,0.2963986248312186,0.4306669365113927,0.1936901105596164,0.19440381207790394,0.05006598905670009,0.42600148836191315,-3.7058888355869706,17.572070179034792,41.24557827651536,5.1898236467839935e-05,0.0003401795599687118,338587.0383076268,55.2967032855372,51655.27929029891,47.131147140352745,51.11739355778718,51.113896780630114,0.3456126252632656,0.5467147086949897,0.048057865501550924,0.10004896099281968,0.0205669810560321,0.4664926488109849,-3.3115519566020275,19.243469222041327,41.24557827651536,5.1898236467839935e-05,0.0003401795599687118,370792.3531075287,55.69130769060786,56568.564036626,47.525751545423404,49.30709835881065,49.29815967454165,0.27731163305788786,0.4306669365113927,0.048057865501550924,0.10004896099281968,0.0205669810560321
135,4,6.75,15,0.4037966909794589,-3.9383724432068505,16.664589864044178,41.291606826396915,5.193418520770239e-05,0.0003400975768259801,320879.0086413571,55.063413072188744,48999.43721907509,46.90191091986599,52.03427701294363,52.04232218239831,,,,,,0.4079041437409006,-3.894418828303268,16.842331875805506,41.291606826396915,5.193418520770239e-05,0.0003400975768259801,324301.4559378821,55.10948898424341,49522.05785465896,46.94798683192066,51.93954646088058,51.943922672833665,3.155284211509486,1.727683048281622,5.196102121553684,,,0.4048347193079175,-3.927222487442185,16.716867592125322,41.291606826396915,5.193418520770239e-05,0.0003400975768259801,321885.6236074352,55.07701580204137,49153.15112838616,46.91551364971862,52.01142745746673,52.011127138524884,1.0036047229355596,1.727683048281622,0.19283551822936257,0.193600474653772,0.04947143953416625,0.4500749901239695,-3.467151193719609,18.584150453055805,41.291606826396915,5.193418520770239e-05,0.0003400975768259801,357840.41626399825,55.536893903653954,54643.58383995449,47.37539175133121,49.99788909282346,49.99825602766292,0.29662749876882716,0.4295737719342146,0.19283551822936257,0.193600474653772,0.04947143953416625,0.42716629020193714,-3.694030269460872,17.641211280337597,41.291606826396915,5.193418520770239e-05,0.0003400975768259801,339683.99060819804,55.31075078944332,51871.02902930764,47.149248637120564,51.14829749983872,51.138871314322905,0.3453715808062777,0.545212948004629,0.04803287828672317,0.09900045634019897,0.02027059913290964,0.4701850566382538,-3.2773117768380526,19.421763089063116,41.291606826396915,5.193418520770239e-05,0.0003400975768259801,373968.7647238309,55.72835329808561,57106.44359868749,47.566851145762854,49.16464806559905,49.170254900763446,0.27755421338508973,0.4295737719342146,0.04803287828672317,0.09900045634019897,0.02027059913290964
136,4,6.800000000000001,16,0.4111341267398904,-3.860164725271619,16.999483952950023,41.3372259740677,5.1969619436692074e-05,0.0003400859369814734,327104.26085875643,55.146862012799616,49985.84800016618,46.98847064227999,51.76207525541395,51.761616198141425,,,,,,0.40721971681242064,-3.9017120244062027,16.836901796932914,41.3372259740677,5.1969619436692074e-05,0.0003400859369814734,323975.85318944184,55.105126422517436,49507.78602130239,46.94673505199782,51.91692782102998,51.91827646010354,3.1645598616469064,1.7290898773886614,5.191321544518465,,,0.4043289369332432,-3.9326517605262716,16.711737311664884,41.3372259740677,5.1969619436692074e-05,0.0003400859369814734,321567.4367602913,55.072720638595776,49139.74820598147,46.91432926807615,52.02864675241854,52.03953474112823,1.008076106008669,1.7290898773886614,0.19212738408211222,0.19278930724188184,0.048900214476825396,0.45111801894818904,-3.4570982558799326,18.654479034259587,41.3372259740677,5.1969619436692074e-05,0.0003400859369814734,358949.6947728076,55.550335883738356,54852.2505806402,47.39194451321873,49.97542127515382,49.97772203702916,0.2984263374648338,0.4310332785651606,0.19212738408211222,0.19278930724188184,0.048900214476825396,0.4239833062812314,-3.726512427767736,17.524037560659615,41.3372259740677,5.1969619436692074e-05,0.0003400859369814734,337197.72726076824,55.27884638783566,51528.26287437537,47.12045501731605,51.39425052898015,51.38927052543092,0.34719528193294635,0.5467564885641477,0.048127761971938424,0.0983309188401402,0.020043907627279135,0.46913193843289475,-3.287049993423343,19.397093599405114,41.3372259740677,5.1969619436692074e-05,0.0003400859369814734,373239.09256318695,55.71987124879753,57035.85914657152,47.561479878277915,49.20695203186736,49.211271086811294,0.2792554629564834,0.4310332785651606,0.048127761971938424,0.0983309188401402,0.020043907627279135
137,4,6.8500000000000005,17,0.4032902040754309,-3.943823268831668,16.694748286275214,41.38331866889315,5.200609449110691e-05,0.000340082799414191,321015.2281119673,55.06525634673195,49090.24600783316,46.90995208501921,52.123242091340046,52.14108205356864,,,,,,0.4090328989753876,-3.882417597949515,16.92662091852117,41.38331866889315,5.200609449110691e-05,0.000340082799414191,325473.7946418114,55.125160273109486,49772.05829779715,46.96985601139676,51.85559683056986,51.85142009660351,3.1621145177971774,1.726240413099653,5.192087774519492,,,0.405859157271395,-3.916246507377271,16.799733847104743,41.38331866889315,5.200609449110691e-05,0.000340082799414191,323033.9446077327,55.09248160663161,49398.951890666314,46.93717734491887,51.943765887070754,51.94208052785276,0.9999114382087277,1.726240413099653,0.19115275343263885,0.19196746320058328,0.048300538413147236,0.4504925857430349,-3.46312352292875,18.658036074775545,41.38331866889315,5.200609449110691e-05,0.000340082799414191,358766.33800998237,55.54811687710036,54863.215978329135,47.39281261538763,50.07424997656344,50.089304583775764,0.29805298380238854,0.4313258628309685,0.19115275343263885,0.19196746320058328,0.048300538413147236,0.424206397988832,-3.7242278563018063,17.560830091094946,41.38331866889315,5.200609449110691e-05,0.000340082799414191,337668.695619854,55.2849080019795,51636.92524686435,47.129603740266774,51.354559700142964,51.346454252233606,0.3472215681812995,0.5469724814851167,0.047845973659632536,0.0970625800202636,0.019697465464076903,0.46652301813771324,-3.311269233996414,19.314548055209947,41.38331866889315,5.200609449110691e-05,0.000340082799414191,371390.0888772325,55.69830309733969,56793.66345043085,47.54299883562695,49.52560394704052,49.51652760743383,0.2789262407689361,0.4313258628309685,0.047845973659632536,0.0970625800202636,0.019697465464076903
138,4,6.9,18,0.41194583509670657,-3.8515988363930753,17.06340986236592,41.42937606850552,5.2042320768598865e-05,0.00034012456089451955,327875.65216848644,55.157091674425374,50168.120224806924,47.00427828528489,51.77985202248102,51.77550822367287,,,,,,0.4051432744689573,-3.92391366149101,16.784110989771015,41.42937606850552,5.2042320768598865e-05,0.00034012456089451955,322508.88780306204,55.08541687562415,49346.953791367494,46.93260348648367,52.00021734714478,52.007007456252225,3.1694650630534493,1.7386837172596876,5.186680906406755,,,0.40535110967810495,-3.9216863373238864,16.788362076872673,41.42937606850552,5.2042320768598865e-05,0.00034012456089451955,322590.572997705,55.08651671934228,49359.452409786805,46.933703330201794,52.09901679546041,52.092011750951976,1.0034829537601124,1.7386837172596876,0.19048481991029026,0.1914646543043928,0.047827781349650336,0.4511726946589068,-3.4565719208721606,18.70261861236697,41.42937606850552,5.2042320768598865e-05,0.00034012456089451955,359373.262686081,55.55545762534096,54987.55680324739,47.40264423620048,50.017585877859915,50.00787419598683,0.29716940880337167,0.431604586719719,0.19048481991029026,0.1914646543043928,0.047827781349650336,0.42777423456756847,-3.6878537713267736,17.725901927728405,41.42937606850552,5.2042320768598865e-05,0.00034012456089451955,340605.52384942456,55.32251686955622,52115.91271477044,47.16970348041574,51.21491459744859,51.22345574115643,0.3467661328741126,0.5469380489874802,0.047486921129158616,0.09557815731296096,0.01929062095485575,0.46960412624450426,-3.2826809575246427,19.461634224322264,41.42937606850552,5.2042320768598865e-05,0.00034012456089451955,373957.8469387738,55.728226506667006,57219.13810969319,47.57541311752652,49.2980122462904,49.29054538560264,0.2785100170106742,0.431604586719719,0.047486921129158616,0.09557815731296096,0.01929062095485575
139,4,6.95,19,0.41065177298617594,-3.8652629776921192,17.027915957422703,41.4749568167939,5.207773438577612e-05,0.0003401122070698926,326971.13571195415,55.14509415796941,50065.58307365748,46.995392784100616,51.826051103309815,51.822771545475554,,,,,,0.4024732823893034,-3.9526294435455043,16.688919952134597,41.4749568167939,5.207773438577612e-05,0.0003401122070698926,320461.71264879004,55.0577614936611,49068.86493699136,46.9080601197923,52.03639672211991,52.035090302667946,3.179219968965669,1.732482788742938,5.208160679775995,,,0.4098292300851548,-3.8739706981970317,17.01124447296745,41.4749568167939,5.207773438577612e-05,0.0003401122070698926,326651.00879683613,55.140840037602494,50016.5654726755,46.9911386637337,51.89644719770208,51.894009948080054,1.00632228239158,1.732482788742938,0.18955407099131272,0.19062928329437034,0.047244788833259665,0.4514143299459222,-3.4542465855542304,18.72645294063364,41.4749568167939,5.207773438577612e-05,0.0003401122070698926,359586.55194010044,55.55803441327551,55059.63194312922,47.4083330394067,50.022714833102825,50.012304545600735,0.2968271723778354,0.43162959321930294,0.18955407099131272,0.19062928329437034,0.047244788833259665,0.4242355710646006,-3.723929198142649,17.598061276400113,41.4749568167939,5.207773438577612e-05,0.0003401122070698926,337919.10274051083,55.28812743359075,51741.927842018726,47.13842605972195,51.3504248852398,51.351926248173676,0.3470201554951935,0.5468391534222983,0.04709446670064431,0.0941143495362574,0.01890411323327997,0.46774777231793924,-3.29988272181411,19.40498458041286,41.4749568167939,5.207773438577612e-05,0.0003401122070698926,372615.7600610388,55.71261219757204,57054.65483755825,47.56291082370324,49.391847395494736,49.38540503551439,0.2784789858991233,0.43162959321930294,0.04709446670064431,0.0941143495362574,0.01890411323327997
140,4,7.0,20,0.40254998474454373,-3.9518018548014116,16.718886838548933,41.52068983954752,5.211328009163522e-05,0.00034013272335179837,320818.1639910343,55.062589490689724,49154.00868753411,46.91558941901285,52.21392340997793,52.209029585519374,,,,,,0.4074133624233989,-3.899647310266297,16.915601731949323,41.52068983954752,5.211328009163522e-05,0.00034013272335179837,324592.9195438318,55.113390421797355,49732.35613808778,46.966390350120484,51.81439754503047,51.8036007823229,3.168398912476847,1.7282939633441632,5.202829808969915,,,0.4047475423718764,-3.9281577960379948,16.81055321842732,41.52068983954752,5.211328009163522e-05,0.00034013272335179837,322577.14710852766,55.086335966666546,49423.510483700826,46.939335894989675,52.10668885098598,52.106170146761755,1.0039377263771934,1.7282939633441632,0.18892487976358002,0.19009316475891322,0.04678067633956116,0.45452323543272743,-3.42443910544797,18.873954839676138,41.52068983954752,5.211328009163522e-05,0.00034013272335179837,362171.6922536531,55.589145023599464,55489.97066111412,47.44214495192259,49.81895331540611,49.83926684531498,0.2953272217962771,0.4304005719947138,0.18892487976358002,0.19009316475891322,0.04678067633956116,0.4260151421719411,-3.705749641722906,17.6944644394247,41.52068983954752,5.211328009163522e-05,0.00034013272335179837,339538.49015665514,55.308890131235565,52022.234923639975,47.1618900595587,51.219296717405385,51.227519661547845,0.34620536592796963,0.5459527395016746,0.04662525841946378,0.09307112149521285,0.01861670461100485,0.47143756900796596,-3.2657581136893126,19.57788222733845,41.52068983954752,5.211328009163522e-05,0.00034013272335179837,375679.3315046182,55.74817302435203,57559.53744882435,47.60117295267516,49.166096070413644,49.162673541953716,0.2770163529349051,0.4304005719947138,0.04662525841946378,0.09307112149521285,0.01861670461100485
141,4,7.050000000000001,21,0.40586847016395683,-3.9161468547915113,16.87440769532215,41.565850604209366,5.21479514895888e-05,0.0003401790540179344,323587.16331726057,55.099912848467355,49604.4876838082,46.95520968590006,51.929131466058415,51.93538252114088,,,,,,0.40414381830917046,-3.9346405968306746,16.796422862228113,41.565850604209366,5.21479514895888e-05,0.0003401790540179344,322091.7098839726,55.07979546930905,49375.241255573004,46.935092306741744,51.96315464578506,51.95742574716452,3.153258910614782,1.728558855079284,5.201354912350492,,,0.4057076717601234,-3.917867798934397,16.863324537326616,41.565850604209366,5.21479514895888e-05,0.0003401790540179344,323374.6303667045,55.097059453046775,49571.90731807248,46.95235629047947,52.08208105709821,52.07928455105839,1.0058957918856917,1.728558855079284,0.18831002756268758,0.18948175871355866,0.04630566095488224,0.4528383318588203,-3.4405681810475426,18.822172963368395,41.565850604209366,5.21479514895888e-05,0.0003401790540179344,360937.9165570136,55.5743250712608,55330.19373490315,47.4296219086935,49.90263570379051,49.90591592285081,0.29608672646329554,0.4298368131439491,0.18831002756268758,0.18948175871355866,0.04630566095488224,0.4237301427133648,-3.7291064067577455,17.609354935495325,41.565850604209366,5.21479514895888e-05,0.0003401790540179344,337680.6649636273,55.28506194363568,51764.95944564227,47.14035878106838,51.35172177945043,51.35238375363015,0.34685449270351504,0.5455954203200131,0.04654157280008457,0.09181366402244562,0.01829884743417348,0.4677776876952596,-3.2996049723812186,19.442906155672965,41.565850604209366,5.21479514895888e-05,0.0003401790540179344,372841.225787262,55.715239271316115,57154.91864072244,47.57053610874881,49.40142579570288,49.412165020442465,0.2778410952750296,0.4298368131439491,0.04654157280008457,0.09181366402244562,0.01829884743417348
142,4,7.1000000000000005,22,0.40773180567066614,-3.8962540949830293,16.964208080480365,41.61147240941374,5.21833895202992e-05,0.00034035452725973117,325088.2749554115,55.12001305964926,49842.75724804638,46.976020590221026,51.88416452920599,51.88261982752397,,,,,,0.4067637872560132,-3.906577177328886,16.93003549408751,41.61147240941374,5.21833895202992e-05,0.00034035452725973117,324433.4193259288,55.11125583767515,49742.354333861615,46.96726336824692,51.92156183208927,51.92559546511744,3.1538965295922,1.7364291298933936,5.192106679387474,,,0.4014108586164012,-3.964108835341356,16.700022511894026,41.61147240941374,5.21833895202992e-05,0.00034035452725973117,320025.6377634834,55.05184771736164,49066.55024203604,46.907855247933405,52.18991742599051,52.185360349134996,1.0080261985131185,1.7364291298933936,0.18723978674004557,0.18882705938273303,0.04577095546034029,0.4488225354960901,-3.479253451656877,18.67451020624231,41.61147240941374,5.21833895202992e-05,0.00034035452725973117,357863.1127243656,55.53716935143646,54867.81785038936,47.39317688200822,50.11259017573585,50.122406897759824,0.29710581023572213,0.43019484948266296,0.18723978674004557,0.18882705938273303,0.04577095546034029,0.4260076425304197,-3.705826096319838,17.72345868218418,41.61147240941374,5.21833895202992e-05,0.00034035452725973117,339637.93546392384,55.31016192297855,52073.52117475747,47.16616945355032,51.229844303102084,51.237728206175234,0.34797993322192056,0.5459103250364048,0.04600531369621773,0.08991284076741865,0.01782961651237081,0.467339119925008,-3.3036786362267145,19.446989090277878,41.61147240941374,5.21833895202992e-05,0.00034035452725973117,372666.26926779165,55.71320085713844,57137.44796301035,47.569208387710205,49.41867403538593,49.41970692396056,0.27885823295430456,0.43019484948266296,0.04600531369621773,0.08991284076741865,0.01782961651237081
143,4,7.15,23,0.4060784395338902,-3.9139006847605806,16.91778362057261,41.65674706482717,5.221856265911019e-05,0.0003405394824241777,323980.26217255695,55.10518552519407,49679.36023200897,46.961759943847625,51.94691609116944,51.94477367853309,,,,,,0.40606010348165655,-3.914096790372728,16.915024193372986,41.65674706482717,5.221856265911019e-05,0.0003405394824241777,323927.4183741238,55.1044770980276,49671.25712695935,46.96105151668115,51.99906257332047,51.989483258483276,3.154375068719144,1.7366694873918012,5.183615210719054,,,0.40450924776518316,-3.9307154523222936,16.845764083856402,41.65674706482717,5.221856265911019e-05,0.0003405394824241777,322601.0680115387,55.08665800842,49467.873633733994,46.94323242707356,52.02117314612218,52.02599048785733,1.0103753080858675,1.7366694873918012,0.18640468293509066,0.18827255009594274,0.04529609678666186,0.45012464662514695,-3.466672065677484,18.74557146326169,41.65674706482717,5.221856265911019e-05,0.0003405394824241777,358982.9077762118,55.55073771042974,55046.69041550992,47.40731212908331,50.088257951600426,50.08609409123768,0.2984999133382909,0.4302244591426079,0.18640468293509066,0.18827255009594274,0.04529609678666186,0.4283887752738515,-3.6816191715972524,17.842694806516935,41.65674706482717,5.221856265911019e-05,0.0003405394824241777,341692.5686560247,55.336355335930946,52395.37770921958,47.192929754584505,51.11423496803492,51.12456750778879,0.3502484368162967,0.5462123425079647,0.04582573327495144,0.08855018480644916,0.01749209297637652,0.4695885397364605,-3.2828251054653452,19.56069743864736,41.65674706482717,5.221856265911019e-05,0.0003405394824241777,374592.7969397057,55.735594220530594,57440.32174889623,47.592168639184166,49.23563806847166,49.2427720458616,0.28041117004023697,0.4302244591426079,0.04582573327495144,0.08855018480644916,0.01749209297637652
144,4,7.2,24,0.40268495284941536,-3.950345983949539,16.79237288345138,41.701751538355914,5.2253318811262305e-05,0.0003407200383025526,321364.7145381333,55.06998190029556,49284.95831096405,46.92714393530718,52.058377062780735,52.05406436984096,,,,,,0.40566613897303083,-3.9183124142283465,16.91634659855112,41.701751538355914,5.2253318811262305e-05,0.0003407200383025526,323737.2665199036,55.10192695424763,49648.81632095186,46.95908898925925,51.96618473760791,51.96869053896158,3.17141444170516,1.7260553149722262,5.198861565489448,,,0.40751597154731467,-3.8985536552783753,16.990573169170695,41.701751538355914,5.2253318811262305e-05,0.0003407200383025526,325157.78051419515,55.120941504520324,49866.668405582306,46.97810353953194,51.945775110316006,51.94757082510423,1.0108926804670035,1.7260553149722262,0.18588047427077142,0.1877345239958354,0.044868642623767774,0.4464248969161136,-3.5025159298675854,18.613097428846622,41.701751538355914,5.2253318811262305e-05,0.0003407200383025526,356208.9040904114,55.51704771244576,54628.71371339352,47.37420974745738,50.289410511690456,50.28677685706856,0.298148195170442,0.42986249634765167,0.18588047427077142,0.1877345239958354,0.044868642623767774,0.42914225586362464,-3.673987201798124,17.89410497326983,41.701751538355914,5.2253318811262305e-05,0.0003407200383025526,342449.1569215516,55.34596101354009,52518.49894833664,47.20312304855171,51.127766700065806,51.1375855168189,0.3504257117041661,0.5459887391058432,0.045202123310718094,0.08695694870213375,0.017068411714524476,0.4673242292537162,-3.303817016240868,19.487606586615073,41.701751538355914,5.2253318811262305e-05,0.0003407200383025526,372944.8584309798,55.71644624169417,57195.36392312349,47.573608276705805,49.46200652702548,49.475483107359445,0.2802504568480353,0.42986249634765167,0.045202123310718094,0.08695694870213375,0.017068411714524476
145,4,7.25,25,0.4038648742255468,-3.937639175489771,16.85748660056197,41.74708915969895,5.2288962946110055e-05,0.0003408952939495705,322390.91484632425,55.08382794647622,49450.62868206019,46.94171817296475,51.979159884991006,51.97110220424046,,,,,,0.4072300754828729,-3.9016015519508085,16.99912668345342,41.74708915969895,5.2288962946110055e-05,0.0003408952939495705,325099.70987516094,55.12016581924079,49866.12307404907,46.97805604572932,51.93527019690472,51.93325643609647,3.175123754618239,1.7414021454567439,5.205094959291642,,,0.40685751799845293,-3.9055765460980307,16.978686499974547,41.74708915969895,5.2288962946110055e-05,0.0003408952939495705,324708.8016924927,55.11494060953297,49806.16277585295,46.97283083602151,51.88990762924514,51.88154018220354,1.0084909932646322,1.7414021454567439,0.18519470940941093,0.18720341824378986,0.04442886690835811,0.446933625461951,-3.4975696956605695,18.657280684820996,41.74708915969895,5.2288962946110055e-05,0.0003408952939495705,356811.0674531741,55.524383167222965,54730.23833406458,47.3822733937115,50.17518101242095,50.17743529115104,0.2978649217304298,0.43016894054428506,0.18519470940941093,0.18720341824378986,0.04442886690835811,0.43083164917145816,-3.656924006487816,17.98523089804663,41.74708915969895,5.2288962946110055e-05,0.0003408952939495705,343958.45480015606,55.365059892556715,52758.81250712493,47.222950119045244,50.947292051345485,50.93595308365545,0.3497991463221596,0.5460478348115851,0.04496401348778052,0.08601412955019788,0.016794741519491223,0.46665614424318524,-3.3100301164565735,19.486317415263265,41.74708915969895,5.2288962946110055e-05,0.0003408952939495705,372665.9760941561,55.71319744057642,57162.17783324966,47.57108766706495,49.44958556944673,49.44882528411934,0.2797795255325537,0.43016894054428506,0.04496401348778052,0.08601412955019788,0.016794741519491223
146,4,7.300000000000001,26,0.4057897928285287,-3.9169888133913866,16.96637531284149,41.79242520178948,5.2324474619972124e-05,0.0003410064949377013,324253.1422640499,55.10884193426357,49753.81866536321,46.96826418984273,52.053861689922236,52.065198539855714,,,,,,0.40425163912362383,-3.933482104793181,16.902619634550668,41.79242520178948,5.2324474619972124e-05,0.0003410064949377013,323034.67463959934,55.09249142134174,49566.855427896226,46.951913676920896,52.12863765937851,52.13273506958615,3.168038598095488,1.7356308757847771,5.192988815759561,,,0.4053495961493744,-3.9217025533496317,16.937748057719414,41.79242520178948,5.2324474619972124e-05,0.0003410064949377013,323706.0320382905,55.10150792255635,49669.86936953732,46.9609301781355,52.07312195725898,52.09291391450788,1.006971031536063,1.7356308757847771,0.18438871063067339,0.18677040566724346,0.04400413085777711,0.4483194079247941,-3.484124599470599,18.736930570577023,41.79242520178948,5.2324474619972124e-05,0.0003410064949377013,358091.13625433674,55.53993571155794,54945.963929514255,47.39935796713709,50.050195266217216,50.05446158276877,0.29726657317496175,0.429382134596198,0.18438871063067339,0.18677040566724346,0.04400413085777711,0.4307260392132715,-3.6579887250301164,18.000952819652518,41.79242520178948,5.2324474619972124e-05,0.0003410064949377013,344025.4861686007,55.36590617258706,52787.712512458515,47.22532842816621,50.96051547149945,50.95685946747075,0.349600608230989,0.5452901205284675,0.044562797921542094,0.08418651025938234,0.016367311949778866,0.46818744013287805,-3.295802411181408,19.574170113677116,41.79242520178948,5.2324474619972124e-05,0.0003410064949377013,374092.05263583676,55.7297848196708,57401.1650929204,47.589207075249945,49.36593622445764,49.37044503028528,0.2793695872695722,0.429382134596198,0.044562797921542094,0.08418651025938234,0.016367311949778866
147,4,7.3500000000000005,27,0.4096080974599327,-3.876314664672704,17.13208967197392,41.83756857396431,5.2359627864283003e-05,0.00034112647674943596,327200.3711787366,55.148137876667235,50222.10481937399,47.00894910134848,51.80515083530993,51.81769100154198,,,,,,0.40355540446934324,-3.9409683218479423,16.88954969207939,41.83756857396431,5.2359627864283003e-05,0.00034112647674943596,322568.1766848568,55.08621519370712,49511.107589825384,46.94702641838836,52.12688141653829,52.123817476663284,3.1787007227124566,1.732680272843804,5.194556798968128,,,0.4105530675217956,-3.866306986119883,17.171818191213468,41.83756857396431,5.2359627864283003e-05,0.00034112647674943596,327959.133623392,55.158197304568446,50338.56754492412,47.0190085292497,51.76468235287787,51.759757853457735,1.005164400038998,1.732680272843804,0.18375823228620003,0.1862186782070034,0.043576100934339126,0.4439365923736143,-3.5267905589609585,18.578218728202657,41.83756857396431,5.2359627864283003e-05,0.00034112647674943596,354819.5334076418,55.50007520454049,54461.38014625209,47.36088642922173,50.31913213431397,50.320038037982194,0.2967456333307036,0.4300895538092962,0.18375823228620003,0.1862186782070034,0.043576100934339126,0.42234083174631004,-3.7433692912476917,17.675244803442887,41.83756857396431,5.2359627864283003e-05,0.00034112647674943596,337573.919533145,55.28368886293761,51814.3445559217,47.14450008761885,51.3727346048088,51.36241684611533,0.3504010404380858,0.5463464279756227,0.044340801916365906,0.08300628327119494,0.016069839320920085,0.4624330014243535,-3.349511801561529,19.356910704475645,41.83756857396431,5.2359627864283003e-05,0.00034112647674943596,369691.52559008,55.67839495388774,56744.08767365681,47.53920617856898,49.60974046363883,49.612652267393685,0.2796683936351777,0.4300895538092962,0.044340801916365906,0.08300628327119494,0.016069839320920085
148,4,7.4,28,0.407545077146242,-3.8982434846222684,17.064599921796493,41.88255233426015,5.239443862448315e-05,0.0003411988216930629,325694.87086407025,55.12810919225078,50013.654317796965,46.99088588042427,51.77683405652382,51.775294231158185,,,,,,0.41081906981757416,-3.8634940508371467,17.213862974256486,41.88255233426015,5.239443862448315e-05,0.0003411988216930629,328543.70475519705,55.165931500647375,50451.12081231572,47.02870818882087,51.72657339436196,51.71546995839704,3.1714450903442035,1.7378857392968297,5.205825390397914,,,0.40535358883615863,-3.9216597756260336,16.97626212419902,41.88255233426015,5.239443862448315e-05,0.0003411988216930629,324008.85609004815,55.105568808809196,49754.750148201274,46.96834549698268,51.96355137389433,51.965428644082444,1.0091389315558925,1.7378857392968297,0.18331639327966942,0.18556975199775874,0.04315224851549611,0.444854750811461,-3.5178176703752846,18.633691684800684,41.88255233426015,5.239443862448315e-05,0.0003411988216930629,355642.54859853454,55.51013713817112,54612.415108406385,47.3729138263446,50.249707207367635,50.24819763582563,0.29527200484307575,0.42932765427268926,0.18331639327966942,0.18556975199775874,0.04315224851549611,0.42048777089595213,-3.7624663032893846,17.61335983140534,41.88255233426015,5.239443862448315e-05,0.0003411988216930629,336168.4998219425,55.26557016080139,51621.98317100298,47.12834684897487,51.53575754254632,51.53775427117815,0.34883294473172294,0.5454169684988686,0.044089926617517025,0.0821241245106776,0.015825365119015854,0.46237639654121987,-3.3500434395072176,19.378630201489617,41.88255233426015,5.239443862448315e-05,0.0003411988216930629,369860.4414941526,55.68037883736274,56795.71255648218,47.54315552553622,49.680630456420005,49.68050779145011,0.27850797914414155,0.42932765427268926,0.044089926617517025,0.0821241245106776,0.015825365119015854
149,4,7.45,29,0.40506618841583614,-3.9247400662452585,16.97707583027491,41.92695239391567,5.242843673184537e-05,0.0003412750077967622,323814.2673814061,55.102959800211515,49746.027228531144,46.96758403240152,51.942054151059345,51.931572139909534,,,,,,0.40587093513559347,-3.9161204787508046,17.009641166941172,41.92695239391567,5.242843673184537e-05,0.0003412750077967622,324435.4061888213,55.11128243422461,49841.44979368322,46.97590666641461,52.005903251858705,52.00325747892886,3.162398604337201,1.7298558816323246,5.21382598037331,,,0.4077894972341295,-3.8956396382516827,17.0950205605838,41.92695239391567,5.242843673184537e-05,0.0003412750077967622,326063.9001696607,55.133027189992525,50091.62748525762,46.99765142218253,51.67232679959784,51.670678361698265,1.0109418585744934,1.7298558816323246,0.18283671260484302,0.1849858314233909,0.04274417293117286,0.4461769080730106,-3.5049291042148094,18.70510966139843,41.92695239391567,5.242843673184537e-05,0.0003412750077967622,356774.1254058187,55.523933501857385,54809.491565634344,47.38855773404738,50.29899834863445,50.30261914111516,0.29556476207943966,0.42886989133818804,0.18283671260484302,0.1849858314233909,0.04274417293117286,0.4220202931298168,-3.7466666519377068,17.69243225882561,41.92695239391567,5.242843673184537e-05,0.0003412750077967622,337458.7029805356,55.28220632974323,51842.15619258559,47.146830561933236,51.480355482901665,51.468257168647234,0.34770353883506,0.5442694173700395,0.044216758676869465,0.08164428309693043,0.01567474023455733,0.4650902262134258,-3.324627870121924,19.506304352310835,41.92695239391567,5.242843673184537e-05,0.0003412750077967622,372055.80727267003,55.70608087658124,57157.14279296809,47.57070510877124,49.64988950329342,49.652840892701114,0.2781649426250068,0.42886989133818804,0.044216758676869465,0.08164428309693043,0.01567474023455733
150,5,7.5,0,0.4040065782392369,-3.936115634296366,16.951381605126578,41.971532601264045,5.246296965264786e-05,0.00034132034450960714,323111.3624973958,55.09352230636501,49664.140675474584,46.96042925398644,52.02645881778807,52.03820841583555,,,,,,0.40486755120741924,-3.926870291003789,16.98543191290546,41.971532601264045,5.246296965264786e-05,0.00034132034450960714,323760.39757879375,55.102237246988366,49763.90123275342,46.969144194609804,51.95882338064587,51.979634135619584,3.14021315826632,1.734615201597805,5.1891242778251545,,,0.4113419377944417,-3.857970103444131,17.261795704065356,41.971532601264045,5.246296965264786e-05,0.00034132034450960714,329028.1853725399,55.17233102288767,50573.591588471776,47.03923797050911,51.69504332852133,51.68891912904523,1.0022201193814229,1.734615201597805,0.18235606598654075,0.1843024704104259,0.042317934126641386,0.4491563994908046,-3.47602408197698,18.85254214721246,41.971532601264045,5.246296965264786e-05,0.00034132034450960714,359349.5044606373,55.55517050305444,55234.15890810405,47.42207745067588,50.12693701471722,50.12730421023094,0.2952443880409268,0.42898165698683516,0.18235606598654075,0.1843024704104259,0.042317934126641386,0.42270532513211717,-3.7396228100720874,17.738952679083148,41.971532601264045,5.246296965264786e-05,0.00034132034450960714,338123.3048096782,55.29075105108987,51971.565611096616,47.1576579987113,51.42421884785425,51.41512016037994,0.3466704373522588,0.5435267257837338,0.043612103508323515,0.10251325839041736,0.01805870004107881,0.4665336415836146,-3.311170339596253,19.587991392432365,41.971532601264045,5.246296965264786e-05,0.00034132034450960714,373367.949281608,55.7213703442838,57388.877362629704,47.58827729190523,49.57147018351345,49.57152850716475,0.27792310541579723,0.42898165698683516,0.043612103508323515,0.10251325839041736,0.01805870004107881
151,5,7.550000000000001,1,0.4081960238585456,-3.8913122995974043,17.14645242161221,42.0163364277043,5.249786739693616e-05,0.00034135338013261253,326612.3610692212,55.14032617150698,50230.79723115962,47.009700710591275,51.744427790886526,51.744980211066625,,,,,,0.4066422735621389,-3.907874751312163,17.081100199717167,42.0163364277043,5.249786739693616e-05,0.00034135338013261253,325367.506275389,55.12374178748564,50039.346887619286,46.99311632656993,51.966851269241104,51.97337023105986,3.1468400777238923,1.7277507042667843,5.18167927755391,,,0.40553229200975094,-3.919745577703011,17.040869809062414,42.0163364277043,5.249786739693616e-05,0.00034135338013261253,324601.18199119344,55.11350096917565,49921.49133675548,46.982875508259944,52.011251696350186,52.013180088088326,1.0073019679874484,1.7277507042667843,0.18163403448502782,0.18366442377956296,0.041879429454359976,0.4481829976844295,-3.485446229278884,18.829040061592902,42.0163364277043,5.249786739693616e-05,0.00034135338013261253,358662.95137717895,55.54686517898588,55159.96371349245,47.41623971807017,50.22771118673487,50.23000968948965,0.2949381492665163,0.4290524269839765,0.18163403448502782,0.18366442377956296,0.041879429454359976,0.4224844983672189,-3.741892213819451,17.744420972131007,42.0163364277043,5.249786739693616e-05,0.00034135338013261253,338002.7009090772,55.289201706481336,51982.5553367524,47.15857624556563,51.4742544708454,51.466531127826876,0.34682870073349015,0.5437809124328173,0.043744934432737796,0.10163460465607514,0.017915199987926747,0.4641779749520853,-3.333154704800698,19.50498960903684,42.0163364277043,5.249786739693616e-05,0.00034135338013261253,371538.7038783822,55.70004061717786,57140.16835415351,47.56941515626216,49.690755564375365,49.69745847377764,0.2778874366187428,0.4290524269839765,0.043744934432737796,0.10163460465607514,0.017915199987926747
152,5,7.6000000000000005,2,0.4077648815930378,-3.8959018019375247,17.151229445160713,42.060667945955444,5.253194052112269e-05,0.00034136603404959345,326491.45024947886,55.13871812998261,50242.92909782873,47.01074950274176,51.84751834744226,51.85470260938071,,,,,,0.40571904103264034,-3.9177460969435742,17.060553253217442,42.060667945955444,5.253194052112269e-05,0.00034136603404959345,324765.3348415242,55.11569666842277,49977.301639620346,46.987728041181924,51.898007308569994,51.89970300653596,3.1497727027508162,1.733768337500441,5.195355969072294,,,0.4019016290289443,-3.9588023347741643,16.916773584083334,42.060667945955444,5.253194052112269e-05,0.00034136603404959345,322028.3396399802,55.07894092837706,49556.112491337306,46.95097230113621,52.2359584086239,52.23209345066622,1.0049639836493303,1.733768337500441,0.18110221202515445,0.1830636199282043,0.041475579692066465,0.44668738741858044,-3.499963100127019,18.782170980618343,42.060667945955444,5.253194052112269e-05,0.00034136603404959345,357538.1147982945,55.53322345897214,55020.6204109038,47.40525483173129,50.22012291643495,50.223942311660416,0.2946354003339734,0.4290452340134404,0.18110221202515445,0.1830636199282043,0.041475579692066465,0.42370994223892905,-3.729313452771658,17.81476273511601,42.060667945955444,5.253194052112269e-05,0.00034136603404959345,339122.49496956676,55.303565987345266,52186.688065538154,47.17559736010442,51.35150176599768,51.36340592902157,0.34580696008291156,0.5426794807276798,0.043243253736518286,0.09987621421481258,0.017510543377708413,0.46647589216541024,-3.311707960119605,19.621094607792763,42.060667945955444,5.253194052112269e-05,0.00034136603404959345,373507.896589186,55.72299787968973,57478.169034656275,47.59502925244888,49.42888758339432,49.43270808114298,0.277572126073641,0.4290452340134404,0.043243253736518286,0.09987621421481258,0.017510543377708413
153,5,7.65,3,0.40677823780270544,-3.9064228941450727,17.125464145244322,42.105034052775,5.2566312367583715e-05,0.00034138250716363405,325787.81683390733,55.129348393931856,50165.0312651656,47.00401087254892,51.949518072896446,51.95322561950975,,,,,,0.40368245662502494,-3.9396012390278354,16.99429494390697,42.105034052775,5.2566312367583715e-05,0.00034138250716363405,323292.50766289077,55.09595639908905,49780.80184923223,46.9706188777061,52.11530068492503,52.117463432804435,3.170776450067679,1.7303859549504654,5.213575561775151,,,0.40496607839892435,-3.925813535289161,17.044073349621744,42.105034052775,5.2566312367583715e-05,0.00034138250716363405,324239.4716684061,55.10865883073623,49926.616015659085,46.983321309353286,51.894536874009205,51.896752349366565,1.0051938265293714,1.7303859549504654,0.18073998993380197,0.18247260638468932,0.04109737970050834,0.4461835139437923,-3.5048648052352056,18.78528437111099,42.105034052775,5.2566312367583715e-05,0.00034138250716363405,357363.5570962248,55.53110262330286,55027.085386383565,47.40576510191991,50.2521385917796,50.245526499847124,0.29498865969514376,0.4291914648585016,0.18073998993380197,0.18247260638468932,0.04109737970050834,0.4214343632233247,-3.7527005546303576,17.73916266233912,42.105034052775,5.2566312367583715e-05,0.00034138250716363405,337462.5661068514,55.2822560461922,51962.71715772551,47.156918524809264,51.43801787161118,51.45072050265044,0.34617534816611667,0.5422583835077044,0.04306096214061718,0.09866349923602806,0.017234040188946576,0.4658421213323658,-3.3176124522348323,19.616956298326564,42.105034052775,5.2566312367583715e-05,0.00034138250716363405,373184.94326080655,55.71924113127356,57463.27326878414,47.593903609890624,49.47005185468458,49.46862254605852,0.27826146254907275,0.4291914648585016,0.04306096214061718,0.09866349923602806,0.017234040188946576
154,5,7.7,4,0.40200628486046996,-3.9576715721680964,16.947979854711335,42.14880552319092,5.2599892345117614e-05,0.00034142186491986306,322205.59965241957,55.08133083808259,49639.409762726485,46.958266088799775,52.07289900998038,52.06908274747085,,,,,,0.4103629425462674,-3.8683186469526003,17.29304455238192,42.14880552319092,5.2599892345117614e-05,0.00034142186491986306,328765.77843389986,55.168866050638606,50650.079356929484,47.04580130135581,51.701737197934236,51.71890089648896,3.1750767548510366,1.7338045920126433,5.211608599657433,,,0.40496608871744694,-3.9258134246310687,17.066887587153566,42.14880552319092,5.2599892345117614e-05,0.00034142186491986306,324466.20755750913,55.111694726756575,49987.681928805076,46.988629977473764,51.99735254418677,51.99182827270929,1.0154112957500545,1.7338045920126433,0.18017881395745589,0.18198152220087613,0.0407240773960286,0.45096728194446534,-3.4585496540898433,19.008733753911507,42.14880552319092,5.2599892345117614e-05,0.00034142186491986306,361383.51061997795,55.579683324802275,55675.20919719992,47.45661857551947,49.983275418788665,50.00696358793205,0.2936807637836602,0.42862597053275664,0.18017881395745589,0.18198152220087613,0.0407240773960286,0.4227546628131784,-3.739115936110821,17.817293842796904,42.14880552319092,5.2599892345117614e-05,0.00034142186491986306,338732.5153803423,55.29856887145012,52185.5676905136,47.17550412216732,51.45545889395962,51.457980322162406,0.34555355141891186,0.5417533324719386,0.04304178334501081,0.09761987758570279,0.017003173980756077,0.46633404133285544,-3.3130288087103947,19.657428626991855,42.14880552319092,5.2599892345117614e-05,0.00034142186491986306,373716.1380106224,55.725418521917156,57575.18966046815,47.602353772634345,49.44135263832586,49.44158665539622,0.27749471476261395,0.42862597053275664,0.04304178334501081,0.09761987758570279,0.017003173980756077
155,5,7.75,5,0.4046858565713075,-3.9288197356833243,17.067347100154006,42.192349741675294,5.263278480079626e-05,0.00034145910933990406,324272.1654335835,55.109096717152106,49983.57529001924,46.98827317680636,51.91319730127684,51.90497286746368,,,,,,0.4049579021126305,-3.9259012204572863,17.08438868282115,42.192349741675294,5.263278480079626e-05,0.00034145910933990406,324595.9480860052,55.11343094249079,50033.48341137552,46.99260740214504,52.00206993614917,51.98863773194948,3.16530722578803,1.7283219762971342,5.218149801356617,,,0.4069776500916003,-3.9042944018118657,17.162328551850056,42.192349741675294,5.263278480079626e-05,0.00034145910933990406,326076.7716700868,55.13319862605996,50261.738762886205,47.012375085714204,51.78549165326772,51.78009898093087,1.007111989714156,1.7283219762971342,0.1797623753414812,0.1814602542376306,0.04036412906218667,0.4477032070721522,-3.49009794585172,18.893409599518804,42.192349741675294,5.263278480079626e-05,0.00034145910933990406,358966.55803082214,55.55053990809009,55331.39717971747,47.42971636774435,50.1608406951088,50.17004246884308,0.29430886548865864,0.42883173185717477,0.1797623753414812,0.1814602542376306,0.04036412906218667,0.421947156718436,-3.747419352529989,17.80336016541175,42.192349741675294,5.263278480079626e-05,0.00034145910933990406,338256.0932847013,55.29245628643164,52139.0693012365,47.17163274608589,51.43363028732298,51.41955907355307,0.3460742752046676,0.5422074771844855,0.042623381390598986,0.09700273305880197,0.016816667221587672,0.46310753286996553,-3.3431815474946243,19.540658580952382,42.192349741675294,5.263278480079626e-05,0.00034145910933990406,371264.0069285629,55.69682847556328,57226.93595355429,47.57600493521753,49.56156093901882,49.5575332632021,0.2779876252194617,0.42883173185717477,0.042623381390598986,0.09700273305880197,0.016816667221587672
156,5,7.800000000000001,6,0.40507264517572306,-3.924670840204643,17.108268289480215,42.235835171901414,5.266575799842673e-05,0.0003414498599111034,324846.141775673,55.1167771298076,50104.77466276999,46.9987911331016,52.010514361307045,52.010738958491366,,,,,,0.4027997404603461,-3.949108179512792,17.013292084210075,42.235835171901414,5.266575799842673e-05,0.0003414498599111034,323042.76499197655,55.092600188346395,49826.61901996238,46.97461419164039,52.06236683774589,52.055192731254486,3.1678560288258675,1.7355719242373382,5.206763305982594,,,0.4055024886706325,-3.920064760703188,17.127040390272697,42.235835171901414,5.266575799842673e-05,0.0003414498599111034,325202.5802189029,55.12153982710426,50159.75228319534,47.00355383039826,51.96685852484162,51.967604428889715,1.0105676160594756,1.7355719242373382,0.17942426536090103,0.18090038980687223,0.04000846796546061,0.45011275583211835,-3.466786793321192,19.015768778112808,42.235835171901414,5.266575799842673e-05,0.0003414498599111034,361065.13037713914,55.575855487535605,55691.24785426349,47.457869490829594,50.06148398298273,50.06299715481772,0.29458868684994277,0.42943045489868403,0.17942426536090103,0.18090038980687223,0.04000846796546061,0.4243980694495476,-3.7222660033458825,17.92257439857013,42.235835171901414,5.266575799842673e-05,0.0003414498599111034,340307.91694112757,55.31872052662811,52489.62293683846,47.20073452992211,51.28128593958665,51.27842493118402,0.3465101285264466,0.542657642617709,0.042634084961979,0.09648277873293833,0.01665333162811048,0.4656090926171988,-3.319785471835168,19.66451175129084,42.235835171901414,5.266575799842673e-05,0.0003414498599111034,373383.2474580214,55.72154828611046,57591.213410983684,47.60356228940445,49.44836635193555,49.44691387334303,0.2783072340667782,0.42943045489868403,0.042634084961979,0.09648277873293833,0.01665333162811048
157,5,7.8500000000000005,7,0.4035896737682413,-3.9405995413691826,17.06095539791493,42.27958898254823,5.2699236096017334e-05,0.0003414739151077845,323741.9868255792,55.101990276823514,49962.69010044216,46.986458136958014,52.0854569337881,52.09155488030176,,,,,,0.40386439818764786,-3.9376442945473498,17.069295294440565,42.27958898254823,5.2699236096017334e-05,0.0003414739151077845,323900.2414255214,55.10411271720373,49987.11333207612,46.988580577338226,52.08310055937635,52.081560003047095,3.1722752661789864,1.7275690857208108,5.206485766653884,,,0.40050753362479624,-3.9738931033902984,16.928824430374824,42.27958898254823,5.2699236096017334e-05,0.0003414739151077845,321234.7214963557,55.06822481000465,49575.74702311106,46.95269267013914,52.25929401719377,52.24929060488879,1.0080195526582654,1.7275690857208108,0.17889909488943917,0.18034008045386668,0.03963675117061255,0.4489075593531477,-3.478430812597042,18.991720610979847,42.27958898254823,5.2699236096017334e-05,0.0003414739151077845,360379.42896130745,55.567599927854744,55616.90006390447,47.45206778798924,50.1313527526727,50.12870131564936,0.29527879273388064,0.4291937469457029,0.17889909488943917,0.18034008045386668,0.03963675117061255,0.4214131795224835,-3.752918861356473,17.813598887098056,42.27958898254823,5.2699236096017334e-05,0.0003414739151077845,338023.8539822837,55.28947349056749,52166.7925395569,47.17394135070198,51.39658847827472,51.393797504824775,0.34774344812461455,0.5427264471772587,0.042354793420149,0.09503318691114168,0.016334840215497096,0.46071227476356436,-3.36570216679235,19.483141494669788,42.27958898254823,5.2699236096017334e-05,0.0003414739151077845,369704.4385837349,55.6785466464087,57056.01696844116,47.5630145065432,49.743855110949184,49.739491959859635,0.2790971459083797,0.4291937469457029,0.042354793420149,0.09503318691114168,0.016334840215497096
158,5,7.9,8,0.40595724092511265,-3.9151970782236747,17.184204677913485,42.3231993372999,5.273240079486429e-05,0.0003414648329142738,325875.6365893943,55.130518925599404,50324.96181598781,47.01783454040333,52.07205960089916,52.0844506717885,,,,,,0.4019514542532433,-3.9582639572907556,17.02473047005187,42.3231993372999,5.273240079486429e-05,0.0003414648329142738,322851.4198752343,55.09002700739143,49857.93214707414,46.977342622195344,52.21867655008246,52.20116551760052,3.1439889830648626,1.7295359326427384,5.172652561118776,,,0.40950355067512956,-3.8774232825782273,17.328124099635794,42.3231993372999,5.273240079486429e-05,0.0003414648329142738,328604.87742715125,55.1667400530713,50746.4383718428,47.05405566787522,51.76463408191044,51.761559805797425,0.9981484871998145,1.7295359326427384,0.1785698398145746,0.1799094183134204,0.039319239624382295,0.44699444387086096,-3.4969787510346064,18.927634847141498,42.3231993372999,5.273240079486429e-05,0.0003414648329142738,358937.47604575014,55.55018804641926,55430.70039043629,47.437503661223175,50.10406667976072,50.09566887656386,0.29469013887968737,0.4288719937093191,0.1785698398145746,0.1799094183134204,0.039319239624382295,0.42175566013367793,-3.7493908028992595,17.852028253007536,42.3231993372999,5.273240079486429e-05,0.0003414648329142738,338540.0244235832,55.29610021200582,52280.722734013914,47.183415826809735,51.37878813025664,51.37986888456246,0.34666218103041013,0.5419024314562855,0.04264861501523788,0.09399138497542261,0.016113169600616442,0.46156184531515176,-3.3577009901601307,19.54071910958533,42.3231993372999,5.273240079486429e-05,0.0003414648329142738,370563.8054599713,55.68862997668632,57226.153987257334,47.57594559149025,49.590233457239236,49.60100154822008,0.27821841744732667,0.4288719937093191,0.04264861501523788,0.09399138497542261,0.016113169600616442
159,5,7.95,9,0.4037688276882866,-3.9386721309307293,17.10309046666245,42.366462068112696,5.2765281997059995e-05,0.00034144696411000876,324135.2991843275,55.10726329416002,50090.03524527489,46.997513372759194,51.965400479112546,51.958893188995376,,,,,,0.41109695033181987,-3.8605574496369037,17.410321249467735,42.366462068112696,5.2765281997059995e-05,0.00034144696411000876,329957.8925862239,55.18458521137752,50989.82588657139,47.07483528997669,51.79447726046178,51.781624810398625,3.1686378730274916,1.7301731200897716,5.18690447902692,,,0.4038280354943347,-3.9380353373850725,17.115185340812374,42.366462068112696,5.2765281997059995e-05,0.00034144696411000876,324364.51949154766,55.110333429751265,50125.457654671474,47.00058350835044,52.016498781019536,52.01972426513903,1.000418599037514,1.7301731200897716,0.17804484147103966,0.17948692077234124,0.038985492326746016,0.4450393635356263,-3.5160157416457496,18.85546344357393,42.366462068112696,5.2765281997059995e-05,0.00034144696411000876,357346.0186306695,55.530889477737944,55222.23192911155,47.42113955633712,50.309339591866845,50.29890006232215,0.2944505055100433,0.4287594982905433,0.17804484147103966,0.17948692077234124,0.038985492326746016,0.4226011061192355,-3.7406937055665472,17.90586219931539,42.366462068112696,5.2765281997059995e-05,0.00034144696411000876,339349.3130637126,55.306469743969686,52441.12287244237,47.19671982256885,51.309119846093026,51.307780214852265,0.34631780586672356,0.5418161102677072,0.04286804994727594,0.09349645786117368,0.015969472213187542,0.46067869207529377,-3.366018748498374,19.52019416388665,42.366462068112696,5.2765281997059995e-05,0.00034144696411000876,369943.8991906513,55.681358696907274,57169.03711464119,47.57160877550645,49.728412436009066,49.727939785712685,0.27800241285557936,0.4287594982905433,0.04286804994727594,0.09349645786117368,0.015969472213187542
160,5,8.0,10,0.4090555386992869,-3.8821772252291344,17.359419553649996,42.409718628044686,5.2798351377418744e-05,0.00034144659969553533,328787.151507053,55.169148376435125,50840.80371316986,47.06212407449157,51.73325642297455,51.73771897063058,,,,,,0.40579428171851795,-3.916940771538093,17.214347484292816,42.409718628044686,5.2798351377418744e-05,0.00034144659969553533,326039.48864310933,55.13270203323171,50415.92887333681,47.025677731288155,51.91402908559134,51.90748933598921,3.171670779770415,1.7327367948159218,5.199046319481055,,,0.40199770847477423,-3.9577642253641843,17.051051534626875,42.409718628044686,5.2798351377418744e-05,0.00034144659969553533,322946.66575364734,55.09130805051122,49937.681470048716,46.98428374856767,52.13534981312737,52.12910887293769,1.0058894856475777,1.7327367948159218,0.17739260273387789,0.17882316708337362,0.038589150804045506,0.4468192617717087,-3.498681133074262,18.95400869014268,42.409718628044686,5.2798351377418744e-05,0.00034144659969553533,358988.6463433988,55.550807134574725,55510.90187175326,47.44378283263117,50.21471740731431,50.22044015742626,0.29347293653441736,0.42875988379418084,0.17739260273387789,0.17882316708337362,0.038589150804045506,0.42641253624565356,-3.7017003582416907,18.08211960931242,42.409718628044686,5.2798351377418744e-05,0.00034144659969553533,342475.079951946,55.34628975731798,52957.38667608954,47.23926545537442,51.19047400081034,51.19115988509973,0.3461841746439705,0.5417024811027471,0.04260667773059669,0.09203863841035995,0.015674830881514498,0.4647604697404743,-3.327708180180335,19.711685051464777,42.409718628044686,5.2798351377418744e-05,0.00034144659969553533,373339.02550402813,55.721033895384046,57729.92048842044,47.614009593440485,49.61125159179822,49.622522942522096,0.2776822896205617,0.42875988379418084,0.04260667773059669,0.09203863841035995,0.015674830881514498
161,5,8.05,11,0.4042604798025426,-3.9333871288990423,17.161110929633015,42.45230148041346,5.283001670956597e-05,0.0003414478017192309,324836.37141317886,55.116646505558634,50259.837208571116,47.01221077580597,52.0220490018383,52.027974410712645,,,,,,0.4063064281900569,-3.9114630662907395,17.24239433109296,42.45230148041346,5.283001670956597e-05,0.0003414478017192309,326374.9550919765,55.13716825073642,50497.89234042633,47.03273252098376,51.812345277413634,51.82088489287723,3.145684643461572,1.7383049670374675,5.187233031027489,,,0.4066679168376434,-3.907600889428107,17.265356912096422,42.45230148041346,5.283001670956597e-05,0.0003414478017192309,326809.6053615325,55.1429481253053,50565.14297401613,47.038512395552644,52.01395870464337,52.0184717256476,1.0077513059190368,1.7383049670374675,0.17676690714108592,0.1782154268598775,0.0382123493792907,0.4484853791741898,-3.4825171058526565,19.041872112752014,42.45230148041346,5.283001670956597e-05,0.0003414478017192309,360436.6096917037,55.568288960129365,55768.03252758954,47.4638532303767,50.19179842020285,50.19451877569996,0.2932053386208738,0.42869579601775876,0.17676690714108592,0.1782154268598775,0.0382123493792907,0.4276330031927066,-3.689287848679031,18.15498108267459,42.45230148041346,5.283001670956597e-05,0.0003414478017192309,343648.9748334161,55.36115052668607,53170.59003239167,47.25671479693341,50.999717569129054,50.998291953551686,0.3460474520558897,0.5417295876695938,0.041897226735675544,0.0906981156779075,0.015354648436280973,0.4668480406263568,-3.3082445959879294,19.820491076138588,42.45230148041346,5.283001670956597e-05,0.0003414478017192309,375174.80233069236,55.7423366239302,58048.378042968856,47.637900894177534,49.45501490440917,49.46457850107335,0.2772388687334851,0.42869579601775876,0.041897226735675544,0.0906981156779075,0.015354648436280973
162,5,8.1,12,0.40759579822052067,-3.897703016505173,17.32668956901031,42.49513804385483,5.2862407807933035e-05,0.000341464454322974,327769.5868860915,55.15568653748473,50742.29352324288,47.053700931966574,51.94192653248247,51.941504546199894,,,,,,0.4086046013135102,-3.8869674706770407,17.360483924588188,42.49513804385483,5.2862407807933035e-05,0.000341464454322974,328408.87588141434,55.16414886249562,50841.26240609449,47.062163256977456,51.83417053688861,51.82362739583338,3.198633144844108,1.7267962799168892,5.21438218738618,,,0.4062420356226374,-3.91215140275336,17.26643948147214,42.49513804385483,5.2862407807933035e-05,0.000341464454322974,326629.8338926774,55.140558500369714,50565.84737555343,47.038572894851555,52.017737855419,52.015246222939254,0.9988813675710034,1.7267962799168892,0.1759399662787009,0.17736886834031254,0.037766224328751666,0.45038458026771994,-3.4641648676078933,19.138005803834577,42.49513804385483,5.2862407807933035e-05,0.000341464454322974,362034.3188560273,55.587497412053864,56046.84634533848,47.485511806535705,50.13886651921092,50.142725410319315,0.291785910338842,0.42769411466251117,0.1759399662787009,0.17736886834031254,0.037766224328751666,0.4278396588666758,-3.687189606979792,18.184817075159717,42.49513804385483,5.2862407807933035e-05,0.000341464454322974,344002.8146510332,55.36561996008772,53255.37356798964,47.26363435456957,51.09129474638296,51.09009272789359,0.3453754201813103,0.5407358532514774,0.04160874399603912,0.08955841678380172,0.015113097813050147,0.46875416780179,-3.290548578343106,19.92245779238534,42.49513804385483,5.2862407807933035e-05,0.000341464454322974,376873.82430195675,55.76195974658438,58344.16303121757,47.65997414106622,49.38209499356698,49.38935995120403,0.276468724909941,0.42769411466251117,0.04160874399603912,0.08955841678380172,0.015113097813050147
163,5,8.15,13,0.40744337036482625,-3.8993274434024254,17.336878305904172,42.53797955280455,5.2895029777966443e-05,0.0003414959370668584,327760.0632550526,55.15556034760431,50767.45115860615,47.05585359671299,51.813592941035054,51.815579960542195,,,,,,0.4102422074746526,-3.8695965959333374,17.446446582210104,42.53797955280455,5.2895029777966443e-05,0.0003414959370668584,329831.4918328577,55.182921190959384,51088.29912314424,47.08321444006806,51.606860205124725,51.60619949909083,3.13209574772407,1.7322309307497554,5.17951750207051,,,0.405092083945599,-3.924462434427638,17.2313826829405,42.53797955280455,5.2895029777966443e-05,0.0003414959370668584,325765.62968716345,55.12905261603504,50458.52911440912,47.02934586514371,51.931255543213794,51.928712259063616,1.0019837951421031,1.7322309307497554,0.17570823210913164,0.1768569784695212,0.037459258012935176,0.449095159051424,-3.476616263191265,19.10830637822844,42.53797955280455,5.2895029777966443e-05,0.0003414959370668584,361249.56273657404,55.5780733008652,55954.710742246396,47.47836654997387,50.11939547192271,50.12870986955333,0.2924843605824854,0.4278511188394948,0.17570823210913164,0.1768569784695212,0.037459258012935176,0.4259196139771487,-3.706723598184687,18.12266870847952,42.53797955280455,5.2895029777966443e-05,0.0003414959370668584,342615.71993723616,55.34807285440276,53068.475321073725,47.24836610351143,51.195454287008396,51.19221156746296,0.34568336025841223,0.5408337274792141,0.041053787282044354,0.08713977174637452,0.014659915473459847,0.4700488967798481,-3.2785696228318226,20.00334899483185,42.53797955280455,5.2895029777966443e-05,0.0003414959370668584,378170.67272290855,55.776878461154084,58575.65734644619,47.67717171026276,49.21172255880701,49.25354793364203,0.2768218452512311,0.4278511188394948,0.041053787282044354,0.08713977174637452,0.014659915473459847
164,5,8.200000000000001,14,0.40268943588264605,-3.9502976348432965,17.14286722379138,42.58049471040311,5.292687018584513e-05,0.0003414941213507307,323897.2409212307,55.10407248541859,50199.596865636355,47.00700229500944,52.066363970664916,52.065589362396835,,,,,,0.4095858073840245,-3.8765510057126766,17.441650738846583,42.58049471040311,5.292687018584513e-05,0.0003414941213507307,329542.45504415286,55.17911372810659,51074.527051472076,47.082043537697444,51.810535697577635,51.80632464070196,3.1882133307351017,1.7358609451231377,5.2212818780395,,,0.4059493087787576,-3.915281937432977,17.28428582350158,42.58049471040311,5.292687018584513e-05,0.0003414941213507307,326569.20318186743,55.13975226576985,50613.71409597355,47.0426820753607,51.82527934380878,51.81174785594999,1.0064609227809276,1.7358609451231377,0.17523804447319713,0.17648675952830242,0.03716038577451098,0.45327733455183805,-3.436359966376869,19.307345352287992,42.58049471040311,5.292687018584513e-05,0.0003414941213507307,364792.8790138735,55.62046352038053,56537.855691104065,47.523393329971384,49.90841240754352,49.91277577522786,0.29172210380949903,0.42655806700316673,0.17523804447319713,0.17648675952830242,0.03716038577451098,0.427206923808187,-3.69361717245132,18.197260304753595,42.58049471040311,5.292687018584513e-05,0.0003414941213507307,343818.9381094427,55.363297946602515,53287.18466009593,47.266227756193366,51.13374844196878,51.123182917779076,0.3444834203092696,0.5391447158225585,0.04049001228418193,0.08486952599672516,0.014221441528843016,0.4698395018118898,-3.2805047266327296,20.016636724565657,42.58049471040311,5.292687018584513e-05,0.0003414941213507307,378194.2263783992,55.77714894495426,58614.87935837004,47.680078754545114,49.19749729613199,49.19411418698314,0.2758694737238433,0.42655806700316673,0.04049001228418193,0.08486952599672516,0.014221441528843016
165,5,8.25,15,0.4052928854844646,-3.922310198012564,17.275854836327017,42.62281721765455,5.295871787595794e-05,0.0003414818723952458,326213.61560888286,55.13502083805424,50590.840196434205,47.04071892091807,52.01065636649055,52.02195134498186,,,,,,0.40755672234160334,-3.898119391065129,17.363845834726156,42.62281721765455,5.295871787595794e-05,0.0003414818723952458,327875.1172827949,55.15708458948045,50848.51419178261,47.06278267234427,51.99559838851642,51.98654775764901,3.171152030393148,1.7407700043837262,5.2228618337696515,,,0.4039035356532145,-3.937223451267182,17.22416260047072,42.62281721765455,5.295871787595794e-05,0.0003414818723952458,325237.5301232528,55.12200654342066,50439.46397404877,47.02770462628449,52.09983061928608,52.114445872856685,1.0045684056993562,1.7407700043837262,0.17445601498848978,0.17580057347668368,0.036765374011355066,0.4532765372257437,-3.4363676057314363,19.328895013594472,42.62281721765455,5.295871787595794e-05,0.0003414818723952458,364980.41850007384,55.62269564825,56602.99001530124,47.52839373111382,49.70692820568546,49.704512450798646,0.29200312923931604,0.42748130588995525,0.17445601498848978,0.17580057347668368,0.036765374011355066,0.425975306749775,-3.706155756699089,18.16132479531754,42.62281721765455,5.295871787595794e-05,0.0003414818723952458,342933.61931185215,55.35210063026622,53183.86205372812,47.25779871313005,51.16505917477543,51.16328545779588,0.34494009804523124,0.5398669600067686,0.040019600523738964,0.08304901358877925,0.013840106811132786,0.47099561946383917,-3.2698313204632528,20.084357949927536,42.62281721765455,5.295871787595794e-05,0.0003414818723952458,379245.54738976,55.78920490565139,58815.29759998808,47.69490298851521,48.988597364649564,48.99019478526167,0.27647061496253383,0.42748130588995525,0.040019600523738964,0.08304901358877925,0.013840106811132786
166,5,8.3,16,0.40669291990197054,-3.9073338814193397,17.347417866026845,42.665164724598625,5.2990446366197726e-05,0.00034145858685906156,327368.78165066097,55.150372621153714,50803.87061165653,47.058968012848545,51.90692139268549,51.91014208972716,,,,,,0.4031798336348179,-3.9450119868591553,17.203521620130786,42.665164724598625,5.2990446366197726e-05,0.00034145858685906156,324653.2686523057,55.11419779765416,50382.45421905764,47.02279318934899,52.05222598036197,52.04637077826966,3.156655539293439,1.7339209666416129,5.178658805941676,,,0.4030713168786134,-3.9461810575307004,17.211122558976918,42.665164724598625,5.2990446366197726e-05,0.00034145858685906156,324796.7084488608,55.11611619369199,50404.71442611833,47.02471158538682,52.190324886058136,52.19118084752216,1.0079283807149853,1.7339209666416129,0.17402185084693986,0.17517709063640538,0.03642405752183573,0.448198433547527,-3.485296656564998,19.134454870868613,42.665164724598625,5.2990446366197726e-05,0.00034145858685906156,361092.53993894195,55.576185161287945,56037.41012015152,47.48478055298278,50.07306715423406,50.06832614238342,0.2931898827454153,0.42856076271162025,0.17402185084693986,0.17517709063640538,0.03642405752183573,0.42601335409736707,-3.7057678700080894,18.186034479402224,42.665164724598625,5.2990446366197726e-05,0.00034145858685906156,343194.58933644654,55.35540432323964,53259.85398899511,47.26399971493447,51.108633630989104,51.105975383416606,0.3458693086201439,0.541480954298575,0.039378376805569194,0.08083737231591331,0.013393908141570543,0.4699606086429392,-3.2793854241735882,20.062322897325707,42.665164724598625,5.2990446366197726e-05,0.00034145858685906156,378602.6401567234,55.78183638157885,58754.776331357905,47.69043177327368,49.13338484118312,49.13929874150032,0.27712544401798267,0.42856076271162025,0.039378376805569194,0.08083737231591331,0.013393908141570543
167,5,8.35,17,0.40542325117275546,-3.9209134798030147,17.31421192985733,42.707538192010325,5.3022558120080616e-05,0.0003414570490373689,326544.2585898193,55.13942052253321,50706.8516484557,47.050666463564,51.919870400067815,51.918219637190965,,,,,,0.41110510220924085,-3.86047133174483,17.556240230235858,42.707538192010325,5.3022558120080616e-05,0.0003414570490373689,331108.88747532887,55.199708380450055,51415.66202756736,47.110954321480854,51.7295951221361,51.72871381155388,3.169051161006024,1.7331995693550497,5.212434742925001,,,0.4102563514276989,-3.8694468664622916,17.51694238259288,42.707538192010325,5.3022558120080616e-05,0.0003414570490373689,330367.7341052108,55.18997624652175,51300.57332826019,47.10122218755254,51.806077233768676,51.813782186869545,1.0009064454570653,1.7331995693550497,0.17333780981764074,0.17454643375102746,0.036059638304587985,0.45246819532738564,-3.444119426007841,19.332511908318274,42.707538192010325,5.3022558120080616e-05,0.0003414570490373689,364609.18887647364,55.61827609541284,56617.69749027068,47.52952203644364,49.89297614714063,49.88218304096624,0.29314272994244855,0.42893429480376366,0.17333780981764074,0.17454643375102746,0.036059638304587985,0.4259925357964178,-3.7059801050016237,18.20646408456768,42.707538192010325,5.3022558120080616e-05,0.0003414570490373689,343372.0425811096,55.35764931922653,53319.924529000346,47.268895260257324,51.21719996096895,51.24185102593024,0.3461550362660214,0.5419485837877089,0.03958612865100899,0.08133010894192345,0.013417273700197612,0.470798123038852,-3.2716527725488636,20.118899014815675,42.707538192010325,5.3022558120080616e-05,0.0003414570490373689,379440.36893226166,55.791435339112816,58920.73123555247,47.70268128014361,49.1259924028799,49.124795966577004,0.27708609147080476,0.42893429480376366,0.03958612865100899,0.08133010894192345,0.013417273700197612
168,5,8.4,18,0.40961615341630137,-3.876229250760854,17.498654998203474,42.74970758643697,5.3054514145556435e-05,0.0003414698280817972,329824.0551255537,55.182823269522636,51245.098568450296,47.09652332821016,51.821493633557246,51.828558876918144,,,,,,0.4021348156444143,-3.956283253360315,17.188350550012984,42.74970758643697,5.3054514145556435e-05,0.0003414698280817972,323975.2700940074,55.10511860602881,50336.36689533697,47.018818664716335,52.11112718888337,52.10176491007404,3.160132087738565,1.7373616723870478,5.201758085646214,,,0.40860318978969146,-3.8869824733975777,17.475886368655996,42.74970758643697,5.3054514145556435e-05,0.0003414698280817972,329394.8997574542,55.177168704125386,51178.42026285773,47.09086876281292,51.70717910520317,51.704587141530965,1.0031959976331633,1.7373616723870478,0.17287789088248365,0.17405251214913992,0.03574944194343076,0.4503395011364929,-3.4645995760466137,19.265595259749194,42.74970758643697,5.3054514145556435e-05,0.0003414698280817972,363128.294924981,55.600600904194195,56419.61214545206,47.51430096288172,50.04906785909272,50.042653631374336,0.2928772265554587,0.4294397332803498,0.17287789088248365,0.17405251214913992,0.03574944194343076,0.42727383837577115,-3.6929369786118267,18.27776633618351,42.74970758643697,5.3054514145556435e-05,0.0003414698280817972,344509.16440470994,55.372007792115916,53526.738918219075,47.28570785080344,51.15351696976008,51.158403373852664,0.3455552555586888,0.5422263762127955,0.03988055937398971,0.08076336495775799,0.013313920939132279,0.47064111637798656,-3.273101344569514,20.133213641577168,42.74970758643697,5.3054514145556435e-05,0.0003414698280817972,379481.63254009216,55.79190760259094,58960.4468268112,47.705607661278464,49.12236584437928,49.13571572295225,0.2770259346650082,0.4294397332803498,0.03988055937398971,0.08076336495775799,0.013313920939132279
169,5,8.450000000000001,19,0.4123864752957803,-3.8469558635827976,17.64828077952561,42.79170283342274,5.308583158518915e-05,0.00034145752616218477,332448.04220886406,55.21723779728707,51685.14215481977,47.1336571509478,51.640061790102365,51.639200994507895,,,,,,0.4063085271157047,-3.911440631266112,17.377254885930117,42.79170283342274,5.308583158518915e-05,0.00034145752616218477,327342.6141595631,55.15002546370181,50891.40977866836,47.06644481736254,52.00760808028407,52.01847894352507,3.133736707363044,1.7346333102215385,5.179188415183984,,,0.40650498222462367,-3.909341272177559,17.396389806070015,42.79170283342274,5.308583158518915e-05,0.00034145752616218477,327703.066648834,55.1548050553384,50947.44872545909,47.07122440899913,51.90537906782396,51.900874200920285,1.004417370177443,1.7346333102215385,0.1726085324373718,0.1736721171694848,0.035484872732847436,0.44791346557332734,-3.4880588121173863,19.173841231743374,42.79170283342274,5.308583158518915e-05,0.00034145752616218477,361185.6621474277,55.577305019575114,56152.931953932755,47.493724373235835,50.17815264633891,50.17638777856296,0.2932410578791228,0.4282664930871955,0.1726085324373718,0.1736721171694848,0.035484872732847436,0.4273701127102404,-3.6919585264193637,18.29593838976586,42.79170283342274,5.308583158518915e-05,0.00034145752616218477,344648.2393405775,55.373760642124054,53581.88643666238,47.29017999578478,51.166182787271914,51.180394856132864,0.34551978893033775,0.5409988966478346,0.03963291248374732,0.08001728667543087,0.013142962476597533,0.46704099655839776,-3.306449956702282,19.994389396537507,42.79170283342274,5.308583158518915e-05,0.00034145752616218477,376642.67092532286,55.75929520931864,58556.00730569522,47.675714562979365,49.37325919942956,49.36486761863086,0.27736662473846607,0.4282664930871955,0.03963291248374732,0.08001728667543087,0.013142962476597533
170,5,8.5,20,0.405488153574446,-3.920218292762565,17.369874950000387,42.833395511182246,5.3116545838451374e-05,0.0003415539902891646,327014.3921411816,55.1456686669684,50855.42972370136,47.06337328412209,51.944514962860104,51.94219400016645,,,,,,0.40799516136772224,-3.893449874095291,17.466299885165796,42.833395511182246,5.3116545838451374e-05,0.0003415539902891646,328829.73863337777,55.16971087275376,51137.74214840404,47.08741548990746,51.66627380276784,51.67596550641705,3.183632912002534,1.7329314301870091,5.210566806444872,,,0.40860568994744373,-3.886955899904738,17.49443689521444,42.833395511182246,5.3116545838451374e-05,0.0003415539902891646,329359.4607680629,55.17670142956984,51220.12154038486,47.09440604672353,51.84417562662137,51.836103639723504,1.0004504435719777,1.7329314301870091,0.1721467944511502,0.17314312560866127,0.0351737646394488,0.44845785598653587,-3.482783637067959,19.21475421585712,42.833395511182246,5.3116545838451374e-05,0.0003415539902891646,361747.05852102773,55.58405008420571,56256.85766279477,47.5017547013594,50.157522659807896,50.159845847236035,0.293175008250244,0.4276609366699885,0.1721467944511502,0.17314312560866127,0.0351737646394488,0.42603773811177986,-3.7055192970526445,18.259829426288604,42.833395511182246,5.3116545838451374e-05,0.0003415539902891646,343769.14270412154,55.36266891098086,53461.03382024483,47.280373528134554,51.19866935732868,51.203875872658315,0.3458113082482249,0.540840509509453,0.03985195338680043,0.07934953773833259,0.013016985347564444,0.4671434431895987,-3.305497425169847,20.016491452130897,42.833395511182246,5.3116545838451374e-05,0.0003415539902891646,376840.98497310124,55.76158130266514,58604.17978189814,47.679285919818845,49.391246000340495,49.38976752395794,0.27711488277610097,0.4276609366699885,0.03985195338680043,0.07934953773833259,0.013016985347564444
171,5,8.55,21,0.40990123829885866,-3.873207696914296,17.573113159798773,42.87558573066627,5.3148450029612236e-05,0.00034172996907023934,330642.0629389516,55.19358101928286,51423.97433743011,47.111656383534104,51.731222307749704,51.72853293659135,,,,,,0.4112922454559034,-3.8584947864414025,17.63622369226792,42.87558573066627,5.3148450029612236e-05,0.00034172996907023934,331829.50175295246,55.20914994946156,51608.65387443663,47.127225313712806,51.81088469215179,51.82465711877727,3.145560414596792,1.7295072006044794,5.18908193078969,,,0.4038808639833434,-3.9374672336706946,17.319275415391036,42.87558573066627,5.3148450029612236e-05,0.00034172996907023934,325866.0488827316,55.13039114834683,50681.17222060564,47.048466512598075,52.08915688458701,52.084798269176034,0.9971148009125013,1.7295072006044794,0.17178485472159066,0.17266552465293278,0.034886157060809116,0.45194035758416184,-3.449188751027204,19.381961437273922,42.87558573066627,5.3148450029612236e-05,0.00034172996907023934,364675.94871487416,55.61907121457863,56717.18371674375,47.537146578829876,50.0288733637836,50.026726967760325,0.29272422335464404,0.42650015141055686,0.17178485472159066,0.17266552465293278,0.034886157060809116,0.4318865319410413,-3.6463033889041934,18.52156176255393,42.87558573066627,5.3148450029612236e-05,0.00034172996907023934,348487.3359850464,55.421870004778015,54199.40724820362,47.33994536902926,50.89023150643147,50.887615186597706,0.3448091483314778,0.5394903105218665,0.039737260521401724,0.07844373258234645,0.012811369020531607,0.4685817125182753,-3.2921466475181607,20.09934138069311,42.87558573066627,5.3148450029612236e-05,0.00034172996907023934,378173.6131438367,55.77691222907188,58816.443390605535,47.694987593323134,49.31460121018638,49.305519487966585,0.27634726173144314,0.42650015141055686,0.039737260521401724,0.07844373258234645,0.012811369020531607
172,5,8.6,22,0.4092701684750911,-3.879899097373585,17.560643685581685,42.91721691226518,5.3179565748465565e-05,0.00034187064723370313,330214.12338419433,55.187956442648996,51366.33936746611,47.10678616743281,51.7311504904431,51.73657850659043,,,,,,0.40638192242721666,-3.9106561953497847,17.44230867878702,42.91721691226518,5.3179565748465565e-05,0.00034187064723370313,327988.9264475669,55.15859181321741,51020.19965716284,47.077421538001225,51.87502655583893,51.86814703791068,3.1709722290752853,1.735494410206989,5.201499807792384,,,0.40730159899064944,-3.9008388495094666,17.487020961053744,42.91721691226518,5.3179565748465565e-05,0.00034187064723370313,328829.7058265902,55.16971043946547,51150.98679150304,47.08854016424928,52.004842287244955,52.00703836088339,1.00784122419838,1.735494410206989,0.17138742588777056,0.1721619466706325,0.03459227027534329,0.44786842807427635,-3.48849551523612,19.22236421491746,42.91721691226518,5.3179565748465565e-05,0.00034187064723370313,361461.47386455664,55.58062015103113,56227.00974903245,47.49944987581494,50.194289978428706,50.193774796713136,0.29383787260696426,0.42853962151893976,0.17138742588777056,0.1721619466706325,0.03459227027534329,0.42857356173652034,-3.6797462364904128,18.398545954460825,42.91721691226518,5.3179565748465565e-05,0.00034187064723370313,345970.2179871917,55.39038715207489,53817.273004674076,47.3092168768587,51.08015655162376,51.08003262430006,0.34604654537176627,0.5412452749177985,0.03931802729184148,0.07742630463938717,0.012589625192602288,0.46709497026140284,-3.3059480922576685,20.050251534086218,42.91721691226518,5.3179565748465565e-05,0.00034187064723370313,377029.2451977148,55.763750386285615,58648.648827636396,47.68258011106943,49.37526793409242,49.382353588410126,0.2777392170621339,0.42853962151893976,0.03931802729184148,0.07742630463938717,0.012589625192602288
173,5,8.65,23,0.40382298207234835,-3.938089684454183,17.357345267032418,42.95901902118382,5.3211013334941206e-05,0.00034200168717754065,326198.3596849612,55.13481772824548,50752.22116673897,47.05455053863066,52.08883541918085,52.08800866406352,,,,,,0.40446264736583554,-3.931215798414299,17.372575574712073,42.95901902118382,5.3211013334941206e-05,0.00034200168717754065,326484.5844103538,55.138626800565056,50796.75401043733,47.058359610950234,51.923411286704685,51.932406024765804,3.1664071678446395,1.73005148507252,5.184494976536098,,,0.4047774215693728,-3.9278372038097054,17.38888943720214,42.95901902118382,5.3211013334941206e-05,0.00034200168717754065,326791.17249179806,55.142703165571945,50844.45512742509,47.06243597595712,52.03820149569559,52.03156599053318,1.015179760355556,1.73005148507252,0.1707679395725257,0.17164591808782972,0.03427698112202734,0.44806941663712757,-3.4865469821821478,19.250781934834148,42.95901902118382,5.3211013334941206e-05,0.00034200168717754065,361781.90807339974,55.584468449440614,56288.55838024167,47.50420125982579,50.17000445096859,50.16982359698552,0.292973675575511,0.42769981476519703,0.1707679395725257,0.17164591808782972,0.03427698112202734,0.4272391101038494,-3.6932899819664695,18.360474840619197,42.95901902118382,5.3211013334941206e-05,0.00034200168717754065,345050.27605934965,55.37882379201818,53685.33410505624,47.29855660240336,51.12943843580555,51.1391626244782,0.3452977047256031,0.5406846986369858,0.03910428849563683,0.07559039699900312,0.012247353611359398,0.46775547790948135,-3.299811177522077,20.09364679177253,42.95901902118382,5.3211013334941206e-05,0.00034200168717754065,377621.9532842079,55.770572343364336,58753.06334772985,47.690305153749506,49.33142648749508,49.33869783022283,0.27670065140947664,0.42769981476519703,0.03910428849563683,0.07559039699900312,0.012247353611359398
174,5,8.700000000000001,24,0.4058355594941738,-3.91649902557712,17.446902044198225,43.00083239411161,5.3242562793554425e-05,0.0003421193546238108,327687.1196423767,55.154593709576645,50996.536174875495,47.07540678622927,51.95488717776603,51.96691725522894,,,,,,0.4048615583380153,-3.9269345759623575,17.402479983895205,43.00083239411161,5.3242562793554425e-05,0.0003421193546238108,326852.7860195708,55.14352191146115,50866.692423849294,47.06433498811378,52.09122346610686,52.09976871981017,3.1290274158973452,1.7354756604760049,5.188489965667839,,,0.41124986392259616,-3.858942327445234,17.690852775704386,43.00083239411161,5.3242562793554425e-05,0.0003421193546238108,332268.9939682252,55.2148981652165,51709.593557362394,47.13571124186913,51.69859597888295,51.707103822697505,1.0023164828302586,1.7354756604760049,0.17076400894204952,0.171530235258699,0.03410655529026636,0.44957842145183163,-3.4719454189917194,19.333648948623004,43.00083239411161,5.3242562793554425e-05,0.0003421193546238108,363123.93570513,55.600548768447226,56511.41535059304,47.521361845099854,50.08195129374518,50.08085577741805,0.2925033961400675,0.4273456568220423,0.17076400894204952,0.171530235258699,0.03410655529026636,0.4284231328457938,-3.6812708733588,18.431102510392716,43.00083239411161,5.3242562793554425e-05,0.0003421193546238108,346172.33925907104,55.39292362825681,53873.311349658296,47.313736704909445,51.06766538423438,51.06247303547931,0.3442127020125074,0.5402123251243905,0.03915768527828452,0.07489648962499608,0.012092101636119793,0.4703001336090498,-3.276248978738124,20.226471398673407,43.00083239411161,5.3242562793554425e-05,0.0003421193546238108,379892.8965365663,55.79661172933994,59121.096556826276,47.71742480599257,49.19003775620211,49.1861091451129,0.2759041181547775,0.4273456568220423,0.03915768527828452,0.07489648962499608,0.012092101636119793
175,5,8.75,25,0.4054450825803254,-3.920679625317707,17.44923114031367,43.04229121303458,5.327348490018976e-05,0.00034225686606110335,327540.6362659695,55.15265188331698,50982.85197644055,47.074241262094844,51.90332311440295,51.90540280515762,,,,,,0.4080078780405943,-3.893314512323576,17.567953597227806,43.04229121303458,5.327348490018976e-05,0.00034225686606110335,329769.1831150552,55.18210068444918,51329.73313117227,47.10369006322704,51.83400070312784,51.82519401218216,3.161151559645605,1.735853270665612,5.18118199534,,,0.4001374635138906,-3.9779078519768385,17.222873890528266,43.04229121303458,5.327348490018976e-05,0.00034225686606110335,323291.66982028837,55.09594514392903,50321.485405798856,47.017534522706896,52.27190262276101,52.26971169703942,1.00653282580168,1.735853270665612,0.17043472890946604,0.17097343755339398,0.0338177076968864,0.45054367480218555,-3.462631030063144,19.389254518370894,43.04229121303458,5.327348490018976e-05,0.00034225686606110335,363956.9394549188,55.61050004354143,56651.17764185136,47.53208942231929,50.038588273218295,50.03709187167842,0.2925063932227144,0.4275074355218712,0.17043472890946604,0.17097343755339398,0.0338177076968864,0.42878979560521363,-3.677555585883267,18.456504618942613,43.04229121303458,5.327348490018976e-05,0.00034225686606110335,346448.2313015883,55.396383485012336,53925.885640662535,47.317972863790196,51.087437899742525,51.07901630709959,0.34434189933298326,0.5401129983575055,0.0389807991077422,0.07458299015554043,0.011967344803538444,0.4687907053359159,-3.2902100761568986,20.176568800093857,43.04229121303458,5.327348490018976e-05,0.00034225686606110335,378735.66630558437,55.78336205438585,58951.538452092645,47.70495143316371,49.273195665700705,49.26962469938316,0.2763074103870632,0.4275074355218712,0.0389807991077422,0.07458299015554043,0.011967344803538444
176,5,8.8,26,0.4086729608147472,-3.8862409572960828,17.609648201827127,43.083410381269005,5.330394127598733e-05,0.0003423269797102342,330362.96717068506,55.18991358094994,51441.017639722624,47.113095514975136,51.80463391831434,51.79382241915421,,,,,,0.40586889893523637,-3.9161422667804673,17.482415581558037,43.083410381269005,5.330394127598733e-05,0.0003423269797102342,327976.0401025659,55.158421180064366,51069.34778075683,47.08160311408956,51.92047979034535,51.94200678045316,3.1687044568769744,1.7362628649276797,5.205278257947056,,,0.4088351127440447,-3.8845181195327605,17.611906621414864,43.083410381269005,5.330394127598733e-05,0.0003423269797102342,330405.3358874005,55.19047052352164,51447.61489825494,47.113652457546834,51.83722688197114,51.83111566656773,1.0105998883495615,1.7362628649276797,0.1701830333185171,0.17051970494416668,0.03355968379904636,0.4489966742823296,-3.4775687580331764,19.343159172154476,43.083410381269005,5.330394127598733e-05,0.0003423269797102342,362884.2203619246,55.59768083773061,56504.92166444979,47.520862771755795,50.19373215059934,50.1946803022249,0.2925129478111831,0.4283614918214,0.1701830333185171,0.17051970494416668,0.03355968379904636,0.42719730558215563,-3.6937149515199996,18.409684272920085,43.083410381269005,5.330394127598733e-05,0.0003423269797102342,345371.9149509379,55.382870185882865,53778.069985903916,47.30605211990806,51.20133754212179,51.19188434045984,0.34473672502173447,0.5411536547076499,0.03851646742640906,0.07267047279423482,0.011605825684559212,0.46674719323849845,-3.3091828497973514,20.109692345274553,43.083410381269005,5.330394127598733e-05,0.0003423269797102342,377264.6424239868,55.76646104645194,58744.105890504405,47.68964298047714,49.46092628677315,49.4572255428844,0.2769561357347563,0.4283614918214,0.03851646742640906,0.07267047279423482,0.011605825684559212
177,5,8.85,27,0.4060939140824583,-3.9137351900592665,17.51566419335097,43.12430507655357,5.333418319548906e-05,0.0003423880079217885,328413.4703844573,55.16420962070002,51157.353026663426,47.089080652113545,52.01576155479673,52.00912935689246,,,,,,0.40925772836031493,-3.8800311068804785,17.651173306711765,43.12430507655357,5.333418319548906e-05,0.0003423880079217885,330954.22577325004,55.197679307280076,51553.12948560924,47.1225503386936,51.795097685195856,51.78477017722656,3.1645389009608236,1.72641987251259,5.172852710813771,,,0.4041334149510861,-3.9347523931506405,17.426311729402933,43.12430507655357,5.333418319548906e-05,0.0003423880079217885,326738.13838170544,55.141998302881525,50896.3845876974,47.06686933429505,52.118148163451316,52.11038764847488,0.9955655949639969,1.72641987251259,0.1698249585505635,0.1700394118634736,0.03328808590001912,0.449169361371483,-3.475898753872202,19.366250862117816,43.12430507655357,5.333418319548906e-05,0.0003423880079217885,363111.417514983,55.600399048914,56562.293112034575,47.52527008032751,50.23024892433231,50.227281968772324,0.2920062259830567,0.4289739458068114,0.1698249585505635,0.1700394118634736,0.03328808590001912,0.42722616185436013,-3.6934216047131976,18.424448026483155,43.12430507655357,5.333418319548906e-05,0.0003423880079217885,345452.89573388407,55.38388837477218,53811.60437923936,47.308759406185686,51.257071652571106,51.26104077088513,0.3456288378688601,0.5418511109135224,0.03805271375117278,0.07167403701090455,0.011377983162182675,0.4666387237492245,-3.310192243661159,20.122711882435844,43.12430507655357,5.333418319548906e-05,0.0003423880079217885,377294.8356343779,55.76680860671863,58771.660855109345,47.691679638132136,49.511380163909365,49.50463241179783,0.2772837663071592,0.4289739458068114,0.03805271375117278,0.07167403701090455,0.011377983162182675
178,5,8.9,28,0.4111740283596757,-3.859743251808225,17.751234087329223,43.16528860273281,5.336483716951794e-05,0.0003424461715287461,332639.15021310607,55.2197336250498,51836.567505147665,47.146362358616074,51.653019065657965,51.65059737648661,,,,,,0.40206707329576724,-3.9570149136233104,17.352643249603048,43.16528860273281,5.336483716951794e-05,0.0003424461715287461,325169.9840192691,55.121104496636086,50672.61570522889,47.047733230202354,52.13593930807434,52.14800303849171,3.1593922296773407,1.732091436131092,5.215304256334071,,,0.4094607163727663,-3.877877580816087,17.67752694291616,43.16528860273281,5.336483716951794e-05,0.0003424461715287461,331257.9571218777,55.20166319224466,51621.330336386156,47.128291925810935,51.72663982631112,51.73327167504591,1.0060894124432063,1.732091436131092,0.16929879882426688,0.1695282296566502,0.03299677402333033,0.4482019028065965,-3.485263040333297,19.348119381743206,43.16528860273281,5.336483716951794e-05,0.0003424461715287461,362563.073513787,55.59383569793023,56499.73920096536,47.52046443149651,50.20762141772322,50.19977093951717,0.29251668780490914,0.42897830465571196,0.16929879882426688,0.1695282296566502,0.03299677402333033,0.4275407066349393,-3.6902252929767676,18.44988972998039,43.16528860273281,5.336483716951794e-05,0.0003424461715287461,345731.21007326886,55.387385862267806,53876.75863805545,47.31401459583408,51.25129215315559,51.24794353017661,0.3458710535582704,0.5417426032646975,0.03787727392818865,0.07071585364250668,0.01117272914293933,0.4642716474239038,-3.3322783742648325,20.043467830001156,43.16528860273281,5.336483716951794e-05,0.0003424461715287461,375593.16008650744,55.747176747449394,58530.27277403403,47.67380548101567,49.54176631253147,49.533123432071065,0.2773140651597573,0.42897830465571196,0.03787727392818865,0.07071585364250668,0.01117272914293933
179,5,8.950000000000001,29,0.4061679427950593,-3.912943566983486,17.549138280792555,43.20602980787564,5.339462242826028e-05,0.0003424522064291981,328668.64644227334,55.16758276255114,51245.510910208824,47.09655827341174,52.009366323907805,52.00171169130416,,,,,,0.4048906151872999,-3.92662289469187,17.490716965745346,43.20602980787564,5.339462242826028e-05,0.0003424522064291981,327574.504141226,55.15310092289624,51074.913921927226,47.08207643375684,51.98461339174219,51.98118318780464,3.13836849923381,1.7350365971251662,5.175340248824219,,,0.4058358647102307,-3.9164957593872476,17.537171318713337,43.20602980787564,5.339462242826028e-05,0.0003424522064291981,328444.52345881565,55.16462024762323,51210.56599861372,47.09359575848383,51.97502622517736,51.98351058458924,1.0085699767515703,1.7350365971251662,0.16892175841576113,0.1691188344171599,0.032743069124613174,0.448732894069381,-3.480120936289397,19.38753153667597,43.20602980787564,5.339462242826028e-05,0.0003424522064291981,363098.953695657,55.600249974536325,56613.83157326608,47.52922548539693,50.13404883775713,50.127891733895616,0.29256635510396306,0.4294605045015379,0.16892175841576113,0.1691188344171599,0.032743069124613174,0.42709299833305503,-3.6947754824127044,18.453671196628736,43.20602980787564,5.339462242826028e-05,0.0003424522064291981,345609.1710625474,55.38585258369967,53886.851508559426,47.31482809456027,51.240016117092715,51.22842840343549,0.34542660070402476,0.541993958519203,0.0372819141783441,0.06881738183862375,0.010849521508048821,0.4664283895065292,-3.31215023791918,20.155104072722864,43.20602980787564,5.339462242826028e-05,0.0003424522064291981,377474.4188855867,55.76887525201576,58855.23204210958,47.69785076287636,49.40072107841065,49.39409511813441,0.2772353481642962,0.4294605045015379,0.0372819141783441,0.06881738183862375,0.010849521508048821
180,6,9.0,0,0.4052111265623166,-3.923186379951899,17.531797153509387,43.24639549692534,5.342412105202261e-05,0.0003424584524100745,328162.57541116147,55.16089051369206,51193.939089919324,47.09218547389639,52.111303179074504,52.104569462392625,,,,,,0.4072984202721018,-3.900872743442492,17.61129704389656,43.24639549692534,5.342412105202261e-05,0.0003424584524100745,329650.665225681,55.180539564745374,51426.083718932525,47.111834524949714,51.90252004868459,51.904140877058126,3.1783894670379853,1.7213655856566628,5.214179108171505,,,0.4091262669452663,-3.8814263679793597,17.69051244274675,43.24639549692534,5.342412105202261e-05,0.0003424584524100745,331133.4298887262,55.200030275757456,51657.397614947375,47.131325235961796,51.901112469985016,51.89686547481053,1.0023459894706273,1.7213655856566628,0.16813885632368578,0.16863430584280212,0.03243810346640338,0.4438255668923684,-3.5278768353606416,19.193589261096545,43.24639549692534,5.342412105202261e-05,0.0003424584524100745,359268.2272190585,55.55418810988165,56046.475495115876,47.48548307008599,50.36352159357485,50.367896504257914,0.2926972069930276,0.4286616471372072,0.16813885632368578,0.16863430584280212,0.03243810346640338,0.42494662159337426,-3.716656191340534,18.375675039826366,43.24639549692534,5.342412105202261e-05,0.0003424584524100745,343958.3970306737,55.365059163138106,53658.11505164002,47.296354123342454,51.30902232248165,51.329498062091524,0.3457071312420167,0.5412704934349868,0.036799289590215084,0.09185428037519376,0.013215410895736282,0.4633673745025015,-3.3407454795722242,20.04023394993863,43.24639549692534,5.342412105202261e-05,0.0003424584524100745,375115.8382264095,55.74165401418435,58518.730692450816,47.672948974388696,49.51563441055362,49.524603576540564,0.27717033493746,0.4286616471372072,0.036799289590215084,0.09185428037519376,0.013215410895736282
181,6,9.05,1,0.4058561291874868,-3.9162789098748956,17.56249301259735,43.28679101984447,5.345378264619785e-05,0.00034247049407225684,328554.7279009368,55.166077210669826,51281.76971909263,47.099630041467705,51.988298896094534,51.985802629243025,,,,,,0.40254897775647674,-3.951812718791584,17.417009502166596,43.28679101984447,5.345378264619785e-05,0.00034247049407225684,325833.0587649341,55.12995145383257,50856.963749092596,47.063504284630454,52.12092635305113,52.133554172937906,3.157594764584606,1.729922761017707,5.189642880992111,,,0.404803886623589,-3.9275532637805286,17.51943957679961,43.28679101984447,5.345378264619785e-05,0.00034247049407225684,327749.2949892436,55.15541766166514,51156.05542678732,47.08897049246303,51.844200624416786,51.85356081575268,1.0124593816608234,1.729922761017707,0.16772927425301704,0.16822249790734795,0.03218583046618505,0.4470428418521547,-3.4965085474632938,19.348592209992727,43.28679101984447,5.345378264619785e-05,0.00034247049407225684,361968.62508417794,55.58670928148266,56497.107181182226,47.52026211228055,50.17354075742536,50.1718512747408,0.29263752294369,0.4276261760574706,0.16772927425301704,0.16822249790734795,0.03218583046618505,0.42925264807149477,-3.6728701698407433,18.581114533831478,43.28679101984447,5.345378264619785e-05,0.00034247049407225684,347610.8446209867,55.410933169296364,54256.10338831439,47.34448600009425,51.00772276522669,51.008956486991536,0.3454745920276304,0.5400127622278036,0.03630811921526104,0.09083202794497047,0.01305305113712468,0.46543193612952327,-3.3214382042837673,20.150243868058514,43.28679101984447,5.345378264619785e-05,0.00034247049407225684,376965.72385587374,55.76301863158055,58837.89761989561,47.69657146237844,49.39698701604065,49.3990631222991,0.2771787746709054,0.4276261760574706,0.03630811921526104,0.09083202794497047,0.01305305113712468
182,6,9.1,2,0.4091430086570938,-3.8812486555005443,17.72512834145302,43.326717920972186,5.348266793952659e-05,0.0003424380456039175,331418.17759531003,55.203763248824636,51761.562621329955,47.140073787034794,51.70794875767949,51.72751634056501,,,,,,0.4007291178253552,-3.9714909966504512,17.356522013585796,43.326717920972186,5.348266793952659e-05,0.0003424380456039175,324526.1069102049,55.1124963990673,50685.14505441751,47.048806937277455,52.13059372510419,52.127742131870306,3.1827386683978953,1.729375243899126,5.189044710260891,,,0.404182992284592,-3.9342196522040673,17.51321117288154,43.326717920972186,5.348266793952659e-05,0.0003424380456039175,327455.82536540454,55.151527208345925,51142.714420050965,47.087837746556076,51.87523990536319,51.868058997787614,1.000452227512509,1.729375243899126,0.16747008256361112,0.16782437556545243,0.03195218441117064,0.4485552791369975,-3.4818402765938528,19.431307255767134,43.326717920972186,5.348266793952659e-05,0.0003424380456039175,363319.70719445625,55.60288955511162,56744.00816503445,47.53920009332177,50.002618777542324,50.00216478211864,0.29185753156684974,0.42656914464657225,0.16747008256361112,0.16782437556545243,0.03195218441117064,0.42694936548354834,-3.696236275394218,18.50058767889925,43.326717920972186,5.348266793952659e-05,0.0003424380456039175,345917.4418863707,55.38972460609418,54026.08710218502,47.326035144304335,51.14608589370393,51.13306374925444,0.34421666861640404,0.5381619568232425,0.03614638521257084,0.08943114801429783,0.012802769647380082,0.4672670035048242,-3.3043488600272535,20.246294516062598,43.326717920972186,5.348266793952659e-05,0.0003424380456039175,378558.0505997811,55.781324865363345,59123.963519756115,47.71763540357351,49.19824195271245,49.192213701503206,0.27658217989938005,0.42656914464657225,0.03614638521257084,0.08943114801429783,0.012802769647380082
183,6,9.15,3,0.4089919346547183,-3.882852562212336,17.742188329179825,43.36691505978944,5.351223144434257e-05,0.0003423535992176636,331553.88684609917,55.205541235643246,51824.16183070297,47.14532286834509,51.73006977100446,51.741940359168666,,,,,,0.4014362106299494,-3.9638345554687744,17.41002578855421,43.36691505978944,5.351223144434257e-05,0.0003423535992176636,325346.6603548792,55.12346353111087,50853.92947040455,47.063245163812724,52.227025688810954,52.21901952120063,3.1717761806044753,1.725899218992851,5.200351509618036,,,0.4035580349167673,-3.9409400138370616,17.496356494782965,43.36691505978944,5.351223144434257e-05,0.0003423535992176636,326959.9495767751,55.14494557727362,51106.09771524274,47.084727209975476,52.01770722386733,52.01107122075517,1.0069722047599385,1.725899218992851,0.16705009194404155,0.16736365464261413,0.03169438912817482,0.4456992713116774,-3.509580759555024,19.324085453425027,43.36691505978944,5.351223144434257e-05,0.0003423535992176636,361115.2989111242,55.57645888016786,56444.81465240576,47.516240512869715,50.20245778632939,50.19817588405863,0.29115324357993766,0.42700661764781983,0.16705009194404155,0.16736365464261413,0.03169438912817482,0.4245643067947772,-3.7205651985832136,18.41236086348126,43.36691505978944,5.351223144434257e-05,0.0003423535992176636,344077.61303379276,55.36656416729691,53781.70670779173,47.30634579999875,51.2205974544667,51.22565184971986,0.34391648602205405,0.538974771556446,0.03638537929595654,0.08885213921914051,0.01269219866747757,0.4636786015074101,-3.3378294607462577,20.106792148017668,43.36691505978944,5.351223144434257e-05,0.0003423535992176636,375741.9865574191,55.748897271671176,58731.06692602362,47.68867890437302,49.4281110000047,49.4226847396494,0.2761137630341396,0.42700661764781983,0.03638537929595654,0.08885213921914051,0.01269219866747757
184,6,9.200000000000001,4,0.4062401008824429,-3.9121720862109437,17.627014194412745,43.40739522206096,5.354203470995327e-05,0.0003422893683362485,329218.23553963564,55.17483882964592,51497.40490068864,47.11785344270167,51.9229339252523,51.92594984459072,,,,,,0.40677252895540084,-3.906483844757715,17.664024405615756,43.40739522206096,5.354203470995327e-05,0.0003422893683362485,329909.4720868364,55.183947848269156,51605.53040684417,47.126962461324894,51.801437628832545,51.78926004051366,3.1822542112445316,1.7310279476175388,5.19779269879921,,,0.41308633489612634,-3.839591714658418,17.941257815487923,43.40739522206096,5.354203470995327e-05,0.0003422893683362485,335087.33675660455,55.25158015777244,52415.46911811558,47.19459477082818,51.446399143584685,51.439849902036784,1.0088801209774831,1.7310279476175388,0.16676549263801602,0.16693621759957056,0.03145804577729046,0.44278581263212,-3.5380630286624317,19.219084122732504,43.40739522206096,5.354203470995327e-05,0.0003422893683362485,358953.18933704525,55.550378164386586,56148.64468665765,47.49339277744233,50.35977136241358,50.37117107418612,0.29196252136439305,0.42814786270674593,0.16676549263801602,0.16693621759957056,0.03145804577729046,0.42201320165385053,-3.7467396298206888,18.321445325517562,43.40739522206096,5.354203470995327e-05,0.0003422893683362485,342188.0663439126,55.34264859642956,53526.18871737629,47.285663209485314,51.41513176977334,51.41162927069064,0.3440395848959645,0.5402584778017296,0.03617251589784603,0.08801287467319002,0.012541541972998694,0.46122744961725104,-3.3608485388697833,20.021579343454334,43.40739522206096,5.354203470995327e-05,0.0003422893683362485,373941.32389467064,55.72803461270163,58493.13824958216,47.67104922575737,49.56888335895785,49.57901206992471,0.2769959727804668,0.42814786270674593,0.03617251589784603,0.08801287467319002,0.012541541972998694
185,6,9.25,5,0.4059805259294082,-3.9149479815738513,17.627773417811998,43.447542030724776,5.357130646503508e-05,0.000342160993737582,329052.5204815995,55.17265221764363,51518.94500087726,47.11966961009584,51.88913010184981,51.891725537764195,,,,,,0.40740314913019426,-3.899756183290301,17.697674088975486,43.447542030724776,5.357130646503508e-05,0.000342160993737582,330357.3359840758,55.18983955285486,51723.2367595606,47.13685694530709,51.93843738608517,51.94455238137524,3.1782674899875274,1.726828451716327,5.2009390088226075,,,0.40669378013499385,-3.9073246952731893,17.6721832017503,43.447542030724776,5.357130646503508e-05,0.000342160993737582,329881.5050046349,55.18357967259219,51648.73707171852,47.1305970650444,51.93298735050155,51.92681861864465,1.0061276626141002,1.726828451716327,0.1662578519496733,0.1664117189930852,0.031185238418617856,0.44108517784773216,-3.55477535935253,19.167919354768458,43.447542030724776,5.357130646503508e-05,0.000342160993737582,357801.9768339788,55.53642735688361,56020.17677523219,47.48344474933582,50.465420118854624,50.47379148503096,0.2938122278293601,0.4301286134764165,0.1662578519496733,0.1664117189930852,0.031185238418617856,0.4238930936623312,-3.7274365917788304,18.423149180225874,43.447542030724776,5.357130646503508e-05,0.000342160993737582,343899.56855448906,55.36431630970248,53843.51085429504,47.311333702154684,51.350474274061845,51.35745388737305,0.34597490440216594,0.5427124206394373,0.0355047539051262,0.0861662352248324,0.012210592859426174,0.4589315524350129,-3.382520826902822,19.942505772264756,43.447542030724776,5.357130646503508e-05,0.000342160993737582,372260.95625054114,55.70847488611267,58283.983672199414,47.65549227856488,49.70672258508911,49.705571947346876,0.2783419139950719,0.4301286134764165,0.0355047539051262,0.0861662352248324,0.012210592859426174
186,6,9.3,6,0.40972516347617266,-3.8750736281460214,17.825976317308353,43.487227768188994,5.360034352916605e-05,0.0003420829312271817,332572.05352813716,55.21885752073974,52110.10164511801,47.169219202953514,51.80100941922827,51.78791618459297,,,,,,0.4134412010498381,-3.835862463904184,17.96850003986205,43.487227768188994,5.360034352916605e-05,0.0003420829312271817,335231.0611607309,55.253442518011305,52526.73664658509,47.20380420022508,51.549847339093915,51.56097033028173,3.1290713561683745,1.7262930782357582,5.181564775054913,,,0.40348616278883587,-3.9417135444252134,17.5460455127592,43.487227768188994,5.360034352916605e-05,0.0003420829312271817,327349.4973630478,55.15011678410231,51291.78895250592,47.100478466316076,52.0773999730264,52.10478639691337,1.0036492696240882,1.7262930782357582,0.1658207268259851,0.16583533626914473,0.03091214239280851,0.4421946353257119,-3.543865305555257,19.22745742518337,43.487227768188994,5.360034352916605e-05,0.0003420829312271817,358718.92154424265,55.54754285250048,56207.00616720969,47.49790453471424,50.44199412408723,50.429482996982955,0.2937067126362148,0.4304598401646125,0.1658207268259851,0.16583533626914473,0.03091214239280851,0.42449860308175635,-3.7212373457169656,18.46026372919784,43.487227768188994,5.360034352916605e-05,0.0003420829312271817,344405.6980558881,55.37070328071277,53964.29357926117,47.32106496292653,51.32220595761781,51.317562893390956,0.3456983139673716,0.5426661280512786,0.03546572071362193,0.08554645407029647,0.012081536897210775,0.4612170451604591,-3.360946508952487,20.05263499344526,43.487227768188994,5.360034352916605e-05,0.0003420829312271817,374113.92676119384,55.73003875541051,58619.221138888235,47.68040043762427,49.66963017734753,49.66429472349874,0.27819900404074155,0.4304598401646125,0.03546572071362193,0.08554645407029647,0.012081536897210775
187,6,9.35,7,0.40396222920752056,-3.936592398735636,17.590650518714735,43.52727684771865,5.362986748502644e-05,0.000341994730215094,328001.00659629784,55.158751765121266,51435.443194259984,47.11262486291599,51.8886146923568,51.87833342513917,,,,,,0.40976648773656804,-3.874635627386719,17.829565664298308,43.52727684771865,5.362986748502644e-05,0.000341994730215094,332455.89632076485,55.217340398497896,52134.036255718296,47.17121349629262,51.885780383127596,51.87529659182625,3.1724020122310135,1.727075508666387,5.198216547741044,,,0.4081138921440647,-3.8921862164716066,17.77080379037863,43.52727684771865,5.362986748502644e-05,0.000341994730215094,331360.203255029,55.20300347943965,51962.21526338101,47.156876577234364,51.89595014668724,51.88851193047735,1.0042920722140696,1.727075508666387,0.16510776683482195,0.1653321607015766,0.03062911669001822,0.4414876552579451,-3.550814355253914,19.226627290119776,43.52727684771865,5.362986748502644e-05,0.000341994730215094,358505.96303427167,55.54496383689571,56219.07471506181,47.49883693469044,50.47748596234334,50.47276947779991,0.2934107698831662,0.42973596185578183,0.16510776683482195,0.1653321607015766,0.03062911669001822,0.42183579340791094,-3.7485657248647493,18.360648974053813,43.52727684771865,5.362986748502644e-05,0.000341994730215094,342358.648922266,55.344813038165064,53686.93535864157,47.29868613595979,51.56257277363305,51.5656532673673,0.34521428897933637,0.5419650703518679,0.03537073799684299,0.08501559263327534,0.011958287250122051,0.4596920789167405,-3.3753297963535194,20.018555609988034,43.52727684771865,5.362986748502644e-05,0.000341994730215094,373272.5167664689,55.720260149569484,58534.690278407434,47.67413324736421,49.742453085799255,49.74170803696441,0.27775431056633704,0.42973596185578183,0.03537073799684299,0.08501559263327534,0.011958287250122051
188,6,9.4,8,0.41210894347587024,-3.849879604327684,17.956456866212978,43.56685597691313,5.365887001273691e-05,0.0003418787292957604,334640.98036262573,55.245791238814874,52522.884074132584,47.20348565534191,51.648026003855946,51.66104916359116,,,,,,0.404723804853594,-3.928412507294728,17.632016528695893,43.56685597691313,5.365887001273691e-05,0.0003418787292957604,328594.62982561154,55.166604615452954,51573.89161067806,47.12429903197999,52.09761152948564,52.09223915633945,3.1508932214026832,1.73504176597864,5.196298767322562,,,0.40572570120697315,-3.91767480491811,17.681951646027905,43.56685597691313,5.365887001273691e-05,0.0003418787292957604,329525.2330477845,55.17888675846062,51719.95251781573,47.136581174987654,52.10512813942322,52.11390014389756,1.0076782282793784,1.73504176597864,0.16449361207631796,0.16483607091009578,0.03035838109862629,0.44455029679757374,-3.5207909546790894,19.3788168950395,43.56685597691313,5.365887001273691e-05,0.0003418787292957604,361148.43436769326,55.576857364690625,56683.306782373176,47.53455178121766,50.268501423134936,50.25491601437893,0.2924384635626468,0.42906240872546597,0.16449361207631796,0.16483607091009578,0.03035838109862629,0.42407017214626724,-3.7256227346777973,18.475421696398453,43.56685597691313,5.365887001273691e-05,0.0003418787292957604,344312.53755461075,55.369528370864565,54040.863362444834,47.32722278739159,51.34885869476666,51.33774960675421,0.3445992702123079,0.5414877827101485,0.03560516270505827,0.08504216213229009,0.01194469691362996,0.4617510412947852,-3.3559211650911926,20.13004712632337,43.56685597691313,5.365887001273691e-05,0.0003418787292957604,375148.547137596,55.742032688686926,58880.6655734022,47.699727105213945,49.586570487826044,49.587085801661864,0.2769970977782673,0.42906240872546597,0.03560516270505827,0.08504216213229009,0.01194469691362996
189,6,9.450000000000001,9,0.40379453446603597,-3.938395637165632,17.5998003627239,43.606637311438746,5.368794172970006e-05,0.0003417730548466426,327816.6343446861,55.15630987125925,51495.57612322928,47.11769921317042,52.07874801758463,52.070332092162026,,,,,,0.40428229509982094,-3.9331527748605066,17.63084516983424,43.606637311438746,5.368794172970006e-05,0.0003417730548466426,328394.8797776483,55.16396377126913,51586.41068923763,47.12535311318029,52.04481238566537,52.04722453771863,3.14964679793169,1.734732426562862,5.206739736812222,,,0.4083098024887617,-3.8901019363645477,17.810576140334827,43.606637311438746,5.368794172970006e-05,0.0003417730548466426,331742.5769459523,55.2080121389524,52112.28880616886,47.16940148086355,51.89937412537771,51.88798334312315,1.0125853046792277,1.734732426562862,0.16395421497756968,0.1643828990450719,0.03010547832559597,0.4454044012854023,-3.512454957785872,19.429660121333647,43.606637311438746,5.368794172970006e-05,0.0003417730548466426,361899.8884173129,55.58588449204489,56849.5960866545,47.54727383395604,50.28070894995908,50.272977449334334,0.29324802448743836,0.4297121395051925,0.16395421497756968,0.1643828990450719,0.03010547832559597,0.4205620229414542,-3.7616994698878035,18.345259487896005,43.606637311438746,5.368794172970006e-05,0.0003417730548466426,341701.6726075651,55.33647104647338,53676.7285417738,47.297860388384535,51.61022095365405,51.59679169022062,0.3456469034124229,0.5425835108430268,0.035707223418375775,0.08390751735034145,0.011745220937191386,0.46110270816813487,-3.362023270561874,20.118214024197453,43.606637311438746,5.368794172970006e-05,0.0003417730548466426,374725.0011089193,55.73712669558776,58864.248479812784,47.69851603749891,49.6475387791397,49.64728875354086,0.2777387768466126,0.4297121395051925,0.035707223418375775,0.08390751735034145,0.011745220937191386
190,6,9.5,10,0.40664872928186685,-3.907805804688019,17.750382913096825,43.64638242257173,5.371734559540359e-05,0.0003417234672632017,330440.43253350304,55.190931819650885,51943.70481856651,47.15532921898583,51.87978581024943,51.87695705573682,,,,,,0.41170546106104566,-3.8541337227152623,17.966407657475273,43.64638242257173,5.371734559540359e-05,0.0003417234672632017,334461.9407071484,55.2434670541843,52575.86726883236,47.207864453519235,51.655039058460204,51.660920249553975,3.163841745506363,1.7318525368204178,5.199645612276309,,,0.40508175131524016,-3.924573210761144,17.67800162573284,43.64638242257173,5.371734559540359e-05,0.0003417234672632017,329092.98532512534,55.173186253297494,51731.89236113222,47.13758365263244,52.11025518844703,52.11164904502599,1.0026110400526782,1.7318525368204178,0.16341469909371162,0.1639453765377503,0.029857331501339242,0.44242932168234184,-3.541560981978079,19.320996032514635,43.64638242257173,5.371734559540359e-05,0.0003417234672632017,359678.90479993983,55.559149671550756,56539.857175314355,47.5235470708857,50.38740529472785,50.379491121563795,0.2934806741602026,0.42961917171402836,0.16341469909371162,0.1639453765377503,0.029857331501339242,0.4214450119060601,-3.7525908197314335,18.40459291697967,43.64638242257173,5.371734559540359e-05,0.0003417234672632017,342619.1803221656,55.348116717494946,53858.14753776952,47.312514116829895,51.48399359892765,51.47518736357174,0.34641370303355634,0.5430630382796139,0.03622821476149425,0.08388334281526556,0.011732839709106413,0.45872385124174586,-3.384486782386755,20.03239249209973,43.64638242257173,5.371734559540359e-05,0.0003417234672632017,372922.23340636987,55.71618276517265,58621.647066077596,47.68058016450759,49.747105450037346,49.74688975908937,0.27811516638316147,0.42961917171402836,0.03622821476149425,0.08388334281526556,0.011732839709106413
191,6,9.55,11,0.4093817989469815,-3.8787146991143984,17.880919545786448,43.68549056713,5.37457707919285e-05,0.00034174212965679737,332694.4479968606,55.220455534253425,52322.842266312866,47.18691327576309,51.79811438558072,51.79474725486763,,,,,,0.40969991155623225,-3.8753412979995616,17.8994000896699,43.68549056713,5.37457707919285e-05,0.00034174212965679737,333038.2991243288,55.22494179878467,52376.91971910457,47.191399540294334,51.80911272604717,51.800767506010786,3.1606646660274267,1.732003073004778,5.197279783226462,,,0.40508173592469143,-3.9245733757656276,17.700730910183175,43.68549056713,5.37457707919285e-05,0.00034174212965679737,329341.83749470866,55.17646904228313,51795.57734938784,47.142926783792795,52.02344729055837,52.027104753925684,1.00146485294237,1.732003073004778,0.1629004906095242,0.16345350764917255,0.02960440518299905,0.4442737791035626,-3.5234931792427133,19.421055519928096,43.68549056713,5.37457707919285e-05,0.00034174212965679737,361350.3952732358,55.57928534119449,56829.56192563133,47.54574308270416,50.31029445082369,50.29754983873539,0.2933665232654953,0.42961276061466885,0.1629004906095242,0.16345350764917255,0.02960440518299905,0.42547096231223874,-3.711300744463473,18.592608328778546,43.68549056713,5.37457707919285e-05,0.00034174212965679737,345936.21144178975,55.389960248829,54405.37386318337,47.35641799033867,51.33144827690794,51.340827069320525,0.346101732749993,0.5428736570020811,0.035636473788301135,0.08208135538498211,0.011449135019901817,0.45984855831023247,-3.373851707511551,20.09847259700569,43.68549056713,5.37457707919285e-05,0.00034174212965679737,373954.49541164754,55.72818758366347,58811.808240295264,47.69464532517315,49.687269505192255,49.685813380792695,0.27789910103349375,0.42961276061466885,0.035636473788301135,0.08208135538498211,0.011449135019901817
192,6,9.600000000000001,12,0.4092481987368578,-3.880132234135522,17.897958444322967,43.72440201067575,5.3774122486697424e-05,0.00034181286318396787,332835.8998094398,55.22230163316644,52361.86338221586,47.19015093230408,51.85213644926805,51.880905877683475,,,,,,0.406987172871477,-3.904192783397007,17.79614255150621,43.72440201067575,5.3774122486697424e-05,0.00034181286318396787,330942.5003803381,55.19752543815702,52063.993103524925,47.16537473729466,51.933530465383555,51.943995212726975,3.173413859404524,1.732936004010617,5.196696528827521,,,0.40296772499971023,-3.947297365284739,17.615504944155504,43.72440201067575,5.3774122486697424e-05,0.00034181286318396787,327583.3082820311,55.15321764560632,51535.52379529562,47.121066944743966,52.06794061078473,52.07177765092486,0.9996203207253117,1.732936004010617,0.1626864930581049,0.1631928505610068,0.02942280141443494,0.44524229256874986,-3.514035897172362,19.480119789573543,43.72440201067575,5.3774122486697424e-05,0.00034181286318396787,362258.2552489352,55.59018291087887,56990.59891461459,47.55803221001652,50.24335694814813,50.236145202516624,0.2926343606042442,0.4294713096086843,0.1626864930581049,0.1631928505610068,0.02942280141443494,0.4232235593113898,-3.7343016471070474,18.514174588957268,43.72440201067575,5.3774122486697424e-05,0.00034181286318396787,344295.2433772821,55.36931022735842,54164.65143089923,47.337159526496066,51.344931243935605,51.33666376998262,0.3458164237961986,0.5433651981296543,0.03563463466812,0.08128343884303821,0.01129063434740348,0.45971516274874913,-3.3751117171300744,20.115162675970748,43.72440201067575,5.3774122486697424e-05,0.00034181286318396787,374067.70665475406,55.72950217080836,58848.46605420031,47.69735146994599,49.67625491135196,49.67876722618247,0.27770792713335013,0.4294713096086843,0.03563463466812,0.08128343884303821,0.01129063434740348
193,6,9.65,13,0.40483117597085655,-3.9272604994602793,17.718060794227263,43.763892631377665,5.380338985194892e-05,0.0003418907558716611,329311.2356485743,55.176065484979176,51823.7492237967,47.145288291111314,52.04147998738456,52.03029327342823,,,,,,0.40835147333124955,-3.8896587313908264,17.859426358316828,43.763892631377665,5.380338985194892e-05,0.0003418907558716611,331938.6828127504,55.21057866307962,52237.2309037244,47.17980146921175,51.84777337638517,51.84451132475781,3.1814095036246406,1.7332007967255483,5.220234461583938,,,0.3995801418694073,-3.9839610325595576,17.486172770380442,43.763892631377665,5.380338985194892e-05,0.0003418907558716611,325001.3208925541,55.118851260717406,51145.49741422199,47.08807406684954,52.270168480027415,52.26290466772404,1.0007310782461987,1.7332007967255483,0.16215516183501194,0.16268002790276975,0.029168713360766606,0.44861594545878064,-3.4812529405735786,19.647987303790245,43.763892631377665,5.380338985194892e-05,0.0003418907558716611,365181.21549321926,55.6250842982213,57468.61231651933,47.59430710435343,50.11185024451804,50.10845706194668,0.2920139758169814,0.4294618936879392,0.16215516183501194,0.16268002790276975,0.029168713360766606,0.4264716596152491,-3.701098237735001,18.678676207980633,43.763892631377665,5.380338985194892e-05,0.0003418907558716611,347165.41577359434,55.4053645473375,54633.46372252379,47.37458735346962,51.258869614470186,51.253499253677305,0.34532826669612365,0.5437904276591539,0.03552708790384052,0.08033102839532441,0.011119957383668434,0.4635642449611229,-3.3389006885796775,20.297637461860088,43.763892631377665,5.380338985194892e-05,0.0003418907558716611,377255.7364454769,55.76635852258562,59368.7811479741,47.73558132871776,49.50126314776899,49.5004788180712,0.27685946280948787,0.4294618936879392,0.03552708790384052,0.08033102839532441,0.011119957383668434
194,6,9.700000000000001,14,0.41314466372887726,-3.8389785231833025,18.094610518359918,43.80238268503291,5.3830990970652716e-05,0.0003419360779569722,336137.42181013606,55.265168646889,52918.108631511146,47.23604313490199,51.662082040607935,51.666930788689896,,,,,,0.40001942446153144,-3.9791891934295194,17.511242924087124,43.80238268503291,5.3830990970652716e-05,0.0003419360779569722,325300.40053756034,55.12284598022539,51212.03655582277,47.09372046823839,52.2540837089932,52.258844723296406,3.187325589666058,1.7436318014537864,5.206000524122628,,,0.40781305580963345,-3.895388747439546,17.86223568082227,43.80238268503291,5.3830990970652716e-05,0.0003419360779569722,331820.6735328411,55.20903440523593,52238.52302321248,47.17990889324892,51.859355701661,51.84459659803078,1.007791163189726,1.7436318014537864,0.1618934696456456,0.1622730777986619,0.028960517715346013,0.451342153358585,-3.4549410340406084,19.77887722698309,43.80238268503291,5.3830990970652716e-05,0.0003419360779569722,367425.4712822588,55.65169259900907,57843.78573082886,47.62256708702206,49.97844168955251,49.973371734470035,0.2920520794285727,0.42873310643251006,0.1618934696456456,0.1622730777986619,0.028960517715346013,0.4307390801057733,-3.6578572376947376,18.875141779884416,43.80238268503291,5.3830990970652716e-05,0.0003419360779569722,350637.08543234254,55.448578477157426,55200.790430366884,47.419452965170414,51.02308599984852,51.025267166456985,0.3452103131621842,0.5425151049707012,0.03554369195637649,0.07993776518190529,0.011021204122095202,0.4675179421134802,-3.302017173874958,20.486542427422567,43.80238268503291,5.3830990970652716e-05,0.0003419360779569722,380571.5268847885,55.804362926756774,59913.3690420363,47.77523741476976,49.27942537145939,49.27304890594865,0.27697996462254004,0.42873310643251006,0.03554369195637649,0.07993776518190529,0.011021204122095202
195,6,9.75,15,0.4013277249197582,-3.965008368678406,17.603294674806,43.84123368466611,5.3859182197213345e-05,0.00034197331909405383,326839.2492546385,55.14334204259334,51475.63769430948,47.116017354824784,52.18108200998565,52.179359109147434,,,,,,0.41050623883561893,-3.8668023812726053,18.002530347624436,43.84123368466611,5.3859182197213345e-05,0.00034197331909405383,334251.8325232922,55.24073796943961,52643.0845403853,47.21341328167106,51.81936677088315,51.8237375064323,3.1827286013907203,1.732023280508741,5.1931674742251275,,,0.4025747063793436,-3.951535151526777,17.65719591981307,43.84123368466611,5.3859182197213345e-05,0.00034197331909405383,327840.03023214574,55.156619811060864,51633.25597034886,47.129295123292316,52.06758100245887,52.064701192225,1.0032186603520485,1.732023280508741,0.1615929037940104,0.161833875689632,0.02874458824475305,0.4518201075430134,-3.450344453929527,19.816310497835147,43.84123368466611,5.3859182197213345e-05,0.00034197331909405383,367928.1728652099,55.657630437469976,57946.94904951054,47.63030574970142,49.99020768686842,49.98373472037716,0.29237829799786225,0.4282465637641182,0.1615929037940104,0.161833875689632,0.02874458824475305,0.43090277416950695,-3.6562070989717315,18.900394406478362,43.84123368466611,5.3859182197213345e-05,0.00034197331909405383,350922.41722631024,55.45211112207192,55268.62287545929,47.42478643430337,51.08754526268298,51.102779138073245,0.3451419042064163,0.5420021469782075,0.03582297904905349,0.08025144747255472,0.011024494868183944,0.4696186462294776,-3.282546677361586,20.59853382068743,43.84123368466611,5.3859182197213345e-05,0.00034197331909405383,382451.66339999106,55.825765541427835,60234.330196450675,47.79844085365929,49.18889766207137,49.183832404129845,0.27689630534164633,0.4282465637641182,0.03582297904905349,0.08025144747255472,0.011024494868183944
196,6,9.8,16,0.4080878961158193,-3.8924628620703934,17.909127024873,43.87979239375221,5.388683567710983e-05,0.0003420234435543209,332346.9786235839,55.2159173494386,52362.27914309224,47.190185415786125,51.810497065767024,51.811852320858364,,,,,,0.40191342461412355,-3.9586748736739685,17.62784002787305,43.87979239375221,5.388683567710983e-05,0.0003420234435543209,327127.0210316142,55.14716418781805,51539.8589192713,47.121432254165576,52.244651943612155,52.25197186642961,3.1445660098050388,1.7379808688609308,5.195258011817392,,,0.4041184030909478,-3.9349137183187723,17.73156445369487,43.87979239375221,5.388683567710983e-05,0.0003420234435543209,329051.87752983836,55.17264373174374,51843.12592560254,47.14691179809127,52.04066277193849,52.032469236419935,1.0046872129408375,1.7379808688609308,0.16109714984469062,0.16131014171152797,0.028498422042434725,0.45140178078701376,-3.4543673195642244,19.81146130457004,43.87979239375221,5.388683567710983e-05,0.0003420234435543209,367649.3721635542,55.654338286618,57924.278811676086,47.628606352965534,49.964528365665004,49.96518459760244,0.29163824420191464,0.4277303501254453,0.16109714984469062,0.16131014171152797,0.028498422042434725,0.4277733455348322,-3.6878627971722215,18.77244888767859,43.87979239375221,5.388683567710983e-05,0.0003420234435543209,348367.9947392567,55.42038248670269,54886.43904813826,47.39465055305022,51.18796710152027,51.1959344550588,0.3437730259546229,0.5412665163310771,0.035696659641944975,0.07998112167503599,0.010919139876746408,0.47146769207777595,-3.265480624878065,20.688799737895078,43.87979239375221,5.388683567710983e-05,0.0003420234435543209,383930.4994982905,55.84252613908683,60489.420031844216,47.81679420543436,49.14096235827584,49.14560983004053,0.2759147610033158,0.4277303501254453,0.035696659641944975,0.07998112167503599,0.010919139876746408
197,6,9.850000000000001,17,0.3999872867065926,-3.9795381217433285,17.566656195739114,43.91834377145857,5.3914908535383535e-05,0.0003420491650766052,325821.8676975105,55.12980228841904,51357.10882909155,47.10600566951101,52.187690708266985,52.17702241478311,,,,,,0.4073839963556439,-3.8999603579474,17.896922808148393,43.91834377145857,5.3914908535383535e-05,0.0003420491650766052,331947.56875833176,55.21069492146345,52322.66187271706,47.18689830255543,51.928466058400105,51.91483343979868,3.1530829303324657,1.7293671306330556,5.199077595221835,,,0.40610238241518787,-3.9136446269726983,17.828624370911026,43.91834377145857,5.3914908535383535e-05,0.0003420491650766052,330680.78672915435,55.194089621954944,52122.98754454827,47.17029300304692,51.96015046762877,51.95516805707424,1.0031125118563593,1.7293671306330556,0.16074464906590663,0.16080859398102548,0.02827022421797943,0.44865479250222295,-3.480876887819331,19.709260730416297,43.91834377145857,5.3914908535383535e-05,0.0003420491650766052,365562.35122760915,55.62961461963225,57621.13386829118,47.60581800072423,50.11409123049932,50.1044714698902,0.29221734913322206,0.4282758079687469,0.16074464906590663,0.16080859398102548,0.02827022421797943,0.4257608555814464,-3.7083427006174023,18.702043243993963,43.91834377145857,5.3914908535383535e-05,0.0003420491650766052,346880.7376668384,55.40180184081709,54676.47681527145,47.37800522190906,51.327966466247645,51.34325843824231,0.34407558652980896,0.541458109924805,0.0351592947579439,0.07827399184424014,0.010653151961590461,0.4664660210063524,-3.311799862731084,20.49281856692403,43.91834377145857,5.3914908535383535e-05,0.0003420491650766052,380095.582532147,55.798928222654006,59911.90933716931,47.77513160374599,49.51813474716274,49.51037545334019,0.276379214338604,0.4282758079687469,0.0351592947579439,0.07827399184424014,0.010653151961590461
198,6,9.9,18,0.4077812495776634,-3.8957274764117935,17.912872540178412,43.95675706697783,5.394272825285619e-05,0.000342136242972653,332072.0534603281,55.21232327755363,52355.963181632855,47.18966153624954,51.95455643459104,51.948155064339616,,,,,,0.39836304279623647,-3.997209590388838,17.516056874536922,43.95675706697783,5.394272825285619e-05,0.000342136242972653,324715.81326829665,55.115034387582384,51196.14549557377,47.09237264627829,52.36764892323722,52.35730350585889,3.1852085619260557,1.7307113030901646,5.190918834913644,,,0.41051088134955754,-3.866753266141236,18.043241371163138,43.95675706697783,5.394272825285619e-05,0.000342136242972653,334488.8543009089,55.24381650964057,52737.00679704177,47.221154768336476,51.811869647745915,51.81002400626865,1.002433811030564,1.7307113030901646,0.16027749559177623,0.1602983954424488,0.028032895400292246,0.4478914789661112,-3.488271998308194,19.69407335602056,43.95675706697783,5.394272825285619e-05,0.000342136242972653,365092.2746010309,55.624026433204754,57562.07873480013,47.60136469190067,50.175418287894914,50.18210405958518,0.2917916677876841,0.42815243919448387,0.16027749559177623,0.1602983954424488,0.028032895400292246,0.4262173922340972,-3.7036883243227385,18.737525992177478,43.95675706697783,5.394272825285619e-05,0.000342136242972653,347359.6274987325,55.407793403821906,54766.270388007884,47.385131662517814,51.17463934191961,51.18062162589352,0.3438193701166108,0.5415824786989871,0.034899452592692434,0.07660448054859555,0.010386168604407008,0.46232778902116156,-3.3505000174721355,20.330916193668067,43.95675706697783,5.394272825285619e-05,0.000342136242972653,376898.1816857135,55.76224042236642,59423.45077803733,47.73957868106233,49.703920645968495,49.711583644748124,0.27632441612385633,0.42815243919448387,0.034899452592692434,0.07660448054859555,0.010386168604407008
199,6,9.950000000000001,19,0.40577450270930226,-3.917152458205358,17.85816875984022,43.9948023695911,5.3970329563364344e-05,0.0003421933028116842,330888.63648449053,55.19681852693786,52187.3707436873,47.175654171798136,51.95821901157323,51.94975452415122,,,,,,0.40453064644941616,-3.930485715060856,17.799746365211703,43.9948023695911,5.3970329563364344e-05,0.0003421933028116842,329806.1455102614,55.182587438989444,52016.641526755004,47.161423083849726,51.9392286656918,51.9375422380106,3.126784049792677,1.7283260947612722,5.176357452582142,,,0.40050806608319,-3.973887329626533,17.62808693094555,43.9948023695911,5.3970329563364344e-05,0.0003421933028116842,326625.51949491317,55.14050113477349,51514.99689240452,47.11933677963376,52.18619404909273,52.19423026087664,0.9996914718618962,1.7283260947612722,0.15975957421719,0.15990796918740138,0.02781455031502349,0.44811895829669357,-3.4860668226532465,19.71725619689059,43.9948023695911,5.3970329563364344e-05,0.0003421933028116842,365335.1083161605,55.62691409456173,57620.22820108022,47.605749739422016,50.24874671557995,50.24001703352036,0.2907586089928944,0.42776595689347585,0.15975957421719,0.15990796918740138,0.02781455031502349,0.4228204913693527,-3.738439734152556,18.594672204698075,43.9948023695911,5.3970329563364344e-05,0.0003421933028116842,344535.0872439427,55.372334567820445,54339.67307925688,47.35117021268073,51.37129941672102,51.368331643963714,0.34239405897071357,0.5407759961798159,0.034374427952059375,0.07441412056455969,0.010054487432430596,0.46298061448964223,-3.3443719299161847,20.37213133867297,43.9948023695911,5.3970329563364344e-05,0.0003421933028116842,377469.0928050548,55.76881397359295,59533.98611627463,47.74764961845324,49.68325943446273,49.67351620208909,0.2756111575396189,0.42776595689347585,0.034374427952059375,0.07441412056455969,0.010054487432430596
200,6,10.0,20,0.4017137034475535,-3.960833531571833,17.68512009321373,44.03299165895392,5.3997958086102084e-05,0.0003422035905122149,327514.6083304491,55.152306758569985,51680.11260998871,47.13323451307527,52.15857129415765,52.165286155217395,,,,,,0.40903700675841337,-3.882373983400478,18.006313494290556,44.03299165895392,5.3997958086102084e-05,0.0003422035905122149,333462.8591988369,55.230474696071695,52618.715856658506,47.211402450576976,51.891215090786844,51.88436082423567,3.1681333834481338,1.7331341434587781,5.184601146105946,,,0.4050520331938693,-3.9248918350766946,17.833010332075368,44.03299165895392,5.3997958086102084e-05,0.0003422035905122149,330253.42002080637,55.18847323753555,52112.28294063976,47.169400992040835,51.87630688844649,51.86631918400339,1.0038408022234035,1.7331341434587781,0.1593895127667057,0.15943004585452986,0.027595241907073492,0.45105721107162805,-3.4576836970316718,19.869002205331512,44.03299165895392,5.3997958086102084e-05,0.0003422035905122149,367958.3989759303,55.65798720530907,58061.9337616865,47.63891495981436,50.098577213358936,50.10018384654776,0.28986506414919344,0.42665212283915893,0.1593895127667057,0.15943004585452986,0.027595241907073492,0.4246197876222661,-3.7199977122767085,18.692700268474294,44.03299165895392,5.3997958086102084e-05,0.0003422035905122149,346174.20604438364,55.39294704816308,54624.50069706987,47.37387480266837,51.296096613078326,51.31442542178197,0.34256046569223925,0.5400077071386723,0.034441292351219954,0.07416396775559983,0.01000128726882505,0.46379291037283304,-3.3367589435583707,20.428793451876167,44.03299165895392,5.3997958086102084e-05,0.0003422035905122149,378325.29554731626,55.77865380016892,59697.776464876006,47.759581554674206,49.63714038595474,49.63355317195375,0.2749276645334109,0.42665212283915893,0.034441292351219954,0.07416396775559983,0.01000128726882505
201,6,10.05,21,0.40614166457130657,-3.913224555598431,17.894579571975875,44.07089157990962,5.40254075629721e-05,0.0003422679533593763,331225.2582475741,55.2012344737396,52282.36940192537,47.183552612892264,51.918419680412626,51.927967116679,,,,,,0.40533960658111834,-3.9218095836235225,17.86184801475358,44.07089157990962,5.40254075629721e-05,0.0003422679533593763,330619.4033600539,55.1932833781656,52186.73802042724,47.17560151731828,51.967914066110765,51.96345545647932,3.1776319994115982,1.7367224282717515,5.197650331983213,,,0.40146590126983517,-3.963513358628429,17.694262538195808,44.07089157990962,5.40254075629721e-05,0.0003422679533593763,327517.4281206736,55.15234414969795,51697.10562886702,47.13466228885061,52.219931555437086,52.204155018678286,1.0116383701390106,1.7367224282717515,0.15908094238232376,0.15901729200438058,0.02739418811814396,0.45091594586712513,-3.459044063442362,19.88752126368688,44.07089157990962,5.40254075629721e-05,0.0003422679533593763,368114.22922642383,55.6598260515403,58105.12222511606,47.64214419069297,50.10540760516457,50.10190231507522,0.28945552671695535,0.4253156933742354,0.15908094238232376,0.15901729200438058,0.02739418811814396,0.42582371776106964,-3.7077015265371056,18.767794643580196,44.07089157990962,5.40254075629721e-05,0.0003422679533593763,347388.3028407407,55.40815190918087,54833.630958941365,47.39047004833354,51.29350177411287,51.29370030438359,0.34257486423222294,0.5384458974168854,0.03440742877387328,0.0740676899710379,0.009948954450932499,0.46513763327659363,-3.3241852124280094,20.513548640400977,44.07089157990962,5.40254075629721e-05,0.0003422679533593763,379701.87668626755,55.79442743656721,59934.17858452571,47.77674557571988,49.542618710293354,49.53640901705504,0.2751051138663244,0.4253156933742354,0.03440742877387328,0.0740676899710379,0.009948954450932499
202,6,10.100000000000001,22,0.4040059638143282,-3.936122239177689,17.822641160383654,44.10842540873358,5.4052231366129634e-05,0.0003423109188466674,329729.9798718713,55.18158436075498,52065.65195300421,47.1655131088746,52.11551659655011,52.111408173393826,,,,,,0.40295696119086816,-3.947413372719795,17.77525429707205,44.10842540873358,5.4052231366129634e-05,0.0003423109188466674,328853.2933389764,55.170021955088906,51927.21972457497,47.15395070320852,52.15231274735214,52.152292418238986,3.1777748497433604,1.7289411097331577,5.206621110147113,,,0.4054761576515514,-3.920346775928759,17.876410888792552,44.10842540873358,5.4052231366129634e-05,0.0003423109188466674,330724.753390927,55.194667012903935,52222.73057786976,47.178595761023544,51.98063471398355,51.98593275764713,1.00330385977338,1.7289411097331577,0.15865378977840153,0.15868196717265703,0.027198076902366513,0.4549635580508304,-3.4202338833466577,20.083245445660033,44.10842540873358,5.4052231366129634e-05,0.0003423109188466674,371552.5693957688,55.700202689265296,58669.6022239828,47.68413143738491,49.866878544605825,49.86857893223583,0.28852595092517647,0.4250400298044633,0.15865378977840153,0.15868196717265703,0.027198076902366513,0.4249061385707744,-3.717069946620585,18.744039648657854,44.10842540873358,5.4052231366129634e-05,0.0003423109188466674,346776.4267064708,55.400495671799945,54757.35250225524,47.38442441991956,51.40896707508407,51.405601060145884,0.3420042485516124,0.5376930460784527,0.034485717077135374,0.07438786280959034,0.00994951830950757,0.46829328025294803,-3.294820740564908,20.668977921007134,44.10842540873358,5.4052231366129634e-05,0.0003423109188466674,382388.9855906816,55.82505374278539,60380.714674969124,47.80898249090501,49.35473287331171,49.34892108086726,0.27433935385770325,0.4250400298044633,0.034485717077135374,0.07438786280959034,0.00994951830950757
203,6,10.15,23,0.4040400263937868,-3.9357560919413617,17.837747927595313,44.14569999732974,5.407857915604346e-05,0.0003423156705985808,329848.6795691245,55.1831474987777,52109.0603196863,47.16913241624742,52.17443762816991,52.16705229826566,,,,,,0.40489666656347334,-3.9265579867996543,17.871968825494967,44.14569999732974,5.407857915604346e-05,0.0003423156705985808,330481.47907003056,55.19147125658058,52209.02915207956,47.177456174050306,51.92319383164188,51.9395125498671,3.174683021130092,1.7320821877662282,5.205304613847708,,,0.4040313416569196,-3.9358494434310307,17.84096968165624,44.14569999732974,5.407857915604346e-05,0.0003423156705985808,329908.2549890265,55.18393182630305,52118.47196612158,47.169916743772774,52.04528806085707,52.03275425013832,1.001706883042055,1.7320821877662282,0.1582146778956092,0.15822706756639635,0.026982203980872154,0.4511682720244695,-3.4566144929331117,19.93425808592064,44.14569999732974,5.407857915604346e-05,0.0003423156705985808,368616.5279675792,55.66574804144561,58233.55399144641,47.651732958915346,50.01781846219167,50.020045546807374,0.2892717626303881,0.4259393815327246,0.1582146778956092,0.15822706756639635,0.026982203980872154,0.4215319261361124,-3.7516952704241886,18.61579234559892,44.14569999732974,5.407857915604346e-05,0.0003423156705985808,344235.9735799113,55.36856253298026,54381.94609392825,47.354547450449985,51.45484220564227,51.45011999205262,0.3425353748618073,0.5384228646680078,0.03411004927925083,0.07285902424070187,0.009707787280807439,0.4658416391796919,-3.3176169472417127,20.57837239852414,44.14569999732974,5.407857915604346e-05,0.0003423156705985808,380527.23868993216,55.80385749646227,60115.192396948536,47.789842413932,49.470929932816276,49.47222366481895,0.2750353547448583,0.4259393815327246,0.03411004927925083,0.07285902424070187,0.009707787280807439
204,6,10.200000000000001,24,0.4022650443584494,-3.9548770469399224,17.77059993198787,44.18322168286504,5.410539010924549e-05,0.00034231162203560936,328444.1697233275,55.164615570259414,51913.51618829717,47.152804453584956,52.190763346890904,52.186430055965126,,,,,,0.4027375821275866,-3.9497784158933635,17.80178698751126,44.18322168286504,5.410539010924549e-05,0.00034231162203560936,329020.58282118005,55.17223067330072,52004.62339446777,47.16041955662626,52.022830201909166,52.018492625017814,3.17451779676421,1.733168468412312,5.18811600361516,,,0.4052592365093183,-3.922670780974218,17.9143915654767,44.18322168286504,5.410539010924549e-05,0.00034231162203560936,331101.79095475184,55.19961529890282,52333.57681210466,47.18780418222836,51.90069401397302,51.90816660450116,1.0011975019893269,1.733168468412312,0.1579381305749245,0.15787074764096456,0.02679920902087977,0.4543256121432949,-3.426327795865033,20.083634311876054,44.18322168286504,5.410539010924549e-05,0.00034231162203560936,371194.70484039956,55.6960177230168,58670.61770338265,47.68420660634234,49.9013186903999,49.895963234475516,0.28903274317900773,0.4257374874602625,0.1579381305749245,0.15787074764096456,0.02679920902087977,0.42281524030570355,-3.738493670094039,18.686658406740964,44.18322168286504,5.410539010924549e-05,0.00034231162203560936,345375.1718453611,55.38291114012801,54589.61134774753,47.37110002345355,51.41249019653553,51.43541580929302,0.342625292600608,0.5384914344462877,0.034209647941962504,0.07134675295152218,0.009516889951566212,0.47076622441173716,-3.2719470359792724,20.817186240096742,44.18322168286504,5.410539010924549e-05,0.00034231162203560936,384752.53940622666,55.85181494901104,60813.55379143747,47.84000383233659,49.19019850382756,49.19323792447255,0.2749666308579192,0.4257374874602625,0.034209647941962504,0.07134675295152218,0.009516889951566212
205,6,10.25,25,0.40173431802740983,-3.9606106721449374,17.756730376382595,44.22065056924008,5.413248859014018e-05,0.00034227926448458497,328023.5370449392,55.1590500725434,51877.90269188888,47.149824102078966,52.11335649482751,52.11024820033858,,,,,,0.4097794462238644,-3.874498287933397,18.126217218828636,44.22065056924008,5.413248859014018e-05,0.00034227926448458497,334849.13941551524,55.248491871080255,52957.39210531398,47.23926590061582,51.80021404024499,51.8057140508551,3.166552956475532,1.7305928912830784,5.224165411247013,,,0.4031759733474557,-3.9450535690362902,17.82573507053693,44.22065056924008,5.413248859014018e-05,0.00034227926448458497,329298.274193582,55.175894546409445,52079.506181537145,47.16666857594501,52.08581382229231,52.08841662718928,1.0017826462866268,1.7305928912830784,0.15755510417825996,0.1574957310032145,0.026605388992972205,0.45272585610495397,-3.4416470134517496,20.03089304881563,44.22065056924008,5.413248859014018e-05,0.00034227926448458497,370034.5868167625,55.68242319098484,58522.075764591784,47.67319722052041,49.99805948162124,49.99602646771805,0.28823946073604445,0.426573595459527,0.15755510417825996,0.1574957310032145,0.026605388992972205,0.42136406528754716,-3.753425045911674,18.637591234819055,44.22065056924008,5.413248859014018e-05,0.00034227926448458497,344295.8511649463,55.369317893993404,54451.417800269424,47.36009192352896,51.47695614572952,51.489236794677296,0.3418538057834918,0.5386280427662677,0.034108145522142086,0.07046671311609767,0.009354417815549975,0.46809413231549596,-3.2966680283532956,20.71300778174527,44.22065056924008,5.413248859014018e-05,0.00034227926448458497,382635.4250692621,55.827851753094116,60514.935992209685,47.81862578262968,49.284317720162036,49.278981214311855,0.2743327583624616,0.426573595459527,0.034108145522142086,0.07046671311609767,0.009354417815549975
206,6,10.3,26,0.408495086642051,-3.8881316277190283,18.07257066513183,44.25782338879999,5.415899551123066e-05,0.00034225168484238106,333694.7167231752,55.2334933066997,52804.91365135247,47.226743367834175,51.8460924185173,51.84574535808041,,,,,,0.4055825744487507,-3.91920712410722,17.949106655100007,44.25782338879999,5.415899551123066e-05,0.00034225168484238106,331415.0583050972,55.20372237306725,52444.17325035581,47.196972434201726,51.948609861315255,51.945968435324936,3.172604678224618,1.7322043662984903,5.207084829996402,,,0.4043798495564608,-3.9321049364600262,17.905858619695273,44.25782338879999,5.415899551123066e-05,0.00034225168484238106,330616.5199460214,55.193245502098705,52317.80999980044,47.18649556323317,51.92281933532861,51.909962109488745,0.9997162829230456,1.7322043662984903,0.15699228111105454,0.15700474813763166,0.026378615037034887,0.4557801339944674,-3.4124460825745206,20.17861363191169,44.25782338879999,5.415899551123066e-05,0.00034225168484238106,372581.0170856541,55.71220723923169,58958.40554066126,47.70545730036616,49.784059565414296,49.78119912571757,0.2880951261346103,0.426386078998238,0.15699228111105454,0.15700474813763166,0.026378615037034887,0.422681535603482,-3.7398672345242745,18.71145755091246,44.25782338879999,5.415899551123066e-05,0.00034225168484238106,345491.22217439144,55.38437017818316,54671.63020550138,47.377620239317636,51.40381613899744,51.40819755604548,0.3415948559018122,0.5383783885870592,0.0342834129779214,0.0706998123631573,0.009368905637968812,0.46890208954896745,-3.289178319283201,20.765230917510344,44.25782338879999,5.415899551123066e-05,0.00034225168484238106,383412.4086220242,55.8366616412073,60672.39939833595,47.829911702341775,49.25779916776146,49.25747767779576,0.2745275499965269,0.426386078998238,0.0342834129779214,0.0706998123631573,0.009368905637968812
207,6,10.350000000000001,27,0.40324877047686714,-3.9442694811984658,17.855302543776506,44.294946874183445,5.4185462694525215e-05,0.0003422117690877227,329522.0093337058,55.17884427163584,52176.179069982456,47.174722719742206,52.18496419954478,52.17333118167453,,,,,,0.40907027163075027,-3.8820208084346337,18.123512265425404,44.294946874183445,5.4185462694525215e-05,0.0003422117690877227,334471.8558111817,55.24359579861287,52959.93271575536,47.23947424671924,51.87786403099424,51.8698942879246,3.166236126326191,1.7405511899080222,5.215909657044859,,,0.40743069398282417,-3.89946256324475,18.04887042277027,44.294946874183445,5.4185462694525215e-05,0.0003422117690877227,333094.3305683702,55.22567240845406,52741.81677294569,47.22155085656043,51.8093886676005,51.81618092390071,1.007672366655766,1.7405511899080222,0.15670077682536668,0.15665855970021975,0.02620008665319224,0.4550090850499144,-3.419799318095796,20.15758913054814,44.294946874183445,5.4185462694525215e-05,0.0003422117690877227,372011.0178663256,55.705558025907365,58903.845371200354,47.70143647401373,49.87594906410955,49.881301723356366,0.2876353836246493,0.4256642354297616,0.15670077682536668,0.15665855970021975,0.02620008665319224,0.4275398061616674,-3.690234439965086,18.945390203828644,44.294946874183445,5.4185462694525215e-05,0.0003422117690877227,349639.7236770822,55.43620768337956,55361.59745275206,47.432086131485924,51.20463817404563,51.22007108862,0.3406724338726554,0.5372662048896883,0.033700016609710656,0.06877858608687312,0.009073550615977059,0.46962026818760716,-3.282531677824094,20.81501836322458,44.294946874183445,5.4185462694525215e-05,0.0003422117690877227,384143.9627556726,55.84494012162922,60824.96349764304,47.84081856973559,49.243659282645794,49.262906783272065,0.273804204115117,0.4256642354297616,0.033700016609710656,0.06877858608687312,0.009073550615977059
208,6,10.4,28,0.39775446642813905,-4.003849349140553,17.641072784133776,44.33213255395738,5.4212175128442335e-05,0.00034211315966139663,325407.95019453875,55.12428159183017,51565.022525277505,47.12355211799689,52.449112960022696,52.4430096317887,,,,,,0.4034121065788655,-3.9425107255483383,17.88629510976836,44.33213255395738,5.4212175128442335e-05,0.00034211315966139663,329931.331244157,55.184235593778645,52281.80970141913,47.18350611994536,52.05921302849036,52.05356890686052,3.175257972720019,1.730776266075266,5.180471701218547,,,0.40733493654018504,-3.90048339494341,18.057432554838247,44.33213255395738,5.4212175128442335e-05,0.00034211315966139663,333088.13955639355,55.22559168815717,52782.04607127778,47.22486221432388,51.80146229839029,51.81073218272601,1.0049164319529509,1.730776266075266,0.15630594361861655,0.15627484946030332,0.026008250173162197,0.45669826538419,-3.403706379123888,20.250775503196675,44.33213255395738,5.4212175128442335e-05,0.00034211315966139663,373546.6333017901,55.72344826556848,59193.20824501371,47.7227187917352,49.84120909510923,49.840143928880906,0.2881624532519441,0.42618746424116294,0.15630594361861655,0.15627484946030332,0.026008250173162197,0.428018947301847,-3.6853700545761185,18.982035219139146,44.33213255395738,5.4212175128442335e-05,0.00034211315966139663,350143.39812350104,55.442459422345934,55484.66840014702,47.44172994851265,51.145948148742676,51.158339766467186,0.34147574680441567,0.5371948326279489,0.03398679613762582,0.0690226676271398,0.009098389835388146,0.4688894392734797,-3.2892954870048188,20.797766687996894,44.33213255395738,5.4212175128442335e-05,0.00034211315966139663,383636.4550716095,55.83919869312453,60792.068649394525,47.83846921929125,49.339184598860825,49.35491320013541,0.2746727202305247,0.42618746424116294,0.03398679613762582,0.0690226676271398,0.009098389835388146
209,6,10.450000000000001,29,0.4089132070413072,-3.8836886241574304,18.14510252546037,44.36886074493451,5.423839081164215e-05,0.00034204999502551693,334543.5263460207,55.244526303912,53048.100538948245,47.246698379975484,51.74308139556537,51.75027536632955,,,,,,0.40567698260396207,-3.918196326990968,17.999044811983474,44.36886074493451,5.423839081164215e-05,0.00034204999502551693,331850.642001717,55.20942662169514,52621.093622997265,47.21159869775862,52.040536690332885,52.03114500384574,3.1765799365376908,1.7297485085217983,5.216511416974396,,,0.4059272874999049,-3.915517532840859,18.006154850999593,44.36886074493451,5.423839081164215e-05,0.00034204999502551693,331981.7306809665,55.21114184659591,52641.88017209687,47.21331392265939,51.95479964013067,51.94706892998933,1.0033577051640372,1.7297485085217983,0.15592945755872073,0.15595884677303276,0.025830862198055103,0.45507562980169053,-3.4191642119770833,20.19342834752765,44.36886074493451,5.423839081164215e-05,0.00034204999502551693,372308.7659007976,55.70903261675088,59036.481921367136,47.71120469281436,49.88267099833082,49.877074498864445,0.28785612516646425,0.4265693979885281,0.15592945755872073,0.15595884677303276,0.025830862198055103,0.4219181336986935,-3.747718085929039,18.721708224728275,44.36886074493451,5.423839081164215e-05,0.00034204999502551693,345174.4777927612,55.38038676488302,54733.83568776733,47.3825588409465,51.46457962254609,51.46188451378937,0.3410496685119744,0.5373206204724541,0.03362007131784879,0.06773347151496388,0.008898265840636547,0.46633881833364976,-3.3129843209768115,20.69463118180199,44.36886074493451,5.423839081164215e-05,0.00034204999502551693,381549.5052880503,55.8155089479046,60501.773082201544,47.81768102396807,49.40604734759314,49.413892585933574,0.2742380314506406,0.4265693979885281,0.03362007131784879,0.06773347151496388,0.008898265840636547
210,7,10.5,0,0.4071339224317714,-3.902627106612177,18.074790044868283,44.40534316035945,5.426436749369367e-05,0.0003419461405181149,333087.6388998516,55.22558516037934,52858.587663780796,47.231155549738816,51.95955864524376,51.962350348038534,,,,,,0.4057157846797742,-3.9177809541135176,18.021681133248332,44.40534316035945,5.426436749369367e-05,0.0003419461405181149,332108.93198640377,55.21280555996589,52703.27398911998,47.21837594932536,52.00095590724912,51.995307309716374,3.1860377382116662,1.725830055026139,5.191632630226745,,,0.402824688823578,-3.9488391971906633,17.887719535914766,44.40534316035945,5.426436749369367e-05,0.0003419461405181149,329640.24758961,55.18040231662705,52311.51171588423,47.18597270598653,52.152259355644105,52.15457305347071,0.994986565986669,1.725830055026139,0.15544691006746789,0.15564650622318477,0.025647190548048388,0.45502265204430026,-3.419669826550435,20.203334601036282,44.40534316035945,5.426436749369367e-05,0.0003419461405181149,372313.09483860125,55.70908311308734,59083.38246024447,47.714653502446815,49.958726013938765,49.955489554490796,0.28724259637162947,0.42727033112330337,0.15544691006746789,0.15564650622318477,0.025647190548048388,0.4244687249154242,-3.7215430329288264,18.85025595496805,44.40534316035945,5.426436749369367e-05,0.0003419461405181149,347378.1567095337,55.408025063426145,55126.38898747693,47.413595452785614,51.3355812135884,51.32579119920047,0.34169798100599513,0.5382421653231033,0.03365000634052677,0.082401082530947,0.010138988961408258,0.46870901794356046,-3.290966905902015,20.81647152212613,44.40534316035945,5.426436749369367e-05,0.0003419461405181149,383612.1654701921,55.8389237147255,60876.46285635839,47.84449410408497,49.317517411669904,49.31246549491582,0.2743111796060473,0.42727033112330337,0.03365000634052677,0.082401082530947,0.010138988961408258
211,7,10.55,1,0.40598647931162074,-3.9148842962017385,18.046616975332928,44.44169238397646,5.4289957309398265e-05,0.0003418164173008352,332411.6995061411,55.216763007364456,52796.22645933347,47.2260288301764,51.85579400696444,51.857359548965135,,,,,,0.40903677036471225,-3.882376493308088,18.18369348074024,44.44169238397646,5.4289957309398265e-05,0.0003418164173008352,334936.59567848686,55.24962601803629,53197.25022083019,47.258891840848236,51.70059970461889,51.700632020090595,3.145532217495315,1.730002712689518,5.204615572300672,,,0.40316248138122157,-3.9451989046940823,17.918268747853038,44.44169238397646,5.4289957309398265e-05,0.0003418164173008352,330047.57483482425,55.18576545935588,52420.73768529097,47.195031282167825,52.227013757424785,52.22588194094974,1.0004822650453877,1.730002712689518,0.15525510402853843,0.15533363827978708,0.025488859799101572,0.45583241771155947,-3.4119479207225605,20.253967367858966,44.44169238397646,5.4289957309398265e-05,0.0003418164173008352,373070.23935258744,55.7179060578042,59253.93381568708,47.72717188061614,49.891585384244884,49.89125882120455,0.2867414149129785,0.42644380767820256,0.15525510402853843,0.15533363827978708,0.025488859799101572,0.42346913088942556,-3.731782424123832,18.82507765356305,44.44169238397646,5.4289957309398265e-05,0.0003418164173008352,346750.6438857375,55.4001727619309,55073.64977439032,47.409438584742844,51.426454051844345,51.417467397019735,0.3409352905792547,0.5375717820395144,0.03411322417238193,0.0834919579600386,0.010311309297376168,0.4698032372505224,-3.2808399497604905,20.87869347883133,44.44169238397646,5.4289957309398265e-05,0.0003418164173008352,384577.45250827394,55.84983818284448,61081.599426091445,47.85910400565642,49.25220727428088,49.25938595150382,0.2733881817734656,0.42644380767820256,0.03411322417238193,0.0834919579600386,0.010311309297376168
212,7,10.600000000000001,2,0.40384118755759735,-3.9378938965987187,17.964591444570683,44.47845716204971,5.4316536756506626e-05,0.0003416817751319626,330738.89679497445,55.19485273444229,52576.96708474571,47.20795530109082,52.037403264177655,52.041005808697,,,,,,0.40000903480067773,-3.979301993726199,17.790327464031044,44.47845716204971,5.4316536756506626e-05,0.0003416817751319626,327530.5924562638,55.15251870784105,52066.948719053435,47.16562127448957,52.159952786888276,52.18888672161845,3.1967372494021116,1.734335309381684,5.226976794159425,,,0.4075835930777254,-3.897833064595785,18.12874382312605,44.47845716204971,5.4316536756506626e-05,0.0003416817751319626,333761.04048007797,55.23435640635615,53057.39182642814,47.24745897300467,51.857218240369754,51.85983596437958,1.0028795996919542,1.734335309381684,0.1548178029320115,0.15497416685677973,0.02530397870136953,0.4525557100622689,-3.4432795108114105,20.124951735961535,44.47845716204971,5.4316536756506626e-05,0.0003416817751319626,370512.42471843987,55.688027761377015,58899.693225338044,47.70113032802555,50.09525672517943,50.103723619363635,0.28827063403735237,0.42942672140169524,0.1548178029320115,0.15497416685677973,0.02530397870136953,0.4249644136381055,-3.7164743608540625,18.905687503400166,44.47845716204971,5.4316536756506626e-05,0.0003416817751319626,348065.0393479926,55.41660403690068,55331.2727788847,47.42970660354921,51.350753934802356,51.34371545004619,0.3425852025759294,0.5403967129125539,0.034135286768482646,0.08305540060288588,0.010234988373859038,0.4661805750845849,-3.3144582671705756,20.73515685045934,44.47845716204971,5.4316536756506626e-05,0.0003416817751319626,381746.6666443062,55.817752535495345,60685.58044236077,47.83085510214387,49.53131998140091,49.550020355398566,0.2748284715838707,0.42942672140169524,0.034135286768482646,0.08305540060288588,0.010234988373859038
213,7,10.65,3,0.4082120657853019,-3.89114162710264,18.1693967844376,44.51453376346667,5.434193796329777e-05,0.00034164690089801014,334353.12514450814,55.24205386835072,53181.79891777096,47.25763023609459,51.89822270199012,51.90518304950164,,,,,,0.4087344856531744,-3.8855871854716435,18.195448282044673,44.51453376346667,5.434193796329777e-05,0.00034164690089801014,334832.52463932685,55.24827637449418,53258.05161474728,47.26385274223804,51.86890645679862,51.8608605585773,3.1965787821605853,1.7272724207937085,5.175643358401365,,,0.4009056649532523,-3.969578069558754,17.849424264167755,44.51453376346667,5.434193796329777e-05,0.00034164690089801014,328464.99284260254,55.164890901045325,52245.239799485964,47.18046726878919,52.220562010745915,52.21210132834716,1.0002937644792307,1.7272724207937085,0.1542708547288415,0.15459876384327967,0.025109497146694543,0.4533782372183814,-3.4353933044418525,20.185671659394306,44.51453376346667,5.434193796329777e-05,0.00034164690089801014,371456.6026892083,55.69908082393972,59083.432650308794,47.71465719168358,50.115272973794575,50.12457503896097,0.28829350480322685,0.4291244192922724,0.1542708547288415,0.15459876384327967,0.025109497146694543,0.4228472709897336,-3.7381646795299144,18.829169479482992,44.51453376346667,5.434193796329777e-05,0.00034164690089801014,346494.25812160224,55.39696042160624,55112.95267128431,47.4125367893501,51.426547522725855,51.433060967481524,0.3427057146332631,0.5400332210146772,0.03337115662855114,0.08132504275126062,0.009961781572816197,0.46644361605852735,-3.3120084648255004,20.771537029781193,44.51453376346667,5.434193796329777e-05,0.00034164690089801014,382237.69354361575,55.82333511842015,60798.25976815168,47.83891148616401,49.52425093737482,49.53390392597706,0.27518072383754005,0.4291244192922724,0.03337115662855114,0.08132504275126062,0.009961781572816197
214,7,10.700000000000001,4,0.40566131870544425,-3.918364018931093,18.075791282736283,44.55067430526098,5.436755300158274e-05,0.0003416175076598276,332473.87981964287,55.21757531456303,52912.368006430195,47.23557198105728,52.072065183681005,52.063746886894606,,,,,,0.411664527753992,-3.854565536107433,18.341020764062268,44.55067430526098,5.436755300158274e-05,0.0003416175076598276,337352.33151891764,55.28083716009918,53688.761122646276,47.29883382659344,51.690057706680136,51.68614497005116,3.162145437879486,1.7240240062970706,5.177133418160702,,,0.4024176800888556,-3.9532294694727357,17.923193339471148,44.55067430526098,5.436755300158274e-05,0.0003416175076598276,329667.0964563987,55.1807560307121,52465.67560968954,47.19875269720635,52.135390782777094,52.123541822525034,0.9931997408123463,1.7240240062970706,0.15393433122063224,0.15421157291542767,0.024931480415178037,0.45872510153758883,-3.3844749452903433,20.44252065557698,44.55067430526098,5.436755300158274e-05,0.0003416175076598276,376005.8992351902,55.75194658718067,59840.37760714836,47.769943253674924,49.835504332224914,49.83276800675598,0.2872512632424055,0.4283043133602581,0.15393433122063224,0.15421157291542767,0.024931480415178037,0.42449666183323786,-3.7212572062168867,18.921673043844194,44.55067430526098,5.436755300158274e-05,0.0003416175076598276,348032.45684596745,55.41619747313845,55388.475764789626,47.43419413963271,51.385767729868874,51.377232196297086,0.3415699988638705,0.5393194123731386,0.0334052795947649,0.08020185049920076,0.00979766849371988,0.47053039867734137,-3.274123136791056,20.971435576862802,44.55067430526098,5.436755300158274e-05,0.0003416175076598276,385734.4025811183,55.86288374113272,61388.64404381032,47.880880407626975,49.29954789638761,49.285975706397686,0.2740004888608924,0.4283043133602581,0.0334052795947649,0.08020185049920076,0.00979766849371988
215,7,10.75,5,0.4056098359042923,-3.918915220495606,18.084774648032923,44.586896269049774,5.4393319875977e-05,0.0003416122391729611,332481.53797687433,55.21767534819952,52939.481008689654,47.23779679387561,51.80874798082838,51.801590067594,,,,,,0.4011045468653108,-3.9674241488865474,17.882261414671845,44.586896269049774,5.4393319875977e-05,0.0003416122391729611,328758.41105939937,55.16876872767641,52346.664914478984,47.1888901733525,52.1435346975514,52.143534101869555,3.1691095603538573,1.7358523858130515,5.210086372977651,,,0.40305297898196607,-3.9463786461002526,17.966508735870555,44.586896269049774,5.4393319875977e-05,0.0003416122391729611,330307.265245737,55.189181262843064,52593.28172599215,47.20930270851916,51.959388574802325,51.95444286030531,0.9985490368903047,1.7358523858130515,0.1534519842891646,0.15382178548689618,0.024742411162719902,0.4592990932640634,-3.3790441195373457,20.487366843581775,44.586896269049774,5.4393319875977e-05,0.0003416122391729611,376652.25969467056,55.759405772909254,59972.578538700574,47.779527218585336,49.77498347346114,49.772633175229274,0.2861330373936749,0.42678665936642834,0.1534519842891646,0.15382178548689618,0.024742411162719902,0.42780107115106053,-3.6875813235352197,19.08730519454746,44.586896269049774,5.4393319875977e-05,0.0003416122391729611,350912.6715940248,55.4519905104242,55874.18425275858,47.47211195610029,51.18579022105049,51.20265482899346,0.3406149039908973,0.5380667400737551,0.032943830083669745,0.07834664954307555,0.009512486632622073,0.47155886649352174,-3.2646408490432774,21.03534786897827,44.586896269049774,5.4393319875977e-05,0.0003416122391729611,386726.677410779,55.87404131867926,61576.68097578875,47.89416276435535,49.197303351751984,49.20099915984001,0.27275687873815835,0.42678665936642834,0.032943830083669745,0.07834664954307555,0.009512486632622073
216,7,10.8,6,0.4058697444544328,-3.916133219427003,18.109260079055552,44.62323429662315,5.441936943640514e-05,0.0003416669566205673,332772.3247550334,55.221472007137784,53002.66744602551,47.24297726731705,51.96048129017097,51.962543668017986,,,,,,0.4063497415596988,-3.911000121243471,18.124623641576385,44.62323429662315,5.441936943640514e-05,0.0003416669566205673,333054.6426627921,55.22515491945073,53047.63393231612,47.24666017963,51.892078055814466,51.89373451503834,3.1527517736807646,1.7297930916428554,5.1655384866460805,,,0.4049914583424904,-3.9255413637506456,18.074233034835068,44.62323429662315,5.441936943640514e-05,0.0003416669566205673,332128.6744411242,55.213063721776166,52900.149354820736,47.234568981955434,52.073295211437575,52.07642610035181,1.0054479628074318,1.7297930916428554,0.15315811354012485,0.15343509349533074,0.0245707748748278,0.4603179944242929,-3.369420476425746,20.548043995830458,44.62323429662315,5.441936943640514e-05,0.0003416669566205673,377586.95495071926,55.77016981677983,60140.56553513823,47.791675076959095,49.65362432472624,49.66316593805785,0.2862298683763792,0.427145310304662,0.15315811354012485,0.15343509349533074,0.0245707748748278,0.42896783874011774,-3.67575267212199,19.150957598955436,44.62323429662315,5.441936943640514e-05,0.0003416669566205673,351914.3605905868,55.46436989477976,56051.53564856792,47.485875154959025,51.115770561361195,51.10722125538178,0.3408983577639079,0.538835159867644,0.033294609607338196,0.07849648893628035,0.009542086860499937,0.4723929314504539,-3.256966094815334,21.088274812694344,44.62323429662315,5.441936943640514e-05,0.0003416669566205673,387514.13386621926,55.882875472246894,61721.72755972298,47.90438073242616,49.12915620572272,49.13442855378373,0.27247379518009046,0.427145310304662,0.033294609607338196,0.07849648893628035,0.009542086860499937
217,7,10.850000000000001,7,0.403019334001276,-3.9467411899869633,17.995537579739285,44.6589896392358,5.4444630956415854e-05,0.00034174866559082855,330529.14977319096,55.19209766476415,52657.228518004275,47.21457997363817,52.13462190469194,52.13022536648439,,,,,,0.4057247945410203,-3.9176845100084963,18.12161009178124,44.6589896392358,5.4444630956415854e-05,0.00034174866559082855,332844.7594086549,55.22241723439349,53026.1327003337,47.24489954326751,52.04094933671596,52.05841848406652,3.183739369108821,1.7268262225103868,5.2096188556635905,,,0.4048881502905883,-3.926649333790695,18.087672972141952,44.6589896392358,5.4444630956415854e-05,0.00034174866559082855,332221.426693507,55.214276389361736,52926.82837801655,47.23675869823576,52.00906326283837,52.02115072499212,1.0058723370445943,1.7268262225103868,0.15276201714149015,0.15298046335200632,0.024381210926868978,0.4572633541833965,-3.398336022791662,20.43156098970283,44.6589896392358,5.4444630956415854e-05,0.00034174866559082855,375272.2836170706,55.74346490028156,59785.342407643184,47.76594720915558,49.732931974367794,49.737578060131376,0.2869970014963751,0.42741823652871125,0.15276201714149015,0.15298046335200632,0.024381210926868978,0.42825837599145444,-3.682941342321638,19.13450751743114,44.6589896392358,5.4444630956415854e-05,0.00034174866559082855,351448.9341060782,55.45862230502124,55989.99921287373,47.481104613895255,51.08652889086973,51.10702213200862,0.3420141790477499,0.5397037083084892,0.03326129858314973,0.07832255081721502,0.009483190481112748,0.4700242523762813,-3.278797326994864,21.004400749323313,44.6589896392358,5.4444630956415854e-05,0.00034174866559082855,385793.7941784894,55.86355237367704,61461.544298966255,47.886034682551056,49.213050251908356,49.22641220061327,0.273131273175485,0.42741823652871125,0.03326129858314973,0.07832255081721502,0.009483190481112748
218,7,10.9,8,0.4089248283620844,-3.8835651993405884,18.273691876465286,44.69480173852515,5.447005496806279e-05,0.0003418016942246788,335481.42896458664,55.2566848420268,53462.84756696764,47.280520866630525,51.84144024387051,51.8491117174578,,,,,,0.40912844158504597,-3.881403283870058,18.28605958675559,44.69480173852515,5.447005496806279e-05,0.0003418016942246788,335708.48418414826,55.2596231708298,53499.03144346468,47.28345919543352,51.92336821828508,51.92946347543509,3.1500242379722834,1.726188273844064,5.19398844101307,,,0.40265192001764527,-3.9507022566361814,17.99481716583272,44.69480173852515,5.447005496806279e-05,0.0003418016942246788,330361.6487331168,55.18989624876202,52646.95134601664,47.21373227336574,52.147076425122535,52.145360176511836,1.0047575897169103,1.726188273844064,0.1524757921809426,0.15262445340683947,0.024218260229501798,0.45438909553570744,-3.425720994041994,20.312285149068607,44.69480173852515,5.447005496806279e-05,0.0003418016942246788,372907.37380342704,55.7160097110729,59427.10493329678,47.739845735676624,49.899219195131465,49.919389986608486,0.2867978559748446,0.42747298360785624,0.1524757921809426,0.15262445340683947,0.024218260229501798,0.4291266538184753,-3.674145098281128,19.187252280511508,44.69480173852515,5.447005496806279e-05,0.0003418016942246788,352253.220448584,55.468549723041924,56135.62660663415,47.492385747645656,50.99922607770043,51.01207055614262,0.34154003487235585,0.5397459816398565,0.0331061565835155,0.07772130815743086,0.009377336280123225,0.46707103427237834,-3.306170649445664,20.88483966684316,44.69480173852515,5.447005496806279e-05,0.0003418016942246788,383418.73675524077,55.83673331991658,61102.21224683219,47.86056934452031,49.3318352361119,49.34519073804686,0.27301532724347427,0.42747298360785624,0.0331061565835155,0.07772130815743086,0.009377336280123225
219,7,10.950000000000001,9,0.4049489383227721,-3.925997353105592,18.113363898805765,44.731117768764044,5.4496257640075704e-05,0.0003418213296181625,332378.12435556087,55.21632432728498,52990.73618091538,47.24199953050626,52.00261480235336,52.00845965866648,,,,,,0.4044310280731292,-3.931555325963296,18.09554079507479,44.731117768764044,5.4496257640075704e-05,0.0003418213296181625,332051.07247158216,55.212048872784855,52938.59460229919,47.23772407600614,52.06659902322208,52.060191779517254,3.1896486203603756,1.7314309310196676,5.209478043188858,,,0.403244352209965,-3.944317065706782,18.038045451667706,44.731117768764044,5.4496257640075704e-05,0.0003418213296181625,330996.0395959888,55.198227974255744,52770.39168918283,47.22390317747702,52.03495340275489,52.037843480321975,1.0092000883817787,1.7314309310196676,0.15217578400883994,0.15222037229858212,0.024047612281254772,0.4551259036705792,-3.418684457481808,20.364329482215684,44.731117768764044,5.4496257640075704e-05,0.0003418213296181625,373683.0814459463,55.7250343555101,59575.94719137046,47.75070955873137,49.92119545672918,49.95030059496529,0.2873478323764074,0.42681051531389735,0.15217578400883994,0.15222037229858212,0.024047612281254772,0.4246413868522203,-3.7197768043471715,18.998520645556386,44.731117768764044,5.4496257640075704e-05,0.0003418213296181625,348620.64788069355,55.42353105651454,55580.26664625937,47.44920625973582,51.23507253742453,51.22778475832289,0.34239274399143593,0.5391625229285834,0.03294772752694021,0.0782449094378882,0.009395634730376969,0.46592104932449513,-3.316876686052803,20.84890255492103,44.731117768764044,5.4496257640075704e-05,0.0003418213296181625,382574.94106511027,55.82716520020712,60993.56812581199,47.85284040342841,49.387427620209685,49.420339501882026,0.2736115604306969,0.42681051531389735,0.03294772752694021,0.0782449094378882,0.009395634730376969
220,7,11.0,10,0.4087442040410386,-3.885483925477815,18.293598820615962,44.76666232443368,5.452151202925785e-05,0.0003418672689001023,335529.9246066228,55.25731259265001,53510.82272214124,47.28441628248397,51.91259609587321,51.90925236329586,,,,,,0.41008305968658154,-3.8712817081638233,18.361040031108235,44.76666232443368,5.452151202925785e-05,0.0003418672689001023,336766.8897600485,55.27329385970817,53708.09580625149,47.30039754954212,51.76819562540565,51.76945577105455,3.1376258527301673,1.7353607021575974,5.177508512307933,,,0.41157757194773936,-3.8554829922720075,18.424553540809054,44.76666232443368,5.452151202925785e-05,0.0003418672689001023,337931.8154441846,55.28829081450532,53893.879926226364,47.315394504339274,51.63492260149142,51.61990067241593,1.0070547775454386,1.7353607021575974,0.15197873912581336,0.1518982521766318,0.023899518894862845,0.4551049403510756,-3.4188845002301758,20.379565657126374,44.76666232443368,5.452151202925785e-05,0.0003418672689001023,373789.44381054764,55.72627032303477,59612.50903806625,47.753374012868726,49.80375438613158,49.813352612893844,0.2868756201081016,0.4258570504211253,0.15197873912581336,0.1518982521766318,0.023899518894862845,0.4256414007406029,-3.7095613626110753,19.057100646172966,44.76666232443368,5.452151202925785e-05,0.0003418672689001023,349533.60493645817,55.43488936124262,55744.150960944076,47.46199305107656,51.19526487350801,51.19636823184758,0.3415017484161035,0.5380623361885585,0.03283035416568232,0.07739383549464837,0.009260564778200201,0.4674293592793376,-3.3028401301232364,20.933138961768094,44.76666232443368,5.452151202925785e-05,0.0003418672689001023,383942.744481018,55.84266464966711,61231.7728723103,47.86976833950106,49.28766151109697,49.296077580889,0.27310289470002214,0.4258570504211253,0.03283035416568232,0.07739383549464837,0.009260564778200201
221,7,11.05,11,0.4097480345218677,-3.874831209749238,18.361720019097554,44.801627665349656,5.4545929590249964e-05,0.0003418589078481353,336628.60193292395,55.27151013404265,53711.39846750583,47.30066460117339,51.779330413501455,51.77360160416113,,,,,,0.40058515027667835,-3.973051540749693,17.94948704355098,44.801627665349656,5.4545929590249964e-05,0.0003418589078481353,329071.0632010099,55.17289694373828,52505.54141337372,47.20205141086902,52.233424940322706,52.23591891516024,3.1612553796081206,1.729039388058505,5.203758128402539,,,0.40815471844631446,-3.891751785021755,18.290386055176274,44.801627665349656,5.4545929590249964e-05,0.0003418589078481353,335320.82398400747,55.254605246800104,53502.73354088362,47.28375971393085,51.87482820503717,51.87961253176068,1.0001878678820408,1.729039388058505,0.15155834619070793,0.15158755863371057,0.02373643113633775,0.452884319977378,-3.440127154512556,20.29178283900784,44.801627665349656,5.4545929590249964e-05,0.0003418589078481353,372012.77879834647,55.70557858339661,59357.18617583047,47.73473305052734,50.00182670203551,50.00719012627901,0.2870915369785153,0.42665473036321544,0.15155834619070793,0.15158755863371057,0.02373643113633775,0.42729387561193477,-3.6927333186570306,19.148361103398692,44.801627665349656,5.4545929590249964e-05,0.0003418589078481353,351050.2295449273,55.453692613475134,56012.46790358614,47.48284708060588,51.07523154944351,51.06457685342649,0.34246422493238604,0.5390002393183942,0.03235655721917545,0.07605741048351945,0.009062522775139739,0.468278931450213,-3.294953813183813,20.987293794298605,44.801627665349656,5.4545929590249964e-05,0.0003418589078481353,384763.7019289165,55.85194094562419,61391.68327192408,47.88109541275493,49.221489333713905,49.22796042387565,0.2738214974794683,0.42665473036321544,0.03235655721917545,0.07605741048351945,0.009062522775139739
222,7,11.100000000000001,12,0.4047320211681874,-3.9283243418884166,18.14807273768701,44.83706929923841,5.457132265462728e-05,0.0003418294613251548,332556.95216594083,55.218660312732986,53091.01406102679,47.25021020630332,51.98393022062447,51.98752911260114,,,,,,0.4074101901491531,-3.8996811262058504,18.267581904630017,44.83706929923841,5.457132265462728e-05,0.0003418294613251548,334746.9149729514,55.24716583245219,53440.6304062058,47.278715726022526,51.91700307751919,51.905565307152244,3.1550029413126515,1.7316354418710074,5.208485578341031,,,0.40799158592193585,-3.8934879334481067,18.293033429661577,44.83706929923841,5.457132265462728e-05,0.0003418294613251548,335213.30508030945,55.253212480497766,53515.0871980016,47.284762374068094,51.93069396662533,51.950411973684346,0.9985354757943427,1.7316354418710074,0.15127389923403778,0.15125839063183413,0.02358259294956236,0.44947165606915734,-3.472976899171323,20.154232382081748,44.83706929923841,5.457132265462728e-05,0.0003418294613251548,369319.1112415305,55.67401781769546,58959.90446215709,47.705567711265786,50.17759880081521,50.17253294681871,0.2885869120819121,0.42835346436670135,0.15127389923403778,0.15125839063183413,0.02358259294956236,0.4224205720774184,-3.7425493961688776,18.9469877885273,44.83706929923841,5.457132265462728e-05,0.0003418294613251548,347196.7851767053,55.405756952300266,55428.18841616626,47.4373068458706,51.416167519230214,51.41827337602289,0.34389234600394125,0.5406807601387248,0.03235376404417574,0.07547961431110738,0.008954502600656717,0.461586771113166,-3.3574664637503067,20.701585244170257,44.83706929923841,5.457132265462728e-05,0.0003418294613251548,379349.1569773213,55.79039123274201,60561.14989011584,47.821941126312346,49.662919877239545,49.668740152300366,0.2753637275640066,0.42835346436670135,0.03235376404417574,0.07547961431110738,0.008954502600656717
223,7,11.15,13,0.4069861505716654,-3.9042036923335592,18.26385948995525,44.871919976365774,5.459580873089786e-05,0.0003417862019688323,334528.6005374078,55.2443325371697,53436.50324310267,47.278380312056726,51.85974811286879,51.85701163108909,,,,,,0.40329303901770797,-3.943792740059889,18.09320729726394,44.871919976365774,5.459580873089786e-05,0.0003417862019688323,331402.86256121163,55.20356255408512,52937.2080939472,47.237610328972146,52.05725392487507,52.04512209434036,3.189242916727915,1.7224047088267596,5.19044019266005,,,0.4104999682308154,-3.866868721552154,18.422932042901547,44.871919976365774,5.459580873089786e-05,0.0003417862019688323,337442.2409183089,55.281994465088076,53901.91861689474,47.316042239975104,51.725279006637926,51.72039697851002,0.9948053807781685,1.7224047088267596,0.15097402359950815,0.15090943966552167,0.023425411414257018,0.4505715128582567,-3.4623626977942394,20.2292781332656,44.871919976365774,5.459580873089786e-05,0.0003417862019688323,370528.0424176055,55.68821081968137,59186.93620964348,47.7222585945684,50.16826303079235,50.17916670694503,0.29045343654171096,0.42861936668186595,0.15097402359950815,0.15090943966552167,0.023425411414257018,0.42172117424780664,-3.7497459289521706,18.93624212565132,44.871919976365774,5.459580873089786e-05,0.0003417862019688323,346844.24621288874,55.401344943992854,55403.76415598582,47.43539271887988,51.501274520578974,51.49435165867178,0.3457182404309509,0.5407436705108772,0.03239369547263338,0.07485726279657492,0.00885926787746935,0.4615306401651928,-3.3579946167393193,20.72238955613293,44.871919976365774,5.459580873089786e-05,0.0003417862019688323,379560.08048664255,55.79280530056564,60629.6843955761,47.82685307545266,49.699690434188234,49.71247026694718,0.2773945033713922,0.42861936668186595,0.03239369547263338,0.07485726279657492,0.00885926787746935
224,7,11.200000000000001,14,0.40552126634519114,-3.919863655855276,18.213773741251877,44.9067154734854,5.4620351317352057e-05,0.00034169569371194714,333461.3070397011,55.230454481055304,53304.07750647941,47.26760431743868,51.98564827703906,51.99370015574914,,,,,,0.40741572145028127,-3.8996221635851596,18.28636199104978,44.9067154734854,5.4620351317352057e-05,0.00034169569371194714,334790.2668147153,55.247728234845866,53516.512872606945,47.28487807122925,51.87695681733254,51.879283797161484,3.181076669834375,1.7361701433747623,5.192765681590113,,,0.40936901407613185,-3.8788503300969635,18.380993761340083,44.9067154734854,5.4620351317352057e-05,0.00034169569371194714,336522.80364408274,55.27014498459674,53793.460378916694,47.307294820980125,51.88200650164848,51.87659406540941,1.0028306097234758,1.7361701433747623,0.15087313608778738,0.15071242937381826,0.023308660315375936,0.4496059143751096,-3.4716798444170966,20.202669699620795,44.9067154734854,5.4620351317352057e-05,0.00034169569371194714,369874.4005185978,55.6805427427771,59124.74190164026,47.717692579160484,50.15712488757838,50.15828609950508,0.2893439487472948,0.4283374155354558,0.15087313608778738,0.15071242937381826,0.023308660315375936,0.42433664498609225,-3.722894616860221,19.064718200715376,44.9067154734854,5.4620351317352057e-05,0.00034169569371194714,349040.5634695873,55.42875901077592,55794.435082307835,47.4659088471593,51.33742091615494,51.32806709929713,0.3445159084801868,0.5405626271918492,0.03199467520253915,0.07282747823975247,0.008583042325830514,0.4644177286958925,-3.3309120984682385,20.868045146439307,44.9067154734854,5.4620351317352057e-05,0.00034169569371194714,382056.2234247264,55.82127278425798,61072.016798758006,47.858422620641356,49.56995349059223,49.566240468549644,0.2761694495769719,0.4283374155354558,0.03199467520253915,0.07282747823975247,0.008583042325830514
225,7,11.25,15,0.41061281217372814,-3.8656750365139656,18.453539190444108,44.941620683216755,5.4644863336469406e-05,0.00034158794332758723,337699.4298040162,55.2853032734202,54022.80598863797,47.32577138047156,51.70540244825605,51.706050959544896,,,,,,0.40438070605709775,-3.932095737853645,18.172464832248757,44.941620683216755,5.4644863336469406e-05,0.00034158794332758723,332555.77418784844,55.21864492919378,53199.95973868764,47.25911303624514,52.19254640581589,52.1970836699909,3.1494106951196783,1.7258964133393584,5.173268895821525,,,0.4086268139907074,-3.886731384717623,18.371659825327697,44.941620683216755,5.4644863336469406e-05,0.00034158794332758723,336201.03891936434,55.26599051150597,53783.103836627626,47.30645861855733,51.79268957300923,51.7944494119689,0.9952492457031301,1.7258964133393584,0.15082551106711478,0.15044705907724037,0.023186381935350005,0.4503970987544478,-3.464044156677939,20.254964298894087,44.941620683216755,5.4644863336469406e-05,0.00034158794332758723,370665.4763536784,55.6898213788467,59296.48482783046,47.730289485898055,50.132916793385114,50.13376336366896,0.29047122819364746,0.42878379333606575,0.15082551106711478,0.15044705907724037,0.023186381935350005,0.42834603667963955,-3.682052471035701,19.26418339709758,44.941620683216755,5.4644863336469406e-05,0.00034158794332758723,352534.2039649839,55.47201259973117,56395.96997901937,47.512480706782526,51.100950845394664,51.107343091709346,0.34585326570870256,0.5415887113866338,0.03219610003676644,0.0731634879625929,0.008601571940360337,0.4657072986327271,-3.318869556874528,20.943427279612145,44.941620683216755,5.4644863336469406e-05,0.00034158794332758723,383264.3363138347,55.834984089681356,61311.96281575761,47.87545219673271,49.45696835918129,49.46761344464284,0.2768965137331292,0.42878379333606575,0.03219610003676644,0.0731634879625929,0.008601571940360337
226,7,11.3,16,0.40404936388945184,-3.9356557262419454,18.161220989643844,44.97631949517956,5.466927272067394e-05,0.0003414990521031106,332201.62050511286,55.214017466425034,53180.882575803844,47.25755540491241,52.09386673363154,52.091131332186684,,,,,,0.4025543386546623,-3.951754882525043,18.10388425072661,44.97631949517956,5.466927272067394e-05,0.0003414990521031106,331152.8277177972,55.20028467844306,53012.98536331049,47.24382261693044,52.23179006259669,52.2187682613094,3.1570396911102865,1.7350946617057965,5.178909331402071,,,0.4105128682917688,-3.866732245603436,18.46917127451203,44.97631949517956,5.466927272067394e-05,0.0003414990521031106,337834.5888901437,55.28704112360814,54082.642867587034,47.33057906209551,51.76168535806433,51.76922529907249,1.0044693606387913,1.7350946617057965,0.1505382970932176,0.1501015845798896,0.02303446899624871,0.4510332630938011,-3.4579142830964464,20.291843963600833,44.97631949517956,5.466927272067394e-05,0.0003414990521031106,371174.5730966564,55.69578217702962,59419.91299429437,47.739320115516996,50.056530506859936,50.05147214308373,0.28942973347484313,0.42825780123901913,0.1505382970932176,0.1501015845798896,0.02303446899624871,0.42456269438284877,-3.720581692266775,19.110409560532837,44.97631949517956,5.466927272067394e-05,0.0003414990521031106,349563.9983757452,55.435266982419236,55960.35901956978,47.4788049209066,51.215765208487994,51.2080442863511,0.34477087191409267,0.5406644004745743,0.0320876737245689,0.07231309350074955,0.008460429194504982,0.46861519232069887,-3.291836358540916,21.085170731793475,44.97631949517956,5.466927272067394e-05,0.0003414990521031106,385685.9563419769,55.86233825554597,61742.98464941893,47.90587619403333,49.30519505492574,49.30767749635275,0.2761075257511305,0.42825780123901913,0.0320876737245689,0.07231309350074955,0.008460429194504982
227,7,11.350000000000001,17,0.3987572150900542,-3.992914457643591,17.94417458946045,45.011197021795525,5.469409609248827e-05,0.00034140965905054215,328082.478209653,55.15983036786355,52559.07123238128,47.206476822325534,52.326107458494526,52.34588086081381,,,,,,0.4027842444274395,-3.9492752593383544,18.137156801962053,45.011197021795525,5.469409609248827e-05,0.00034140965905054215,331610.87023527984,55.20628758325229,53124.32241197088,47.25293403771427,52.20131669566581,52.20203253817293,3.1386727455068155,1.7255033847830377,5.176571216349689,,,0.40476399264502605,-3.9279812880440588,18.21895693352873,45.011197021795525,5.469409609248827e-05,0.00034140965905054215,333106.4636797414,55.22583059929871,53363.91765890725,47.272477053760696,52.02113596413598,52.02678039550064,1.0013189968197749,1.7255033847830377,0.15007787635779882,0.14982696079874488,0.02288118970359617,0.4531407283156148,-3.4376690165263515,20.405256284747104,45.011197021795525,5.469409609248827e-05,0.00034140965905054215,373079.6876182323,55.71801604453702,59767.659595495854,47.76466249899901,49.97176593487511,49.97346812877139,0.28852497420377693,0.42798587956203693,0.15007787635779882,0.14982696079874488,0.02288118970359617,0.4231248797544219,-3.7353143739057,19.058179527201553,45.011197021795525,5.469409609248827e-05,0.00034140965905054215,348450.3975524886,55.421409643495416,55822.02794203953,47.4680560979574,51.3652548241699,51.365078939392205,0.34446410383151255,0.540556385912695,0.03177232931062797,0.07075826370097324,0.008244521214107008,0.4657196595554501,-3.3187542868475455,20.97329422348391,45.011197021795525,5.469409609248827e-05,0.00034140965905054215,383465.41440264153,55.837262000674656,61431.46120063063,47.88390845513664,49.459587984985475,49.46009191398643,0.27558516391294885,0.42798587956203693,0.03177232931062797,0.07075826370097324,0.008244521214107008
228,7,11.4,18,0.4073410446644722,-3.900418271514367,18.347723186202696,45.0458113352069,5.4718574463553285e-05,0.00034136154646226903,335310.694148724,55.25447404713389,53748.65264219409,47.30367581938445,51.835522760346365,51.827861716228156,,,,,,0.4057823500767236,-3.9170684697982128,18.283192274314363,45.0458113352069,5.4718574463553285e-05,0.00034136154646226903,334131.3704451923,55.23917251967572,53559.61286147741,47.288374291926274,51.896286156844916,51.89771714766497,3.151204083194091,1.733386015457104,5.192622573567464,,,0.4081538415789935,-3.8917611152838028,18.382089593226844,45.0458113352069,5.4718574463553285e-05,0.00034136154646226903,335938.7515745811,55.26260103943764,53849.32715395532,47.311802811688196,51.943937290598605,51.92938021052413,1.0047066896731018,1.733386015457104,0.14955696401400967,0.14942692522798962,0.02270544382040252,0.4510362076533526,-3.457885930380689,20.32156241900429,45.0458113352069,5.4718574463553285e-05,0.00034136154646226903,371383.2572984881,55.698223209794804,59530.90683355704,47.747424982045374,50.05358986879818,50.04309954147156,0.2891774667602348,0.4290430556980446,0.14955696401400967,0.14942692522798962,0.02270544382040252,0.4244389133890224,-3.721848059785331,19.130248669178467,45.0458113352069,5.4718574463553285e-05,0.00034136154646226903,349611.6055055612,55.43585840791222,56041.018291124215,47.485060180162776,51.34166463747457,51.3368394126324,0.3445787804115138,0.5414017661767884,0.03162267553201422,0.07086515685433559,0.008213993694026917,0.46743177483317044,-3.302817686967519,21.062019506239203,45.0458113352069,5.4718574463553285e-05,0.00034136154646226903,384915.35484478134,55.85365236091599,61700.03541558013,47.90285413316656,49.30243444577805,49.304521567467994,0.2761575698140019,0.4290430556980446,0.03162267553201422,0.07086515685433559,0.008213993694026917
229,7,11.450000000000001,19,0.4001671222919042,-3.977585958441161,18.04295609267931,45.07971798971299,5.4742176947516845e-05,0.0003413635904530635,329598.8047749306,55.17985628144637,52855.53760649282,47.230904944997654,52.18498647946984,52.19466904828107,,,,,,0.40349214544358264,-3.9416491502793685,18.190168769233054,45.07971798971299,5.4742176947516845e-05,0.0003413635904530635,332288.0050362735,55.21514664358519,53286.78651724618,47.26619530713648,51.95968139646847,51.95117499478965,3.1858545360961927,1.7404605620507705,5.194585902125769,,,0.40420049416008863,-3.934031598685414,18.221347904407395,45.07971798971299,5.4742176947516845e-05,0.0003413635904530635,332857.56834034587,55.222584361594976,53378.12354335655,47.27363302514626,52.062769286858384,52.06148874043807,1.0094512173052732,1.7404605620507705,0.14944813041592223,0.14916390212496003,0.022583101150503958,0.4521988061632505,-3.4467058855721593,20.394969530509037,45.07971798971299,5.4742176947516845e-05,0.0003413635904530635,372564.0934970923,55.71200996702193,59745.59121387401,47.76305863057321,49.961461065174056,49.95481388359771,0.2899208817231109,0.42831771763771165,0.14944813041592223,0.14916390212496003,0.022583101150503958,0.42694286342492793,-3.6963024150798667,19.257524450635536,45.07971798971299,5.4742176947516845e-05,0.0003413635904530635,351785.87196300883,55.462783938147,56413.527948533185,47.51383260169828,51.257502575757464,51.252703427527045,0.3442532528656939,0.539947005090878,0.03143554450117535,0.07098383311352627,0.008161463015774955,0.46742114409041324,-3.302916459144933,21.08145038338416,45.07971798971299,5.4742176947516845e-05,0.0003413635904530635,385104.3484002408,55.855784224803465,61756.587324982436,47.90683288835475,49.32887963396262,49.322365394387035,0.2765151130578215,0.42831771763771165,0.03143554450117535,0.07098383311352627,0.008161463015774955
230,7,11.5,20,0.4108203963211903,-3.8634800278203754,18.533525006499495,45.11361546617,5.476570230334197e-05,0.00034133262961874,338414.81487526774,55.29449367008076,54297.548485771724,47.34780221796284,51.74715374347943,51.749935947926836,,,,,,0.40217317864033814,-3.955868963372648,18.141682797034637,45.11361546617,5.476570230334197e-05,0.00034133262961874,331259.93156354676,55.20168907800975,53149.57089598625,47.25499762589182,52.16249730785334,52.15515484670293,3.1430392134050384,1.733680685486289,5.185875458079236,,,0.40481142408949217,-3.927472398712735,18.267905691296473,45.11361546617,5.476570230334197e-05,0.00034133262961874,333564.7115435916,55.23180099542063,53519.36529391072,47.28510954330269,51.98930859712632,51.97803835347063,1.003497685714241,1.733680685486289,0.14910379232595974,0.14880504439660477,0.022429317094317076,0.4566501176862026,-3.4041642609126828,20.606544296959907,45.11361546617,5.476570230334197e-05,0.00034133262961874,376267.3248089148,55.75496505666858,60370.85970941865,47.80827360455064,49.7125606567205,49.73012367960705,0.28931489185994885,0.4284135253070601,0.14910379232595974,0.14880504439660477,0.022429317094317076,0.4302020023345733,-3.663275725612193,19.417413781925525,45.11361546617,5.476570230334197e-05,0.00034133262961874,354554.2732999996,55.4968272411875,56887.071721254106,47.55013578906957,51.00866638965029,51.010654438766785,0.3440726529375031,0.5401851967379461,0.030868704035479883,0.06956614247722556,0.00795219739778981,0.4701609663851092,-3.2775342962884357,21.214572813878213,45.11361546617,5.476570230334197e-05,0.00034133262961874,387369.6843395293,55.88125629704649,62152.19692759629,47.934564844928566,49.200266415565196,49.20803109701781,0.27600009630251043,0.4284135253070601,0.030868704035479883,0.06956614247722556,0.00795219739778981
231,7,11.55,21,0.4046367373741603,-3.929346897447059,18.26806910465011,45.147873609657466,5.478962480067485e-05,0.000341311517755845,333422.0515491667,55.22994319395468,53523.15452102046,47.28541701745931,51.99371715823219,52.00839226513652,,,,,,0.4071685549488168,-3.902257693243702,18.381585451508826,45.147873609657466,5.478962480067485e-05,0.000341311517755845,335493.909994478,55.25684641107699,53855.743200140045,47.31232023458163,51.89100433480864,51.88530007030115,3.1964086346369696,1.7332751888416478,5.224024557537848,,,0.4072034112409869,-3.901885924666521,18.38362731425023,45.147873609657466,5.478962480067485e-05,0.000341311517755845,335531.1773192467,55.25732880715502,53861.72560224246,47.312802630659654,51.92104309808923,51.92761724168548,1.0126770846267068,1.7332751888416478,0.14909407439189792,0.1485478805053153,0.02231714473888177,0.4567875047510512,-3.402857845605651,20.62214256264735,45.147873609657466,5.478962480067485e-05,0.000341311517755845,376387.7310288379,55.75635458449916,60420.29492072186,47.81182840800378,49.70724305382085,49.713474879628635,0.2880033540780761,0.4270937073401465,0.14909407439189792,0.1485478805053153,0.02231714473888177,0.4284762286621113,-3.680732671999243,19.344724673930617,45.147873609657466,5.478962480067485e-05,0.000341311517755845,353072.7714290233,55.47864226557469,56677.62049497768,47.53411608907932,51.064498722921066,51.064914781370454,0.3428768033790011,0.5390893844734851,0.030369108519422778,0.06835828429989907,0.007755728602203263,0.4701094802083226,-3.278009907588909,21.222397917360134,45.147873609657466,5.478962480067485e-05,0.000341311517755845,387343.3701100785,55.880961268465654,62178.96793199179,47.93643509197029,49.16559392448887,49.15946717179513,0.27498388252241474,0.4270937073401465,0.030369108519422778,0.06835828429989907,0.007755728602203263
232,7,11.600000000000001,22,0.40008021171605757,-3.97852928638625,18.07849528901056,45.18168353040102,5.481314710929845e-05,0.0003412680088822845,329820.4216036292,55.182775425007065,52974.47993505444,47.240667018161545,52.25800783699734,52.262001914390716,,,,,,0.4158691164219812,-3.8104333033362288,18.790386316231583,45.18168353040102,5.481314710929845e-05,0.0003412680088822845,342808.0179151764,55.35050971056282,55060.49740136368,47.40840130371729,51.3859911489529,51.381825550110705,3.149976459676881,1.72754917676785,5.17807181823444,,,0.4041112153321125,-3.93499096379279,18.249029281524983,45.18168353040102,5.481314710929845e-05,0.0003412680088822845,332931.6093661996,55.22355030126994,53474.18687527703,47.281441894424404,52.08769665918065,52.07971643091055,1.0044603767945626,1.72754917676785,0.14856110050365168,0.14820309411246008,0.022153588929310453,0.4575184761195031,-3.39591362986111,20.664816301626637,45.18168353040102,5.481314710929845e-05,0.0003412680088822845,377004.7404944767,55.763468111014134,60553.04266376363,47.82135970416861,49.70281162476021,49.7065999873745,0.2870688439592381,0.4259537956992879,0.14856110050365168,0.14820309411246008,0.022153588929310453,0.43093683171665154,-3.655863856338213,19.474141585305865,45.18168353040102,5.481314710929845e-05,0.0003412680088822845,355282.3111301028,55.50573585283233,57064.070110430985,47.56362744598681,50.915810830068494,50.90563716619742,0.34204772058460003,0.5380666974300679,0.03039629143863969,0.06807708760949219,0.007680796723603195,0.4724439177537074,-3.2564973774871353,21.341587355672928,45.18168353040102,5.481314710929845e-05,0.0003412680088822845,389351.61509915494,55.90341980565995,62536.14988867709,47.96131139881442,49.05974910385191,49.055831283463725,0.27402359201654675,0.4259537956992879,0.03039629143863969,0.06807708760949219,0.007680796723603195
233,7,11.65,23,0.4026037337260321,-3.951222018043101,18.205337744299577,45.21483955575746,5.4835907044960936e-05,0.0003412841206795262,331996.6555741058,55.21133708785281,53343.64138610134,47.270826585213214,52.06075508407919,52.089887280751796,,,,,,0.40517825649699174,-3.9235386868378637,18.319143105269717,45.21483955575746,5.4835907044960936e-05,0.0003412841206795262,334072.0358696634,55.23840123720207,53677.10360738355,47.29789073456247,51.999343354437784,51.99973305911908,3.157966487807264,1.7336572566297548,5.19614310777404,,,0.39946258996478734,-3.985238865192233,18.057914725274536,45.21483955575746,5.4835907044960936e-05,0.0003412841206795262,329308.2160648593,55.17602566263437,52911.6757302381,47.235515159994776,52.20534665954981,52.2103495056475,0.9982002779244941,1.7336572566297548,0.14842314129604098,0.14792492215162167,0.022030545180438104,0.45616341572879254,-3.4087954804712766,20.620667152467604,45.21483955575746,5.4835907044960936e-05,0.0003412841206795262,376043.14879956946,55.75237680593617,60420.82213321286,47.811866303296576,49.84622610838769,49.85086695575663,0.28658073911310733,0.425193228934157,0.14842314129604098,0.14792492215162167,0.022030545180438104,0.42713050798509233,-3.6943940779023414,19.31672487354396,45.21483955575746,5.4835907044960936e-05,0.0003412841206795262,352264.16256242164,55.468684626729896,56600.12787903139,47.5281741240903,51.2899447725629,51.30802185947643,0.3419439877092837,0.5368592869060435,0.0303578223383772,0.0683920724319073,0.007680792335272302,0.4689053564648634,-3.289148061397054,21.201293253361516,45.21483955575746,5.4835907044960936e-05,0.0003412841206795262,386631.5776627566,55.8729732161347,62122.12045244856,47.932462713495106,49.42891381005575,49.416346614465986,0.273975387277013,0.425193228934157,0.0303578223383772,0.0683920724319073,0.007680792335272302
234,7,11.700000000000001,24,0.4007719459441468,-3.971026867118503,18.14310483615194,45.24857352695565,5.485963594283429e-05,0.0003413149084625671,330718.65177992993,55.19458688825635,53156.49679024127,47.25556351601021,52.22525992176929,52.220696088471826,,,,,,0.40987438169640067,-3.8734922546388697,18.542424399179346,45.24857352695565,5.485963594283429e-05,0.0003413149084625671,337997.5838429044,55.289135957585884,54326.44147512514,47.350112585339744,51.778410945996086,51.77243917476941,3.1591004297003145,1.7230614807087334,5.176335217908134,,,0.4047857366296026,-3.9277479906399106,18.323380474289877,45.24857352695565,5.485963594283429e-05,0.0003413149084625671,334004.7770893612,55.23752678334656,53684.6765845256,47.298503411100434,52.08010698942261,52.08692365507919,1.003328904405922,1.7230614807087334,0.1483047599682844,0.1476744302967116,0.02191402746474721,0.4575021223836216,-3.3960688687106884,20.696667611547383,45.24857352695565,5.485963594283429e-05,0.0003413149084625671,377265.85778137593,55.766475037218584,60638.04158093856,47.82745166497246,49.74268894322269,49.7508873818965,0.287052792877432,0.4246883460537087,0.1483047599682844,0.1476744302967116,0.02191402746474721,0.42796051072002533,-3.685963028737543,19.36480782067422,45.24857352695565,5.485963594283429e-05,0.0003413149084625671,352988.2670175399,55.477602701067354,56735.897965611446,47.53857932882123,51.22024595649018,51.2290614788399,0.3421927218291954,0.5362046072061648,0.03014250786866781,0.0682533096223622,0.007626017037972693,0.4696742404469615,-3.2820325829348174,21.249124433400663,45.24857352695565,5.485963594283429e-05,0.0003413149084625671,387336.2275962424,55.88088118492259,62256.65479751849,47.94185781267647,49.359518668006125,49.361194359936015,0.27449373794280396,0.4246883460537087,0.03014250786866781,0.0682533096223622,0.007626017037972693
235,7,11.75,25,0.41207535833914893,-3.850233550393582,18.66606127656904,45.28191509252248,5.488266145684131e-05,0.00034136368302165575,340108.52938040695,55.316175234834304,54680.86444153136,47.37835371645958,51.66969700928058,51.672215116007365,,,,,,0.4026394255789496,-3.9508370219185887,18.23060455786098,45.28191509252248,5.488266145684131e-05,0.00034136368302165575,332174.20718922646,55.21365907133206,53405.22575948552,47.275837552957334,52.17310871055164,52.17480206576694,3.1790907517027156,1.7302521534707669,5.203217966051613,,,0.4090882684333733,-3.881829747370314,18.52997221592045,45.28191509252248,5.488266145684131e-05,0.00034136368302165575,337628.89269668655,55.28439604428221,54282.20146882153,47.346574525907485,51.83057893800161,51.831258774196556,0.9984423333556431,1.7302521534707669,0.14798948802032916,0.14726494163404616,0.02176053213076081,0.45712394881052587,-3.3996602534422014,20.700994282737973,45.28191509252248,5.488266145684131e-05,0.00034136368302165575,377186.4143107718,55.7655604171078,60642.05219342189,47.82773889873308,49.75355728221022,49.75870763265593,0.2875336704552782,0.42568309897657075,0.14798948802032916,0.14726494163404616,0.02176053213076081,0.4266855723155851,-3.6989204185983926,19.3234880907724,45.28191509252248,5.488266145684131e-05,0.00034136368302165575,352087.30002950074,55.46650360126756,56606.7483211052,47.52868208289284,51.29896813208343,51.300978120456804,0.34314255442489505,0.5371863252452159,0.030028551270924752,0.0676613271665415,0.007527090677238876,0.4708306565233591,-3.271352673123043,21.318464571990905,45.28191509252248,5.488266145684131e-05,0.00034136368302165575,388437.14947671304,55.89320758417255,62450.88634879325,47.955386065797825,49.20921783978054,49.21116776986057,0.27490794878347213,0.42568309897657075,0.030028551270924752,0.0676613271665415,0.007527090677238876
236,7,11.8,26,0.406739638222017,-3.9068350199361195,18.436748942119948,45.31532158618909,5.4905869757778694e-05,0.0003414530745950278,335788.305029226,55.2606556628172,53994.97123868751,47.32353314175077,51.930575663996976,51.92785772191654,,,,,,0.4075072466752022,-3.898646638244484,18.469411424047117,45.31532158618909,5.4905869757778694e-05,0.0003414530745950278,336383.1864521278,55.26834280189046,54090.62854669654,47.33122028082403,51.87125681321495,51.873977263101644,3.1370919145778515,1.7256577683477619,5.180922034969014,,,0.40536251754572616,-3.9215641147833455,18.365648655473652,45.31532158618909,5.4905869757778694e-05,0.0003414530745950278,334493.3562931444,55.24387496232748,53786.7426651694,47.30675244126105,51.95281164420766,51.95464472793492,0.9950345947211783,1.7256577683477619,0.14787382970274796,0.14697998063489193,0.021640735219181802,0.4548930996808144,-3.4209065097676,20.612599918033567,45.31532158618909,5.4905869757778694e-05,0.0003414530745950278,375417.05484254373,55.74513998321986,60367.29920350151,47.808017462153416,49.907432364332045,49.915842362283755,0.2880711276932459,0.42691060514677437,0.14787382970274796,0.14697998063489193,0.021640735219181802,0.43089455832554063,-3.656289904883616,19.528057723826795,45.31532158618909,5.4905869757778694e-05,0.0003414530745950278,355664.2998276189,55.51040274615141,57191.043738550536,47.573280225084964,51.1561073462572,51.154603331106216,0.34306515507784463,0.5379156422409392,0.030038365451292227,0.06737563835970303,0.007473713551164551,0.4707401337076849,-3.272187736399488,21.33237556459012,45.31532158618909,5.4905869757778694e-05,0.0003414530745950278,388526.32075039466,55.89420445452124,62475.27742982215,47.9570819334548,49.28864992483176,49.28326060296153,0.2750103911254051,0.42691060514677437,0.030038365451292227,0.06737563835970303,0.007473713551164551
237,7,11.850000000000001,27,0.40844217142505695,-3.8886942360847114,18.525960926973024,45.34861152617448,5.4929226824913414e-05,0.00034150777102092203,337269.64674060344,55.279772577435224,54247.55305447517,47.34380153231975,51.7827154221412,51.76777875985836,,,,,,0.40635743628673116,-3.910917883075011,18.43769375310928,45.34861152617448,5.4929226824913414e-05,0.00034150777102092203,335662.721266391,55.259031111398976,53989.08990559901,47.32306006628352,51.85580909609763,51.84892847949335,3.149522871386604,1.738277895597348,5.205555510212964,,,0.4062364599585956,-3.912211009995632,18.41721590001974,45.34861152617448,5.4929226824913414e-05,0.00034150777102092203,335289.9169457547,55.25420493241933,53929.126839375596,47.31823388730387,51.95087865298531,51.96543411902974,1.0049070953616173,1.738277895597348,0.1475931219050391,0.1466756280431268,0.021506957071418364,0.45667829638518154,-3.4038962772763677,20.709484075162006,45.34861152617448,5.4929226824913414e-05,0.00034150777102092203,377021.219344182,55.76365793666676,60641.32600336426,47.8276868915513,49.79288912122419,49.807643553804816,0.2870857465602691,0.4267462008779188,0.1475931219050391,0.1466756280431268,0.021506957071418364,0.4290482376497037,-3.674938775882812,19.458891626956515,45.34861152617448,5.4929226824913414e-05,0.00034150777102092203,354253.87815819104,55.49314613340058,56979.35238423723,47.557175088285106,51.27292055696158,51.27971194764681,0.343136199763787,0.5380065487965289,0.029902673909626327,0.06743425330089524,0.007442715466461386,0.4708432238742364,-3.2712367533497098,21.351847932002517,45.34861152617448,5.4929226824913414e-05,0.00034150777102092203,388715.61036279297,55.896319817382675,62522.29010242471,47.96034877226721,49.2826843407209,49.28841523107785,0.27456375459425,0.4267462008779188,0.029902673909626327,0.06743425330089524,0.007442715466461386
238,7,11.9,28,0.4043848398058536,-3.932051342681684,18.35262245602555,45.38183992052976,5.495259425177967e-05,0.00034160973215881317,333971.90261733986,55.237099307291196,53723.9449826139,47.30167895680876,52.05381085893309,52.05633822141846,,,,,,0.4050583544577625,-3.9248240593742874,18.384452887013328,45.38183992052976,5.495259425177967e-05,0.00034160973215881317,334551.13698145264,55.24462510179974,53817.12274656877,47.30920475131731,51.993198231127394,51.986762448154614,3.161203429447121,1.7366810997113,5.200375958274683,,,0.4003427092207169,-3.9756807617153056,18.163218652293853,45.38183992052976,5.495259425177967e-05,0.00034160973215881317,330525.2263264282,55.19204611283921,53169.49999495283,47.25662576235677,52.338125440636986,52.3411273888839,1.0035290584844248,1.7366810997113,0.14720667146206579,0.14629098399751322,0.0213549407018268,0.45588996975368695,-3.4113996280691157,20.69153102345099,45.38183992052976,5.495259425177967e-05,0.00034160973215881317,376534.1983427995,55.75804426690987,60570.67195565603,47.82262391642743,49.94926245954562,49.952527344333085,0.2868860842825479,0.42647602982801136,0.14720667146206579,0.14629098399751322,0.0213549407018268,0.4267250807662136,-3.6985183073276504,19.36554489945425,45.38183992052976,5.495259425177967e-05,0.00034160973215881317,352404.56184335804,55.47041521676942,56689.09014117688,47.53499486628698,51.48571559467272,51.47028710769871,0.34294650929369225,0.5376014069739302,0.029627150130479174,0.06651718901238604,0.0073100485384183945,0.4689449888914563,-3.2887810061569676,21.281464818925024,45.38183992052976,5.495259425177967e-05,0.00034160973215881317,387269.52036911,55.88013317651202,62297.59522492569,47.94471282602957,49.46881921773213,49.47041110862168,0.2741715195957485,0.42647602982801136,0.029627150130479174,0.06651718901238604,0.0073100485384183945
239,7,11.950000000000001,29,0.40450217520435655,-3.930791386333923,18.371705207309088,45.415090238180305,5.4975961981157874e-05,0.00034167589835991933,334177.05748570064,55.239766306280494,53769.39168227911,47.30535123132803,52.20820471929731,52.200384100032274,,,,,,0.4086136442998825,-3.8868713563501105,18.55874064331295,45.415090238180305,5.4975961981157874e-05,0.00034167589835991933,337579.1886947547,55.283756651052144,54316.79767989748,47.349341576099675,51.86134673808302,51.85131753662705,3.1520141470863354,1.737168879482064,5.184486319838531,,,0.4070780349235828,-3.90322330607185,18.479641693566585,45.415090238180305,5.4975961981157874e-05,0.00034167589835991933,336140.3971412121,55.26520708843301,54085.29481380112,47.33079201348055,51.85330612332315,51.85363211707479,1.010580860651858,1.737168879482064,0.1469830378805319,0.14594990222827703,0.021221876108667978,0.45730687505387485,-3.3979226947976726,20.767332425551853,45.415090238180305,5.4975961981157874e-05,0.00034167589835991933,377752.9610608637,55.77207877292608,60780.794095332036,47.83766369797362,49.84486573592791,49.866032219708174,0.286452911561042,0.4264919192790999,0.1469830378805319,0.14594990222827703,0.021221876108667978,0.43121000659209985,-3.653111695344273,19.579204686390295,45.415090238180305,5.4975961981157874e-05,0.00034167589835991933,356141.19300178415,55.516222091662854,57303.441010538234,47.581807016710385,51.21734317014075,51.20700920741545,0.34242474076240226,0.5372055864964468,0.029581189658531043,0.06640610578871906,0.007259076761653967,0.47124971680265537,-3.2674889777518206,21.39957568160463,45.415090238180305,5.4975961981157874e-05,0.00034167589835991933,389253.31927686854,55.90232324611979,62631.2121642904,47.96790817116734,49.2757621854333,49.28514028479811,0.27361997257373205,0.4264919192790999,0.029581189658531043,0.06640610578871906,0.007259076761653967
