trial_index,seed,long_block,physical_time_s,method,block_final_power_db,block_final_gain_linear,block_final_phase_std_deg,block_final_phase_rmse_deg,block_final_distance_rmse_m,block_final_node_rmse_m,block_final_uav_rmse_m
0,5200,0,1.4500000000000002,No Algorithm,-3.953364410809908,0.4024051766059671,52.16529411788579,52.22622485596097,,,
0,5200,1,2.95,No Algorithm,-3.6300736727335674,0.4335035244694202,50.35285273652853,50.393488313982616,,,
0,5200,2,4.45,No Algorithm,-4.081313359910131,0.39072271857011737,52.89252103709356,52.840046272360354,,,
0,5200,3,5.95,No Algorithm,-4.213474255893438,0.3790116630578676,53.465579794856914,53.41302453108077,,,
0,5200,4,7.45,No Algorithm,-3.9631996838564816,0.40149489870777205,52.23598578167039,52.223220274535905,,,
0,5200,5,8.950000000000001,No Algorithm,-3.9552147940199593,0.40223376176865744,52.12013357204415,52.334592834021045,,,
0,5200,6,10.450000000000001,No Algorithm,-4.012922021124979,0.39692440084199426,52.47217675744599,52.41987817045005,,,
0,5200,7,11.950000000000001,No Algorithm,-3.7401986865189056,0.42264927793088786,50.864365835149606,50.87180770429352,,,
0,5200,8,13.450000000000001,No Algorithm,-4.11992362431678,0.38726445535290765,53.15279010837696,53.11161074796929,,,
0,5200,9,14.950000000000001,No Algorithm,-3.7338546465316624,0.4232671221284522,50.93870919972659,50.88782677744836,,,
0,5200,10,16.45,No Algorithm,-3.7292175511736456,0.4237192987725483,50.99899767227723,50.991711807644904,,,
0,5200,11,17.95,No Algorithm,-4.0212770826053275,0.3961615222102474,52.46909672813129,52.53278519563045,,,
0,5200,12,19.450000000000003,No Algorithm,-3.9898739464744004,0.3990364841868721,52.365340138017444,52.31676373913477,,,
0,5200,13,20.950000000000003,No Algorithm,-3.989563938514368,0.39906496921416035,52.32674170390312,52.27439069558455,,,
0,5200,14,22.450000000000003,No Algorithm,-4.232870207886186,0.37732273975867175,53.686903072909296,53.84720866780734,,,
0,5200,15,23.950000000000003,No Algorithm,-3.8970983428525385,0.40765255224545366,51.97572088222608,52.024290219173864,,,
0,5200,16,25.450000000000003,No Algorithm,-4.165545972861562,0.38321756121535583,53.386835160358466,53.34692624000809,,,
0,5200,17,26.950000000000003,No Algorithm,-3.86559833233619,0.41062006439488025,51.74589580459189,51.82815702158612,,,
0,5200,18,28.450000000000003,No Algorithm,-4.02348454275991,0.3959602098293317,52.61345163983843,52.56583409902243,,,
0,5200,19,29.950000000000003,No Algorithm,-3.677171526515406,0.42882771642312023,50.628714322533305,50.57818799484918,,,
0,5200,0,1.4500000000000002,DPC,-4.058550762099234,0.3927759826266919,52.83873371089356,52.80312001805878,1.1592178980315229,1.7356028626679416,0.7664933861955014
0,5200,1,2.95,DPC,-4.096766410227154,0.38933492091927246,52.991482286107775,52.981676047381974,1.0160540537085443,1.7168914289823234,0.6366328167599093
0,5200,2,4.45,DPC,-3.762956264179212,0.4204403351237011,51.17714337613219,51.13511273351973,1.0836591589152351,1.697393653273551,0.5515074977589641
0,5200,3,5.95,DPC,-3.950616254816752,0.4026598936719363,52.13954768269127,52.08934529509943,1.1035195520795613,1.7345332669548372,0.4893755494212638
0,5200,4,7.45,DPC,-3.9448910146977307,0.40319106431290536,52.0867852073188,52.150252826796304,1.0599396819074158,1.7342963913230227,0.4353465025547243
0,5200,5,8.950000000000001,DPC,-3.745733180861875,0.4221110117766262,51.05116177173629,51.02998768060913,1.0675436193064924,1.7280134954646957,0.4007652924699426
0,5200,6,10.450000000000001,DPC,-3.8754641682933872,0.4096883205186966,51.75594742507462,51.72324694363418,0.9920744627753636,1.6724622449735884,0.3559573161363697
0,5200,7,11.950000000000001,DPC,-4.22996148224241,0.3775755396436755,53.692161419390125,53.64220240038287,1.0263864704202037,1.7463147818340825,0.3469169044278721
0,5200,8,13.450000000000001,DPC,-3.8178183832506623,0.4151625412776506,51.44632441301632,51.49619146281538,0.9891567580620837,1.7244753599910478,0.33588044080337176
0,5200,9,14.950000000000001,DPC,-4.206453096432746,0.3796248998525677,53.48741898781773,53.46769909521407,1.0645855572949914,1.7451587236565202,0.3150095983242012
0,5200,10,16.45,DPC,-3.485985293540861,0.4481273708106367,49.38964669128063,49.343669423526094,1.0753622746290945,1.7533805762589842,0.3096960723012736
0,5200,11,17.95,DPC,-4.270947057274736,0.3740290156201892,53.89986200459065,53.961776057623524,1.0208741624604942,1.7096963047040865,0.28889515214965084
0,5200,12,19.450000000000003,DPC,-3.7683595507540484,0.4199175684087525,51.26546332533939,51.283613684768824,1.030368719818879,1.7517145426501768,0.2741958113442003
0,5200,13,20.950000000000003,DPC,-3.769966468519698,0.4197622249242974,51.20685906526706,51.21134182697563,0.9971959666085356,1.723182765989373,0.2754047570111367
0,5200,14,22.450000000000003,DPC,-3.833129172925336,0.41370148775265214,51.53660006233814,51.62918288432393,1.0110479557022147,1.7393741808619827,0.274372341710756
0,5200,15,23.950000000000003,DPC,-4.070414101732519,0.3917045261251909,52.85239607719432,52.80000615826664,1.0092148657559954,1.671992961436249,0.25973183689500534
0,5200,16,25.450000000000003,DPC,-4.345411366438919,0.36767056574374685,54.215648965286874,54.17814185808735,1.0092636038810574,1.6837690197900028,0.2547853624626585
0,5200,17,26.950000000000003,DPC,-4.244674771087592,0.3762985309770851,53.70793339010529,53.68820110853425,1.023714438694529,1.7453702758409615,0.2453215049785008
0,5200,18,28.450000000000003,DPC,-3.9792514975502558,0.4000136858024451,52.32733006426067,52.36100303931247,1.0009923800146274,1.7587153610208617,0.23767944413145445
0,5200,19,29.950000000000003,DPC,-3.941699079111067,0.4034875067073202,52.11108597843639,52.06695896544722,1.0560190719850584,1.82981250216897,0.23142844405784702
0,5200,0,1.4500000000000002,Node-KF DPC,-3.784519878025397,0.4183579364728281,51.17139453396384,51.12414395294916,0.46995387166693997,0.27523177586531017,0.7664933861955014
0,5200,1,2.95,Node-KF DPC,-4.0817392164542525,0.3906844073145315,52.84171702117631,52.79429693612782,0.3920506269083353,0.22245050668421149,0.6366328167599093
0,5200,2,4.45,Node-KF DPC,-3.7235220035468575,0.4242753492652654,50.92134781298086,51.10241211398678,0.35041497779226394,0.21188486622472302,0.5515074977589641
0,5200,3,5.95,Node-KF DPC,-3.550375970845015,0.4415322220395595,49.969468459095424,50.00258929653853,0.3198181710067757,0.19377497070768226,0.4893755494212638
0,5200,4,7.45,Node-KF DPC,-4.0602839535753645,0.39261926404223185,52.8116153234943,52.76487797394426,0.2893492659949704,0.18522364960751395,0.4353465025547243
0,5200,5,8.950000000000001,Node-KF DPC,-3.5322407474845745,0.44337982256553016,49.795916496344546,49.85255593103456,0.2594147060781822,0.17430937375474612,0.4007652924699426
0,5200,6,10.450000000000001,Node-KF DPC,-3.382971961384422,0.4588838822242227,48.85295762998148,48.82453251697727,0.22709015888216105,0.17451949652358156,0.3559573161363697
0,5200,7,11.950000000000001,Node-KF DPC,-3.075743700043987,0.4925219950539689,46.89897018564278,46.85579042058201,0.22160297256505807,0.17055925423246712,0.3469169044278721
0,5200,8,13.450000000000001,Node-KF DPC,-3.396328364143992,0.45747478697649807,48.965793953336735,48.94140706673444,0.22073233138116244,0.1618203152979822,0.33588044080337176
0,5200,9,14.950000000000001,Node-KF DPC,-3.370845358328269,0.46016699292152224,48.76546215922041,48.718257970944485,0.20942490779742862,0.1660876836961976,0.3150095983242012
0,5200,10,16.45,Node-KF DPC,-3.1884401767288537,0.4799057818863569,47.689839994460534,47.64493957771497,0.20822763641683942,0.1661482582804562,0.3096960723012736
0,5200,11,17.95,Node-KF DPC,-3.120959978916891,0.4874207370995671,47.186841793845076,47.13999727961496,0.19653957535652902,0.16910746497772877,0.28889515214965084
0,5200,12,19.450000000000003,Node-KF DPC,-3.164467808204188,0.48256211041299923,47.49739574682566,47.45046563318066,0.2000768180428907,0.16378337637822757,0.2741958113442003
0,5200,13,20.950000000000003,Node-KF DPC,-2.9681242272394552,0.5048793142353657,46.26022245597979,46.256593388491666,0.1939177589104214,0.16695632434925842,0.2754047570111367
0,5200,14,22.450000000000003,Node-KF DPC,-2.9284422471896447,0.5095135935965376,45.859020742191255,46.11979813647709,0.19300449086116653,0.16270645946998585,0.274372341710756
0,5200,15,23.950000000000003,Node-KF DPC,-2.9373651390837265,0.508467836002356,46.021536167952014,45.97833221663337,0.18625684214482022,0.1660730605616907,0.25973183689500534
0,5200,16,25.450000000000003,Node-KF DPC,-2.717926781178932,0.534819608659834,44.35944078948925,44.340384208065956,0.18486604575264193,0.16265169072817,0.2547853624626585
0,5200,17,26.950000000000003,Node-KF DPC,-2.716155430318614,0.5350377892809282,44.48354375597824,44.52591927574292,0.17620471968565932,0.16310210453853052,0.2453215049785008
0,5200,18,28.450000000000003,Node-KF DPC,-2.606825716429668,0.5486778502230146,43.55132554451248,43.5083076081183,0.16633417231477216,0.15768562643935427,0.23767944413145445
0,5200,19,29.950000000000003,Node-KF DPC,-2.610649289640117,0.5481950011938647,43.54006168032719,43.52153240550676,0.15953949096869594,0.16097592516563386,0.23142844405784702
0,5200,0,1.4500000000000002,KF-DPC,-3.5529800170180446,0.4412675570008497,50.04179866968983,50.32507084935012,0.2125640375579029,0.27523177586531017,0.23159263389365928
0,5200,1,2.95,KF-DPC,-2.275480374720404,0.5921775822737338,40.96626709002178,41.18401524149102,0.1460083729139689,0.22245050668421149,0.1447529842835029
0,5200,2,4.45,KF-DPC,-1.9745689162098716,0.6346628949449552,38.20838516385784,38.62359460181271,0.13630926110991035,0.21188486622472302,0.08913276715276593
0,5200,3,5.95,KF-DPC,-1.8034382711890902,0.6601705898182804,36.758179031901896,36.82171839058219,0.12546554906918797,0.19377497070768226,0.05846882480778172
0,5200,4,7.45,KF-DPC,-1.5038649622013331,0.7073160350660967,33.70756078114211,33.68574555662139,0.11172632387665002,0.18522364960751395,0.030655356585436375
0,5200,5,8.950000000000001,KF-DPC,-1.4301706191409838,0.7194207139201085,32.77405000077444,32.74151444729207,0.11103401481500443,0.17430937375474612,0.02970749304307263
0,5200,6,10.450000000000001,KF-DPC,-1.4755876144805793,0.7119364661756917,33.35296672365989,33.32424580327351,0.11032651593400723,0.17451949652358156,0.03440210797822758
0,5200,7,11.950000000000001,KF-DPC,-1.3379170276081807,0.7348662417504819,31.79494612819906,31.782634302273895,0.10976382721161998,0.17055925423246712,0.03685485382379812
0,5200,8,13.450000000000001,KF-DPC,-1.351736573841606,0.7325315638359571,31.9827264824883,32.107947424414114,0.10659283751480073,0.1618203152979822,0.03580166534222297
0,5200,9,14.950000000000001,KF-DPC,-1.3949121824965836,0.72528514373617,32.430394524898674,32.47364756426109,0.10918826852803143,0.1660876836961976,0.03244005651391804
0,5200,10,16.45,KF-DPC,-1.4250983126405992,0.7202614462634576,32.739484372076014,32.7442608184757,0.10747897674405259,0.1661482582804562,0.03634137147703418
0,5200,11,17.95,KF-DPC,-1.4270535487154545,0.7199372505256925,32.90924564529837,32.87928325466921,0.11059199044410663,0.16910746497772877,0.043359724705236156
0,5200,12,19.450000000000003,KF-DPC,-1.4223940253484846,0.7207100820427229,32.65751596059485,32.66763679608857,0.10932834745617773,0.16378337637822757,0.049080076297046256
0,5200,13,20.950000000000003,KF-DPC,-1.485977710090198,0.7102352595323638,33.432251462146205,33.443280079101775,0.11230402155711096,0.16695632434925842,0.0551150213815588
0,5200,14,22.450000000000003,KF-DPC,-1.4471367834243747,0.7166157048965338,33.06747593650507,33.14232941830899,0.11125259168487123,0.16270645946998585,0.057624040834204346
0,5200,15,23.950000000000003,KF-DPC,-1.389791800789616,0.7261407675276106,32.495947594692446,32.68401499480839,0.10888671171902625,0.1660730605616907,0.0556817210722955
0,5200,16,25.450000000000003,KF-DPC,-1.4329082559397817,0.718967359784238,32.90467136397032,32.899561036776554,0.11144895410432427,0.16265169072817,0.051706687679264826
0,5200,17,26.950000000000003,KF-DPC,-1.3984233910853325,0.7246989980784292,32.51703206913584,32.567954225441696,0.11039190754193705,0.16310210453853052,0.0481593007334499
0,5200,18,28.450000000000003,KF-DPC,-1.296949712170889,0.7418310869419431,31.347620714584348,31.37681422686523,0.10382144330187508,0.15768562643935427,0.044548314595615354
0,5200,19,29.950000000000003,KF-DPC,-1.370091779837542,0.7294420947272814,32.181125967903476,32.15223265374346,0.10663745452445565,0.16097592516563386,0.04197889995192507
0,5200,0,1.4500000000000002,Shore Broadcast,-2.4159953691637464,0.5733244499833288,42.034736368649995,42.42630712344071,0.14457923072029277,0.17851101134015987,0.1716602681894246
0,5200,1,2.95,Shore Broadcast,-2.5103322911005392,0.5610050502931005,42.92821847440649,43.439458295516374,0.1538871800774365,0.17055457401085336,0.18917730739666228
0,5200,2,4.45,Shore Broadcast,-3.3871437799248474,0.4584432915218005,49.55537739409523,52.247119787291425,0.1945085154914945,0.16914239220992258,0.2624059318379353
0,5200,3,5.95,Shore Broadcast,-1.4204795147082763,0.7210278644126582,32.62361830541636,32.59134122516752,0.10682165594122676,0.17437738223463634,0.07777436550506216
0,5200,4,7.45,Shore Broadcast,-1.311547810609631,0.7393417292459491,31.448305136811616,33.082885467500596,0.1095422740424197,0.173951861348648,0.08981085269130781
0,5200,5,8.950000000000001,Shore Broadcast,-1.6223275645073971,0.6882833178606172,34.969695886349285,35.66574545591817,0.12114293946342454,0.16676707855065706,0.14552830868153308
0,5200,6,10.450000000000001,Shore Broadcast,-2.7506844212122497,0.5308007867219051,44.78146262142986,44.86305138472503,0.1577264152599777,0.17047580803132534,0.19807686705182206
0,5200,7,11.950000000000001,Shore Broadcast,-2.360792421880916,0.5806584598201671,41.80703028890338,43.59008227995593,0.15061721932172337,0.17149197244929548,0.1985647764275615
0,5200,8,13.450000000000001,Shore Broadcast,-3.2204383521641455,0.4763829009965009,47.92189473193349,48.25642533412845,0.17344403541828293,0.17400384684442685,0.20307645593473728
0,5200,9,14.950000000000001,Shore Broadcast,-1.4520226684369721,0.7158099536597271,33.01023942779138,33.07921756906501,0.11109036785030035,0.17044229486561602,0.09318206740016044
0,5200,10,16.45,Shore Broadcast,-3.6093869584656026,0.43557335402275343,50.372385879501714,50.89133683718942,0.20523024237798274,0.17569511475679353,0.3470167600471025
0,5200,11,17.95,Shore Broadcast,-1.8638223202635378,0.6510551340342386,37.27964077155464,37.242343386178376,0.12736644880819797,0.16931660805859336,0.1343682030596693
0,5200,12,19.450000000000003,Shore Broadcast,-2.3415563837266067,0.583236052164836,41.41450651345479,41.373607487923444,0.13993166272141797,0.17332131752990504,0.14436712160357565
0,5200,13,20.950000000000003,Shore Broadcast,-2.6585279924034473,0.542184628552947,44.203631664484895,45.418628198546635,0.16331246994356152,0.17021471984471662,0.2419593231874662
0,5200,14,22.450000000000003,Shore Broadcast,-1.6694690414277487,0.6808525930976649,35.39074656252384,35.99203916051355,0.12328166899746718,0.18085211703471185,0.11795586541055138
0,5200,15,23.950000000000003,Shore Broadcast,-2.584512820342324,0.5515040651277452,43.356416210249904,43.58486967983948,0.155131126360449,0.17769382434118983,0.20234729362989995
0,5200,16,25.450000000000003,Shore Broadcast,-3.206428033086961,0.47792219147846715,47.802143828026644,47.884347128647285,0.16837539212215985,0.1734881241631442,0.2604545065433201
0,5200,17,26.950000000000003,Shore Broadcast,-2.058856644177932,0.6224641381193528,39.10279505911971,39.26202530353096,0.13515916356133478,0.16640697960874648,0.20949600011930566
0,5200,18,28.450000000000003,Shore Broadcast,-1.6962755243160164,0.6766630275795902,35.71191628213541,37.68938206520737,0.12973754991282546,0.17229997020982102,0.1194434559517016
0,5200,19,29.950000000000003,Shore Broadcast,-1.8964371365338306,0.6461841279419542,37.485800393695335,38.28018043624752,0.13007916278475437,0.17607488366731652,0.13526749257185103
1,6209,0,1.4500000000000002,No Algorithm,-3.662877354839744,0.43024146582571837,50.50001622780638,50.71797155670486,,,
1,6209,1,2.95,No Algorithm,-3.894597889601533,0.4078873260416483,51.80562174007629,51.75607827964598,,,
1,6209,2,4.45,No Algorithm,-3.922336010148579,0.4052904766479647,52.00617447225622,51.95820966761461,,,
1,6209,3,5.95,No Algorithm,-3.921338807062464,0.4053835479013708,51.98275137429493,51.93603187360166,,,
1,6209,4,7.45,No Algorithm,-3.8833375414001954,0.4089462648362166,51.696246677675205,51.64964039462307,,,
1,6209,5,8.950000000000001,No Algorithm,-3.673959930968423,0.4291449506024732,50.64229300764522,50.607437828408024,,,
1,6209,6,10.450000000000001,No Algorithm,-3.627160598764003,0.4337943988662727,50.34934180864298,50.308465887892126,,,
1,6209,7,11.950000000000001,No Algorithm,-3.8412128518812887,0.41293216654035525,51.62123494278075,51.59129574531436,,,
1,6209,8,13.450000000000001,No Algorithm,-3.8728939522078725,0.40993085161297754,51.65485433887783,51.9534362520885,,,
1,6209,9,14.950000000000001,No Algorithm,-4.035490278670752,0.39486711995349133,52.60119842485337,52.590047941546516,,,
1,6209,10,16.45,No Algorithm,-4.0848103156252416,0.3904082337776206,52.85161839213449,52.834472521289484,,,
1,6209,11,17.95,No Algorithm,-4.011701368296203,0.3970359783564238,52.389044192665985,52.33729200687577,,,
1,6209,12,19.450000000000003,No Algorithm,-4.019436890921576,0.3963294192569386,52.54441098844701,52.70740767720827,,,
1,6209,13,20.950000000000003,No Algorithm,-3.979450612009254,0.3999953464759898,52.401280067024544,52.37645053752458,,,
1,6209,14,22.450000000000003,No Algorithm,-4.13508402533047,0.3859149450148324,53.21345640928028,53.171244434580814,,,
1,6209,15,23.950000000000003,No Algorithm,-4.065171183713828,0.3921776877535092,52.797927979342354,52.7753381469943,,,
1,6209,16,25.450000000000003,No Algorithm,-3.841768293961673,0.41287935784837326,51.54412827222388,51.568654102979586,,,
1,6209,17,26.950000000000003,No Algorithm,-3.6410060893346325,0.43241364621313566,50.39975832830494,50.364409897679714,,,
1,6209,18,28.450000000000003,No Algorithm,-4.120257865699955,0.3872346518827359,53.11391398744084,53.064417672246165,,,
1,6209,19,29.950000000000003,No Algorithm,-4.069405337283784,0.39179552048754024,52.85495503764404,52.87289274495288,,,
1,6209,0,1.4500000000000002,DPC,-3.8639113659758633,0.410779595961101,51.68174472611548,51.63291239103743,1.132680800776977,1.6887617506106332,0.8414388622696355
1,6209,1,2.95,DPC,-3.8735600354323974,0.40986798479402187,51.70405022494222,51.72516433498619,1.090129766052231,1.7170928406281312,0.6490468004104732
1,6209,2,4.45,DPC,-3.8412844730378035,0.4129253567749311,51.54124651383239,51.49092872057935,1.0274116667724535,1.6742865340610305,0.557515972687021
1,6209,3,5.95,DPC,-4.026038496905931,0.3957274260908668,52.60519107121954,52.553040737789814,1.0517660435234981,1.7253046338677822,0.48064153020343375
1,6209,4,7.45,DPC,-4.116555304019899,0.38756492813312243,53.11710999703702,53.09276475101917,1.1123845449750178,1.7554665241051224,0.43868822388677303
1,6209,5,8.950000000000001,DPC,-3.9702462677482284,0.40084398702650775,52.25413600230822,52.20190676820028,1.04368634387964,1.703775387663921,0.4146144331540237
1,6209,6,10.450000000000001,DPC,-4.011342285777504,0.3970688073651134,52.60431652409961,52.72946484564243,1.0393311231165885,1.7580700988148732,0.40130545743327406
1,6209,7,11.950000000000001,DPC,-3.6816568647601615,0.42838505723033604,50.51799686864177,50.582179569811665,1.0255616369425065,1.7573631171262007,0.36613179039925214
1,6209,8,13.450000000000001,DPC,-3.8842975456102287,0.4088558776071316,51.830954377434,51.81324412135002,1.0441653620028293,1.7722786802483999,0.3512651312790662
1,6209,9,14.950000000000001,DPC,-3.7914643438702034,0.4176895073397119,51.31421907946659,51.332605577906264,1.0597470217492841,1.7596768874782802,0.3332305123241636
1,6209,10,16.45,DPC,-3.8839574372661163,0.4088878975259558,51.86715788287973,51.91579419235502,1.069790716864591,1.764481221405043,0.31122033669381854
1,6209,11,17.95,DPC,-3.645232707802868,0.431993019536837,50.51236451883163,50.50559725552238,1.0302501791343839,1.7398826419840274,0.304419736078388
1,6209,12,19.450000000000003,DPC,-3.7561456941264026,0.42110018341997013,51.06296578979416,51.12589874626326,1.018072985701276,1.7150664294528823,0.279887508102514
1,6209,13,20.950000000000003,DPC,-3.79945972182333,0.416921246768123,51.327190163312494,51.277564287886875,1.03758452161176,1.7482301426033389,0.2748877476966648
1,6209,14,22.450000000000003,DPC,-4.006248814584943,0.39753476884167416,52.45250891210427,52.40167949094028,0.9973264574831117,1.7331287108820008,0.26555877744707845
1,6209,15,23.950000000000003,DPC,-4.2630356976274655,0.37471098949638715,53.91230830923269,53.87839676171718,1.0016463192950662,1.6871150308175538,0.2613225026734828
1,6209,16,25.450000000000003,DPC,-3.541201678720754,0.44246592653897077,49.77068961520181,49.746081149846304,1.0111177041314872,1.7596485975035339,0.2590282478510173
1,6209,17,26.950000000000003,DPC,-3.809501541465936,0.41595834909063695,51.443860293350596,51.503102540353666,1.0189281882942187,1.729341676907904,0.24528979151998015
1,6209,18,28.450000000000003,DPC,-3.93963810173294,0.4036790302024429,52.133874369911126,52.198020447675745,1.0157709200864478,1.7149304504234604,0.2449977168814481
1,6209,19,29.950000000000003,DPC,-4.069522249283268,0.3917849735008617,52.829214626207474,52.86691945813117,1.021372284655754,1.7581258009036147,0.23878702310530206
1,6209,0,1.4500000000000002,Node-KF DPC,-4.113990220368134,0.38779390412636416,53.0827272656601,53.044771751633974,0.5084717641708182,0.28074475918202424,0.8414388622696355
1,6209,1,2.95,Node-KF DPC,-3.6270325122532805,0.43380719295705866,50.407152233583986,50.44468075873114,0.4175000162480013,0.2210336576833862,0.6490468004104732
1,6209,2,4.45,Node-KF DPC,-3.9460035686647577,0.40308779006346873,52.17353633259283,52.18709601564364,0.3635315201396117,0.20131014868774202,0.557515972687021
1,6209,3,5.95,Node-KF DPC,-3.845030917438386,0.4125693000240678,51.653443711899335,51.84127302317064,0.30297271656656816,0.19096144117576883,0.48064153020343375
1,6209,4,7.45,Node-KF DPC,-3.809091021382551,0.4159976697207845,51.35779484448944,51.31280315360037,0.2902988337472763,0.18386526339425774,0.43868822388677303
1,6209,5,8.950000000000001,Node-KF DPC,-3.6787532631621573,0.42867156223798253,50.682371237136145,50.70491675019176,0.2778661358560712,0.18131769171071224,0.4146144331540237
1,6209,6,10.450000000000001,Node-KF DPC,-3.658306398571277,0.4306945340324308,50.555500748287656,50.50917397886318,0.2622622403585515,0.17345097784564867,0.40130545743327406
1,6209,7,11.950000000000001,Node-KF DPC,-3.600090199316876,0.43650676626704393,50.18904440505156,50.161197230876965,0.2437917136812648,0.17087892344387595,0.36613179039925214
1,6209,8,13.450000000000001,Node-KF DPC,-3.437185707772785,0.4531911593195454,49.238006636329786,49.214879502842,0.22227120864061836,0.16904890812539117,0.3512651312790662
1,6209,9,14.950000000000001,Node-KF DPC,-3.39199710356855,0.45793125855881506,49.029100628585326,49.06795638434413,0.22733531551481048,0.16779004400677086,0.3332305123241636
1,6209,10,16.45,Node-KF DPC,-3.1949690665758315,0.479184865978512,47.62659850367319,47.59990005608138,0.20951024816421113,0.1663860446265201,0.31122033669381854
1,6209,11,17.95,Node-KF DPC,-2.937749361994941,0.5084228535403229,45.97547432233555,45.97780865257789,0.19917838225686857,0.1655658535350024,0.304419736078388
1,6209,12,19.450000000000003,Node-KF DPC,-2.906024503418279,0.5121504394018203,45.74786161310998,45.704081302646046,0.19406045397456526,0.16849650567103125,0.279887508102514
1,6209,13,20.950000000000003,Node-KF DPC,-3.097514655925502,0.490059186102987,47.031894301698955,46.985346579217406,0.19562110811810124,0.16881094315152828,0.2748877476966648
1,6209,14,22.450000000000003,Node-KF DPC,-3.1237987635447735,0.48710223653671725,47.23375737120376,47.18705618744663,0.19036274200626666,0.1627293821267027,0.26555877744707845
1,6209,15,23.950000000000003,Node-KF DPC,-2.885629255025955,0.514561246151886,45.60144052490572,45.55820885825358,0.18371807949860028,0.16245893930589386,0.2613225026734828
1,6209,16,25.450000000000003,Node-KF DPC,-2.671304723503341,0.5405918919373612,44.09631714906732,44.06520638331637,0.1813360445592465,0.16682765888811546,0.2590282478510173
1,6209,17,26.950000000000003,Node-KF DPC,-2.62022813472095,0.5469872289216066,43.623623198428675,43.68687929845976,0.177048746055331,0.16214137345417193,0.24528979151998015
1,6209,18,28.450000000000003,Node-KF DPC,-2.679530150793985,0.5395689935883838,44.166863999293334,44.12329652391316,0.1738488324725226,0.15766243653227918,0.2449977168814481
1,6209,19,29.950000000000003,Node-KF DPC,-2.5974532921434452,0.5498632197633625,43.45957854041889,43.41823250355505,0.16469336775741095,0.16246820634078776,0.23878702310530206
1,6209,0,1.4500000000000002,KF-DPC,-3.2895415826580847,0.4688628701162908,48.305671177411256,48.711268971053855,0.1990249749847528,0.28074475918202424,0.19211244759632137
1,6209,1,2.95,KF-DPC,-1.9334081827938732,0.6407065763706156,37.98921094359599,38.30335454211371,0.14547514642447293,0.2210336576833862,0.1261349257016688
1,6209,2,4.45,KF-DPC,-1.8359149113824542,0.6552522318397843,36.95688188633949,37.236523358395246,0.12997161245128597,0.20131014868774202,0.08428398589158427
1,6209,3,5.95,KF-DPC,-1.7369261429985838,0.6703589093355217,36.14214644473336,36.89990982053182,0.12468854585527057,0.19096144117576883,0.06652539670414573
1,6209,4,7.45,KF-DPC,-1.631786238329794,0.6867859092239704,35.0593331300298,36.52809908845601,0.12352520501926052,0.18386526339425774,0.05977660927702539
1,6209,5,8.950000000000001,KF-DPC,-1.5996064866333524,0.69189366042577,34.689978646263974,36.24456794394383,0.12184603844274959,0.18131769171071224,0.07444870326306206
1,6209,6,10.450000000000001,KF-DPC,-1.4773673821153577,0.7116447696564947,33.32214032192747,34.7883787385163,0.1190095317553325,0.17345097784564867,0.08758192307107107
1,6209,7,11.950000000000001,KF-DPC,-1.661371972449919,0.6821231717080045,35.498556919152676,36.427533308300745,0.12261828089027486,0.17087892344387595,0.09662831213409277
1,6209,8,13.450000000000001,KF-DPC,-1.5384953738418947,0.7016983617983771,34.05225557562661,34.81099840844587,0.11737773493698925,0.16904890812539117,0.09205966604290383
1,6209,9,14.950000000000001,KF-DPC,-1.4902249221693395,0.7095410197096689,33.56817842507484,33.61342906053002,0.11283246506508202,0.16779004400677086,0.08331818192138989
1,6209,10,16.45,KF-DPC,-1.4172052943970257,0.7215716646049244,32.66478817058902,32.726070128880195,0.10867654454665204,0.1663860446265201,0.0766435801912733
1,6209,11,17.95,KF-DPC,-1.4254302704967172,0.7202063943763305,32.75176531002924,32.77277357336807,0.1086256190582082,0.1655658535350024,0.074072805680635
1,6209,12,19.450000000000003,KF-DPC,-1.4784200663037503,0.7114722953461304,33.399785672143366,33.36669655103709,0.11096812999807079,0.16849650567103125,0.06945513356119505
1,6209,13,20.950000000000003,KF-DPC,-1.6670373221460764,0.681233925592353,35.322062321596135,35.28704310724448,0.11682370579498091,0.16881094315152828,0.06585358399972217
1,6209,14,22.450000000000003,KF-DPC,-1.6037345817606974,0.6912363078815082,34.551428093387514,34.53196050270956,0.1155794819375962,0.1627293821267027,0.06265340552028477
1,6209,15,23.950000000000003,KF-DPC,-1.4602133662807861,0.7144612241607368,33.15467687256424,33.127709796569306,0.10922422610531986,0.16245893930589386,0.05861257496447746
1,6209,16,25.450000000000003,KF-DPC,-1.5355452427289096,0.7021751823699786,34.03150439733084,34.00719492193519,0.11373336647021791,0.16682765888811546,0.05685869455136504
1,6209,17,26.950000000000003,KF-DPC,-1.4419219133090073,0.7174767110911616,32.817564322535745,32.79059272995292,0.10825665147487314,0.16214137345417193,0.05696347733812418
1,6209,18,28.450000000000003,KF-DPC,-1.3686405394146417,0.7296858861610415,32.132643193592386,32.104046044056446,0.10554408610850607,0.15766243653227918,0.0559280132563641
1,6209,19,29.950000000000003,KF-DPC,-1.349911861106614,0.7328394057660073,31.961757405517673,31.977490949941387,0.10620558957139956,0.16246820634078776,0.0573469454795754
1,6209,0,1.4500000000000002,Shore Broadcast,-2.1197495957839645,0.6137973942915022,39.97770028474573,44.548243390778445,0.15490178478666092,0.17138304615471342,0.16773594562503166
1,6209,1,2.95,Shore Broadcast,-3.0550468798816977,0.49487476896988,46.725717554613404,47.36639499843816,0.17009838141547998,0.16776536242442555,0.23695575536387542
1,6209,2,4.45,Shore Broadcast,-3.6576415572450323,0.4307604721126428,50.62730813526164,51.13133326127062,0.18649825599458647,0.17452867372278605,0.25934789673443676
1,6209,3,5.95,Shore Broadcast,-1.8902897920901531,0.647099435242658,38.013139415890876,42.83143768730124,0.15006291163071792,0.1711380373402149,0.16293970395085192
1,6209,4,7.45,Shore Broadcast,-2.0878835030990035,0.6183176585311675,39.35877363094063,41.70604951579836,0.1410078365995247,0.17422566870196365,0.14154348618310592
1,6209,5,8.950000000000001,Shore Broadcast,-1.5145509370350685,0.7055777974245252,33.66892671765884,33.73719890547324,0.11283590930683873,0.16990374634753672,0.15491354601810625
1,6209,6,10.450000000000001,Shore Broadcast,-3.4794503740669622,0.44880218497004826,49.57148834835656,50.085889376049664,0.1782446259765051,0.1701461370762729,0.21752199332954217
1,6209,7,11.950000000000001,Shore Broadcast,-2.4778550327211963,0.5652160643864114,42.71757671142784,43.86377424135917,0.15027453270704663,0.17647592041541627,0.15441364792367337
1,6209,8,13.450000000000001,Shore Broadcast,-1.237357458562902,0.7520803714017497,30.549003651286174,30.912785392756692,0.10395395858766064,0.16988716621370956,0.08081482356830721
1,6209,9,14.950000000000001,Shore Broadcast,-2.9799525019012347,0.5035061155243292,46.499121719754655,47.317976280056136,0.1699584051873511,0.17261355238276496,0.22477243722996446
1,6209,10,16.45,Shore Broadcast,-3.2033689824081364,0.4782589452891252,47.73318012211146,47.72245094665743,0.17297669059627133,0.17248347328545527,0.1986217347543112
1,6209,11,17.95,Shore Broadcast,-1.7835945480663309,0.6631939339553713,36.5332912690282,36.50816294314757,0.12256994590832088,0.17581462136501205,0.09378037320507862
1,6209,12,19.450000000000003,Shore Broadcast,-1.4007296310211135,0.724314262339274,32.48006185307649,32.46559180926262,0.11060214236304317,0.1739842829691664,0.06181566443641236
1,6209,13,20.950000000000003,Shore Broadcast,-3.459675010829699,0.45085044110381867,49.309789495202025,49.29158986231337,0.17896172293976448,0.1753752674656786,0.22295879625400505
1,6209,14,22.450000000000003,Shore Broadcast,-2.26753324125857,0.5932621971954227,40.84699483623412,40.82599260225339,0.13975338314093105,0.17466217869056552,0.14590942983061594
1,6209,15,23.950000000000003,Shore Broadcast,-2.1220475263937337,0.6134727089007939,39.53851255494151,39.63918906452363,0.13786261919032822,0.17159939363148044,0.15150275722294557
1,6209,16,25.450000000000003,Shore Broadcast,-1.5063140403159005,0.7069172770912393,33.59115589413028,33.67943833240134,0.11221217432877455,0.17184548404525843,0.07363658097286205
1,6209,17,26.950000000000003,Shore Broadcast,-3.388267673911987,0.4583246680952317,48.81621873504263,48.76829535173571,0.17626494076788135,0.16911570298216733,0.25111464252270776
1,6209,18,28.450000000000003,Shore Broadcast,-2.697484627020571,0.5373429277785446,44.26693525647583,44.276304492027855,0.15556102010518225,0.1768260917245792,0.1799336620869795
1,6209,19,29.950000000000003,Shore Broadcast,-2.36812697944192,0.5796786457052681,41.698090758184705,42.77582294344273,0.14500381191663514,0.17395923925417228,0.15935572935524944
2,7218,0,1.4500000000000002,No Algorithm,-4.035343222902117,0.3948804907130499,52.52414890899377,52.47212075452089,,,
2,7218,1,2.95,No Algorithm,-4.050456455172229,0.39350871445878766,52.674757061585666,52.62288880779564,,,
2,7218,2,4.45,No Algorithm,-4.068005030785214,0.3919218684598272,52.79598056081434,52.790813036639776,,,
2,7218,3,5.95,No Algorithm,-3.8298285969226624,0.414016014474403,51.50041395608752,51.47524867133823,,,
2,7218,4,7.45,No Algorithm,-3.704770213218869,0.42611122868557394,50.88719270496973,50.83764864809166,,,
2,7218,5,8.950000000000001,No Algorithm,-4.143513692881207,0.3851666095662186,53.27245488261881,53.22749327169415,,,
2,7218,6,10.450000000000001,No Algorithm,-3.739865967015081,0.4226816589651255,51.039994331723214,51.020389779285075,,,
2,7218,7,11.950000000000001,No Algorithm,-3.857763691860456,0.4113614885283523,51.73547738157575,51.68542912954766,,,
2,7218,8,13.450000000000001,No Algorithm,-3.8243068722384295,0.41454273918502577,51.35464583137882,51.36466126387269,,,
2,7218,9,14.950000000000001,No Algorithm,-3.9099051294741956,0.40645220791341674,51.993615175377926,51.97042731575011,,,
2,7218,10,16.45,No Algorithm,-3.8861801183802176,0.4086786858227928,51.96582179753094,52.036159938642996,,,
2,7218,11,17.95,No Algorithm,-3.5801742926368925,0.4385130988550899,50.163977442130594,50.34568353031439,,,
2,7218,12,19.450000000000003,No Algorithm,-3.739370251264874,0.42272990777394615,50.95261496096217,50.93376239288018,,,
2,7218,13,20.950000000000003,No Algorithm,-3.6731136840092526,0.42922858003113296,50.68204555806343,50.664983051353786,,,
2,7218,14,22.450000000000003,No Algorithm,-3.947693787228586,0.4029309439755447,52.17494225127,52.13861956222932,,,
2,7218,15,23.950000000000003,No Algorithm,-3.9220158446149114,0.4053203561030996,51.92610775523203,51.888861113327785,,,
2,7218,16,25.450000000000003,No Algorithm,-3.4968780497206584,0.4470048086006859,49.68008785115383,49.74624874258774,,,
2,7218,17,26.950000000000003,No Algorithm,-3.8792808827563334,0.40932843189319135,51.81459107880793,51.80942561129717,,,
2,7218,18,28.450000000000003,No Algorithm,-3.879809752847081,0.4092785882057268,51.660004595078405,51.61555498225902,,,
2,7218,19,29.950000000000003,No Algorithm,-4.21278517233541,0.3790718046062699,53.657229807248754,53.61093828075829,,,
2,7218,0,1.4500000000000002,DPC,-4.341870424524541,0.367970461564644,54.27137196511667,54.21721710376913,1.1120167783335528,1.757559978033478,0.7999631619479397
2,7218,1,2.95,DPC,-3.6769650529232303,0.4288481043643659,50.5954473287933,50.54871780436369,1.0050878901094684,1.680746174969462,0.6255141487455798
2,7218,2,4.45,DPC,-3.9800768239477207,0.39993767505394073,52.32343322306334,52.311975659061524,0.940890314116666,1.640910223365419,0.5701027344283629
2,7218,3,5.95,DPC,-3.872021881762543,0.4100131746655991,51.71158885760238,51.66027281446097,1.0482711634654889,1.7097687730045825,0.48642283623457344
2,7218,4,7.45,DPC,-3.7891384172349243,0.41791326688347885,51.21207880083555,51.16715772065935,1.0245260414170547,1.7104212007902513,0.44022308344211775
2,7218,5,8.950000000000001,DPC,-3.834577707142662,0.4135635258721935,51.483964241576366,51.47124213827756,1.0902043793099334,1.7805960063054131,0.3999189839241709
2,7218,6,10.450000000000001,DPC,-4.077655619270496,0.3910519339835988,52.87482252514144,52.82437213101408,1.069865272620081,1.723189778896542,0.3628526431764562
2,7218,7,11.950000000000001,DPC,-3.731722865708597,0.42347493831372585,50.925757323269806,50.878928752717435,0.9910649050883693,1.6899033812570186,0.354255650973611
2,7218,8,13.450000000000001,DPC,-3.8684151017998625,0.4103538286714533,51.70607804561093,51.669132004644126,1.0166879558345807,1.7585595669104266,0.34651519631977024
2,7218,9,14.950000000000001,DPC,-3.9912251934057945,0.39891234884227633,52.3581699748969,52.32150595106003,1.0307724284284947,1.7103522940234661,0.332382258957801
2,7218,10,16.45,DPC,-3.776319102028606,0.41914866745146095,51.30183205816374,51.26116130596814,1.0326747807150811,1.7206926597820864,0.31383374183339907
2,7218,11,17.95,DPC,-4.146370114971437,0.384913362811228,53.2978204976076,53.26367727824246,1.0246282296404159,1.7582475524328374,0.3043908015887503
2,7218,12,19.450000000000003,DPC,-3.784961315737804,0.4183154147294882,51.082459726335614,51.174849231625466,1.015663379193361,1.7436570574738899,0.29351380486165196
2,7218,13,20.950000000000003,DPC,-4.049608394996863,0.39358556361727204,52.69755925678752,52.657522388043105,1.0264213078226663,1.7677534838652134,0.2804424244819073
2,7218,14,22.450000000000003,DPC,-3.6622686246153795,0.4303017749824108,50.51469205372608,50.47743376550146,1.0394780742808418,1.748346794485005,0.26252060718888437
2,7218,15,23.950000000000003,DPC,-3.792218225220802,0.41761700791495027,51.33774217575204,51.291748745463465,1.0169421451377774,1.757084134056356,0.25315069167882
2,7218,16,25.450000000000003,DPC,-4.150565004510312,0.3845417510257675,53.29148346123528,53.263229939231245,1.0043287027505219,1.7315139805798194,0.24753084135238776
2,7218,17,26.950000000000003,DPC,-3.9367074070070025,0.403951531769615,52.12936158604528,52.07729341097536,1.0445109746049597,1.798022435682361,0.2428598754892853
2,7218,18,28.450000000000003,DPC,-3.683129279797959,0.42823984385248043,50.67042893885065,50.858451323689266,0.9934295410141726,1.7490227116467885,0.23720712313758305
2,7218,19,29.950000000000003,DPC,-3.688500147422385,0.427710572127539,50.737675787253856,50.806404203765155,0.9924475048392916,1.7552380899494568,0.2353267088378935
2,7218,0,1.4500000000000002,Node-KF DPC,-4.025872662955586,0.3957425371037888,52.564926990740275,52.51278280714055,0.47075100985387114,0.2676845004457511,0.7999631619479397
2,7218,1,2.95,Node-KF DPC,-3.9562606564933334,0.402136908005924,52.247304095053344,52.32166415411805,0.3670041715214432,0.22621201549313338,0.6255141487455798
2,7218,2,4.45,Node-KF DPC,-3.8000076174806092,0.41686865228635944,51.392594367988714,51.38660616120047,0.3332995246174271,0.20171424194571036,0.5701027344283629
2,7218,3,5.95,Node-KF DPC,-3.9050610477543106,0.40690581398963027,51.977540872559096,51.93171474661272,0.307172287953711,0.1908205428002955,0.48642283623457344
2,7218,4,7.45,Node-KF DPC,-3.6551892167801463,0.4310037792897788,50.590644920175556,50.59973234657531,0.2821703349741091,0.17799243145020116,0.44022308344211775
2,7218,5,8.950000000000001,Node-KF DPC,-3.7409078269379488,0.4225802710173565,50.95760271948513,50.95554569019067,0.2576903113208295,0.17296819361349278,0.3999189839241709
2,7218,6,10.450000000000001,Node-KF DPC,-3.3869153437611517,0.4584674059845521,48.79540067912573,48.751226765336334,0.23819511901370777,0.16918159167390667,0.3628526431764562
2,7218,7,11.950000000000001,Node-KF DPC,-3.584952962859375,0.43803085532627833,50.077002223108586,50.034896433558565,0.23580000610843005,0.17077646083773426,0.354255650973611
2,7218,8,13.450000000000001,Node-KF DPC,-3.25017570665505,0.4731321166175689,48.065758793877315,48.2134595022109,0.21782406883328656,0.1622420387954577,0.34651519631977024
2,7218,9,14.950000000000001,Node-KF DPC,-3.4764856290651847,0.44910866786593256,49.4499538631792,49.54979162245166,0.2122285239159276,0.16795811843416403,0.332382258957801
2,7218,10,16.45,Node-KF DPC,-3.1259811569968337,0.48685752201195714,47.185444950421555,47.205327169106184,0.1991476697388959,0.1703539161899905,0.31383374183339907
2,7218,11,17.95,Node-KF DPC,-3.1733204318541244,0.4815794615558048,47.55327834179799,47.5125155657454,0.1937185718899774,0.1638765325779772,0.3043908015887503
2,7218,12,19.450000000000003,Node-KF DPC,-3.107281557639419,0.4889583243410837,47.13882284532029,47.16307890341556,0.1944271245208458,0.16805421462958248,0.29351380486165196
2,7218,13,20.950000000000003,Node-KF DPC,-2.974954798098735,0.5040858656627573,46.23164247492033,46.2139755844033,0.18853041225305478,0.16230226493661046,0.2804424244819073
2,7218,14,22.450000000000003,Node-KF DPC,-3.0213569577601875,0.49872863481700913,46.51478488463369,46.48410558299681,0.18821974609773567,0.1617054613442636,0.26252060718888437
2,7218,15,23.950000000000003,Node-KF DPC,-3.12899691061252,0.48651956407429575,47.272563458958146,47.24735316613803,0.18107232049680497,0.1651410495262255,0.25315069167882
2,7218,16,25.450000000000003,Node-KF DPC,-3.046193677883759,0.49588461255112903,46.7469290014945,46.73862921994924,0.18043430672244684,0.16463904147599034,0.24753084135238776
2,7218,17,26.950000000000003,Node-KF DPC,-2.9007231167337757,0.512775997740479,45.70316771466875,45.669526080439944,0.18570903161377164,0.16971984883107266,0.2428598754892853
2,7218,18,28.450000000000003,Node-KF DPC,-2.9184576229879164,0.510686335692316,45.74418730708219,45.709042097292354,0.17940511568213327,0.1578121480048335,0.23720712313758305
2,7218,19,29.950000000000003,Node-KF DPC,-2.862117214506961,0.5173545566726114,45.51864993951676,45.483906508661384,0.1761048238090999,0.166831913937193,0.2353267088378935
2,7218,0,1.4500000000000002,KF-DPC,-3.052309453500368,0.49518679464215704,46.85719547731001,46.83929083499665,0.17948740255193932,0.2676845004457511,0.2218312079993857
2,7218,1,2.95,KF-DPC,-2.2908984390857894,0.5900789959878395,40.993940762799994,41.13281732007964,0.148928087020174,0.22621201549313338,0.15196616707650037
2,7218,2,4.45,KF-DPC,-1.8085865339591243,0.6593884665988344,36.7391358134985,36.839415387313444,0.12636496324858607,0.20171424194571036,0.10386906107344634
2,7218,3,5.95,KF-DPC,-1.7523602634122695,0.667980790891891,36.25186041450199,36.21891728399382,0.12384203764229522,0.1908205428002955,0.09078711078527162
2,7218,4,7.45,KF-DPC,-1.606542509662564,0.690789533981656,34.764558372090676,34.737200650754446,0.11612056564557191,0.17799243145020116,0.05658224996925245
2,7218,5,8.950000000000001,KF-DPC,-1.5039671633247784,0.7072993902212132,33.56840831735466,33.88554888209094,0.11245576793507119,0.17296819361349278,0.03932261470377857
2,7218,6,10.450000000000001,KF-DPC,-1.4697697794902178,0.7128908196322018,33.255629908191544,33.2695178379337,0.11234473979758745,0.16918159167390667,0.04369334925695098
2,7218,7,11.950000000000001,KF-DPC,-1.6138636626484524,0.6896260111396968,34.90662527972844,34.93771073299279,0.1161630714787147,0.17077646083773426,0.060104694308698706
2,7218,8,13.450000000000001,KF-DPC,-1.4226699182121925,0.7206642991785436,32.61719389254509,32.634765957128344,0.10862142741813734,0.1622420387954577,0.08545748897102154
2,7218,9,14.950000000000001,KF-DPC,-1.6070605094879826,0.6907071457557067,34.67851058179156,35.41625583098769,0.1175987892036156,0.16795811843416403,0.09557860952302452
2,7218,10,16.45,KF-DPC,-1.4487171508471892,0.7163549808649147,32.96498108206655,33.620252686811405,0.11160582654572927,0.1703539161899905,0.09396954648047708
2,7218,11,17.95,KF-DPC,-1.4275453341509179,0.7198557310444227,32.85952898371012,33.62542488874582,0.11354274399924907,0.1638765325779772,0.08917845743116891
2,7218,12,19.450000000000003,KF-DPC,-1.6455141767573664,0.6846184238709819,35.153373776613485,36.08844885609037,0.12037392081701914,0.16805421462958248,0.08390161669091273
2,7218,13,20.950000000000003,KF-DPC,-1.3330587567536487,0.7356887658771066,31.68500848460199,32.816449697525215,0.11137917924934457,0.16230226493661046,0.08286903519594087
2,7218,14,22.450000000000003,KF-DPC,-1.4556429535693063,0.7152135020748358,33.12135683687527,34.05740916902065,0.11421569413010027,0.1617054613442636,0.07981613438362745
2,7218,15,23.950000000000003,KF-DPC,-1.5686818055511704,0.6968379901064973,34.34254168487849,35.12370337761026,0.11735267856085299,0.1651410495262255,0.07594362375447176
2,7218,16,25.450000000000003,KF-DPC,-1.4435259686214947,0.717211761876221,32.97385314897813,33.95186984983646,0.11258521529250855,0.16463904147599034,0.07001637585368657
2,7218,17,26.950000000000003,KF-DPC,-1.5470560410838852,0.7003165598383756,34.09135985694349,34.34824639231232,0.114576456136838,0.16971984883107266,0.06417562305317281
2,7218,18,28.450000000000003,KF-DPC,-1.3419267673746968,0.734188069989158,31.823852989479473,32.28230315619222,0.10663531973548966,0.1578121480048335,0.056652534124051836
2,7218,19,29.950000000000003,KF-DPC,-1.3898137658243914,0.7261370949810917,32.453620289260165,32.56943922968785,0.11027342429481035,0.166831913937193,0.051052723765228736
2,7218,0,1.4500000000000002,Shore Broadcast,-1.5201158870095022,0.7046742652092771,33.78255731211975,34.8452173783901,0.11687015558938985,0.17543216286487606,0.08404319970868082
2,7218,1,2.95,Shore Broadcast,-1.7155362511990313,0.6736687081468337,35.76668479259996,35.765183765256694,0.12088867635550166,0.17537361196690754,0.16275598377338205
2,7218,2,4.45,Shore Broadcast,-1.9747660448421773,0.6346340879040415,38.35601787104894,40.49172894721153,0.13855024630982415,0.1762544531920337,0.17642406519955012
2,7218,3,5.95,Shore Broadcast,-1.5592184675363527,0.6983580654466901,34.20486254814844,34.17363445430771,0.11397175005488046,0.16896943050925498,0.09875180080500247
2,7218,4,7.45,Shore Broadcast,-2.3234083380327357,0.5856783444223366,41.38165080630556,42.326281870043445,0.1505894375185538,0.1736146947630352,0.24722639129855736
2,7218,5,8.950000000000001,Shore Broadcast,-1.4140075363094151,0.7221031614157961,32.63372071718344,33.552287276891704,0.11105724309939331,0.17566614002876654,0.09960936513555145
2,7218,6,10.450000000000001,Shore Broadcast,-1.2626441813820568,0.7477141196968785,30.925645246503187,31.007081027131132,0.10269166748939765,0.17062948460730376,0.021865086460992104
2,7218,7,11.950000000000001,Shore Broadcast,-2.21681203597401,0.6002315180350625,40.92214179423,44.55373735055388,0.15458446283154698,0.1746623052064863,0.17314793698804232
2,7218,8,13.450000000000001,Shore Broadcast,-1.9593182529593323,0.6368954916780908,38.142229993329224,38.10409973598779,0.1290536566177796,0.16824984656825134,0.17151567255974873
2,7218,9,14.950000000000001,Shore Broadcast,-1.323030955013692,0.7373894240812777,31.569478953638882,31.640666346772605,0.10626766111045285,0.1712255448001892,0.06047164213125512
2,7218,10,16.45,Shore Broadcast,-1.1832538848131042,0.7615082478565925,29.95465050245837,30.29697062063355,0.10067153632091691,0.17523771247144954,0.04923137355794483
2,7218,11,17.95,Shore Broadcast,-1.5859862582986453,0.6940669651184568,34.74933891209081,39.67936029433176,0.13352028111912365,0.17390122604374644,0.23176285744930697
2,7218,12,19.450000000000003,Shore Broadcast,-2.677038042652955,0.539878702832957,44.04359137072221,44.023072044827195,0.15251743600672263,0.17295608101691803,0.20227963890741144
2,7218,13,20.950000000000003,Shore Broadcast,-3.2283683916710393,0.4755138389922834,47.88941393098579,47.95767395283412,0.17061246183976425,0.16651196677101304,0.219399604418037
2,7218,14,22.450000000000003,Shore Broadcast,-3.075526016960059,0.4925466825409748,46.87045908722654,46.88596667029602,0.1662917367396156,0.17728525598585557,0.22269752633008152
2,7218,15,23.950000000000003,Shore Broadcast,-1.6580149367624533,0.682650647231904,35.26142455886265,35.638753155120064,0.1210880261787458,0.17025060926832253,0.12798032986360997
2,7218,16,25.450000000000003,Shore Broadcast,-2.2405571504611843,0.59695869865487,40.796874073478136,41.99113770411056,0.14292051747892479,0.17211137423019465,0.15969023768137106
2,7218,17,26.950000000000003,Shore Broadcast,-1.4844602975084795,0.7104834570715403,33.297693136959914,34.36642426684584,0.11391097674055782,0.17382353470265258,0.07045492847358341
2,7218,18,28.450000000000003,Shore Broadcast,-3.2399341758060443,0.47424917320167387,47.97694313129932,48.394726816809666,0.17436134157060393,0.17339115282714068,0.23470388093692535
2,7218,19,29.950000000000003,Shore Broadcast,-3.5161849860893084,0.4450220207014473,49.82368881614812,50.99555484510213,0.18750150859709958,0.17054926983244714,0.24637325868481186
3,8227,0,1.4500000000000002,No Algorithm,-3.97388193160144,0.4005085638914801,52.2654608020243,52.410455968262724,,,
3,8227,1,2.95,No Algorithm,-4.01414558724704,0.3968125884976026,52.47809589936663,52.4302995724076,,,
3,8227,2,4.45,No Algorithm,-4.16115065682775,0.3836055962897167,53.28058657816012,53.40882701167802,,,
3,8227,3,5.95,No Algorithm,-4.175097797849767,0.3823756429254661,53.40123880925767,53.37943150876768,,,
3,8227,4,7.45,No Algorithm,-4.15565913675397,0.3840909605605592,53.26058653846176,53.22057028950289,,,
3,8227,5,8.950000000000001,No Algorithm,-3.9272506708761097,0.40483209215145655,52.026642218460935,51.979446245114836,,,
3,8227,6,10.450000000000001,No Algorithm,-3.542111616084826,0.44237323042599663,49.7756847319637,49.757079934340915,,,
3,8227,7,11.950000000000001,No Algorithm,-4.124135285624058,0.3868890796148485,53.15532186481658,53.23217094720937,,,
3,8227,8,13.450000000000001,No Algorithm,-3.7775209558955885,0.41903268952166234,51.20878166096282,51.181881546293326,,,
3,8227,9,14.950000000000001,No Algorithm,-4.059306536726716,0.39270763630723216,52.89583472349366,52.92665654793835,,,
3,8227,10,16.45,No Algorithm,-4.102625588090216,0.3888100133885775,52.95683650143391,52.925993072008396,,,
3,8227,11,17.95,No Algorithm,-4.204628945985919,0.37978438573426604,53.58429412624744,53.64444579851126,,,
3,8227,12,19.450000000000003,No Algorithm,-4.204169745090071,0.37982454432657936,53.57572386142133,53.52277533723408,,,
3,8227,13,20.950000000000003,No Algorithm,-3.8747734446076527,0.40975348458205174,51.788369700667374,51.762101311689186,,,
3,8227,14,22.450000000000003,No Algorithm,-4.121995738514776,0.38707972706243426,53.011480229139224,52.95900206251466,,,
3,8227,15,23.950000000000003,No Algorithm,-3.7362233329117944,0.4230363308685571,50.99990726553736,50.956856917570995,,,
3,8227,16,25.450000000000003,No Algorithm,-3.9108763710180923,0.4063613204746146,51.89333409420867,51.92453436032784,,,
3,8227,17,26.950000000000003,No Algorithm,-3.944353527493181,0.4032409667311415,52.16531041186591,52.126547887105986,,,
3,8227,18,28.450000000000003,No Algorithm,-3.847925828951116,0.4122943820386085,51.5527019268815,51.50597596572232,,,
3,8227,19,29.950000000000003,No Algorithm,-3.7998737981904327,0.41688149747066006,51.268339713238234,51.28662482919914,,,
3,8227,0,1.4500000000000002,DPC,-3.791688614241659,0.41766793834305105,51.24787327515588,51.31515797341829,1.0255639921021222,1.6972348976249982,0.8273013539263189
3,8227,1,2.95,DPC,-3.625194801971044,0.43399079663279366,50.371845366549294,50.3857006314932,1.0282366680295612,1.69665533601107,0.657396467809223
3,8227,2,4.45,DPC,-3.866542031687503,0.4105308484811336,51.703169051900744,51.655985149383746,1.0301135219915438,1.7005878884320962,0.5616912088577292
3,8227,3,5.95,DPC,-3.4663999602395767,0.4501528498849803,49.31272518707781,49.265864700981105,1.0332322606380095,1.6902041271013994,0.49393786330250694
3,8227,4,7.45,DPC,-3.92202972318108,0.40531906083994795,51.83837988234893,51.822972506820726,1.0013829846025633,1.7452269615112779,0.4550882907660758
3,8227,5,8.950000000000001,DPC,-3.8261932874424804,0.4143627161943685,51.42495842383412,51.41825102845491,1.0364941625474449,1.7400195130239224,0.40500793484150516
3,8227,6,10.450000000000001,DPC,-3.62052677570463,0.4344575236289488,50.200069565666126,50.15280626630975,0.9883804359986719,1.710798678774151,0.3905606249433381
3,8227,7,11.950000000000001,DPC,-3.8172305384012777,0.41521873993763625,51.37724373711934,51.39077482635671,1.0098616826562985,1.7391236120116862,0.3602099723131951
3,8227,8,13.450000000000001,DPC,-3.647972521054912,0.43172057607101605,50.507566707424125,50.610174826149304,1.0036111450204876,1.7146445523143725,0.33447984106066475
3,8227,9,14.950000000000001,DPC,-4.115587209966398,0.387651330594864,53.06770233666902,53.01902895969923,0.9889363400329438,1.7135707366497561,0.3199115130076823
3,8227,10,16.45,DPC,-4.070023075552515,0.39173979565461736,52.773850866239144,52.818895030574126,1.0520150756293674,1.7396690849132885,0.30673565239435735
3,8227,11,17.95,DPC,-4.026533438060708,0.39568232981698015,52.52775874869163,52.5036948423848,1.0786867564023177,1.7722202536871614,0.2918251748640882
3,8227,12,19.450000000000003,DPC,-3.7345685336667955,0.42319755179485624,51.022152309960255,51.018432632698705,1.0052539821829456,1.7463153754053384,0.277714696640586
3,8227,13,20.950000000000003,DPC,-3.862842118829037,0.4108807436852834,51.65552512369991,51.65779154424593,1.012893826260811,1.7191132798959852,0.2723719520069215
3,8227,14,22.450000000000003,DPC,-3.92074483130689,0.4054389951787345,52.072514228659976,52.071554090114624,1.043531215736745,1.7429146206289843,0.2635327705456481
3,8227,15,23.950000000000003,DPC,-3.6364044156422115,0.4328720635175554,50.378724431553735,50.36678859589764,1.0336445558975156,1.7488178468973032,0.2546243506959219
3,8227,16,25.450000000000003,DPC,-3.6966362798449826,0.42691004336712063,50.681554145839286,50.63609013932183,1.0231890959684338,1.7657199219832835,0.24636040284541685
3,8227,17,26.950000000000003,DPC,-4.182390461869899,0.3817340973230047,53.32969114176163,53.28439171571211,1.041163331838386,1.761225520288007,0.24487427562507394
3,8227,18,28.450000000000003,DPC,-3.902918990689596,0.4071065603719325,51.88998578487754,51.85061048563282,0.9840965076193062,1.7762509162170468,0.24538048016876182
3,8227,19,29.950000000000003,DPC,-3.872954871474075,0.4099251014796999,51.644922062197125,51.60728409525044,1.0141216958137247,1.7640133624326846,0.23973680333599034
3,8227,0,1.4500000000000002,Node-KF DPC,-3.8496707865685913,0.4121287590016402,51.63371967432179,51.58208376389845,0.47712474312645703,0.2711677132592864,0.8273013539263189
3,8227,1,2.95,Node-KF DPC,-3.6445405629798824,0.43206187271643093,50.438672792980704,50.44761733113937,0.40211319066787665,0.22322102684587752,0.657396467809223
3,8227,2,4.45,Node-KF DPC,-3.793347183640063,0.4175084615295084,51.308244024378524,51.35772512528649,0.3398874513171816,0.20267018026245717,0.5616912088577292
3,8227,3,5.95,Node-KF DPC,-3.9687165848607906,0.4009851981656847,52.28493120236821,52.25073061946051,0.29501349333435434,0.19183333926205787,0.49393786330250694
3,8227,4,7.45,Node-KF DPC,-3.932788679712359,0.404316189933545,52.09010234263129,52.12598203300164,0.27932492324345504,0.18094529358743064,0.4550882907660758
3,8227,5,8.950000000000001,Node-KF DPC,-3.408728966622399,0.4561704020982046,49.15701655800595,49.12461815680739,0.26010984170901974,0.17330624419600799,0.40500793484150516
3,8227,6,10.450000000000001,Node-KF DPC,-3.511914564938837,0.44545982642615056,49.678700842943975,49.68215459877364,0.2532772857341045,0.17349810239325358,0.3905606249433381
3,8227,7,11.950000000000001,Node-KF DPC,-3.279070456332729,0.4699946933140746,48.151592975473505,48.10344247518529,0.2488398196204425,0.1683787714102787,0.3602099723131951
3,8227,8,13.450000000000001,Node-KF DPC,-3.3621413399758513,0.46109017257563556,48.772584090316855,48.72787832478644,0.2250810660928462,0.16608783558211804,0.33447984106066475
3,8227,9,14.950000000000001,Node-KF DPC,-3.3299700469297413,0.4645184789721029,48.5435068141114,48.49829446017574,0.2136120135641087,0.16630038960346874,0.3199115130076823
3,8227,10,16.45,Node-KF DPC,-3.236931659224012,0.4745771611001445,47.88127886923978,47.84317546183163,0.2086344210674995,0.16238878042557825,0.30673565239435735
3,8227,11,17.95,Node-KF DPC,-3.0111838760826304,0.49989824536878785,46.4366306124572,46.397670142799534,0.20015012664312185,0.15725080416375448,0.2918251748640882
3,8227,12,19.450000000000003,Node-KF DPC,-2.966992526288341,0.5050108947355988,46.19243012737641,46.166630799947384,0.18881190745168955,0.16270172913999223,0.277714696640586
3,8227,13,20.950000000000003,Node-KF DPC,-2.996753816163512,0.5015619918053906,46.36904876130034,46.3228608666707,0.18430083482715376,0.16353109630850093,0.2723719520069215
3,8227,14,22.450000000000003,Node-KF DPC,-2.7193348975143232,0.5346462317957882,44.43801824861586,44.41513909609125,0.18340099435531082,0.15842874093966375,0.2635327705456481
3,8227,15,23.950000000000003,Node-KF DPC,-2.7410911642720412,0.5319745839355077,44.70012929354981,44.71836872961261,0.1762606772382194,0.1662925593986279,0.2546243506959219
3,8227,16,25.450000000000003,Node-KF DPC,-2.6331200234125083,0.5453659229309291,43.77528592326811,43.74142087738385,0.1694605813220938,0.15801467810543535,0.24636040284541685
3,8227,17,26.950000000000003,Node-KF DPC,-2.8144570891947556,0.5230633501571442,45.11065159670182,45.06681284258912,0.16719128597101984,0.1611336425606748,0.24487427562507394
3,8227,18,28.450000000000003,Node-KF DPC,-2.408354217461452,0.5743340679892478,42.087683702670375,42.0628733763603,0.16351843970908314,0.16279283215706275,0.24538048016876182
3,8227,19,29.950000000000003,Node-KF DPC,-2.5556559964733827,0.5551807514161511,43.26311526270703,43.24461606378227,0.1672266493455237,0.16520702533092038,0.23973680333599034
3,8227,0,1.4500000000000002,KF-DPC,-3.110285548121961,0.48862023156266315,47.1645580083289,47.47285202125931,0.19293701194975127,0.2711677132592864,0.17191772117947482
3,8227,1,2.95,KF-DPC,-2.2536463139330443,0.5951622385725663,40.775643825000856,40.75511584448068,0.14090817635939804,0.22322102684587752,0.1209341950795584
3,8227,2,4.45,KF-DPC,-2.1799794720661696,0.6053437360444222,40.191512201536874,40.332680906790486,0.13788895645856453,0.20267018026245717,0.13998754596239116
3,8227,3,5.95,KF-DPC,-1.8144293153766458,0.6585019547015681,36.79929704845497,36.7744458664101,0.12416127497434941,0.19183333926205787,0.10528816124216105
3,8227,4,7.45,KF-DPC,-1.7550838619774205,0.6675620102615498,36.2013533122354,36.167239321867946,0.1195664359527165,0.18094529358743064,0.09602615838606936
3,8227,5,8.950000000000001,KF-DPC,-1.483853126097289,0.7105827941384028,33.39654938118968,33.41156893648274,0.11112429062243669,0.17330624419600799,0.07418993516409597
3,8227,6,10.450000000000001,KF-DPC,-1.5714192062064067,0.6963989046907977,34.320863457870665,34.30178875146996,0.11350392357334392,0.17349810239325358,0.06737505641488442
3,8227,7,11.950000000000001,KF-DPC,-1.43695421845341,0.7182978692587331,32.921458253680086,32.920338287897756,0.10973644241798211,0.1683787714102787,0.053850835758254625
3,8227,8,13.450000000000001,KF-DPC,-1.313290058728439,0.7390451888914454,31.443655590948875,31.424096911303945,0.10478681378119065,0.16608783558211804,0.04050967919167366
3,8227,9,14.950000000000001,KF-DPC,-1.228062544914679,0.7536917223198181,30.4616296016196,30.7068251462443,0.10151843576040694,0.16630038960346874,0.02909344744457643
3,8227,10,16.45,KF-DPC,-1.20525223971613,0.757660726394551,30.166906601725774,30.169616845980137,0.10020443413188689,0.16238878042557825,0.024366280527571265
3,8227,11,17.95,KF-DPC,-1.1626595424305213,0.7651279126437018,29.67642511208237,29.655662208294643,0.09854351318039689,0.15725080416375448,0.023568990863308627
3,8227,12,19.450000000000003,KF-DPC,-1.2070343192550408,0.7573498924443531,30.22962850597101,30.205380952629024,0.09970618943721853,0.16270172913999223,0.020512148271455772
3,8227,13,20.950000000000003,KF-DPC,-1.439787784299077,0.7178293667666175,32.91062936723251,32.88158254982652,0.10966592830296046,0.16353109630850093,0.019176848636331338
3,8227,14,22.450000000000003,KF-DPC,-1.360330271881631,0.7310834839975138,32.176749822835106,32.19347478158691,0.10608714023590345,0.15842874093966375,0.019841730457023362
3,8227,15,23.950000000000003,KF-DPC,-1.3598975103017072,0.7311563379297429,32.024843402516495,32.00097073124078,0.10865964638115712,0.1662925593986279,0.02163518718157782
3,8227,16,25.450000000000003,KF-DPC,-1.3397209742512817,0.7345610607590134,31.848987158651347,31.85739072080237,0.10623009622594651,0.15801467810543535,0.025653138348276497
3,8227,17,26.950000000000003,KF-DPC,-1.3348333191124362,0.7353882189076498,31.69546167564068,31.673276701897837,0.10415950489811422,0.1611336425606748,0.031962197413848425
3,8227,18,28.450000000000003,KF-DPC,-1.3701525865316233,0.729431881691279,32.23416439727581,32.35360527977644,0.10652332638838444,0.16279283215706275,0.03732560642879043
3,8227,19,29.950000000000003,KF-DPC,-1.417281515897476,0.7215590006649903,32.70986202717085,32.81789553435414,0.10881987630389738,0.16520702533092038,0.04108172710458383
3,8227,0,1.4500000000000002,Shore Broadcast,-1.5543672102435777,0.6991385974883387,34.15244195311942,36.15163331846703,0.12042326004630509,0.1739524839211961,0.0937032555220861
3,8227,1,2.95,Shore Broadcast,-1.764817410223673,0.6660675240865725,36.38821050352556,37.046029349311,0.12487461244329964,0.17496003750931957,0.1555614422492301
3,8227,2,4.45,Shore Broadcast,-1.57013613504727,0.6966046778220223,34.44157055686767,34.81772143329372,0.1184853359915253,0.17510297135067596,0.15617145015641032
3,8227,3,5.95,Shore Broadcast,-1.5130032819313137,0.7058292824696476,33.76178615558617,34.15272390846243,0.11615782357845388,0.1750881160363954,0.10459576823167056
3,8227,4,7.45,Shore Broadcast,-1.3523387690402018,0.7324299976344749,31.997995443410172,32.027166201684835,0.1083320125474538,0.16853051627563037,0.14660342357973172
3,8227,5,8.950000000000001,Shore Broadcast,-1.6124353395946605,0.6898528550821351,35.054494791419415,37.48271020190173,0.12741074076918862,0.17084583458057176,0.11140785026721606
3,8227,6,10.450000000000001,Shore Broadcast,-3.5491469696567144,0.4416571880329648,50.43798500438607,52.11757170914788,0.1875410817175252,0.17572058023388054,0.2303343930441952
3,8227,7,11.950000000000001,Shore Broadcast,-1.3664987844139918,0.7300458248384312,32.19718335929935,37.66544413718146,0.12591280744699337,0.16640528435606275,0.16689247663410625
3,8227,8,13.450000000000001,Shore Broadcast,-1.6202561475891746,0.6886116807180156,34.77509651785343,34.7867286166485,0.11821021885579301,0.17199348659334424,0.1111833643554535
3,8227,9,14.950000000000001,Shore Broadcast,-1.3450156532665734,0.733666070062572,31.770048797271006,32.57459069119868,0.10783879223735285,0.17756270377862443,0.07467451516969913
3,8227,10,16.45,Shore Broadcast,-1.8448844890764848,0.6539003218042535,37.15985692788928,37.98393878714431,0.13025011231628927,0.17205129273010658,0.13328452136513863
3,8227,11,17.95,Shore Broadcast,-3.2708882879620873,0.4708810044945033,48.393348610008495,49.32636254973946,0.18537230959218454,0.1689832626642691,0.2970772497199397
3,8227,12,19.450000000000003,Shore Broadcast,-2.8502963719124477,0.5187646361044121,45.364764171385964,45.50435954286759,0.16259519796506083,0.17214498355559588,0.20733989160428812
3,8227,13,20.950000000000003,Shore Broadcast,-1.9462586463033236,0.6388135733873,38.07758908964748,38.46796659319964,0.1311015190086378,0.16995306453762496,0.15826183710139222
3,8227,14,22.450000000000003,Shore Broadcast,-1.305470575202035,0.7403770403317539,31.50201926622608,31.598408687425053,0.104384506349327,0.16866624185603105,0.07367267902523408
3,8227,15,23.950000000000003,Shore Broadcast,-1.618686797044734,0.688860559863073,34.891248621635846,35.69331693493838,0.1217679065357291,0.17580525219502094,0.13981393925259925
3,8227,16,25.450000000000003,Shore Broadcast,-3.451571519164488,0.4516924673232097,49.19354566995153,49.14453525507296,0.1742692074267596,0.17580260040448276,0.22679309421235594
3,8227,17,26.950000000000003,Shore Broadcast,-3.35479564137501,0.46187072485514385,48.61334356823854,48.71054611817031,0.18103837266762143,0.17170074606246705,0.24991736052625627
3,8227,18,28.450000000000003,Shore Broadcast,-1.7783347307889916,0.6639976264425334,36.43923621936089,36.67322946088869,0.12520959499421946,0.1720529335023839,0.11574089090843655
3,8227,19,29.950000000000003,Shore Broadcast,-3.586637178202507,0.43786101774204356,50.257866153260046,50.463755129591256,0.18560448786263958,0.17681586724246304,0.24123027907776412
4,9236,0,1.4500000000000002,No Algorithm,-3.7889062817501302,0.4179356054338437,51.31085732044416,51.26532236617937,,,
4,9236,1,2.95,No Algorithm,-3.9457318493962146,0.4031130103115761,52.09666755695023,52.05056254474586,,,
4,9236,2,4.45,No Algorithm,-4.274150583398772,0.3737532189068302,53.86501365079096,53.81459199821976,,,
4,9236,3,5.95,No Algorithm,-3.8362884015389636,0.41340065447617985,51.42231331377678,51.3770095080266,,,
4,9236,4,7.45,No Algorithm,-3.985475058798655,0.39944086554781255,52.29065857601296,52.247117423174636,,,
4,9236,5,8.950000000000001,No Algorithm,-3.992857063735358,0.3987624848752322,52.43229554599544,52.381634217786235,,,
4,9236,6,10.450000000000001,No Algorithm,-3.8766877185144564,0.4095729141182134,51.68960572067113,51.66129336449974,,,
4,9236,7,11.950000000000001,No Algorithm,-4.166643974748607,0.38312068675885563,53.461655128903004,53.432360912850406,,,
4,9236,8,13.450000000000001,No Algorithm,-3.7691185720562337,0.4198441853605204,51.11768235474207,51.06919147173153,,,
4,9236,9,14.950000000000001,No Algorithm,-3.7587300130138046,0.4208496774897482,51.021120007161386,51.021220561185096,,,
4,9236,10,16.45,No Algorithm,-4.015513739495421,0.39668760083319726,52.650228826959435,52.67002599611749,,,
4,9236,11,17.95,No Algorithm,-4.055311741975493,0.39306902891148154,52.719613762475205,52.97732149223085,,,
4,9236,12,19.450000000000003,No Algorithm,-3.8263115074721012,0.41435143691086346,51.42101418477861,51.42607397849302,,,
4,9236,13,20.950000000000003,No Algorithm,-3.8730013634928517,0.40992071317998663,51.74616695252543,51.69692029716373,,,
4,9236,14,22.450000000000003,No Algorithm,-3.8690529224165426,0.410293567046118,51.73642947587298,51.69941967000771,,,
4,9236,15,23.950000000000003,No Algorithm,-4.015687512651469,0.39667172858979094,52.44007976702598,52.40300744459299,,,
4,9236,16,25.450000000000003,No Algorithm,-3.776433014818279,0.4191376735821366,51.207588343231706,51.2059938852311,,,
4,9236,17,26.950000000000003,No Algorithm,-3.8223720253235367,0.4147274653255974,51.391240596375674,51.48162745779274,,,
4,9236,18,28.450000000000003,No Algorithm,-3.673914777105129,0.4291494124720054,50.61003019795961,50.68596257399493,,,
4,9236,19,29.950000000000003,No Algorithm,-4.01561436252977,0.39667840996171727,52.51100675003735,52.48773554553968,,,
4,9236,0,1.4500000000000002,DPC,-3.8462492112025193,0.41245358128173354,51.56499874183046,51.60324074553323,1.1598552377834472,1.7601284114284208,0.807526818989414
4,9236,1,2.95,DPC,-3.445134351324058,0.45236246804080604,49.215988406267684,49.266499858490796,1.0848815585861469,1.7537426667682328,0.6313528966602152
4,9236,2,4.45,DPC,-3.6903843026264265,0.42752505323470485,50.806682763146455,50.81044393169527,1.0689665279522578,1.7122374016473065,0.5702882891892287
4,9236,3,5.95,DPC,-4.480450419755837,0.3564141667334201,54.92606355944688,54.87945121014236,1.0066716386093237,1.7209095274081714,0.5134418116366292
4,9236,4,7.45,DPC,-3.449937832709273,0.4518624125346814,49.34209405818497,49.293884009887236,1.0317926743548427,1.7264506240098179,0.47380405686181565
4,9236,5,8.950000000000001,DPC,-3.7599901377599148,0.4207275837987778,51.12825407003586,51.078490360520156,1.015138063247239,1.7056855014572256,0.4308680773139386
4,9236,6,10.450000000000001,DPC,-3.8391588380618114,0.4131275107171608,51.586452931327585,51.535028257456055,1.0348179863515037,1.6868645667653546,0.3995123553731371
4,9236,7,11.950000000000001,DPC,-4.0137464416755755,0.39684905989491187,52.42954048261631,52.37712348380941,1.0907010144194726,1.7995825812053414,0.38266603258762116
4,9236,8,13.450000000000001,DPC,-4.071359774983014,0.3916192420193651,52.84443076967963,52.799443432096346,1.0261821513247271,1.7241282949467602,0.3614656434474446
4,9236,9,14.950000000000001,DPC,-3.6848281326372305,0.428072359753503,50.68025144715008,50.68269876153467,1.0223295849110727,1.7095963825267015,0.33282733084911587
4,9236,10,16.45,DPC,-3.8491431648639796,0.41217883131357536,51.527209374844794,51.48038542113203,0.9895058498717767,1.7131906658538578,0.3085004197299621
4,9236,11,17.95,DPC,-3.9887351816376455,0.399141129379533,52.40523250138494,52.356440066921664,1.0101043772637395,1.7233622942973579,0.30042730556659475
4,9236,12,19.450000000000003,DPC,-3.8460596371673885,0.41247158570028797,51.707050052431164,51.72911067989308,0.981981489365287,1.7072408481325347,0.27855462719660706
4,9236,13,20.950000000000003,DPC,-3.850410213771891,0.4120585961772253,51.747637893327976,52.06348514018639,0.9646241408015542,1.706881909371882,0.2670403552828338
4,9236,14,22.450000000000003,DPC,-3.820207539292346,0.4149342134138075,51.516395950647755,51.50650916251273,0.9996177201422703,1.7559427869183428,0.2578254627373567
4,9236,15,23.950000000000003,DPC,-3.5712492530212376,0.4394151989745576,50.00494421285487,50.073820610181656,0.9993789934166858,1.7432242470840318,0.2494735873310827
4,9236,16,25.450000000000003,DPC,-3.792968689280542,0.4175448496234332,51.32320731534654,51.45122372308234,0.9893434015556563,1.7016383371660913,0.25253661683412865
4,9236,17,26.950000000000003,DPC,-3.660856855015861,0.43044167676312567,50.49673669504256,50.451935172047456,1.0202730013509527,1.7745424239724448,0.24980420190843275
4,9236,18,28.450000000000003,DPC,-3.5078683538701765,0.4458750433936176,49.6689059834378,49.659065567984086,0.9301742396126575,1.6626134139882862,0.24175341533922617
4,9236,19,29.950000000000003,DPC,-3.730676925241166,0.42357693889962156,50.906417313502445,50.886681173664016,1.0058216813636327,1.7304274110844524,0.23814338770966134
4,9236,0,1.4500000000000002,Node-KF DPC,-4.099634514203187,0.38907788693874773,52.98514464150431,52.95851835790881,0.48728133879974433,0.2555423990501711,0.807526818989414
4,9236,1,2.95,Node-KF DPC,-3.906718477525877,0.4067505531785222,51.956209615911774,51.90775765861914,0.40034665599682395,0.21825841370276924,0.6313528966602152
4,9236,2,4.45,Node-KF DPC,-4.189216813368007,0.38113454924293827,53.437574640184124,53.39192577020441,0.36181084061698615,0.2022714614314569,0.5702882891892287
4,9236,3,5.95,Node-KF DPC,-3.7567382757381633,0.42104272950048793,51.15288574895832,51.142028236559575,0.3198993008537153,0.19403483969514546,0.5134418116366292
4,9236,4,7.45,Node-KF DPC,-3.7610866289787612,0.420621373407315,51.09772074417283,51.09688331832242,0.2896029817694693,0.1821042320670004,0.47380405686181565
4,9236,5,8.950000000000001,Node-KF DPC,-3.2905206021835838,0.4687571874081079,48.17510720874387,48.12778050530515,0.25883494205576146,0.17967225898515962,0.4308680773139386
4,9236,6,10.450000000000001,Node-KF DPC,-3.676159151387365,0.4289276912412349,50.60135612811753,50.55373562204039,0.2458993597060777,0.17373424949498903,0.3995123553731371
4,9236,7,11.950000000000001,Node-KF DPC,-3.5423193402737847,0.44235207210444955,49.83102395817452,49.79234685600705,0.23306985126453392,0.16756255319651692,0.38266603258762116
4,9236,8,13.450000000000001,Node-KF DPC,-3.390898476573847,0.4580471152648766,48.87040778601434,48.864504022472275,0.2360455700747385,0.17413526584494088,0.3614656434474446
4,9236,9,14.950000000000001,Node-KF DPC,-3.3661269786829235,0.4606672116810743,48.76184254147453,48.71323413158477,0.22123806042708696,0.16407396513903139,0.33282733084911587
4,9236,10,16.45,Node-KF DPC,-3.0814214767399264,0.4918785139937022,46.88223090385449,46.85366305265562,0.2002716817860415,0.16049716315111295,0.3085004197299621
4,9236,11,17.95,Node-KF DPC,-3.1449518259479263,0.48473548951589335,47.409855967350296,47.37073789366071,0.2013656995479693,0.16721809386248246,0.30042730556659475
4,9236,12,19.450000000000003,Node-KF DPC,-3.211470775694222,0.4773675816341503,47.84497363571055,47.79716907071265,0.19177039811330987,0.16383394134990417,0.27855462719660706
4,9236,13,20.950000000000003,Node-KF DPC,-3.098847196534487,0.48990884488971187,47.096510089097436,47.07236260491173,0.1861989432586604,0.1628467997732574,0.2670403552828338
4,9236,14,22.450000000000003,Node-KF DPC,-2.9393830463172566,0.5082316362268676,45.88615499191222,45.84197158546797,0.18541093665245698,0.16317651285346405,0.2578254627373567
4,9236,15,23.950000000000003,Node-KF DPC,-2.7851497869758295,0.5266050521168496,44.89126933599059,44.9477298175601,0.1809704700445301,0.1616584986998317,0.2494735873310827
4,9236,16,25.450000000000003,Node-KF DPC,-2.734017007890339,0.532841815315881,44.51722699451214,44.522747480860616,0.18491125442240008,0.16009633083294397,0.25253661683412865
4,9236,17,26.950000000000003,Node-KF DPC,-2.810448818705968,0.5235463282473858,45.00608791723447,45.02120028656534,0.18531431799537204,0.1605699830168925,0.24980420190843275
4,9236,18,28.450000000000003,Node-KF DPC,-2.8411889884181587,0.5198536542709236,45.265319945013346,45.242387808224706,0.17876167582770608,0.1623167882543325,0.24175341533922617
4,9236,19,29.950000000000003,Node-KF DPC,-2.7125051368115036,0.5354876835480029,44.39376245377681,44.352874146619385,0.1788081751398128,0.1658051362926452,0.23814338770966134
4,9236,0,1.4500000000000002,KF-DPC,-2.796774085676055,0.5251974290149648,44.96786440380007,44.92871219163284,0.17513632306840332,0.2555423990501711,0.144215145857696
4,9236,1,2.95,KF-DPC,-2.5680888885432736,0.5535936643357762,43.257712595344316,43.29142420146943,0.1534295245350508,0.21825841370276924,0.13407725829939782
4,9236,2,4.45,KF-DPC,-2.1572166979125225,0.6085248671389485,39.99627831074961,40.12334874076404,0.13697458110957975,0.2022714614314569,0.10834627861634281
4,9236,3,5.95,KF-DPC,-1.9347902487792747,0.6405027151841535,37.94439796093766,37.990955759502555,0.1305808987433583,0.19403483969514546,0.09680722457941995
4,9236,4,7.45,KF-DPC,-1.5352963146948537,0.7022154306587342,33.96377398532815,33.937596374815186,0.11641264581047175,0.1821042320670004,0.0810901021709692
4,9236,5,8.950000000000001,KF-DPC,-1.6624276264507745,0.6819573859162136,35.28672537263349,35.286606393085435,0.11763892320352408,0.17967225898515962,0.05717686241653095
4,9236,6,10.450000000000001,KF-DPC,-1.6015818157516275,0.6915790336041527,34.62065794440106,34.58621045964956,0.11715414157045782,0.17373424949498903,0.05971098476754421
4,9236,7,11.950000000000001,KF-DPC,-1.4434915993773612,0.717217437776953,32.89106925920827,32.85827814705417,0.11138610050874366,0.16756255319651692,0.0695213768488525
4,9236,8,13.450000000000001,KF-DPC,-1.770577152417192,0.6651847510955248,36.39668560144897,36.41344448056708,0.12217493078229792,0.17413526584494088,0.07435675884491692
4,9236,9,14.950000000000001,KF-DPC,-1.5480734605847042,0.7001525162457031,34.11992595881265,34.22162346147631,0.11586352218591794,0.16407396513903139,0.07513971827151955
4,9236,10,16.45,KF-DPC,-1.5486672985388905,0.7000567865667447,34.12150178594527,34.212492854581804,0.1162825135874331,0.16049716315111295,0.06766000557777509
4,9236,11,17.95,KF-DPC,-1.5671777221570387,0.6970793664093441,34.3142114482964,34.327721866985954,0.1156767806676641,0.16721809386248246,0.062080740201225816
4,9236,12,19.450000000000003,KF-DPC,-1.5194933129323993,0.7047752896052657,33.92997931855336,34.02118650689036,0.11526347641699886,0.16383394134990417,0.05360312376006178
4,9236,13,20.950000000000003,KF-DPC,-1.5113759416554706,0.7060938125739681,33.674946654460925,33.64384741328418,0.1131141533902834,0.1628467997732574,0.04189485520280635
4,9236,14,22.450000000000003,KF-DPC,-1.4364486410902644,0.7183814936879453,32.908650173063535,32.87815741921253,0.10896414198144222,0.16317651285346405,0.03135973985754333
4,9236,15,23.950000000000003,KF-DPC,-1.2674349252002806,0.746889763886679,30.811388559321408,30.828365488418523,0.10358228821854765,0.1616584986998317,0.02286553822150541
4,9236,16,25.450000000000003,KF-DPC,-1.2162550243558496,0.75574363395647,30.29858132910205,30.28639940759371,0.09973796510943618,0.16009633083294397,0.014652080696470768
4,9236,17,26.950000000000003,KF-DPC,-1.309441904246196,0.7397003251000058,31.48565542387599,31.462661449601356,0.10421361308136574,0.1605699830168925,0.008676602271895312
4,9236,18,28.450000000000003,KF-DPC,-1.2250678197454754,0.7542116179315528,30.41539927631246,30.407263178800353,0.10149365524457567,0.1623167882543325,0.010444742803299226
4,9236,19,29.950000000000003,KF-DPC,-1.3590439605472553,0.7313000513937633,32.09328350928206,32.07149885735156,0.10565566403711328,0.1658051362926452,0.01547686861957062
4,9236,0,1.4500000000000002,Shore Broadcast,-1.3100805641652906,0.7395915550752674,31.43974740265683,31.781984426923245,0.10659877320286353,0.17422294072064476,0.05593680497072606
4,9236,1,2.95,Shore Broadcast,-5.057041781427552,0.3121014755027688,58.14943544139765,58.90283819872864,0.23951479983388319,0.17463115918616884,0.2959141441290201
4,9236,2,4.45,Shore Broadcast,-2.811465305460171,0.5234238040948741,45.54785269773365,48.07929508813262,0.17390811005179557,0.17654661807437858,0.21023347407826343
4,9236,3,5.95,Shore Broadcast,-1.768258065749131,0.6655400475815191,36.76807416836362,42.731604074027125,0.14640638471936626,0.16970476166979284,0.15231895442599708
4,9236,4,7.45,Shore Broadcast,-2.073042293949749,0.6204342590369814,39.43127389684972,43.40141851513831,0.15022707771160548,0.17426518281026995,0.15979822118531364
4,9236,5,8.950000000000001,Shore Broadcast,-1.5484792081643182,0.7000871062691807,34.334214737294666,39.3117402177091,0.13293499458336555,0.17272913148998267,0.18181027192667545
4,9236,6,10.450000000000001,Shore Broadcast,-1.3501304425873395,0.7328025227066753,31.91510653081128,33.09911133719344,0.11031106077114584,0.16970034110763021,0.0965297759858337
4,9236,7,11.950000000000001,Shore Broadcast,-1.4819677313326398,0.7108913451297052,33.59859486632749,38.790318732386204,0.12967075919339638,0.1700719005836025,0.1742008034952036
4,9236,8,13.450000000000001,Shore Broadcast,-2.5451986066769203,0.5565191835657863,43.35392145996284,45.178320614390685,0.15960274047061346,0.16872623962095115,0.19140445623705166
4,9236,9,14.950000000000001,Shore Broadcast,-3.043571692949905,0.4961840855134913,46.692962090802205,48.27341729177087,0.17132065503211608,0.17225273366537316,0.23044243969572054
4,9236,10,16.45,Shore Broadcast,-3.5086007970061166,0.4457998523443941,49.65198784771564,50.15704730759526,0.18366424456860486,0.1710284258508077,0.24025607627910375
4,9236,11,17.95,Shore Broadcast,-1.3582592333509524,0.731432202022527,31.88580276586574,32.1161013107721,0.10638631514021916,0.17377046097576682,0.06112298719048514
4,9236,12,19.450000000000003,Shore Broadcast,-4.059449230436788,0.392694733543933,52.89868219482687,53.30147405938152,0.20658741935498523,0.1702861915882648,0.31372339146999456
4,9236,13,20.950000000000003,Shore Broadcast,-1.5288932506301003,0.7032515125827843,33.86199508247589,34.30561143983343,0.114647020978487,0.17024899572561972,0.1134995587382719
4,9236,14,22.450000000000003,Shore Broadcast,-2.235684742267526,0.5976288104798606,40.60541507567503,40.56642777682312,0.13840818003132488,0.17623595555515137,0.152195405962401
4,9236,15,23.950000000000003,Shore Broadcast,-1.9941353049266886,0.6318099622759351,38.429562245396404,38.52819526625307,0.12983359655864354,0.17254180705919572,0.12092878577213925
4,9236,16,25.450000000000003,Shore Broadcast,-1.4279090242996064,0.7197954508688826,32.819916331097836,33.170599149005966,0.11066144430515136,0.17033657766255642,0.09820491179105709
4,9236,17,26.950000000000003,Shore Broadcast,-1.907579511931893,0.6445283855750785,37.76943759041503,38.089426078524156,0.1297808149131755,0.1827312867062927,0.13200760377793452
4,9236,18,28.450000000000003,Shore Broadcast,-2.650228623510307,0.543221734184869,43.78767287725064,44.22501546072289,0.15204689678460298,0.17411804652344254,0.20443992353155385
4,9236,19,29.950000000000003,Shore Broadcast,-2.0367409376531924,0.6256420152165885,38.90558150649257,38.86695055006329,0.13149201685306897,0.1733825974641169,0.15087593852001915
5,10245,0,1.4500000000000002,No Algorithm,-4.106408606342956,0.3884714792820105,53.01821576312152,53.07710467983839,,,
5,10245,1,2.95,No Algorithm,-3.549222617565386,0.4416494950612516,49.80458177575865,49.757101860882436,,,
5,10245,2,4.45,No Algorithm,-4.122314092546385,0.38705135371661487,52.95446780051288,52.951046733802166,,,
5,10245,3,5.95,No Algorithm,-3.841233590818034,0.41293019466320935,51.640339871786864,51.62095195483561,,,
5,10245,4,7.45,No Algorithm,-3.847713064055523,0.41231458121765036,51.59483540958902,51.54903039394053,,,
5,10245,5,8.950000000000001,No Algorithm,-3.887010198044539,0.4086005813423137,51.872477990248036,51.83509909978823,,,
5,10245,6,10.450000000000001,No Algorithm,-4.102632223202856,0.3888094193685356,52.98655309460672,52.9659379136716,,,
5,10245,7,11.950000000000001,No Algorithm,-3.88794537811922,0.40851260555629343,51.841310800006234,52.055104227688226,,,
5,10245,8,13.450000000000001,No Algorithm,-4.152346152877218,0.3843840733422812,53.35782646572918,53.30777265478618,,,
5,10245,9,14.950000000000001,No Algorithm,-4.066348799591733,0.39207136080662847,52.80990626636226,52.997769262982764,,,
5,10245,10,16.45,No Algorithm,-4.399821929965651,0.3630929420527767,54.607010954853905,54.64445152460893,,,
5,10245,11,17.95,No Algorithm,-3.8118963056546273,0.4157290467135421,51.382439870638756,51.33756964846998,,,
5,10245,12,19.450000000000003,No Algorithm,-4.29949236122125,0.3715786597004004,54.028250444492336,53.99022603172536,,,
5,10245,13,20.950000000000003,No Algorithm,-3.7934193394255784,0.4175015248996416,51.27817571146417,51.251509666495316,,,
5,10245,14,22.450000000000003,No Algorithm,-3.751693631392441,0.4215320852227158,51.00659144258224,51.11491794344758,,,
5,10245,15,23.950000000000003,No Algorithm,-3.633256124320357,0.433185975275817,50.44957372932499,50.47773393166156,,,
5,10245,16,25.450000000000003,No Algorithm,-3.962781276088487,0.40153358137215384,52.281032340329126,52.23267472662649,,,
5,10245,17,26.950000000000003,No Algorithm,-3.787020963150276,0.4181170751174372,51.28124668639995,51.32080446016979,,,
5,10245,18,28.450000000000003,No Algorithm,-4.10743745580803,0.3883794607665011,53.05530016524911,53.09465146702487,,,
5,10245,19,29.950000000000003,No Algorithm,-3.8698840490248,0.4102150550485608,51.74759531016326,51.6992264447069,,,
5,10245,0,1.4500000000000002,DPC,-4.153756626730859,0.3842592558101467,53.242774103278045,53.19064510521208,1.1335204819642215,1.6883384439564042,0.8554744649411062
5,10245,1,2.95,DPC,-3.9240886804255433,0.4051269476864566,52.11476911404313,52.21450629524682,1.0459742296122556,1.7488040705745715,0.6411021446347165
5,10245,2,4.45,DPC,-3.7282037929725744,0.4238182176098637,50.87980086846146,50.88778081547544,1.0683190934841151,1.7885219301322899,0.5676874076399968
5,10245,3,5.95,DPC,-3.8635965708404396,0.4108093720947068,51.72549131500344,51.69285095247136,1.0391077098556125,1.745320300151461,0.4818915269830853
5,10245,4,7.45,DPC,-3.6164050130296155,0.4348700503622126,50.312113275834214,50.51421469061649,1.057491188250138,1.6977224658885453,0.4424876515820325
5,10245,5,8.950000000000001,DPC,-4.151074844336529,0.3844966104126078,53.35362460677892,53.616058998692004,1.0758613569497175,1.811476365788718,0.40257771432613265
5,10245,6,10.450000000000001,DPC,-4.2542653323826665,0.37546846464863654,53.7266191457221,53.70878511009156,0.9551833869250017,1.6615109189718653,0.3784573488686613
5,10245,7,11.950000000000001,DPC,-4.1521445636870835,0.3844019159526986,53.30300844447886,53.380869318749056,1.0044425853466619,1.7120153863223466,0.34769816067236975
5,10245,8,13.450000000000001,DPC,-3.858191186533266,0.411320998446741,51.602402936844655,51.558787686186506,1.0109404527574595,1.718657728184382,0.3221515267384427
5,10245,9,14.950000000000001,DPC,-3.8008520549278284,0.4167876046805749,51.22742306735143,51.18590417755168,1.0577264260666295,1.7831174368396245,0.30738884708224196
5,10245,10,16.45,DPC,-3.951731341638616,0.4025565207021083,52.115725965380946,52.06702592007735,0.9875534193799728,1.7418517325211833,0.29669645319403937
5,10245,11,17.95,DPC,-3.718658390458658,0.42475075641644,50.76638723062232,50.90461794885581,1.0079016820111406,1.7282323923638925,0.2972893614422705
5,10245,12,19.450000000000003,DPC,-4.297612311324359,0.37173954999027214,53.928728107737655,53.88297831568268,0.9447931995892912,1.7280966179408739,0.28457465061733483
5,10245,13,20.950000000000003,DPC,-3.7528855822528913,0.4214164087384117,51.0521993753765,51.00844291454547,1.0477849636389112,1.767439282842283,0.28396723813402974
5,10245,14,22.450000000000003,DPC,-4.0705757093648245,0.3916899504706772,52.7848744342195,52.78425866346395,1.0429727984115529,1.7083156746446087,0.27170198286540204
5,10245,15,23.950000000000003,DPC,-4.089349071355098,0.39000043628673714,52.996428657312606,52.964972809853904,0.9521794759356684,1.6831066467816669,0.2653945519955874
5,10245,16,25.450000000000003,DPC,-4.056459990302344,0.39296511757644226,52.60033419581291,52.55621288820023,1.0351643626308535,1.732008918002234,0.2555815935596975
5,10245,17,26.950000000000003,DPC,-3.7308378885231375,0.4235612400884186,50.9440477782829,51.12422586374198,0.9349653901368224,1.665141154664936,0.25052474199835156
5,10245,18,28.450000000000003,DPC,-3.7916845412569398,0.41766833004867915,51.30964941962899,51.26229751355267,1.0799708961601664,1.7854944905419678,0.24235460567137768
5,10245,19,29.950000000000003,DPC,-4.067348366916079,0.3919811324843652,52.84182451174987,52.87571496318618,1.0218871175251956,1.7595647446752973,0.2315788403501427
5,10245,0,1.4500000000000002,Node-KF DPC,-4.0465350280849375,0.39386419044984755,52.73818392807559,52.747114670304434,0.5101521910401916,0.2758843634140316,0.8554744649411062
5,10245,1,2.95,Node-KF DPC,-3.9291561932779118,0.40465450587232776,52.0656569570164,52.01553397876349,0.38560114310980853,0.2261303239305339,0.6411021446347165
5,10245,2,4.45,Node-KF DPC,-3.7681140812754994,0.4199413034235707,51.09596145441499,51.05666526126311,0.33526527108575294,0.20796037984320395,0.5676874076399968
5,10245,3,5.95,Node-KF DPC,-3.7933381397969486,0.4175093309591497,51.28352459851386,51.23359120578087,0.2904468548043194,0.19996036055036018,0.4818915269830853
5,10245,4,7.45,Node-KF DPC,-3.596979342062274,0.43681954866464323,50.09884391075426,50.31808362841213,0.2744085728841041,0.1868081196840267,0.4424876515820325
5,10245,5,8.950000000000001,Node-KF DPC,-3.6029278731384657,0.43622164654005374,50.20818388207694,50.331239338209706,0.2634111591733381,0.17909090631782174,0.40257771432613265
5,10245,6,10.450000000000001,Node-KF DPC,-3.651997764773448,0.43132062269142873,50.441390195306404,50.49553037634407,0.24275712401683033,0.17757711153081215,0.3784573488686613
5,10245,7,11.950000000000001,Node-KF DPC,-3.2478618934122356,0.47338425683105084,48.07444930678203,48.084061732300974,0.22119696483429047,0.1732768539375565,0.34769816067236975
5,10245,8,13.450000000000001,Node-KF DPC,-3.2853364641871834,0.4693170731587723,48.25907973457091,48.238954615160935,0.20476971470933383,0.17275316209032343,0.3221515267384427
5,10245,9,14.950000000000001,Node-KF DPC,-3.1834232055821565,0.4804604895258611,47.61811554582334,47.60831162873542,0.1985884803829524,0.16748164616240252,0.30738884708224196
5,10245,10,16.45,Node-KF DPC,-3.4726529123132526,0.44950518823399765,49.573647592176194,49.65690004034306,0.19969915181956985,0.1682134029782308,0.29669645319403937
5,10245,11,17.95,Node-KF DPC,-3.232389504772514,0.4750737666264975,48.04044332457606,48.033587191457535,0.19832198094310316,0.15708479855992516,0.2972893614422705
5,10245,12,19.450000000000003,Node-KF DPC,-2.9565742660202843,0.5062238161284086,46.087106080509095,46.046597059972335,0.1927425144656461,0.16097833539857073,0.28457465061733483
5,10245,13,20.950000000000003,Node-KF DPC,-3.0100049234199227,0.5000339681084829,46.40591001156295,46.39139940682476,0.19042044268406452,0.16693978821993377,0.28396723813402974
5,10245,14,22.450000000000003,Node-KF DPC,-3.2605627617651174,0.4720018749743511,48.15386709592169,48.28871600789839,0.1889985843973999,0.16056838355178948,0.27170198286540204
5,10245,15,23.950000000000003,Node-KF DPC,-2.9473796187167927,0.5072967010714542,46.05030929577418,46.005511882750795,0.1753944714794626,0.1576701086782391,0.2653945519955874
5,10245,16,25.450000000000003,Node-KF DPC,-2.8188667976485733,0.5225325153522589,45.200151178711884,45.155981591999485,0.17126353526147736,0.16039052197461445,0.2555815935596975
5,10245,17,26.950000000000003,Node-KF DPC,-2.679838593121838,0.5395306739657343,44.11234149588611,44.07389552150991,0.1658258741567604,0.1607105659065144,0.25052474199835156
5,10245,18,28.450000000000003,Node-KF DPC,-2.636647103014522,0.5449231892057048,43.85513291743958,43.8835065750555,0.16766456535537824,0.16716713572790617,0.24235460567137768
5,10245,19,29.950000000000003,Node-KF DPC,-2.6751596373969058,0.5401122610239889,44.14868422980267,44.10453127536765,0.16881240890173427,0.16200626534858842,0.2315788403501427
5,10245,0,1.4500000000000002,KF-DPC,-3.088290544105038,0.4911011437574504,47.130269602804795,47.30588597848616,0.19704581996728598,0.2758843634140316,0.19784063404047128
5,10245,1,2.95,KF-DPC,-2.677344372683545,0.5398406237796884,44.26968324731053,44.68714073822746,0.16724562943472707,0.2261303239305339,0.12763690512691422
5,10245,2,4.45,KF-DPC,-2.1778448258549927,0.6056413480078636,40.276546268212485,41.35373149809722,0.1452641359214559,0.20796037984320395,0.1251539964196544
5,10245,3,5.95,KF-DPC,-2.2591494636322853,0.5944085581127806,41.025775715021936,41.35515084261642,0.14546345073044167,0.19996036055036018,0.11530785426742814
5,10245,4,7.45,KF-DPC,-1.940401397039314,0.6396757106691487,38.04097030471484,39.00633797839834,0.13317038336163708,0.1868081196840267,0.10989822227304559
5,10245,5,8.950000000000001,KF-DPC,-1.6146737574319285,0.6894973863570439,34.86883016429944,35.12920569876565,0.11859974786399305,0.17909090631782174,0.07802835354554852
5,10245,6,10.450000000000001,KF-DPC,-1.6072441145835372,0.6906779455986443,34.86749930757825,35.15990622914386,0.11894526471033967,0.17757711153081215,0.06654110184821956
5,10245,7,11.950000000000001,KF-DPC,-1.506735356575439,0.7068487012034269,33.71275664798095,34.3322618880427,0.11491180349485701,0.1732768539375565,0.05768227377517159
5,10245,8,13.450000000000001,KF-DPC,-1.4790378804294448,0.7113710906592564,33.31429356696567,33.73391297116983,0.11144528795586285,0.17275316209032343,0.054163124785190545
5,10245,9,14.950000000000001,KF-DPC,-1.4087750036119702,0.7229737010304417,32.62063484950791,32.92048293173791,0.10967396671203705,0.16748164616240252,0.04819450229198128
5,10245,10,16.45,KF-DPC,-1.5272954155320382,0.703510297055344,33.95687999922911,34.032298375862865,0.11347993020318838,0.1682134029782308,0.04968755037015471
5,10245,11,17.95,KF-DPC,-1.3764168981230718,0.7283804995306661,32.13784500868482,32.10993983917652,0.10640210664935884,0.15708479855992516,0.055882718071542124
5,10245,12,19.450000000000003,KF-DPC,-1.4750400037656994,0.7120262413475726,33.33471651696202,33.454958577974736,0.11037433433778591,0.16097833539857073,0.05796617634372803
5,10245,13,20.950000000000003,KF-DPC,-1.5544377989045222,0.6991272340337241,34.165751758304665,34.24216232167741,0.1154616264421024,0.16693978821993377,0.05693728279956561
5,10245,14,22.450000000000003,KF-DPC,-1.483921750938507,0.7105715659860348,33.40960836045403,33.39228089606368,0.11141643050173347,0.16056838355178948,0.05570375785655553
5,10245,15,23.950000000000003,KF-DPC,-1.3831469722897582,0.7272526338318426,32.20319426716641,32.22981442722373,0.10732660553141347,0.1576701086782391,0.05116299448716308
5,10245,16,25.450000000000003,KF-DPC,-1.3669706698760553,0.7299665055491961,32.120059194987164,32.11342619052781,0.10565707598816446,0.16039052197461445,0.048034291772639126
5,10245,17,26.950000000000003,KF-DPC,-1.404925455286127,0.7236148226998558,32.532912859860716,32.53542882180124,0.10916653277482376,0.1607105659065144,0.04699308663844991
5,10245,18,28.450000000000003,KF-DPC,-1.510383830530334,0.7062551325024128,33.69361086490059,33.687723208164115,0.11158521898960923,0.16716713572790617,0.044995725855775756
5,10245,19,29.950000000000003,KF-DPC,-1.391902698465703,0.7257879110050515,32.412969939583824,32.557229048871406,0.109423413046288,0.16200626534858842,0.043244656167363164
5,10245,0,1.4500000000000002,Shore Broadcast,-1.9319595849508973,0.640920320963182,37.901507400843606,37.8950803463719,0.1313365486697303,0.17285217534660233,0.16355382839077104
5,10245,1,2.95,Shore Broadcast,-1.425644614793521,0.720170849756225,32.73734627401242,34.03168557246296,0.11615353058533853,0.16987926765876635,0.1360553358270483
5,10245,2,4.45,Shore Broadcast,-1.5450968549428024,0.700632557411762,34.18757078955763,34.2128229128548,0.11762367042907812,0.1751867238401131,0.16364705981499855
5,10245,3,5.95,Shore Broadcast,-3.7535925782867063,0.4213478111641361,51.21803980178644,51.781817730978425,0.20279364305247688,0.17744156078610257,0.27679722465608664
5,10245,4,7.45,Shore Broadcast,-1.9756124183280384,0.6345104194829426,38.329002972993024,38.96242338578416,0.13245287090428784,0.1693588966270741,0.23065131303868008
5,10245,5,8.950000000000001,Shore Broadcast,-2.647521087067703,0.5435605022947289,44.063515176229636,46.164044068678784,0.1652136149733659,0.17266726796668425,0.2333483354825267
5,10245,6,10.450000000000001,Shore Broadcast,-1.495278538411552,0.7087158509075205,33.554364079520084,34.62808379022242,0.11588582818432881,0.173223996410913,0.08451733351830881
5,10245,7,11.950000000000001,Shore Broadcast,-1.9950525242295223,0.6316765396499959,38.58046579163415,39.01941982437945,0.13262972299422643,0.17353677383387411,0.15249339090391556
5,10245,8,13.450000000000001,Shore Broadcast,-1.3975669506404156,0.724841924769948,32.46780274752953,33.318879768505774,0.10991351187183449,0.17315858759494207,0.10498037668460856
5,10245,9,14.950000000000001,Shore Broadcast,-1.350760826936964,0.7326961631427357,31.9546475632389,31.925993325262592,0.10561426959342751,0.1762464263776764,0.07979083169355426
5,10245,10,16.45,Shore Broadcast,-1.4572018870342132,0.71495681675652,33.15461437896476,35.18579674213292,0.11783912362531693,0.17403618009497682,0.10435394587398734
5,10245,11,17.95,Shore Broadcast,-3.5622328600917026,0.440328417032882,49.93598881078684,49.89997690833769,0.17642023707713797,0.17388410664836348,0.25373666780287196
5,10245,12,19.450000000000003,Shore Broadcast,-1.474504381479123,0.7121140620909336,33.28887654595045,33.33554338104002,0.10930468255731644,0.17235050453250852,0.09291838114806912
5,10245,13,20.950000000000003,Shore Broadcast,-1.9552000319392242,0.6374997177234022,38.110945087770546,38.507856294608004,0.13004367453220625,0.17661620966405792,0.13891040036567442
5,10245,14,22.450000000000003,Shore Broadcast,-2.337887885290867,0.5837289215316372,41.470615341837544,41.60504968775964,0.14479482949781236,0.17125321021452347,0.16691189982515786
5,10245,15,23.950000000000003,Shore Broadcast,-1.5127710882445569,0.7058670203390784,33.7717927944845,36.14579404309993,0.12090237981585135,0.17206096585128766,0.15477216746945474
5,10245,16,25.450000000000003,Shore Broadcast,-2.0720529279708435,0.620575616226161,39.07652136738571,39.97569421000239,0.13800693946297313,0.1741683119923468,0.1655454514502812
5,10245,17,26.950000000000003,Shore Broadcast,-2.105423845595161,0.615825425282126,39.54493096369197,39.50546102977632,0.1330291883068417,0.17626878239352417,0.1652655115628412
5,10245,18,28.450000000000003,Shore Broadcast,-3.797384623626749,0.4171205030988171,51.45524182437427,51.54073033295052,0.19527871733011012,0.17365965398065678,0.2898543692789239
5,10245,19,29.950000000000003,Shore Broadcast,-1.546950570475642,0.7003335675862314,34.16560385859251,36.03762595873789,0.12374201146005404,0.17962557928737563,0.12252556988245536
6,11254,0,1.4500000000000002,No Algorithm,-3.7746966161560525,0.4193052869500577,51.215893805741786,51.1707186668366,,,
6,11254,1,2.95,No Algorithm,-4.04863224374482,0.39367403865842854,52.706494327075895,52.6891086998514,,,
6,11254,2,4.45,No Algorithm,-4.031380266930843,0.39524098532381485,52.6285687902234,52.58402548688038,,,
6,11254,3,5.95,No Algorithm,-4.030252297958988,0.39534365240492325,52.60322572863569,52.56900524277295,,,
6,11254,4,7.45,No Algorithm,-3.9446876778542994,0.40320994217596856,52.161908420498676,52.354045029040236,,,
6,11254,5,8.950000000000001,No Algorithm,-3.7624714155277514,0.4204872759247887,51.137135124202416,51.11695747463377,,,
6,11254,6,10.450000000000001,No Algorithm,-4.066776775385846,0.3920327260112379,52.74956002826108,52.73824325598478,,,
6,11254,7,11.950000000000001,No Algorithm,-3.867180393612558,0.41047050969853616,51.77829655682472,51.78852492955634,,,
6,11254,8,13.450000000000001,No Algorithm,-3.971527315834398,0.4007257666214387,52.30249146482705,52.2504357598882,,,
6,11254,9,14.950000000000001,No Algorithm,-4.402039049395839,0.36290762655843956,54.506821686719825,54.55459707826417,,,
6,11254,10,16.45,No Algorithm,-3.74420741580793,0.4222593340333732,51.01090548346028,51.00017418090326,,,
6,11254,11,17.95,No Algorithm,-4.118409212720681,0.38739952040035325,52.993190457989,52.94116096583287,,,
6,11254,12,19.450000000000003,No Algorithm,-3.668492700640834,0.42968553120295777,50.56310679445278,50.58448153272548,,,
6,11254,13,20.950000000000003,No Algorithm,-4.0917188635092385,0.3897876848240257,52.894929763807504,52.842476675157265,,,
6,11254,14,22.450000000000003,No Algorithm,-3.594752511235479,0.43704358389885006,50.13300860011006,50.20163144957931,,,
6,11254,15,23.950000000000003,No Algorithm,-3.9769709483430615,0.4002237944942853,52.31339899032145,52.31841678043403,,,
6,11254,16,25.450000000000003,No Algorithm,-4.01627810044726,0.39661778971572725,52.635356633075816,52.584950162256824,,,
6,11254,17,26.950000000000003,No Algorithm,-3.9342582936086137,0.4041793960774825,52.11791168321856,52.129760550600366,,,
6,11254,18,28.450000000000003,No Algorithm,-4.0764183682205255,0.39116335569423966,52.90550798995745,52.8537208373307,,,
6,11254,19,29.950000000000003,No Algorithm,-4.2205525735444835,0.37839443672852807,53.61363244551195,53.619832524727464,,,
6,11254,0,1.4500000000000002,DPC,-4.046535914876706,0.39386411002619476,52.71224638948565,53.05416479732595,1.0723942112618592,1.6700321001953973,0.7977515648139125
6,11254,1,2.95,DPC,-3.8283228869433534,0.4141595797620514,51.4398101005602,51.424090572458866,1.062448367220604,1.727913944445345,0.6515392434722526
6,11254,2,4.45,DPC,-3.970051285823621,0.4008619838212695,52.23527613175013,52.21509025954944,1.0840641616567925,1.74203737809339,0.5352693063312337
6,11254,3,5.95,DPC,-4.074456619121754,0.3913400877807485,52.78415938838932,52.73414867647821,1.0236054203305098,1.7390922163288538,0.47543189683831655
6,11254,4,7.45,DPC,-3.9205840007080694,0.40545400992253267,52.02319532524135,52.01732118710799,1.039525882280819,1.7206144445513896,0.43403580013522247
6,11254,5,8.950000000000001,DPC,-3.8714881669603645,0.41006356525455484,51.81440295945958,51.807670720525984,1.0284112549307445,1.7271368215481535,0.39577851077392096
6,11254,6,10.450000000000001,DPC,-4.3152188536089024,0.3702355476849744,54.0772708685578,54.024864411759836,1.0326090159360914,1.7124814852271217,0.3616398369794568
6,11254,7,11.950000000000001,DPC,-3.865690567958503,0.4106113437234068,51.74343773950727,51.72768855139749,1.067166361598545,1.7754983113409895,0.34590326236719127
6,11254,8,13.450000000000001,DPC,-3.835272755737871,0.41349734410860234,51.507145740987035,51.45570881898565,1.0436133721360583,1.7514320425893628,0.32202370758997806
6,11254,9,14.950000000000001,DPC,-3.8037893638937232,0.4165058096974515,51.311357078881905,51.307653125599124,0.9882963636291249,1.7450496611492206,0.305669110919639
6,11254,10,16.45,DPC,-4.148805356635522,0.3846975888739954,53.22441151709093,53.171292740896064,1.0689709796454254,1.7820196512257127,0.2931894068750509
6,11254,11,17.95,DPC,-4.009815263063178,0.39720844526569515,52.576237707653405,52.57233083182195,1.053165384108284,1.7551095636136682,0.28304538622334924
6,11254,12,19.450000000000003,DPC,-3.9462564133170424,0.4030643231235025,52.2193923115457,52.2245937526002,1.0364927101385244,1.7408212250482644,0.27614954574005945
6,11254,13,20.950000000000003,DPC,-3.9022910159800857,0.40716543082015916,51.82024107932647,51.775531625482195,0.9912511842228412,1.740438221993357,0.2720330717996959
6,11254,14,22.450000000000003,DPC,-3.6531350613964197,0.43120768658832004,50.54109996332075,50.5028396784232,0.9761116960707339,1.672136618103408,0.26969546948757656
6,11254,15,23.950000000000003,DPC,-3.9811221336517075,0.39984142505708464,52.34155552147696,52.497952899401156,1.0155621234435674,1.7707725349686025,0.25909905864201643
6,11254,16,25.450000000000003,DPC,-3.9947621543378062,0.39858760075927613,52.30439040011985,52.25750459086485,0.9836805622466885,1.7673637769833555,0.2564585733419354
6,11254,17,26.950000000000003,DPC,-3.7028835883026785,0.42629637649062296,50.7288327939933,50.80983927527122,1.028632351456988,1.7763630889029565,0.2472300653955943
6,11254,18,28.450000000000003,DPC,-3.8363277306373957,0.413396910794855,51.595540831112324,51.716772077705215,1.0538738132405263,1.7601123268184014,0.23584919453059677
6,11254,19,29.950000000000003,DPC,-3.9410795436785624,0.403545069639411,52.14850821652232,52.11539500634873,1.0517694981082668,1.7112048577464205,0.23260268250022928
6,11254,0,1.4500000000000002,Node-KF DPC,-4.27829419788182,0.3733967900903886,53.97816754433998,53.94024951439442,0.5122345161272247,0.26960557371125404,0.7977515648139125
6,11254,1,2.95,Node-KF DPC,-3.7835040173904377,0.4184558062560717,51.3080684219838,51.274009242700835,0.399629799779723,0.2298787127249923,0.6515392434722526
6,11254,2,4.45,Node-KF DPC,-3.9574776404252803,0.4020242366243975,52.224218296198266,52.32684530754691,0.3228947829196731,0.20477524800413066,0.5352693063312337
6,11254,3,5.95,Node-KF DPC,-3.634474701917319,0.4330644456002974,50.419360346797106,50.375783425557984,0.2779481360816636,0.18952713413090752,0.47543189683831655
6,11254,4,7.45,Node-KF DPC,-3.5376628378990764,0.4428266160418322,49.86022903079175,49.810578810174476,0.2757529925967864,0.18436637694617417,0.43403580013522247
6,11254,5,8.950000000000001,Node-KF DPC,-3.4307836367790108,0.45385971525156404,49.12214809566472,49.087882474449124,0.24153694824344943,0.1821204537776455,0.39577851077392096
6,11254,6,10.450000000000001,Node-KF DPC,-3.6086265084570983,0.4356496296319591,50.28854059597449,50.24680509419528,0.22976112798333367,0.17379370610229414,0.3616398369794568
6,11254,7,11.950000000000001,Node-KF DPC,-3.42306717457924,0.45466684143897507,49.14591002088229,49.1154487406152,0.22428570203996584,0.17548236662714722,0.34590326236719127
6,11254,8,13.450000000000001,Node-KF DPC,-3.202578175383495,0.4783460394120234,47.66472173499484,47.63023258836705,0.21549882513242244,0.16893456161504258,0.32202370758997806
6,11254,9,14.950000000000001,Node-KF DPC,-3.1216803977662284,0.48733988920068405,47.2509585941632,47.221278386881366,0.2061227089881495,0.17229922953458326,0.305669110919639
6,11254,10,16.45,Node-KF DPC,-3.3702097731278964,0.4602343427832761,48.843622880452706,48.79970080224203,0.20233954109809285,0.16853097324511276,0.2931894068750509
6,11254,11,17.95,Node-KF DPC,-3.0988345628424474,0.4899102700440102,47.070585609105876,47.02353381288202,0.19759804267548245,0.16684815715002016,0.28304538622334924
6,11254,12,19.450000000000003,Node-KF DPC,-2.8647717614179697,0.5170384296280044,45.41099365516628,45.46387452921238,0.1929948694393596,0.16366512163719274,0.27614954574005945
6,11254,13,20.950000000000003,Node-KF DPC,-2.7875276218278966,0.526316805969081,44.83071661137327,44.897663172619495,0.19552700722080066,0.16687093857694793,0.2720330717996959
6,11254,14,22.450000000000003,Node-KF DPC,-2.7528701180931847,0.5305337150047004,44.62005753139298,44.59120431213528,0.1931291371473394,0.15733402374840696,0.26969546948757656
6,11254,15,23.950000000000003,Node-KF DPC,-3.0154605966777464,0.4994062122222378,46.55437577477797,46.61246534310923,0.19033259538743125,0.16294496334351413,0.25909905864201643
6,11254,16,25.450000000000003,Node-KF DPC,-2.9792315867859864,0.5035897028857373,46.244795207550354,46.26519876629988,0.18576907843693943,0.1620294516692616,0.2564585733419354
6,11254,17,26.950000000000003,Node-KF DPC,-2.7165946642189214,0.5349836797167472,44.299673968611266,44.299867595767736,0.18216947871923678,0.16205700102250123,0.2472300653955943
6,11254,18,28.450000000000003,Node-KF DPC,-2.6339913286675314,0.545256519622592,43.705238864316776,43.715706955895484,0.17292624244824978,0.16793595969201783,0.23584919453059677
6,11254,19,29.950000000000003,Node-KF DPC,-2.7616958645716916,0.5294566574473156,44.82514110280041,44.83294706331495,0.17019047706572665,0.16228010604232349,0.23260268250022928
6,11254,0,1.4500000000000002,KF-DPC,-3.067941294796527,0.4934076407178235,46.84776675492957,46.805230502245784,0.1915646587465089,0.26960557371125404,0.17017647225796673
6,11254,1,2.95,KF-DPC,-2.689478841341212,0.5383343794204383,44.24821463264332,44.49854237385747,0.16963269795071229,0.2298787127249923,0.15569918154062995
6,11254,2,4.45,KF-DPC,-2.1174612093097998,0.6141209019196788,39.603969230737654,39.571032297327726,0.13966465116773102,0.20477524800413066,0.1019583850030155
6,11254,3,5.95,KF-DPC,-1.6265425284901889,0.6876156413941115,34.84267486313693,34.839920669051565,0.11815451303916512,0.18952713413090752,0.06002898038188338
6,11254,4,7.45,KF-DPC,-1.5660787621655106,0.697255781100017,34.24205437000466,34.30965496499816,0.11549724127562963,0.18436637694617417,0.050138074169520826
6,11254,5,8.950000000000001,KF-DPC,-1.5007356262223843,0.7078258797109352,33.660741781365566,33.62759680015051,0.11179823623047111,0.1821204537776455,0.030847058279110436
6,11254,6,10.450000000000001,KF-DPC,-1.4274965152488261,0.7198638229648677,32.75176054691014,32.98535991785905,0.11002775043048339,0.17379370610229414,0.03707858422323697
6,11254,7,11.950000000000001,KF-DPC,-1.495199505791467,0.7087287481886462,33.48288792773163,33.60945669296591,0.11018943199896596,0.17548236662714722,0.04373503819146861
6,11254,8,13.450000000000001,KF-DPC,-1.378502193286832,0.7280308465181868,32.30468218179481,32.39156283237874,0.10695367739689238,0.16893456161504258,0.04252076152739347
6,11254,9,14.950000000000001,KF-DPC,-1.4488692631802802,0.7163298908571571,32.93265543072407,33.07660010930105,0.1104589555420361,0.17229922953458326,0.0439722517384437
6,11254,10,16.45,KF-DPC,-1.4638935040191923,0.7138560582838906,33.11817066122445,33.12018542261828,0.11081213882634468,0.16853097324511276,0.04132043944919503
6,11254,11,17.95,KF-DPC,-1.4216088896031032,0.7208403868066497,32.653342557055076,32.62771235368913,0.10943439346778053,0.16684815715002016,0.03637487358669214
6,11254,12,19.450000000000003,KF-DPC,-1.3524354069385827,0.7324137000043772,32.054451512194,32.037057539389885,0.10744963033668628,0.16366512163719274,0.037479958332639125
6,11254,13,20.950000000000003,KF-DPC,-1.5095898354221668,0.706384264786458,33.63099871449434,33.60486408702152,0.11301413817193773,0.16687093857694793,0.033349464983808134
6,11254,14,22.450000000000003,KF-DPC,-1.2516018014031014,0.7496176780480358,30.772621892233005,30.745510721649246,0.102338358359899,0.15733402374840696,0.02631903821605256
6,11254,15,23.950000000000003,KF-DPC,-1.3400872324806339,0.7344991148443368,31.789356875127343,31.865970791298228,0.10670734565271695,0.16294496334351413,0.023454489099030664
6,11254,16,25.450000000000003,KF-DPC,-1.3393499156091186,0.7346238239036967,31.755238846154974,31.76548835120736,0.1059393012583083,0.1620294516692616,0.020876251762393803
6,11254,17,26.950000000000003,KF-DPC,-1.3248835614185004,0.7370749367701356,31.590973207781268,31.66765748391685,0.10564789114784838,0.16205700102250123,0.02000605094035605
6,11254,18,28.450000000000003,KF-DPC,-1.420245316308022,0.7210667477355154,32.700350488812944,32.85354022070626,0.11130620107756163,0.16793595969201783,0.02029202914811766
6,11254,19,29.950000000000003,KF-DPC,-1.350950365139334,0.7326641869401694,32.01320691538934,32.09193564615017,0.10624943705400644,0.16228010604232349,0.019177343294686976
6,11254,0,1.4500000000000002,Shore Broadcast,-1.4881519447792546,0.7098797791562896,33.568034731941374,33.63973292493383,0.1108276735825933,0.17190878159607598,0.1759808107359943
6,11254,1,2.95,Shore Broadcast,-1.3286094142727898,0.7364428644784456,31.873044747966144,33.28661772899764,0.11115877696852439,0.16995045462663066,0.08282332760011736
6,11254,2,4.45,Shore Broadcast,-1.7191414584219666,0.6731097078375397,35.9854900656106,36.53472271459059,0.12198205795628002,0.17332353228495836,0.12501390929658437
6,11254,3,5.95,Shore Broadcast,-1.9650694974459948,0.6360526264010651,38.49137573378278,40.36388010228117,0.1365746605934624,0.1747587980584429,0.1374078390571509
6,11254,4,7.45,Shore Broadcast,-1.400462481962402,0.724358818702063,32.511892011662596,35.404051219857244,0.11801539745380477,0.1737564833014591,0.15231165770277758
6,11254,5,8.950000000000001,Shore Broadcast,-1.5248975185881262,0.7038988377941952,33.822558057672104,33.81739611153733,0.1130069894612836,0.1687752561436957,0.092784914012166
6,11254,6,10.450000000000001,Shore Broadcast,-1.5610374617973761,0.6980656271644269,34.31433688328733,34.31761785339819,0.11327708989937499,0.1744933839004565,0.12530518970704854
6,11254,7,11.950000000000001,Shore Broadcast,-1.5980979585687562,0.6921340324179136,34.69122404469358,35.55320104261131,0.11887790499211406,0.17260045433210078,0.1014368957442417
6,11254,8,13.450000000000001,Shore Broadcast,-1.8586824702836156,0.6518261101384843,37.191425330742184,37.28537015914034,0.1253336730139231,0.17787849580246862,0.13107098285281818
6,11254,9,14.950000000000001,Shore Broadcast,-2.4862364199168283,0.5641263138593928,42.67808081394086,43.61621761986582,0.15096092110566783,0.17525502498785384,0.18392004021171304
6,11254,10,16.45,Shore Broadcast,-1.7041122174701373,0.6754431136149036,35.8233748253416,38.92632862887205,0.1365232033250534,0.17589219265897738,0.19156706888330724
6,11254,11,17.95,Shore Broadcast,-1.578999108827742,0.6951845139300911,34.37312245945886,34.582817545190856,0.11421502894542529,0.17252746355255258,0.06621892448581175
6,11254,12,19.450000000000003,Shore Broadcast,-1.3919102949726332,0.7257866414867169,32.45978180157949,32.59252474143005,0.10693843433109107,0.1757841940879501,0.07001314783597437
6,11254,13,20.950000000000003,Shore Broadcast,-1.8965532037365382,0.6461668586039628,37.57383624301168,38.27346340824156,0.13030161209306257,0.16961944436980556,0.1454412512143634
6,11254,14,22.450000000000003,Shore Broadcast,-1.503807275645678,0.7073254302802915,33.65811592069789,34.84019250034825,0.11543322619142311,0.173693775376868,0.12358563320263982
6,11254,15,23.950000000000003,Shore Broadcast,-2.1362586564536152,0.6114685636798788,39.83099860502455,39.998732309536294,0.13371518216484424,0.17325980574246988,0.13340623634737758
6,11254,16,25.450000000000003,Shore Broadcast,-2.173987654410401,0.6061794852167615,40.205425522890884,40.48187387213672,0.13890545253932235,0.16837939508411712,0.14477824605240197
6,11254,17,26.950000000000003,Shore Broadcast,-1.6399629340066193,0.685494076955385,35.451104171088744,38.5809691225259,0.1338798962302531,0.17797586577449898,0.1920243014106661
6,11254,18,28.450000000000003,Shore Broadcast,-2.43365665863017,0.5709976674488508,42.106546549491306,42.071452550937344,0.14266515533433793,0.1760552237434011,0.19143042332304142
6,11254,19,29.950000000000003,Shore Broadcast,-2.8982094584670657,0.5130728738846644,45.68563546731689,45.661949854066364,0.16393011613787437,0.17797122803820017,0.2006497897682938
7,12263,0,1.4500000000000002,No Algorithm,-3.881540392231325,0.40911552545392954,51.71408612072032,51.695492243506735,,,
7,12263,1,2.95,No Algorithm,-3.906006097587883,0.4068172785715892,51.90838461856613,51.937906330582194,,,
7,12263,2,4.45,No Algorithm,-3.8080831786599822,0.4160942191573875,51.3193519301844,51.26808378191215,,,
7,12263,3,5.95,No Algorithm,-3.795342056714669,0.41731672869221825,51.327348288615866,51.27911029484118,,,
7,12263,4,7.45,No Algorithm,-3.7940729534424396,0.4174386955691931,51.27805919089122,51.240246182241826,,,
7,12263,5,8.950000000000001,No Algorithm,-3.979305186504911,0.40000874072835707,52.35763481751736,52.30562131275449,,,
7,12263,6,10.450000000000001,No Algorithm,-3.797370141396668,0.4171218940548207,51.29434870414675,51.248031088226455,,,
7,12263,7,11.950000000000001,No Algorithm,-3.690619833612507,0.4275018678913261,50.658658748255796,50.69032907793035,,,
7,12263,8,13.450000000000001,No Algorithm,-3.87496305227353,0.40973559563593775,51.72510618157204,51.68411778977703,,,
7,12263,9,14.950000000000001,No Algorithm,-4.120665720747192,0.38719828757279956,53.12593144934044,53.07451942761369,,,
7,12263,10,16.45,No Algorithm,-4.082086037474945,0.3906532090929588,52.83215584995982,52.81383262040903,,,
7,12263,11,17.95,No Algorithm,-3.747769693840266,0.42191312000749476,51.03141698216579,50.98066786472572,,,
7,12263,12,19.450000000000003,No Algorithm,-4.2755607951487695,0.3736318759843149,53.81692362428215,53.843096134635545,,,
7,12263,13,20.950000000000003,No Algorithm,-3.9454898552739204,0.4031354728804229,52.11958810721728,52.07739510429088,,,
7,12263,14,22.450000000000003,No Algorithm,-4.127802163418823,0.38656255549632923,53.24630259976103,53.205832742701666,,,
7,12263,15,23.950000000000003,No Algorithm,-4.025776562820111,0.3957512941416487,52.51525827654188,52.47564798824605,,,
7,12263,16,25.450000000000003,No Algorithm,-3.5260726884293137,0.4440099792922356,49.6934345079511,49.644951885642854,,,
7,12263,17,26.950000000000003,No Algorithm,-3.881651814169096,0.4091050293823079,51.83279744418689,51.81396921465004,,,
7,12263,18,28.450000000000003,No Algorithm,-3.7496322224532403,0.42173221584929943,51.055127426821436,51.056290067923015,,,
7,12263,19,29.950000000000003,No Algorithm,-4.149534163433406,0.38463303666210247,53.28030235656755,53.2520812930832,,,
7,12263,0,1.4500000000000002,DPC,-4.108975193225185,0.3882419688262928,53.08189176831155,53.03847425201096,1.155836686507382,1.7608387654015076,0.7887964312063385
7,12263,1,2.95,DPC,-3.887861417167802,0.40852050329389034,51.82187295531021,51.7717963575971,1.0685203096460243,1.731490323498116,0.640155454536743
7,12263,2,4.45,DPC,-4.023235086942674,0.39598295416956136,52.5560493391652,52.577075665570156,1.0565195014329427,1.7435027764031295,0.5415849003216484
7,12263,3,5.95,DPC,-4.122707271147839,0.3870163144914243,53.14710607394468,53.096067264477185,1.0636578591476782,1.780621915418521,0.48034720700200345
7,12263,4,7.45,DPC,-4.121082519922867,0.3871611293334201,53.13036374038284,53.12754524662915,1.0542078157871901,1.7401829004700449,0.440408524066756
7,12263,5,8.950000000000001,DPC,-3.6685201436401886,0.42968281603548714,50.54898257069698,50.578419833387336,1.031697326468362,1.7375778858097783,0.4047689700287229
7,12263,6,10.450000000000001,DPC,-3.8771966663386594,0.4095249192579285,51.69145265102359,51.64983472968422,0.9997190540894875,1.697204281464326,0.3714679820672791
7,12263,7,11.950000000000001,DPC,-4.225021015710848,0.37800530811221605,53.758631971271626,53.729634397093434,1.062001488108161,1.7575323368077558,0.3556533441644423
7,12263,8,13.450000000000001,DPC,-4.1078949145319585,0.38833855345059987,52.96675626201998,52.950943339747894,1.0648681274798013,1.7538256638843845,0.34881021836993653
7,12263,9,14.950000000000001,DPC,-4.031676556317691,0.3952140216575679,52.55906996734813,52.51141726364012,1.0484812085700235,1.750862650070434,0.32490045526515493
7,12263,10,16.45,DPC,-3.9086205771236444,0.4065724457665147,51.931025283842715,52.004915554724796,1.0320117910807403,1.7594316557422536,0.31030735574180357
7,12263,11,17.95,DPC,-3.84452171498401,0.412617675867012,51.59014529308392,51.59692857026565,1.0380499485950747,1.7726129837693467,0.2999861612755464
7,12263,12,19.450000000000003,DPC,-3.892250877726351,0.4081078158614975,51.97189617698214,52.049133503112095,1.0386478093657634,1.7252804181443613,0.29406970184648573
7,12263,13,20.950000000000003,DPC,-3.5835560654305905,0.438171769525537,50.10965328076485,50.06338182907822,0.9661769076882131,1.7215537118477287,0.2819783107237197
7,12263,14,22.450000000000003,DPC,-3.479006484247874,0.4488480591200445,49.48689174477748,49.50923443314022,1.0531472251494418,1.7614690080253983,0.27148743701251793
7,12263,15,23.950000000000003,DPC,-4.275173900504723,0.3736651627555792,53.94548246578478,54.13602248029542,1.0367583656539432,1.757750102703656,0.2651611787574843
7,12263,16,25.450000000000003,DPC,-3.9915768636094278,0.39888004819994005,52.442092667346266,52.40572538301224,0.94086862564512,1.7375553998028541,0.25235225008257745
7,12263,17,26.950000000000003,DPC,-3.74863472431025,0.4218290914566234,51.0794697416364,51.119728460077255,1.0455888666598676,1.7080858310810194,0.2480073112653486
7,12263,18,28.450000000000003,DPC,-3.8821102956045523,0.40906184275005025,51.75479733373096,51.71661367731077,1.0261059670284778,1.753745746886362,0.24246061145091474
7,12263,19,29.950000000000003,DPC,-4.165324850910477,0.38323707331500606,53.27093771415025,53.22024783232177,0.9935510376173857,1.7236564931387248,0.24021561707535632
7,12263,0,1.4500000000000002,Node-KF DPC,-3.961215351458553,0.40167838742470346,52.11047281342666,52.06891167609759,0.48988768351686485,0.27206318462805995,0.7887964312063385
7,12263,1,2.95,Node-KF DPC,-3.7525344024007223,0.4214504867527463,51.01187161031825,50.961922141854664,0.40019279915926614,0.22581919252941993,0.640155454536743
7,12263,2,4.45,Node-KF DPC,-3.9550872242124697,0.40224557717026477,52.15056081017569,52.11313284161699,0.32752607239422765,0.20622162957849682,0.5415849003216484
7,12263,3,5.95,Node-KF DPC,-3.8917182572023608,0.40815786943972515,51.811098381206236,51.787801385403945,0.3003521781024592,0.18867303013692494,0.48034720700200345
7,12263,4,7.45,Node-KF DPC,-3.5409431540618383,0.4424922662145137,49.91334234462512,49.944040392921266,0.26973424026898,0.18569430190521796,0.440408524066756
7,12263,5,8.950000000000001,Node-KF DPC,-3.893367931836373,0.4080028594532245,51.89256512966452,51.84317733194478,0.24635705139434252,0.17670588143798346,0.4047689700287229
7,12263,6,10.450000000000001,Node-KF DPC,-3.492283199027864,0.44747799151016987,49.4301349547919,49.416635027359895,0.23070230884765122,0.17185175215650264,0.3714679820672791
7,12263,7,11.950000000000001,Node-KF DPC,-3.654892667897153,0.43103321048416066,50.62282267817454,50.61822793861708,0.2270026709290441,0.1722321395996007,0.3556533441644423
7,12263,8,13.450000000000001,Node-KF DPC,-3.5033340581472228,0.44634080686919475,49.59400091156233,49.5933073432624,0.2272639195947872,0.16866501794886643,0.34881021836993653
7,12263,9,14.950000000000001,Node-KF DPC,-3.374860192187504,0.4597417882720257,48.822314791723166,48.78210861066522,0.2103644324816536,0.1672656485907027,0.32490045526515493
7,12263,10,16.45,Node-KF DPC,-3.448360554194722,0.4520265505429613,49.311585594852424,49.40597159583139,0.21141007351876703,0.16361440495296636,0.31030735574180357
7,12263,11,17.95,Node-KF DPC,-3.127070237774886,0.48673544800135893,47.33459964354494,47.433615789965764,0.20440743455983656,0.16475614940881708,0.2999861612755464
7,12263,12,19.450000000000003,Node-KF DPC,-3.0275782497652526,0.4980147148122509,46.58201675411633,46.535415061329765,0.20032045193797773,0.16376929526279063,0.29406970184648573
7,12263,13,20.950000000000003,Node-KF DPC,-3.0195912180381828,0.49893144743441825,46.49916697770455,46.454156257667925,0.18363988873357381,0.1630908740419208,0.2819783107237197
7,12263,14,22.450000000000003,Node-KF DPC,-2.7562841504095776,0.5301168210340368,44.67851612893489,44.703207724514506,0.18166241369593167,0.16706312525505917,0.27148743701251793
7,12263,15,23.950000000000003,Node-KF DPC,-2.614583335152232,0.5476986449925569,43.56409258148725,43.535196406135015,0.176975903777271,0.1591323401616293,0.2651611787574843
7,12263,16,25.450000000000003,Node-KF DPC,-2.7481926271458237,0.5311054246616322,44.69029970307099,44.64588984685913,0.1699851123959905,0.16012862769492894,0.25235225008257745
7,12263,17,26.950000000000003,Node-KF DPC,-2.442630591466373,0.5698190191919301,42.326337685558116,42.28561908505105,0.16575698261587593,0.16453528894906216,0.2480073112653486
7,12263,18,28.450000000000003,Node-KF DPC,-2.3531835779080543,0.5816766657519652,41.711797948649725,41.6802150710369,0.16095368979847352,0.15765067276274156,0.24246061145091474
7,12263,19,29.950000000000003,Node-KF DPC,-2.8007536194777227,0.5247163997304488,44.89187875678677,44.94379077246306,0.17893657977344454,0.16682556568897278,0.24021561707535632
7,12263,0,1.4500000000000002,KF-DPC,-3.754551652958729,0.4212547730497356,51.205683624139176,51.19487531429035,0.2122544260799071,0.27206318462805995,0.20840096169586225
7,12263,1,2.95,KF-DPC,-2.320017642062825,0.5861357834878471,41.3558960068322,41.31452370137698,0.15199388512050638,0.22581919252941993,0.11556843720999921
7,12263,2,4.45,KF-DPC,-1.9553413283771228,0.6374789771941669,38.235062813770575,38.2208549933995,0.1289633645376932,0.20622162957849682,0.07479058477417502
7,12263,3,5.95,KF-DPC,-1.7374870658218355,0.670272333211279,36.05227794917156,36.76656796522632,0.12457561394063832,0.18867303013692494,0.0857968685603239
7,12263,4,7.45,KF-DPC,-1.593406425483456,0.6928821248718199,34.61467428042535,35.549180585416,0.12144939681341403,0.18569430190521796,0.07371932570035458
7,12263,5,8.950000000000001,KF-DPC,-1.5065173775584892,0.7068841799069829,33.668472959860026,34.51319543201732,0.11716611799215221,0.17670588143798346,0.05986290772353628
7,12263,6,10.450000000000001,KF-DPC,-1.4330507699300898,0.7189437672150323,32.82003926566748,33.29928793823878,0.11105085651740941,0.17185175215650264,0.043841455382561886
7,12263,7,11.950000000000001,KF-DPC,-1.422410753324381,0.7207073060466731,32.598956766904756,32.91935557833975,0.10938670466507443,0.1722321395996007,0.04057293625736421
7,12263,8,13.450000000000001,KF-DPC,-1.3177004902915204,0.7382950403530696,31.55458065264689,31.523042337789416,0.10596976079157548,0.16866501794886643,0.025215048203243013
7,12263,9,14.950000000000001,KF-DPC,-1.3270803373356501,0.7367021991249136,31.645702330205218,31.652618386784543,0.10617084351566825,0.1672656485907027,0.019778200345667817
7,12263,10,16.45,KF-DPC,-1.3346335094248447,0.7354220533394925,31.667276795873978,31.65957684236736,0.10503314685810133,0.16361440495296636,0.024739641019875764
7,12263,11,17.95,KF-DPC,-1.2741279651230997,0.7457395966224325,31.03240570588378,31.006140717738635,0.10306076403075674,0.16475614940881708,0.027280693954063094
7,12263,12,19.450000000000003,KF-DPC,-1.289314908144774,0.7431363570953711,31.225882388175382,31.206455040332973,0.1049284492247837,0.16376929526279063,0.027797047066029895
7,12263,13,20.950000000000003,KF-DPC,-1.2466480592815778,0.7504732107483004,30.592509400025744,30.66138494545411,0.10201564975031081,0.1630908740419208,0.026258237238186304
7,12263,14,22.450000000000003,KF-DPC,-1.342820008927223,0.7340370803078778,31.870225971943583,31.838391420402274,0.10556988519105086,0.16706312525505917,0.02078633811806759
7,12263,15,23.950000000000003,KF-DPC,-1.1033455321782373,0.7756493748188109,29.018325610922293,29.133529636382136,0.0973808921409761,0.1591323401616293,0.011831316921155563
7,12263,16,25.450000000000003,KF-DPC,-1.1971354357215978,0.7590780904893033,30.044591244274855,30.02516403986872,0.10019082329304022,0.16012862769492894,0.00863792630933995
7,12263,17,26.950000000000003,KF-DPC,-1.2489941666706252,0.7500679062068961,30.690864739210678,30.808430790103284,0.10062110227794337,0.16453528894906216,0.011683676426281684
7,12263,18,28.450000000000003,KF-DPC,-1.2244212603436604,0.7543239101511751,30.371701839141366,30.359858494009192,0.10031515555240454,0.15765067276274156,0.012595948724462125
7,12263,19,29.950000000000003,KF-DPC,-1.3839425494387374,0.727119421781202,32.295844862526934,32.30488752811611,0.10804067448664711,0.16682556568897278,0.013080313364221104
7,12263,0,1.4500000000000002,Shore Broadcast,-2.273823920468015,0.5924034893956802,41.40499714322369,46.48021533158685,0.16181946610038037,0.17492958204410655,0.20196453422521296
7,12263,1,2.95,Shore Broadcast,-2.7562907486267116,0.530116015630473,44.64032475878671,45.13559052245061,0.15837541182226184,0.17261689180186812,0.21504071694541727
7,12263,2,4.45,Shore Broadcast,-1.2410644915754103,0.7514386876271915,30.537125881510686,31.808238904445574,0.10544960738297815,0.16988136858414668,0.06007051623757447
7,12263,3,5.95,Shore Broadcast,-4.613991210936235,0.34562160202345826,56.02258834955659,57.028588157493715,0.22673090337089444,0.16864604439233177,0.28807378770319764
7,12263,4,7.45,Shore Broadcast,-2.1675481029412227,0.6070789715298233,40.20937081140077,41.894315885200015,0.14735683877073963,0.17106529550108052,0.16632328057040227
7,12263,5,8.950000000000001,Shore Broadcast,-3.295010878811552,0.4682727783774182,48.32877987165167,48.791556477009784,0.1778269528583349,0.1725349787069658,0.22790341929771235
7,12263,6,10.450000000000001,Shore Broadcast,-3.464654196771579,0.450333837303224,49.523504658776375,50.488381732486204,0.18210075456335928,0.1765973438050887,0.2776505525487474
7,12263,7,11.950000000000001,Shore Broadcast,-1.5573174793573359,0.6986638167458817,34.407813911514395,35.77845993851639,0.11959462492005545,0.1748722913059861,0.10441246996126494
7,12263,8,13.450000000000001,Shore Broadcast,-1.2664760217436302,0.7470546921273993,30.93990399130474,31.80629660330508,0.10657384139391164,0.17153847756968177,0.08603786256319254
7,12263,9,14.950000000000001,Shore Broadcast,-1.9519493007315456,0.6379770703238569,38.62797225233661,44.50186265397219,0.15792068360659664,0.17157256013594457,0.24256878645367413
7,12263,10,16.45,Shore Broadcast,-1.2533654651188009,0.7493133211785038,30.767521140045783,31.798303233034854,0.10591157896083211,0.1717161135342636,0.11664163877256643
7,12263,11,17.95,Shore Broadcast,-3.3513532366791643,0.4622369685710231,48.69815376329489,48.99454166426144,0.1756636796929488,0.17600095747123692,0.21012468591286015
7,12263,12,19.450000000000003,Shore Broadcast,-2.3558415047524157,0.5813207825701449,41.6180075516752,42.05381274085571,0.1428269615674525,0.17261814903976175,0.18074251210484615
7,12263,13,20.950000000000003,Shore Broadcast,-3.353393608628392,0.46201985463798323,48.66676581916661,48.79487883288797,0.181063226063451,0.17509748683716395,0.23184295916985306
7,12263,14,22.450000000000003,Shore Broadcast,-1.3228279927512951,0.7374238858875432,31.65084221930212,32.223506220091245,0.10768628976975897,0.17804639156323507,0.07144000186551852
7,12263,15,23.950000000000003,Shore Broadcast,-1.7666425639861512,0.6657876632350386,36.32210049598393,36.38488409097658,0.12322893384111468,0.1657051953362358,0.11419539693092122
7,12263,16,25.450000000000003,Shore Broadcast,-1.554936054051529,0.6990470295237091,34.1426527455228,34.825064740007136,0.1168464933979547,0.17387271447212563,0.12275817767437427
7,12263,17,26.950000000000003,Shore Broadcast,-3.546072995181737,0.4419699075282538,49.896431037055386,50.078794448752504,0.18732052207813782,0.17157624543051714,0.2479155308378723
7,12263,18,28.450000000000003,Shore Broadcast,-1.558326092786479,0.698501576626461,34.32469979769473,34.53380442566264,0.11730723174859757,0.1770676881641344,0.1195232782729265
7,12263,19,29.950000000000003,Shore Broadcast,-2.810273762004206,0.5235674319326546,45.03487218607918,45.040073139244384,0.15932937005752376,0.16962254511003366,0.24006682079237487
8,13272,0,1.4500000000000002,No Algorithm,-3.857319000263467,0.4114036116431129,51.67600807548775,51.64437772271362,,,
8,13272,1,2.95,No Algorithm,-3.925546258585464,0.4049910018860405,52.03321886503123,51.9905299230022,,,
8,13272,2,4.45,No Algorithm,-4.1929767713536545,0.38080472010846755,53.60572612633391,53.573037049251276,,,
8,13272,3,5.95,No Algorithm,-3.7559441871844452,0.4211197223693136,51.04161639085155,50.99822217008246,,,
8,13272,4,7.45,No Algorithm,-3.6964618540820786,0.42692718970640886,50.68244497778379,50.64330257712493,,,
8,13272,5,8.950000000000001,No Algorithm,-3.454304151684959,0.451408346447354,49.17922455290413,49.132397668525414,,,
8,13272,6,10.450000000000001,No Algorithm,-4.245490023226811,0.37622789931977874,53.82065161021621,53.820624862700434,,,
8,13272,7,11.950000000000001,No Algorithm,-3.858636259481942,0.41127884767646533,51.71995493736151,51.683780983198474,,,
8,13272,8,13.450000000000001,No Algorithm,-3.8806326876488892,0.409201042277958,51.69140772081556,51.69710470786664,,,
8,13272,9,14.950000000000001,No Algorithm,-3.876087350519885,0.4096295373258101,51.78001438929544,51.754716628574464,,,
8,13272,10,16.45,No Algorithm,-3.6232783396527743,0.4341823511154919,50.2925978605738,50.24961011168009,,,
8,13272,11,17.95,No Algorithm,-4.102748957912935,0.38879896863827007,53.01772810401832,52.98328123509332,,,
8,13272,12,19.450000000000003,No Algorithm,-4.295162111175016,0.37194933697231963,54.01620796769289,53.96229321952752,,,
8,13272,13,20.950000000000003,No Algorithm,-3.697628985111293,0.4268124719186546,50.69132429035149,50.73916546427705,,,
8,13272,14,22.450000000000003,No Algorithm,-3.567517609230617,0.4397929255487367,50.0059738528404,50.49433751379037,,,
8,13272,15,23.950000000000003,No Algorithm,-3.819215678820778,0.41502898870151644,51.49818662209321,51.58262064460825,,,
8,13272,16,25.450000000000003,No Algorithm,-3.7467468311243524,0.42201250188840983,50.967409117961154,50.96151524338246,,,
8,13272,17,26.950000000000003,No Algorithm,-3.847227300201512,0.41236070170271455,51.5770189996328,51.54537631182885,,,
8,13272,18,28.450000000000003,No Algorithm,-4.11348194957204,0.38783929172831527,53.151814133367346,53.14581954479724,,,
8,13272,19,29.950000000000003,No Algorithm,-3.7910245567249397,0.41773180669761173,51.32551290007815,51.40143222371037,,,
8,13272,0,1.4500000000000002,DPC,-4.011829088065743,0.39702430227023555,52.46837481665087,52.447862860923614,1.077459840475268,1.676963359605856,0.8457755539786043
8,13272,1,2.95,DPC,-3.915122020733129,0.4059642569928606,51.96457890278831,51.9167290419953,1.0677093932807866,1.740009596524479,0.6406342722584456
8,13272,2,4.45,DPC,-3.8815087338899,0.40911850775435793,51.73639760630289,51.68903348327864,1.0375555955629647,1.7326021803190255,0.5776319853139563
8,13272,3,5.95,DPC,-3.8065493272079243,0.4162412022454355,51.40060371008887,51.43164230431649,1.0695438024036965,1.777568669439872,0.49573098402730076
8,13272,4,7.45,DPC,-4.061568915286106,0.39250311564168583,52.764428886308906,52.90344404907192,1.0040010216233688,1.7374867712944593,0.45346300745445883
8,13272,5,8.950000000000001,DPC,-4.28050147197216,0.3732070617642019,53.93050746504832,53.915430093471976,1.0966941645401147,1.7722343419860207,0.4193349579994796
8,13272,6,10.450000000000001,DPC,-3.636625709776962,0.43285000714515104,50.521323830584514,50.47094116401148,1.005106287407589,1.7145319202167377,0.39965871471810976
8,13272,7,11.950000000000001,DPC,-3.5039692196386687,0.44627553370216405,49.552203116367096,49.54469336458909,1.0293943525215061,1.7456886602030741,0.3794087859610053
8,13272,8,13.450000000000001,DPC,-4.2716039462639515,0.37397244640922034,53.872547382855494,53.825495480263434,1.031656176628242,1.689994855261524,0.3625865200435015
8,13272,9,14.950000000000001,DPC,-3.8700663585097583,0.4101978352751468,51.80763572088907,51.79020462963742,1.0220528308259227,1.738354698404507,0.34581114300494714
8,13272,10,16.45,DPC,-3.7071393582297367,0.425878841669558,50.82643834761961,50.833316041842224,0.9924068246251123,1.6973390597309557,0.3235320334961206
8,13272,11,17.95,DPC,-4.107624610059114,0.3883627243574541,53.10909044337733,53.084573930565,1.0303326401628317,1.6962053793287266,0.31331126850858343
8,13272,12,19.450000000000003,DPC,-3.6010969403009114,0.4364055910647008,50.06490995131463,50.04212329601096,0.9853035154356216,1.6924018771038312,0.2966548634431966
8,13272,13,20.950000000000003,DPC,-4.101151506465028,0.38894200561930325,53.00061531573141,52.964355102880084,0.985437921182582,1.7166748769532114,0.27244018990372637
8,13272,14,22.450000000000003,DPC,-3.708999409380158,0.42569647996586746,50.854492982303036,50.884419010562596,1.039170003143853,1.72247299817388,0.2741421768456535
8,13272,15,23.950000000000003,DPC,-3.5765132327131255,0.4388829169548333,50.02920379134526,50.04038410204674,1.0017615541725051,1.7382903344334844,0.25858732206825746
8,13272,16,25.450000000000003,DPC,-3.8325245194469746,0.4137590900175433,51.50511299336935,51.45855855461372,1.0175862780878442,1.7631253908859248,0.2523851610464753
8,13272,17,26.950000000000003,DPC,-3.9095624605757506,0.40648427924543035,51.86905302293811,51.84087111470498,1.0160623211907491,1.7595174522822776,0.24791410910669157
8,13272,18,28.450000000000003,DPC,-3.8450791132015634,0.41256472156802576,51.624507213457804,51.592331660967155,1.0287353538619348,1.7431509276672246,0.24574656479977225
8,13272,19,29.950000000000003,DPC,-3.6401601883707766,0.4324978781709776,50.30650639218954,50.272382466640465,1.0982155595220626,1.7924551774220638,0.2348119950212995
8,13272,0,1.4500000000000002,Node-KF DPC,-3.759826888006912,0.42074339909644154,51.02952533925083,50.98155900470456,0.4907624337132731,0.26611962034139736,0.8457755539786043
8,13272,1,2.95,Node-KF DPC,-3.7896264986894392,0.41786630237847266,51.289202553249446,51.33967550593634,0.3794214827461575,0.22997726986002118,0.6406342722584456
8,13272,2,4.45,Node-KF DPC,-3.940702001352687,0.4035801522787331,52.18790789439301,52.17305785831083,0.3454920989486219,0.20368046361263448,0.5776319853139563
8,13272,3,5.95,Node-KF DPC,-3.7808153480643503,0.41871494784653096,51.230373550732416,51.27116853023521,0.30655292462553063,0.19227506666783134,0.49573098402730076
8,13272,4,7.45,Node-KF DPC,-3.865523635304831,0.4106271269676,51.68138300678142,51.630914454615706,0.2873423648161954,0.18686210523326308,0.45346300745445883
8,13272,5,8.950000000000001,Node-KF DPC,-3.758960910927354,0.42082730310246563,51.23195327923138,51.26242387479299,0.26632648999363817,0.18010619052498902,0.4193349579994796
8,13272,6,10.450000000000001,Node-KF DPC,-3.4922705926281026,0.44747929042021084,49.4639323691092,49.46103627158456,0.2564165942102082,0.17480401016268715,0.39965871471810976
8,13272,7,11.950000000000001,Node-KF DPC,-3.5573112760219505,0.44082769616331896,49.83402597241616,49.78465228408095,0.24275477505512597,0.17547750273219623,0.3794087859610053
8,13272,8,13.450000000000001,Node-KF DPC,-3.4516421217745563,0.4516851242854207,49.206883488891805,49.20017632247009,0.24252693659327904,0.17473960247216747,0.3625865200435015
8,13272,9,14.950000000000001,Node-KF DPC,-3.633198690176857,0.43319170406837976,50.456268978234064,50.43007811775002,0.23579402388446272,0.17405907384644506,0.34581114300494714
8,13272,10,16.45,Node-KF DPC,-3.424937661691702,0.45447106060663667,49.13546138889865,49.14778103540967,0.22931199610510078,0.16731684912141864,0.3235320334961206
8,13272,11,17.95,Node-KF DPC,-3.315824625348909,0.4660339304740498,48.457875392084205,48.54326840591731,0.21433285876828675,0.16633010133471368,0.31331126850858343
8,13272,12,19.450000000000003,Node-KF DPC,-3.2797791419217743,0.4699180054201649,48.11084184922823,48.0629940608734,0.21050482695716316,0.16319191750673162,0.2966548634431966
8,13272,13,20.950000000000003,Node-KF DPC,-2.944013489737303,0.5076900489361316,45.96408978837139,45.975209281931875,0.1914449839688867,0.16526614594235295,0.27244018990372637
8,13272,14,22.450000000000003,Node-KF DPC,-3.1544778365666333,0.48367341410566905,47.35451875634001,47.310882455369835,0.19939593041263992,0.16299910070382087,0.2741421768456535
8,13272,15,23.950000000000003,Node-KF DPC,-2.9581875470900725,0.5060358032326782,46.059204072745544,46.031988995833366,0.19144618807249836,0.16615348086444104,0.25858732206825746
8,13272,16,25.450000000000003,Node-KF DPC,-2.934777512861943,0.5087708830839024,46.039284522182406,46.004840752576904,0.1892837030765783,0.16143194887747897,0.2523851610464753
8,13272,17,26.950000000000003,Node-KF DPC,-2.777293097380285,0.5275585795646245,44.77003857520796,44.72553966918322,0.17936987386143818,0.16078418210644868,0.24791410910669157
8,13272,18,28.450000000000003,Node-KF DPC,-2.96066336274535,0.5057474057575657,46.20462169882002,46.16807147030677,0.18006766308716668,0.15952620922617436,0.24574656479977225
8,13272,19,29.950000000000003,Node-KF DPC,-2.9726020754765683,0.5043590203005957,46.22388686695887,46.18024175483021,0.17985525494346144,0.16423666021805244,0.2348119950212995
8,13272,0,1.4500000000000002,KF-DPC,-3.003271644991073,0.5008098193817412,46.51541892592039,46.46978824398914,0.18072864014542792,0.26611962034139736,0.20190218088471323
8,13272,1,2.95,KF-DPC,-2.520050520376241,0.5597510900146911,42.94172028702679,42.94155869780679,0.1556556833825245,0.22997726986002118,0.18949574330792415
8,13272,2,4.45,KF-DPC,-2.3659975161017264,0.5799629475228097,41.71454765961596,41.75310244127966,0.14875920878916732,0.20368046361263448,0.1853967432657594
8,13272,3,5.95,KF-DPC,-2.0697702725908202,0.6209018770160136,39.1688203149346,39.51035150559069,0.13853446012689274,0.19227506666783134,0.14542214541777548
8,13272,4,7.45,KF-DPC,-2.0804184303545417,0.6193813965697748,39.3147551721093,39.50932279470816,0.13715380484066547,0.18686210523326308,0.10952056922882487
8,13272,5,8.950000000000001,KF-DPC,-1.7778440611718445,0.6640726496998391,36.51948313643847,36.97004207211194,0.12573318929404825,0.18010619052498902,0.08236382184203113
8,13272,6,10.450000000000001,KF-DPC,-1.637834110885672,0.6858301745615183,34.99248149265268,35.09941584790552,0.11776660192183508,0.17480401016268715,0.07238660734103416
8,13272,7,11.950000000000001,KF-DPC,-1.5972229910559446,0.692273489819841,34.65004086602716,34.89364955793154,0.11797271371748358,0.17547750273219623,0.05759571232867218
8,13272,8,13.450000000000001,KF-DPC,-1.5206050881815845,0.7045948932448505,33.82324500634422,33.948632661875784,0.1164287949720643,0.17473960247216747,0.05347891786614913
8,13272,9,14.950000000000001,KF-DPC,-1.5049369303473896,0.7071414699444103,33.75244203767459,34.43172778242908,0.11463006415422074,0.17405907384644506,0.05513896330679991
8,13272,10,16.45,KF-DPC,-1.4006644136108903,0.7243251393494664,32.49326765531013,32.668164970311906,0.10904655523864254,0.16731684912141864,0.04561907116849473
8,13272,11,17.95,KF-DPC,-1.3815819028778409,0.7275147614920028,32.20976192101589,32.18135387052059,0.10612760584217741,0.16633010133471368,0.03256802463052721
8,13272,12,19.450000000000003,KF-DPC,-1.2557603581949648,0.7489002303703303,30.75625344624743,30.735458597172997,0.10423562515086837,0.16319191750673162,0.020857962252221036
8,13272,13,20.950000000000003,KF-DPC,-1.1833273478366024,0.7614953666832203,29.848927502597682,29.85180596312202,0.09997151620220154,0.16526614594235295,0.01434230902334206
8,13272,14,22.450000000000003,KF-DPC,-1.3709702843140745,0.7292945558191652,32.150234549593634,32.1348915519404,0.10583878553561694,0.16299910070382087,0.009600704206591752
8,13272,15,23.950000000000003,KF-DPC,-1.238210848083608,0.7519326019780244,30.61883235342556,30.589789471047805,0.10117663219131286,0.16615348086444104,0.01075806782304037
8,13272,16,25.450000000000003,KF-DPC,-1.3461483387346114,0.7334747472225256,31.865376084512675,31.860076731825313,0.10735536856580062,0.16143194887747897,0.01733899977617708
8,13272,17,26.950000000000003,KF-DPC,-1.256892075293555,0.7487051017626288,30.939837191840276,31.104111538630136,0.10389165193532302,0.16078418210644868,0.0237396358613195
8,13272,18,28.450000000000003,KF-DPC,-1.198731387494886,0.7587991945997108,30.170652789070957,30.282910266794506,0.10232970151651664,0.15952620922617436,0.02865552579382093
8,13272,19,29.950000000000003,KF-DPC,-1.3880762313645323,0.7264276675535724,32.3209373174856,32.43482573451933,0.10970409053943644,0.16423666021805244,0.029091763285331456
8,13272,0,1.4500000000000002,Shore Broadcast,-1.7231374708293525,0.672490653764204,35.97147766155763,35.93997705558227,0.12115230970079396,0.17135426690763794,0.1919370758228283
8,13272,1,2.95,Shore Broadcast,-1.8730843052700714,0.6496681402546723,37.50114856448291,38.31261320728158,0.12724218575613985,0.1773968200438115,0.15124934111831126
8,13272,2,4.45,Shore Broadcast,-1.2904017913619503,0.7429504000069855,31.22647346544545,31.31265829295366,0.10429073287377838,0.1692024552799767,0.03725894891581168
8,13272,3,5.95,Shore Broadcast,-3.196220693205769,0.4790467859090169,48.21654482598605,50.30201396158724,0.18759274404422968,0.16989548811565564,0.2317015514354794
8,13272,4,7.45,Shore Broadcast,-2.7521342176842594,0.5306236201436718,44.86496813101962,46.32759150721582,0.16179589213786585,0.17205274727621003,0.20824795005758284
8,13272,5,8.950000000000001,Shore Broadcast,-1.7787112776951954,0.6639400582661771,36.473093492744276,36.52745677792326,0.12479643809560251,0.17230791614212562,0.12172831075681972
8,13272,6,10.450000000000001,Shore Broadcast,-2.098379628702893,0.6168250990177707,39.40355978379571,39.38160203982007,0.13540083930563093,0.17272706389575887,0.16109353383144123
8,13272,7,11.950000000000001,Shore Broadcast,-1.2719284146869003,0.7461173834396538,30.93768811252711,31.304524339918494,0.10551966025298343,0.17082702823538562,0.07088924447337948
8,13272,8,13.450000000000001,Shore Broadcast,-3.8595163044244787,0.4111955154639538,51.59765354936917,51.69264240029674,0.19472790157366868,0.17099001578699424,0.2739491173264243
8,13272,9,14.950000000000001,Shore Broadcast,-1.693587636251845,0.6770819501083042,35.684120407125675,38.50307843974615,0.13060548075054085,0.17788473701141427,0.17765806129505948
8,13272,10,16.45,Shore Broadcast,-1.5149293112968718,0.7055163274174525,33.71282242989895,33.863934278085495,0.11461235231594176,0.17525741296543065,0.09993983940132484
8,13272,11,17.95,Shore Broadcast,-1.2629842031531833,0.7476555812770803,30.98604494231161,31.42840999029241,0.10421881796443846,0.1682688757590643,0.06257900208132525
8,13272,12,19.450000000000003,Shore Broadcast,-1.7038242926234792,0.6754878950500336,35.59888372747078,35.71051140845067,0.12069149263000796,0.17882217663377672,0.09226923555743147
8,13272,13,20.950000000000003,Shore Broadcast,-1.9760641138527055,0.6344444295556372,38.2893753280087,38.58338633684123,0.12938641711269885,0.17375201576038463,0.1277017764240304
8,13272,14,22.450000000000003,Shore Broadcast,-2.1888149578717826,0.6041134489293635,40.12932655667995,40.18989339418634,0.13817471445868015,0.1752132898357165,0.1376317261969708
8,13272,15,23.950000000000003,Shore Broadcast,-1.3658670854853878,0.730152020686108,32.29859107259121,35.37551628380565,0.11972277814131203,0.17188753119220337,0.16204006948456942
8,13272,16,25.450000000000003,Shore Broadcast,-2.939073357009534,0.5082678788046685,45.879394850377714,46.19461195373503,0.16413574831259753,0.1737903604394191,0.20031484271753286
8,13272,17,26.950000000000003,Shore Broadcast,-1.6828909722439618,0.6787516569337195,35.53067558423637,35.515434819739525,0.11757851250095905,0.17633780992873374,0.09491738247145982
8,13272,18,28.450000000000003,Shore Broadcast,-1.6916319261194757,0.677386921569137,35.767328106571675,36.95836659735933,0.12466823700844748,0.17502109723875012,0.11640956660364382
8,13272,19,29.950000000000003,Shore Broadcast,-1.4423294726927274,0.7174093833543034,32.96709406333789,32.944911084739054,0.10737663691464092,0.17010117446986148,0.08166150077572149
9,14281,0,1.4500000000000002,No Algorithm,-4.139637906447308,0.3855104983105897,53.207216464346445,53.36537859468742,,,
9,14281,1,2.95,No Algorithm,-3.822272485685943,0.4147369709252329,51.48308068805388,51.47750351366623,,,
9,14281,2,4.45,No Algorithm,-4.234988161724982,0.3771387730388343,53.69263160859723,53.66755230460272,,,
9,14281,3,5.95,No Algorithm,-3.9493126124619167,0.4027807801455808,52.059815740621275,52.02769102555795,,,
9,14281,4,7.45,No Algorithm,-3.9817090545229403,0.3997873927286486,52.38951879177757,52.349872916245026,,,
9,14281,5,8.950000000000001,No Algorithm,-3.913791746854884,0.406088625684399,51.96525103163399,51.9149592112495,,,
9,14281,6,10.450000000000001,No Algorithm,-3.9272730569686356,0.40483000541407144,52.058626478782365,52.0616227322259,,,
9,14281,7,11.950000000000001,No Algorithm,-4.068435100069389,0.39188305949056,52.86266689659933,52.95136249369127,,,
9,14281,8,13.450000000000001,No Algorithm,-4.29427528002499,0.3720252969378938,53.976763892956924,53.937865557970966,,,
9,14281,9,14.950000000000001,No Algorithm,-3.919689685955455,0.40553751106163527,52.05233191609575,52.00724350204397,,,
9,14281,10,16.45,No Algorithm,-4.034313711410814,0.39497410972246444,52.60103410175372,52.55038714663725,,,
9,14281,11,17.95,No Algorithm,-3.9352759582886487,0.40408469745124664,52.05051216026937,51.99995346633061,,,
9,14281,12,19.450000000000003,No Algorithm,-4.064183066235328,0.3922669271364443,52.6815402801188,52.67546143635281,,,
9,14281,13,20.950000000000003,No Algorithm,-3.9265539331741746,0.404897044486813,52.00222907871996,51.975029689385835,,,
9,14281,14,22.450000000000003,No Algorithm,-3.834520919511189,0.4135689335961279,51.471516512977566,51.43071825427335,,,
9,14281,15,23.950000000000003,No Algorithm,-4.2137410071247015,0.37898838421663544,53.61811859845345,53.63436970305809,,,
9,14281,16,25.450000000000003,No Algorithm,-3.9926032447898745,0.39878579081977983,52.485945388804346,52.474731943490454,,,
9,14281,17,26.950000000000003,No Algorithm,-3.6626213082565946,0.43026683227850776,50.59094624312212,50.79376546054252,,,
9,14281,18,28.450000000000003,No Algorithm,-4.032357988804974,0.39515201521773163,52.6102050541594,52.68999186380213,,,
9,14281,19,29.950000000000003,No Algorithm,-3.940140599571203,0.40363232546320726,52.07706069413671,52.02511340142258,,,
9,14281,0,1.4500000000000002,DPC,-3.864149969900825,0.4107570281101241,51.60168214159265,51.56156034692049,1.119633593338532,1.7802515634511005,0.828240370612516
9,14281,1,2.95,DPC,-3.7275435898518996,0.4238826502449304,50.917802219015094,50.86894513542683,1.0856688227228877,1.7731656650027183,0.6360946610381177
9,14281,2,4.45,DPC,-4.0822671772039305,0.3906369156921284,52.84813138312282,52.81192525721518,0.9861651808226808,1.742674089733785,0.5374749373799
9,14281,3,5.95,DPC,-3.606089228137286,0.4359042237459853,50.18274159323504,50.354779805598056,1.062176582413733,1.7344884626241277,0.49730093537003983
9,14281,4,7.45,DPC,-4.127421665012807,0.38659642488354257,53.14902116581415,53.09885991815924,1.0759893260092641,1.707539691273857,0.44975960542167887
9,14281,5,8.950000000000001,DPC,-3.909212221954123,0.4065170616638966,51.94210920670417,51.95774213556882,1.033245771725827,1.7192846705710374,0.4190736972035694
9,14281,6,10.450000000000001,DPC,-3.7837051320884862,0.4184364286982031,51.214017605110065,51.17678509789754,1.0284343134471254,1.705131807478715,0.3866737790082012
9,14281,7,11.950000000000001,DPC,-4.245385374288872,0.37623696513251403,53.76058781395007,53.70901544204885,1.0055123886884323,1.7192023482076417,0.371662073686914
9,14281,8,13.450000000000001,DPC,-4.4556782089514915,0.3584529666779077,54.790311130012554,54.867106199728795,1.003913151890604,1.7549380695884091,0.3501222850067391
9,14281,9,14.950000000000001,DPC,-3.7064518791864436,0.4259462627318793,50.78105808148684,50.77885643057837,0.9912030140405269,1.7193823854580734,0.32792103952641855
9,14281,10,16.45,DPC,-4.016660476274423,0.3965828709254638,52.47000847494879,52.615942324405346,1.021542672702099,1.7409844816705433,0.3115196168647557
9,14281,11,17.95,DPC,-4.224695939428308,0.3780336034658249,53.55094620964693,53.49873102331511,1.0225458414996276,1.736877499787134,0.2998131410124348
9,14281,12,19.450000000000003,DPC,-3.600759652551271,0.4364394851116721,50.233312795591786,50.22776669484601,0.9941580602270478,1.7308644302973253,0.2939157346634796
9,14281,13,20.950000000000003,DPC,-3.886168761218383,0.40867975455293687,51.83668556823243,51.80101105876515,1.0114890835777424,1.711379484277945,0.2878585269204209
9,14281,14,22.450000000000003,DPC,-4.123282092295344,0.3869650933846739,53.145518720391024,53.16542652155432,0.9990837692179713,1.726916021361277,0.28514330252264863
9,14281,15,23.950000000000003,DPC,-4.029110742636224,0.395447583260217,52.67269564988404,52.81916413176942,1.0168463347523053,1.7501772745765845,0.27469772133785175
9,14281,16,25.450000000000003,DPC,-3.6418910645892026,0.43232554092841324,50.48204800008069,50.4326770419969,1.0207942286231377,1.6979536264511814,0.26246240560986356
9,14281,17,26.950000000000003,DPC,-3.5374062270611346,0.44285278203540257,49.84236994619042,49.86353106500259,1.0257747653632259,1.7798617770253633,0.25192388877850297
9,14281,18,28.450000000000003,DPC,-3.8536755794604938,0.4117488947303744,51.6440482559399,51.61204755337991,0.9624669346241852,1.6735855036110552,0.24412623623202598
9,14281,19,29.950000000000003,DPC,-4.170194236329419,0.3828076220285608,53.299742880540556,53.26637935696513,0.9932055288495713,1.6550136795907193,0.24298577259713597
9,14281,0,1.4500000000000002,Node-KF DPC,-4.199057420021897,0.3802719204647051,53.48227142148636,53.441197372683625,0.47613652093693465,0.2813046385407566,0.828240370612516
9,14281,1,2.95,Node-KF DPC,-3.609830243858082,0.4355288972176262,50.284001199131,50.376177321651014,0.38555785586715163,0.22730870429347974,0.6360946610381177
9,14281,2,4.45,Node-KF DPC,-4.05967122084331,0.39267466139490975,52.781321296808635,52.73745970744078,0.3445269441100062,0.20901145648340208,0.5374749373799
9,14281,3,5.95,Node-KF DPC,-3.8424754841547593,0.412812131467795,51.540295774911904,51.569716438339704,0.3329300038854047,0.20531662308875875,0.49730093537003983
9,14281,4,7.45,Node-KF DPC,-4.056633988943711,0.39294937387494216,52.76258718096943,52.85785354229375,0.30265730181211575,0.1899668092926103,0.44975960542167887
9,14281,5,8.950000000000001,Node-KF DPC,-3.7295689935498406,0.42368501169353684,50.817609498676376,50.76682773140137,0.278286057154817,0.17876938835265763,0.4190736972035694
9,14281,6,10.450000000000001,Node-KF DPC,-3.766800432832933,0.42006834594946124,51.150004948843,51.13403179375793,0.24889069595909333,0.17943609362711962,0.3866737790082012
9,14281,7,11.950000000000001,Node-KF DPC,-3.530911235794437,0.44351557582052287,49.78216667819015,49.76995418009409,0.23904530132017007,0.16759130030789546,0.371662073686914
9,14281,8,13.450000000000001,Node-KF DPC,-3.1226920134632974,0.48722638481860514,47.15471030043342,47.289369050652724,0.23441023792108776,0.17173254156530474,0.3501222850067391
9,14281,9,14.950000000000001,Node-KF DPC,-3.1994884086931923,0.4786864774316819,47.8390447761572,47.82068538753406,0.2119093818535635,0.16884382748575136,0.32792103952641855
9,14281,10,16.45,Node-KF DPC,-2.931796911099618,0.5091201769265203,45.92342163635329,45.88025137455367,0.2081127044630943,0.16872939804844161,0.3115196168647557
9,14281,11,17.95,Node-KF DPC,-2.9774665998897127,0.5037944049714763,46.35973929418718,46.616956234157435,0.19522760744453405,0.16715127690517492,0.2998131410124348
9,14281,12,19.450000000000003,Node-KF DPC,-2.9575696681589574,0.5061078030202153,46.09725051897579,46.05437047789661,0.19660268903440484,0.1668799900401329,0.2939157346634796
9,14281,13,20.950000000000003,Node-KF DPC,-3.245879139408836,0.4736004278532883,48.0005872468634,47.97465222658092,0.19206662250747905,0.1577084906168919,0.2878585269204209
9,14281,14,22.450000000000003,Node-KF DPC,-2.930143692893437,0.5093140193542871,45.922075465751206,46.1115444257281,0.1864674793761108,0.16128950943699025,0.28514330252264863
9,14281,15,23.950000000000003,Node-KF DPC,-2.8163405365882053,0.5228365573350172,45.1616924296622,45.13193939592782,0.1791729030603255,0.16191095177069673,0.27469772133785175
9,14281,16,25.450000000000003,Node-KF DPC,-2.8840769463912515,0.5147451998208143,45.5444136770987,45.60905108361226,0.17068562363427353,0.16495961871021,0.26246240560986356
9,14281,17,26.950000000000003,Node-KF DPC,-2.733017034777787,0.5329645175048001,44.49036652167309,44.452993179449166,0.17999336569993515,0.1629890141632106,0.25192388877850297
9,14281,18,28.450000000000003,Node-KF DPC,-2.6785657733384163,0.5396888214868143,44.075446849406134,44.125402419903786,0.1720866631291041,0.1593860412714625,0.24412623623202598
9,14281,19,29.950000000000003,Node-KF DPC,-2.604062388183724,0.5490270739694346,43.64462770519266,43.61230390725856,0.1736810792271302,0.1621907845451387,0.24298577259713597
9,14281,0,1.4500000000000002,KF-DPC,-3.0780803241347887,0.4922570759101957,46.972202083967105,46.97773240340255,0.19275373770472543,0.2813046385407566,0.19801073525188154
9,14281,1,2.95,KF-DPC,-2.27585304590254,0.592126769274626,41.12082633111632,42.18266413622836,0.15808642764960584,0.22730870429347974,0.14388793266872577
9,14281,2,4.45,KF-DPC,-2.207684383679867,0.6014943629956021,40.62289214449526,42.0840926925303,0.14895090760048546,0.20901145648340208,0.11428082276207181
9,14281,3,5.95,KF-DPC,-2.326723473965376,0.5852314443248429,41.42680385235637,42.6522991069446,0.14755726899766325,0.20531662308875875,0.10780963289346426
9,14281,4,7.45,KF-DPC,-2.0664501340524164,0.6213767318732354,39.216821179143786,40.16765906122448,0.1444618226933033,0.1899668092926103,0.10735246452353589
9,14281,5,8.950000000000001,KF-DPC,-1.9218434383182679,0.64241497524804,37.886095846034884,38.97002758957298,0.13331742993310083,0.17876938835265763,0.10118009748814087
9,14281,6,10.450000000000001,KF-DPC,-1.8041269144059766,0.6600659175335227,36.76094022832792,37.16632582978414,0.12501515484607878,0.17943609362711962,0.08535852030230179
9,14281,7,11.950000000000001,KF-DPC,-1.649613521694744,0.6839725112312431,35.19307465412927,35.35837055974654,0.11913432695957629,0.16759130030789546,0.07394987748218067
9,14281,8,13.450000000000001,KF-DPC,-1.5750981429759803,0.6958092304482728,34.43297927406117,34.50101470210331,0.11783329330258854,0.17173254156530474,0.06150567007228954
9,14281,9,14.950000000000001,KF-DPC,-1.3578223249133448,0.7315057891826394,31.92540302186858,31.949113413470716,0.10828946705468873,0.16884382748575136,0.04746076107989494
9,14281,10,16.45,KF-DPC,-1.4918012469480195,0.7092835298769915,33.51253242729698,33.49688857661841,0.11476561401216506,0.16872939804844161,0.04335623034904256
9,14281,11,17.95,KF-DPC,-1.3909125988103601,0.7259533941759845,32.528015534701815,32.51418166577215,0.1104107776960643,0.16715127690517492,0.04060205652196818
9,14281,12,19.450000000000003,KF-DPC,-1.4051929344750533,0.7235702570989354,32.5284664661333,32.50097943439522,0.1099088350437627,0.1668799900401329,0.03864522778934239
9,14281,13,20.950000000000003,KF-DPC,-1.3185608631703991,0.738148792555803,31.614969814824526,31.596065404105943,0.1063346919722692,0.1577084906168919,0.03980815888532895
9,14281,14,22.450000000000003,KF-DPC,-1.2153286145986617,0.7559048616451476,30.386784415276665,30.528259666103835,0.1041487186415701,0.16128950943699025,0.04376002408831566
9,14281,15,23.950000000000003,KF-DPC,-1.274702542542723,0.7456409408007117,30.97712173013299,30.989953456136295,0.10634919097887582,0.16191095177069673,0.045432868664584285
9,14281,16,25.450000000000003,KF-DPC,-1.3156591663214332,0.7386421443743754,31.537411641843022,31.5113266968934,0.10514999553530739,0.16495961871021,0.04708692768452002
9,14281,17,26.950000000000003,KF-DPC,-1.3506904429920943,0.7327080376809555,31.924807386285185,31.90068997558199,0.10546598950839361,0.1629890141632106,0.04586221779051601
9,14281,18,28.450000000000003,KF-DPC,-1.2820623781776255,0.744378399452669,31.095810867949115,31.11631265467024,0.10513264145492696,0.1593860412714625,0.043663123398245025
9,14281,19,29.950000000000003,KF-DPC,-1.426019482517482,0.7201086898238482,32.8134893690907,32.78611419853634,0.10862154205536234,0.1621907845451387,0.04220864840679167
9,14281,0,1.4500000000000002,Shore Broadcast,-2.5426162864403374,0.5568501889430726,43.32668097310915,45.90232105205938,0.16231738765946468,0.1739494044953052,0.21136138829520806
9,14281,1,2.95,Shore Broadcast,-3.643955806055178,0.43212005171533713,50.83285226524977,52.227649475332704,0.1902987568983902,0.18052334618388127,0.25529025019975665
9,14281,2,4.45,Shore Broadcast,-1.7119084334060868,0.674231682918704,35.93550811596676,38.485987415895,0.13091253409830064,0.1718844477397844,0.11772806416013347
9,14281,3,5.95,Shore Broadcast,-1.579080597112371,0.6951714700475556,34.499837096620126,36.011179771619055,0.1196882411014698,0.16848398276153076,0.11125747435573793
9,14281,4,7.45,Shore Broadcast,-1.8646341502357164,0.6509334431779901,37.35362365331607,38.9088979026883,0.13523320071436795,0.16779115768641473,0.13112760069206164
9,14281,5,8.950000000000001,Shore Broadcast,-3.4636816013059675,0.45043470013108833,49.50449348221851,50.33818551669442,0.1847964210789869,0.17028274170389238,0.27859238342270415
9,14281,6,10.450000000000001,Shore Broadcast,-1.547526742960149,0.7002406614631134,34.17382196408353,35.662438996128024,0.1203437931229228,0.16918034230784737,0.09778613417937888
9,14281,7,11.950000000000001,Shore Broadcast,-3.1192299243738066,0.48761494459687277,47.17109511266888,47.35249577017894,0.16990733388182752,0.17626024608288485,0.2178264160035533
9,14281,8,13.450000000000001,Shore Broadcast,-1.3932038740890618,0.7255704926126807,32.34952561533929,35.80010644892806,0.11903175378638257,0.16704367928347844,0.17654748273459936
9,14281,9,14.950000000000001,Shore Broadcast,-1.323852794417385,0.7372498970152896,31.649714288057268,31.70886949703895,0.10485943897279427,0.172986669610641,0.0735513927840761
9,14281,10,16.45,Shore Broadcast,-1.6970854721273068,0.6765368434676239,35.80012707479735,37.58514809514974,0.1267685652657109,0.1741495826241287,0.172381229628303
9,14281,11,17.95,Shore Broadcast,-1.9117932261282626,0.6439033393390968,37.71252987246214,38.269977194551686,0.12925031492929623,0.17639195642977842,0.1529022024494736
9,14281,12,19.450000000000003,Shore Broadcast,-1.9421790464681512,0.6394139328850303,37.99198569897133,38.02375306374835,0.12886123269947708,0.17772805384378626,0.13560684182394384
9,14281,13,20.950000000000003,Shore Broadcast,-1.7013733730755496,0.6758692109079749,35.84723217309277,38.235756804864415,0.12980414604431828,0.17171954025886133,0.18849587663842904
9,14281,14,22.450000000000003,Shore Broadcast,-3.971406118564615,0.4007369497123015,52.27171310832938,52.21945302268172,0.20324047131388828,0.16862104781013323,0.3160605605132562
9,14281,15,23.950000000000003,Shore Broadcast,-1.6693715770868423,0.6808678729588244,35.3990521388041,35.36419258206709,0.11971183051890012,0.17587936987809927,0.11167601344929474
9,14281,16,25.450000000000003,Shore Broadcast,-1.8569774002654418,0.6520820717971691,37.19543255010181,38.222635650653785,0.1303723114464277,0.17098734050292047,0.13215103905883557
9,14281,17,26.950000000000003,Shore Broadcast,-1.6039529944990392,0.6912015455198313,34.686595211095984,34.65498429751985,0.11531122296819259,0.1784843598804461,0.10403277304796114
9,14281,18,28.450000000000003,Shore Broadcast,-1.2759434957230364,0.7454279117732683,30.964763645788587,31.334174904036246,0.10507977850410732,0.17034847227236302,0.1057056696622842
9,14281,19,29.950000000000003,Shore Broadcast,-1.961713064590172,0.6365443879127173,38.221857517993634,38.66136519803107,0.13012789722205964,0.17370001720248704,0.1389874002317824
