global_step,long_block,physical_time_s,iteration_step,no_algorithm_gain_linear,no_algorithm_norm_db,no_algorithm_power_linear,no_algorithm_ideal_power_linear,no_algorithm_single_node_mean_power_linear,no_algorithm_single_node_best_power_linear,no_algorithm_gain_over_single_mean_linear,no_algorithm_gain_over_single_mean_db,no_algorithm_gain_over_single_best_linear,no_algorithm_gain_over_single_best_db,no_algorithm_phase_std_deg,no_algorithm_phase_rmse_deg,no_algorithm_distance_rmse,no_algorithm_node_rmse,no_algorithm_uav_rmse,no_algorithm_uav_line_intercept_rmse,no_algorithm_uav_velocity_rmse,dpc_gain_linear,dpc_norm_db,dpc_power_linear,dpc_ideal_power_linear,dpc_single_node_mean_power_linear,dpc_single_node_best_power_linear,dpc_gain_over_single_mean_linear,dpc_gain_over_single_mean_db,dpc_gain_over_single_best_linear,dpc_gain_over_single_best_db,dpc_phase_std_deg,dpc_phase_rmse_deg,dpc_distance_rmse,dpc_node_rmse,dpc_uav_rmse,dpc_uav_line_intercept_rmse,dpc_uav_velocity_rmse,kf_dpc_gain_linear,kf_dpc_norm_db,kf_dpc_power_linear,kf_dpc_ideal_power_linear,kf_dpc_single_node_mean_power_linear,kf_dpc_single_node_best_power_linear,kf_dpc_gain_over_single_mean_linear,kf_dpc_gain_over_single_mean_db,kf_dpc_gain_over_single_best_linear,kf_dpc_gain_over_single_best_db,kf_dpc_phase_std_deg,kf_dpc_phase_rmse_deg,kf_dpc_distance_rmse,kf_dpc_node_rmse,kf_dpc_uav_rmse,kf_dpc_uav_line_intercept_rmse,kf_dpc_uav_velocity_rmse
0,0,0.0,0,0.40284044723705115,-3.9486693054649455,8056808.944741023,20000000.0,5.000000000000001,5.000000000000001,1611361.7889482044,62.07193060781468,1611361.7889482044,62.07193060781468,52.11666519318445,52.11731590098079,,,,,,0.8171052350053122,-0.877220070674136,16342104.700106243,20000000.0,5.000000000000001,5.000000000000001,3268420.940021248,65.14337984260548,3268420.940021248,65.14337984260548,25.75033827356979,25.764437591865224,1.0666963966038872,1.7304542748866711,0.6386539790413234,0.6386539790413234,15.0,0.8171052350053122,-0.877220070674136,16342104.700106243,20000000.0,5.000000000000001,5.000000000000001,3268420.940021248,65.14337984260548,3268420.940021248,65.14337984260548,25.75033827356979,25.764437591865224,1.0666963966038872,1.7304542748866711,0.6386539790413234,0.5239674521526851,15.0
1,0,0.05,1,0.40367378369454726,-3.9396945461866935,8073475.6738909455,20000000.0,5.000000000000001,5.000000000000001,1614695.1347781888,62.08090536709293,1614695.1347781888,62.08090536709293,52.072612849511884,52.07473335497231,,,,,,0.8173244864455002,-0.8760548974036743,16346489.728910003,20000000.0,5.000000000000001,5.000000000000001,3269297.945782,65.14454501587595,3269297.945782,65.14454501587595,25.728424262153965,25.758241705994607,1.06686875364482,1.7293263250583883,0.6415532959971004,0.6386539790413234,18.14015664643194,0.902233478919026,-0.44681061698484176,18044669.57838052,20000000.0,5.000000000000001,5.000000000000001,3608933.9156761034,65.57378929629478,3608933.9156761034,65.57378929629478,18.382621040027256,19.75270188642184,0.8130743399832816,1.2260615862886046,0.5752145796093255,0.35600341418914294,14.020474248133922
2,0,0.1,2,0.4046444421292717,-3.9292642035029974,8092888.842585434,20000000.0,5.000000000000001,5.000000000000001,1618577.7685170865,62.09133570977663,1618577.7685170865,62.09133570977663,52.016860823131864,52.021961157204736,,,,,,0.8212004099456897,-0.855508425002932,16424008.198913792,20000000.0,5.000000000000001,5.000000000000001,3284801.639782758,65.16509148827669,3284801.639782758,65.16509148827669,25.43288439555908,25.452700164164582,1.0538430348865355,1.7251860583329777,0.5899116064875417,0.583461583526312,9.115793314199806,0.9235940323621893,-0.34518881861990025,18471880.647243787,20000000.0,5.000000000000001,5.000000000000001,3694376.1294487566,65.67541109465972,3694376.1294487566,65.67541109465972,16.15866657966229,19.764040621968274,0.81342086076851,0.9999058289567564,0.7826930240186378,0.40095996629931535,11.101835451438864
3,0,0.15000000000000002,3,0.4056244408953289,-3.9187588447802906,8112488.817906578,20000000.0,5.000000000000001,5.000000000000001,1622497.7635813153,62.10184106849933,1622497.7635813153,62.10184106849933,51.95611968865721,51.95455848160331,,,,,,0.8233023979939942,-0.8444061963762006,16466047.959879884,20000000.0,5.000000000000001,5.000000000000001,3293209.5919759762,65.17619371690343,3293209.5919759762,65.17619371690343,25.270279004507437,25.283005895467845,1.0469165736702535,1.7346879772736918,0.5354843081339433,0.5327480653438863,5.696357082904003,0.937931422296967,-0.27828914293413964,18758628.44593934,20000000.0,5.000000000000001,5.000000000000001,3751725.689187867,65.74231077034548,3751725.689187867,65.74231077034548,14.509273052772832,18.215590467677508,0.7483112654808445,0.8660849171703416,0.7657348416565368,0.3758026104665639,7.2988924209449575
4,0,0.2,4,0.4058275125347936,-3.9165851388961928,8116550.250695872,20000000.0,5.000000000000001,5.000000000000001,1623310.050139174,62.10401477438343,1623310.050139174,62.10401477438343,51.94328423450753,51.943730824575674,,,,,,0.8244743298549698,-0.8382286163970274,16489486.597099397,20000000.0,5.000000000000001,5.000000000000001,3297897.319419879,65.1823712968826,3297897.319419879,65.1823712968826,25.16709727354754,25.18637834173918,1.043549860472992,1.7348435322925198,0.49836341101085785,0.4942180872185524,4.044868790304931,0.9507541878709834,-0.2193175293688651,19015083.75741967,20000000.0,5.000000000000001,5.000000000000001,3803016.751483933,65.80128238391076,3803016.751483933,65.80128238391076,12.878051983215958,15.536409633589878,0.6352017317027681,0.7762104054051224,0.6286109721713179,0.2974357800629032,4.41711234159096
5,0,0.25,5,0.40528508934962876,-3.922393738854892,8105701.786992575,20000000.0,5.000000000000001,5.000000000000001,1621140.3573985146,62.09820617442473,1621140.3573985146,62.09820617442473,51.97758466712772,51.97455024563406,,,,,,0.8269237363697891,-0.8253454171833801,16538474.727395782,20000000.0,5.000000000000001,5.000000000000001,3307694.945479156,65.19525449609624,3307694.945479156,65.19525449609624,24.98232549740121,24.994778059745602,1.0334074953694399,1.732143035085865,0.4631356153552457,0.46198599518105493,3.0478799919461426,0.9601696895042399,-0.1765200789489385,19203393.790084798,20000000.0,5.000000000000001,5.000000000000001,3840678.758016959,65.84407983433069,3840678.758016959,65.84407983433069,11.552671375604382,13.18501419323997,0.5344639806922663,0.7095862791390957,0.48578774644130823,0.22208349690527,2.65903635178095
6,0,0.30000000000000004,6,0.40453866876066263,-3.9303995902890696,8090773.375213252,20000000.0,5.000000000000001,5.000000000000001,1618154.6750426502,62.090200322990555,1618154.6750426502,62.090200322990555,52.01915103883448,52.01404834353518,,,,,,0.8265369064816214,-0.8273774956565855,16530738.129632428,20000000.0,5.000000000000001,5.000000000000001,3306147.6259264853,65.19322241762305,3306147.6259264853,65.19322241762305,25.01121238278123,25.02207672603898,1.0354244312575225,1.7354856253139683,0.4341028511042226,0.4355951029986075,2.406938602511886,0.9670386738689836,-0.1455615723857159,19340773.477379672,20000000.0,5.000000000000001,5.000000000000001,3868154.6954759336,65.87503834089391,3868154.6954759336,65.87503834089391,10.490585555335606,11.457791313226105,0.4603694751059752,0.6573109871330778,0.3732278061967318,0.16611775487142894,1.651002949016733
7,0,0.35000000000000003,7,0.4037507857596551,-3.9388661945774404,8075015.715193102,20000000.0,5.000000000000001,5.000000000000001,1615003.1430386202,62.08173371870218,1615003.1430386202,62.08173371870218,52.06505026106096,52.059993166977144,,,,,,0.8299734985427817,-0.809357746364337,16599469.970855635,20000000.0,5.000000000000001,5.000000000000001,3319893.9941711263,65.21124216691528,3319893.9941711263,65.21124216691528,24.731484568478674,24.737437232205473,1.0234430173822884,1.7278854265244423,0.41372082246028785,0.41351760104497454,1.9758748259666425,0.9718238838956866,-0.12412431763400407,19436477.677913733,20000000.0,5.000000000000001,5.000000000000001,3887295.535582746,65.89647559564563,3887295.535582746,65.89647559564563,9.687772129007328,10.228229927794242,0.40680377108495025,0.6141583052344495,0.29367863942003114,0.12816211501593128,1.0770325347126077
8,0,0.4,8,0.40323504904413754,-3.9444172620311275,8064700.980882751,20000000.0,5.000000000000001,5.000000000000001,1612940.19617655,62.076182651248494,1612940.19617655,62.076182651248494,52.09632526898675,52.09400983067419,,,,,,0.830341751010528,-0.8074312445466246,16606835.02021056,20000000.0,5.000000000000001,5.000000000000001,3321367.0040421113,65.213168668733,3321367.0040421113,65.213168668733,24.706324635510573,24.71293024118559,1.0229856930522676,1.730692810424055,0.3938248171735583,0.39383720718845017,1.6530763897121143,0.9752572571538706,-0.10880809301068434,19505145.14307741,20000000.0,5.000000000000001,5.000000000000001,3901029.0286154817,65.91179182026893,3901029.0286154817,65.91179182026893,9.070089290140034,9.391473943680982,0.37036129652077066,0.5795372889912125,0.24013528654274374,0.10351636273842635,0.7452570399615226
9,0,0.45,9,0.40355785971089425,-3.9409418993393635,8071157.194217885,20000000.0,5.000000000000001,5.000000000000001,1614231.4388435767,62.079658013940254,1614231.4388435767,62.079658013940254,52.07033346625377,52.0703676045121,,,,,,0.8299539951118575,-0.8094598018150878,16599079.90223715,20000000.0,5.000000000000001,5.000000000000001,3319815.9804474297,65.21114011146453,3319815.9804474297,65.21114011146453,24.73119225203436,24.738318974831895,1.0229609721866189,1.7279446247980577,0.3773442395757437,0.3769116672918228,1.4122574264996837,0.9778832352784993,-0.09712999304068555,19557664.705569986,20000000.0,5.000000000000001,5.000000000000001,3911532.941113997,65.92346992023894,3911532.941113997,65.92346992023894,8.569523873003783,8.76923486902643,0.34270273666649675,0.5487972981683636,0.20282367224046474,0.08759671020367074,0.5456528181632812
10,0,0.5,10,0.40412760202957826,-3.9348148610831926,8082552.040591565,20000000.0,5.000000000000001,5.000000000000001,1616510.4081183127,62.08578505219643,1616510.4081183127,62.08578505219643,52.03648147611854,52.033866932872286,,,,,,0.8301535123127299,-0.8084159029180183,16603070.246254599,20000000.0,5.000000000000001,5.000000000000001,3320614.0492509194,65.21218401036161,3320614.0492509194,65.21218401036161,24.72584894756217,24.73912519837274,1.0235471786256274,1.7360707250529175,0.3617082278717407,0.3619805179408753,1.2232203040589382,0.9797673969746615,-0.08877016348947199,19595347.93949323,20000000.0,5.000000000000001,5.000000000000001,3919069.5878986456,65.93182974979015,3919069.5878986456,65.93182974979015,8.19203971034101,8.327512096732782,0.3230395734827172,0.5231778972858451,0.17654523121935525,0.0772433908286859,0.4202933149755753
11,0,0.55,11,0.4050926340547313,-3.9244565367760216,8101852.681094626,20000000.0,5.000000000000001,5.000000000000001,1620370.536218925,62.096143376503605,1620370.536218925,62.096143376503605,51.97988920562494,51.976763102207975,,,,,,0.8318719647226637,-0.7994351180226014,16637439.294453273,20000000.0,5.000000000000001,5.000000000000001,3327487.858890654,65.22116479525702,3327487.858890654,65.22116479525702,24.58296748397129,24.58453591263867,1.017018834929393,1.7272517880315335,0.3469034613770321,0.3482545856038727,1.0700777458779849,0.981426806062647,-0.08142084152025691,19628536.12125294,20000000.0,5.000000000000001,5.000000000000001,3925707.224250587,65.93917907175937,3925707.224250587,65.93917907175937,7.845597413384333,7.936441220991332,0.3054663058330897,0.5007864584013675,0.1560042173879251,0.06968206581417777,0.3336312030171176
12,0,0.6000000000000001,12,0.4059596283496855,-3.9151715375468585,8119192.566993711,20000000.0,5.000000000000001,5.000000000000001,1623838.5133987418,62.10542837573277,1623838.5133987418,62.10542837573277,51.93760206510812,51.93416383842737,,,,,,0.8312101204929677,-0.8028917761703356,16624202.409859354,20000000.0,5.000000000000001,5.000000000000001,3324840.48197187,65.21770813710928,3324840.48197187,65.21770813710928,24.636591031735158,24.643544013876117,1.0184641784566542,1.7294082146881327,0.33519270949496643,0.3361367769124136,0.9489987234015699,0.9827340320416529,-0.07564004086389758,19654680.640833057,20000000.0,5.000000000000001,5.000000000000001,3930936.128166611,65.94495987241572,3930936.128166611,65.94495987241572,7.5618612715779845,7.626414521512136,0.2912474514301507,0.48086896124237677,0.14000054913401877,0.06440738663071591,0.2728988363218202
13,0,0.65,13,0.4071761778645262,-3.9021763863942733,8143523.557290524,20000000.0,5.000000000000001,5.000000000000001,1628704.7114581047,62.11842352688535,1628704.7114581047,62.11842352688535,51.86857068489998,51.86329875244576,,,,,,0.8320770359107638,-0.7983646370666799,16641540.718215276,20000000.0,5.000000000000001,5.000000000000001,3328308.1436430546,65.22223527621294,3328308.1436430546,65.22223527621294,24.56796374300841,24.571322416861733,1.0161194659085857,1.730418163525313,0.32468671160193774,0.32515194771132,0.8491652422906041,0.9838018478247408,-0.07092366062787504,19676036.956494816,20000000.0,5.000000000000001,5.000000000000001,3935207.3912989623,65.94967625265176,3935207.3912989623,65.94967625265176,7.322395538339523,7.3700743953642585,0.27957558544164635,0.4643755994199732,0.12826082091608923,0.06091748693667594,0.23091741921954562
14,0,0.7000000000000001,14,0.4083848457214375,-3.889303820152609,8167696.91442875,20000000.0,5.000000000000001,5.000000000000001,1633539.3828857497,62.13129609312701,1633539.3828857497,62.13129609312701,51.7964185365194,51.79276992531335,,,,,,0.8318189138099742,-0.7997120891708607,16636378.276199484,20000000.0,5.000000000000001,5.000000000000001,3327275.6552398964,65.22088782410877,3327275.6552398964,65.22088782410877,24.593066551675832,24.601332528600608,1.0186694410989203,1.7338964160775745,0.31415477473070674,0.31488028232646315,0.7637761031747429,0.9847664709218227,-0.06666746573009313,19695329.418436453,20000000.0,5.000000000000001,5.000000000000001,3939065.88368729,65.95393244754953,3939065.88368729,65.95393244754953,7.099255017853099,7.1389536964410185,0.2693199774843863,0.44919978105056185,0.11858583493812842,0.05797675413160869,0.19869826256887163
15,0,0.75,15,0.4088343566391365,-3.884526151438113,8176687.132782729,20000000.0,5.000000000000001,5.000000000000001,1635337.4265565455,62.13607376184151,1635337.4265565455,62.13607376184151,51.769614673250224,51.767968191937726,,,,,,0.8332791062180971,-0.7920950761146061,16665582.124361942,20000000.0,5.000000000000001,5.000000000000001,3333116.4248723877,65.22850483716502,3333116.4248723877,65.22850483716502,24.47596044870881,24.483649190294397,1.0137981392772084,1.7336239193094365,0.3049307617518749,0.3061354747548811,0.69372555493756,0.9856097259041835,-0.06295019581356552,19712194.51808367,20000000.0,5.000000000000001,5.000000000000001,3942438.903616733,65.95764971746605,3942438.903616733,65.95764971746605,6.898803960249443,6.932841715434472,0.2600052202674859,0.43535788933459063,0.11019831333524306,0.05573362118864726,0.1744181448217807
16,0,0.8,16,0.40879298135703823,-3.884965692923158,8175859.627140765,20000000.0,5.000000000000001,5.000000000000001,1635171.9254281528,62.135634220356465,1635171.9254281528,62.135634220356465,51.76718384361449,51.76750641947981,,,,,,0.8312926298230584,-0.802460699027317,16625852.596461168,20000000.0,5.000000000000001,5.000000000000001,3325170.519292233,65.2181392142523,3325170.519292233,65.2181392142523,24.626553588622226,24.62867803814223,1.0180640316455927,1.740448122410712,0.29625133574457807,0.29722607911424814,0.6315713845714334,0.9863216620513883,-0.05981428595867988,19726433.241027765,20000000.0,5.000000000000001,5.000000000000001,3945286.6482055523,65.96078562732094,3945286.6482055523,65.96078562732094,6.72453148112551,6.7542994334959605,0.2517361961536809,0.42282077579766747,0.10246412595926961,0.05328440582057531,0.15333491170189462
17,0,0.8500000000000001,17,0.4075998777230013,-3.8976595495077744,8151997.554460026,20000000.0,5.000000000000001,5.000000000000001,1630399.510892005,62.122940363771846,1630399.510892005,62.122940363771846,51.8420096700675,51.837052597960245,,,,,,0.8336456287717964,-0.7901852271359606,16672912.575435927,20000000.0,5.000000000000001,5.000000000000001,3334582.515087185,65.23041468614366,3334582.515087185,65.23041468614366,24.43939111642859,24.444257469658517,1.0112448273258705,1.7323281305884197,0.29032365138542565,0.29008118773413943,0.5824257213702463,0.9869369934633118,-0.05710572015910419,19738739.869266234,20000000.0,5.000000000000001,5.000000000000001,3947747.9738532463,65.96349419312051,3947747.9738532463,65.96349419312051,6.570619449638881,6.598699298697509,0.24429618267657754,0.4109276655900621,0.09696478474940225,0.05134081694722139,0.1378686729094356
18,0,0.9,18,0.40654861566949363,-3.9088751340434746,8130972.313389872,20000000.0,5.000000000000001,5.000000000000001,1626194.4626779743,62.11172477923615,1626194.4626779743,62.11172477923615,51.89853841791383,51.89174664678588,,,,,,0.8337199195280994,-0.7897982206325207,16674398.390561989,20000000.0,5.000000000000001,5.000000000000001,3334879.678112397,65.2308016926471,3334879.678112397,65.2308016926471,24.430161246159084,24.435216643299448,1.010265363638653,1.7291767086977206,0.28351811115654285,0.28306017687344476,0.5374745123998468,0.9875114440026656,-0.054578627512135075,19750228.88005331,20000000.0,5.000000000000001,5.000000000000001,3950045.7760106614,65.9660212857675,3950045.7760106614,65.9660212857675,6.423563687840193,6.451748296879653,0.23732977638553282,0.40021338614556645,0.09250063633363595,0.049629515527785766,0.12498560993345272
19,0,0.9500000000000001,19,0.4048458124280007,-3.927103485424705,8096916.248560014,20000000.0,5.000000000000001,5.000000000000001,1619383.2497120025,62.093496427854916,1619383.2497120025,62.093496427854916,52.006009650026876,52.00345781889955,,,,,,0.8319347113870834,-0.7991075495554287,16638694.227741668,20000000.0,5.000000000000001,5.000000000000001,3327738.845548333,65.2214923637242,3327738.845548333,65.2214923637242,24.578059327203995,24.579939650191626,1.0175100560803778,1.7310945918359626,0.2755973744956367,0.27639713354981277,0.4963752968016422,0.9880287893510901,-0.052304006814446226,19760575.7870218,20000000.0,5.000000000000001,5.000000000000001,3952115.1574043594,65.96829590646519,3952115.1574043594,65.96829590646519,6.288457673771008,6.316166529575445,0.23129230468427225,0.39018335237984536,0.08804273398895794,0.04817011967581171,0.11387386187314108
20,0,1.0,20,0.4039599106587478,-3.9366173252202152,8079198.213174956,20000000.0,5.000000000000001,5.000000000000001,1615839.6426349909,62.08398258805941,1615839.6426349909,62.08398258805941,52.059631888317995,52.0586203933462,,,,,,0.834414850566337,-0.786179751212906,16688297.011326741,20000000.0,5.000000000000001,5.000000000000001,3337659.4022653475,65.23442016206671,3337659.4022653475,65.23442016206671,24.376912029771432,24.38193846078505,1.0085347851216948,1.7278705338981954,0.2689201462985845,0.2702682823176999,0.4609863824830708,0.9884959447896309,-0.050251079983602356,19769918.89579262,20000000.0,5.000000000000001,5.000000000000001,3953983.779158523,65.97034883329601,3953983.779158523,65.97034883329601,6.163802817309068,6.191338910800087,0.2253913895762385,0.38054336986991283,0.08442533441895453,0.04689744152278781,0.10493593133209989
21,0,1.05,21,0.404240573426577,-3.9336009871050095,8084811.46853154,20000000.0,5.000000000000001,5.000000000000001,1616962.2937063077,62.08699892617461,1616962.2937063077,62.08699892617461,52.030345492209335,52.02864989315922,,,,,,0.8332785137636388,-0.7920981639130587,16665570.275272775,20000000.0,5.000000000000001,5.000000000000001,3333114.0550545547,65.22850174936656,3333114.0550545547,65.22850174936656,24.473923027524446,24.47427951209957,1.0117684200210673,1.7352636401074253,0.26253648696470255,0.26394596763714495,0.42845128326906856,0.9889107791967336,-0.048428892424857393,19778215.583934672,20000000.0,5.000000000000001,5.000000000000001,3955643.1167869335,65.97217102085477,3955643.1167869335,65.97217102085477,6.050878711145742,6.078015640299851,0.21982852585760554,0.37147259139328814,0.0810374175046685,0.04542300420107641,0.09652328016947695
22,0,1.1,22,0.4041082903270113,-3.9350223986583455,8082165.806540226,20000000.0,5.000000000000001,5.000000000000001,1616433.1613080448,62.08557751462128,1616433.1613080448,62.08557751462128,52.042859521764726,52.044715152768575,,,,,,0.8330517492070766,-0.7932801936511322,16661034.984141532,20000000.0,5.000000000000001,5.000000000000001,3332206.996828306,65.2273197196285,3332206.996828306,65.2273197196285,24.484582235139264,24.485704533181057,1.0129411013474015,1.7389374777838416,0.25652665488228965,0.25880841588490194,0.4007711508990309,0.9892453740100762,-0.04695971940473624,19784907.480201524,20000000.0,5.000000000000001,5.000000000000001,3956981.496040304,65.97364019387489,3956981.496040304,65.97364019387489,5.958342954418212,5.9846725387333475,0.21536891173735206,0.36351319191350806,0.07770660023611256,0.04404892924089494,0.08896858693153034
23,0,1.1500000000000001,23,0.4040755141567797,-3.9353746578795357,8081510.283135595,20000000.0,5.000000000000001,5.000000000000001,1616302.0566271187,62.08522525540009,1616302.0566271187,62.08522525540009,52.05551760847129,52.060288112657496,,,,,,0.8335919398346543,-0.7904649330349539,16671838.796693087,20000000.0,5.000000000000001,5.000000000000001,3334367.759338617,65.23013498024467,3334367.759338617,65.23013498024467,24.446529126890724,24.450061434790655,1.0124856764326169,1.7374422003805645,0.2514176730580811,0.2534494433084774,0.3755501677332329,0.9896155618924305,-0.045334839621296266,19792311.23784861,20000000.0,5.000000000000001,5.000000000000001,3958462.247569721,65.97526507365832,3958462.247569721,65.97526507365832,5.854447419454855,5.8796319283591645,0.21047037442956612,0.3560819914245109,0.07477443363945793,0.04267038251954383,0.08210747146505333
24,0,1.2000000000000002,24,0.4047927099006061,-3.927673175082982,8095854.198012123,20000000.0,5.000000000000001,5.000000000000001,1619170.8396024243,62.092926738196645,1619170.8396024243,62.092926738196645,52.01035734525489,52.016468366680826,,,,,,0.8341459583573806,-0.7875795012605268,16682919.167147612,20000000.0,5.000000000000001,5.000000000000001,3336583.833429522,65.2330204120191,3336583.833429522,65.2330204120191,24.41020512004931,24.410428671923302,1.01024059391729,1.7354251919235995,0.24762184700466086,0.24897946823080072,0.3544518621691471,0.9899213976511811,-0.04399288151527996,19798427.953023624,20000000.0,5.000000000000001,5.000000000000001,3959685.590604724,65.97660703176435,3959685.590604724,65.97660703176435,5.767200344794255,5.791416533610862,0.20629427114636473,0.3491771875110078,0.07240748034802306,0.04161708494372909,0.07658383055330058
25,0,1.25,25,0.405709039715729,-3.9178531555196727,8114180.79431458,20000000.0,5.000000000000001,5.000000000000001,1622836.1588629158,62.10274675775995,1622836.1588629158,62.10274675775995,51.94792279460876,51.95109108703092,,,,,,0.8346390172950191,-0.7850131696453133,16692780.345900383,20000000.0,5.000000000000001,5.000000000000001,3338556.069180076,65.23558674363431,3338556.069180076,65.23558674363431,24.36239566748454,24.371030563943645,1.0081351002154229,1.7272052689571062,0.24219485361282939,0.24384597834904387,0.33273205858286076,0.9902022262722565,-0.04276101578894122,19804044.52544513,20000000.0,5.000000000000001,5.000000000000001,3960808.9050890254,65.97783889749068,3960808.9050890254,65.97783889749068,5.686032959733045,5.711915644369752,0.20217338059525353,0.3420764835649678,0.07000705083330991,0.04047724756907502,0.07117760850307585
26,0,1.3,26,0.40604475191028133,-3.914260983523239,8120895.038205626,20000000.0,5.000000000000001,5.000000000000001,1624179.007641125,62.10633892975639,1624179.007641125,62.10633892975639,51.92466792133941,51.923999333778376,,,,,,0.8338208605946096,-0.7892724386095695,16676417.211892191,20000000.0,5.000000000000001,5.000000000000001,3335283.4423784376,65.23132747467005,3335283.4423784376,65.23132747467005,24.425319715109367,24.429050708637696,1.01026132360307,1.7301378680372466,0.23798130645552001,0.23963577714854875,0.3145685527765426,0.9904778035697609,-0.041552524779661225,19809556.07139522,20000000.0,5.000000000000001,5.000000000000001,3961911.214279043,65.97904738849996,3961911.214279043,65.97904738849996,5.604905074061117,5.629054203296343,0.1981635303683978,0.3356194236612855,0.0677790592390449,0.03937411466749787,0.06617882325462894
27,0,1.35,27,0.40536298054155495,-3.921559154373588,8107259.6108311,20000000.0,5.000000000000001,5.000000000000001,1621451.9221662197,62.09904075890604,1621451.9221662197,62.09904075890604,51.9735774507909,51.969452572155674,,,,,,0.8333849362860024,-0.791543538271341,16667698.725720048,20000000.0,5.000000000000001,5.000000000000001,3333539.745144009,65.22905637500828,3333539.745144009,65.22905637500828,24.45280651626053,24.454856198673646,1.0115305519313706,1.7327575195705376,0.23393154219499696,0.23557702351026388,0.2978914231401529,0.9907278564357903,-0.040456257161719966,19814557.128715806,20000000.0,5.000000000000001,5.000000000000001,3962911.4257431603,65.9801436561179,3962911.4257431603,65.9801436561179,5.530522290788489,5.555221356982345,0.194513248559324,0.3293669175077851,0.06596406431432035,0.038350282033761396,0.06172218534302878
28,0,1.4000000000000001,28,0.4048260082297894,-3.9273159382675473,8096520.164595788,20000000.0,5.000000000000001,5.000000000000001,1619304.0329191573,62.09328397501207,1619304.0329191573,62.09328397501207,52.00542901611642,52.00161388714779,,,,,,0.8353033789363058,-0.781557617996679,16706067.578726117,20000000.0,5.000000000000001,5.000000000000001,3341213.5157452226,65.23904229528294,3341213.5157452226,65.23904229528294,24.30597465370464,24.309131634108162,1.00607456831604,1.7266281458478971,0.23032361138171503,0.2317460110829257,0.28282406439561114,0.9909465676533401,-0.03949762264392784,19818931.353066802,20000000.0,5.000000000000001,5.000000000000001,3963786.2706133598,65.98110229063569,3963786.2706133598,65.98110229063569,5.464591589718077,5.489874204004759,0.19133112066002658,0.3237064390761845,0.06446739562057803,0.037435660162681836,0.05792150696161451
29,0,1.4500000000000002,29,0.4044091318387129,-3.93179046299667,8088182.636774259,20000000.0,5.000000000000001,5.000000000000001,1617636.5273548514,62.08880945028295,1617636.5273548514,62.08880945028295,52.02524795925164,52.021059673528484,,,,,,0.8358267295983604,-0.7788374430575709,16716534.591967206,20000000.0,5.000000000000001,5.000000000000001,3343306.9183934405,65.24176247022206,3343306.9183934405,65.24176247022206,24.268635099927643,24.273878655666746,1.0039122229816464,1.7289302352956597,0.22619471585588266,0.2277739044905384,0.26818051477040067,0.9911786964762291,-0.038480408755818145,19823573.929524582,20000000.0,5.000000000000001,5.000000000000001,3964714.7859049155,65.98211950452381,3964714.7859049155,65.98211950452381,5.393772476344524,5.41885244527803,0.18788745522384365,0.31815204312074963,0.06275262773477283,0.03645529496845665,0.054163648625461025
30,1,1.5,0,0.4041576973116462,-3.9344914551038896,8083153.946232924,20000000.0,5.000000000000001,5.000000000000001,1616630.7892465845,62.08610845817574,1616630.7892465845,62.08610845817574,52.037377385778065,52.03292018642334,,,,,,0.8330044389463419,-0.7935268430177754,16660088.778926838,20000000.0,5.000000000000001,5.000000000000001,3332017.755785367,65.22707307026184,3332017.755785367,65.22707307026184,24.48766332750533,24.489606030324147,1.0126912052814663,1.7366151164978945,0.22300947997392878,0.224128545784134,0.25532400093861696,0.9913601746709062,-0.0376853173717229,19827203.493418124,20000000.0,5.000000000000001,5.000000000000001,3965440.698683624,65.9829145959079,3965440.698683624,65.9829145959079,5.337662904944705,5.361796383297608,0.18485582824067853,0.3133265387070412,0.06118936471158086,0.035551411219503934,0.050841728749286164
31,1,1.55,1,0.4043778027332601,-3.9321269189171684,8087556.054665202,20000000.0,5.000000000000001,5.000000000000001,1617511.2109330401,62.08847299436245,1617511.2109330401,62.08847299436245,52.01884671493765,52.02345482549671,,,,,,0.8337662384915806,-0.7895569464227676,16675324.769831613,20000000.0,5.000000000000001,5.000000000000001,3335064.953966322,65.23104296685686,3335064.953966322,65.23104296685686,24.428507700012666,24.42842888179655,1.009989124976112,1.732548779651659,0.21979696840730728,0.22091714166194806,0.24367012616231437,0.9915281366478402,-0.036949572856915025,19830562.732956804,20000000.0,5.000000000000001,5.000000000000001,3966112.54659136,65.98365034042271,3966112.54659136,65.98365034042271,5.285522359298105,5.308903429449437,0.18209891448912624,0.3086658777268293,0.05980986798476486,0.034731729829190726,0.047851354150101826
32,1,1.6,2,0.40468703825874097,-3.9288070542521822,8093740.765174819,20000000.0,5.000000000000001,5.000000000000001,1618748.1530349636,62.091792859027436,1618748.1530349636,62.091792859027436,52.00079139332119,52.00358773589812,,,,,,0.8349052512827958,-0.7836280736650182,16698105.025655916,20000000.0,5.000000000000001,5.000000000000001,3339621.0051311827,65.23697183961461,3339621.0051311827,65.23697183961461,24.340758722625758,24.345193652159228,1.0074046974359088,1.7334416883209331,0.21707902230260195,0.21760734493844494,0.23281678287164648,0.991702841915783,-0.03618442210197707,19834056.83831566,20000000.0,5.000000000000001,5.000000000000001,3966811.367663131,65.98441549117764,3966811.367663131,65.98441549117764,5.230453969497532,5.253751496992909,0.17932408341558886,0.3040397269461245,0.058516136427855914,0.03396727783352675,0.045110019124458244
33,1,1.6500000000000001,3,0.4043953380237057,-3.9319385971370173,8087906.760474114,20000000.0,5.000000000000001,5.000000000000001,1617581.3520948226,62.088661316142606,1617581.3520948226,62.088661316142606,52.031191457305816,52.03209011943333,,,,,,0.8348669762423342,-0.7838271743399007,16697339.524846684,20000000.0,5.000000000000001,5.000000000000001,3339467.9049693365,65.23677273893972,3339467.9049693365,65.23677273893972,24.339609318964722,24.341639022411016,1.0065914973495567,1.7352323166750743,0.2140651706597713,0.214402679631455,0.22249264913970918,0.9918763584357564,-0.035424611076308135,19837527.168715127,20000000.0,5.000000000000001,5.000000000000001,3967505.4337430247,65.98517530220332,3967505.4337430247,65.98517530220332,5.175277398549225,5.19842719552622,0.17654815323303547,0.29969391303546994,0.057226581604100366,0.0333230566992524,0.04264055588870388
34,1,1.7000000000000002,4,0.4043113632030065,-3.9328405261385764,8086227.264060129,20000000.0,5.000000000000001,5.000000000000001,1617245.4528120256,62.08775938714105,1617245.4528120256,62.08775938714105,52.04556572787728,52.040793444104,,,,,,0.8346924555408229,-0.7847351189925728,16693849.110816458,20000000.0,5.000000000000001,5.000000000000001,3338769.8221632913,65.23586479428704,3338769.8221632913,65.23586479428704,24.356996909505963,24.355369287542395,1.0077041450186444,1.7367811817686725,0.2114322632740596,0.21166983006827564,0.21338710091814472,0.9920271633002173,-0.034764360011796745,19840543.266004346,20000000.0,5.000000000000001,5.000000000000001,3968108.6532008685,65.98583555326782,3968108.6532008685,65.98583555326782,5.126864298060582,5.149013266839538,0.17412340969705759,0.29556597043300836,0.0558598300374886,0.03274491816406051,0.040325247265205276
35,1,1.75,5,0.40498055474117833,-3.9256582906025983,8099611.094823566,20000000.0,5.000000000000001,5.000000000000001,1619922.218964713,62.09494162267703,1619922.218964713,62.09494162267703,52.00688105690555,52.00680724252753,,,,,,0.8362388725964521,-0.7766964812051614,16724777.451929042,20000000.0,5.000000000000001,5.000000000000001,3344955.490385808,65.24390343207446,3344955.490385808,65.24390343207446,24.237681449700936,24.23834606875045,1.0029038707191786,1.7315993894452184,0.2083346297162582,0.20850139930878306,0.20405994766495472,0.992150388354188,-0.0342249328723669,19843007.76708376,20000000.0,5.000000000000001,5.000000000000001,3968601.5534167513,65.98637498040725,3968601.5534167513,65.98637498040725,5.086883861904526,5.108778791916037,0.17206448332811136,0.2915910873699964,0.05429621537619782,0.03208258770894473,0.03795965061280767
36,1,1.8,6,0.4058495159007355,-3.916349677251242,8116990.318014709,20000000.0,5.000000000000001,5.000000000000001,1623398.0636029416,62.10425023602838,1623398.0636029416,62.10425023602838,51.94942714334618,51.94983872425721,,,,,,0.8352640751214182,-0.7817619728688529,16705281.502428364,20000000.0,5.000000000000001,5.000000000000001,3341056.3004856724,65.23883794041078,3341056.3004856724,65.23883794041078,24.312802841382727,24.314838615954425,1.0053529618854544,1.7291069759896487,0.2059650443370474,0.20585657262565568,0.1960560815501498,0.9922804287020514,-0.03365574391302138,19845608.574041028,20000000.0,5.000000000000001,5.000000000000001,3969121.7148082047,65.98694416936661,3969121.7148082047,65.98694416936661,5.044343468140869,5.0646637913446435,0.16973776559101583,0.28758051514830224,0.05291303755083955,0.03151057812087617,0.03593337020645835
37,1,1.85,7,0.40675732108433965,-3.906646216045844,8135146.421686793,20000000.0,5.000000000000001,5.000000000000001,1627029.2843373583,62.113953697233775,1627029.2843373583,62.113953697233775,51.87992311508326,51.87954147220207,,,,,,0.835583365675751,-0.7801021429625115,16711667.313515019,20000000.0,5.000000000000001,5.000000000000001,3342333.462703003,65.2404977703171,3342333.462703003,65.2404977703171,24.287758098554782,24.291501992737352,1.0053616265987557,1.7269953021776359,0.20408077623584192,0.2033019236016802,0.1887485403780123,0.9924086747416545,-0.033094481725341976,19848173.49483309,20000000.0,5.000000000000001,5.000000000000001,3969634.698966617,65.98750543155428,3969634.698966617,65.98750543155428,5.002152165720444,5.023110640436327,0.16753261336222725,0.2838203015184992,0.051944926768607236,0.030962821228432476,0.034178918778027825
38,1,1.9000000000000001,8,0.4063686812574183,-3.9107977041214004,8127373.625148366,20000000.0,5.000000000000001,5.000000000000001,1625474.725029673,62.109802209158225,1625474.725029673,62.109802209158225,51.902030485767206,51.90071593349741,,,,,,0.8355162623005398,-0.7804509267824475,16710325.246010795,20000000.0,5.000000000000001,5.000000000000001,3342065.0492021586,65.24014898649718,3342065.0492021586,65.24014898649718,24.28537903916806,24.2863882099532,1.004957480536534,1.733226743294956,0.20170731008192852,0.2009088455378189,0.1816940958416913,0.9925271727436319,-0.03257594578876071,19850543.454872638,20000000.0,5.000000000000001,5.000000000000001,3970108.690974527,65.98802396749086,3970108.690974527,65.98802396749086,4.962748027515889,4.982916341734247,0.16554615930861083,0.28059071498802374,0.051130013874370016,0.03045472289456343,0.03256720761542832
39,1,1.9500000000000002,9,0.4054453702381169,-3.9206765440583076,8108907.404762338,20000000.0,5.000000000000001,5.000000000000001,1621781.4809524673,62.099923369221315,1621781.4809524673,62.099923369221315,51.95811515102332,51.96126601712816,,,,,,0.8369604675911377,-0.7729505468593502,16739209.351822754,20000000.0,5.000000000000001,5.000000000000001,3347841.8703645505,65.24764936642028,3347841.8703645505,65.24764936642028,24.181653955033347,24.187414261727696,1.0009379008340231,1.7260694343798595,0.19910402137063452,0.1985920931205147,0.17492326130190267,0.9926459390685216,-0.032056297811562516,19852918.78137043,20000000.0,5.000000000000001,5.000000000000001,3970583.7562740855,65.98854361546806,3970583.7562740855,65.98854361546806,4.923125266545126,4.943627554115943,0.16354960770879093,0.27706399504114115,0.05015583246772424,0.03001794326861728,0.031021888508196982
40,1,2.0,10,0.4036235998670888,-3.9402344849953126,8072471.997341776,20000000.0,5.000000000000001,5.000000000000001,1614494.3994683549,62.08036542828431,1614494.3994683549,62.08036542828431,52.07879637358566,52.07595514753099,,,,,,0.8357080870939001,-0.7794539517246744,16714161.741878003,20000000.0,5.000000000000001,5.000000000000001,3342832.3483756,65.24114596155495,3342832.3483756,65.24114596155495,24.278893350592636,24.281352998319452,1.003316597386262,1.7293231878400879,0.19646708766274573,0.19638604224085737,0.168541720584423,0.9927497495619875,-0.031602138222366856,19854994.99123975,20000000.0,5.000000000000001,5.000000000000001,3970998.998247949,65.98899777505726,3970998.998247949,65.98899777505726,4.888040187873694,4.908698794028432,0.1616447169969826,0.2735429253911753,0.04935536615650279,0.029657760845462778,0.029667135860433604
41,1,2.0500000000000003,11,0.40278502264727456,-3.9492668683385017,8055700.452945491,20000000.0,5.000000000000001,5.000000000000001,1611140.090589098,62.07133304494113,1611140.090589098,62.07133304494113,52.13021577849207,52.1276972951076,,,,,,0.8369994945620816,-0.7727480426356821,16739989.89124163,20000000.0,5.000000000000001,5.000000000000001,3347997.9782483256,65.24785187064394,3347997.9782483256,65.24785187064394,24.170311780669294,24.172413523524416,0.9997884563878434,1.7352955459295842,0.19414780661482672,0.19413359494768162,0.16253135259686716,0.9928491509863882,-0.031167312335480243,19856983.019727763,20000000.0,5.000000000000001,5.000000000000001,3971396.603945552,65.98943260094414,3971396.603945552,65.98943260094414,4.854245709859056,4.874701375279223,0.15975081492487306,0.27064067180030527,0.04854723752769111,0.029321841147643884,0.02832775690963123
42,1,2.1,12,0.40318442942432586,-3.944962482531775,8063688.588486518,20000000.0,5.000000000000001,5.000000000000001,1612737.7176973033,62.075637430747854,1612737.7176973033,62.075637430747854,52.097899103052896,52.09657649758314,,,,,,0.833533723929322,-0.7907682436611968,16670674.47858644,20000000.0,5.000000000000001,5.000000000000001,3334134.8957172874,65.22983166961842,3334134.8957172874,65.22983166961842,24.45283143176102,24.457355103102188,1.011199826626137,1.7319510383197319,0.19195541744646621,0.19240029516934304,0.1572683631731012,0.992946022586407,-0.03074359490545963,19858920.45172814,20000000.0,5.000000000000001,5.000000000000001,3971784.090345627,65.98985631837417,3971784.090345627,65.98985631837417,4.821071608546762,4.841667785173504,0.1581487401026628,0.26761019501134664,0.047806769633693305,0.029143325857566044,0.027256315344850606
43,1,2.15,13,0.4039137494502542,-3.937113629509821,8078274.989005084,20000000.0,5.000000000000001,5.000000000000001,1615654.9978010166,62.08348628376981,1615654.9978010166,62.08348628376981,52.04636300983181,52.04603712055448,,,,,,0.8348897494833315,-0.7837087104613198,16697794.98966663,20000000.0,5.000000000000001,5.000000000000001,3339558.9979333254,65.2368912028183,3339558.9979333254,65.2368912028183,24.342155332995198,24.346075846300188,1.0086988408074273,1.7338188390255553,0.18980341731287648,0.19030151719485527,0.1519398014752014,0.9930429858440047,-0.03031951795864085,19860859.716880094,20000000.0,5.000000000000001,5.000000000000001,3972171.943376018,65.99028039532098,3972171.943376018,65.99028039532098,4.787727369986478,4.808751853808356,0.15617736150771097,0.2644800545068658,0.04706594537214644,0.029004690279894697,0.02629970905736142
44,1,2.2,14,0.4042418418382431,-3.9335873599888975,8084836.836764862,20000000.0,5.000000000000001,5.000000000000001,1616967.367352972,62.08701255329072,1616967.367352972,62.08701255329072,52.032440188761846,52.03459629102665,,,,,,0.8354922719582681,-0.7805756283989222,16709845.439165363,20000000.0,5.000000000000001,5.000000000000001,3341969.087833072,65.2400242848807,3341969.087833072,65.2400242848807,24.29349331880084,24.294386697419846,1.0052253436643435,1.7302392757509757,0.18796979829701527,0.18813134055546665,0.14688780811233118,0.9931635912749717,-0.029792097761524708,19863271.825499434,20000000.0,5.000000000000001,5.000000000000001,3972654.365099886,65.9908078155181,3972654.365099886,65.9908078155181,4.745981228930923,4.766900625621558,0.15423170127835423,0.26146509503232274,0.04637585425283042,0.028792786427805868,0.02533957290357522
45,1,2.25,15,0.40478264512162215,-3.9277811595453898,8095652.902432444,20000000.0,5.000000000000001,5.000000000000001,1619130.5804864885,62.092818753734235,1619130.5804864885,62.092818753734235,52.00360450729555,52.0018250772433,,,,,,0.8367743651621443,-0.7739163301690128,16735487.303242886,20000000.0,5.000000000000001,5.000000000000001,3347097.4606485767,65.24668358311061,3347097.4606485767,65.24668358311061,24.185818745752986,24.18950814414078,1.0002871090454528,1.7307919481471121,0.18637057005200577,0.18616574240308853,0.14228444045533223,0.9932350956579886,-0.029479431838073868,19864701.913159773,20000000.0,5.000000000000001,5.000000000000001,3972940.382631954,65.99112048144156,3972940.382631954,65.99112048144156,4.720983058975878,4.742305856518111,0.1527898519580695,0.2587674255927939,0.04591500499886367,0.02858397827525887,0.02448842795533572
46,1,2.3000000000000003,16,0.40530297332308246,-3.922202102403669,8106059.466461649,20000000.0,5.000000000000001,5.000000000000001,1621211.8932923295,62.09839781087595,1621211.8932923295,62.09839781087595,51.97766905980535,51.977055193758474,,,,,,0.8372263590525066,-0.7715710688513898,16744527.181050133,20000000.0,5.000000000000001,5.000000000000001,3348905.436210026,65.24902884442822,3348905.436210026,65.24902884442822,24.146036040212476,24.14789429784695,0.9994047434708611,1.7306080850070416,0.18404725594583776,0.18418489762342866,0.13756697413399646,0.9933232665944081,-0.029093919366817465,19866465.33188816,20000000.0,5.000000000000001,5.000000000000001,3973293.0663776314,65.99150599391281,3973293.0663776314,65.99150599391281,4.690114247163431,4.710803948673834,0.15128527936479377,0.2562536077769054,0.04529454317049584,0.028393404354830055,0.023669343464267672
47,1,2.35,17,0.4058484898608506,-3.9163606567893723,8116969.797217011,20000000.0,5.000000000000001,5.000000000000001,1623393.959443402,62.10423925649025,1623393.959443402,62.10423925649025,51.94082108190344,51.93480003488005,,,,,,0.835001316421251,-0.7831283982893146,16700026.32842502,20000000.0,5.000000000000001,5.000000000000001,3340005.2656850033,65.23747151499032,3340005.2656850033,65.23747151499032,24.334609040876266,24.337096895121718,1.0067207621276855,1.731421718733452,0.18211357791529825,0.18255244720596503,0.13343290276900652,0.9934271168352761,-0.02863989568099822,19868542.33670552,20000000.0,5.000000000000001,5.000000000000001,3973708.4673411036,65.99196001759863,3973708.4673411036,65.99196001759863,4.65332606294122,4.6741166281126,0.1494131755343612,0.253538959092208,0.04460333244652405,0.02820361306023373,0.0228178876187027
48,1,2.4000000000000004,18,0.40639373447004495,-3.910529963591312,8127874.689400899,20000000.0,5.000000000000001,5.000000000000001,1625574.9378801796,62.11006994968831,1625574.9378801796,62.11006994968831,51.90165455363926,51.90110057422801,,,,,,0.8343878734073393,-0.7863201636310166,16687757.468146786,20000000.0,5.000000000000001,5.000000000000001,3337551.493629357,65.2342797496486,3337551.493629357,65.2342797496486,24.38000591708124,24.379343405545775,1.0092396873635243,1.7364297195856047,0.1800746915666211,0.18073717983011645,0.12927828299848867,0.9934854295526286,-0.02838497865987099,19869708.591052573,20000000.0,5.000000000000001,5.000000000000001,3973941.7182105137,65.99221493461975,3973941.7182105137,65.99221493461975,4.632567959043883,4.652419190606231,0.14807011075877113,0.25108769113481605,0.043804267243572094,0.027968559740343173,0.021958211580404615
49,1,2.45,19,0.405738867574663,-3.917533872558155,8114777.35149326,20000000.0,5.000000000000001,5.000000000000001,1622955.4702986516,62.10306604072147,1622955.4702986516,62.10306604072147,51.9410555809997,51.93579628380652,,,,,,0.8365102024907438,-0.7752875779972062,16730204.049814876,20000000.0,5.000000000000001,5.000000000000001,3346040.809962975,65.24531233528242,3346040.809962975,65.24531233528242,24.210949460419595,24.20998693409278,1.0015918972805056,1.73256035624979,0.1784176529772485,0.1791205943278959,0.12555090939901503,0.9935773876282742,-0.02798300963803127,19871547.752565484,20000000.0,5.000000000000001,5.000000000000001,3974309.550513096,65.99261690364159,3974309.550513096,65.99261690364159,4.599706168736463,4.619326409218516,0.1464269802111997,0.24852899035324477,0.04296576516478644,0.02776589806601288,0.02113672911968412
50,1,2.5,20,0.40482121528973736,-3.9273673568942344,8096424.305794748,20000000.0,5.000000000000001,5.000000000000001,1619284.8611589493,62.09323255638539,1619284.8611589493,62.09323255638539,51.9984190574241,52.00168005585557,,,,,,0.8345074089256096,-0.7856980321334378,16690148.178512191,20000000.0,5.000000000000001,5.000000000000001,3338029.6357024377,65.23490188114619,3338029.6357024377,65.23490188114619,24.35958607559123,24.3569717886094,1.0075625122962655,1.735616633858242,0.17730767080986884,0.17771915850123493,0.1223006859505306,0.9936526901947227,-0.027653873223860093,19873053.803894453,20000000.0,5.000000000000001,5.000000000000001,3974610.76077889,65.99294604005577,3974610.76077889,65.99294604005577,4.57250071616397,4.591662964815511,0.1450723536163799,0.2461303355980619,0.042267267118969554,0.027611783901871828,0.020419001463624166
51,1,2.5500000000000003,21,0.4035413889264962,-3.9411191556257434,8070827.778529924,20000000.0,5.000000000000001,5.000000000000001,1614165.5557059846,62.079480757653876,1614165.5557059846,62.079480757653876,52.08060569022655,52.08075450405166,,,,,,0.8359324146191657,-0.7782883397782441,16718648.292383313,20000000.0,5.000000000000001,5.000000000000001,3343729.658476662,65.24231157350138,3343729.658476662,65.24231157350138,24.262751604051054,24.26099437076288,1.0038284460786167,1.7314215318272705,0.17531358616744697,0.17609581379678568,0.11870912828242086,0.993703836239962,-0.027430335625769048,19874076.72479924,20000000.0,5.000000000000001,5.000000000000001,3974815.3449598467,65.99316957765384,3974815.3449598467,65.99316957765384,4.554099325075604,4.572563155308444,0.14378911940253286,0.24394663582472273,0.04160026346116942,0.027473968921862612,0.019735814578593133
52,1,2.6,22,0.40277717578726646,-3.9493514762808433,8055543.51574533,20000000.0,5.000000000000001,5.000000000000001,1611108.7031490656,62.071248436998786,1611108.7031490656,62.071248436998786,52.125196606746556,52.122360311318005,,,,,,0.8348903886357223,-0.7837053857079577,16697807.772714445,20000000.0,5.000000000000001,5.000000000000001,3339561.5545428884,65.23689452757166,3339561.5545428884,65.23689452757166,24.326878090445923,24.332010509109463,1.0072349294849265,1.734097596571792,0.173136114793018,0.17451477982501012,0.1152066030915807,0.9937639674736916,-0.027167542306974386,19875279.34947383,20000000.0,5.000000000000001,5.000000000000001,3975055.8698947653,65.99343237097264,3975055.8698947653,65.99343237097264,4.532244013153658,4.5496353296538885,0.14281561198478585,0.24196275277288834,0.040882100759853865,0.027399916342843618,0.019115625639670196
53,1,2.6500000000000004,23,0.4029250043022891,-3.9477578077852318,8058500.086045782,20000000.0,5.000000000000001,5.000000000000001,1611700.0172091562,62.07284210549439,1611700.0172091562,62.07284210549439,52.113990639526875,52.111330455149734,,,,,,0.8361102140241685,-0.7773647114036241,16722204.28048337,20000000.0,5.000000000000001,5.000000000000001,3344440.8560966738,65.24323520187599,3344440.8560966738,65.24323520187599,24.237189432205263,24.236230803523423,1.0026208107855976,1.7321089894177821,0.17177515178217556,0.17284623121426007,0.11203297079405879,0.9938238281572346,-0.02690594717532085,19876476.56314469,20000000.0,5.000000000000001,5.000000000000001,3975295.3126289374,65.9936939661043,3975295.3126289374,65.9936939661043,4.510410795445054,4.527501762872223,0.14140717266617098,0.23954137274701318,0.04022861741933245,0.02733016034522968,0.018538844946819684
54,1,2.7,24,0.40329465291524685,-3.9437753605039525,8065893.058304938,20000000.0,5.000000000000001,5.000000000000001,1613178.6116609871,62.07682455277567,1613178.6116609871,62.07682455277567,52.09332918910394,52.088905387815714,,,,,,0.8359374851108232,-0.7782619969803053,16718749.702216465,20000000.0,5.000000000000001,5.000000000000001,3343749.9404432923,65.24233791629932,3343749.9404432923,65.24233791629932,24.25159217133201,24.255043497484444,1.0033657563140923,1.7339790796938257,0.17019123389335963,0.17143263838041142,0.10905165535771202,0.9938891896317091,-0.026620331219198903,19877783.79263418,20000000.0,5.000000000000001,5.000000000000001,3975556.7585268356,65.99397958206042,3975556.7585268356,65.99397958206042,4.48630926169734,4.5037012961801715,0.1400022819005769,0.2374275979350955,0.03957644167395348,0.02728944912081304,0.01797770971486741
55,1,2.75,25,0.4040936833295736,-3.93517938264482,8081873.666591473,20000000.0,5.000000000000001,5.000000000000001,1616374.7333182944,62.085420530634806,1616374.7333182944,62.085420530634806,52.04628760302093,52.04111276574018,,,,,,0.838070205778561,-0.7671959866673235,16761404.11557122,20000000.0,5.000000000000001,5.000000000000001,3352280.8231142433,65.2534039266123,3352280.8231142433,65.2534039266123,24.08314762828118,24.088523552999224,0.9962315439693976,1.7268044654157415,0.16838127897167937,0.16991733498679817,0.10603364233994854,0.9939443237177035,-0.02637942141304604,19878886.47435407,20000000.0,5.000000000000001,5.000000000000001,3975777.2948708134,65.99422049186659,3975777.2948708134,65.99422049186659,4.466027551254362,4.4833220387876915,0.13916171938883254,0.2357268926385875,0.0388074330222575,0.027310115658613226,0.017458275582234093
56,1,2.8000000000000003,26,0.4050574464090903,-3.9248337952793815,8101148.928181807,20000000.0,5.000000000000001,5.000000000000001,1620229.785636361,62.09576611800024,1620229.785636361,62.09576611800024,51.991712208392826,51.98805593330803,,,,,,0.8341630563644653,-0.7874904821392109,16683261.127289306,20000000.0,5.000000000000001,5.000000000000001,3336652.2254578606,65.23310943114042,3336652.2254578606,65.23310943114042,24.392877261223088,24.38990839844368,1.0084693825562927,1.730625911436304,0.16702891926739666,0.16848858745404,0.10330589212545924,0.9940054643204603,-0.026112281603321574,19880109.286409207,20000000.0,5.000000000000001,5.000000000000001,3976021.8572818404,65.99448763167631,3976021.8572818404,65.99448763167631,4.443393645576107,4.460007199052924,0.1376040161435675,0.23321071258854725,0.038183217164402324,0.027340377319595537,0.017020101881550825
57,1,2.85,27,0.40584273100534096,-3.916422282173648,8116854.620106819,20000000.0,5.000000000000001,5.000000000000001,1623370.9240213635,62.104177631105976,1623370.9240213635,62.104177631105976,51.95199521359116,51.95076333327722,,,,,,0.8357290932399294,-0.779344789939662,16714581.864798587,20000000.0,5.000000000000001,5.000000000000001,3342916.3729597167,65.24125512333997,3342916.3729597167,65.24125512333997,24.271826033150283,24.273069740085983,1.0035641133464752,1.7326400839125102,0.16543736099367531,0.1673100575520442,0.10074472919233127,0.9940478178555133,-0.025927237201038122,19880956.357110266,20000000.0,5.000000000000001,5.000000000000001,3976191.2714220523,65.99467267607858,3976191.2714220523,65.99467267607858,4.4276377376877445,4.444174459328152,0.1365108701430955,0.23147233375452547,0.03755484259388356,0.027436427498563225,0.01663512188486415
58,1,2.9000000000000004,28,0.4071882048528274,-3.9020481083220893,8143764.097056548,20000000.0,5.000000000000001,5.000000000000001,1628752.8194113094,62.118551804957534,1628752.8194113094,62.118551804957534,51.86455845399017,51.86524117401764,,,,,,0.835213972997703,-0.7820224860302462,16704279.459954059,20000000.0,5.000000000000001,5.000000000000001,3340855.891990811,65.23857742724938,3340855.891990811,65.23857742724938,24.32170003271836,24.325776006392203,1.0062481310382232,1.730011440753603,0.1637555325646892,0.16609886185021186,0.09821935258067735,0.9941002563063305,-0.025698142294771395,19882005.12612661,20000000.0,5.000000000000001,5.000000000000001,3976401.0252253213,65.99490177098485,3976401.0252253213,65.99490177098485,4.408015104697085,4.42523316044287,0.13546041618341617,0.229445500171061,0.03686678889653196,0.027540577464475198,0.01627151729779098
59,1,2.95,29,0.4078186611106993,-3.8953290550251425,8156373.222213986,20000000.0,5.000000000000001,5.000000000000001,1631274.644442797,62.12527085825448,1631274.644442797,62.12527085825448,51.822138654511875,51.82976804247983,,,,,,0.835551947657568,-0.7802654411924266,16711038.95315136,20000000.0,5.000000000000001,5.000000000000001,3342207.7906302717,65.2403344720872,3342207.7906302717,65.2403344720872,24.28826953822729,24.289710241277163,1.0049172304215719,1.7365164885800728,0.16260312687953055,0.16489770952542987,0.0959297815921415,0.9941605517002905,-0.0254347366411107,19883211.03400581,20000000.0,5.000000000000001,5.000000000000001,3976642.206801161,65.99516517663851,3976642.206801161,65.99516517663851,4.385437865916423,4.4019506962699575,0.13435128588034906,0.22764759534777465,0.0362703711226438,0.02765166303335016,0.015933744654320063
60,2,3.0,0,0.4075064717927852,-3.898654896440639,8150129.435855704,20000000.0,5.000000000000001,5.000000000000001,1630025.8871711406,62.12194501683898,1630025.8871711406,62.12194501683898,51.83856767587897,51.84199893071135,,,,,,0.8362044924778101,-0.7768750354824219,16724089.849556202,20000000.0,5.000000000000001,5.000000000000001,3344817.96991124,65.2437248777972,3344817.96991124,65.2437248777972,24.235646760100906,24.23923441495983,1.0032050016363636,1.732436290664594,0.16151369771609048,0.16364250608064781,0.09369270087631568,0.9942041734774449,-0.025244181086869162,19884083.4695489,20000000.0,5.000000000000001,5.000000000000001,3976816.693909779,65.99535573219275,3976816.693909779,65.99535573219275,4.368894402802768,4.385182961112155,0.13338001310531047,0.22575045050292702,0.03573100995836083,0.02773064089061657,0.015583099635189649
61,2,3.0500000000000003,1,0.4060522577132368,-3.91418070422736,8121045.154264736,20000000.0,5.000000000000001,5.000000000000001,1624209.030852947,62.10641920905226,1624209.030852947,62.10641920905226,51.9341453222484,51.94077340122292,,,,,,0.834829173303394,-0.784023828177651,16696583.46606788,20000000.0,5.000000000000001,5.000000000000001,3339316.6932135755,65.23657608510197,3339316.6932135755,65.23657608510197,24.34119484773167,24.34206111767741,1.0067983725320322,1.7389261686028419,0.1605040881971385,0.16225922313405966,0.0914667483077821,0.9942625341255892,-0.024989253937626913,19885250.682511784,20000000.0,5.000000000000001,5.000000000000001,3977050.1365023563,65.99561065934199,3977050.1365023563,65.99561065934199,4.346773976632758,4.363318053464519,0.13227682326978174,0.2241497870086754,0.03522294933857039,0.02780685258038736,0.015258384330068927
62,2,3.1,2,0.4048436817144236,-3.927126342511422,8096873.634288472,20000000.0,5.000000000000001,5.000000000000001,1619374.726857694,62.0934735707682,1619374.726857694,62.0934735707682,52.00441224150303,52.006937497295006,,,,,,0.8349684250228738,-0.7832994738778671,16699368.500457477,20000000.0,5.000000000000001,5.000000000000001,3339873.7000914947,65.23730043940175,3339873.7000914947,65.23730043940175,24.339898587600736,24.343637241892818,1.0064221087607526,1.7301655287196767,0.15958903681135256,0.1611529864994348,0.08948669563285275,0.9943097896308629,-0.024782846507144036,19886195.792617258,20000000.0,5.000000000000001,5.000000000000001,3977239.1585234506,65.99581706677247,3977239.1585234506,65.99581706677247,4.328841993818882,4.344828666448447,0.13095419389359403,0.22227122376861708,0.03476089784429488,0.02790940238839464,0.014951055689070042
63,2,3.1500000000000004,3,0.4041910340732869,-3.9341332440726564,8083820.6814657375,20000000.0,5.000000000000001,5.000000000000001,1616764.1362931472,62.08646666920696,1616764.1362931472,62.08646666920696,52.03560064688791,52.03091971624262,,,,,,0.8371267337024001,-0.7720878862425034,16742534.674048003,20000000.0,5.000000000000001,5.000000000000001,3348506.9348096,65.24851202703712,3348506.9348096,65.24851202703712,24.16133970359124,24.167266240085805,0.9992914927122459,1.7272953040405514,0.15817998975271644,0.159849711380828,0.08731901511318438,0.9943539257393824,-0.02459007315649958,19887078.514787648,20000000.0,5.000000000000001,5.000000000000001,3977415.7029575286,65.99600984012312,3977415.7029575286,65.99600984012312,4.311924542489951,4.327516179488476,0.1299159644132258,0.22049544867742635,0.03442618306826372,0.02799504567986737,0.014663006853357132
64,2,3.2,4,0.4037221836156077,-3.9391738644018615,8074443.6723121535,20000000.0,5.000000000000001,5.000000000000001,1614888.7344624305,62.08142604887776,1614888.7344624305,62.08142604887776,52.062903610721776,52.05667790085901,,,,,,0.8344975989447873,-0.7857490855517162,16689951.978895744,20000000.0,5.000000000000001,5.000000000000001,3337990.395779148,65.23485082772791,3337990.395779148,65.23485082772791,24.366561241671853,24.369054739049453,1.0079698944671407,1.731584687263339,0.15713256083533417,0.15866577744155674,0.08537150729107826,0.9943885723292939,-0.024438753185900518,19887771.44658588,20000000.0,5.000000000000001,5.000000000000001,3977554.289317175,65.99616116009372,3977554.289317175,65.99616116009372,4.298662229744858,4.314219873976216,0.1292162745385666,0.21907746349399587,0.034135923243250724,0.028047918428121942,0.014378657649617262
65,2,3.25,5,0.4037218520395657,-3.939177431253284,8074437.040791313,20000000.0,5.000000000000001,5.000000000000001,1614887.4081582623,62.08142248202634,1614887.4081582623,62.08142248202634,52.06424775554791,52.06440122523397,,,,,,0.834926856900427,-0.7835156887076339,16698537.13800854,20000000.0,5.000000000000001,5.000000000000001,3339707.4276017076,65.23708422457199,3339707.4276017076,65.23708422457199,24.329284206701292,24.330238376731913,1.0057536844172412,1.7311042841355984,0.15623089418468616,0.15752668938195002,0.08353841755925172,0.9944124283394864,-0.024334564445208567,19888248.566789728,20000000.0,5.000000000000001,5.000000000000001,3977649.713357945,65.99626534883441,3977649.713357945,65.99626534883441,4.289489626785298,4.3051668050102165,0.1284761933940611,0.21752024734830955,0.033915955042922045,0.028134335013060126,0.014145971370411755
66,2,3.3000000000000003,6,0.4044321334921469,-3.9315434555406488,8088642.669842938,20000000.0,5.000000000000001,5.000000000000001,1617728.5339685874,62.08905645773897,1617728.5339685874,62.08905645773897,52.01783903764745,52.01193135186246,,,,,,0.8375144411167311,-0.7700769576187817,16750288.822334623,20000000.0,5.000000000000001,5.000000000000001,3350057.764466924,65.25052295566084,3350057.764466924,65.25052295566084,24.12928557726591,24.127813825726864,0.998133928093982,1.7248472266893047,0.1552488783521409,0.15630727928210653,0.08168988922068407,0.9944823334085334,-0.024029275434039283,19889646.66817067,20000000.0,5.000000000000001,5.000000000000001,3977929.333634133,65.9965706378456,3977929.333634133,65.9965706378456,4.262485749866286,4.27770013010983,0.1271236206662205,0.21553371674168428,0.03375647955555846,0.028244364037291563,0.013953350914765192
67,2,3.35,7,0.4051653037458197,-3.9236775244528195,8103306.074916394,20000000.0,5.000000000000001,5.000000000000001,1620661.2149832787,62.096922388826805,1620661.2149832787,62.096922388826805,51.98049805100728,51.97883384267501,,,,,,0.8360874147005402,-0.7774831378416652,16721748.294010803,20000000.0,5.000000000000001,5.000000000000001,3344349.65880216,65.24311677543795,3344349.65880216,65.24311677543795,24.235743025407267,24.238466154196082,1.0032502601429856,1.732924823920058,0.15376404287973638,0.15505226651676532,0.07974179582248958,0.9945175011354637,-0.023875699254864016,19890350.022709273,20000000.0,5.000000000000001,5.000000000000001,3978070.004541854,65.99672421402475,3978070.004541854,65.99672421402475,4.248788676316892,4.2643377794012185,0.12649734797674328,0.2141509178162128,0.03361525491907861,0.028366534063358234,0.013777804143089125
68,2,3.4000000000000004,8,0.4058516975811334,-3.916326331425405,8117033.951622668,20000000.0,5.000000000000001,5.000000000000001,1623406.7903245334,62.104273581854216,1623406.7903245334,62.104273581854216,51.945533146349774,51.94151368393857,,,,,,0.8362083340821448,-0.776855083619608,16724166.681642896,20000000.0,5.000000000000001,5.000000000000001,3344833.3363285786,65.24374482966002,3344833.3363285786,65.24374482966002,24.23444852491692,24.237268589330814,1.0011276066177692,1.7319208483453963,0.15273531917845767,0.15399444236696697,0.07806001616253032,0.9945492715626998,-0.023736963628419323,19890985.431253996,20000000.0,5.000000000000001,5.000000000000001,3978197.0862507983,65.9968629496512,3978197.0862507983,65.9968629496512,4.2363890195900025,4.252136097817815,0.125523750277808,0.2126873609089739,0.03357261871725868,0.028541784154278455,0.0136471727753286
69,2,3.45,9,0.40686157366171777,-3.9055332546920782,8137231.473234355,20000000.0,5.000000000000001,5.000000000000001,1627446.2946468708,62.11506665858755,1627446.2946468708,62.11506665858755,51.893214113252256,51.88773471927923,,,,,,0.835463942153006,-0.7807228911218591,16709278.843060121,20000000.0,5.000000000000001,5.000000000000001,3341855.7686120234,65.23987702215776,3341855.7686120234,65.23987702215776,24.292487653483484,24.29292203140968,1.0049129188434656,1.7304738731207912,0.1517633657018776,0.152884203740635,0.07640781474762173,0.9945737603752723,-0.02363002850174897,19891475.207505446,20000000.0,5.000000000000001,5.000000000000001,3978295.0415010885,65.99696988477787,3978295.0415010885,65.99696988477787,4.226885607579494,4.242724054535125,0.12483655909276972,0.21140098225879092,0.033504897271849424,0.02866742972123577,0.013482633841687635
70,2,3.5,10,0.4084158563649225,-3.8889740517937454,8168317.12729845,20000000.0,5.000000000000001,5.000000000000001,1633663.4254596897,62.13162586148588,1633663.4254596897,62.13162586148588,51.791670688890726,51.79153198612498,,,,,,0.8349349873657586,-0.783473397589468,16698699.747315172,20000000.0,5.000000000000001,5.000000000000001,3339739.949463034,65.23712651569015,3339739.949463034,65.23712651569015,24.33366488521625,24.338170092008234,1.0071973149290812,1.7321869660352092,0.15071452387116632,0.1517118000616878,0.07474722691789745,0.9946263760421129,-0.023400280942843212,19892527.520842258,20000000.0,5.000000000000001,5.000000000000001,3978505.504168451,65.99719963233679,3978505.504168451,65.99719963233679,4.206290556044269,4.2226701117604915,0.12382170583836756,0.2095696566109669,0.03339445620018043,0.028767954781372496,0.013298570613628024
71,2,3.5500000000000003,11,0.40912278024279486,-3.8814633800760707,8182455.604855897,20000000.0,5.000000000000001,5.000000000000001,1636491.120971179,62.13913653320355,1636491.120971179,62.13913653320355,51.74895305322483,51.7458852512725,,,,,,0.8356241558074122,-0.779890141414261,16712483.116148245,20000000.0,5.000000000000001,5.000000000000001,3342496.6232296485,65.24070977186537,3342496.6232296485,65.24070977186537,24.284816205863248,24.288050525822705,1.0043162538228274,1.7362879191376284,0.1494333913295791,0.1505914470378393,0.07309787305467114,0.9946548441171592,-0.023275979483818002,19893096.882343184,20000000.0,5.000000000000001,5.000000000000001,3978619.376468636,65.99732393379581,3978619.376468636,65.99732393379581,4.1950990455633095,4.2105782292343035,0.1231163707647086,0.2083154622976393,0.03329091039721992,0.02885715461290796,0.01312715976113885
72,2,3.6,12,0.4088528314682327,-3.884329902396948,8177056.629364654,20000000.0,5.000000000000001,5.000000000000001,1635411.3258729307,62.13627001088268,1635411.3258729307,62.13627001088268,51.771593313035716,51.77024058301968,,,,,,0.8363332575017529,-0.7762063278317677,16726665.15003506,20000000.0,5.000000000000001,5.000000000000001,3345333.0300070113,65.24439358544785,3345333.0300070113,65.24439358544785,24.222178918781868,24.221482400759633,1.0017926226814358,1.73431069517274,0.1485590040719294,0.14947073013477122,0.07158522969938597,0.9946758162253803,-0.0231844102836223,19893516.324507605,20000000.0,5.000000000000001,5.000000000000001,3978703.26490152,65.997415502996,3978703.26490152,65.997415502996,4.186873223628332,4.202191429816432,0.12229600346008444,0.20678309630956834,0.033258276197025996,0.028911586760235912,0.012960326766755837
73,2,3.6500000000000004,13,0.40903071647172323,-3.8824407709468285,8180614.329434465,20000000.0,5.000000000000001,5.000000000000001,1636122.8658868927,62.138159142332796,1636122.8658868927,62.138159142332796,51.75571526624194,51.761058810462146,,,,,,0.8372184600533357,-0.7716120435280516,16744369.201066714,20000000.0,5.000000000000001,5.000000000000001,3348873.840213342,65.24898786975157,3348873.840213342,65.24898786975157,24.152163744857468,24.154507828399357,0.9992814359284636,1.727961552718017,0.1479362423835749,0.14847725609924567,0.07022807537712199,0.9947182323775295,-0.02299921720095745,19894364.64755059,20000000.0,5.000000000000001,5.000000000000001,3978872.9295101175,65.99760069607866,3978872.9295101175,65.99760069607866,4.1700695733462405,4.184961472825006,0.1213856537929086,0.2055238344450891,0.03322948533446613,0.028939549211700853,0.012779715357848987
74,2,3.7,14,0.4094402418084142,-3.878094749699101,8188804.8361682845,20000000.0,5.000000000000001,5.000000000000001,1637760.9672336567,62.14250516358052,1637760.9672336567,62.14250516358052,51.71878479284377,51.71900412407496,,,,,,0.8354871360103431,-0.7806023254824718,16709742.720206862,20000000.0,5.000000000000001,5.000000000000001,3341948.544041372,65.23999758779715,3341948.544041372,65.23999758779715,24.297987265250477,24.301016631505796,1.0045258328144782,1.7333991775009214,0.14681561614839292,0.1475591501021139,0.06882359753918024,0.9947501927361975,-0.022859680355485478,19895003.85472395,20000000.0,5.000000000000001,5.000000000000001,3979000.770944789,65.99774023292413,3979000.770944789,65.99774023292413,4.157430238417587,4.172232974477209,0.12073046024954674,0.20435038269008005,0.033187542304150636,0.028992632146389342,0.012616151669586828
75,2,3.75,15,0.408317033979359,-3.8900250200467834,8166340.67958718,20000000.0,5.000000000000001,5.000000000000001,1633268.1359174356,62.13057489323284,1633268.1359174356,62.13057489323284,51.79134906795336,51.78863794988915,,,,,,0.8338134359857279,-0.7893111097579651,16676268.719714558,20000000.0,5.000000000000001,5.000000000000001,3335253.743942911,65.23128880352166,3335253.743942911,65.23128880352166,24.425129599981833,24.423657355604494,1.010240317986268,1.7348989294112112,0.1459820071240527,0.14664982953871344,0.06752200401191052,0.9947814448993633,-0.022723239780680728,19895628.897987265,20000000.0,5.000000000000001,5.000000000000001,3979125.7795974524,65.99787667349895,3979125.7795974524,65.99787667349895,4.145023483445725,4.159463873956128,0.1200136768342333,0.20301887313819464,0.03318740388691194,0.029067443710731937,0.012474161124121008
76,2,3.8000000000000003,16,0.4071174060388194,-3.9028032924670883,8142348.120776388,20000000.0,5.000000000000001,5.000000000000001,1628469.6241552774,62.11779662081254,1628469.6241552774,62.11779662081254,51.8742712178086,51.872591710869735,,,,,,0.8374274583567317,-0.7705280315662935,16748549.167134633,20000000.0,5.000000000000001,5.000000000000001,3349709.8334269263,65.25007188171332,3349709.8334269263,65.25007188171332,24.14503500003876,24.143760412340836,0.9991828355618191,1.7320443333823363,0.14530592683180693,0.14557011828875302,0.06620588669617024,0.9948075000480223,-0.022609491588450575,19896150.000960447,20000000.0,5.000000000000001,5.000000000000001,3979230.0001920885,65.99799042169117,3979230.0001920885,65.99799042169117,4.134574054543938,4.149052841890125,0.11949013299277474,0.20205544290989708,0.03315719078746939,0.029107520873704405,0.01231171776396955
77,2,3.85,17,0.4067579313749927,-3.9066396999820787,8135158.627499854,20000000.0,5.000000000000001,5.000000000000001,1627031.7254999706,62.113960213297545,1627031.7254999706,62.113960213297545,51.89213985236906,51.89348399610458,,,,,,0.8363968554815014,-0.7758760862528792,16727937.10963003,20000000.0,5.000000000000001,5.000000000000001,3345587.4219260053,65.24472382702675,3345587.4219260053,65.24472382702675,24.215770701642008,24.216549652225243,1.0005685799997763,1.7277455728230868,0.14486883612152318,0.14462928807158731,0.06503636498137758,0.9948430981585271,-0.022454086785476616,19896861.963170543,20000000.0,5.000000000000001,5.000000000000001,3979372.3926341077,65.99814582649414,3979372.3926341077,65.99814582649414,4.120317286554095,4.1343625381047655,0.11846940126322343,0.20063701308000592,0.03313903796891239,0.029153564740439397,0.012170115724999117
78,2,3.9000000000000004,18,0.40577597664468995,-3.9171366829203484,8115519.532893799,20000000.0,5.000000000000001,5.000000000000001,1623103.9065787597,62.103463230359274,1623103.9065787597,62.103463230359274,51.95108571183564,51.94831223222947,,,,,,0.8367103631984611,-0.7742485196321263,16734207.263969222,20000000.0,5.000000000000001,5.000000000000001,3346841.452793844,65.2463513936475,3346841.452793844,65.2463513936475,24.19248565406378,24.19144905163314,1.0008570875748666,1.7287150975180015,0.1438190555554631,0.1436837976423484,0.06375475574250812,0.994880978697117,-0.022288724069364788,19897619.57394234,20000000.0,5.000000000000001,5.000000000000001,3979523.9147884673,65.99831118921026,3979523.9147884673,65.99831118921026,4.10513170460606,4.118711616437108,0.11755608810416285,0.1993087111528859,0.033023491034171196,0.02918751734423271,0.012006302150657192
79,2,3.95,19,0.4054296380347799,-3.9208450634732257,8108592.760695597,20000000.0,5.000000000000001,5.000000000000001,1621718.5521391192,62.099754849806395,1621718.5521391192,62.099754849806395,51.968124874267446,51.969685925092016,,,,,,0.8374641596457051,-0.7703377008355035,16749283.192914102,20000000.0,5.000000000000001,5.000000000000001,3349856.63858282,65.25026221244411,3349856.63858282,65.25026221244411,24.13489994527586,24.139449425481864,0.9989044995098043,1.7305485004436847,0.14273192660314693,0.14263977168582537,0.062449982765068135,0.9949110311299327,-0.02215753844115667,19898220.622598656,20000000.0,5.000000000000001,5.000000000000001,3979644.1245197305,65.99844237483848,3979644.1245197305,65.99844237483848,4.09317654231843,4.106791370982867,0.11690194841573073,0.19824151485200978,0.03292413863315187,0.02920674003588669,0.011847189470529023
80,2,4.0,20,0.4047997824683549,-3.9275972954972587,8095995.649367099,20000000.0,5.000000000000001,5.000000000000001,1619199.1298734194,62.09300261778236,1619199.1298734194,62.09300261778236,52.004609440103174,52.00110536200943,,,,,,0.8387557081357427,-0.7636451123020089,16775114.162714854,20000000.0,5.000000000000001,5.000000000000001,3355022.8325429703,65.25695480097761,3355022.8325429703,65.25695480097761,24.035161729646546,24.035775188816068,0.9959835352828259,1.7229773223011464,0.1420096779858649,0.1418773210614736,0.061374692407740114,0.9949416499257326,-0.022023884586415854,19898832.998514652,20000000.0,5.000000000000001,5.000000000000001,3979766.5997029296,65.99857602869321,3979766.5997029296,65.99857602869321,4.0806851138464575,4.093930396088157,0.1164154278816609,0.1969877815606441,0.03287567912945425,0.029261665684555092,0.011711746537767466
81,2,4.05,21,0.40496747987653897,-3.9257985055626277,8099349.597530779,20000000.0,5.000000000000001,5.000000000000001,1619869.9195061557,62.09480140771699,1619869.9195061557,62.09480140771699,51.98686587563751,51.98687843981277,,,,,,0.8355553658551278,-0.7802476744777904,16711107.317102555,20000000.0,5.000000000000001,5.000000000000001,3342221.4634205103,65.24035223880183,3342221.4634205103,65.24035223880183,24.29150174172505,24.29514117287475,1.0057176016737688,1.733069967144128,0.14104825707326532,0.14108629539724377,0.060259700221684774,0.9949778143377108,-0.02186602890584999,19899556.286754217,20000000.0,5.000000000000001,5.000000000000001,3979911.2573508425,65.99873388437376,3979911.2573508425,65.99873388437376,4.066092380162922,4.079249924207253,0.11542393617318525,0.195588576180108,0.03280416281426258,0.02932890365202694,0.011572506598287294
82,2,4.1000000000000005,22,0.4040807434837525,-3.9353184541979602,8081614.8696750505,20000000.0,5.000000000000001,5.000000000000001,1616322.97393501,62.08528145908167,1616322.97393501,62.08528145908167,52.04462326975515,52.044661226457734,,,,,,0.8357615055255214,-0.7791763597158767,16715230.110510428,20000000.0,5.000000000000001,5.000000000000001,3343046.022102085,65.24142355356375,3343046.022102085,65.24142355356375,24.269883056838367,24.272261132257793,1.0048080766497178,1.7388538078125104,0.14009102248618385,0.14025624006408005,0.059153039441434074,0.9949963361701053,-0.021785184342096846,19899926.723402105,20000000.0,5.000000000000001,5.000000000000001,3979985.34468042,65.99881472893753,3979985.34468042,65.99881472893753,4.05854980792405,4.071314074086187,0.11500545255521137,0.19455238552163595,0.03271582725396334,0.02940751386630665,0.011430923736055872
83,2,4.15,23,0.4034583411106007,-3.9420130148666432,8069166.822212013,20000000.0,5.000000000000001,5.000000000000001,1613833.3644424025,62.07858689841298,1613833.3644424025,62.07858689841298,52.08941869595012,52.088139775944775,,,,,,0.8372949100790793,-0.7712154886251514,16745898.201581586,20000000.0,5.000000000000001,5.000000000000001,3349179.640316317,65.24938442465447,3349179.640316317,65.24938442465447,24.141945530097974,24.145025932398198,0.999808060869763,1.736078098053668,0.1390820134901541,0.1394618374392079,0.058074871030599697,0.9950428884485466,-0.021581998420928446,19900857.768970933,20000000.0,5.000000000000001,5.000000000000001,3980171.5537941856,65.9990179148587,3980171.5537941856,65.9990179148587,4.039506318661244,4.052156460177449,0.11425388446878518,0.1934989805991967,0.03262624690724384,0.029501880191927055,0.011302382738951821
84,2,4.2,24,0.4033674483809898,-3.9429915212950757,8067348.967619796,20000000.0,5.000000000000001,5.000000000000001,1613469.793523959,62.077608391984555,1613469.793523959,62.077608391984555,52.09603237848971,52.09217567628973,,,,,,0.834455350378755,-0.7859689637586782,16689107.007575098,20000000.0,5.000000000000001,5.000000000000001,3337821.401515019,65.23463094952095,3337821.401515019,65.23463094952095,24.374633007769226,24.375019987292568,1.0080228325301168,1.7354781846657403,0.13825169976298238,0.1386063518985444,0.057031880130560694,0.9950537968341742,-0.021534388154355925,19901075.936683483,20000000.0,5.000000000000001,5.000000000000001,3980215.187336696,65.99906552512527,3980215.187336696,65.99906552512527,4.035054461126133,4.047387475650385,0.11376028091518016,0.19264487049879112,0.03251314742333976,0.02956908214705295,0.011164400225242664
85,2,4.25,25,0.4039775568949062,-3.936427615909806,8079551.137898125,20000000.0,5.000000000000001,5.000000000000001,1615910.2275796246,62.08417229736982,1615910.2275796246,62.08417229736982,52.059322652464246,52.06033106609722,,,,,,0.8359344705095428,-0.7782776587622595,16718689.410190856,20000000.0,5.000000000000001,5.000000000000001,3343737.8820381705,65.24232225451736,3343737.8820381705,65.24232225451736,24.26035219325463,24.263717655790238,1.0035376485418095,1.7347404392366017,0.13761888099437913,0.1378471801940754,0.05608907671920236,0.9950874496976849,-0.021387511615318027,19901748.993953697,20000000.0,5.000000000000001,5.000000000000001,3980349.798790739,65.99921240166431,3980349.798790739,65.99921240166431,4.021268680917567,4.033096603280146,0.1128085171483535,0.191248029134015,0.03235304083420333,0.029637003132982585,0.01101323683821824
86,2,4.3,26,0.40468868711327066,-3.9287893594189605,8093773.7422654135,20000000.0,5.000000000000001,5.000000000000001,1618754.7484530825,62.09181055386067,1618754.7484530825,62.09181055386067,52.019327428481596,52.02136009394443,,,,,,0.8368203645781529,-0.7736775950416451,16736407.291563058,20000000.0,5.000000000000001,5.000000000000001,3347281.458312611,65.24692231823798,3347281.458312611,65.24692231823798,24.176514281288963,24.17787665649927,0.9998002987519279,1.7315546136443765,0.13656427252261286,0.13694853859413017,0.05502394118239804,0.9951050754629069,-0.02131058666982988,19902101.50925814,20000000.0,5.000000000000001,5.000000000000001,3980420.3018516274,65.9992893266098,3980420.3018516274,65.9992893266098,4.014008149829685,4.025534652725506,0.11233329357964905,0.19051240249826915,0.03217835247080099,0.029712165978587213,0.010865890931770364
87,2,4.3500000000000005,27,0.4053066442680929,-3.922162767287806,8106132.885361858,20000000.0,5.000000000000001,5.000000000000001,1621226.5770723713,62.09843714599182,1621226.5770723713,62.09843714599182,51.98234985347385,51.9772724096935,,,,,,0.8352984716478137,-0.7815831322544597,16705969.432956275,20000000.0,5.000000000000001,5.000000000000001,3341193.8865912543,65.23901678102517,3341193.8865912543,65.23901678102517,24.30311314857502,24.30061104689177,1.005510014597855,1.7327721708149824,0.13560367110128085,0.1360186441969224,0.05398638327135129,0.9951306108420084,-0.02119914384610823,19902612.216840167,20000000.0,5.000000000000001,5.000000000000001,3980522.4433680326,65.99940076943352,3980522.4433680326,65.99940076943352,4.003584609233902,4.0144278069650685,0.1115279883578391,0.18917348024920236,0.031962496254747355,0.029780064297615778,0.010714592023040651
88,2,4.4,28,0.40616101317148867,-3.9130176625147692,8123220.263429774,20000000.0,5.000000000000001,5.000000000000001,1624644.0526859546,62.10758225076486,1624644.0526859546,62.10758225076486,51.93146701636296,51.935862352648556,,,,,,0.8381455985681696,-0.7668053129552692,16762911.971363392,20000000.0,5.000000000000001,5.000000000000001,3352582.3942726776,65.25379460032435,3352582.3942726776,65.25379460032435,24.076550842186702,24.081930573653654,0.9972065830035476,1.7365557060843528,0.13518850720485687,0.13544605268289006,0.053218758352857574,0.9951614280323324,-0.02106465367637277,19903228.56064665,20000000.0,5.000000000000001,5.000000000000001,3980645.7121293293,65.99953525960325,3980645.7121293293,65.99953525960325,3.9907580919528742,4.001776854167643,0.11093144744199188,0.1883027456699899,0.03176896883652688,0.02988560259235514,0.010584844289813568
89,2,4.45,29,0.406513410592406,-3.909251227631168,8130268.211848119,20000000.0,5.000000000000001,5.000000000000001,1626053.6423696235,62.11134868564845,1626053.6423696235,62.11134868564845,51.91103733181617,51.91042958661471,,,,,,0.8364700719892435,-0.7754959301891213,16729401.43978487,20000000.0,5.000000000000001,5.000000000000001,3345880.2879569735,65.2451039830905,3345880.2879569735,65.2451039830905,24.221505043802782,24.22428352250386,1.0028269702519816,1.7332503034637188,0.13475538612697485,0.13476249848645278,0.0524191368320324,0.9952043485468883,-0.020877349987228754,19904086.970937766,20000000.0,5.000000000000001,5.000000000000001,3980817.3941875524,65.9997225632924,3980817.3941875524,65.9997225632924,3.972918698487143,3.983914184476272,0.11015470198959673,0.18717210970788586,0.03164880803273032,0.029987367333087177,0.010473434368329527
90,3,4.5,0,0.4070032767934938,-3.904020942450404,8140065.535869876,20000000.0,5.000000000000001,5.000000000000001,1628013.1071739749,62.11657897082922,1628013.1071739749,62.11657897082922,51.877046916608336,51.88172801295762,,,,,,0.8356257312480392,-0.7798819534685066,16712514.624960784,20000000.0,5.000000000000001,5.000000000000001,3342502.924992156,65.24071795981112,3342502.924992156,65.24071795981112,24.286732368786925,24.28811240181405,1.0048935824087146,1.7302846916627588,0.1337787338100384,0.13389054086675603,0.051456665566569096,0.9952044945529712,-0.02087671283535572,19904089.891059425,20000000.0,5.000000000000001,5.000000000000001,3980817.9782118844,65.99972320044427,3980817.9782118844,65.99972320044427,3.972953071712518,3.9839566430664446,0.10995268415798902,0.1863699264833033,0.03153044025647429,0.03007207351378252,0.010362669277461909
91,3,4.55,1,0.4067941109354081,-3.906253428849089,8135882.218708162,20000000.0,5.000000000000001,5.000000000000001,1627176.4437416322,62.114346484430534,1627176.4437416322,62.114346484430534,51.885864824161345,51.887210373132916,,,,,,0.8355456081321746,-0.780298392241714,16710912.162643492,20000000.0,5.000000000000001,5.000000000000001,3342182.432528698,65.2403015210379,3342182.432528698,65.2403015210379,24.288919954803056,24.289801200345188,1.0036852253349362,1.7318178193734244,0.1329132904061467,0.13312298474463885,0.05057406513933786,0.9952274458916519,-0.020776557290830742,19904548.917833038,20000000.0,5.000000000000001,5.000000000000001,3980909.7835666067,65.9998233559888,3980909.7835666067,65.9998233559888,3.963416154558936,3.9738162901975764,0.10931583144148752,0.18520482577835723,0.03141797002502994,0.0301502619870334,0.010250185459381153
92,3,4.6000000000000005,2,0.4064691696732243,-3.909723896727906,8129383.393464485,20000000.0,5.000000000000001,5.000000000000001,1625876.6786928969,62.11087601655172,1625876.6786928969,62.11087601655172,51.90197832919135,51.901416718061206,,,,,,0.8368640942175952,-0.7734506521312305,16737281.884351905,20000000.0,5.000000000000001,5.000000000000001,3347456.3768703807,65.2471492611484,3347456.3768703807,65.2471492611484,24.186829885526308,24.192592251552824,1.0001990850273874,1.7297678972462482,0.13221356516825017,0.13245182044485593,0.04977631225432587,0.9952354859450894,-0.020741472479289993,19904709.718901787,20000000.0,5.000000000000001,5.000000000000001,3980941.9437803566,65.99985844080034,3980941.9437803566,65.99985844080034,3.9601075318591263,3.9706769349560624,0.10888212711259646,0.18428608382976264,0.031323502860709854,0.030245718610816534,0.010149930037886327
93,3,4.65,3,0.40571547104658773,-3.917784311370495,8114309.420931755,20000000.0,5.000000000000001,5.000000000000001,1622861.8841863507,62.10281560190913,1622861.8841863507,62.10281560190913,51.949724472777504,51.953870570413265,,,,,,0.8346479002583028,-0.7849669484487469,16692958.005166057,20000000.0,5.000000000000001,5.000000000000001,3338591.6010332108,65.23563296483088,3338591.6010332108,65.23563296483088,24.360224294389127,24.362927014919453,1.0080116695330723,1.7385761973346086,0.13124072757794644,0.13171999487906744,0.04892054308641629,0.9952626626468537,-0.020622882149309917,19905253.252937075,20000000.0,5.000000000000001,5.000000000000001,3981050.6505874144,65.99997703113031,3981050.6505874144,65.99997703113031,3.9486188989219206,3.9593407404655343,0.10840429963455012,0.18348447389427566,0.031219173627560343,0.0303410450493735,0.010056379799217
94,3,4.7,4,0.4044156696114153,-3.9317202545014918,8088313.392228305,20000000.0,5.000000000000001,5.000000000000001,1617662.6784456607,62.08887965877813,1617662.6784456607,62.08887965877813,52.03836166090484,52.04251411710842,,,,,,0.8354500872028333,-0.7807949131206151,16709001.744056666,20000000.0,5.000000000000001,5.000000000000001,3341800.3488113326,65.23980500015901,3341800.3488113326,65.23980500015901,24.291587267255277,24.295462722517097,1.005281966340095,1.7383030301911007,0.13070519249936668,0.1310744173745539,0.048193033070658545,0.9952888838001865,-0.020508464592803272,19905777.67600373,20000000.0,5.000000000000001,5.000000000000001,3981155.535200746,66.00009144868682,3981155.535200746,66.00009144868682,3.9378804960383227,3.9482398359186037,0.10755726672919848,0.18223397557815746,0.03117301020490664,0.03044308939114614,0.009978753885082889
95,3,4.75,5,0.4043724256635847,-3.9321846680616352,8087448.513271694,20000000.0,5.000000000000001,5.000000000000001,1617489.7026543384,62.08841524521799,1617489.7026543384,62.08841524521799,52.04349111485895,52.037273697743345,,,,,,0.8366181048772295,-0.774727412815689,16732362.09754459,20000000.0,5.000000000000001,5.000000000000001,3346472.4195089173,65.24587250046393,3346472.4195089173,65.24587250046393,24.200541350084606,24.200250304996068,1.0013664819320363,1.7310508036626793,0.12977810727829817,0.1303431870750991,0.04737560823378549,0.9953101976750761,-0.020415462457526373,19906203.953501523,20000000.0,5.000000000000001,5.000000000000001,3981240.790700304,66.0001844508221,3981240.790700304,66.0001844508221,3.928905807518791,3.9389981785604773,0.1072254770003549,0.18152369930155615,0.031068744163198676,0.03053560127996836,0.009892975764269956
96,3,4.800000000000001,6,0.40536091358239457,-3.9215812992484134,8107218.271647891,20000000.0,5.000000000000001,5.000000000000001,1621443.654329578,62.09901861403121,1621443.654329578,62.09901861403121,51.978760125146366,51.979551440488194,,,,,,0.8364391518090235,-0.7756564704439002,16728783.03618047,20000000.0,5.000000000000001,5.000000000000001,3345756.6072360934,65.24494344283572,3345756.6072360934,65.24494344283572,24.213928519717676,24.21494355255835,1.0018546786496505,1.7307700729394717,0.1292029309726856,0.1296033786332597,0.04663439488134719,0.9953366176267981,-0.020300182949805526,19906732.352535963,20000000.0,5.000000000000001,5.000000000000001,3981346.470507192,66.00029973032981,3981346.470507192,66.00029973032981,3.9177247006037077,3.9274558837330757,0.10657307168848333,0.1807249366683328,0.030971055987906303,0.030607149254171368,0.009802863375145077
97,3,4.8500000000000005,7,0.40737148677273777,-3.9000937192549316,8147429.735454756,20000000.0,5.000000000000001,5.000000000000001,1629485.9470909508,62.12050619402469,1629485.9470909508,62.12050619402469,51.84784557293007,51.84639362747343,,,,,,0.8361056174944982,-0.7773885868799125,16722112.349889964,20000000.0,5.000000000000001,5.000000000000001,3344422.469977992,65.24321132639972,3344422.469977992,65.24321132639972,24.24214049565067,24.241897945926464,1.0023581351872595,1.7239316569181942,0.1285503442053492,0.12887682080696478,0.045897228986038534,0.9953446218067169,-0.020265258511859015,19906892.43613434,20000000.0,5.000000000000001,5.000000000000001,3981378.487226867,66.00033465476776,3981378.487226867,66.00033465476776,3.914358921446084,3.924028301903679,0.10614633284013693,0.1797849656052446,0.030882737335774107,0.030672612662038707,0.00970942734175011
98,3,4.9,8,0.40861244506613675,-3.8868841024091285,8172248.9013227355,20000000.0,5.000000000000001,5.000000000000001,1634449.7802645469,62.13371581087049,1634449.7802645469,62.13371581087049,51.77307006352353,51.77449827146269,,,,,,0.8378720235314219,-0.7682231038941543,16757440.470628437,20000000.0,5.000000000000001,5.000000000000001,3351488.0941256867,65.25237680938547,3351488.0941256867,65.25237680938547,24.094699012850374,24.097154699197063,0.9960521790535852,1.7277456408541965,0.12809114147361228,0.1283523906324699,0.04527879616219719,0.9953505059505453,-0.02023958455345347,19907010.119010907,20000000.0,5.000000000000001,5.000000000000001,3981402.023802181,66.00036032872617,3981402.023802181,66.00036032872617,3.9118413397641403,3.9217545605446604,0.1058847804586335,0.1789248636792486,0.03083323624608536,0.03075739865995116,0.009633776445283565
99,3,4.95,9,0.4083635813948263,-3.8895299602810525,8167271.627896527,20000000.0,5.000000000000001,5.000000000000001,1633454.3255793052,62.13106995299857,1633454.3255793052,62.13106995299857,51.80333608268272,51.8068287782055,,,,,,0.8350740252581352,-0.7827502471259948,16701480.505162705,20000000.0,5.000000000000001,5.000000000000001,3340296.10103254,65.23784966615364,3340296.10103254,65.23784966615364,24.323390790496006,24.323598791783883,1.0051731755053688,1.7322945151068592,0.1274906819154557,0.1277325763874676,0.044612958531229915,0.9953627418166093,-0.020186196963664322,19907254.836332187,20000000.0,5.000000000000001,5.000000000000001,3981450.9672664367,66.00041371631596,3981450.9672664367,66.00041371631596,3.906657367762528,3.9163732534108995,0.10547348197509912,0.17825820720221286,0.030761069858295458,0.030855563389884343,0.009559900855897287
100,3,5.0,10,0.40776739190696193,-3.8958750656446632,8155347.838139239,20000000.0,5.000000000000001,5.000000000000001,1631069.5676278474,62.12472484763496,1631069.5676278474,62.12472484763496,51.845948388427836,51.842391172675626,,,,,,0.837717227797196,-0.769025531259147,16754344.555943921,20000000.0,5.000000000000001,5.000000000000001,3350868.9111887836,65.25157438202046,3350868.9111887836,65.25157438202046,24.112764129424512,24.112864526762877,0.9971351539670363,1.7285045619459107,0.12681270191723962,0.12718725103071055,0.043971679750502354,0.995381790395278,-0.02010308541951306,19907635.80790556,20000000.0,5.000000000000001,5.000000000000001,3981527.161581111,66.0004968278601,3981527.161581111,66.0004968278601,3.8985851379534666,3.908620686896401,0.1050648258924276,0.1774510637621232,0.030691422117940913,0.030955822013360466,0.009487606941391152
101,3,5.050000000000001,11,0.4076808446051673,-3.896796939383576,8153616.892103346,20000000.0,5.000000000000001,5.000000000000001,1630723.378420669,62.12380297389605,1630723.378420669,62.12380297389605,51.84408223154666,51.84997125359688,,,,,,0.8368999612289157,-0.7732645226101602,16737999.224578315,20000000.0,5.000000000000001,5.000000000000001,3347599.8449156624,65.24733539066946,3347599.8449156624,65.24733539066946,24.17191891203486,24.16916481613688,0.9988977221558475,1.7310243708443882,0.1263209653703239,0.12651935276363854,0.04333071964967584,0.9953951389946092,-0.020044844609654472,19907902.779892184,20000000.0,5.000000000000001,5.000000000000001,3981580.555978436,66.00055506866997,3981580.555978436,66.00055506866997,3.8929365996640897,3.9026766267344195,0.10458824493879955,0.17673346172826826,0.030575997684629853,0.031046662668488795,0.009408071503688326
102,3,5.1000000000000005,12,0.4067319278472898,-3.9069173479076724,8134638.556945796,20000000.0,5.000000000000001,5.000000000000001,1626927.7113891589,62.11368256537195,1626927.7113891589,62.11368256537195,51.89461205770726,51.889298977051645,,,,,,0.834919152814091,-0.7835557623690899,16698383.05628182,20000000.0,5.000000000000001,5.000000000000001,3339676.6112563633,65.23704415091053,3339676.6112563633,65.23704415091053,24.33555036856231,24.33837547627678,1.007040068785846,1.733037249195501,0.12566286134063326,0.12592676247874673,0.04269828148883931,0.9954028304036483,-0.0200112868448274,19908056.608072966,20000000.0,5.000000000000001,5.000000000000001,3981611.3216145923,66.0005886264348,3981611.3216145923,66.0005886264348,3.889740511478995,3.8996069305129444,0.10418939851411886,0.17606285217122453,0.030466507062370467,0.03114234720389053,0.009334714003992111
103,3,5.15,13,0.4053792050679729,-3.9213853328450963,8107584.101359459,20000000.0,5.000000000000001,5.000000000000001,1621516.8202718915,62.09921458043453,1621516.8202718915,62.09921458043453,51.97074289544595,51.966210528094635,,,,,,0.8355182590139846,-0.7804405480425716,16710365.180279693,20000000.0,5.000000000000001,5.000000000000001,3342073.036055938,65.24015936523705,3342073.036055938,65.24015936523705,24.29585682695383,24.298064493913518,1.0055915438361689,1.733246187912582,0.12483780028088023,0.12527230979821333,0.04202829942769777,0.9954234350618124,-0.019921389604694244,19908468.701236248,20000000.0,5.000000000000001,5.000000000000001,3981693.7402472487,66.00067852367494,3981693.7402472487,66.00067852367494,3.8810687009614937,3.891299142732742,0.1038086884911598,0.17527292484667384,0.030333241400460464,0.03122972165423084,0.009253109482242323
104,3,5.2,14,0.4039837275500474,-3.9363612790313147,8079674.551000948,20000000.0,5.000000000000001,5.000000000000001,1615934.9102001893,62.08423863424831,1615934.9102001893,62.08423863424831,52.048961315540396,52.0469378932321,,,,,,0.8359331062821036,-0.7782847463624636,16718662.125642072,20000000.0,5.000000000000001,5.000000000000001,3343732.425128414,65.24231516691715,3343732.425128414,65.24231516691715,24.252643375478012,24.261116451921332,1.0039970023289655,1.7294177513094855,0.12442350546419134,0.12461684397271873,0.041437291854626614,0.9954585445649575,-0.01976821263452822,19909170.89129915,20000000.0,5.000000000000001,5.000000000000001,3981834.1782598295,66.0008317006451,3981834.1782598295,66.0008317006451,3.8660014784031524,3.875947456217363,0.10319225400361784,0.17430118253581067,0.030217388777315883,0.03131659491603307,0.00917528942776882
105,3,5.25,15,0.4029527173106413,-3.947459112182009,8059054.346212827,20000000.0,5.000000000000001,5.000000000000001,1611810.869242565,62.073140801097615,1611810.869242565,62.073140801097615,52.107350908686726,52.107539759969356,,,,,,0.8372211241053559,-0.7715982241809359,16744422.482107118,20000000.0,5.000000000000001,5.000000000000001,3348884.496421423,65.24900168909869,3348884.496421423,65.24900168909869,24.153972258354884,24.156872622745503,1.0009172379692197,1.7313167938331193,0.12401621503598297,0.1241755429844563,0.040928154910229005,0.9954498744364656,-0.019806038472477597,19908997.488729313,20000000.0,5.000000000000001,5.000000000000001,3981799.4977458618,66.00079387480714,3981799.4977458618,66.00079387480714,3.86968907746814,3.8793898778277685,0.1031417325629509,0.17370331513268195,0.030103914998564796,0.031419518651304,0.009107581576053292
106,3,5.300000000000001,16,0.40230078829644184,-3.95449116440771,8046015.765928837,20000000.0,5.000000000000001,5.000000000000001,1609203.1531857671,62.06610874887191,1609203.1531857671,62.06610874887191,52.15047618735535,52.15176415171629,,,,,,0.8377323792986406,-0.7689469826302625,16754647.585972812,20000000.0,5.000000000000001,5.000000000000001,3350929.5171945617,65.25165293064936,3350929.5171945617,65.25165293064936,24.1149344077727,24.118771043990684,0.9979074553627345,1.7285108456649745,0.1235069556931333,0.12364659837195562,0.04038178249123362,0.9954781644014318,-0.019682616877731807,19909563.288028635,20000000.0,5.000000000000001,5.000000000000001,3981912.6576057263,66.0009172964019,3981912.6576057263,66.0009172964019,3.857630351903493,3.867279095623745,0.10255427478066173,0.17297346591843574,0.029993255644285583,0.03152658517381581,0.009042276119207035
107,3,5.3500000000000005,17,0.40233724776105034,-3.9540975925507036,8046744.955221007,20000000.0,5.000000000000001,5.000000000000001,1609348.991044201,62.06650232072892,1609348.991044201,62.06650232072892,52.15483276010709,52.157139016648294,,,,,,0.8350125374206565,-0.7830700368797715,16700250.74841313,20000000.0,5.000000000000001,5.000000000000001,3340050.1496826257,65.23752987639985,3340050.1496826257,65.23752987639985,24.330094921173497,24.330354804622193,1.0056510262483482,1.7290527849132153,0.12251739804018387,0.12295654063810971,0.039714427794238547,0.9954956734765681,-0.019606231195806116,19909913.46953136,20000000.0,5.000000000000001,5.000000000000001,3981982.6939062714,66.00099368208382,3981982.6939062714,66.00099368208382,3.850305132218211,3.8596449256277303,0.10204446856878105,0.17218244574562278,0.029830178654305504,0.031608915396336215,0.008962171601207344
108,3,5.4,18,0.40392131771934614,-3.9370322550402577,8078426.354386923,20000000.0,5.000000000000001,5.000000000000001,1615685.2708773843,62.08356765823937,1615685.2708773843,62.08356765823937,52.059438622066125,52.06178688623398,,,,,,0.8367883965547271,-0.7738435064122746,16735767.931094542,20000000.0,5.000000000000001,5.000000000000001,3347153.586218908,65.24675640686735,3347153.586218908,65.24675640686735,24.18599572559195,24.18428565640311,1.0008067312819264,1.7273378942804805,0.12192287855669628,0.12229100689877907,0.039128828649861634,0.9955244253923757,-0.019480800032279755,19910488.507847514,20000000.0,5.000000000000001,5.000000000000001,3982097.7015695022,66.00111911324734,3982097.7015695022,66.00111911324734,3.837886349358796,3.847031268915033,0.10147724875202098,0.17141924881117326,0.029681133126207394,0.031681717949745246,0.008884005028119382
109,3,5.45,19,0.40578389801245063,-3.917051902821797,8115677.960249012,20000000.0,5.000000000000001,5.000000000000001,1623135.5920498022,62.10354801045782,1623135.5920498022,62.10354801045782,51.94990864902057,51.956247496795825,,,,,,0.8357374063716789,-0.7793015901836751,16714748.127433578,20000000.0,5.000000000000001,5.000000000000001,3342949.6254867148,65.24129832309595,3342949.6254867148,65.24129832309595,24.262459094913275,24.264465699012014,1.0040743972150796,1.7350873219866774,0.12115069012482926,0.12172984287933537,0.03855854008940637,0.9955299287598888,-0.019456791826398086,19910598.575197775,20000000.0,5.000000000000001,5.000000000000001,3982119.715039554,66.00114312145323,3982119.715039554,66.00114312145323,3.8355455843022974,3.8449480501029543,0.10100886659954822,0.17054871730597734,0.029502191393326382,0.0317469227752191,0.008803182368366221
110,3,5.5,20,0.4068518012912436,-3.9056375687344156,8137036.025824872,20000000.0,5.000000000000001,5.000000000000001,1627407.205164974,62.11496234454521,1627407.205164974,62.11496234454521,51.89702737533489,51.90439654495913,,,,,,0.8357456850274215,-0.7792585700116479,16714913.70054843,20000000.0,5.000000000000001,5.000000000000001,3342982.740109686,65.24134134326798,3342982.740109686,65.24134134326798,24.269735308796562,24.267895113938522,1.0038242319371469,1.7312677054101233,0.12059359981777192,0.12111950569483021,0.038015023779083064,0.9955252075213756,-0.019477388019809774,19910504.150427513,20000000.0,5.000000000000001,5.000000000000001,3982100.830085502,66.00112252525982,3982100.830085502,66.00112252525982,3.8375492618565965,3.8470028299835315,0.10086927414924245,0.1700638548926295,0.029327605261273714,0.03180453700791448,0.008718747547642503
111,3,5.550000000000001,21,0.4078611056057277,-3.894877078385613,8157222.112114554,20000000.0,5.000000000000001,5.000000000000001,1631444.4224229106,62.125722834894006,1631444.4224229106,62.125722834894006,51.839713596494235,51.837031556033665,,,,,,0.8387061424548894,-0.7639017631663501,16774122.849097788,20000000.0,5.000000000000001,5.000000000000001,3354824.569819557,65.25669815011328,3354824.569819557,65.25669815011328,24.028350056424987,24.0260960100918,0.9937713757938014,1.7244747692237823,0.12003633165985353,0.12054509486537886,0.0374912320366929,0.9955592809831177,-0.019328746246938547,19911185.619662356,20000000.0,5.000000000000001,5.000000000000001,3982237.1239324706,66.00127116703268,3982237.1239324706,66.00127116703268,3.8228856591358187,3.8318632400295094,0.10026630319419663,0.16898349925238995,0.02916337825544677,0.031868359979676894,0.008635765581387112
112,3,5.6000000000000005,22,0.4091997946191094,-3.880645929359524,8183995.892382188,20000000.0,5.000000000000001,5.000000000000001,1636799.1784764372,62.139953983920094,1636799.1784764372,62.139953983920094,51.74448413741561,51.74409445309844,,,,,,0.8365496434647464,-0.7750828154788207,16730992.869294927,20000000.0,5.000000000000001,5.000000000000001,3346198.5738589847,65.2455170978008,3346198.5738589847,65.2455170978008,24.202334899491238,24.203345684256576,1.0016270348057983,1.7335774194098552,0.11947027719480185,0.12003517406857214,0.03699456036787423,0.9955784126892496,-0.019245288488802276,19911568.25378499,20000000.0,5.000000000000001,5.000000000000001,3982313.6507569975,66.00135462479082,3982313.6507569975,66.00135462479082,3.8146767963284374,3.823207730753631,0.0999262590402045,0.16859575952009317,0.029012254407232197,0.031931572132162016,0.008553727458377902
113,3,5.65,23,0.4092173788719115,-3.88045930707913,8184347.57743823,20000000.0,5.000000000000001,5.000000000000001,1636869.5154876458,62.14014060620049,1636869.5154876458,62.14014060620049,51.733344574903796,51.73285016335334,,,,,,0.8354627576268081,-0.7807290485815668,16709255.152536163,20000000.0,5.000000000000001,5.000000000000001,3341851.030507232,65.23987086469805,3341851.030507232,65.23987086469805,24.29398747747613,24.29290595516415,1.0043275948952084,1.7313769470144842,0.11903752759889455,0.11954468969182275,0.03653194972752573,0.995586970645905,-0.019207956849924795,19911739.4129181,20000000.0,5.000000000000001,5.000000000000001,3982347.882583619,66.0013919564297,3982347.882583619,66.0013919564297,3.8108919006743482,3.8192970911751454,0.09957215876258681,0.16776278608622036,0.0288323625842197,0.03198569832114292,0.008465503889738917
114,3,5.7,24,0.40821005856600867,-3.891162981846394,8164201.171320173,20000000.0,5.000000000000001,5.000000000000001,1632840.2342640343,62.12943693143323,1632840.2342640343,62.12943693143323,51.78810486121798,51.79258523061086,,,,,,0.8369307670062252,-0.7731046644014172,16738615.340124503,20000000.0,5.000000000000001,5.000000000000001,3347723.0680249,65.24749524887821,3347723.0680249,65.24749524887821,24.177377680004724,24.175729362229696,1.0009073140680946,1.7286203416433086,0.1187273301661794,0.11908854514217945,0.036105835794267904,0.9956093207978927,-0.01911046221596956,19912186.415957853,20000000.0,5.000000000000001,5.000000000000001,3982437.28319157,66.00148945106366,3982437.28319157,66.00148945106366,3.8012793835600815,3.809860471794108,0.09910535787362046,0.1670961120067712,0.028663084303434123,0.03204453772939744,0.008381775587312176
115,3,5.75,25,0.40562838296040593,-3.9187166380338874,8112567.659208119,20000000.0,5.000000000000001,5.000000000000001,1622513.5318416236,62.10188327524573,1622513.5318416236,62.10188327524573,51.95618652164323,51.95785427252065,,,,,,0.837792455586231,-0.7686355482705716,16755849.11172462,20000000.0,5.000000000000001,5.000000000000001,3351169.8223449234,65.25196436500904,3351169.8223449234,65.25196436500904,24.11455494094647,24.110645048239615,0.9974508009870521,1.726958906874474,0.118287404081505,0.11868546326766209,0.03568291422565686,0.9956135398785804,-0.01909205821411157,19912270.797571607,20000000.0,5.000000000000001,5.000000000000001,3982454.1595143205,66.00150785506551,3982454.1595143205,66.00150785506551,3.799365223633534,3.8076701089133467,0.09893214248815216,0.16644114872730698,0.028485890106256746,0.03210510325730625,0.008297948429510545
116,3,5.800000000000001,26,0.40359926547388614,-3.940496328239486,8071985.309477722,20000000.0,5.000000000000001,5.000000000000001,1614397.0618955442,62.080103585040135,1614397.0618955442,62.080103585040135,52.080415327896375,52.08254393410166,,,,,,0.835867618247607,-0.7786249913642727,16717352.364952141,20000000.0,5.000000000000001,5.000000000000001,3343470.4729904276,65.24197492191534,3343470.4729904276,65.24197492191534,24.259694866125002,24.262718829496528,1.0020652940460022,1.7296944518862076,0.11778102093360865,0.11820057385078919,0.035231284806971255,0.9956074377501233,-0.019118676261496163,19912148.755002465,20000000.0,5.000000000000001,5.000000000000001,3982429.7510004924,66.00148123701813,3982429.7510004924,66.00148123701813,3.8020854345236956,3.8101837172238087,0.09853527318624519,0.16585248210014383,0.028301834163650407,0.03216835080087217,0.008215455804717546
117,3,5.8500000000000005,27,0.4027811158814817,-3.9493089924235343,8055622.3176296335,20000000.0,5.000000000000001,5.000000000000001,1611124.4635259265,62.071290920856086,1611124.4635259265,62.071290920856086,52.124407856958236,52.12183228283676,,,,,,0.8377957408329176,-0.7686185182567445,16755914.816658353,20000000.0,5.000000000000001,5.000000000000001,3351182.96333167,65.25198139502288,3351182.96333167,65.25198139502288,24.104464457806014,24.104365639980774,0.9973262601635134,1.7282308343875818,0.11724857714747763,0.11780830949096104,0.03481061842944767,0.9956398903364043,-0.018977116958964556,19912797.806728087,20000000.0,5.000000000000001,5.000000000000001,3982559.561345617,66.00162279632066,3982559.561345617,66.00162279632066,3.787967699818554,3.795920786926255,0.09805894117750077,0.16523614258043812,0.02812261287748411,0.03224500105962108,0.008141087365051949
118,3,5.9,28,0.4028247633810524,-3.948838393369607,8056495.267621048,20000000.0,5.000000000000001,5.000000000000001,1611299.0535242092,62.07176151991001,1611299.0535242092,62.07176151991001,52.120250427290145,52.12179935340517,,,,,,0.8372346636749951,-0.7715279904915819,16744693.273499902,20000000.0,5.000000000000001,5.000000000000001,3348938.65469998,65.24907192278805,3348938.65469998,65.24907192278805,24.149470098206585,24.146807140039858,0.9994754405366862,1.7294146210696641,0.1168002685843905,0.11729181702036721,0.03437183087295487,0.99566132624493,-0.018883615315816685,19913226.5248986,20000000.0,5.000000000000001,5.000000000000001,3982645.304979719,66.00171629796381,3982645.304979719,66.00171629796381,3.7787153869117938,3.786800001330799,0.09765659544625248,0.16470523977649054,0.0279400685065468,0.032322194080143786,0.00806923125783293
119,3,5.95,29,0.40408066765841916,-3.9353192691471377,8081613.353168383,20000000.0,5.000000000000001,5.000000000000001,1616322.6706336765,62.08528064413248,1616322.6706336765,62.08528064413248,52.03956551660123,52.03835811457922,,,,,,0.8365133994629359,-0.7752709801753916,16730267.989258718,20000000.0,5.000000000000001,5.000000000000001,3346053.597851743,65.24532893310423,3346053.597851743,65.24532893310423,24.21573578948543,24.215972763192887,1.0019391620691604,1.7281989613516644,0.11625238654978494,0.11674381057907916,0.03391613653204083,0.9956744187221002,-0.018826508013806878,19913488.374442004,20000000.0,5.000000000000001,5.000000000000001,3982697.6748884,66.00177340526582,3982697.6748884,66.00177340526582,3.772920462315992,3.7802572675843593,0.09679620579419755,0.1638414810025844,0.027740021176721374,0.03239220008671859,0.007995711269142326
120,4,6.0,0,0.4056791976430174,-3.9181726141195474,8113583.952860348,20000000.0,5.000000000000001,5.000000000000001,1622716.7905720694,62.10242729916008,1622716.7905720694,62.10242729916008,51.94496771493832,51.94108339426829,,,,,,0.8391512550923453,-0.7615975152953454,16783025.101846907,20000000.0,5.000000000000001,5.000000000000001,3356605.0203693807,65.25900239798428,3356605.0203693807,65.25900239798428,23.995374477612717,23.997708067098788,0.9912872668567083,1.72561152541304,0.11563885089509054,0.11620818780987419,0.03346138053966717,0.9956672865139108,-0.01885761747786621,19913345.730278216,20000000.0,5.000000000000001,5.000000000000001,3982669.1460556425,66.00174229580175,3982669.1460556425,66.00174229580175,3.776084264728424,3.7837491342001583,0.09680084766832517,0.16323584355446158,0.027559065328678016,0.032459189459924986,0.007923511702699327
121,4,6.050000000000001,1,0.4070302199240911,-3.903733454208334,8140604.398481822,20000000.0,5.000000000000001,5.000000000000001,1628120.879696364,62.11686645907129,1628120.879696364,62.11686645907129,51.869206738559114,51.86541074543061,,,,,,0.8362061146444308,-0.7768666105416915,16724122.292888617,20000000.0,5.000000000000001,5.000000000000001,3344824.458577723,65.24373330273792,3344824.458577723,65.24373330273792,24.24174729750993,24.24199866067635,1.0019877131125583,1.7289604476749,0.11503522176444417,0.11559364797311858,0.032991652807497315,0.9956892050375102,-0.018762013361863093,19913784.100750204,20000000.0,5.000000000000001,5.000000000000001,3982756.82015004,66.00183789991776,3982756.82015004,66.00183789991776,3.7665097413565554,3.774191284115678,0.09661871880221717,0.16285444564395393,0.027367884110413652,0.032518496981743056,0.00784801412073596
122,4,6.1000000000000005,2,0.4084461404155615,-3.8886520342157445,8168922.80831123,20000000.0,5.000000000000001,5.000000000000001,1633784.5616622455,62.13194787906388,1633784.5616622455,62.13194787906388,51.790153382361666,51.786754043056405,,,,,,0.835194209113921,-0.782125255470193,16703884.182278419,20000000.0,5.000000000000001,5.000000000000001,3340776.836455683,65.23847465780943,3340776.836455683,65.23847465780943,24.307138357969176,24.30785387185252,1.0061141982977815,1.7276139962388988,0.11461830516452975,0.11509056129951678,0.032586395340129824,0.9957076227903139,-0.018681680519105334,19914152.455806278,20000000.0,5.000000000000001,5.000000000000001,3982830.4911612547,66.00191823276052,3982830.4911612547,66.00191823276052,3.758505239735552,3.76584607208761,0.09580739677527851,0.16196575865534474,0.027183481013434325,0.032573301581848305,0.007770969997932919
123,4,6.15,3,0.40959669505538343,-3.8764355624365288,8191933.901107669,20000000.0,5.000000000000001,5.000000000000001,1638386.7802215335,62.1441643508431,1638386.7802215335,62.1441643508431,51.7178296067644,51.722975708259675,,,,,,0.837127429778752,-0.7720842750569951,16742548.59557504,20000000.0,5.000000000000001,5.000000000000001,3348509.7191150077,65.24851563822263,3348509.7191150077,65.24851563822263,24.15670031843218,24.16128926664239,1.0001245694461167,1.7277654522956798,0.1141247713573424,0.11462480540818043,0.03218654353414167,0.9957217526502272,-0.018620051216392316,19914435.053004544,20000000.0,5.000000000000001,5.000000000000001,3982887.010600908,66.00197986206324,3982887.010600908,66.00197986206324,3.7522183545927965,3.7595572138116298,0.09564501102120873,0.16140161852315635,0.0270107375394902,0.03262888960745702,0.007696057375345293
124,4,6.2,4,0.4096832072474225,-3.8755183724101663,8193664.144948451,20000000.0,5.000000000000001,5.000000000000001,1638732.82898969,62.145081540869455,1638732.82898969,62.145081540869455,51.71195797783746,51.712209726716445,,,,,,0.8371824841563303,-0.7717986670916295,16743649.683126608,20000000.0,5.000000000000001,5.000000000000001,3348729.936625321,65.248801246188,3348729.936625321,65.248801246188,24.15648941156966,24.15546408077766,0.9990905818102174,1.7283323900923189,0.11363779581340541,0.11418291874568198,0.03180043345913426,0.9957350599160153,-0.018562010569318277,19914701.198320307,20000000.0,5.000000000000001,5.000000000000001,3982940.2396640605,66.0020379027103,3982940.2396640605,66.0020379027103,3.7463588938607453,3.7533159444593154,0.09510934466657125,0.16090414811507645,0.026839479141603544,0.03268619460027851,0.00762332082440083
125,4,6.25,5,0.4085360601836008,-3.8876960364179336,8170721.203672016,20000000.0,5.000000000000001,5.000000000000001,1634144.240734403,62.13290387686169,1634144.240734403,62.13290387686169,51.78459587130921,51.78149267346741,,,,,,0.8374057589173868,-0.7706405675092308,16748115.178347737,20000000.0,5.000000000000001,5.000000000000001,3349623.0356695466,65.24995934577039,3349623.0356695466,65.24995934577039,24.14056438970029,24.13932519181271,0.999859395488769,1.7325598860061124,0.11320387482954368,0.1137122094556077,0.03141874096160197,0.9957531300214786,-0.018483197678235287,19915062.600429572,20000000.0,5.000000000000001,5.000000000000001,3983012.5200859136,66.00211671560139,3983012.5200859136,66.00211671560139,3.738419980867538,3.7454986258586587,0.09502301630861638,0.16049000466651048,0.026679673619971263,0.03274337179929679,0.007551290675746054
126,4,6.300000000000001,6,0.4070822855418271,-3.9031779582453394,8141645.710836543,20000000.0,5.000000000000001,5.000000000000001,1628329.1421673084,62.11742195503429,1628329.1421673084,62.11742195503429,51.8739742232586,51.874073964760235,,,,,,0.8359894749919486,-0.7779919024243389,16719789.499838972,20000000.0,5.000000000000001,5.000000000000001,3343957.899967794,65.24260801085529,3343957.899967794,65.24260801085529,24.24840021451173,24.248605972548056,1.004285774858841,1.7318080415379709,0.11261533110361403,0.1132299722030149,0.03101801404211959,0.9957600444698756,-0.018453040641638933,19915200.889397513,20000000.0,5.000000000000001,5.000000000000001,3983040.177879502,66.00214687263798,3983040.177879502,66.00214687263798,3.735412004083649,3.7423679307648405,0.09481046427852702,0.15987843985478672,0.026542273102170326,0.03280557292693183,0.007483056394723646
127,4,6.3500000000000005,7,0.4055780777513889,-3.919255274639319,8111561.555027777,20000000.0,5.000000000000001,5.000000000000001,1622312.311005555,62.101344638640306,1622312.311005555,62.101344638640306,51.964073491106284,51.96903238868093,,,,,,0.8372241179713397,-0.7715826940286963,16744482.359426793,20000000.0,5.000000000000001,5.000000000000001,3348896.471885358,65.24901721925093,3348896.471885358,65.24901721925093,24.150055456802484,24.15158609051709,0.9989227354170517,1.7312166687553532,0.11238729175247897,0.11284130477257044,0.030697741113182936,0.9957770406428207,-0.018378913534703688,19915540.812856413,20000000.0,5.000000000000001,5.000000000000001,3983108.162571282,66.00222099974492,3983108.162571282,66.00222099974492,3.7277654026906184,3.7347570287591423,0.09428866268997144,0.15931820475871844,0.026412227553778374,0.0328671504948048,0.007416630725414252
128,4,6.4,8,0.404346598874666,-3.932462055672812,8086931.977493321,20000000.0,5.000000000000001,5.000000000000001,1617386.395498664,62.08813785760682,1617386.395498664,62.08813785760682,52.034906440022425,52.027915782549925,,,,,,0.8362036834202364,-0.7768792374379596,16724073.668404728,20000000.0,5.000000000000001,5.000000000000001,3344814.733680945,65.24372067584166,3344814.733680945,65.24372067584166,24.232693930824176,24.23659134273581,1.0034978059413056,1.7360000414256906,0.1118390792137898,0.11235902275388629,0.030313391962342034,0.995767132164197,-0.018422128218556762,19915342.64328394,20000000.0,5.000000000000001,5.000000000000001,3983068.5286567872,66.00217778506106,3983068.5286567872,66.00217778506106,3.7322656504414575,3.7384842159910185,0.09425818133307248,0.15874707396299254,0.026276756335156897,0.03292071608231535,0.007346625534527511
129,4,6.45,9,0.4040347838938315,-3.9358124428824626,8080695.677876631,20000000.0,5.000000000000001,5.000000000000001,1616139.135575326,62.08478747039716,1616139.135575326,62.08478747039716,52.05142529264187,52.0455077641585,,,,,,0.8362641677373062,-0.7765651147462937,16725283.354746124,20000000.0,5.000000000000001,5.000000000000001,3345056.6709492244,65.24403479853332,3345056.6709492244,65.24403479853332,24.224216905793284,24.223442958930818,1.0011961338905784,1.7231570343307516,0.11132596072770622,0.11192412226139994,0.02995161855865745,0.9957811410351606,-0.01836103027341373,19915622.820703212,20000000.0,5.000000000000001,5.000000000000001,3983124.5641406416,66.00223888300621,3983124.5641406416,66.00223888300621,3.7260957842786566,3.732636383693998,0.09370041876191117,0.15810821521453375,0.02612630234196515,0.03297173392220285,0.00727487084351561
130,4,6.5,10,0.40432064511848753,-3.9327408248001774,8086412.902369751,20000000.0,5.000000000000001,5.000000000000001,1617282.58047395,62.08785908847944,1617282.58047395,62.08785908847944,52.03237379700555,52.03219491882963,,,,,,0.8349217043579675,-0.7835424901890358,16698434.08715935,20000000.0,5.000000000000001,5.000000000000001,3339686.8174318695,65.23705742309059,3339686.8174318695,65.23705742309059,24.342943052621415,24.345804140955693,1.0076975794427618,1.7341027362908257,0.11090814263582986,0.11145605796045976,0.02959815662480526,0.9958044906778584,-0.018259195626516775,19916089.813557167,20000000.0,5.000000000000001,5.000000000000001,3983217.9627114325,66.00234071765311,3983217.9627114325,66.00234071765311,3.7157140833941127,3.722172692033811,0.09338006116411032,0.15762029736547972,0.02597832932881832,0.03302127074884216,0.007203005927984747
131,4,6.550000000000001,11,0.4044960837521265,-3.930856787811888,8089921.67504253,20000000.0,5.000000000000001,5.000000000000001,1617984.3350085057,62.089743125467734,1617984.3350085057,62.089743125467734,52.02745923531554,52.0302397945952,,,,,,0.8361732054571982,-0.7770375320335936,16723464.109143963,20000000.0,5.000000000000001,5.000000000000001,3344692.821828792,65.24356238124602,3344692.821828792,65.24356238124602,24.237819472586988,24.238587093110972,1.0033874202407982,1.7341002221991508,0.11050011349581912,0.11095416749223264,0.029242025627976658,0.9958203105015779,-0.018190202087752193,19916406.210031558,20000000.0,5.000000000000001,5.000000000000001,3983281.2420063107,66.00240971119187,3983281.2420063107,66.00240971119187,3.7086776401997144,3.7148665549419553,0.09272978695359993,0.15673697425450103,0.025862791870217818,0.03307585138960243,0.007136534270059764
132,4,6.6000000000000005,12,0.404716471786613,-3.928491196498052,8094329.43573226,20000000.0,5.000000000000001,5.000000000000001,1618865.8871464517,62.09210871678157,1618865.8871464517,62.09210871678157,52.02012463452255,52.01579047349653,,,,,,0.8374288129257905,-0.7705210067023971,16748576.25851581,20000000.0,5.000000000000001,5.000000000000001,3349715.2517031617,65.25007890657722,3349715.2517031617,65.25007890657722,24.137374270382107,24.139641303204243,0.9989572589664937,1.7277801684395662,0.11027687755462319,0.11056973584288998,0.028945515080599143,0.9958289567833779,-0.018152494319256876,19916579.13566756,20000000.0,5.000000000000001,5.000000000000001,3983315.827133511,66.00244741896037,3983315.827133511,66.00244741896037,3.7048771374501728,3.711276011661249,0.092469927815485,0.1563031588816623,0.025758390913709926,0.03313597573303346,0.007073806542558285
133,4,6.65,13,0.40531946323133794,-3.922025411608041,8106389.264626759,20000000.0,5.000000000000001,5.000000000000001,1621277.8529253516,62.09857450167158,1621277.8529253516,62.09857450167158,51.979976091976276,51.97661560071907,,,,,,0.8357344386453641,-0.7793170121265114,16714688.772907283,20000000.0,5.000000000000001,5.000000000000001,3342937.754581456,65.24128290115311,3342937.754581456,65.24128290115311,24.273728300216572,24.27422021580451,1.0038686456219428,1.7338401712194944,0.10997989075018517,0.11014680120098078,0.02863349275861917,0.9958416826598622,-0.01809699540467611,19916833.653197244,20000000.0,5.000000000000001,5.000000000000001,3983366.730639448,66.00250291787495,3983366.730639448,66.00250291787495,3.6990415443211964,3.7051849328709414,0.09219545432881662,0.15583473680256155,0.02566210713076759,0.0331900590922696,0.007010330634389728
134,4,6.7,14,0.4051033854353561,-3.9243412741687966,8102067.708707122,20000000.0,5.000000000000001,5.000000000000001,1620413.5417414242,62.09625863911083,1620413.5417414242,62.09625863911083,51.99324574075231,51.99047426180791,,,,,,0.8361715525701402,-0.777046116863068,16723431.051402804,20000000.0,5.000000000000001,5.000000000000001,3344686.21028056,65.24355379641656,3344686.21028056,65.24355379641656,24.234987444622117,24.233427078332006,1.0021579801543048,1.735193403018774,0.10951410193485027,0.10968653183219035,0.028293337972078808,0.9958354897349991,-0.018124003326764532,19916709.79469998,20000000.0,5.000000000000001,5.000000000000001,3983341.9589399956,66.00247590995286,3983341.9589399956,66.00247590995286,3.7017939282816195,3.70768004775642,0.09216762239089007,0.15531037120801255,0.025559011397633086,0.033235864955931796,0.006944998586882049
135,4,6.75,15,0.404974125440351,-3.9257272379138537,8099482.50880702,20000000.0,5.000000000000001,5.000000000000001,1619896.5017614039,62.09487267536577,1619896.5017614039,62.09487267536577,51.990795041251545,51.98624798893801,,,,,,0.8379728428678663,-0.7677005581332942,16759456.857357327,20000000.0,5.000000000000001,5.000000000000001,3351891.3714714646,65.25289935514633,3351891.3714714646,65.25289935514633,24.08461980910652,24.085173338221075,0.9963769812656782,1.7315447166724656,0.10909537202234385,0.10930790356158941,0.027984577552658853,0.9958431331837975,-0.01809066955898047,19916862.66367595,20000000.0,5.000000000000001,5.000000000000001,3983372.532735189,66.00250924372064,3983372.532735189,66.00250924372064,3.698498541558986,3.7043667213689204,0.09175644900332214,0.1549085817350505,0.025452056975116176,0.03328617047657312,0.006882377050701036
136,4,6.800000000000001,16,0.4038048291519087,-3.9382849157988478,8076096.583038174,20000000.0,5.000000000000001,5.000000000000001,1615219.3166076345,62.08231499748077,1615219.3166076345,62.08231499748077,52.062626611906026,52.05800622231268,,,,,,0.8382340310375126,-0.7663471144325229,16764680.620750252,20000000.0,5.000000000000001,5.000000000000001,3352936.12415005,65.2542527988471,3352936.12415005,65.2542527988471,24.078081386262205,24.076509566851033,0.9956371701161201,1.7324073684538241,0.10863548717316589,0.10882671598086598,0.02764867664617663,0.9958738680789597,-0.01795663449914578,19917477.361579195,20000000.0,5.000000000000001,5.000000000000001,3983495.472315838,66.00264327878048,3983495.472315838,66.00264327878048,3.6847232140564246,3.690524943369849,0.09125765183510656,0.15439836814679425,0.025321246910179535,0.03332300043510908,0.00681505308224038
137,4,6.8500000000000005,17,0.40276643931992634,-3.949467243780797,8055328.786398527,20000000.0,5.000000000000001,5.000000000000001,1611065.7572797053,62.07113266949882,1611065.7572797053,62.07113266949882,52.123932672737794,52.123238070235104,,,,,,0.8378927020958626,-0.7681159219455975,16757854.041917253,20000000.0,5.000000000000001,5.000000000000001,3351570.80838345,65.25248399133402,3351570.80838345,65.25248399133402,24.094705763133266,24.094654696043833,0.9980065870506152,1.7287651452021275,0.10816134910389456,0.10835692661164804,0.02731795860730905,0.9958770589913717,-0.01794271914824603,19917541.179827433,20000000.0,5.000000000000001,5.000000000000001,3983508.2359654857,66.00265719413137,3983508.2359654857,66.00265719413137,3.6832833270783603,3.68919817196362,0.09117205302730907,0.15389845819898387,0.02518082972090317,0.03335359073599938,0.006744888699001005
138,4,6.9,18,0.4017129175402984,-3.960842028058637,8034258.350805968,20000000.0,5.000000000000001,5.000000000000001,1606851.6701611932,62.05975788522099,1606851.6701611932,62.05975788522099,52.19330281882124,52.196434419526966,,,,,,0.8356657512373745,-0.7796739650868314,16713315.02474749,20000000.0,5.000000000000001,5.000000000000001,3342663.0049494975,65.2409259481928,3342663.0049494975,65.2409259481928,24.277971013332635,24.27711659768488,1.0041682625126638,1.735830175215026,0.10787322579064454,0.10806000041417152,0.02705866258836783,0.9958792555597653,-0.0179331400895479,19917585.111195307,20000000.0,5.000000000000001,5.000000000000001,3983517.0222390606,66.00266677319007,3983517.0222390606,66.00266677319007,3.6823137387958296,3.688182031422663,0.09084370602537305,0.1533134264665794,0.025045808169251955,0.03339313478982488,0.0066784772798161255
139,4,6.95,19,0.40200744456360116,-3.9576590437086416,8040148.891272023,20000000.0,5.000000000000001,5.000000000000001,1608029.7782544044,62.06294086957098,1608029.7782544044,62.06294086957098,52.172552068831145,52.17222534532912,,,,,,0.8356407646697508,-0.7798038219184565,16712815.293395016,20000000.0,5.000000000000001,5.000000000000001,3342563.058679003,65.24079609136118,3342563.058679003,65.24079609136118,24.284513914178238,24.28637691427658,1.004711615380611,1.7350322837551044,0.10733950110105468,0.1076900850931087,0.026753526857135352,0.9958927698356803,-0.01787420588039081,19917855.396713607,20000000.0,5.000000000000001,5.000000000000001,3983571.0793427206,66.00272570739924,3983571.0793427206,66.00272570739924,3.6762847764935374,3.6821422967777466,0.09054453166391221,0.15277262223048402,0.024901666906443798,0.03343420102858591,0.006614104821667068
140,4,7.0,20,0.40381579158243536,-3.93816701581056,8076315.831648707,20000000.0,5.000000000000001,5.000000000000001,1615263.1663297412,62.08243289746906,1615263.1663297412,62.08243289746906,52.05070230729359,52.046951752712246,,,,,,0.8362861094031399,-0.7764511672670924,16725722.188062796,20000000.0,5.000000000000001,5.000000000000001,3345144.4376125587,65.24414874601253,3345144.4376125587,65.24414874601253,24.225103403370806,24.224736923792094,1.0025419790070724,1.7356373629808464,0.1069915868864589,0.10735784865946567,0.026484651565666838,0.9959101999307208,-0.017798196413488305,19918203.998614416,20000000.0,5.000000000000001,5.000000000000001,3983640.7997228825,66.00280171686613,3983640.7997228825,66.00280171686613,3.6683800540054166,3.6739589529929213,0.09003199082422744,0.152121244818573,0.024755737424660636,0.033475912979024074,0.006549499302094602
141,4,7.050000000000001,21,0.4050719712656698,-3.9246780654681697,8101439.425313396,20000000.0,5.000000000000001,5.000000000000001,1620287.885062679,62.095921847811454,1620287.885062679,62.095921847811454,51.97898300282043,51.971442060860454,,,,,,0.8359952634638655,-0.7779618315588059,16719905.26927731,20000000.0,5.000000000000001,5.000000000000001,3343981.0538554615,65.24263808172081,3343981.0538554615,65.24263808172081,24.25338131010456,24.251705594925912,1.0030884079552396,1.7313019157524832,0.10633575920110812,0.10691878651664691,0.02615530100553686,0.9959021054530276,-0.017833494789611166,19918042.109060552,20000000.0,5.000000000000001,5.000000000000001,3983608.4218121096,66.00276641849001,3983608.4218121096,66.00276641849001,3.6721002264189693,3.6776020842909722,0.09003907521823076,0.15176541526428175,0.02460968991940208,0.03351847985787582,0.006484795712018243
142,4,7.1000000000000005,22,0.4058906121917875,-3.91590993325367,8117812.24383575,20000000.0,5.000000000000001,5.000000000000001,1623562.4487671498,62.10468998002595,1623562.4487671498,62.10468998002595,51.94641606856072,51.94491185526241,,,,,,0.8368856307398902,-0.773338888793461,16737712.614797805,20000000.0,5.000000000000001,5.000000000000001,3347542.52295956,65.24726102448616,3347542.52295956,65.24726102448616,24.180963974641895,24.17984616948683,1.0004271187289118,1.7301700593908484,0.10580382498627343,0.10648968681339059,0.025847639811917338,0.995933915857613,-0.01769477771619815,19918678.31715226,20000000.0,5.000000000000001,5.000000000000001,3983735.6634304514,66.00290513556342,3983735.6634304514,66.00290513556342,3.6577906843605894,3.663353513924607,0.08951162752211139,0.15119307171453406,0.02444573574997721,0.03356254804500347,0.006420792604576543
143,4,7.15,23,0.4070210807547316,-3.903830968721704,8140421.615094632,20000000.0,5.000000000000001,5.000000000000001,1628084.3230189262,62.11676894455792,1628084.3230189262,62.11676894455792,51.88302155803886,51.88270543739168,,,,,,0.8377568950115325,-0.768819890932418,16755137.90023065,20000000.0,5.000000000000001,5.000000000000001,3351027.5800461294,65.2517800223472,3351027.5800461294,65.2517800223472,24.108427151028614,24.108362536074747,0.9975220399728911,1.7296220593232785,0.10556433612133889,0.10622891882412493,0.02562019512234383,0.9959385607696712,-0.017674522808321484,19918771.215393424,20000000.0,5.000000000000001,5.000000000000001,3983754.243078684,66.0029253904713,3983754.243078684,66.0029253904713,3.655725144328347,3.6611200775744415,0.08919447487570076,0.15081749614937423,0.024304439217724336,0.033612259225999155,0.006360870823768294
144,4,7.2,24,0.40749082085182564,-3.898821697419183,8149816.417036513,20000000.0,5.000000000000001,5.000000000000001,1629963.2834073023,62.121778215860445,1629963.2834073023,62.121778215860445,51.85834846616308,51.85508554025522,,,,,,0.836585959303881,-0.7748942860073511,16731719.18607762,20000000.0,5.000000000000001,5.000000000000001,3346343.8372155237,65.24570562727227,3346343.8372155237,65.24570562727227,24.203151514663546,24.203604351754713,1.0016810981451412,1.731821018119808,0.10530957269846315,0.10588842551009095,0.02537427689406114,0.9959403398512962,-0.017666764853434644,19918806.797025923,20000000.0,5.000000000000001,5.000000000000001,3983761.3594051837,66.00293314842618,3983761.3594051837,66.00293314842618,3.654835216759211,3.6599713515997534,0.08925150166645093,0.15048510018447597,0.024159875269235416,0.033663895142764196,0.0063024675859434595
145,4,7.25,25,0.4079137202994606,-3.8943168681300055,8158274.405989212,20000000.0,5.000000000000001,5.000000000000001,1631654.881197842,62.12628304514962,1631654.881197842,62.12628304514962,51.826912513744716,51.823649579608585,,,,,,0.8352841382317809,-0.7816576562373289,16705682.764635619,20000000.0,5.000000000000001,5.000000000000001,3341136.5529271234,65.2389422570423,3341136.5529271234,65.2389422570423,24.309322583209262,24.309244088897355,1.0044147460439463,1.7336440999791378,0.1050788610486568,0.10556239368231372,0.025137499609624712,0.9959517434967965,-0.017617037859127715,19919034.86993593,20000000.0,5.000000000000001,5.000000000000001,3983806.9739871854,66.00298287542049,3983806.9739871854,66.00298287542049,3.6497696451864714,3.6548263922141624,0.0887566322906365,0.14972885111490106,0.024029054298202547,0.03371230110355949,0.0062448375745811505
146,4,7.300000000000001,26,0.40777171940947576,-3.8958289756304354,8155434.388189515,20000000.0,5.000000000000001,5.000000000000001,1631086.8776379027,62.12477093764918,1631086.8776379027,62.12477093764918,51.823542009989126,51.82369134792914,,,,,,0.8358100088437235,-0.7789243247502892,16716200.17687447,20000000.0,5.000000000000001,5.000000000000001,3343240.0353748933,65.24167558852933,3343240.0353748933,65.24167558852933,24.269945413089264,24.267934597755747,1.0042296342204353,1.7285771494784352,0.10467633842874528,0.10518115218542283,0.024870228226337172,0.9959539216415092,-0.017607539856826997,19919078.432830185,20000000.0,5.000000000000001,5.000000000000001,3983815.686566036,66.0029923734228,3983815.686566036,66.0029923734228,3.6487664996072957,3.6540566689130456,0.08837236609982733,0.14931660731574892,0.023895119069306026,0.033759125865408496,0.006187859093707142
147,4,7.3500000000000005,27,0.4063106017607472,-3.9114184558862357,8126212.035214944,20000000.0,5.000000000000001,5.000000000000001,1625242.4070429886,62.10918145739338,1625242.4070429886,62.10918145739338,51.91079961721815,51.91453546905225,,,,,,0.8369146964271007,-0.7731880575698719,16738293.928542014,20000000.0,5.000000000000001,5.000000000000001,3347658.7857084023,65.24741185570976,3347658.7857084023,65.24741185570976,24.17467377316524,24.17291204495412,0.9996847453332185,1.732702524967778,0.10422989051622329,0.1048524008886262,0.024613307977218436,0.9959677652228917,-0.017547174120122355,19919355.304457832,20000000.0,5.000000000000001,5.000000000000001,3983871.060891566,66.0030527391595,3983871.060891566,66.0030527391595,3.6425321202403325,3.647912043420676,0.08825262006986492,0.14878899654247707,0.023766297306333815,0.033809441780915724,0.006132028942021672
148,4,7.4,28,0.4044689721896101,-3.9311478857255637,8089379.443792202,20000000.0,5.000000000000001,5.000000000000001,1617875.88875844,62.08945202755406,1617875.88875844,62.08945202755406,52.02337411644716,52.0365021071806,,,,,,0.8348760772388715,-0.7837798315757818,16697521.544777429,20000000.0,5.000000000000001,5.000000000000001,3339504.308955485,65.23682008170384,3339504.308955485,65.23682008170384,24.340546220392955,24.343249044702265,1.007028440831592,1.7370872802249333,0.10392931309185834,0.10451983047286657,0.024375708512643077,0.9959790643256102,-0.01749790435158842,19919581.286512204,20000000.0,5.000000000000001,5.000000000000001,3983916.25730244,66.00310200892804,3983916.25730244,66.00310200892804,3.6372817598869887,3.642287970900722,0.08783264233720817,0.148558417081233,0.023634480653708274,0.03386129616621615,0.006077253927061087
149,4,7.45,29,0.4029059968779699,-3.947962684973785,8058119.937559398,20000000.0,5.000000000000001,5.000000000000001,1611623.9875118793,62.07263722830584,1611623.9875118793,62.07263722830584,52.11698176782572,52.12336760852503,,,,,,0.8371876242879113,-0.7717720023683333,16743752.485758226,20000000.0,5.000000000000001,5.000000000000001,3348750.497151645,65.24882791091129,3348750.497151645,65.24882791091129,24.156403711589313,24.155674190755665,0.999646010240275,1.7283450125420068,0.10356155504929368,0.10408758930891804,0.024109557336351124,0.9959895317983527,-0.01745226140661012,19919790.635967053,20000000.0,5.000000000000001,5.000000000000001,3983958.12719341,66.00314765187301,3983958.12719341,66.00314765187301,3.6326410421173514,3.6378724174649877,0.08753724464379403,0.14783903664202094,0.023480207420775577,0.033905960062306145,0.0060200738210661395
150,5,7.5,0,0.40264864935401806,-3.9507375336797974,8052972.987080361,20000000.0,5.000000000000001,5.000000000000001,1610594.597416072,62.069862379599826,1610594.597416072,62.069862379599826,52.125515244855634,52.12112608867011,,,,,,0.836712337143984,-0.7742382738807335,16734246.74287968,20000000.0,5.000000000000001,5.000000000000001,3346849.3485759352,65.2463616393989,3346849.3485759352,65.2463616393989,24.192773054973912,24.192028824571643,1.0001809696868054,1.7271931750689347,0.10329044776790697,0.10370217024967907,0.023868641990744458,0.9959958873427255,-0.017424548574738186,19919917.74685451,20000000.0,5.000000000000001,5.000000000000001,3983983.549370901,66.00317536470489,3983983.549370901,66.00317536470489,3.6297719389598853,3.6351922292645575,0.08735067186880094,0.14744743766458565,0.023336233282099127,0.03395610872916048,0.00596610074755269
151,5,7.550000000000001,1,0.40356257792290795,-3.940891123932213,8071251.558458159,20000000.0,5.000000000000001,5.000000000000001,1614250.3116916316,62.079708789347414,1614250.3116916316,62.079708789347414,52.06431908089327,52.06180784803733,,,,,,0.8360707898110071,-0.7775694944766678,16721415.796220142,20000000.0,5.000000000000001,5.000000000000001,3344283.159244028,65.24303041880296,3344283.159244028,65.24303041880296,24.238957680400194,24.238232493490266,1.00260241684231,1.7307668405984238,0.10292767744641503,0.10331186477452041,0.023618638293107053,0.9959902790054692,-0.017449003261866075,19919805.580109384,20000000.0,5.000000000000001,5.000000000000001,3983961.116021876,66.00315091001777,3983961.116021876,66.00315091001777,3.6322785325203477,3.637866095213063,0.08720391538587019,0.14699883416571224,0.023204660938802597,0.03400799090703378,0.005915332041416465
152,5,7.6000000000000005,2,0.40412953142184305,-3.934794126978182,8082590.628436861,20000000.0,5.000000000000001,5.000000000000001,1616518.125687372,62.08580578630144,1616518.125687372,62.08580578630144,52.04072772907381,52.03265375613205,,,,,,0.8366629899479804,-0.7744944174318065,16733259.798959607,20000000.0,5.000000000000001,5.000000000000001,3346651.959791921,65.24610549584781,3346651.959791921,65.24610549584781,24.201321119875075,24.208415207319216,1.0010912952825342,1.7308819436007208,0.10261916756775247,0.10302995899661134,0.02340257078691218,0.996015490794592,-0.01733907043876389,19920309.81589184,20000000.0,5.000000000000001,5.000000000000001,3984061.9631783674,66.00326084284086,3984061.9631783674,66.00326084284086,3.6207974018667377,3.6263822685653815,0.08681238553296132,0.14665835613295541,0.023081896145792532,0.034067772057689454,0.005868081524570337
153,5,7.65,3,0.405334971945657,-3.9218592409498982,8106699.4389131395,20000000.0,5.000000000000001,5.000000000000001,1621339.8877826277,62.098740672329725,1621339.8877826277,62.098740672329725,51.97969020769104,51.97393288732341,,,,,,0.8355685526575221,-0.7801791343120918,16711371.053150441,20000000.0,5.000000000000001,5.000000000000001,3342274.2106300876,65.24042077896753,3342274.2106300876,65.24042077896753,24.28642872564951,24.28755135664516,1.0032396721195567,1.7349416310048038,0.10222388164868215,0.1026769528748902,0.023162800492428942,0.9960085333006187,-0.017369407434743203,19920170.666012373,20000000.0,5.000000000000001,5.000000000000001,3984034.1332024736,66.00323050584488,3984034.1332024736,66.00323050584488,3.6240597734635633,3.6295210097017745,0.08670672921225528,0.14598055526629042,0.02297381529692496,0.03412851599986613,0.005822603215328576
154,5,7.7,4,0.4069313770588669,-3.904788219231954,8138627.541177338,20000000.0,5.000000000000001,5.000000000000001,1627725.5082354674,62.11581169404767,1627725.5082354674,62.11581169404767,51.886820412740484,51.8865307039538,,,,,,0.8375083256481283,-0.7701086695969253,16750166.512962565,20000000.0,5.000000000000001,5.000000000000001,3350033.302592512,65.25049124368269,3350033.302592512,65.25049124368269,24.135043996340972,24.132423466684003,0.9984495874896387,1.731004719199137,0.1020427848080443,0.1024427324700981,0.022976876607544695,0.9960096709867384,-0.01736444672903394,19920193.41973477,20000000.0,5.000000000000001,5.000000000000001,3984038.683946953,66.00323546655059,3984038.683946953,66.00323546655059,3.6234259951195105,3.6287101663117958,0.08636121164090241,0.14573827433922837,0.022880384869399768,0.03419488859950709,0.005780930976650641
155,5,7.75,5,0.40811339083280523,-3.8921915511796774,8162267.816656105,20000000.0,5.000000000000001,5.000000000000001,1632453.5633312208,62.12840836209995,1632453.5633312208,62.12840836209995,51.8122797200297,51.81036963221446,,,,,,0.8363878755604236,-0.7759227142510873,16727757.51120847,20000000.0,5.000000000000001,5.000000000000001,3345551.5022416934,65.24467719902853,3345551.5022416934,65.24467719902853,24.21792299084374,24.218734040171647,1.0019229976884436,1.7343421529845977,0.10183401275048114,0.10210822757689116,0.02276747007057363,0.996036897527598,-0.017245731266812555,19920737.95055196,20000000.0,5.000000000000001,5.000000000000001,3984147.5901103914,66.00335418201281,3984147.5901103914,66.00335418201281,3.611052516683556,3.6165667449407373,0.08605417737921614,0.14515188813486546,0.022792106289584814,0.034259970775782134,0.0057408576443666575
156,5,7.800000000000001,6,0.40889313643055597,-3.8839017933403057,8177862.728611119,20000000.0,5.000000000000001,5.000000000000001,1635572.5457222236,62.13669811993932,1635572.5457222236,62.13669811993932,51.75059843485667,51.746914554632745,,,,,,0.83605617758342,-0.7776453979210032,16721123.5516684,20000000.0,5.000000000000001,5.000000000000001,3344224.7103336793,65.24295451535862,3344224.7103336793,65.24295451535862,24.242397530072694,24.242886603395252,1.0036094665200062,1.7319402867055724,0.10154731491261912,0.10178159138757362,0.022553533396616244,0.9960187834697776,-0.017324713349809256,19920375.66939555,20000000.0,5.000000000000001,5.000000000000001,3984075.1338791093,66.00327519992982,3984075.1338791093,66.00327519992982,3.619391055412085,3.62476032674651,0.0861668868338518,0.1450065254178512,0.02270678192737534,0.034328337441882587,0.005702911172232233
157,5,7.8500000000000005,7,0.407879187837991,-3.8946845412814186,8157583.75675982,20000000.0,5.000000000000001,5.000000000000001,1631516.7513519637,62.125915371998204,1631516.7513519637,62.125915371998204,51.8117130157227,51.80992747615503,,,,,,0.8373275244231216,-0.7710463253635297,16746550.488462433,20000000.0,5.000000000000001,5.000000000000001,3349310.097692486,65.2495535879161,3349310.097692486,65.2495535879161,24.143542726328455,24.142437139284738,0.9975781600154707,1.7271069825710412,0.1012192662319797,0.10153396267370976,0.022354846285404323,0.9960336781970395,-0.017259768294556978,19920673.56394079,20000000.0,5.000000000000001,5.000000000000001,3984134.712788157,66.00334014498506,3984134.712788157,66.00334014498506,3.612536754137924,3.6178009882498996,0.08569100789109856,0.14445773220315802,0.022639284710066057,0.03439880006695065,0.0056670430783551965
158,5,7.9,8,0.40547725030105014,-3.920335072872991,8109545.006021002,20000000.0,5.000000000000001,5.000000000000001,1621909.0012042,62.10026484040664,1621909.0012042,62.10026484040664,51.96276594347207,51.96635096091332,,,,,,0.8363019533986044,-0.7763688880740888,16726039.067972088,20000000.0,5.000000000000001,5.000000000000001,3345207.813594417,65.24423102520554,3345207.813594417,65.24423102520554,24.225448614998346,24.22562457131968,1.0016183921788737,1.7347047228737225,0.10097699489880223,0.10123253069361453,0.022156027163914717,0.9960423669800094,-0.01722188329004183,19920847.339600187,20000000.0,5.000000000000001,5.000000000000001,3984169.4679200365,66.00337802998958,3984169.4679200365,66.00337802998958,3.6085488780945267,3.6139652688814983,0.08560959677671946,0.14420815137518028,0.02258635295383756,0.03447129524022885,0.0056341965451189805
159,5,7.95,9,0.40230255886909,-3.9544720506435524,8046051.1773818005,20000000.0,5.000000000000001,5.000000000000001,1609210.2354763597,62.066127862636066,1609210.2354763597,62.066127862636066,52.16888135910766,52.170800289486294,,,,,,0.8367250335037407,-0.7741723740857434,16734500.670074815,20000000.0,5.000000000000001,5.000000000000001,3346900.1340149622,65.24642753919389,3346900.1340149622,65.24642753919389,24.192923402826203,24.190186200074514,1.0005247541568265,1.7299860300056504,0.10063837928045886,0.10086261327350084,0.021933893540634842,0.9960493035785902,-0.017191638432022673,19920986.071571805,20000000.0,5.000000000000001,5.000000000000001,3984197.21431436,66.0034082748476,3984197.21431436,66.0034082748476,3.6053817549255633,3.6109418960271698,0.08549780136580373,0.14389099042145553,0.02253089037465674,0.03453852919433238,0.005600054882071454
160,5,8.0,10,0.400608518994541,-3.9727981961313064,8012170.379890819,20000000.0,5.000000000000001,5.000000000000001,1602434.0759781636,62.04780171714832,1602434.0759781636,62.04780171714832,52.26580148130712,52.26456456912772,,,,,,0.8363227278216504,-0.7762610071203352,16726454.556433007,20000000.0,5.000000000000001,5.000000000000001,3345290.911286601,65.24433890615929,3345290.911286601,65.24433890615929,24.227040745667793,24.22542070646646,1.0017640000125534,1.7342469712909339,0.10056407778539471,0.1006265011310477,0.02177156341842108,0.9960550711253142,-0.017166491017578316,19921101.422506284,20000000.0,5.000000000000001,5.000000000000001,3984220.284501256,66.00343342226205,3984220.284501256,66.00343342226205,3.602695932961551,3.60831983192305,0.08522013672166327,0.14353577501937306,0.022489844884896564,0.03460627092493512,0.005566682594183561
161,5,8.05,11,0.4007992142054882,-3.9707313860427105,8015984.284109764,20000000.0,5.000000000000001,5.000000000000001,1603196.8568219524,62.04986852723692,1603196.8568219524,62.04986852723692,52.24345980068095,52.24359717749354,,,,,,0.8361780673625471,-0.7770122801777322,16723561.347250942,20000000.0,5.000000000000001,5.000000000000001,3344712.2694501877,65.24358763310188,3344712.2694501877,65.24358763310188,24.234871749286707,24.234664076505528,1.0025854222703532,1.7278993429949838,0.10033486363571291,0.10034771146487202,0.021585455550833722,0.9960699445263684,-0.017101641312320368,19921398.890527368,20000000.0,5.000000000000001,5.000000000000001,3984279.7781054727,66.0034982719673,3984279.7781054727,66.0034982719673,3.5959426959542546,3.6013578166062032,0.08477089628084253,0.1427831612107615,0.02245585510063782,0.034674910500708395,0.005534705822165214
162,5,8.1,12,0.40132641182095286,-3.9650225783246102,8026528.2364190575,20000000.0,5.000000000000001,5.000000000000001,1605305.6472838111,62.05557733495502,1605305.6472838111,62.05557733495502,52.21125544038872,52.208428393053666,,,,,,0.8358104151336386,-0.7789222136314529,16716208.302672774,20000000.0,5.000000000000001,5.000000000000001,3343241.660534554,65.24167769964816,3343241.660534554,65.24167769964816,24.276627911629028,24.276373061560705,1.0047171224181164,1.7379938835505455,0.09989089002309713,0.09997388031801369,0.021357854129526205,0.9960585334875275,-0.017151394641547427,19921170.66975055,20000000.0,5.000000000000001,5.000000000000001,3984234.133950109,66.00344851863808,3984234.133950109,66.00344851863808,3.601126085193132,3.606096288826799,0.08462867285357936,0.14258898050614804,0.022405139404717035,0.03474027518958931,0.005501621956278557
163,5,8.15,13,0.4036339918949142,-3.9401226693769353,8072679.837898284,20000000.0,5.000000000000001,5.000000000000001,1614535.9675796565,62.080477243902685,1614535.9675796565,62.080477243902685,52.06310368252467,52.06091677809369,,,,,,0.8369987506222342,-0.7727519027230091,16739975.012444684,20000000.0,5.000000000000001,5.000000000000001,3347995.0024889363,65.24784801055661,3347995.0024889363,65.24784801055661,24.167713470179557,24.16646037732527,0.9992704925806868,1.73159780900856,0.0996634154272748,0.09961390951005439,0.02115892175229258,0.9960767013151709,-0.017072181271329583,19921534.026303418,20000000.0,5.000000000000001,5.000000000000001,3984306.805260683,66.0035277320083,3984306.805260683,66.0035277320083,3.5927484745037246,3.5980453653919886,0.08439461571320607,0.14214301805069965,0.022353667084579552,0.03479889788322473,0.005466808090698541
164,5,8.200000000000001,14,0.4056125635368079,-3.9188860152924203,8112251.270736158,20000000.0,5.000000000000001,5.000000000000001,1622450.2541472313,62.1017138979872,1622450.2541472313,62.1017138979872,51.951088846485945,51.95684827243099,,,,,,0.8379366603582648,-0.7678880845389093,16758733.207165295,20000000.0,5.000000000000001,5.000000000000001,3351746.6414330583,65.25271182874071,3351746.6414330583,65.25271182874071,24.096565363477243,24.09686043638164,0.9968055257891401,1.7273547086909076,0.09942338125482725,0.09931067102199445,0.02097231167644987,0.9960755020301001,-0.017077410218069758,19921510.040602002,20000000.0,5.000000000000001,5.000000000000001,3984302.0081204,66.00352250306156,3984302.0081204,66.00352250306156,3.5933691368467975,3.598632837453613,0.08404083070906032,0.1415451760961352,0.022296947351139892,0.03485429941406741,0.00543102933141041
165,5,8.25,15,0.4071250174392741,-3.9027220982398703,8142500.348785482,20000000.0,5.000000000000001,5.000000000000001,1628500.0697570962,62.117877815039755,1628500.0697570962,62.117877815039755,51.87397069962691,51.877440466627036,,,,,,0.8349044338320131,-0.78363232581863,16698088.676640261,20000000.0,5.000000000000001,5.000000000000001,3339617.7353280517,65.236967587461,3339617.7353280517,65.236967587461,24.338595814205075,24.339636247134326,1.0070353139663302,1.7367213795069496,0.09907648865038995,0.09896800713789905,0.02076835993933134,0.9960834728191318,-0.017042657271777794,19921669.456382636,20000000.0,5.000000000000001,5.000000000000001,3984333.8912765263,66.00355725600784,3984333.8912765263,66.00355725600784,3.5896841861230486,3.594757679335931,0.08400846664453329,0.14146663403506504,0.02223760781226121,0.034904017019532226,0.005393392299377726
166,5,8.3,16,0.4086145193799251,-3.8868620555831863,8172290.3875985015,20000000.0,5.000000000000001,5.000000000000001,1634458.0775197,62.13373785769644,1634458.0775197,62.13373785769644,51.789932724601215,51.79433348998172,,,,,,0.8363195206535436,-0.7762776616728861,16726390.413070872,20000000.0,5.000000000000001,5.000000000000001,3345278.082614174,65.24432225160675,3345278.082614174,65.24432225160675,24.220929973841283,24.224317280186817,1.0022082751007202,1.733388328594058,0.09881998361080538,0.09862786572041522,0.020576392945325192,0.9960867044486194,-0.017028567322334504,19921734.088972386,20000000.0,5.000000000000001,5.000000000000001,3984346.8177944766,66.00357134595728,3984346.8177944766,66.00357134595728,3.588261686418085,3.5929318933015018,0.08404311382703131,0.14125414159346855,0.0221849458656069,0.034950467763401036,0.00535546970785362
167,5,8.35,17,0.40979530854760393,-3.874330178322139,8195906.170952079,20000000.0,5.000000000000001,5.000000000000001,1639181.2341904156,62.146269734957485,1639181.2341904156,62.146269734957485,51.71488313586341,51.71302799307605,,,,,,0.8354820976410571,-0.7806285155036241,16709641.952821141,20000000.0,5.000000000000001,5.000000000000001,3341928.3905642275,65.239971397776,3341928.3905642275,65.239971397776,24.293649366917787,24.2907223909293,1.003706783378806,1.7369975571848602,0.09850380633600875,0.0982746748998669,0.020377466098982184,0.9960856715293667,-0.01703307085964987,19921713.430587333,20000000.0,5.000000000000001,5.000000000000001,3984342.6861174656,66.00356684241997,3984342.6861174656,66.00356684241997,3.588772486409199,3.5935887201565335,0.08385066761031566,0.14064334564563902,0.02213075393730974,0.03499831299115148,0.005318110499532982
168,5,8.4,18,0.4110226735690084,-3.8613422013293004,8220453.471380169,20000000.0,5.000000000000001,5.000000000000001,1644090.6942760334,62.159257711950325,1644090.6942760334,62.159257711950325,51.62327404850593,51.62480765836646,,,,,,0.8359532988965596,-0.7781798404190132,16719065.977931192,20000000.0,5.000000000000001,5.000000000000001,3343813.195586238,65.24242007286061,3343813.195586238,65.24242007286061,24.259156040889003,24.260862167498864,1.003976085382631,1.7354702134030688,0.09801409216677832,0.09791266338716773,0.020160974463606537,0.9961082633469754,-0.016934571395794358,19922165.26693951,20000000.0,5.000000000000001,5.000000000000001,3984433.0533879013,66.00366534188383,3984433.0533879013,66.00366534188383,3.5783451037731266,3.58309065227463,0.08331596672006862,0.14015224731913983,0.022065537474340292,0.03504668571870005,0.005280496820890739
169,5,8.450000000000001,19,0.40983609359041406,-3.873897966500946,8196721.871808281,20000000.0,5.000000000000001,5.000000000000001,1639344.374361656,62.14670194677868,1639344.374361656,62.14670194677868,51.697140626307565,51.70060462525568,,,,,,0.8366030749752106,-0.7748054348200618,16732061.499504212,20000000.0,5.000000000000001,5.000000000000001,3346412.299900842,65.24579447845956,3346412.299900842,65.24579447845956,24.20575825934082,24.202959983092434,1.0004445162820255,1.7322029496700562,0.09786951806141904,0.09757781555176046,0.019987721372096097,0.996113175601032,-0.016913154450983393,19922263.51202064,20000000.0,5.000000000000001,5.000000000000001,3984452.7024041275,66.00368675882864,3984452.7024041275,66.00368675882864,3.5761108681004408,3.5811606455418312,0.08315183688004121,0.13979064838203492,0.02200175642506317,0.035091412470066786,0.0052427061141725175
170,5,8.5,20,0.40772591345208425,-3.8963168562508743,8154518.269041685,20000000.0,5.000000000000001,5.000000000000001,1630903.6538083367,62.12428305702875,1630903.6538083367,62.12428305702875,51.83573872695943,51.8457848719619,,,,,,0.8357769369521263,-0.7790961727066849,16715538.739042526,20000000.0,5.000000000000001,5.000000000000001,3343107.747808505,65.24150374057294,3343107.747808505,65.24150374057294,24.265402106242504,24.264587752628355,1.004594242567632,1.7326928019337764,0.09746948285604415,0.09725031455544958,0.019791524964729294,0.9961074028252069,-0.01693832319698704,19922148.056504138,20000000.0,5.000000000000001,5.000000000000001,3984429.611300827,66.00366159008263,3984429.611300827,66.00366159008263,3.578729142924434,3.583464612874078,0.08312103514071187,0.13972651516590726,0.02193062861896921,0.035137188542735724,0.005205383826579054
171,5,8.55,21,0.4063289870705488,-3.9112219446971173,8126579.741410976,20000000.0,5.000000000000001,5.000000000000001,1625315.948282195,62.10937796858251,1625315.948282195,62.10937796858251,51.92051159317149,51.92744272743958,,,,,,0.835027538794623,-0.7829920146331492,16700550.77589246,20000000.0,5.000000000000001,5.000000000000001,3340110.1551784915,65.23760789864647,3340110.1551784915,65.23760789864647,24.328311223982244,24.329663478724097,1.006218354095169,1.7331785140062923,0.09723804093748734,0.09691178399570458,0.019612242420012204,0.9961151255445896,-0.016904652918035473,19922302.51089179,20000000.0,5.000000000000001,5.000000000000001,3984460.5021783574,66.00369526036158,3984460.5021783574,66.00369526036158,3.5752468297572477,3.5798125006422934,0.0828519508107855,0.1392465116764181,0.021848573771753855,0.035181426424815414,0.005167574897607021
172,5,8.6,22,0.40606866948557396,-3.914005175142305,8121373.389711479,20000000.0,5.000000000000001,5.000000000000001,1624274.6779422956,62.10659473813732,1624274.6779422956,62.10659473813732,51.92832902074817,51.936648000119284,,,,,,0.83777639349719,-0.7687188116547339,16755527.869943801,20000000.0,5.000000000000001,5.000000000000001,3351105.57398876,65.25188110162489,3351105.57398876,65.25188110162489,24.109829492508954,24.110719420191728,0.9965707624919216,1.7261499673656477,0.09683139839734867,0.09659339368095289,0.01942095285846724,0.9961195748571933,-0.016885254481579615,19922391.497143865,20000000.0,5.000000000000001,5.000000000000001,3984478.299428772,66.00371465879805,3984478.299428772,66.00371465879805,3.5730927973979645,3.5778866365461126,0.08277096637716672,0.13902827172912338,0.02176273814903602,0.0352261987690489,0.005130037813391398
173,5,8.65,23,0.40624239509151294,-3.91214755984036,8124847.901830259,20000000.0,5.000000000000001,5.000000000000001,1624969.5803660515,62.10845235343926,1624969.5803660515,62.10845235343926,51.91169430029007,51.910075815801726,,,,,,0.8379204626896797,-0.7679720363029312,16758409.253793593,20000000.0,5.000000000000001,5.000000000000001,3351681.8507587183,65.25262787697669,3351681.8507587183,65.25262787697669,24.0959302771621,24.096744861999767,0.997258242360551,1.728948517453826,0.09648074791948243,0.09626581610134496,0.01923537592426042,0.9961446432472681,-0.016775961111941618,19922892.864945363,20000000.0,5.000000000000001,5.000000000000001,3984578.5729890717,66.00382395216768,3984578.5729890717,66.00382395216768,3.5615709542619705,3.5663900659287293,0.08224569884888497,0.13844433693343997,0.021666479627032317,0.035268085387687234,0.005091600423490747
174,5,8.700000000000001,24,0.4071778251500888,-3.90215881646701,8143556.5030017765,20000000.0,5.000000000000001,5.000000000000001,1628711.300600355,62.11844109681262,1628711.300600355,62.11844109681262,51.85442667363539,51.85206907866673,,,,,,0.8356156665622625,-0.7799342623390347,16712313.33124525,20000000.0,5.000000000000001,5.000000000000001,3342462.6662490494,65.24066565094058,3342462.6662490494,65.24066565094058,24.28203536036903,24.283408176837305,1.0048386179716249,1.731496280441656,0.096362049755252,0.0961216791875403,0.019111773158979654,0.9961425347133387,-0.01678515380926557,19922850.694266774,20000000.0,5.000000000000001,5.000000000000001,3984570.138853354,66.00381475947036,3984570.138853354,66.00381475947036,3.562605223239951,3.5673400376826523,0.08201859573195859,0.13801874891409183,0.02157801898743228,0.0353156315843204,0.005054668713032498
175,5,8.75,25,0.40777829131062887,-3.895758982610536,8155565.8262125775,20000000.0,5.000000000000001,5.000000000000001,1631113.1652425153,62.12484093066909,1631113.1652425153,62.12484093066909,51.82514760476916,51.82168384946981,,,,,,0.8349615365650469,-0.7833353031556439,16699230.731300939,20000000.0,5.000000000000001,5.000000000000001,3339846.146260187,65.23726461012399,3339846.146260187,65.23726461012399,24.337139694160808,24.33806208447941,1.0065768633158827,1.7370960117240124,0.09632240512559012,0.0958654815260975,0.01897488758395397,0.9961450952762002,-0.016773990377795277,19922901.905524004,20000000.0,5.000000000000001,5.000000000000001,3984580.3811048,66.00382592290183,3984580.3811048,66.00382592290183,3.561356731114207,3.566264640467702,0.08185059995588405,0.13768476599343635,0.021498810692215493,0.03536112611328971,0.005018394529595517
176,5,8.8,26,0.40890025753427045,-3.8838261591747294,8178005.150685409,20000000.0,5.000000000000001,5.000000000000001,1635601.0301370816,62.136773754104894,1635601.0301370816,62.136773754104894,51.75915784437602,51.758322808374245,,,,,,0.8365338156379636,-0.7751649863686838,16730676.31275927,20000000.0,5.000000000000001,5.000000000000001,3346135.2625518534,65.24543492691093,3346135.2625518534,65.24543492691093,24.210457571474645,24.207853709789003,1.0016589566490208,1.7316830824452576,0.09597270063540758,0.0955886016877838,0.018804636430406838,0.9961496294090815,-0.016754222731310515,19922992.58818163,20000000.0,5.000000000000001,5.000000000000001,3984598.517636325,66.0038456905483,3984598.517636325,66.0038456905483,3.5592359890046312,3.564268480865356,0.08191314493154342,0.13750056539202293,0.021430928291673895,0.03540753494235949,0.004983162652336974
177,5,8.85,27,0.40978614191809715,-3.8744273258749624,8195722.838361943,20000000.0,5.000000000000001,5.000000000000001,1639144.5676723884,62.14617258740466,1639144.5676723884,62.14617258740466,51.70472562446942,51.71150668192424,,,,,,0.8353899490894144,-0.7811075421006953,16707798.981788289,20000000.0,5.000000000000001,5.000000000000001,3341559.7963576573,65.23949237117893,3341559.7963576573,65.23949237117893,24.301345276279157,24.29834949734728,1.004913675700846,1.7329302963483968,0.09573128290683124,0.09530308756122687,0.01864503723834603,0.9961608047170546,-0.016705501663516923,19923216.09434109,20000000.0,5.000000000000001,5.000000000000001,3984643.2188682174,66.0038944116161,3984643.2188682174,66.0038944116161,3.554122972766303,3.5587161227326014,0.08132901579074484,0.1370848027696369,0.021365546558680726,0.03545553626315965,0.004948943873862064
178,5,8.9,28,0.40932999476345727,-3.879264300848414,8186599.895269145,20000000.0,5.000000000000001,5.000000000000001,1637319.9790538289,62.141335612431206,1637319.9790538289,62.141335612431206,51.73795411562617,51.74055540759324,,,,,,0.8356722355241641,-0.7796402664574205,16713444.710483283,20000000.0,5.000000000000001,5.000000000000001,3342688.942096656,65.2409596468222,3342688.942096656,65.2409596468222,24.278619896354503,24.27732863828598,1.0054174417803026,1.7347511771929878,0.09543630786192182,0.09505372016681607,0.01848870207232201,0.9961642218319977,-0.016690604152879353,19923284.436639953,20000000.0,5.000000000000001,5.000000000000001,3984656.88732799,66.00390930912674,3984656.88732799,66.00390930912674,3.552512984742863,3.557092546976789,0.08149944656670569,0.13683911283264288,0.02129495523772893,0.03550330131632135,0.004915076878691109
179,5,8.950000000000001,29,0.40829031513319836,-3.890309216545067,8165806.302663967,20000000.0,5.000000000000001,5.000000000000001,1633161.2605327931,62.13029069673456,1633161.2605327931,62.13029069673456,51.8018369862206,51.80356278986484,,,,,,0.8387917836874709,-0.7634583227997633,16775835.673749417,20000000.0,5.000000000000001,5.000000000000001,3355167.134749883,65.25714159047986,3355167.134749883,65.25714159047986,24.024764748669572,24.024787252481467,0.9946642874702206,1.727387772776514,0.09515510261665912,0.09488211886436458,0.018350418719195103,0.996176740629038,-0.01663602670276216,19923534.81258076,20000000.0,5.000000000000001,5.000000000000001,3984706.9625161514,66.00396388657687,3984706.9625161514,66.00396388657687,3.5466706961754957,3.551235536489865,0.08110242163657146,0.13633639167010586,0.021214237000396558,0.035550155008314106,0.00488111217617944
180,6,9.0,0,0.4064099265999255,-3.9103569291182874,8128198.53199851,20000000.0,5.000000000000001,5.000000000000001,1625639.7063997015,62.11024298416134,1625639.7063997015,62.11024298416134,51.91712169904448,51.919374370018375,,,,,,0.8381341990386517,-0.7668643812894824,16762683.980773035,20000000.0,5.000000000000001,5.000000000000001,3352536.7961546066,65.25373553199015,3352536.7961546066,65.25373553199015,24.079123724042446,24.0770984905192,0.995252999185554,1.7288618916759197,0.09492051574573736,0.094626003863948,0.01820160807787943,0.9961664980741483,-0.016680680505208,19923329.961482964,20000000.0,5.000000000000001,5.000000000000001,3984665.9922965923,66.00391923277441,3984665.9922965923,66.00391923277441,3.5513649578309705,3.555986579293844,0.0810631924701434,0.13617867405301215,0.021131571218020357,0.03559744258216373,0.004847915430119222
181,6,9.05,1,0.4042811996322649,-3.9331645427802258,8085623.992645298,20000000.0,5.000000000000001,5.000000000000001,1617124.7985290594,62.0874353704994,1617124.7985290594,62.0874353704994,52.047303831955766,52.04831382718642,,,,,,0.8373317551285483,-0.7710243821295382,16746635.102570966,20000000.0,5.000000000000001,5.000000000000001,3349327.0205141925,65.24957553115009,3349327.0205141925,65.24957553115009,24.14332949929845,24.14297674961744,0.9989072339732152,1.7346812680061205,0.09463935740901123,0.09443083392638166,0.018061582299486265,0.9961789804535899,-0.01662626194606737,19923579.6090718,20000000.0,5.000000000000001,5.000000000000001,3984715.921814359,66.00397365133355,3984715.921814359,66.00397365133355,3.545581157461357,3.550612143775635,0.08076226223077922,0.13582177016612604,0.021052435167746856,0.03564613287139231,0.0048151872608963
182,6,9.1,2,0.40305145405170606,-3.9463950774401653,8061029.081034121,20000000.0,5.000000000000001,5.000000000000001,1612205.816206824,62.07420483583946,1612205.816206824,62.07420483583946,52.10992854071289,52.11126586957624,,,,,,0.8351926159646216,-0.7821335397303317,16703852.319292432,20000000.0,5.000000000000001,5.000000000000001,3340770.4638584857,65.2384663735493,3340770.4638584857,65.2384663735493,24.318032280158047,24.316870876424407,1.0048362596992102,1.7307891866795835,0.09417714692190272,0.0941357819166013,0.017886651352299505,0.9961680089832542,-0.016674093463874905,19923360.179665085,20000000.0,5.000000000000001,5.000000000000001,3984672.0359330163,66.00392581981575,3984672.0359330163,66.00392581981575,3.550662072914804,3.5553948166927425,0.08048401076765155,0.13533523492472063,0.020966877201511715,0.0356933089473029,0.004782080208419715
183,6,9.15,3,0.40218428816533053,-3.9557489966762427,8043685.76330661,20000000.0,5.000000000000001,5.000000000000001,1608737.1526613217,62.064850916603376,1608737.1526613217,62.064850916603376,52.15642518534678,52.15935086539323,,,,,,0.8357898284576216,-0.7790291851377045,16715796.569152433,20000000.0,5.000000000000001,5.000000000000001,3343159.313830486,65.24157072814192,3343159.313830486,65.24157072814192,24.27006506416409,24.27072393700176,1.0033180628010716,1.73511108808564,0.09384516711694504,0.09380837348955195,0.017719698968859464,0.9961833485261637,-0.0166072189257513,19923666.970523275,20000000.0,5.000000000000001,5.000000000000001,3984733.3941046544,66.00399269435387,3984733.3941046544,66.00399269435387,3.543628451927227,3.5484400250901933,0.08044375942584145,0.13511921930378765,0.020879975922470963,0.03573856466288792,0.004749827713022805
184,6,9.200000000000001,4,0.40218249745886575,-3.9557683334750826,8043649.9491773145,20000000.0,5.000000000000001,5.000000000000001,1608729.9898354625,62.06483157980454,1608729.9898354625,62.06483157980454,52.15164302587,52.1489138559945,,,,,,0.8353260849884839,-0.781439565329941,16706521.69976968,20000000.0,5.000000000000001,5.000000000000001,3341304.3399539352,65.23916034794968,3341304.3399539352,65.23916034794968,24.309990040750627,24.30926993587393,1.0057452344759334,1.7327128472954012,0.09353859299383827,0.09352389467390093,0.017564700692309497,0.9961963167936567,-0.01655068304446163,19923926.335873134,20000000.0,5.000000000000001,5.000000000000001,3984785.2671746262,66.00404923023517,3984785.2671746262,66.00404923023517,3.537414711417719,3.5419887670672123,0.08011270962409829,0.13467824301334555,0.020795288641233336,0.035784676719277264,0.004718666010298606
185,6,9.25,5,0.402665534187338,-3.9505554186720238,8053310.683746761,20000000.0,5.000000000000001,5.000000000000001,1610662.1367493519,62.0700444946076,1610662.1367493519,62.0700444946076,52.12448809006728,52.12367403114585,,,,,,0.8369771425750313,-0.7728640220874943,16739542.851500627,20000000.0,5.000000000000001,5.000000000000001,3347908.5703001246,65.24773589119212,3347908.5703001246,65.24773589119212,24.174267522867915,24.171685460115537,1.0008759032469554,1.7283767604511913,0.09328492755245314,0.09322115790593014,0.01741283807304548,0.99620664993593,-0.01650563566453916,19924132.9987186,20000000.0,5.000000000000001,5.000000000000001,3984826.599743719,66.00409427761508,3984826.599743719,66.00409427761508,3.53275429468941,3.5377303417644383,0.08001143839344546,0.13438902215741183,0.02070929062431346,0.0358285602740558,0.0046870485822229895
186,6,9.3,6,0.4033972605833282,-3.942670553487957,8067945.2116665635,20000000.0,5.000000000000001,5.000000000000001,1613589.0423333123,62.07792935979167,1613589.0423333123,62.07792935979167,52.08987607390843,52.08839552168581,,,,,,0.8380292675619383,-0.7674081368632337,16760585.351238767,20000000.0,5.000000000000001,5.000000000000001,3352117.0702477526,65.25319177641639,3352117.0702477526,65.25319177641639,24.086062914686476,24.083943802756203,0.9966293095193169,1.7291741566017311,0.09302324058526605,0.09300717160875455,0.01727822052137192,0.9962087938897443,-0.016496289146834993,19924175.877794884,20000000.0,5.000000000000001,5.000000000000001,3984835.175558976,66.0041036241328,3984835.175558976,66.0041036241328,3.531652059352621,3.5362547721736535,0.07968410786287845,0.13410645989406902,0.020627861296568743,0.035875839790380094,0.004657230287044847
187,6,9.35,7,0.40472823328645885,-3.928364987642764,8094564.665729177,20000000.0,5.000000000000001,5.000000000000001,1618912.933145835,62.09223492563686,1618912.933145835,62.09223492563686,52.01733555514744,52.01550213358248,,,,,,0.8365452830221549,-0.7751054527616927,16730905.660443097,20000000.0,5.000000000000001,5.000000000000001,3346181.132088619,65.24549446051793,3346181.132088619,65.24549446051793,24.206465505798963,24.206972707967896,1.0023922540733796,1.728392359748052,0.09275072784218359,0.09275375518189925,0.017136506743431357,0.9962123826277459,-0.016480644170466664,19924247.652554918,20000000.0,5.000000000000001,5.000000000000001,3984849.530510983,66.00411926910915,3984849.530510983,66.00411926910915,3.530019939720167,3.534260960927098,0.07954180342776204,0.1336807609178911,0.020537026987193518,0.035922324099348604,0.004627798293170507
188,6,9.4,8,0.4064799736681884,-3.9096084623139795,8129599.473363767,20000000.0,5.000000000000001,5.000000000000001,1625919.8946727533,62.11099145096564,1625919.8946727533,62.11099145096564,51.91079041019729,51.91533655371037,,,,,,0.8365777984908457,-0.7749366512098319,16731555.969816914,20000000.0,5.000000000000001,5.000000000000001,3346311.1939633824,65.24566326206978,3346311.1939633824,65.24566326206978,24.20484209732015,24.20768422382629,1.0008176794602952,1.7322957246844772,0.09240388159416375,0.09250600630423961,0.016990325196400584,0.9962182145783134,-0.016455220108481838,19924364.291566268,20000000.0,5.000000000000001,5.000000000000001,3984872.8583132527,66.00414469317114,3984872.8583132527,66.00414469317114,3.527315004463484,3.5316796407486684,0.07960008996575002,0.13352395238722536,0.020441613682682512,0.03596736633140128,0.004598050525787147
189,6,9.450000000000001,9,0.4080017217421653,-3.8933800421025744,8160034.434843306,20000000.0,5.000000000000001,5.000000000000001,1632006.886968661,62.12721987117705,1632006.886968661,62.12721987117705,51.809694202210906,51.80983451820275,,,,,,0.8374003085872515,-0.7706688340452585,16748006.171745028,20000000.0,5.000000000000001,5.000000000000001,3349601.234349005,65.24993107923437,3349601.234349005,65.24993107923437,24.13862149057873,24.141900511948183,0.9995707879157896,1.7293620668383585,0.09203974150406173,0.09225401984956978,0.016843145463343562,0.9962208958876463,-0.016443531140508495,19924417.917752925,20000000.0,5.000000000000001,5.000000000000001,3984883.5835505845,66.00415638213912,3984883.5835505845,66.00415638213912,3.525966749679822,3.530301189596499,0.0793045703629886,0.1331641327768302,0.02034191467848973,0.03601320274281581,0.004569242107251251
190,6,9.5,10,0.4079604933233436,-3.893818917199399,8159209.866466872,20000000.0,5.000000000000001,5.000000000000001,1631841.9732933743,62.12678099608023,1631841.9732933743,62.12678099608023,51.814034562849294,51.81476508493714,,,,,,0.8350482519630393,-0.782884287609068,16700965.039260786,20000000.0,5.000000000000001,5.000000000000001,3340193.0078521566,65.23771562567055,3340193.0078521566,65.23771562567055,24.32489017250856,24.326477690763596,1.00640533988098,1.7371971132521729,0.09184728770079927,0.0919442619537804,0.016702575309365482,0.9962254050647047,-0.016423873790511568,19924508.101294093,20000000.0,5.000000000000001,5.000000000000001,3984901.620258818,66.00417603948911,3984901.620258818,66.00417603948911,3.5239129703003753,3.5282783443681964,0.07920162800259664,0.13298430700303476,0.020235101806142707,0.036055590689638366,0.004539578414593083
191,6,9.55,11,0.40698678241391567,-3.9041969499569613,8139735.648278314,20000000.0,5.000000000000001,5.000000000000001,1627947.1296556625,62.11640296332266,1627947.1296556625,62.11640296332266,51.87921099461622,51.88486811534883,,,,,,0.8355928820065074,-0.7800526821119129,16711857.640130147,20000000.0,5.000000000000001,5.000000000000001,3342371.528026029,65.24054723116771,3342371.528026029,65.24054723116771,24.28145128029985,24.283519861506726,1.0058878632677053,1.7361793043071707,0.09162492708500213,0.09169733466202877,0.01657173732241626,0.9962359365525674,-0.016377963067231778,19924718.73105135,20000000.0,5.000000000000001,5.000000000000001,3984943.7462102687,66.0042219502124,3984943.7462102687,66.0042219502124,3.5190641625365524,3.52303634330645,0.07898233111213607,0.13275966433864445,0.020141750584294675,0.036099088422678956,0.004511516505197677
192,6,9.600000000000001,12,0.40557757491581714,-3.9192606590242614,8111551.498316343,20000000.0,5.000000000000001,5.000000000000001,1622310.2996632683,62.101339254255365,1622310.2996632683,62.101339254255365,51.967068339190575,51.96723948488558,,,,,,0.835908466005194,-0.7784127625151012,16718169.32010388,20000000.0,5.000000000000001,5.000000000000001,3343633.8640207755,65.24218715076452,3343633.8640207755,65.24218715076452,24.257411046837976,24.26063040170058,1.0038800331508617,1.733794917782943,0.09144820985210045,0.09147681798495912,0.01645095748206088,0.9962353363696788,-0.016380579477517823,19924706.727393575,20000000.0,5.000000000000001,5.000000000000001,3984941.3454787144,66.0042193338021,3984941.3454787144,66.0042193338021,3.519278560647302,3.5234694615062048,0.07885825043287725,0.13261664973470794,0.02005803643511347,0.036146884004549004,0.004485002916958332
193,6,9.65,13,0.4050088788949506,-3.9253545576603632,8100177.577899012,20000000.0,5.000000000000001,5.000000000000001,1620035.515579802,62.09524535561926,1620035.515579802,62.09524535561926,51.98991160183042,51.98742366936917,,,,,,0.8367456150208995,-0.7740655489156744,16734912.30041799,20000000.0,5.000000000000001,5.000000000000001,3346982.4600835973,65.24653436436395,3346982.4600835973,65.24653436436395,24.185353274036675,24.18645474786484,1.0012984626711934,1.7333053606288522,0.0911397925598523,0.09123233861782169,0.01631515169777817,0.9962491685498428,-0.016320280493980443,19924983.370996855,20000000.0,5.000000000000001,5.000000000000001,3984996.67419937,66.00427963278564,3984996.67419937,66.00427963278564,3.5128101351365713,3.5170526656523906,0.0787311242645585,0.13218756537184612,0.0199694664336083,0.036195363906646114,0.004459089055609848
194,6,9.700000000000001,14,0.4044211056981131,-3.9316618777676897,8088422.113962263,20000000.0,5.000000000000001,5.000000000000001,1617684.4227924524,62.08893803551193,1617684.4227924524,62.08893803551193,52.021331894425806,52.028674407531966,,,,,,0.8367646127276724,-0.7739669465996102,16735292.254553448,20000000.0,5.000000000000001,5.000000000000001,3347058.4509106893,65.24663296668001,3347058.4509106893,65.24663296668001,24.18623945634433,24.18623146494713,0.9997861670447913,1.728117664920506,0.0910667959047419,0.09103222966939924,0.016209628457792412,0.9962549037201883,-0.016295279261927705,19925098.074403767,20000000.0,5.000000000000001,5.000000000000001,3985019.6148807527,66.0043046340177,3985019.6148807527,66.0043046340177,3.5101378905781218,3.5144151225595692,0.07819782323340656,0.1317463234331842,0.019885446349910095,0.03624313603424647,0.004434050013579781
195,6,9.75,15,0.40402287110042634,-3.9359404946472916,8080457.4220085265,20000000.0,5.000000000000001,5.000000000000001,1616091.484401705,62.08465941863233,1616091.484401705,62.08465941863233,52.04165297575365,52.05124128042106,,,,,,0.8373596871267515,-0.7708795111117112,16747193.742535029,20000000.0,5.000000000000001,5.000000000000001,3349438.748507005,65.24972040216791,3349438.748507005,65.24972040216791,24.139339344296765,24.138268010782017,0.9989511295193783,1.7314991283276993,0.09083783181988107,0.0908019490096362,0.01608586067827076,0.9962555431609463,-0.016292491767456674,19925110.863218926,20000000.0,5.000000000000001,5.000000000000001,3985022.1726437844,66.00430742151217,3985022.1726437844,66.00430742151217,3.509807363925952,3.513947602793163,0.07816298835936855,0.13150766386989649,0.019798793805201224,0.03628947676886478,0.0044089429296091335
196,6,9.8,16,0.4033865203433701,-3.942786183649561,8067730.406867402,20000000.0,5.000000000000001,5.000000000000001,1613546.0813734801,62.07781372963006,1613546.0813734801,62.07781372963006,52.08573148066769,52.09194759421539,,,,,,0.8361372229085975,-0.7772244234389147,16722744.458171949,20000000.0,5.000000000000001,5.000000000000001,3344548.8916343893,65.2433754898407,3344548.8916343893,65.2433754898407,24.233022510743254,24.23305470054634,1.00213489596978,1.7283453017789987,0.09057833249094557,0.09055126705289054,0.01595679763209646,0.9962574891551016,-0.016284008665868484,19925149.78310203,20000000.0,5.000000000000001,5.000000000000001,3985029.9566204054,66.00431590461375,3985029.9566204054,66.00431590461375,3.5088451862573775,3.512955968977405,0.0781001132673965,0.13128868277288386,0.019712056719047615,0.03633410053496179,0.004383915408173944
197,6,9.850000000000001,17,0.4032485014016934,-3.9442723791094014,8064970.0280338675,20000000.0,5.000000000000001,5.000000000000001,1612994.0056067733,62.076327534170225,1612994.0056067733,62.076327534170225,52.0978221871758,52.10033274944599,,,,,,0.8356116407600888,-0.7799551856887387,16712232.815201774,20000000.0,5.000000000000001,5.000000000000001,3342446.5630403543,65.24064472759089,3342446.5630403543,65.24064472759089,24.28747919046489,24.287025670020054,1.004748815671948,1.7385587793034325,0.09039759802764837,0.09030533014286812,0.015836519589137225,0.9962723494068885,-0.016219229456785122,19925446.98813777,20000000.0,5.000000000000001,5.000000000000001,3985089.3976275534,66.00438068382283,3985089.3976275534,66.00438068382283,3.5019336131606513,3.5061286625105152,0.07770648499606049,0.1306631143147974,0.01962542415455968,0.03637758934428167,0.004358520422404843
198,6,9.9,18,0.40375380465527017,-3.9388337219519567,8075076.093105404,20000000.0,5.000000000000001,5.000000000000001,1615015.2186210805,62.08176619132766,1615015.2186210805,62.08176619132766,52.07004037986009,52.0819504752983,,,,,,0.8365339455223325,-0.775164312061689,16730678.91044665,20000000.0,5.000000000000001,5.000000000000001,3346135.7820893293,65.24543560121793,3346135.7820893293,65.24543560121793,24.211033746613666,24.21126265356425,1.0018082370288666,1.735746969498312,0.09011265823835245,0.09005646226080972,0.01570780211523054,0.9962653928194583,-0.016249554679437696,19925307.856389165,20000000.0,5.000000000000001,5.000000000000001,3985061.571277832,66.00435035860018,3985061.571277832,66.00435035860018,3.5052332725975206,3.509274469078318,0.07772394389299972,0.13053322151955066,0.01953722497713598,0.03642059078728976,0.004332714564585158
199,6,9.950000000000001,19,0.40438550352263525,-3.9320442146128025,8087710.070452705,20000000.0,5.000000000000001,5.000000000000001,1617542.0140905408,62.08855569866682,1617542.0140905408,62.08855569866682,52.03294698978918,52.035311139270846,,,,,,0.835400748535197,-0.7810513993448409,16708014.970703939,20000000.0,5.000000000000001,5.000000000000001,3341602.994140787,65.23954851393478,3341602.994140787,65.23954851393478,24.296690386125192,24.296451628572026,1.0050256585146562,1.7340379150463814,0.08978401047212695,0.08979044294950535,0.015573314203566169,0.996274579496,-0.016209508075760434,19925491.58992,20000000.0,5.000000000000001,5.000000000000001,3985098.317983999,66.00439040520386,3985098.317983999,66.00439040520386,3.5008388046823216,3.5046717308520243,0.07756943339173453,0.13046034154210306,0.01944925584622893,0.03646257187327121,0.0043073178994546876
200,6,10.0,20,0.40559494069777846,-3.9190747093492977,8111898.81395557,20000000.0,5.000000000000001,5.000000000000001,1622379.7627911137,62.10152520393032,1622379.7627911137,62.10152520393032,51.95672418662912,51.96603038731505,,,,,,0.8361534756669504,-0.7771400064978335,16723069.51333901,20000000.0,5.000000000000001,5.000000000000001,3344613.9026678014,65.2434599067818,3344613.9026678014,65.2434599067818,24.245538462625444,24.24378682077014,1.0030919367342745,1.7297739170011006,0.0896132231406517,0.08962133738677261,0.01547056942173713,0.9962715614695218,-0.016222664230278138,19925431.229390435,20000000.0,5.000000000000001,5.000000000000001,3985086.2458780864,66.00437724904934,3985086.2458780864,66.00437724904934,3.50228696238496,3.5064911959423575,0.07736140236068054,0.12996971444440647,0.019359052532198488,0.03650651057616667,0.004282574356708911
201,6,10.05,21,0.40669378501694964,-3.9073246431404405,8133875.700338992,20000000.0,5.000000000000001,5.000000000000001,1626775.140067798,62.113275270139184,1626775.140067798,62.113275270139184,51.885163310499294,51.89589344171087,,,,,,0.8373863089370849,-0.7707414399611698,16747726.178741697,20000000.0,5.000000000000001,5.000000000000001,3349545.235748339,65.24985847331845,3349545.235748339,65.24985847331845,24.13363738822954,24.13363022210636,0.997956469783684,1.7331943742835993,0.08939815828528462,0.0893885067062363,0.015353849461471471,0.996294222897751,-0.016123879705223516,19925884.45795502,20000000.0,5.000000000000001,5.000000000000001,3985176.8915910036,66.0044760335744,3985176.8915910036,66.0044760335744,3.491605893747832,3.4954859149339597,0.07698616981264143,0.12953045312137165,0.019281102936958276,0.036551442881524315,0.004259450670484403
202,6,10.100000000000001,22,0.4069812072807922,-3.9042564424574557,8139624.145615844,20000000.0,5.000000000000001,5.000000000000001,1627924.8291231685,62.116343470822166,1627924.8291231685,62.116343470822166,51.8682870062661,51.876223410630665,,,,,,0.8364115145746432,-0.7757999703824028,16728230.291492864,20000000.0,5.000000000000001,5.000000000000001,3345646.0582985724,65.24479994289722,3345646.0582985724,65.24479994289722,24.218141634654927,24.216600357681372,1.0016108759774265,1.7280020042392237,0.08922525389207193,0.08922484562862738,0.015253753260557178,0.9962894876018417,-0.016144521376364285,19925789.752036832,20000000.0,5.000000000000001,5.000000000000001,3985157.950407366,66.00445539190326,3985157.950407366,66.00445539190326,3.493850506048492,3.4977397681367877,0.0770848910882184,0.12950940579140127,0.01921800833157227,0.03659966759503618,0.0042381571988482905
203,6,10.15,23,0.4067931370013748,-3.9062638266073497,8135862.740027497,20000000.0,5.000000000000001,5.000000000000001,1627172.548005499,62.114336086672274,1627172.548005499,62.114336086672274,51.882851088585426,51.89248217602627,,,,,,0.8374859538314057,-0.7702246814146657,16749719.076628113,20000000.0,5.000000000000001,5.000000000000001,3349943.815325622,65.25037523186496,3349943.815325622,65.25037523186496,24.133411407019093,24.137001606857986,0.9986615281110243,1.7301608002968862,0.08892391007006148,0.08898199045048584,0.015129856696818118,0.996286670766828,-0.016156800313836647,19925733.41533656,20000000.0,5.000000000000001,5.000000000000001,3985146.6830673115,66.00444311296579,3985146.6830673115,66.00444311296579,3.4951812520643366,3.498955091290411,0.076751395368517,0.1291784167862185,0.01915296371753037,0.03664628356205822,0.004216873084251739
204,6,10.200000000000001,24,0.40633064975179545,-3.9112041735846406,8126612.995035909,20000000.0,5.000000000000001,5.000000000000001,1625322.5990071816,62.10939573969498,1625322.5990071816,62.10939573969498,51.91493869111056,51.914678373315056,,,,,,0.8368822701312771,-0.7733563284130849,16737645.402625542,20000000.0,5.000000000000001,5.000000000000001,3347529.0805251077,65.24724358486654,3347529.0805251077,65.24724358486654,24.17843337501796,24.17842968061533,1.0000361407809277,1.7270280137661338,0.08868055232960415,0.0887692347681934,0.015017323045721561,0.9962743221271056,-0.01621062999442973,19925486.442542113,20000000.0,5.000000000000001,5.000000000000001,3985097.2885084217,66.00438928328519,3985097.2885084217,66.00438928328519,3.501013183327893,3.5049062478963258,0.07708161383701598,0.1293939852126725,0.019086546031628293,0.03669082563360421,0.004195544820451808
205,6,10.25,25,0.40634890430217746,-3.9110090696113136,8126978.08604355,20000000.0,5.000000000000001,5.000000000000001,1625395.6172087097,62.10959084366831,1625395.6172087097,62.10959084366831,51.91006154321259,51.90744638509833,,,,,,0.8358279167085757,-0.7788312748527078,16716558.334171515,20000000.0,5.000000000000001,5.000000000000001,3343311.6668343022,65.24176863842692,3343311.6668343022,65.24176863842692,24.26382779191419,24.260585659323176,1.003415275567144,1.7320039754957086,0.08835715880186568,0.08852785262610335,0.014894051385483978,0.9962893841737138,-0.016144972231944766,19925787.683474276,20000000.0,5.000000000000001,5.000000000000001,3985157.5366948545,66.00445494104767,3985157.5366948545,66.00445494104767,3.4938365802107496,3.497556816534838,0.0767660143229869,0.1289217916085248,0.019007464392090234,0.03673436663711331,0.004174139466479657
206,6,10.3,26,0.4066249088610957,-3.908060210507052,8132498.177221914,20000000.0,5.000000000000001,5.000000000000001,1626499.6354443824,62.112539702772565,1626499.6354443824,62.112539702772565,51.888639883280575,51.885690593386904,,,,,,0.8357106473397927,-0.7794406468521062,16714212.946795855,20000000.0,5.000000000000001,5.000000000000001,3342842.5893591703,65.24115926642752,3342842.5893591703,65.24115926642752,24.267943719407093,24.26996768836512,1.0039869294954655,1.7325239871565756,0.08811581613143232,0.08829930508933505,0.014781145620468122,0.9963046070355164,-0.01607861446002614,19926092.140710328,20000000.0,5.000000000000001,5.000000000000001,3985218.4281420647,66.0045212988196,3985218.4281420647,66.0045212988196,3.4867165008491816,3.49047610886657,0.07616417417874197,0.1282924778325239,0.01893502642771527,0.036778468996590416,0.004153168584013895
207,6,10.350000000000001,27,0.4063186230610603,-3.911332719209351,8126372.461221206,20000000.0,5.000000000000001,5.000000000000001,1625274.4922442408,62.10926719407027,1625274.4922442408,62.10926719407027,51.91181421583078,51.91193132229311,,,,,,0.8364907563488916,-0.7753885385143712,16729815.126977831,20000000.0,5.000000000000001,5.000000000000001,3345963.0253955657,65.24521137476525,3345963.0253955657,65.24521137476525,24.21111992393596,24.212214732445588,1.001738654775857,1.7313354240712724,0.0878448466913909,0.08811015160947769,0.014673188816576171,0.9963009602378416,-0.016094511074316153,19926019.204756834,20000000.0,5.000000000000001,5.000000000000001,3985203.840951366,66.00450540220531,3985203.840951366,66.00450540220531,3.4884613290800117,3.4920873587356107,0.07617951045628821,0.1283323941727236,0.018866865658916373,0.03682438726796157,0.0041332463721859515
208,6,10.4,28,0.40607740690701516,-3.913911728556071,8121548.138140303,20000000.0,5.000000000000001,5.000000000000001,1624309.6276280603,62.10668818472355,1624309.6276280603,62.10668818472355,51.93283477719399,51.934745953733625,,,,,,0.837529723600504,-0.7699977107724915,16750594.472010082,20000000.0,5.000000000000001,5.000000000000001,3350118.894402016,65.25060220250714,3350118.894402016,65.25060220250714,24.12485930023397,24.12601604587475,0.9983403684349774,1.73207671408641,0.08762180796428937,0.0878998093335294,0.014566414655414925,0.996307561027766,-0.016065737869647503,19926151.22055532,20000000.0,5.000000000000001,5.000000000000001,3985230.2441110634,66.00453417540997,3985230.2441110634,66.00453417540997,3.4853243886834213,3.4894129430680905,0.07604250044544487,0.12790582211176987,0.018792826938960772,0.03686965751013878,0.004113419162898179
209,6,10.450000000000001,29,0.405845615039233,-3.9163914200820322,8116912.30078466,20000000.0,5.000000000000001,5.000000000000001,1623382.4601569315,62.104208493197596,1623382.4601569315,62.104208493197596,51.947184196748445,51.94966475171252,,,,,,0.8364273909819412,-0.7757175352350704,16728547.819638824,20000000.0,5.000000000000001,5.000000000000001,3345709.563927764,65.24488237804455,3345709.563927764,65.24488237804455,24.218050052375276,24.217081353304554,1.0017127414480118,1.733283424471307,0.08738726499639927,0.08768113179579855,0.014458303278333879,0.9963082365057865,-0.016062793434726122,19926164.73011573,20000000.0,5.000000000000001,5.000000000000001,3985232.946023145,66.0045371198449,3985232.946023145,66.0045371198449,3.4850416934725823,3.4888147707429376,0.07574962209424292,0.1276606911524061,0.018720617190762154,0.036912895585555265,0.004093630164823018
210,7,10.5,0,0.4055667973086217,-3.9193760677108935,8111335.946172434,20000000.0,5.000000000000001,5.000000000000001,1622267.1892344865,62.101223845568725,1622267.1892344865,62.101223845568725,51.966814037446014,51.97295479564021,,,,,,0.8376772950952661,-0.7692325577458875,16753545.901905322,20000000.0,5.000000000000001,5.000000000000001,3350709.180381064,65.25136735553373,3350709.180381064,65.25136735553373,24.117071589585386,24.118251291715055,0.9965236135579305,1.731962904112239,0.08720348802360209,0.08743744658305957,0.014351131945724363,0.9963150455808507,-0.016033112523599014,19926300.911617015,20000000.0,5.000000000000001,5.000000000000001,3985260.1823234023,66.00456680075602,3985260.1823234023,66.00456680075602,3.481771718944386,3.4855964510784387,0.07575714805773877,0.12749218624135386,0.018648687980581436,0.03695427251353834,0.004073709153121002
211,7,10.55,1,0.4054603170003386,-3.9205164441488334,8109206.3400067715,20000000.0,5.000000000000001,5.000000000000001,1621841.268001354,62.10008346913079,1621841.268001354,62.10008346913079,51.968110353718416,51.96872826547424,,,,,,0.8363386818792479,-0.776178159998514,16726773.637584958,20000000.0,5.000000000000001,5.000000000000001,3345354.727516991,65.2444217532811,3345354.727516991,65.2444217532811,24.231424837668026,24.230266607918896,1.0019503398715532,1.7333185771621864,0.0870079738391459,0.08723994678621193,0.014251513790677217,0.9963160006880408,-0.01602894920612918,19926320.013760816,20000000.0,5.000000000000001,5.000000000000001,3985264.0027521625,66.0045709640735,3985264.0027521625,66.0045709640735,3.481271651125405,3.4853464672245034,0.07553696414223776,0.12699578126589142,0.01857726237053837,0.036997216691404974,0.004054446558141183
212,7,10.600000000000001,2,0.4055292456325978,-3.919778202225961,8110584.912651956,20000000.0,5.000000000000001,5.000000000000001,1622116.9825303908,62.10082171105366,1622116.9825303908,62.10082171105366,51.95754129213738,51.95505536196371,,,,,,0.8371450708639816,-0.7719927555944541,16742901.41727963,20000000.0,5.000000000000001,5.000000000000001,3348580.2834559255,65.24860715768517,3348580.2834559255,65.24860715768517,24.170911877811495,24.169453844348105,0.9992368979019768,1.7326950491016688,0.08679591828463265,0.08702061533346342,0.014147736762854949,0.9963180729318628,-0.016019916297689445,19926361.458637256,20000000.0,5.000000000000001,5.000000000000001,3985272.2917274507,66.00457999698193,3985272.2917274507,66.00457999698193,3.480310135228536,3.483852844918373,0.07555028620609208,0.1270253369127934,0.018512110614102066,0.03704028311898691,0.004035796488809032
213,7,10.65,3,0.40593833273211727,-3.9153993634472566,8118766.654642345,20000000.0,5.000000000000001,5.000000000000001,1623753.3309284688,62.10520054983236,1623753.3309284688,62.10520054983236,51.927006194820855,51.92557301945642,,,,,,0.8357052278360533,-0.7794688105258353,16714104.556721065,20000000.0,5.000000000000001,5.000000000000001,3342820.9113442125,65.24113110275378,3342820.9113442125,65.24113110275378,24.27876647800429,24.283236316675065,1.0043120299196322,1.7317776854992732,0.08662434361626518,0.08683228950003706,0.014053305256793847,0.9963199089337929,-0.016011913183082187,19926398.178675856,20000000.0,5.000000000000001,5.000000000000001,3985279.6357351705,66.00458800009653,3985279.6357351705,66.00458800009653,3.4795057990116525,3.4832382378114666,0.07545003044308099,0.12667113013768513,0.01844776792569334,0.03708249846495887,0.004017111340367063
214,7,10.700000000000001,4,0.406021986452075,-3.9145044835316134,8120439.7290415,20000000.0,5.000000000000001,5.000000000000001,1624087.9458082998,62.10609542974801,1624087.9458082998,62.10609542974801,51.92347007050546,51.929023553726815,,,,,,0.8366162637129416,-0.7747369704425886,16732325.274258833,20000000.0,5.000000000000001,5.000000000000001,3346465.054851766,65.24586294283704,3346465.054851766,65.24586294283704,24.204227974759974,24.20233526409823,1.000426151204951,1.7280152913503215,0.0863462787738073,0.08661827040622636,0.013946742577298863,0.9963304320935045,-0.015966043116458974,19926608.64187009,20000000.0,5.000000000000001,5.000000000000001,3985321.728374017,66.00463387016316,3985321.728374017,66.00463387016316,3.4744528858427755,3.4782229350059155,0.07513985329080547,0.12640297652003032,0.018387549288495345,0.037125241652258834,0.003998820625229862
215,7,10.75,5,0.4055902368073833,-3.9191250769767825,8111804.736147666,20000000.0,5.000000000000001,5.000000000000001,1622360.947229533,62.10147483630284,1622360.947229533,62.10147483630284,51.96076960206766,51.9651984073458,,,,,,0.8385571883584675,-0.7646731380734926,16771143.76716935,20000000.0,5.000000000000001,5.000000000000001,3354228.7534338697,65.25592677520613,3354228.7534338697,65.25592677520613,24.04622429193709,24.044729932193157,0.9945622014677241,1.729408888624802,0.08619137539706777,0.08644965178333583,0.013858456877168291,0.9963335507471924,-0.01595244911265991,19926671.01494385,20000000.0,5.000000000000001,5.000000000000001,3985334.202988769,66.00464746416696,3985334.202988769,66.00464746416696,3.4729749396585405,3.4763174261054557,0.07513687093621133,0.12606138909396952,0.01832131554388166,0.037166747314847134,0.003980454713440356
216,7,10.8,6,0.40552863681569495,-3.919784722249429,8110572.736313899,20000000.0,5.000000000000001,5.000000000000001,1622114.5472627794,62.10081519103019,1622114.5472627794,62.10081519103019,51.97173920989843,51.97340613077307,,,,,,0.835252579393967,-0.7818217451672503,16705051.587879341,20000000.0,5.000000000000001,5.000000000000001,3341010.3175758678,65.23877816811238,3341010.3175758678,65.23877816811238,24.31502276849745,24.31552558184203,1.005802303465937,1.7327539080960466,0.08604151819748027,0.08625742154381001,0.01376749324739747,0.9963392476724919,-0.015927616704415483,19926784.953449838,20000000.0,5.000000000000001,5.000000000000001,3985356.990689967,66.00467229657521,3985356.990689967,66.00467229657521,3.470320443019419,3.474197490065909,0.07497879109180798,0.1257812110092946,0.01826895245184365,0.03720915132642598,0.003962907174024206
217,7,10.850000000000001,7,0.40633283294683537,-3.9111808392136753,8126656.658936707,20000000.0,5.000000000000001,5.000000000000001,1625331.3317873413,62.109419074065954,1625331.3317873413,62.109419074065954,51.91605504446812,51.91129435705377,,,,,,0.8379437682974158,-0.7678512449327152,16758875.365948316,20000000.0,5.000000000000001,5.000000000000001,3351775.073189663,65.25274866834691,3351775.073189663,65.25274866834691,24.090137048293435,24.091438454900345,0.9968253590401999,1.7236980190482072,0.08590451021445802,0.08608141931181096,0.013680739682264015,0.996346478190493,-0.01589609970172467,19926929.56380986,20000000.0,5.000000000000001,5.000000000000001,3985385.9127619714,66.00470381357789,3985385.9127619714,66.00470381357789,3.4668550897940356,3.4705415792238625,0.07454172173256886,0.12551604146893638,0.01821602407807005,0.03725154352202297,0.003945708690602262
218,7,10.9,8,0.4073398737755835,-3.900430755189184,8146797.47551167,20000000.0,5.000000000000001,5.000000000000001,1629359.4951023338,62.12016915809044,1629359.4951023338,62.12016915809044,51.84888631014957,51.84571322772712,,,,,,0.8360568275796679,-0.777642021477152,16721136.55159336,20000000.0,5.000000000000001,5.000000000000001,3344227.310318671,65.24295789180246,3344227.310318671,65.24295789180246,24.237882593631518,24.23766218669581,1.0042483917963625,1.7329125751577439,0.08576548876148156,0.08586172290987644,0.013587713849475856,0.996354710163144,-0.015860217750949347,19927094.20326288,20000000.0,5.000000000000001,5.000000000000001,3985418.8406525753,66.00473969552867,3985418.8406525753,66.00473969552867,3.462937318995979,3.4666591122585393,0.0746334183038791,0.1253610029987715,0.01816072593898236,0.03729118417324767,0.003928028741786457
219,7,10.950000000000001,9,0.40759077336150684,-3.8977565568508594,8151815.4672301365,20000000.0,5.000000000000001,5.000000000000001,1630363.093446027,62.12284335642877,1630363.093446027,62.12284335642877,51.83663844637822,51.83364211456488,,,,,,0.8366294771773063,-0.7746683787884125,16732589.543546125,20000000.0,5.000000000000001,5.000000000000001,3346517.9087092243,65.2459315344912,3346517.9087092243,65.2459315344912,24.202174275204335,24.20370020848043,1.0013989125689253,1.7307191528991492,0.08558922078329084,0.08569183113608482,0.01350005790736348,0.9963529329648781,-0.015867964270141796,19927058.659297563,20000000.0,5.000000000000001,5.000000000000001,3985411.7318595117,66.00473194900948,3985411.7318595117,66.00473194900948,3.4638134543384114,3.467578929682304,0.07435113535449711,0.12527066165570003,0.018108382511595,0.03733512849487134,0.003911775989942657
220,7,11.0,10,0.40700410801601644,-3.904012072866134,8140082.160320329,20000000.0,5.000000000000001,5.000000000000001,1628016.4320640655,62.11658784041349,1628016.4320640655,62.11658784041349,51.8810827884462,51.879040278464444,,,,,,0.8356049418929218,-0.7799900020144721,16712098.837858435,20000000.0,5.000000000000001,5.000000000000001,3342419.7675716863,65.24060991126515,3342419.7675716863,65.24060991126515,24.28722112741403,24.29099487513216,1.004226691310239,1.7371529440749627,0.08536055533964693,0.08547942019006677,0.013402224669963051,0.9963550204915704,-0.015858865081053775,19927100.40983141,20000000.0,5.000000000000001,5.000000000000001,3985420.081966281,66.00474104819857,3985420.081966281,66.00474104819857,3.462825073983229,3.4665644332194097,0.0741588649164048,0.12498480852344025,0.018056170878723108,0.03737772850526616,0.0038951987881029977
221,7,11.05,11,0.40601366221115603,-3.9145935232653546,8120273.244223121,20000000.0,5.000000000000001,5.000000000000001,1624054.648844624,62.10600639001427,1624054.648844624,62.10600639001427,51.950688687762465,51.94428531473803,,,,,,0.836949623369952,-0.773006817329873,16738992.46739904,20000000.0,5.000000000000001,5.000000000000001,3347798.4934798074,65.24759309594975,3347798.4934798074,65.24759309594975,24.173204278214392,24.177093921088932,1.000291721214982,1.7304931903986636,0.08501152727782749,0.08526825209465447,0.013296019973988826,0.9963402281728322,-0.015923342801939563,19926804.563456643,20000000.0,5.000000000000001,5.000000000000001,3985360.9126913277,66.00467657047768,3985360.9126913277,66.00467657047768,3.4698001577815,3.4735970440186508,0.07432738832252406,0.12482549713008337,0.01799953983436226,0.037417649122443185,0.003877699502947137
222,7,11.100000000000001,12,0.4058432861265457,-3.9164163417959417,8116865.722530914,20000000.0,5.000000000000001,5.000000000000001,1623373.1445061825,62.10418357148369,1623373.1445061825,62.10418357148369,51.954933055167785,51.95046879556461,,,,,,0.836045976072449,-0.7776983906154046,16720919.521448981,20000000.0,5.000000000000001,5.000000000000001,3344183.9042897956,65.24290152266423,3344183.9042897956,65.24290152266423,24.245214208742926,24.24346104706275,1.002558027074874,1.7254700892899806,0.08483077692777498,0.08505958671227135,0.013204232859216297,0.996348553296953,-0.015887054591753512,19926971.06593906,20000000.0,5.000000000000001,5.000000000000001,3985394.2131878114,66.00471285868787,3985394.2131878114,66.00471285868787,3.4658879826731286,3.4693963559826813,0.07408216676827376,0.1244877197294949,0.01794541341389299,0.037456910686328934,0.003860348944650804
223,7,11.15,13,0.4056854534249667,-3.9181056441923494,8113709.068499334,20000000.0,5.000000000000001,5.000000000000001,1622741.8136998666,62.10249426908727,1622741.8136998666,62.10249426908727,51.95998401981301,51.96326740090559,,,,,,0.8362760795203236,-0.7765032540928039,16725521.590406472,20000000.0,5.000000000000001,5.000000000000001,3345104.3180812937,65.24409665918682,3345104.3180812937,65.24409665918682,24.22658452904543,24.226379486204657,1.002525315228324,1.7334781804317025,0.08469170449498484,0.0849207543364867,0.013127303963080825,0.9963576317734588,-0.015847482955150854,19927152.635469176,20000000.0,5.000000000000001,5.000000000000001,3985430.5270938342,66.00475243032447,3985430.5270938342,66.00475243032447,3.4615405185169834,3.4651521193790855,0.07390049416969802,0.12433187396049436,0.01789653783933406,0.03749690008846692,0.003843494105631002
224,7,11.200000000000001,14,0.4058836549245197,-3.915984375199073,8117673.098490395,20000000.0,5.000000000000001,5.000000000000001,1623534.6196980786,62.10461553808055,1623534.6196980786,62.10461553808055,51.937273081700766,51.93508225340431,,,,,,0.836136203945872,-0.7772297159931328,16722724.07891744,20000000.0,5.000000000000001,5.000000000000001,3344544.8157834876,65.2433701972865,3344544.8157834876,65.2433701972865,24.242811777901537,24.240628453502172,1.0037571961706533,1.726874725655915,0.08454292818586287,0.08475903359800788,0.013046849205091606,0.9963617292409318,-0.015829622863578377,19927234.584818635,20000000.0,5.000000000000001,5.000000000000001,3985446.9169637263,66.00477029041605,3985446.9169637263,66.00477029041605,3.459567409109442,3.4631272017266057,0.07382939672864008,0.12390893967071279,0.01784632436254242,0.037535799234783056,0.003826580975344416
225,7,11.25,15,0.405636106374699,-3.918633946476371,8112722.127493979,20000000.0,5.000000000000001,5.000000000000001,1622544.4254987957,62.101965966803256,1622544.4254987957,62.101965966803256,51.95022328486574,51.94351972291537,,,,,,0.8356931409879819,-0.7795316232163227,16713862.819759637,20000000.0,5.000000000000001,5.000000000000001,3342772.563951927,65.2410682900633,3342772.563951927,65.2410682900633,24.27675209716653,24.27693214314433,1.0039417798658483,1.7361365039002377,0.08438924953122456,0.08460103888630215,0.012967153834044709,0.9963723044871052,-0.015783527690010846,19927446.089742105,20000000.0,5.000000000000001,5.000000000000001,3985489.2179484204,66.00481638558962,3985489.2179484204,66.00481638558962,3.4545866939907937,3.4580447245646844,0.07354829092264184,0.1236028012011999,0.017797626561636817,0.037573191134799976,0.003809649921944365
226,7,11.3,16,0.4053553957496485,-3.92164041645837,8107107.91499297,20000000.0,5.000000000000001,5.000000000000001,1621421.5829985938,62.09895949682125,1621421.5829985938,62.09895949682125,51.977435498353636,51.98047950476879,,,,,,0.8344922255671774,-0.7857770501110067,16689844.511343548,20000000.0,5.000000000000001,5.000000000000001,3337968.902268709,65.23482286316862,3337968.902268709,65.23482286316862,24.372993704508353,24.37521698868413,1.0078886754078278,1.7351072828876315,0.08421558355310647,0.08443850294848165,0.012885738904872598,0.9963710833051419,-0.015788850528779978,19927421.666102838,20000000.0,5.000000000000001,5.000000000000001,3985484.3332205666,66.00481106275085,3985484.3332205666,66.00481106275085,3.455112088719747,3.4587930129087683,0.0734735837990803,0.12348900193223437,0.017742454651257438,0.037610695482101095,0.003792564199159894
227,7,11.350000000000001,17,0.4056216474255699,-3.9187887540401114,8112432.9485113975,20000000.0,5.000000000000001,5.000000000000001,1622486.5897022793,62.10181115923951,1622486.5897022793,62.10181115923951,51.966307690148405,51.97007108998609,,,,,,0.8374897246150002,-0.7702051273336291,16749794.492300004,20000000.0,5.000000000000001,5.000000000000001,3349958.8984600003,65.25039478594599,3349958.8984600003,65.25039478594599,24.13264136419383,24.132376192555654,0.9980784793678895,1.7311615307988166,0.08417353651661377,0.08426334327856039,0.012813149276028704,0.9963785440643202,-0.015756330973914903,19927570.881286405,20000000.0,5.000000000000001,5.000000000000001,3985514.17625728,66.00484358230571,3985514.17625728,66.00484358230571,3.4514794497758876,3.454873131463638,0.07338718095191668,0.12314144596065206,0.017689577880221827,0.0376468127833665,0.0037753443836720303
228,7,11.4,18,0.4066082454328864,-3.90823818738573,8132164.908657728,20000000.0,5.000000000000001,5.000000000000001,1626432.9817315452,62.11236172589389,1626432.9817315452,62.11236172589389,51.90443846052184,51.90881964754267,,,,,,0.8352933171618221,-0.7816099319171685,16705866.343236443,20000000.0,5.000000000000001,5.000000000000001,3341173.268647288,65.23898998136245,3341173.268647288,65.23898998136245,24.303897656341114,24.301926918091628,1.0055810175248536,1.731076442035421,0.08392319283376823,0.08405030859613663,0.012719471476861638,0.9963790080393001,-0.0157543086328299,19927580.160786003,20000000.0,5.000000000000001,5.000000000000001,3985516.0321572,66.00484560464679,3985516.0321572,66.00484560464679,3.451232569639271,3.454890190409722,0.07326399653565917,0.12294970411296002,0.017636437268263368,0.037681853737566606,0.0037584207632186347
229,7,11.450000000000001,19,0.4075813849930716,-3.897856592568809,8151627.699861432,20000000.0,5.000000000000001,5.000000000000001,1630325.5399722862,62.12274332071082,1630325.5399722862,62.12274332071082,51.8485453996165,51.84993445200287,,,,,,0.8367917276577824,-0.7738262179699152,16735834.55315565,20000000.0,5.000000000000001,5.000000000000001,3347166.9106311295,65.24677369530971,3347166.9106311295,65.24677369530971,24.187178966249824,24.185597143580896,1.000647105814735,1.729649393955461,0.0837848780814574,0.08388193691905226,0.012641664699478727,0.9963716465133544,-0.01578639563869109,19927432.930267088,20000000.0,5.000000000000001,5.000000000000001,3985486.586053417,66.00481351764093,3985486.586053417,66.00481351764093,3.4548139974266325,3.4582264402648137,0.0733428435704553,0.12282357317541281,0.017586498953099647,0.037716448519379005,0.003741432962110963
230,7,11.5,20,0.4091232445454311,-3.8814584513855124,8182464.890908621,20000000.0,5.000000000000001,5.000000000000001,1636492.978181724,62.139141461894106,1636492.978181724,62.139141461894106,51.74986972223498,51.75574033978393,,,,,,0.8341976940106761,-0.7873101501742658,16683953.880213523,20000000.0,5.000000000000001,5.000000000000001,3336790.776042704,65.23328976310536,3336790.776042704,65.23328976310536,24.39600278109993,24.397554868204022,1.00803771447262,1.7380716831603416,0.08365338498483518,0.08375431623091782,0.012571128768282138,0.9963880563192956,-0.015714869822915152,19927761.126385912,20000000.0,5.000000000000001,5.000000000000001,3985552.2252771817,66.00488504345671,3985552.2252771817,66.00488504345671,3.4470002607601495,3.4502790539799273,0.07298691220436294,0.12270376045213845,0.01753646936568389,0.03775436141677819,0.0037256945931124926
231,7,11.55,21,0.4101840557028737,-3.870212251349851,8203681.114057474,20000000.0,5.000000000000001,5.000000000000001,1640736.2228114945,62.15038766192977,1640736.2228114945,62.15038766192977,51.67736597244139,51.67493983925791,,,,,,0.8364957350725772,-0.7753626897435091,16729914.701451546,20000000.0,5.000000000000001,5.000000000000001,3345982.9402903086,65.24523722353611,3345982.9402903086,65.24523722353611,24.204971481332894,24.206174334974396,1.001210408992526,1.7352683097146535,0.08351052925974518,0.08358604543631196,0.01249426704750867,0.9963718301794371,-0.015785595082401214,19927436.60358874,20000000.0,5.000000000000001,5.000000000000001,3985487.3207177473,66.00481431819722,3985487.3207177473,66.00481431819722,3.4547680030437533,3.458120849424167,0.07310050694453882,0.12249476424747696,0.017486205741566542,0.03779076871679217,0.0037097918455290674
232,7,11.600000000000001,22,0.4105059391877095,-3.866805551394488,8210118.78375419,20000000.0,5.000000000000001,5.000000000000001,1642023.756750838,62.15379436188513,1642023.756750838,62.15379436188513,51.66019477964271,51.6635015395736,,,,,,0.8390587435941793,-0.7620763258522871,16781174.871883586,20000000.0,5.000000000000001,5.000000000000001,3356234.9743767167,65.25852358742733,3356234.9743767167,65.25852358742733,24.00830276093227,24.010391124319828,0.9928339157423357,1.7288343341160108,0.08332666614751745,0.08342010057060906,0.012415317672029042,0.9963955681200799,-0.015682128349232015,19927911.362401597,20000000.0,5.000000000000001,5.000000000000001,3985582.272480319,66.00491778493038,3985582.272480319,66.00491778493038,3.4433974399643774,3.44684914032997,0.07272104758926126,0.12218564762122172,0.017434657234541795,0.037825494421635235,0.003693625065669086
233,7,11.65,23,0.41002745212759784,-3.871870654548679,8200549.042551957,20000000.0,5.000000000000001,5.000000000000001,1640109.808510391,62.148729258730945,1640109.808510391,62.148729258730945,51.692954181620586,51.69556056210581,,,,,,0.836577273332803,-0.774939377475244,16731545.466656059,20000000.0,5.000000000000001,5.000000000000001,3346309.0933312112,65.24566053580438,3346309.0933312112,65.24566053580438,24.19968020305295,24.19737486812214,1.001728637786074,1.7305171026486073,0.08315482689608952,0.08327685682795968,0.01234109732903232,0.996391633705652,-0.015699277139368792,19927832.67411304,20000000.0,5.000000000000001,5.000000000000001,3985566.534822607,66.00490063614026,3985566.534822607,66.00490063614026,3.445327380690471,3.4486443438699146,0.07264729616674058,0.1217633170117756,0.01738624261623695,0.0378613798977006,0.0036780539577267028
234,7,11.700000000000001,24,0.40910240191532776,-3.881679706714854,8182048.038306555,20000000.0,5.000000000000001,5.000000000000001,1636409.6076613106,62.13892020656477,1636409.6076613106,62.13892020656477,51.750686083646585,51.75049187349229,,,,,,0.8359342820284987,-0.7782786379811997,16718685.640569974,20000000.0,5.000000000000001,5.000000000000001,3343737.1281139944,65.24232127529842,3343737.1281139944,65.24232127529842,24.25425094205882,24.25542312856269,1.003406522059991,1.7343917651749252,0.08300438889521225,0.08313574972805754,0.012269481633275004,0.9964007592607638,-0.015659502015343132,19928015.185215276,20000000.0,5.000000000000001,5.000000000000001,3985603.0370430546,66.00494041126427,3985603.0370430546,66.00494041126427,3.440960689616156,3.444215019568395,0.07240045358077417,0.12150100707283273,0.017335592829518243,0.03789639937211663,0.003662566190969081
235,7,11.75,25,0.4082168477020338,-3.8910907528620218,8164336.954040676,20000000.0,5.000000000000001,5.000000000000001,1632867.390808135,62.1295091604176,1632867.390808135,62.1295091604176,51.80538053519965,51.801077621533956,,,,,,0.8374286245579491,-0.7705219835869039,16748572.491158983,20000000.0,5.000000000000001,5.000000000000001,3349714.498231796,65.25007792969272,3349714.498231796,65.25007792969272,24.131922429507433,24.132579354180336,0.9986986078692258,1.7318484938149807,0.08293257991050171,0.08299758079760881,0.012204690682578253,0.9963928469160735,-0.01569398915567965,19927856.93832147,20000000.0,5.000000000000001,5.000000000000001,3985571.3876642934,66.00490592412395,3985571.3876642934,66.00490592412395,3.444725766433178,3.4480978027711067,0.07232727291704867,0.12125946947403339,0.017294741562920914,0.03793130906587784,0.003647549638284211
236,7,11.8,26,0.407412255795288,-3.899659106716269,8148245.11590576,20000000.0,5.000000000000001,5.000000000000001,1629649.0231811516,62.120940806563354,1629649.0231811516,62.120940806563354,51.850263526706634,51.843930261528556,,,,,,0.8369108579509286,-0.7732079763602873,16738217.15901857,20000000.0,5.000000000000001,5.000000000000001,3347643.4318037136,65.24739193691934,3347643.4318037136,65.24739193691934,24.16781997811129,24.16816839277423,1.0000838932021388,1.7284509389677283,0.08272046444594558,0.08279435319717142,0.012120319304388906,0.9963977912876729,-0.01567243833884096,19927955.825753458,20000000.0,5.000000000000001,5.000000000000001,3985591.165150691,66.00492747494079,3985591.165150691,66.00492747494079,3.4423322941034007,3.4457650961203727,0.07232762678535848,0.12116540120994376,0.01725721854302242,0.03796442170275457,0.003632614689181889
237,7,11.850000000000001,27,0.40632709580401144,-3.911242159069182,8126541.916080229,20000000.0,5.000000000000001,5.000000000000001,1625308.3832160456,62.109357754210436,1625308.3832160456,62.109357754210436,51.918596567408585,51.91507417291731,,,,,,0.8370740479784171,-0.7723612240578813,16741480.959568342,20000000.0,5.000000000000001,5.000000000000001,3348296.191913668,65.24823868922174,3348296.191913668,65.24823868922174,24.156457383022364,24.160601714508918,0.9989988299995135,1.7368406144566162,0.0826045573672244,0.08261394052441745,0.012047044140012753,0.9964076707326954,-0.01562937755303573,19928153.41465391,20000000.0,5.000000000000001,5.000000000000001,3985630.682930781,66.00497053572659,3985630.682930781,66.00497053572659,3.4376551647647418,3.440829531031477,0.07188890587392253,0.12083143744809546,0.017222374752745566,0.037997776943599314,0.0036179990534598245
238,7,11.9,28,0.40533203661390294,-3.921890691554644,8106640.732278059,20000000.0,5.000000000000001,5.000000000000001,1621328.1464556116,62.09870922172498,1621328.1464556116,62.09870922172498,51.980213326192505,51.977781950908,,,,,,0.8363175338196228,-0.7762879791653268,16726350.676392457,20000000.0,5.000000000000001,5.000000000000001,3345270.135278491,65.2443119341143,3345270.135278491,65.2443119341143,24.22370081975768,24.22406425801352,1.002583089229744,1.7340305652168682,0.08248616039676518,0.0824560541832845,0.01197729374125832,0.996406738009594,-0.01563344292404383,19928134.76019188,20000000.0,5.000000000000001,5.000000000000001,3985626.952038375,66.00496647035558,3985626.952038375,66.00496647035558,3.4380103828873922,3.4418046058194944,0.07202838030374853,0.12085559520405756,0.017187899409948006,0.03802984224189602,0.0036032363285067336
239,7,11.950000000000001,29,0.40480362011220666,-3.927556123052997,8096072.402244133,20000000.0,5.000000000000001,5.000000000000001,1619214.4804488262,62.09304379022662,1619214.4804488262,62.09304379022662,52.0060068904955,51.99741660644438,,,,,,0.8370646603862983,-0.7724099294540975,16741293.207725966,20000000.0,5.000000000000001,5.000000000000001,3348258.641545193,65.24818998382553,3348258.641545193,65.24818998382553,24.170999517032865,24.172238642313225,0.9985629282169542,1.731712114573821,0.08235972009922717,0.08227299405223501,0.011903849156131789,0.996414557445148,-0.015599361215659437,19928291.14890296,20000000.0,5.000000000000001,5.000000000000001,3985658.229780591,66.00500055206396,3985658.229780591,66.00500055206396,3.434356238221562,3.438021826423406,0.07190712861208842,0.12047498273909793,0.01715777826739119,0.038060603972532636,0.003588580746382456
240,8,12.0,0,0.4045022728084586,-3.9307903384058673,8090045.456169171,20000000.0,5.000000000000001,5.000000000000001,1618009.091233834,62.08980957487376,1618009.091233834,62.08980957487376,52.0198560878289,52.01529144699636,,,,,,0.8358833973166154,-0.778543008311338,16717667.94633231,20000000.0,5.000000000000001,5.000000000000001,3343533.5892664613,65.2420569049683,3343533.5892664613,65.2420569049683,24.255448539144815,24.25427201991409,1.0024271041275108,1.7336562485490572,0.08220728683012808,0.08214980548960507,0.011837748553935079,0.996412803591191,-0.01560700552153823,19928256.07182382,20000000.0,5.000000000000001,5.000000000000001,3985651.2143647633,66.0049929077581,3985651.2143647633,66.0049929077581,3.4350832980511563,3.4384889616910983,0.07183464136483472,0.12033883556529963,0.01713286685038227,0.03809414773526296,0.0035747009704379584
241,8,12.05,1,0.404797096251778,-3.927626115001563,8095941.9250355605,20000000.0,5.000000000000001,5.000000000000001,1619188.3850071118,62.09297379827806,1619188.3850071118,62.09297379827806,51.99208418927647,51.98636728135862,,,,,,0.8358759840634438,-0.7785815250378632,16717519.681268876,20000000.0,5.000000000000001,5.000000000000001,3343503.936253775,65.24201838824176,3343503.936253775,65.24201838824176,24.260377895401426,24.26062130900158,1.003653553900339,1.7358739239700682,0.08206678865068485,0.08202731822582796,0.011773081654292389,0.996410047191317,-0.01561901952724611,19928200.94382634,20000000.0,5.000000000000001,5.000000000000001,3985640.1887652674,66.00498089375237,3985640.1887652674,66.00498089375237,3.4364549192183866,3.4395354934851725,0.07166205380547021,0.12012524870090983,0.017108805423443972,0.038127526381253996,0.003561310933072586
242,8,12.100000000000001,2,0.4043888686848716,-3.932008074214685,8087777.373697433,20000000.0,5.000000000000001,5.000000000000001,1617555.4747394864,62.08859183906494,1617555.4747394864,62.08859183906494,52.0164527297227,52.00826685793014,,,,,,0.8366106064746931,-0.7747663377375792,16732212.129493862,20000000.0,5.000000000000001,5.000000000000001,3346442.4258987717,65.24583357554205,3346442.4258987717,65.24583357554205,24.2115138593175,24.211592487541253,1.0019087501136614,1.7349946220322636,0.08194565032106486,0.08189828670309929,0.01170953154993075,0.9964166022632182,-0.015590448737549502,19928332.045264363,20000000.0,5.000000000000001,5.000000000000001,3985666.409052872,66.00500946454207,3985666.409052872,66.00500946454207,3.433344351148702,3.4368064949361057,0.07155764376064863,0.11982667053732424,0.01708325242920986,0.038158993480838344,0.0035474632714797144
243,8,12.15,3,0.4041865407126195,-3.934181524524859,8083730.81425239,20000000.0,5.000000000000001,5.000000000000001,1616746.1628504777,62.086418388754765,1616746.1628504777,62.086418388754765,52.032840143374244,52.035886397574515,,,,,,0.8374428332632929,-0.7704482971879012,16748856.665265858,20000000.0,5.000000000000001,5.000000000000001,3349771.333053171,65.25015161609173,3349771.333053171,65.25015161609173,24.13283425726401,24.131794128827547,0.9988452412965911,1.7323326130598928,0.08180387676184436,0.08171821295753742,0.011637415262115102,0.996417531260714,-0.015586399645060076,19928350.62521428,20000000.0,5.000000000000001,5.000000000000001,3985670.125042855,66.00501351363457,3985670.125042855,66.00501351363457,3.4327893460024015,3.436341349582797,0.07136762046859466,0.11970765230992213,0.017060755057864495,0.03819021448711043,0.003534080766858271
244,8,12.200000000000001,4,0.4040443277262103,-3.935709858032071,8080886.554524206,20000000.0,5.000000000000001,5.000000000000001,1616177.310904841,62.08489005524755,1616177.310904841,62.08489005524755,52.042862620116445,52.04742391019654,,,,,,0.8342865965707819,-0.7868473362114914,16685731.931415636,20000000.0,5.000000000000001,5.000000000000001,3337146.3862831267,65.23375257706813,3337146.3862831267,65.23375257706813,24.382338744237202,24.383916683786694,1.008666964553928,1.7376450938445445,0.08168608315223987,0.08153867157842361,0.01156772700076114,0.9964211615986328,-0.015570576631072582,19928423.231972657,20000000.0,5.000000000000001,5.000000000000001,3985684.646394531,66.00502933664855,3985684.646394531,66.00502933664855,3.431028414240682,3.434692522273938,0.0714607932632485,0.11951610748617716,0.017044605684879397,0.03822066811383924,0.0035211366876435266
245,8,12.25,5,0.40385848143309605,-3.9377079206725347,8077169.628661921,20000000.0,5.000000000000001,5.000000000000001,1615433.925732384,62.08289199260709,1615433.925732384,62.08289199260709,52.05659961478557,52.066798227369915,,,,,,0.8374653395294969,-0.7703315821657887,16749306.790589938,20000000.0,5.000000000000001,5.000000000000001,3349861.358117987,65.25026833111384,3349861.358117987,65.25026833111384,24.132950043600225,24.136223666144595,0.9991092841378129,1.7306220712559337,0.08157735570851786,0.08144635691271589,0.011511422089146685,0.996425918514848,-0.01554984345506789,19928518.37029696,20000000.0,5.000000000000001,5.000000000000001,3985703.674059391,66.00505006982456,3985703.674059391,66.00505006982456,3.4288207353343934,3.432353581560458,0.07136692377921683,0.11926214625569682,0.0170331430237985,0.03825334156516649,0.0035088188388177942
246,8,12.3,6,0.40388634918611077,-3.937408251497237,8077726.9837222155,20000000.0,5.000000000000001,5.000000000000001,1615545.3967444429,62.08319166178239,1615545.3967444429,62.08319166178239,52.05585185587298,52.06207646431992,,,,,,0.8365197113088796,-0.7752382109510849,16730394.226177592,20000000.0,5.000000000000001,5.000000000000001,3346078.8452355177,65.24536170232854,3346078.8452355177,65.24536170232854,24.203506174547943,24.20211520108011,1.0004877369671494,1.7308016935730073,0.08143996652830307,0.08129464623196515,0.01144519445881537,0.9964419154327495,-0.015480121087594178,19928838.30865499,20000000.0,5.000000000000001,5.000000000000001,3985767.6617309973,66.00511979219203,3985767.6617309973,66.00511979219203,3.421069829908481,3.4247404303341726,0.0710730634054952,0.11919892145498963,0.01703198447593019,0.03828641892423651,0.003497110032556862
247,8,12.350000000000001,7,0.40443299273516686,-3.9315342286747574,8088659.854703337,20000000.0,5.000000000000001,5.000000000000001,1617731.9709406672,62.08906568460486,1617731.9709406672,62.08906568460486,52.02191720384775,52.023030610680124,,,,,,0.8381730039924483,-0.7666633110169583,16763460.079848966,20000000.0,5.000000000000001,5.000000000000001,3352692.0159697924,65.25393660226267,3352692.0159697924,65.25393660226267,24.072269165477866,24.071398209567924,0.9952453593214006,1.725482290805998,0.08134125428879105,0.08115301948492315,0.011383576363059828,0.9964223585563201,-0.015565359642248238,19928447.171126403,20000000.0,5.000000000000001,5.000000000000001,3985689.43422528,66.00503455363737,3985689.43422528,66.00503455363737,3.430545459388708,3.43415950409092,0.07116983276184392,0.11896062618271494,0.01703999351417184,0.038319712365487535,0.003485992882950693
248,8,12.4,8,0.4045732239017212,-3.930028637711847,8091464.478034424,20000000.0,5.000000000000001,5.000000000000001,1618292.8956068845,62.09057127556777,1618292.8956068845,62.09057127556777,52.02090689046331,52.0216278595618,,,,,,0.8363769026580433,-0.7759796914306206,16727538.053160867,20000000.0,5.000000000000001,5.000000000000001,3345507.610632173,65.244620221849,3345507.610632173,65.244620221849,24.226188588274763,24.227004078583267,1.0014009716633958,1.73108174171639,0.08126777972479282,0.08103581417273088,0.011327438381672404,0.9964317938124003,-0.01552423591378932,19928635.876248006,20000000.0,5.000000000000001,5.000000000000001,3985727.1752496003,66.00507567736584,3985727.1752496003,66.00507567736584,3.425986576484525,3.429210148159323,0.0707812234356644,0.11877730083468634,0.017055170065899076,0.03835248845898824,0.0034749798530537986
249,8,12.450000000000001,9,0.40521597446416086,-3.923134421743267,8104319.489283217,20000000.0,5.000000000000001,5.000000000000001,1620863.8978566432,62.097465491536354,1620863.8978566432,62.097465491536354,51.984995139810565,51.98431273752759,,,,,,0.8365138606264588,-0.7752685859433545,16730277.212529177,20000000.0,5.000000000000001,5.000000000000001,3346055.4425058346,65.24533132733626,3346055.4425058346,65.24533132733626,24.213047071499265,24.21227078487097,1.0009040361734551,1.7321353303729026,0.08106352574911278,0.08087088887534469,0.01125620933626925,0.9964609847625172,-0.01539700911368772,19929219.695250344,20000000.0,5.000000000000001,5.000000000000001,3985843.939050068,66.00520290416594,3985843.939050068,66.00520290416594,3.4118531205686735,3.4152002777585997,0.07057886861011273,0.11831772474974207,0.0170742320531282,0.03838492438913956,0.0034645024164456336
250,8,12.5,10,0.40636601674894923,-3.910826180359168,8127320.334978985,20000000.0,5.000000000000001,5.000000000000001,1625464.0669957967,62.10977373292046,1625464.0669957967,62.10977373292046,51.90794473779696,51.90651372744727,,,,,,0.8362761770388343,-0.7765027476601837,16725523.540776685,20000000.0,5.000000000000001,5.000000000000001,3345104.7081553363,65.24409716561945,3345104.7081553363,65.24409716561945,24.22929313532638,24.225688253889444,1.0018356852818124,1.7261978465900092,0.08096795667006396,0.08069836260886566,0.011191812823450133,0.9964333061072316,-0.015517644586556481,19928666.122144632,20000000.0,5.000000000000001,5.000000000000001,3985733.2244289257,66.00508226869307,3985733.2244289257,66.00508226869307,3.4254180519196575,3.428481925690849,0.07072577278728802,0.11817648087520387,0.01709339393834042,0.038415685262561255,0.0034539825726935076
251,8,12.55,11,0.4069011720344927,-3.905110592069759,8138023.440689854,20000000.0,5.000000000000001,5.000000000000001,1627604.6881379706,62.115489321209864,1627604.6881379706,62.115489321209864,51.875372685261496,51.867668738116194,,,,,,0.8381688363568182,-0.7666849054330038,16763376.727136364,20000000.0,5.000000000000001,5.000000000000001,3352675.3454272724,65.25391500784662,3352675.3454272724,65.25391500784662,24.07889568298691,24.078474628605285,0.9965874923485876,1.7269300204323013,0.0808857298352844,0.08051855445047121,0.011127812052891407,0.9964367792065069,-0.015502507143714862,19928735.58413014,20000000.0,5.000000000000001,5.000000000000001,3985747.1168260267,66.0050974061359,3985747.1168260267,66.0050974061359,3.4237147393237697,3.426881873918897,0.07061702056433075,0.11824952103380615,0.017115634210462548,0.03844526515301907,0.003443397200369662
252,8,12.600000000000001,12,0.4075850862566003,-3.8978171542851388,8151701.725132005,20000000.0,5.000000000000001,5.000000000000001,1630340.3450264009,62.12278275899449,1630340.3450264009,62.12278275899449,51.82968784936054,51.82674064804987,,,,,,0.835243526331312,-0.7818688173530752,16704870.52662624,20000000.0,5.000000000000001,5.000000000000001,3340974.1053252476,65.23873109592655,3340974.1053252476,65.23873109592655,24.312193576648205,24.31147110923836,1.0055773346449866,1.7320767604201794,0.0808455454319384,0.08044022905854956,0.011081147363276339,0.9964396608294871,-0.015489947680076274,19928793.21658974,20000000.0,5.000000000000001,5.000000000000001,3985758.6433179476,66.00510996559954,3985758.6433179476,66.00510996559954,3.4222175926203193,3.4256822929418966,0.07032227442571068,0.11789547335925728,0.01714401718610498,0.038477238589556456,0.003433675593075808
253,8,12.65,13,0.40664404542671434,-3.9078558278164683,8132880.908534287,20000000.0,5.000000000000001,5.000000000000001,1626576.181706857,62.112744085463156,1626576.181706857,62.112744085463156,51.89694243149877,51.889766887966275,,,,,,0.8367800309203366,-0.7738869244021676,16735600.618406732,20000000.0,5.000000000000001,5.000000000000001,3347120.123681346,65.24671298887745,3347120.123681346,65.24671298887745,24.183110894363345,24.18418481468266,1.0008392291654156,1.733652957647974,0.08054823561794083,0.08025250296627953,0.011002010313662056,0.9964450142070107,-0.015466615247977447,19928900.284140214,20000000.0,5.000000000000001,5.000000000000001,3985780.056828042,66.00513329803165,3985780.056828042,66.00513329803165,3.4195841181392987,3.422860053170454,0.0702688365258273,0.11783153886669387,0.01716869762572042,0.038507302931354244,0.0034235449534988057
254,8,12.700000000000001,14,0.40557522931384954,-3.9192857759192767,8111504.58627699,20000000.0,5.000000000000001,5.000000000000001,1622300.917255398,62.10131413736035,1622300.917255398,62.10131413736035,51.967035794734294,51.960045217172976,,,,,,0.8366079424453388,-0.774780167051735,16732158.848906776,20000000.0,5.000000000000001,5.000000000000001,3346431.769781355,65.2458197462279,3346431.769781355,65.2458197462279,24.196253934527213,24.19447652438485,1.001842857597128,1.7347538652094951,0.08040966344566866,0.0801052867423808,0.010939783080513752,0.9964554481291276,-0.01542113987290839,19929108.96258255,20000000.0,5.000000000000001,5.000000000000001,3985821.7925165095,66.00517877340671,3985821.7925165095,66.00517877340671,3.4146375822741604,3.4179940219737484,0.07030656874752836,0.1177561313887632,0.01719100231464646,0.03853693584636292,0.0034134959260844625
255,8,12.75,15,0.4048334245490218,-3.9272363772474845,8096668.490980436,20000000.0,5.000000000000001,5.000000000000001,1619333.698196087,62.093363536032136,1619333.698196087,62.093363536032136,52.00991083368966,52.008993662186505,,,,,,0.8373380052791742,-0.7709919649211776,16746760.105583485,20000000.0,5.000000000000001,5.000000000000001,3349352.0211166963,65.24960794835845,3349352.0211166963,65.24960794835845,24.134325212284832,24.134935618996607,0.9987234900393915,1.7286048738328863,0.08022479638117197,0.07994131303257769,0.010872703404888256,0.9964573647640115,-0.01541278643217057,19929147.29528023,20000000.0,5.000000000000001,5.000000000000001,3985829.459056045,66.00518712684745,3985829.459056045,66.00518712684745,3.4137385163195306,3.417185807250333,0.07018337317361643,0.1174126766980618,0.017205579312676238,0.03856561775502844,0.0034030678912982796
256,8,12.8,16,0.40382043411377394,-3.9381170867539304,8076408.682275479,20000000.0,5.000000000000001,5.000000000000001,1615281.7364550955,62.08248282652569,1615281.7364550955,62.08248282652569,52.07363317237601,52.072097654887465,,,,,,0.8380615354736527,-0.7672409170923662,16761230.709473053,20000000.0,5.000000000000001,5.000000000000001,3352246.14189461,65.25335899618726,3352246.14189461,65.25335899618726,24.084121441465136,24.08568700361578,0.9966113978727993,1.7288732751413636,0.08022633866939015,0.07979700913580902,0.010821319443043615,0.9964540698648456,-0.015427146894971763,19929081.397296913,20000000.0,5.000000000000001,5.000000000000001,3985816.279459382,66.00517276638465,3985816.279459382,66.00517276638465,3.4151810844542014,3.418732181241816,0.07017427299245096,0.11736064546194366,0.017227948364611074,0.03859280163777469,0.0033927250804732015
257,8,12.850000000000001,17,0.403264742808675,-3.944097464351781,8065294.8561735,20000000.0,5.000000000000001,5.000000000000001,1613058.9712346997,62.07650244892784,1613058.9712346997,62.07650244892784,52.101524603478936,52.10037787368218,,,,,,0.8376624981794377,-0.7693092731551366,16753249.963588754,20000000.0,5.000000000000001,5.000000000000001,3350649.9927177504,65.25129064012448,3350649.9927177504,65.25129064012448,24.111993827796802,24.110893146569804,0.9978764718839142,1.7305339625074214,0.07998500654246878,0.07961818892282987,0.010749277775771882,0.9964554521706035,-0.015421122258566518,19929109.04341207,20000000.0,5.000000000000001,5.000000000000001,3985821.8086824133,66.00517879102105,3985821.8086824133,66.00517879102105,3.41465191216234,3.4180425288290026,0.0699310069888809,0.11713556384812755,0.01724780778168867,0.03861992291346314,0.003382570947952307
258,8,12.9,18,0.40345750506935596,-3.9420220142710036,8069150.101387119,20000000.0,5.000000000000001,5.000000000000001,1613830.0202774236,62.07857789900862,1613830.0202774236,62.07857789900862,52.07696776044319,52.07150036315553,,,,,,0.836648108354082,-0.774571665399847,16732962.16708164,20000000.0,5.000000000000001,5.000000000000001,3346592.4334163275,65.24602824787978,3346592.4334163275,65.24602824787978,24.195234659509815,24.194838391885607,1.0002873338328473,1.7373825962084783,0.07979731633390223,0.07945642831602369,0.010683581198781388,0.9964736027535797,-0.015342015598842577,19929472.055071592,20000000.0,5.000000000000001,5.000000000000001,3985894.4110143175,66.00525789768078,3985894.4110143175,66.00525789768078,3.4058781898526314,3.409033404639056,0.06954734036190427,0.11675508114505355,0.01726917490916858,0.03864718851589879,0.0033724817632611453
259,8,12.950000000000001,19,0.4032320806763311,-3.9444492322308067,8064641.613526622,20000000.0,5.000000000000001,5.000000000000001,1612928.322705324,62.076150681048816,1612928.322705324,62.076150681048816,52.090579070928946,52.08569226031095,,,,,,0.8364433967000365,-0.775634430250524,16728867.93400073,20000000.0,5.000000000000001,5.000000000000001,3345773.5868001455,65.24496548302909,3345773.5868001455,65.24496548302909,24.216519125342398,24.218221746272057,1.0026797475041809,1.729762671588864,0.07976532047442651,0.07933340252412287,0.010634025501730952,0.996468148270258,-0.015365788014740093,19929362.96540516,20000000.0,5.000000000000001,5.000000000000001,3985872.593081031,66.00523412526488,3985872.593081031,66.00523412526488,3.4084916055253,3.411845507710614,0.06975232679599103,0.11666393048863291,0.01728918416464752,0.038673585112888265,0.0033621290806733393
260,8,13.0,20,0.4033152596370354,-3.943553459299279,8066305.192740709,20000000.0,5.000000000000001,5.000000000000001,1613261.0385481415,62.077046453980344,1613261.0385481415,62.077046453980344,52.087839588339406,52.0846498094107,,,,,,0.8349390115782608,-0.7834524655516635,16698780.231565217,20000000.0,5.000000000000001,5.000000000000001,3339756.0463130428,65.23714744772796,3339756.0463130428,65.23714744772796,24.335052770668476,24.339696004931582,1.0073128316979638,1.7392980755407124,0.07956691307851162,0.07918061678550617,0.01056982170606079,0.9964772557415327,-0.01532609475961371,19929545.114830654,20000000.0,5.000000000000001,5.000000000000001,3985909.02296613,66.00527381852001,3985909.02296613,66.00527381852001,3.4041564417815358,3.40716109529392,0.06939880138362249,0.11654405557624929,0.017309566730473173,0.03869977859513151,0.003352030564139262
261,8,13.05,21,0.4035648140738512,-3.9408670596265036,8071296.281477024,20000000.0,5.000000000000001,5.000000000000001,1614259.2562954044,62.07973285365312,1614259.2562954044,62.07973285365312,52.080689075375595,52.07458114455484,,,,,,0.8352444837294973,-0.7818638392539048,16704889.674589947,20000000.0,5.000000000000001,5.000000000000001,3340977.9349179887,65.23873607402572,3340977.9349179887,65.23873607402572,24.307978677812027,24.312094620740147,1.0060207794256,1.7302828110029107,0.07932302191219762,0.07902231169482743,0.010501955930077127,0.9964750201492331,-0.015335838147965295,19929500.40298466,20000000.0,5.000000000000001,5.000000000000001,3985900.0805969313,66.00526407513166,3985900.0805969313,66.00526407513166,3.40509243759343,3.4083464753003163,0.06926116456380352,0.11609815982525058,0.017324403409515868,0.038725602943211826,0.00334173255878432
262,8,13.100000000000001,22,0.4044753946300353,-3.9310789259663643,8089507.892600706,20000000.0,5.000000000000001,5.000000000000001,1617901.5785201408,62.089520987313264,1617901.5785201408,62.089520987313264,52.02792946399561,52.023387041221994,,,,,,0.8361762409340473,-0.7770217662993644,16723524.818680946,20000000.0,5.000000000000001,5.000000000000001,3344704.9637361886,65.24357814698025,3344704.9637361886,65.24357814698025,24.236262733885788,24.236435528316132,1.0015643503452372,1.7302640014568353,0.07904030801905088,0.07886240156097604,0.010431893663012065,0.996458873600371,-0.015406210347411757,19929177.47200742,20000000.0,5.000000000000001,5.000000000000001,3985835.4944014833,66.00519370293222,3985835.4944014833,66.00519370293222,3.412905499000858,3.41611007578332,0.06958560677267148,0.1162962754386718,0.0173295988205547,0.03875057140312304,0.003331164248951622
263,8,13.15,23,0.40585098977094985,-3.9163339055793833,8117019.795418997,20000000.0,5.000000000000001,5.000000000000001,1623403.9590837993,62.10426600770024,1623403.9590837993,62.10426600770024,51.943772335750296,51.93966611213581,,,,,,0.8364826081063009,-0.7754308432739034,16729652.16212602,20000000.0,5.000000000000001,5.000000000000001,3345930.4324252033,65.24516907000572,3345930.4324252033,65.24516907000572,24.204183845808792,24.204016551247868,1.0013442526445957,1.7286960314457818,0.07885703501556134,0.07871785882086901,0.010370919714267254,0.9964787120658405,-0.01531974766895078,19929574.24131681,20000000.0,5.000000000000001,5.000000000000001,3985914.8482633615,66.00528016561067,3985914.8482633615,66.00528016561067,3.403275496480121,3.4063912406239205,0.06928007932799898,0.11609239790973583,0.017332392955506513,0.0387747886340336,0.003320409751976141
264,8,13.200000000000001,24,0.4070271052031676,-3.903766687890238,8140542.104063352,20000000.0,5.000000000000001,5.000000000000001,1628108.4208126701,62.116833225389385,1628108.4208126701,62.116833225389385,51.87423405986258,51.874417182257694,,,,,,0.8368972145956989,-0.7732787758024482,16737944.291913977,20000000.0,5.000000000000001,5.000000000000001,3347588.858382795,65.24732113747717,3347588.858382795,65.24732113747717,24.17876878970698,24.17757068216877,1.000353624068517,1.728648524998309,0.07867595642753662,0.07855190365525591,0.010307544840041132,0.9964821613821302,-0.015304714568693594,19929643.227642603,20000000.0,5.000000000000001,5.000000000000001,3985928.64552852,66.00529519871093,3985928.64552852,66.00529519871093,3.401783970822007,3.4050829853408415,0.06919697446694945,0.11585784075554321,0.017335516510565814,0.03879825567846313,0.003309667672160287
265,8,13.25,25,0.40791104825736785,-3.894345316718012,8158220.9651473565,20000000.0,5.000000000000001,5.000000000000001,1631644.193029471,62.12625459656161,1631644.193029471,62.12625459656161,51.81729096781493,51.82256994203825,,,,,,0.8347132826235932,-0.7846267560354441,16694265.652471865,20000000.0,5.000000000000001,5.000000000000001,3338853.1304943725,65.23597315724417,3338853.1304943725,65.23597315724417,24.35845531158713,24.3575032916988,1.0069246879319427,1.7367130287805754,0.07848204081373635,0.07837833499095281,0.010242973077837446,0.9964888923214167,-0.01527537937303455,19929777.846428335,20000000.0,5.000000000000001,5.000000000000001,3985955.569285666,66.00532453390659,3985955.569285666,66.00532453390659,3.3985467007652295,3.401646843996475,0.06903223280262145,0.11571215858563129,0.017333492233458665,0.03881973877332292,0.0032984455008013896
266,8,13.3,26,0.40786005301542916,-3.894888286484202,8157201.060308583,20000000.0,5.000000000000001,5.000000000000001,1631440.2120617162,62.12571162679542,1631440.2120617162,62.12571162679542,51.8216350290974,51.82145128709114,,,,,,0.8374943444553414,-0.7701811704351182,16749886.889106829,20000000.0,5.000000000000001,5.000000000000001,3349977.3778213654,65.25041874284452,3349977.3778213654,65.25041874284452,24.135410745143993,24.136239430745977,0.9980837001646841,1.7302918809173544,0.07828333570407187,0.07821062900296674,0.010179109044272962,0.9964851679961544,-0.015291610933117913,19929703.359923087,20000000.0,5.000000000000001,5.000000000000001,3985940.6719846167,66.0053083023465,3985940.6719846167,66.0053083023465,3.400299542421352,3.4033990968639722,0.06899674636161861,0.11539979836683238,0.01733088180915577,0.03884096990211035,0.0032870989802924787
267,8,13.350000000000001,27,0.4070028165097422,-3.9040258539294475,8140056.330194844,20000000.0,5.000000000000001,5.000000000000001,1628011.2660389685,62.11657405935018,1628011.2660389685,62.11657405935018,51.87516768790673,51.8747381528496,,,,,,0.8375128038279042,-0.7700854478150455,16750256.076558083,20000000.0,5.000000000000001,5.000000000000001,3350051.215311616,65.25051446546458,3350051.215311616,65.25051446546458,24.119401734753602,24.123947385662966,0.998595686945238,1.7306297573382998,0.07811136166593727,0.07813975880322238,0.010130079974922667,0.9964894140813771,-0.015273105414798501,19929788.281627543,20000000.0,5.000000000000001,5.000000000000001,3985957.656325508,66.00532680786483,3985957.656325508,66.00532680786483,3.3981838374161177,3.401286393934118,0.06892438217012939,0.11514725650334043,0.01732345438110799,0.03886416213976747,0.003276143747574233
268,8,13.4,28,0.40593956079436566,-3.9153862250021247,8118791.215887313,20000000.0,5.000000000000001,5.000000000000001,1623758.2431774624,62.105213688277495,1623758.2431774624,62.105213688277495,51.936601717234154,51.9363962845016,,,,,,0.8376858817704543,-0.769188040285988,16753717.635409087,20000000.0,5.000000000000001,5.000000000000001,3350743.527081817,65.25141187299363,3350743.527081817,65.25141187299363,24.112820934209648,24.11153393572958,0.9980666460930754,1.7352384839973687,0.07793545732045751,0.07801628535122986,0.010074376737431294,0.9964911605526464,-0.015265493872120155,19929823.211052928,20000000.0,5.000000000000001,5.000000000000001,3985964.642210585,66.0053344194075,3985964.642210585,66.0053344194075,3.397343739992831,3.399938091911216,0.06879655794779607,0.11505959679203044,0.017310977442528564,0.038885670194982444,0.0032649410076689067
269,8,13.450000000000001,29,0.404524529269437,-3.9305513881469327,8090490.58538874,20000000.0,5.000000000000001,5.000000000000001,1618098.1170777476,62.09004852513269,1618098.1170777476,62.09004852513269,52.01668463623629,52.01285911983607,,,,,,0.8377891306017439,-0.7686527843446261,16755782.612034878,20000000.0,5.000000000000001,5.000000000000001,3351156.522406975,65.251947128935,3351156.522406975,65.251947128935,24.105320759419282,24.10411155687882,0.9968081501329926,1.7261790508567265,0.07773251073338489,0.07786736735490571,0.010014009869743244,0.996493267252362,-0.015256312384811647,19929865.34504724,20000000.0,5.000000000000001,5.000000000000001,3985973.069009447,66.00534360089482,3985973.069009447,66.00534360089482,3.3962536867999638,3.399193079497052,0.06878733447020943,0.11498964367126649,0.01730060290196764,0.03890807346148491,0.0032542211424561574
270,9,13.5,0,0.40299712859444037,-3.946980482510307,8059942.571888807,20000000.0,5.000000000000001,5.000000000000001,1611988.5143777612,62.07361943076932,1611988.5143777612,62.07361943076932,52.1095482804141,52.10817730709304,,,,,,0.8375822318865805,-0.7697254417002065,16751644.637731612,20000000.0,5.000000000000001,5.000000000000001,3350328.927546322,65.25087447157942,3350328.927546322,65.25087447157942,24.12166831419733,24.11984104961973,0.9981130208820582,1.731084722857642,0.07767922720238071,0.0777151855265063,0.009963222313391897,0.996492500765581,-0.015259652910215827,19929850.01531162,20000000.0,5.000000000000001,5.000000000000001,3985970.0030623237,66.00534026036941,3985970.0030623237,66.00534026036941,3.3966112099656582,3.399350958313993,0.06858414987739102,0.11481805263140502,0.01729366381033399,0.03892862602803039,0.0032434580557518682
271,9,13.55,1,0.401766005336062,-3.960268130321344,8035320.10672124,20000000.0,5.000000000000001,5.000000000000001,1607064.0213442477,62.06033178295827,1607064.0213442477,62.06033178295827,52.183771213294996,52.18059433449777,,,,,,0.8359260993210336,-0.7783211499605351,16718521.986420672,20000000.0,5.000000000000001,5.000000000000001,3343704.397284134,65.24227876331909,3343704.397284134,65.24227876331909,24.257342865104636,24.255096533754294,1.003451949955841,1.7315720599389892,0.07746433253138592,0.07755155099581504,0.009901026531277094,0.9964896876650776,-0.015271913070218978,19929793.753301553,20000000.0,5.000000000000001,5.000000000000001,3985958.75066031,66.0053280002094,3985958.75066031,66.0053280002094,3.3981257833585246,3.401064930984215,0.06849959430389836,0.11457441907096215,0.017282785981928932,0.03894940146008983,0.003232716246505774
272,9,13.600000000000001,2,0.40094131247880926,-3.969191922972465,8018826.249576186,20000000.0,5.000000000000001,5.000000000000001,1603765.2499152368,62.051407990307155,1603765.2499152368,62.051407990307155,52.2353467832197,52.23112047712753,,,,,,0.8363797903680678,-0.7759646968228073,16727595.807361355,20000000.0,5.000000000000001,5.000000000000001,3345519.1614722703,65.24463521645681,3345519.1614722703,65.24463521645681,24.216100347560577,24.213834578368253,1.0010730807132942,1.7286063578401378,0.0772185070233433,0.0773747309288387,0.00983555078625179,0.9964951531510735,-0.015248093216095354,19929903.06302147,20000000.0,5.000000000000001,5.000000000000001,3985980.612604293,66.00535182006352,3985980.612604293,66.00535182006352,3.3954316388566874,3.39809951701206,0.06808220363221398,0.11434043285689925,0.01726882247175553,0.038970232174680736,0.003222097608636173
273,9,13.65,3,0.40113420046895865,-3.9671030874448885,8022684.009379173,20000000.0,5.000000000000001,5.000000000000001,1604536.8018758344,62.053496825834735,1604536.8018758344,62.053496825834735,52.222645979205275,52.21490423556371,,,,,,0.8380868144113766,-0.7671099202964868,16761736.288227532,20000000.0,5.000000000000001,5.000000000000001,3352347.257645506,65.25348999298313,3352347.257645506,65.25348999298313,24.084062512673576,24.0841653976887,0.9966646267447622,1.7231039554802017,0.07706830149246438,0.07722118948762656,0.009779422177479475,0.9965017758729465,-0.01521923003499602,19930035.51745893,20000000.0,5.000000000000001,5.000000000000001,3986007.1034917855,66.00538068324462,3986007.1034917855,66.00538068324462,3.3921980474399653,3.3949167380919243,0.068151372189492,0.11409566602808656,0.01725363190381515,0.03898978210227757,0.0032113414390944387
274,9,13.700000000000001,4,0.4020196240091158,-3.957527469382682,8040392.480182315,20000000.0,5.000000000000001,5.000000000000001,1608078.4960364627,62.06307244389694,1608078.4960364627,62.06307244389694,52.16850098560311,52.16319643525986,,,,,,0.8373379934122221,-0.7709920264704183,16746759.868244443,20000000.0,5.000000000000001,5.000000000000001,3349351.973648888,65.2496078868092,3349351.973648888,65.2496078868092,24.143644875894534,24.143404607964733,0.9980308137281698,1.7289264218682128,0.07694363602173689,0.07710468823239171,0.009730004930319355,0.9965039342993429,-0.015209823211234668,19930078.685986858,20000000.0,5.000000000000001,5.000000000000001,3986015.7371973707,66.00539009006839,3986015.7371973707,66.00539009006839,3.3910972826536607,3.3936354018546253,0.06815341589581533,0.11412105909710098,0.01723749411408028,0.039009178350001325,0.0032005275957312424
275,9,13.75,5,0.40317372347787456,-3.945077804326461,8063474.469557491,20000000.0,5.000000000000001,5.000000000000001,1612694.893911498,62.07552210895316,1612694.893911498,62.07552210895316,52.10291129126489,52.101327233348115,,,,,,0.8369808392937588,-0.7728448404286726,16739616.785875175,20000000.0,5.000000000000001,5.000000000000001,3347923.3571750345,65.24775507285095,3347923.3571750345,65.24775507285095,24.173702213486315,24.175950956880584,1.000514130879027,1.732605480907378,0.07673229434060828,0.07692296080286783,0.00966720186941791,0.9965030204074314,-0.015213806119706456,19930060.408148628,20000000.0,5.000000000000001,5.000000000000001,3986012.0816297247,66.00538610715992,3986012.0816297247,66.00538610715992,3.3915917694539437,3.394213097851665,0.06797224061758977,0.11385116329425563,0.017211553065742506,0.03902561340056002,0.0031890696459452596
276,9,13.8,6,0.40456326844465806,-3.93013550719823,8091265.368893161,20000000.0,5.000000000000001,5.000000000000001,1618253.073778632,62.090464406081395,1618253.073778632,62.090464406081395,52.01825103545265,52.01416179290233,,,,,,0.8369099275788279,-0.7732128043021189,16738198.551576559,20000000.0,5.000000000000001,5.000000000000001,3347639.7103153113,65.2473871089775,3347639.7103153113,65.2473871089775,24.18334679045237,24.181710432985994,0.9999593221694252,1.731236471359841,0.07660315850969501,0.07681328887089149,0.00961920235985041,0.9964976656111131,-0.015237143377030036,19929953.31222226,20000000.0,5.000000000000001,5.000000000000001,3985990.6624444514,66.00536276990259,3985990.6624444514,66.00536276990259,3.3942092140111804,3.396813650947034,0.06814961858776156,0.11383220477849054,0.017180711910607802,0.03904338039774577,0.003177724251327759
277,9,13.850000000000001,7,0.40593919217095326,-3.9153901687218813,8118783.843419065,20000000.0,5.000000000000001,5.000000000000001,1623756.7686838126,62.10520974455775,1623756.7686838126,62.10520974455775,51.92943620076314,51.927936461027954,,,,,,0.8364088774831882,-0.7758136631168131,16728177.549663763,20000000.0,5.000000000000001,5.000000000000001,3345635.5099327522,65.2447862501628,3345635.5099327522,65.2447862501628,24.212398524069776,24.216108121197927,1.0010379621304888,1.7279182016954007,0.07650232593498621,0.07670925444082625,0.009573809861459335,0.9964865545067586,-0.015285568158925854,19929731.090135172,20000000.0,5.000000000000001,5.000000000000001,3985946.218027034,66.0053143451207,3985946.218027034,66.0053143451207,3.3995490843321563,3.4021372794654674,0.06811489754919019,0.11374672676737749,0.017146899123068885,0.03905946736350295,0.003166157326225022
278,9,13.9,8,0.40630260028842946,-3.9115039823154407,8126052.00576859,20000000.0,5.000000000000001,5.000000000000001,1625210.4011537177,62.10909593096418,1625210.4011537177,62.10909593096418,51.91339044510886,51.9137064739989,,,,,,0.8361650080599474,-0.7770801081627909,16723300.161198948,20000000.0,5.000000000000001,5.000000000000001,3344660.032239789,65.24351980511683,3344660.032239789,65.24351980511683,24.243710788102813,24.24299084918838,1.003941862048897,1.735841050809713,0.07633219289080032,0.07658540142470381,0.009521838264412724,0.9965068720606949,-0.015197019933497934,19930137.4412139,20000000.0,5.000000000000001,5.000000000000001,3986027.488242779,66.00540289334613,3986027.488242779,66.00540289334613,3.3896869264565255,3.3922665493318234,0.06749648333555128,0.11337221563101778,0.017111457928397602,0.0390762747491996,0.0031547757850147054
279,9,13.950000000000001,9,0.40610294035821043,-3.913638660216039,8122058.807164209,20000000.0,5.000000000000001,5.000000000000001,1624411.7614328414,62.10696125306359,1624411.7614328414,62.10696125306359,51.93025003908023,51.93290847142562,,,,,,0.8373856677719211,-0.7707447652436139,16747713.355438422,20000000.0,5.000000000000001,5.000000000000001,3349542.671087684,65.249855148036,3349542.671087684,65.249855148036,24.141828893449876,24.14371238845599,0.9975832056917424,1.7264378747055218,0.07629742507183618,0.07645071851606929,0.009477417919713271,0.9965001119911822,-0.015226481555159698,19930002.239823643,20000000.0,5.000000000000001,5.000000000000001,3986000.447964728,66.00537343172446,3986000.447964728,66.00537343172446,3.3929765246655754,3.3954847617264527,0.06774002257084936,0.11319052333983018,0.017077148920609193,0.039092010807900854,0.003143428608254699
280,9,14.0,10,0.4059021060127853,-3.915786953509612,8118042.120255706,20000000.0,5.000000000000001,5.000000000000001,1623608.424051141,62.10481295977001,1623608.424051141,62.10481295977001,51.93735308294839,51.938423253954724,,,,,,0.8353285832177101,-0.7814265768028911,16706571.664354201,20000000.0,5.000000000000001,5.000000000000001,3341314.3328708396,65.23917333647672,3341314.3328708396,65.23917333647672,24.301944455331146,24.300149515860888,1.0051356503076552,1.73112711056828,0.07626682480359778,0.07633381177698402,0.009435665390221866,0.9965110972753503,-0.015178605775292434,19930221.945507005,20000000.0,5.000000000000001,5.000000000000001,3986044.3891014,66.00542130750432,3986044.3891014,66.00542130750432,3.387677444142715,3.390135904144241,0.0675196873495538,0.11298309618549689,0.017043987570181295,0.03910773571715766,0.003132158839368914
281,9,14.05,11,0.40524299639395633,-3.922844821024986,8104859.927879127,20000000.0,5.000000000000001,5.000000000000001,1620971.985575825,62.097755092254644,1620971.985575825,62.097755092254644,51.96957482620811,51.97369220996345,,,,,,0.8364292331627957,-0.7757079701717141,16728584.663255915,20000000.0,5.000000000000001,5.000000000000001,3345716.9326511826,65.2448919431079,3345716.9326511826,65.2448919431079,24.220898398534167,24.22075365666469,1.000926421303052,1.7275465823050715,0.07611226111703442,0.07616483600084989,0.009380130195043223,0.9965071399958819,-0.015195852226973706,19930142.79991764,20000000.0,5.000000000000001,5.000000000000001,3986028.559983527,66.00540406105264,3986028.559983527,66.00540406105264,3.3894930674455397,3.3918897069828136,0.06762449556579964,0.11283248006423086,0.01700603946621922,0.039122083723344185,0.0031205957379757884
282,9,14.100000000000001,12,0.4035429240984858,-3.941102634012993,8070858.481969716,20000000.0,5.000000000000001,5.000000000000001,1614171.696393943,62.07949727926663,1614171.696393943,62.07949727926663,52.080400008971125,52.08225077546899,,,,,,0.8365610889342506,-0.7750233967666899,16731221.778685013,20000000.0,5.000000000000001,5.000000000000001,3346244.355737002,65.24557651651294,3346244.355737002,65.24557651651294,24.204714420940803,24.207591839972803,1.0028682647173313,1.7309222596952316,0.0760242115022421,0.07603613272530205,0.009333893319777714,0.9965235309059041,-0.015124418486589467,19930470.61811808,20000000.0,5.000000000000001,5.000000000000001,3986094.1236236156,66.00547549479303,3986094.1236236156,66.00547549479303,3.381558637843618,3.384016754506874,0.06734132081835853,0.11265996498438506,0.016969775912464492,0.03913672141320158,0.003109176437511999
283,9,14.15,13,0.4021442924685123,-3.9561809074863414,8042885.849370246,20000000.0,5.000000000000001,5.000000000000001,1608577.1698740488,62.06441900579328,1608577.1698740488,62.06441900579328,52.16914487924761,52.16750285412159,,,,,,0.8351636145250452,-0.7822843478627126,16703272.290500904,20000000.0,5.000000000000001,5.000000000000001,3340654.45810018,65.23831556541691,3340654.45810018,65.23831556541691,24.319370938662793,24.323527515571815,1.0067242065799284,1.7376263686076148,0.07595878292331254,0.0759470864371765,0.00929422249956012,0.9965145232080985,-0.015163675072218125,19930290.46416197,20000000.0,5.000000000000001,5.000000000000001,3986058.092832393,66.00543623820741,3986058.092832393,66.00543623820741,3.385903178173776,3.3881547695897907,0.06728598426664974,0.11253615717639635,0.01693961420934409,0.0391518054676455,0.0030981290962444658
284,9,14.200000000000001,14,0.4016758960297142,-3.961242288492894,8033517.920594284,20000000.0,5.000000000000001,5.000000000000001,1606703.5841188566,62.059357624786735,1606703.5841188566,62.059357624786735,52.19880270463599,52.20045617043665,,,,,,0.8355987233627165,-0.7800223221129721,16711974.46725433,20000000.0,5.000000000000001,5.000000000000001,3342394.8934508655,65.24057759116666,3342394.8934508655,65.24057759116666,24.284278956222582,24.282445770664797,1.0040253278034104,1.730423610572166,0.07586728965853864,0.0757523105546636,0.009240309512155145,0.9965189180532854,-0.01514452178583596,19930378.361065708,20000000.0,5.000000000000001,5.000000000000001,3986075.672213141,66.00545539149378,3986075.672213141,66.00545539149378,3.3838931199927322,3.386381351730705,0.06715140866698352,0.11241031875234056,0.01691369539072215,0.039165473357566156,0.003087134742927271
285,9,14.25,15,0.402488829129711,-3.9524616874865592,8049776.5825942205,20000000.0,5.000000000000001,5.000000000000001,1609955.3165188439,62.068138225793064,1609955.3165188439,62.068138225793064,52.14119320206216,52.14064638459583,,,,,,0.8375319012888235,-0.7699864185548634,16750638.02577647,20000000.0,5.000000000000001,5.000000000000001,3350127.6051552934,65.25061349472476,3350127.6051552934,65.25061349472476,24.119748908162162,24.120554263678553,0.9983876298750431,1.7297709304974607,0.07567272672605226,0.07558107564762068,0.009183274612042826,0.9965240049552042,-0.015122352534909943,19930480.099104084,20000000.0,5.000000000000001,5.000000000000001,3986096.019820816,66.00547756074471,3986096.019820816,66.00547756074471,3.381413931503238,3.383646989126922,0.06707667511403789,0.11226068690356528,0.01688483274050284,0.03917853314540126,0.0030761744456719634
286,9,14.3,16,0.40378799245650693,-3.9384659992288107,8075759.849130139,20000000.0,5.000000000000001,5.000000000000001,1615151.9698260275,62.082133914050814,1615151.9698260275,62.082133914050814,52.058186362255455,52.064388511337334,,,,,,0.8373404509410681,-0.7709792802477565,16746809.018821362,20000000.0,5.000000000000001,5.000000000000001,3349361.803764272,65.24962063303187,3349361.803764272,65.24962063303187,24.142268187076937,24.141357161507237,0.9988087547469201,1.727814348152949,0.0755298876797725,0.07545526475181959,0.009135129271477756,0.9965280770073136,-0.015104606187213968,19930561.540146273,20000000.0,5.000000000000001,5.000000000000001,3986112.308029254,66.00549530709242,3986112.308029254,66.00549530709242,3.3793388361213035,3.381654227747741,0.06718100843214793,0.11225948537117607,0.016857099573927788,0.039191758433935436,0.003065257423843223
287,9,14.350000000000001,17,0.4047405659447004,-3.928232653810329,8094811.318894008,20000000.0,5.000000000000001,5.000000000000001,1618962.2637788013,62.09236725946929,1618962.2637788013,62.09236725946929,52.00250709034036,51.99999398057115,,,,,,0.8360056666959087,-0.7779077877339629,16720113.333918175,20000000.0,5.000000000000001,5.000000000000001,3344022.6667836346,65.24269212554566,3344022.6667836346,65.24269212554566,24.25376012053802,24.253172813589938,1.0026908412419755,1.7302462245932655,0.07539830669468575,0.0753687890711674,0.009092854755367405,0.9965231434059767,-0.015126107248647706,19930462.868119534,20000000.0,5.000000000000001,5.000000000000001,3986092.573623906,66.00547380603098,3986092.573623906,66.00547380603098,3.381766864341111,3.3838206369330215,0.06712020758510803,0.11207169759616438,0.016831328263571456,0.03920585950147278,0.0030546120965827166
288,9,14.4,18,0.4055667170389673,-3.919376927265267,8111334.340779346,20000000.0,5.000000000000001,5.000000000000001,1622266.868155869,62.10122298601435,1622266.868155869,62.10122298601435,51.95733449125046,51.95691402243788,,,,,,0.8369085804830678,-0.7732197947404772,16738171.609661356,20000000.0,5.000000000000001,5.000000000000001,3347634.3219322707,65.24738011853914,3347634.3219322707,65.24738011853914,24.175292359356114,24.17547156274653,1.0002585822625276,1.7333922910145483,0.0752601988157682,0.07521166819723817,0.00904186423111767,0.9965357080886802,-0.015071349484109299,19930714.161773603,20000000.0,5.000000000000001,5.000000000000001,3986142.8323547198,66.00552856379552,3986142.8323547198,66.00552856379552,3.3756137806079445,3.377779959176789,0.06664109761748063,0.1116608406778441,0.016802560617112182,0.039218457207134114,0.003043681448312054
289,9,14.450000000000001,19,0.4059061247440259,-3.9157439553547295,8118122.494880518,20000000.0,5.000000000000001,5.000000000000001,1623624.4989761033,62.1048559579249,1623624.4989761033,62.1048559579249,51.94350211409858,51.94136789784416,,,,,,0.8377785658803327,-0.7687075502633223,16755571.317606654,20000000.0,5.000000000000001,5.000000000000001,3351114.2635213304,65.2518923630163,3351114.2635213304,65.2518923630163,24.115871999551075,24.116221185162914,0.9977420487501562,1.7317962202271189,0.07511091716971945,0.0750853839702895,0.00899428452803359,0.9965324335802218,-0.015085619954091647,19930648.671604436,20000000.0,5.000000000000001,5.000000000000001,3986129.7343208864,66.00551429332553,3986129.7343208864,66.00551429332553,3.3772356154548637,3.379333746805925,0.06675781212971574,0.11157878116675708,0.016773977450572543,0.039231229982824196,0.003032951114221042
290,9,14.5,20,0.40600496719107637,-3.914686530965032,8120099.343821527,20000000.0,5.000000000000001,5.000000000000001,1624019.8687643053,62.10591338231459,1624019.8687643053,62.10591338231459,51.94245115628022,51.933262377425955,,,,,,0.8361617951829756,-0.7770967955080775,16723235.903659511,20000000.0,5.000000000000001,5.000000000000001,3344647.180731902,65.24350311777154,3344647.180731902,65.24350311777154,24.242844904396218,24.240399688196636,1.0021095030851204,1.7321323437305427,0.07497927265333705,0.0749675141394088,0.00894904314088461,0.9965315266975164,-0.015089572202113065,19930630.53395033,20000000.0,5.000000000000001,5.000000000000001,3986126.106790065,66.00551034107751,3986126.106790065,66.00551034107751,3.3777447363429345,3.3800678330682077,0.06655683458078361,0.11152576027363563,0.01674648581472657,0.03924329714864875,0.003022149071005584
291,9,14.55,21,0.4065361842993108,-3.9090079338565697,8130723.685986216,20000000.0,5.000000000000001,5.000000000000001,1626144.737197243,62.11159197942305,1626144.737197243,62.11159197942305,51.90493467986305,51.90029762899434,,,,,,0.8378319141698043,-0.7684310078565976,16756638.283396086,20000000.0,5.000000000000001,5.000000000000001,3351327.656679217,65.25216890542302,3351327.656679217,65.25216890542302,24.101819778698278,24.104442474405502,0.9961201682014545,1.732419266827271,0.0748457097410876,0.07483844165650223,0.008902649197947452,0.9965339258286046,-0.01507911665594306,19930678.51657209,20000000.0,5.000000000000001,5.000000000000001,3986135.7033144175,66.00552079662367,3986135.7033144175,66.00552079662367,3.3766133038682566,3.379048681962621,0.06674427467579648,0.11136251710842252,0.01671424574198124,0.03925466420090863,0.0030111888748113316
292,9,14.600000000000001,22,0.4067174062387351,-3.9070724074596344,8134348.124774702,20000000.0,5.000000000000001,5.000000000000001,1626869.62495494,62.11352750581999,1626869.62495494,62.11352750581999,51.88549277128135,51.89099962313669,,,,,,0.8355876202437384,-0.7800800299002885,16711752.404874768,20000000.0,5.000000000000001,5.000000000000001,3342350.480974953,65.24051988337933,3342350.480974953,65.24051988337933,24.29106126005897,24.289612334500422,1.0048269004531103,1.7335635373229112,0.07462919091378692,0.07472666349931115,0.008853653209605461,0.9965263070732284,-0.01511231970083073,19930526.14146457,20000000.0,5.000000000000001,5.000000000000001,3986105.228292913,66.00548759357879,3986105.228292913,66.00548759357879,3.3801069507646746,3.3822403619812533,0.0664861666678144,0.11105382211563071,0.016679378973126182,0.039266806321801115,0.0030004288378821936
293,9,14.65,23,0.4054928573259359,-3.920167913942621,8109857.1465187175,20000000.0,5.000000000000001,5.000000000000001,1621971.4293037432,62.100431999337005,1621971.4293037432,62.100431999337005,51.96632591268244,51.96789432314976,,,,,,0.8361449279454763,-0.7771844032186705,16722898.558909526,20000000.0,5.000000000000001,5.000000000000001,3344579.7117819046,65.24341551006096,3344579.7117819046,65.24341551006096,24.23807522311235,24.235637184243178,1.0027352332662578,1.7292382488220408,0.07449229521208342,0.07464393034335892,0.008813107512205152,0.9965415536664695,-0.015045874283261484,19930831.07332939,20000000.0,5.000000000000001,5.000000000000001,3986166.214665877,66.00555403899637,3986166.214665877,66.00555403899637,3.372838646638749,3.3747468205568962,0.06633188132641499,0.1110379207745319,0.01664162043936583,0.0392783310225696,0.0029897186652625817
294,9,14.700000000000001,24,0.4049262873071914,-3.926240284628065,8098525.746143827,20000000.0,5.000000000000001,5.000000000000001,1619705.1492287652,62.09435962865156,1619705.1492287652,62.09435962865156,51.99975534350294,52.00182647012237,,,,,,0.8373932448207481,-0.7707054684687389,16747864.896414962,20000000.0,5.000000000000001,5.000000000000001,3349572.979282992,65.24989444481088,3349572.979282992,65.24989444481088,24.140314911411114,24.137417036003782,0.9998233461252706,1.7328522539969682,0.07430483133661561,0.07449621197596469,0.00876214161739634,0.9965403273928176,-0.015051218407708757,19930806.547856353,20000000.0,5.000000000000001,5.000000000000001,3986161.30957127,66.00554869487192,3986161.30957127,66.00554869487192,3.3733957018135525,3.375522577604572,0.06607448427142622,0.11081514051527233,0.01660151545751669,0.039288503474560074,0.002978781864870615
295,9,14.75,25,0.40462124303644575,-3.9295132005428304,8092424.860728915,20000000.0,5.000000000000001,5.000000000000001,1618484.9721457828,62.09108671273679,1618484.9721457828,62.09108671273679,52.018389020460155,52.019429470647786,,,,,,0.836017710101979,-0.7778452241972046,16720354.20203958,20000000.0,5.000000000000001,5.000000000000001,3344070.8404079154,65.24275468908242,3344070.8404079154,65.24275468908242,24.253772402575528,24.252202166331852,1.0037918293004096,1.7365748497279967,0.07423070417586683,0.07438603068391317,0.008722592085641192,0.9965486193440382,-0.015015082050972564,19930972.386880763,20000000.0,5.000000000000001,5.000000000000001,3986194.477376152,66.00558483122865,3986194.477376152,66.00558483122865,3.3693595993054415,3.3714645428496928,0.06612480369267866,0.11064402697124123,0.01656603868654418,0.03929882691663276,0.002968022334324761
296,9,14.8,26,0.4053488305975472,-3.921710755534888,8106976.611950944,20000000.0,5.000000000000001,5.000000000000001,1621395.3223901885,62.098889157744736,1621395.3223901885,62.098889157744736,51.966213607276515,51.9679629945551,,,,,,0.8365450013902882,-0.7751069148605021,16730900.027805764,20000000.0,5.000000000000001,5.000000000000001,3346180.0055611525,65.24549299841912,3346180.0055611525,65.24549299841912,24.207963255510485,24.207393123871718,1.0014239357687431,1.7305317148384642,0.07410982904269267,0.07427821833278578,0.008680719839187459,0.9965452631141799,-0.015029708477958953,19930905.262283597,20000000.0,5.000000000000001,5.000000000000001,3986181.052456719,66.00557020480166,3986181.052456719,66.00557020480166,3.371019871845207,3.3728376879272277,0.06599733362892066,0.11048288325835806,0.01653205702140111,0.03930891205323349,0.002957439420837248
297,9,14.850000000000001,27,0.40604470536301435,-3.914261481380243,8120894.107260287,20000000.0,5.000000000000001,5.000000000000001,1624178.821452057,62.10633843189938,1624178.821452057,62.10633843189938,51.927052466420285,51.932257408723444,,,,,,0.8371722572781758,-0.7718517200873869,16743445.145563517,20000000.0,5.000000000000001,5.000000000000001,3348689.0291127027,65.24874819319224,3348689.0291127027,65.24874819319224,24.15353569336755,24.15300058243952,1.0003623375687525,1.7304540576921579,0.07391811818004262,0.07414565506513549,0.008632117087397442,0.9965559582234016,-0.01498309943604325,19931119.16446803,20000000.0,5.000000000000001,5.000000000000001,3986223.8328936053,66.00561681384357,3986223.8328936053,66.00561681384357,3.365802458734707,3.3675333116736916,0.06576837478627637,0.11017060678337698,0.01649528703969522,0.03931851009391503,0.002946794619160836
298,9,14.9,28,0.4063813176170391,-3.910662658873472,8127626.352340782,20000000.0,5.000000000000001,5.000000000000001,1625525.270468156,62.109937254406155,1625525.270468156,62.109937254406155,51.91541544567828,51.91717821746293,,,,,,0.8354820594663771,-0.7806287139405899,16709641.189327542,20000000.0,5.000000000000001,5.000000000000001,3341928.2378655076,65.23997119933904,3341928.2378655076,65.23997119933904,24.294872595028004,24.29234351838657,1.005503614232641,1.7394625038460223,0.07384482741877224,0.07404938404491748,0.00859500470456269,0.9965465756294001,-0.015023988539655503,19930931.512588,20000000.0,5.000000000000001,5.000000000000001,3986186.3025175994,66.00557592473996,3986186.3025175994,66.00557592473996,3.3703873467851033,3.372501588666927,0.06574220742029718,0.11025298610932133,0.016461201690999662,0.03932859778361866,0.00293641299758275
299,9,14.950000000000001,29,0.4070935544702364,-3.9030577376938345,8141871.089404727,20000000.0,5.000000000000001,5.000000000000001,1628374.2178809452,62.11754217558579,1628374.2178809452,62.11754217558579,51.87548247345777,51.874391976045196,,,,,,0.8362410142288836,-0.7766853588095548,16724820.284577673,20000000.0,5.000000000000001,5.000000000000001,3344964.056915534,65.24391455447007,3344964.056915534,65.24391455447007,24.22927207279808,24.22837117359571,1.0027124925336834,1.7327394380473393,0.07369627060649875,0.07391572220584858,0.00854933511490094,0.9965584255064918,-0.014972347143649988,19931168.510129835,20000000.0,5.000000000000001,5.000000000000001,3986233.7020259663,66.00562756613597,3986233.7020259663,66.00562756613597,3.3645629277569973,3.3664500904342938,0.06551773974073546,0.10993475291883983,0.016428018227293985,0.03933780077566971,0.0029260372252927704
300,10,15.0,0,0.40809625466671223,-3.8923739097787773,8161925.093334245,20000000.0,5.000000000000001,5.000000000000001,1632385.0186668485,62.12822600350084,1632385.0186668485,62.12822600350084,51.810086173757654,51.80647074742778,,,,,,0.8372349789959247,-0.771526354843658,16744699.579918494,20000000.0,5.000000000000001,5.000000000000001,3348939.9159836983,65.24907355843597,3348939.9159836983,65.24907355843597,24.15186927914477,24.149676735055163,0.9989312150733374,1.7365788081132991,0.07353648207648074,0.07381162316189256,0.008506681715991421,0.9965582317604497,-0.014973191477940882,19931164.635208994,20000000.0,5.000000000000001,5.000000000000001,3986232.927041798,66.00562672180169,3986232.927041798,66.00562672180169,3.3646020487414026,3.3666875370111797,0.0656427785942256,0.10985350081428594,0.01639278606297038,0.03934650082506659,0.002915590423465415
301,10,15.05,1,0.4084645476611787,-3.888456317222036,8169290.953223574,20000000.0,5.000000000000001,5.000000000000001,1633858.1906447145,62.13214359605759,1633858.1906447145,62.13214359605759,51.787288900091504,51.78893193592576,,,,,,0.837567449556783,-0.7698020901851992,16751348.99113566,20000000.0,5.000000000000001,5.000000000000001,3350269.7982271314,65.25079782309442,3350269.7982271314,65.25079782309442,24.116885439362296,24.116469737829725,0.9980479188449356,1.7289477243983296,0.07338304808336583,0.07365658522429429,0.00845885723213494,0.9965537035482597,-0.014992925217247391,19931074.070965193,20000000.0,5.000000000000001,5.000000000000001,3986214.814193038,66.00560698806237,3986214.814193038,66.00560698806237,3.3668859151662085,3.3687572267172086,0.06564555943806484,0.10989851215113944,0.016359403844584723,0.039355062279699315,0.0029052728187593533
302,10,15.100000000000001,2,0.407790002622055,-3.8956342558901276,8155800.052441101,20000000.0,5.000000000000001,5.000000000000001,1631160.0104882198,62.124965657389495,1631160.0104882198,62.124965657389495,51.83000782908399,51.827124073439066,,,,,,0.8351248327054321,-0.7824860223733286,16702496.654108644,20000000.0,5.000000000000001,5.000000000000001,3340499.3308217283,65.23811389090629,3340499.3308217283,65.23811389090629,24.324005083135503,24.32338427115347,1.0056047503504006,1.7344625535957952,0.0733132157992338,0.07355106700567611,0.00842178467045506,0.996556716070223,-0.014979796775868432,19931134.32140446,20000000.0,5.000000000000001,5.000000000000001,3986226.8642808916,66.00562011650376,3986226.8642808916,66.00562011650376,3.3653770208692166,3.367279958974604,0.06544412091346627,0.10957808958281823,0.016331929224595178,0.03936462000273451,0.0028954566668865115
303,10,15.15,3,0.4071176820636713,-3.9028003479594933,8142353.641273427,20000000.0,5.000000000000001,5.000000000000001,1628470.7282546852,62.11779956532013,1628470.7282546852,62.11779956532013,51.86565744461037,51.866913377870205,,,,,,0.8351360329324826,-0.7824277776176234,16702720.658649653,20000000.0,5.000000000000001,5.000000000000001,3340544.13172993,65.238172135662,3340544.13172993,65.238172135662,24.318359488081807,24.317870049184364,1.0046396835915465,1.7318216607734793,0.07319369494605907,0.07338324286846398,0.008374952090047818,0.996554305073988,-0.014990303790777676,19931086.10147976,20000000.0,5.000000000000001,5.000000000000001,3986217.2202959517,66.00560960948884,3986217.2202959517,66.00560960948884,3.3665771398372883,3.368507153981605,0.06540178315341941,0.10953257399431282,0.01629733585995699,0.03937154307309658,0.0028852100976803144
304,10,15.200000000000001,4,0.4055517255492944,-3.919537464146179,8111034.510985889,20000000.0,5.000000000000001,5.000000000000001,1622206.9021971775,62.101062449133444,1622206.9021971775,62.101062449133444,51.96445958024874,51.9662949924684,,,,,,0.8374460471174596,-0.7704316303015593,16748920.942349192,20000000.0,5.000000000000001,5.000000000000001,3349784.188469838,65.25016828297807,3349784.188469838,65.25016828297807,24.127548174124023,24.12479897625083,0.9973667477326644,1.7296498961830882,0.07302120902516981,0.0732733831996469,0.00833192350304047,0.99655941788097,-0.01496802243438787,19931188.3576194,20000000.0,5.000000000000001,5.000000000000001,3986237.6715238793,66.00563189084524,3986237.6715238793,66.00563189084524,3.3640750716482906,3.365985876046196,0.06546482015711139,0.10939803743947352,0.016259630271719127,0.03937846231316467,0.0028749102496620276
305,10,15.25,5,0.4038821063329185,-3.9374538746635377,8077642.12665837,20000000.0,5.000000000000001,5.000000000000001,1615528.4253316736,62.083146038616086,1615528.4253316736,62.083146038616086,52.070623323725194,52.068367910893905,,,,,,0.8378928162898822,-0.7681153300580079,16757856.325797644,20000000.0,5.000000000000001,5.000000000000001,3351571.2651595282,65.25248458322162,3351571.2651595282,65.25248458322162,24.091587147536,24.08982256924794,0.9969606890563648,1.7331364408283292,0.07286841398762386,0.07310684879712417,0.008283843350105182,0.9965538383420172,-0.014992337790991236,19931076.766840342,20000000.0,5.000000000000001,5.000000000000001,3986215.3533680676,66.00560757548864,3986215.3533680676,66.00560757548864,3.3668071516954816,3.3688034824578694,0.06537910775768878,0.10922213501413143,0.016221704349350947,0.03938439699370162,0.002864577741704204
306,10,15.3,6,0.4030708260013403,-3.9461863465555425,8061416.520026806,20000000.0,5.000000000000001,5.000000000000001,1612283.304005361,62.07441356672408,1612283.304005361,62.07441356672408,52.11919379806087,52.11844151006245,,,,,,0.8377463213315495,-0.7688747054003976,16754926.426630989,20000000.0,5.000000000000001,5.000000000000001,3350985.2853261973,65.25172520787922,3350985.2853261973,65.25172520787922,24.10953380127832,24.110613601294638,0.9963431949809699,1.7305540537732114,0.07277639583445035,0.07304152092026452,0.008250896151937675,0.9965474511040576,-0.015020173227304765,19930949.02208115,20000000.0,5.000000000000001,5.000000000000001,3986189.8044162295,66.00557974005231,3986189.8044162295,66.00557974005231,3.3698625536586824,3.371715116759354,0.06531809488211057,0.10901311952597978,0.016182342929069213,0.03939182359917533,0.002854389243171491
307,10,15.350000000000001,7,0.4037273621085922,-3.939118158359553,8074547.2421718445,20000000.0,5.000000000000001,5.000000000000001,1614909.4484343687,62.08148175492007,1614909.4484343687,62.08148175492007,52.064288000298085,52.063325730274,,,,,,0.8384154668051342,-0.7654071856864503,16768309.336102685,20000000.0,5.000000000000001,5.000000000000001,3353661.8672205363,65.25519272759317,3353661.8672205363,65.25519272759317,24.06089979116788,24.060560564802984,0.9951410726901185,1.732749152998495,0.0726382914485595,0.07293349988151548,0.008210795346423787,0.9965735891067352,-0.014906265540792163,19931471.782134704,20000000.0,5.000000000000001,5.000000000000001,3986294.3564269403,66.00569364773884,3986294.3564269403,66.00569364773884,3.357156027615761,3.358929301435816,0.0650199547859446,0.10883935773388972,0.016142399797578758,0.039398229791299644,0.002844276408043284
308,10,15.4,8,0.40451015136452206,-3.930705750992334,8090203.027290441,20000000.0,5.000000000000001,5.000000000000001,1618040.605458088,62.08989416228729,1618040.605458088,62.08989416228729,52.00836627465071,52.00576676478696,,,,,,0.8365254339507396,-0.7752085009126107,16730508.679014793,20000000.0,5.000000000000001,5.000000000000001,3346101.735802958,65.24539141236701,3346101.735802958,65.24539141236701,24.201366054164183,24.199270128797217,1.0011288687206608,1.735838031013404,0.0725210966012287,0.0728381834980458,0.008173410292793667,0.9965652754857052,-0.014942495427250591,19931305.509714104,20000000.0,5.000000000000001,5.000000000000001,3986261.10194282,66.00565741785238,3986261.10194282,66.00565741785238,3.3611103703851137,3.3628239093918197,0.06511295575507169,0.10870876539271909,0.01610237789229465,0.03940461006501116,0.002834268124947287
309,10,15.450000000000001,9,0.4051533339911643,-3.9238058294961653,8103066.679823287,20000000.0,5.000000000000001,5.000000000000001,1620613.3359646571,62.09679408378346,1620613.3359646571,62.09679408378346,51.97431939343286,51.97060604984159,,,,,,0.8366390308690546,-0.7746187858439668,16732780.61738109,20000000.0,5.000000000000001,5.000000000000001,3346556.1234762175,65.24598112743566,3346556.1234762175,65.24598112743566,24.196182010378894,24.1985940492159,1.0005515055320173,1.7319310867265272,0.07247175635977601,0.0727338180357039,0.008139131982845955,0.996574983669547,-0.014900188212266852,19931499.67339094,20000000.0,5.000000000000001,5.000000000000001,3986299.934678187,66.00569972506736,3986299.934678187,66.00569972506736,3.356309883583445,3.3581356840925887,0.06483141421344872,0.10857153694988568,0.01606781177509713,0.03941132651472209,0.0028245795654260352
310,10,15.5,10,0.40549175098357115,-3.92017976320287,8109835.019671423,20000000.0,5.000000000000001,5.000000000000001,1621967.0039342844,62.10042015007676,1621967.0039342844,62.10042015007676,51.96514230073251,51.96401846735802,,,,,,0.8376688488029761,-0.7692763478384304,16753376.976059522,20000000.0,5.000000000000001,5.000000000000001,3350675.395211904,65.2513235654412,3350675.395211904,65.2513235654412,24.111938780920802,24.112657842970066,0.996847970570693,1.7313082851725734,0.07235174518768954,0.07266851649614872,0.008105392115716105,0.996566717526282,-0.014936211144349136,19931334.35052564,20000000.0,5.000000000000001,5.000000000000001,3986266.8701051273,66.00566370213527,3986266.8701051273,66.00566370213527,3.360368112236551,3.3622648621761995,0.06491014955142038,0.10864327740026145,0.016034109314397145,0.039418532894734015,0.002815013668016606
311,10,15.55,11,0.4064743276401346,-3.909668786463185,8129486.552802692,20000000.0,5.000000000000001,5.000000000000001,1625897.3105605382,62.11093112681644,1625897.3105605382,62.11093112681644,51.90613064790008,51.906721828870936,,,,,,0.8376467455760939,-0.769390944867193,16752934.911521876,20000000.0,5.000000000000001,5.000000000000001,3350586.9823043747,65.25120896841243,3350586.9823043747,65.25120896841243,24.115974359815862,24.11605242392488,0.9988451145318656,1.7326051250964833,0.07216252626439831,0.07255852232606816,0.00806302959465719,0.9965716801700008,-0.01491458445966736,19931433.603400014,20000000.0,5.000000000000001,5.000000000000001,3986286.720680002,66.00568532881995,3986286.720680002,66.00568532881995,3.3579679111857423,3.3598600638530316,0.06483518945270565,0.1084142714693809,0.015998917599629757,0.03942577881061827,0.0028055982465188646
312,10,15.600000000000001,12,0.40733902544660355,-3.9004397998470286,8146780.508932071,20000000.0,5.000000000000001,5.000000000000001,1629356.101786414,62.1201601134326,1629356.101786414,62.1201601134326,51.85530636192251,51.85583421418259,,,,,,0.834724362818625,-0.7845691070711482,16694487.2563725,20000000.0,5.000000000000001,5.000000000000001,3338897.4512744993,65.23603080620848,3338897.4512744993,65.23603080620848,24.353903153629126,24.356035536801652,1.0083285396311188,1.7371652908792803,0.07206231173355518,0.0724193896231982,0.008022699655944042,0.9965676176204812,-0.014932288619539833,19931352.352409624,20000000.0,5.000000000000001,5.000000000000001,3986270.470481924,66.00566762466008,3986270.470481924,66.00566762466008,3.3599286443062795,3.3618933646720004,0.06490736297894843,0.10835778230781849,0.01596210512377724,0.0394315496201021,0.0027960688459768507
313,10,15.65,13,0.4075700761154957,-3.897977094913769,8151401.522309914,20000000.0,5.000000000000001,5.000000000000001,1630280.3044619826,62.122622818365855,1630280.3044619826,62.122622818365855,51.840486358068915,51.83773962182674,,,,,,0.8382618017308963,-0.7662032350543518,16765236.034617925,20000000.0,5.000000000000001,5.000000000000001,3353047.2069235845,65.25439667822528,3353047.2069235845,65.25439667822528,24.065413473420307,24.06729605258916,0.9947569448797724,1.7316231338152217,0.07196532671105237,0.07228845335025849,0.007983683033287392,0.9965694761411665,-0.014924189374578942,19931389.52282333,20000000.0,5.000000000000001,5.000000000000001,3986277.904564665,66.00567572390504,3986277.904564665,66.00567572390504,3.3590101006746145,3.3608990504642073,0.06459003671380291,0.1080386479795747,0.015929754821516578,0.03943659138626741,0.0027867301165756158
314,10,15.700000000000001,14,0.4076920782721539,-3.896677270960766,8153841.565443078,20000000.0,5.000000000000001,5.000000000000001,1630768.3130886154,62.12392264231886,1630768.3130886154,62.12392264231886,51.828012525082855,51.826744387876,,,,,,0.8351480093145585,-0.7823654974722439,16702960.18629117,20000000.0,5.000000000000001,5.000000000000001,3340592.0372582334,65.23823441580738,3340592.0372582334,65.23823441580738,24.313491775755615,24.31437809126725,1.0066147923860362,1.7369633298216987,0.07182859138480233,0.0721917190649581,0.007946481954816268,0.9965775979168804,-0.014888795675622039,19931551.95833761,20000000.0,5.000000000000001,5.000000000000001,3986310.391667521,66.00571111760401,3986310.391667521,66.00571111760401,3.3551035022451026,3.3568594354478085,0.06459260469115131,0.10801750736316007,0.015900118380391327,0.03944250096290898,0.0027776772114557436
315,10,15.75,15,0.40657811436419367,-3.9085600264504268,8131562.287283873,20000000.0,5.000000000000001,5.000000000000001,1626312.4574567743,62.112039886829194,1626312.4574567743,62.112039886829194,51.89740484275448,51.89961434780664,,,,,,0.8344627206432633,-0.7859306051925898,16689254.412865266,20000000.0,5.000000000000001,5.000000000000001,3337850.882573053,65.23466930808704,3337850.882573053,65.23466930808704,24.36885321929152,24.367765505815097,1.008900795303322,1.740340685852686,0.07170586678699462,0.07209503644183049,0.007910250861984441,0.9965873909889158,-0.014846119056580781,19931747.819778316,20000000.0,5.000000000000001,5.000000000000001,3986349.5639556623,66.00575379422304,3986349.5639556623,66.00575379422304,3.3503243820946005,3.352211434047914,0.06434917028499978,0.10788334859215312,0.015868912561194513,0.03944852332568142,0.002768832368127648
316,10,15.8,16,0.40517285025131045,-3.9235966346248823,8103457.005026209,20000000.0,5.000000000000001,5.000000000000001,1620691.4010052416,62.09700327865474,1620691.4010052416,62.09700327865474,51.9862833437802,51.98774585650557,,,,,,0.8368051738479612,-0.7737564328718176,16736103.476959223,20000000.0,5.000000000000001,5.000000000000001,3347220.695391844,65.2468434804078,3347220.695391844,65.2468434804078,24.18683626109451,24.186324816221706,1.0002184370810618,1.7404685715888963,0.07161148245591044,0.07198865582335681,0.007874739993712727,0.9965807885028031,-0.014874891573773408,19931615.77005606,20000000.0,5.000000000000001,5.000000000000001,3986323.1540112114,66.00572502170584,3986323.1540112114,66.00572502170584,3.3534652253144985,3.355204997681281,0.06438740716599642,0.10768197160995199,0.015840520828023796,0.039453991206758174,0.002760017576753463
317,10,15.850000000000001,17,0.40446184825776876,-3.9312243788992696,8089236.965155375,20000000.0,5.000000000000001,5.000000000000001,1617847.3930310747,62.08937553438035,1617847.3930310747,62.08937553438035,52.02289669120226,52.02067327969568,,,,,,0.8364002085579959,-0.7758586756219037,16728004.171159917,20000000.0,5.000000000000001,5.000000000000001,3345600.834231983,65.24474123765772,3345600.834231983,65.24474123765772,24.22228718344535,24.225325237171415,1.0023404045875048,1.732700862538233,0.07144010790505619,0.07186424972362912,0.007833220025464835,0.9965875850480324,-0.014845273382673616,19931751.700960647,20000000.0,5.000000000000001,5.000000000000001,3986350.340192129,66.00575463989695,3986350.340192129,66.00575463989695,3.3501807566338497,3.351786007478412,0.06457548637680871,0.10772773220116905,0.015809960910132176,0.03945915220635034,0.0027512209576443613
318,10,15.9,18,0.40385004330162394,-3.937798662167116,8077000.866032479,20000000.0,5.000000000000001,5.000000000000001,1615400.1732064956,62.08280125111251,1615400.1732064956,62.08280125111251,52.05726531522612,52.058702084087145,,,,,,0.8384623471912096,-0.7651643547202656,16769246.943824193,20000000.0,5.000000000000001,5.000000000000001,3353849.3887648378,65.25543555855936,3353849.3887648378,65.25543555855936,24.04041509665457,24.038036127104732,0.9947331535479618,1.7298171170087198,0.07132176574250827,0.07177985412424069,0.007799139794147583,0.9965864057405457,-0.014850412590151667,19931728.114810914,20000000.0,5.000000000000001,5.000000000000001,3986345.622962182,66.00574950068948,3986345.622962182,66.00574950068948,3.3507249862266106,3.3525588190188182,0.06429905332001298,0.10758169362166223,0.01578051613045753,0.039463402613488664,0.0027422727698898954
319,10,15.950000000000001,19,0.4035933660799525,-3.940559809349988,8071867.3215990495,20000000.0,5.000000000000001,5.000000000000001,1614373.4643198096,62.08004010392963,1614373.4643198096,62.08004010392963,52.07189882420945,52.075372599750175,,,,,,0.8365091748615431,-0.7752929131857564,16730183.497230861,20000000.0,5.000000000000001,5.000000000000001,3346036.6994461715,65.24530700009387,3346036.6994461715,65.24530700009387,24.211087037523804,24.20890569140364,1.0012340680404297,1.7348238052103013,0.07118667405374926,0.07162104044518143,0.007756268217668822,0.996585490293415,-0.014854401946394442,19931709.8058683,20000000.0,5.000000000000001,5.000000000000001,3986341.9611736597,66.00574551133323,3986341.9611736597,66.00574551133323,3.351250704476891,3.3530048685106166,0.06412237770866001,0.10725305159528661,0.01575116200082867,0.039466726164612144,0.0027333475453145744
320,10,16.0,20,0.4029895961217965,-3.9470616578250883,8059791.92243593,20000000.0,5.000000000000001,5.000000000000001,1611958.3844871856,62.07353825545454,1611958.3844871856,62.07353825545454,52.120843433344795,52.130880663521836,,,,,,0.8366721300503576,-0.7744469733068486,16733442.601007152,20000000.0,5.000000000000001,5.000000000000001,3346688.5202014297,65.24615293997277,3346688.5202014297,65.24615293997277,24.19344959153276,24.190500875152914,1.0001053943889198,1.7311647344279852,0.07112411289632703,0.0715236014717925,0.007724193026804433,0.9965776458020257,-0.014888586998907754,19931552.916040514,20000000.0,5.000000000000001,5.000000000000001,3986310.583208102,66.00571132628072,3986310.583208102,66.00571132628072,3.35499480803677,3.356988499411014,0.06412330202951981,0.10717540689061511,0.0157265817095561,0.03947045118706262,0.0027247221820421237
321,10,16.05,21,0.40289433671769437,-3.948088372270129,8057886.734353888,20000000.0,5.000000000000001,5.000000000000001,1611577.3468707772,62.07251154100949,1611577.3468707772,62.07251154100949,52.13278269319012,52.139748606519234,,,,,,0.8358955615794464,-0.778479807704632,16717911.23158893,20000000.0,5.000000000000001,5.000000000000001,3343582.2463177852,65.242120105575,3343582.2463177852,65.242120105575,24.261081711430716,24.2598814730764,1.0026845145545047,1.7339992845416787,0.07096519779415897,0.07138602743933783,0.007682768978271566,0.9965899117745528,-0.01483513394962923,19931798.235491056,20000000.0,5.000000000000001,5.000000000000001,3986359.6470982106,66.00576477933,3986359.6470982106,66.00576477933,3.3490962597467577,3.3507888867206574,0.06381073384512288,0.10708348094280602,0.015701042974931845,0.03947358973030438,0.0027160422174960105
322,10,16.1,22,0.4038746844705741,-3.93753368269235,8077493.689411482,20000000.0,5.000000000000001,5.000000000000001,1615498.737882296,62.08306623058728,1615498.737882296,62.08306623058728,52.065181094448704,52.06923920351919,,,,,,0.8370624534560605,-0.7724213796912549,16741249.069121208,20000000.0,5.000000000000001,5.000000000000001,3348249.813824241,65.24817853358837,3348249.813824241,65.24817853358837,24.163254393323914,24.164437965381637,0.9987037830139073,1.7314802585131583,0.07089526052802907,0.0712945880574886,0.007651306364813254,0.9965965080972129,-0.014806388554782262,19931930.16194426,20000000.0,5.000000000000001,5.000000000000001,3986386.032388851,66.00579352472484,3986386.032388851,66.00579352472484,3.3457260863556577,3.347510675769886,0.06397683614106574,0.10694557422700224,0.015677258128038843,0.039477815490675035,0.0027076523709881244
323,10,16.150000000000002,23,0.4051077362105599,-3.9242946315687988,8102154.724211198,20000000.0,5.000000000000001,5.000000000000001,1620430.9448422394,62.096305281710826,1620430.9448422394,62.096305281710826,51.98113104787408,51.97622574730748,,,,,,0.8352150980990948,-0.782016635733044,16704301.961981896,20000000.0,5.000000000000001,5.000000000000001,3340860.392396379,65.23858327754658,3340860.392396379,65.23858327754658,24.316389006265233,24.316026119779146,1.0051048741250028,1.7278110376826241,0.07072062803456616,0.07119621779125614,0.007613661716940508,0.9965901960614462,-0.014833895082869742,19931803.921228923,20000000.0,5.000000000000001,5.000000000000001,3986360.784245784,66.00576601819675,3986360.784245784,66.00576601819675,3.348884042126187,3.3506534802456516,0.06375458926999256,0.10667058823429645,0.015653712445892125,0.039481417246239256,0.0026992171098376995
324,10,16.2,24,0.40542932306713836,-3.920848437394345,8108586.461342767,20000000.0,5.000000000000001,5.000000000000001,1621717.292268553,62.099751475885284,1621717.292268553,62.099751475885284,51.96091924563522,51.955311313564856,,,,,,0.835341244981933,-0.7813607477055979,16706824.899638658,20000000.0,5.000000000000001,5.000000000000001,3341364.979927731,65.23923916557402,3341364.979927731,65.23923916557402,24.30778953032695,24.309802731164613,1.0047986721153879,1.7344814000276165,0.07045069503266246,0.07104022899702503,0.007565000354178314,0.9965966671528756,-0.014805695425812063,19931933.343057513,20000000.0,5.000000000000001,5.000000000000001,3986386.668611502,66.00579421785382,3986386.668611502,66.00579421785382,3.3457505139751467,3.3474895235952453,0.06379734340658719,0.10689523848162327,0.015624158167123207,0.03948418061935747,0.0026906709336786683
325,10,16.25,25,0.40598092811434316,-3.9149436792341996,8119618.562286863,20000000.0,5.000000000000001,5.000000000000001,1623923.7124573723,62.10565623404542,1623923.7124573723,62.10565623404542,51.925031307520996,51.91926827555601,,,,,,0.837389839636461,-0.7707231286990037,16747796.79272922,20000000.0,5.000000000000001,5.000000000000001,3349559.3585458435,65.24987678458062,3349559.3585458435,65.24987678458062,24.143417004276984,24.14220891524014,0.9993784846192577,1.7271457057345927,0.07038706340051397,0.07096176905460198,0.007535824944575617,0.99658990252777,-0.014835174245308622,19931798.0505554,20000000.0,5.000000000000001,5.000000000000001,3986359.610111079,66.00576473903432,3986359.610111079,66.00576473903432,3.3489853044162223,3.3507687568505373,0.06388991572048044,0.10665371800594736,0.015595995763661361,0.039487321525375436,0.0026823097123376705
326,10,16.3,26,0.40569082523351685,-3.9180481382762276,8113816.504670337,20000000.0,5.000000000000001,5.000000000000001,1622763.300934067,62.1025517750034,1622763.300934067,62.1025517750034,51.94752760691838,51.94291378955902,,,,,,0.8361377300740038,-0.7772217891934279,16722754.601480076,20000000.0,5.000000000000001,5.000000000000001,3344550.9202960148,65.24337812408619,3344550.9202960148,65.24337812408619,24.238323524753465,24.23554007602583,1.0037056464475813,1.7356028979750913,0.07031162620875038,0.07085904172415151,0.0075036768985950325,0.9966010527105804,-0.014786584190712094,19932021.05421161,20000000.0,5.000000000000001,5.000000000000001,3986404.210842321,66.00581332908891,3986404.210842321,66.00581332908891,3.343531514987646,3.3452362545064576,0.06345443511497327,0.10635061956184177,0.015566964475296995,0.039490244257240494,0.0026739758654840415
327,10,16.35,27,0.40522452041341944,-3.923042830599211,8104490.408268389,20000000.0,5.000000000000001,5.000000000000001,1620898.0816536776,62.09755708268041,1620898.0816536776,62.09755708268041,51.979944162769755,51.98165072994332,,,,,,0.8376242278978832,-0.7695076937818177,16752484.557957664,20000000.0,5.000000000000001,5.000000000000001,3350496.911591532,65.2510922194978,3350496.911591532,65.2510922194978,24.12337242184965,24.123305816901652,0.9986444688207374,1.7277983083906363,0.07016574617727085,0.07074468852042516,0.007466763511990718,0.9966028597402845,-0.014778709602224476,19932057.19480569,20000000.0,5.000000000000001,5.000000000000001,3986411.438961137,66.0058212036774,3986411.438961137,66.0058212036774,3.3426618352073034,3.344179130387561,0.06363548900092732,0.10652736194453291,0.015539353285571388,0.03949163978463405,0.0026656366462806955
328,10,16.400000000000002,28,0.4046935696716198,-3.9287369622202117,8093871.3934323955,20000000.0,5.000000000000001,5.000000000000001,1618774.2786864787,62.09186295105941,1618774.2786864787,62.09186295105941,52.01262807597885,52.017301110706356,,,,,,0.8391845331819255,-0.7614252912293888,16783690.66363851,20000000.0,5.000000000000001,5.000000000000001,3356738.132727701,65.25917462205024,3356738.132727701,65.25917462205024,23.9936206861034,23.99456593895291,0.9925884320038284,1.7259635588335507,0.07004722953745379,0.07061352778115701,0.007429597362233603,0.9966023746124996,-0.01478082366771445,19932047.49224999,20000000.0,5.000000000000001,5.000000000000001,3986409.4984499975,66.0058190896119,3986409.4984499975,66.0058190896119,3.3428367236661787,3.3443973402042446,0.06342129616310264,0.10613275740977209,0.015515518714373223,0.03949297118101292,0.0026573419051519826
329,10,16.45,29,0.40442217394924707,-3.9316504061863733,8088443.478984942,20000000.0,5.000000000000001,5.000000000000001,1617688.695796988,62.088949507093254,1617688.695796988,62.088949507093254,52.02748993747058,52.0315943654051,,,,,,0.8356837620387056,-0.7795803641784526,16713675.240774114,20000000.0,5.000000000000001,5.000000000000001,3342735.048154822,65.24101954910117,3342735.048154822,65.24101954910117,24.276290399068387,24.27316332308087,1.0039764101815787,1.7313923383331873,0.06997418750391522,0.07049906644410653,0.007396843428162367,0.9966117437394684,-0.014739995538860965,19932234.87478937,20000000.0,5.000000000000001,5.000000000000001,3986446.974957873,66.00585991774076,3986446.974957873,66.00585991774076,3.3382685362513116,3.339829372746878,0.06362843046710592,0.10611564649743159,0.015492790128301029,0.039492738315697,0.0026488525711289676
330,11,16.5,0,0.4038028251708942,-3.938306468786657,8076056.503417885,20000000.0,5.000000000000001,5.000000000000001,1615211.3006835766,62.08229344449297,1615211.3006835766,62.08229344449297,52.06526105023573,52.062817506641935,,,,,,0.8368381307506232,-0.7735853928308571,16736762.615012463,20000000.0,5.000000000000001,5.000000000000001,3347352.5230024923,65.24701452044877,3347352.5230024923,65.24701452044877,24.18128744187826,24.177856920434984,1.0007895503986353,1.7328809630806916,0.06985286777326367,0.07036974713589586,0.007360138743484311,0.9966068984342658,-0.014761110024428313,19932137.968685314,20000000.0,5.000000000000001,5.000000000000001,3986427.593737062,66.00583880325519,3986427.593737062,66.00583880325519,3.3406579672556473,3.342252521524731,0.0634661097916553,0.10605503040448638,0.015467426549890393,0.03949159341718363,0.002640168501133535
331,11,16.55,1,0.40348390020746056,-3.941737897908724,8069678.004149211,20000000.0,5.000000000000001,5.000000000000001,1613935.6008298418,62.078862015370895,1613935.6008298418,62.078862015370895,52.08942925470588,52.091583271184774,,,,,,0.8385705632177594,-0.7646038693182488,16771411.264355186,20000000.0,5.000000000000001,5.000000000000001,3354282.2528710365,65.25599604396137,3354282.2528710365,65.25599604396137,24.040815073164374,24.043775265856702,0.9963573555021462,1.7275421593188258,0.06981096002979792,0.07027904317081876,0.007331777911874662,0.9966228020033333,-0.014691807100763907,19932456.040066667,20000000.0,5.000000000000001,5.000000000000001,3986491.2080133324,66.00590810617886,3986491.2080133324,66.00590810617886,3.332889010455702,3.3344538430447286,0.06331998501739967,0.10588244301114577,0.015447477349591102,0.03949154648482039,0.0026318688543695984
332,11,16.6,2,0.40401615267761326,-3.936012713286962,8080323.053552265,20000000.0,5.000000000000001,5.000000000000001,1616064.6107104528,62.084587199992654,1616064.6107104528,62.084587199992654,52.052057985833166,52.05127058749423,,,,,,0.836124197602426,-0.7772920781551705,16722483.95204852,20000000.0,5.000000000000001,5.000000000000001,3344496.7904097033,65.24330783512445,3344496.7904097033,65.24330783512445,24.24648946111211,24.24363332631484,1.0024473007140047,1.7292789730621436,0.06976102951857027,0.07020414703252152,0.007304908010979295,0.996607667005006,-0.014757760801146082,19932153.34010012,20000000.0,5.000000000000001,5.000000000000001,3986430.6680200235,66.00584215247848,3986430.6680200235,66.00584215247848,3.3402350839603905,3.3419577954295514,0.06313809729833456,0.10570425631929367,0.015430375048775475,0.0394923989735854,0.0026238726971275035
333,11,16.650000000000002,3,0.40503541303462587,-3.9250700391331184,8100708.260692517,20000000.0,5.000000000000001,5.000000000000001,1620141.6521385033,62.09552987414651,1620141.6521385033,62.09552987414651,51.984086065760074,51.98755241501844,,,,,,0.8353989272787472,-0.7810608674054076,16707978.545574944,20000000.0,5.000000000000001,5.000000000000001,3341595.7091149883,65.23953904587421,3341595.7091149883,65.23953904587421,24.29472237412626,24.293902507392204,1.0053088493893847,1.7381743705486152,0.06966011143314652,0.07013408156356356,0.007275911230235766,0.9966118949355735,-0.014739336670153532,19932237.89871147,20000000.0,5.000000000000001,5.000000000000001,3986447.579742293,66.00586057660946,3986447.579742293,66.00586057660946,3.3382320705422095,3.3397931450241414,0.06317899969244303,0.10545904815221019,0.01541133041524068,0.03949321191067233,0.002615986552536371
334,11,16.7,4,0.40547397635997345,-3.920370139212296,8109479.5271994695,20000000.0,5.000000000000001,5.000000000000001,1621895.9054398937,62.10022977406733,1621895.9054398937,62.10022977406733,51.95831653534369,51.95410740052513,,,,,,0.8364506900515272,-0.7755965621950138,16729013.801030543,20000000.0,5.000000000000001,5.000000000000001,3345802.760206108,65.2450033510846,3345802.760206108,65.2450033510846,24.216754706335724,24.21784998787955,1.001131498623919,1.7322687531695773,0.06960764189082039,0.07001954376516216,0.007245021488181893,0.9966198696360062,-0.014704585383781627,19932397.392720126,20000000.0,5.000000000000001,5.000000000000001,3986479.4785440243,66.00589532789584,3986479.4785440243,66.00589532789584,3.3342328695629178,3.335758018113487,0.06282248458648644,0.10517257545937202,0.015394966477620514,0.03949356440918157,0.002608239030837714
335,11,16.75,5,0.4058852273849199,-3.915967549945243,8117704.547698398,20000000.0,5.000000000000001,5.000000000000001,1623540.9095396793,62.10463236333438,1623540.9095396793,62.10463236333438,51.9345703473719,51.932018313281255,,,,,,0.8388665464127347,-0.7630712470946202,16777330.928254694,20000000.0,5.000000000000001,5.000000000000001,3355466.185650938,65.25752866618501,3355466.185650938,65.25752866618501,24.01781687038534,24.016896396588077,0.9937654282818917,1.7294478346109716,0.06945655394868754,0.06992696773482555,0.007211485799218707,0.9966175102294619,-0.014714866921275691,19932350.204589237,20000000.0,5.000000000000001,5.000000000000001,3986470.0409178464,66.00588504635834,3986470.0409178464,66.00588504635834,3.3354829637203274,3.337083833289482,0.06273095758812428,0.10519818747561231,0.015376808985124354,0.03949426606055193,0.0026005868422149156
336,11,16.8,6,0.4063885722006706,-3.910585130764244,8127771.444013412,20000000.0,5.000000000000001,5.000000000000001,1625554.2888026822,62.110014782515385,1625554.2888026822,62.110014782515385,51.904236585441446,51.90967680743076,,,,,,0.8359379566412258,-0.7782595472397711,16718759.132824516,20000000.0,5.000000000000001,5.000000000000001,3343751.8265649024,65.24234036603985,3343751.8265649024,65.24234036603985,24.26612731276611,24.266143956353854,1.0032358083490875,1.7362185219396977,0.06939665671123149,0.06980315093875128,0.007179551890028004,0.9966091326124337,-0.014751374087783202,19932182.652248673,20000000.0,5.000000000000001,5.000000000000001,3986436.530449734,66.00584853919185,3986436.530449734,66.00584853919185,3.339606047034148,3.341235713349041,0.06294070918680504,0.10532078891215027,0.01536067257835631,0.039493939610855414,0.0025929023148784603
337,11,16.85,7,0.4059033612384549,-3.9157735232580593,8118067.224769098,20000000.0,5.000000000000001,5.000000000000001,1623613.4449538193,62.10482639002157,1623613.4449538193,62.10482639002157,51.94549356020151,51.94379612387172,,,,,,0.8371159729298496,-0.7721437126065213,16742319.458596993,20000000.0,5.000000000000001,5.000000000000001,3348463.891719398,65.2484562006731,3348463.891719398,65.2484562006731,24.168483496521407,24.16778194598235,1.0006633958107516,1.7356405902504968,0.06923616319398819,0.06967102359817774,0.007141818666906477,0.9966201031449659,-0.01470356782790256,19932402.062899318,20000000.0,5.000000000000001,5.000000000000001,3986480.412579863,66.00589634545172,3986480.412579863,66.00589634545172,3.334141991744432,3.335839815720334,0.06300903421388995,0.1052298030006678,0.01534219318667598,0.03949308216554113,0.0025852399566285733
338,11,16.900000000000002,8,0.40596151698652483,-3.915151333009452,8119230.3397304965,20000000.0,5.000000000000001,5.000000000000001,1623846.067946099,62.10544858027017,1623846.067946099,62.10544858027017,51.94707369210238,51.945187867158175,,,,,,0.8367056186524364,-0.774273146266269,16734112.373048728,20000000.0,5.000000000000001,5.000000000000001,3346822.474609745,65.24632676701336,3346822.474609745,65.24632676701336,24.19365923565267,24.192150225644497,1.001047317325579,1.7324117599596451,0.06902576280635654,0.06953925084412395,0.007101734019742649,0.9966198241093844,-0.014704783773977166,19932396.48218769,20000000.0,5.000000000000001,5.000000000000001,3986479.296437537,66.00589512950565,3986479.296437537,66.00589512950565,3.3342589259747357,3.335714260124468,0.06269957350583888,0.10509393602912986,0.015317514248449193,0.0394912750234424,0.002577269332577306
339,11,16.95,9,0.4072078949046312,-3.9018381053308913,8144157.898092625,20000000.0,5.000000000000001,5.000000000000001,1628831.5796185248,62.11876180794874,1628831.5796185248,62.11876180794874,51.85840103173062,51.861443756792184,,,,,,0.8371577979867965,-0.7719267302735646,16743155.95973593,20000000.0,5.000000000000001,5.000000000000001,3348631.1919471854,65.24867318300606,3348631.1919471854,65.24867318300606,24.15990466315396,24.160951511874522,0.9985357502724599,1.7330166058050505,0.0688561247655354,0.06939757344699762,0.007062836068258077,0.9966214996708861,-0.01469748222844349,19932429.99341772,20000000.0,5.000000000000001,5.000000000000001,3986485.9986835434,66.00590243105118,3986485.9986835434,66.00590243105118,3.3333986021982343,3.3347821653070513,0.06264667927959643,0.10490054251484418,0.015292626352435293,0.0394885416624198,0.00256920176271019
340,11,17.0,10,0.40773623844455703,-3.8962068796628397,8154724.768891141,20000000.0,5.000000000000001,5.000000000000001,1630944.9537782278,62.124393033616784,1630944.9537782278,62.124393033616784,51.81952062520359,51.81403815368974,,,,,,0.8340576758736576,-0.7880391645148039,16681153.517473152,20000000.0,5.000000000000001,5.000000000000001,3336230.70349463,65.23256074876483,3336230.70349463,65.23256074876483,24.40312954537831,24.40550645789348,1.0090675732897167,1.7336225139917798,0.06875682930128912,0.06928344565244801,0.00703062715863464,0.996616917904761,-0.014717448086295121,19932338.35809522,20000000.0,5.000000000000001,5.000000000000001,3986467.6716190437,66.00588246519334,3986467.6716190437,66.00588246519334,3.3356478316504217,3.336965425807395,0.0628058889707686,0.10483750049474225,0.015265693875024059,0.039485662035998036,0.002561091223026003
341,11,17.05,11,0.4078616861712386,-3.8948708964718475,8157233.723424772,20000000.0,5.000000000000001,5.000000000000001,1631446.7446849542,62.12572901680778,1631446.7446849542,62.12572901680778,51.81139886513788,51.80648185313595,,,,,,0.8372537974085641,-0.7714287401820015,16745075.948171282,20000000.0,5.000000000000001,5.000000000000001,3349015.189634256,65.24917117309762,3349015.189634256,65.24917117309762,24.14877069675714,24.149215503337775,0.9987439515521956,1.7294917560349998,0.0686261952809274,0.06917153379632744,0.006997150378324879,0.9966191355126289,-0.014707784455553539,19932382.71025258,20000000.0,5.000000000000001,5.000000000000001,3986476.5420505153,66.00589212882407,3986476.5420505153,66.00589212882407,3.3346604293490563,3.3362441488339094,0.06269146013876023,0.10472523368752329,0.015238189366044836,0.03948260668095962,0.0025529963609828093
342,11,17.1,12,0.40699504077035126,-3.9041088261554826,8139900.815407026,20000000.0,5.000000000000001,5.000000000000001,1627980.1630814048,62.11649108712414,1627980.1630814048,62.11649108712414,51.876479050476746,51.87413638887706,,,,,,0.8363161699229213,-0.7762950618016506,16726323.398458427,20000000.0,5.000000000000001,5.000000000000001,3345264.679691685,65.24430485147798,3345264.679691685,65.24430485147798,24.225607887104022,24.22371768268129,1.0010435588499726,1.7333927583735722,0.06860436947759178,0.06910654088670573,0.006974173422468956,0.9966313917493332,-0.014654376056590653,19932627.834986664,20000000.0,5.000000000000001,5.000000000000001,3986525.566997332,66.00594553722304,3986525.566997332,66.00594553722304,3.3284946027660447,3.329726985557618,0.062487277210304316,0.10451136881658485,0.015214410514837313,0.039479826483606595,0.0025450322993949386
343,11,17.150000000000002,13,0.40631796558329863,-3.9113397466793876,8126359.311665973,20000000.0,5.000000000000001,5.000000000000001,1625271.8623331944,62.10926016660024,1625271.8623331944,62.10926016660024,51.92279855296673,51.91657696307955,,,,,,0.8375317087802745,-0.7699874167903935,16750634.17560549,20000000.0,5.000000000000001,5.000000000000001,3350126.8351210975,65.25061249648923,3350126.8351210975,65.25061249648923,24.124285432726058,24.12601027621272,0.9981102055445922,1.7307277737413194,0.06855636005613591,0.0689978639555058,0.006945541284654716,0.9966325531342703,-0.01464931518072575,19932651.062685408,20000000.0,5.000000000000001,5.000000000000001,3986530.212537081,66.00595059809889,3986530.212537081,66.00595059809889,3.3278669737767714,3.3292587552196715,0.062377084327075116,0.10443850124345613,0.01519037158512534,0.03947618472319342,0.002537031645069357
344,11,17.2,14,0.406799455556173,-3.906196369909548,8135989.111123459,20000000.0,5.000000000000001,5.000000000000001,1627197.8222246915,62.114403543370074,1627197.8222246915,62.114403543370074,51.883720194655155,51.876282086692854,,,,,,0.8378084472747587,-0.7685526514176013,16756168.945495173,20000000.0,5.000000000000001,5.000000000000001,3351233.789099034,65.25204726186202,3351233.789099034,65.25204726186202,24.10209698904162,24.101647618634697,0.9966207035173896,1.7326133068695218,0.06853402201921514,0.06893280374952042,0.006922744058818563,0.9966236035276118,-0.01468831433067487,19932472.070552237,20000000.0,5.000000000000001,5.000000000000001,3986494.414110447,66.00591159894896,3986494.414110447,66.00591159894896,3.332354795172665,3.3339729786114694,0.06247025465825068,0.10423262338224715,0.015169140482708851,0.039472751259639914,0.002529161901145295
345,11,17.25,15,0.40735295116943404,-3.9002913298790904,8147059.023388681,20000000.0,5.000000000000001,5.000000000000001,1629411.804677736,62.120308583400536,1629411.804677736,62.120308583400536,51.840376891676115,51.838901196020196,,,,,,0.8373180780362988,-0.7710953209679144,16746361.560725976,20000000.0,5.000000000000001,5.000000000000001,3349272.3121451945,65.24950459231171,3349272.3121451945,65.24950459231171,24.14064106679146,24.14185451042643,0.998212145398458,1.729308194398276,0.06844082960003918,0.06882283782830445,0.0068919870380906,0.9966208189336339,-0.014700448655851857,19932416.378672678,20000000.0,5.000000000000001,5.000000000000001,3986483.275734535,66.00589946462377,3986483.275734535,66.00589946462377,3.333685522502099,3.334951800489037,0.062182020481268176,0.10414294306408907,0.01514667739608066,0.03946839339416131,0.002521119876754632
346,11,17.3,16,0.40697566821378,-3.9043155509019134,8139513.3642756,20000000.0,5.000000000000001,5.000000000000001,1627902.6728551197,62.11628436237771,1627902.6728551197,62.11628436237771,51.869974901055556,51.86769316935531,,,,,,0.8377809108876357,-0.7686953940403313,16755618.217752714,20000000.0,5.000000000000001,5.000000000000001,3351123.643550542,65.25190451923929,3351123.643550542,65.25190451923929,24.105506646285953,24.10869336514881,0.9986022720770681,1.7335847309160282,0.06833463508261269,0.06874925656583922,0.006864350932791493,0.9966305340080812,-0.014658113772019234,19932610.680161625,20000000.0,5.000000000000001,5.000000000000001,3986522.1360323243,66.0059417995076,3986522.1360323243,66.0059417995076,3.3288884998902395,3.3300619882666647,0.06222637498250192,0.10429355133678186,0.015122290982848063,0.039464017668699565,0.0025131007860513892
347,11,17.35,17,0.406314236096593,-3.9113796096209064,8126284.72193186,20000000.0,5.000000000000001,5.000000000000001,1625256.9443863716,62.10922030365872,1625256.9443863716,62.10922030365872,51.91702119184687,51.91524661747651,,,,,,0.8369407945235002,-0.7730526305952413,16738815.890470004,20000000.0,5.000000000000001,5.000000000000001,3347763.178094,65.24754728268438,3347763.178094,65.24754728268438,24.17129341720249,24.17147951859487,0.9984699508316128,1.7347772389241711,0.06824948673376666,0.06864606037667428,0.006835050752221442,0.9966239867349674,-0.014686644444396962,19932479.73469935,20000000.0,5.000000000000001,5.000000000000001,3986495.9469398693,66.00591326883523,3986495.9469398693,66.00591326883523,3.3321521304305235,3.3333817055060186,0.06232227189395734,0.10419184736138579,0.015095493591029874,0.039459101506079446,0.0025050884846793513
348,11,17.400000000000002,18,0.4060803318219495,-3.913880447085601,8121606.63643899,20000000.0,5.000000000000001,5.000000000000001,1624321.3272877978,62.10671946619402,1624321.3272877978,62.10671946619402,51.933004998273745,51.93312939157001,,,,,,0.8375057078627901,-0.7701222442859063,16750114.157255802,20000000.0,5.000000000000001,5.000000000000001,3350022.83145116,65.25047766899371,3350022.83145116,65.25047766899371,24.13016264988583,24.12888697101451,0.9979900831520137,1.7276815507135261,0.06817956927176477,0.06854655041073518,0.00680696261345993,0.996628448350635,-0.014667202300183806,19932568.9670127,20000000.0,5.000000000000001,5.000000000000001,3986513.793402539,66.00593271097944,3986513.793402539,66.00593271097944,3.329892517739844,3.3310841673141582,0.06183827771628325,0.1037299333432592,0.015069125701883113,0.03945411307603662,0.0024970765716006036
349,11,17.45,19,0.40607062906090513,-3.9139842173397525,8121412.581218103,20000000.0,5.000000000000001,5.000000000000001,1624282.5162436203,62.10661569593987,1624282.5162436203,62.10661569593987,51.933147946674694,51.932793656031436,,,,,,0.8359320524966615,-0.7782902211245906,16718641.049933229,20000000.0,5.000000000000001,5.000000000000001,3343728.2099866453,65.24230969215503,3343728.2099866453,65.24230969215503,24.252997271996502,24.252283640205185,1.0013437242065228,1.7318798397806467,0.068105100366024,0.0684503658794598,0.00677908836770654,0.9966160247828058,-0.014721340034180774,19932320.495656114,20000000.0,5.000000000000001,5.000000000000001,3986464.099131222,66.00587857324544,3986464.099131222,66.00587857324544,3.336076557672422,3.337357276819035,0.06238454897182396,0.10405421593866468,0.015043885869545703,0.039448271036716345,0.002489015165390706
350,11,17.5,20,0.40651672570262243,-3.909215811131591,8130334.514052449,20000000.0,5.000000000000001,5.000000000000001,1626066.9028104895,62.11138410214804,1626066.9028104895,62.11138410214804,51.89882563808758,51.89964891213411,,,,,,0.8358948078338385,-0.7784837238362747,16717896.15667677,20000000.0,5.000000000000001,5.000000000000001,3343579.231335353,65.24211618944335,3343579.231335353,65.24211618944335,24.260795206592462,24.259969604434794,1.0035036830679618,1.7321466517110824,0.06800908255835783,0.06837116438197922,0.006752012877645562,0.9966237507286504,-0.014687672878938842,19932475.014573008,20000000.0,5.000000000000001,5.000000000000001,3986495.002914601,66.00591224040069,3986495.002914601,66.00591224040069,3.332291061848469,3.3336492637676676,0.06222224747099875,0.1039124569001865,0.015016301223975547,0.039442752763544385,0.002480972215111834
351,11,17.55,21,0.4068287186180038,-3.90588397201858,8136574.372360076,20000000.0,5.000000000000001,5.000000000000001,1627314.8744720148,62.11471594126104,1627314.8744720148,62.11471594126104,51.87521618274718,51.87070760956594,,,,,,0.8369369304688481,-0.7730726814936807,16738738.609376961,20000000.0,5.000000000000001,5.000000000000001,3347747.721875392,65.24752723178595,3347747.721875392,65.24752723178595,24.172955296335722,24.17109748936604,0.9984297619662936,1.7314963758922708,0.0679153321289397,0.06827450561385288,0.006723495703740934,0.9966225748452753,-0.014692796978801688,19932451.496905506,20000000.0,5.000000000000001,5.000000000000001,3986490.2993811006,66.00590711630082,3986490.2993811006,66.00590711630082,3.332835809700704,3.3339161561603845,0.06205304807313548,0.10364660421063568,0.014988452660848448,0.03943685222216066,0.002472956101656435
352,11,17.6,22,0.4064395115513561,-3.9100407923146845,8128790.231027122,20000000.0,5.000000000000001,5.000000000000001,1625758.046205424,62.110559120964936,1625758.046205424,62.110559120964936,51.90100161003761,51.89530467822302,,,,,,0.8373647429155687,-0.7708532894701607,16747294.858311374,20000000.0,5.000000000000001,5.000000000000001,3349458.971662274,65.24974662380946,3349458.971662274,65.24974662380946,24.142377057246478,24.143275021907993,0.9991943909995695,1.7334347906501453,0.06787503096991493,0.06818440095857922,0.006698362289951522,0.996635241460278,-0.014637600496388146,19932704.82920556,20000000.0,5.000000000000001,5.000000000000001,3986540.9658411117,66.00596231278324,3986540.9658411117,66.00596231278324,3.326709042069737,3.327851766393477,0.061952568911409545,0.10365622271730408,0.014965803139597514,0.0394309911306079,0.0024650746596764353
353,11,17.650000000000002,23,0.40539947769518503,-3.9211681517494186,8107989.553903701,20000000.0,5.000000000000001,5.000000000000001,1621597.91078074,62.0994317615302,1621597.91078074,62.0994317615302,51.97851379787609,51.98004136354681,,,,,,0.8384272152813567,-0.7653463296687836,16768544.305627134,20000000.0,5.000000000000001,5.000000000000001,3353708.8611254264,65.25525358361084,3353708.8611254264,65.25525358361084,24.059430621729554,24.060155420744344,0.995052039753233,1.7295145501991969,0.06783379417375154,0.06808976524611138,0.006672799620431384,0.996635869505061,-0.014634863724835837,19932717.39010122,20000000.0,5.000000000000001,5.000000000000001,3986543.4780202433,66.00596504955479,3986543.4780202433,66.00596504955479,3.326167187791089,3.3272967140673693,0.061911798579719644,0.10345581902950118,0.014946410980719105,0.039424872149254546,0.002457237897926896
354,11,17.7,24,0.4049449654951982,-3.926039960589974,8098899.309903964,20000000.0,5.000000000000001,5.000000000000001,1619779.8619807926,62.09455995268965,1619779.8619807926,62.09455995268965,52.013894117865654,52.01053876115657,,,,,,0.837591353776393,-0.7696781440775119,16751827.075527862,20000000.0,5.000000000000001,5.000000000000001,3350365.415105572,65.25092176920211,3350365.415105572,65.25092176920211,24.120954686105044,24.123399570572314,0.9980104012455364,1.7286293992242936,0.0677527564336209,0.067997177181518,0.006645633375381296,0.9966397166798521,-0.014618099291515507,19932794.33359704,20000000.0,5.000000000000001,5.000000000000001,3986558.8667194075,66.0059818139881,3986558.8667194075,66.0059818139881,3.3243176811416904,3.3255306961624407,0.0616360964973926,0.10325136870701454,0.014928161002367005,0.03941818801444906,0.0024493975962294042
355,11,17.75,25,0.40568065074548215,-3.918157058151789,8113613.014909643,20000000.0,5.000000000000001,5.000000000000001,1622722.6029819283,62.10244285512783,1622722.6029819283,62.10244285512783,51.95990865071909,51.9578867598093,,,,,,0.8392508449666198,-0.7610821282745583,16785016.899332397,20000000.0,5.000000000000001,5.000000000000001,3357003.379866479,65.25951778500507,3357003.379866479,65.25951778500507,23.984363671966552,23.98134456811041,0.9914606799992074,1.7256423564276893,0.06769565234878176,0.06790903406800773,0.006620290920392337,0.9966414293151121,-0.0146106363398446,19932828.586302243,20000000.0,5.000000000000001,5.000000000000001,3986565.717260448,66.00598927693979,3986565.717260448,66.00598927693979,3.323409362109897,3.324612480192564,0.06175708086714712,0.10305899549652994,0.01491112813607228,0.039411737815120515,0.0024416077459482595
356,11,17.8,26,0.4068209340100435,-3.905967074426849,8136418.68020087,20000000.0,5.000000000000001,5.000000000000001,1627283.7360401738,62.11463283885277,1627283.7360401738,62.11463283885277,51.876821088898566,51.88197063979641,,,,,,0.83679121064032,-0.7738289012887496,16735824.2128064,20000000.0,5.000000000000001,5.000000000000001,3347164.8425612794,65.24677101199087,3347164.8425612794,65.24677101199087,24.184711230700053,24.185031994850945,1.000194686303527,1.732849040733327,0.06766575986091322,0.06783843397493691,0.006598015757850457,0.9966247414507526,-0.014683355653627569,19932494.829015054,20000000.0,5.000000000000001,5.000000000000001,3986498.96580301,66.005916557626,3986498.96580301,66.005916557626,3.3316715604625466,3.33278889719381,0.061855279799724286,0.10303469272418028,0.01489383589791532,0.03940562747594244,0.0024339145592221435
357,11,17.85,27,0.40689419769398927,-3.90518503136269,8137883.953879786,20000000.0,5.000000000000001,5.000000000000001,1627576.7907759568,62.115414881916934,1627576.7907759568,62.115414881916934,51.8742008864563,51.87812615524683,,,,,,0.8371413984279236,-0.7720118075159073,16742827.968558472,20000000.0,5.000000000000001,5.000000000000001,3348565.593711694,65.24858810576372,3348565.593711694,65.24858810576372,24.159909752762058,24.158902543918195,0.9993699644669289,1.7292404879025298,0.06761158082250018,0.0677647571636265,0.006574435879819765,0.9966390755811356,-0.01462089293619772,19932781.511622712,20000000.0,5.000000000000001,5.000000000000001,3986556.302324542,66.00597902034343,3986556.302324542,66.00597902034343,3.324630054930753,3.3256534001202867,0.061626650447916875,0.10298557343034916,0.014878102178237818,0.039399724346982426,0.0024264255284527263
358,11,17.900000000000002,28,0.40679435532384617,-3.9062508197523655,8135887.106476923,20000000.0,5.000000000000001,5.000000000000001,1627177.4212953844,62.11434909352726,1627177.4212953844,62.11434909352726,51.88029864588502,51.87730934016298,,,,,,0.8384287725061518,-0.7653382634527159,16768575.450123036,20000000.0,5.000000000000001,5.000000000000001,3353715.090024607,65.2552616498269,3353715.090024607,65.2552616498269,24.057376898299974,24.055186502454585,0.9953340986187735,1.7262780544891663,0.06751544890257352,0.06769168814249947,0.006548922035997791,0.9966376881092666,-0.014626938974434924,19932753.76218533,20000000.0,5.000000000000001,5.000000000000001,3986550.7524370654,66.0059729743052,3986550.7524370654,66.0059729743052,3.325409996159413,3.3264631808770924,0.06171530433674166,0.10301266386349506,0.014861549728191214,0.03939363760330317,0.0024189799622325752
359,11,17.95,29,0.4059728437290286,-3.9150301620871297,8119456.874580571,20000000.0,5.000000000000001,5.000000000000001,1623891.374916114,62.10556975119249,1623891.374916114,62.10556975119249,51.93859924127621,51.93510040223613,,,,,,0.8379925251735749,-0.7675985522455382,16759850.503471497,20000000.0,5.000000000000001,5.000000000000001,3351970.1006942987,65.25300136103408,3351970.1006942987,65.25300136103408,24.08040253328696,24.081648074414595,0.9959864241567274,1.7275861907748276,0.06742807645687257,0.06759581729974765,0.006521735882163258,0.9966358668242378,-0.014634875406802871,19932717.336484756,20000000.0,5.000000000000001,5.000000000000001,3986543.4672969505,66.00596503787283,3986543.4672969505,66.00596503787283,3.3262210801779455,3.3272118857939716,0.06167500346652355,0.10285573441180226,0.01484319317750312,0.03938639791263456,0.0024113923647961365
360,12,18.0,0,0.40522398419482664,-3.9230485774609702,8104479.683896532,20000000.0,5.000000000000001,5.000000000000001,1620895.9367793063,62.09755133581865,1620895.9367793063,62.09755133581865,51.98794406187545,51.98158748006506,,,,,,0.8360724775905809,-0.777560727364784,16721449.551811617,20000000.0,5.000000000000001,5.000000000000001,3344289.910362323,65.24303918591484,3344289.910362323,65.24303918591484,24.245810527273143,24.247232978096303,1.0036238184762887,1.7329310497769925,0.06740499330819054,0.06751507903905932,0.00649927516744607,0.9966364691173075,-0.014632250852676823,19932729.38234615,20000000.0,5.000000000000001,5.000000000000001,3986545.8764692293,66.00596766242694,3986545.8764692293,66.00596766242694,3.3260509783627605,3.3271620205960026,0.06153399951665659,0.1026878406748035,0.01482892552869404,0.039378444905412265,0.002403837297991402
361,12,18.05,1,0.40459551984112,-3.929789305594113,8091910.3968224,20000000.0,5.000000000000001,5.000000000000001,1618382.0793644798,62.09081060768551,1618382.0793644798,62.09081060768551,52.02677436091244,52.02151573239637,,,,,,0.8359985265731252,-0.7779448799366915,16719970.531462505,20000000.0,5.000000000000001,5.000000000000001,3343994.1062925006,65.24265503334293,3343994.1062925006,65.24265503334293,24.256145845665245,24.256197424601776,1.0024062533446965,1.7311663759036908,0.06733480739552952,0.06740159171216974,0.006471486631769481,0.996640585728852,-0.014614312336066313,19932811.714577038,20000000.0,5.000000000000001,5.000000000000001,3986562.342915407,66.00598560094356,3986562.342915407,66.00598560094356,3.3239410657060824,3.3251588978532554,0.06129203662799946,0.10249814453035362,0.014816999409494486,0.039371261306297714,0.0023964334007736164
362,12,18.1,2,0.4041541854833332,-3.934529192212305,8083083.709666664,20000000.0,5.000000000000001,5.000000000000001,1616616.7419333325,62.086070721067316,1616616.7419333325,62.086070721067316,52.04791885285173,52.0447898486791,,,,,,0.8382354714015784,-0.766339651819397,16764709.428031567,20000000.0,5.000000000000001,5.000000000000001,3352941.885606313,65.25426026146023,3352941.885606313,65.25426026146023,24.06908829466975,24.06795064083943,0.9952399094656028,1.7283339048580975,0.0672575027499367,0.06728920723897451,0.006443615412539111,0.9966455845235953,-0.014592529723959614,19932911.690471906,20000000.0,5.000000000000001,5.000000000000001,3986582.3380943807,66.00600738355566,3986582.3380943807,66.00600738355566,3.321507542296024,3.3225867685862434,0.061255887635958205,0.1022699917333322,0.014805716120414081,0.03936331189358239,0.0023890207997390176
363,12,18.150000000000002,3,0.40351685841536344,-3.941383162979899,8070337.168307269,20000000.0,5.000000000000001,5.000000000000001,1614067.4336614534,62.07921675029972,1614067.4336614534,62.07921675029972,52.08630858452848,52.08696006669163,,,,,,0.8368624696814251,-0.7734590827448035,16737249.393628502,20000000.0,5.000000000000001,5.000000000000001,3347449.8787257,65.24714083053482,3347449.8787257,65.24714083053482,24.17852481765425,24.181831915145853,1.0015078816602023,1.7312644923206224,0.06721283163268682,0.06719312945218282,0.006419005132635396,0.9966453712038648,-0.014593459277987752,19932907.424077295,20000000.0,5.000000000000001,5.000000000000001,3986581.4848154583,66.00600645400164,3986581.4848154583,66.00600645400164,3.3216126882003905,3.322652633563373,0.06135696229949521,0.10235868991671462,0.014794778038452912,0.039355272898640326,0.0023816729334359714
364,12,18.2,4,0.4031531354443128,-3.945299582114764,8063062.708886256,20000000.0,5.000000000000001,5.000000000000001,1612612.541777251,62.075300331164854,1612612.541777251,62.075300331164854,52.1043342547199,52.11283467799852,,,,,,0.8354602137106059,-0.7807422725157399,16709204.274212118,20000000.0,5.000000000000001,5.000000000000001,3341840.854842423,65.23985764076389,3341840.854842423,65.23985764076389,24.28737022120813,24.28643067161175,1.005470773653258,1.7372051957857249,0.06710111764762215,0.06710582319263156,0.006392153093151627,0.996657537332188,-0.014540444933059634,19933150.74664376,20000000.0,5.000000000000001,5.000000000000001,3986630.149328751,66.00605946834656,3986630.149328751,66.00605946834656,3.3155838070461976,3.316753116212152,0.06108845699762514,0.10207985847658807,0.014786230238978834,0.039347286413612875,0.0023743706513979584
365,12,18.25,5,0.40294066060837014,-3.9475890588824085,8058813.212167403,20000000.0,5.000000000000001,5.000000000000001,1611762.6424334804,62.07301085439721,1611762.6424334804,62.07301085439721,52.112533962259235,52.113777556925456,,,,,,0.8377553998386372,-0.7688276419389597,16755107.996772746,20000000.0,5.000000000000001,5.000000000000001,3351021.5993545484,65.25177227134067,3351021.5993545484,65.25177227134067,24.112543137358422,24.111046257961394,0.9971289766924298,1.7303204102630036,0.06697538278903384,0.06701213323563517,0.006364168684743021,0.9966526095746531,-0.014561917737067526,19933052.19149306,20000000.0,5.000000000000001,5.000000000000001,3986610.4382986114,66.00603799554256,3986610.4382986114,66.00603799554256,3.317877160631523,3.319056596953525,0.0610460545727544,0.10201220418144916,0.01477776654392875,0.0393393598384181,0.0023671465559724054
366,12,18.3,6,0.4029275712989006,-3.94773013938788,8058551.425978012,20000000.0,5.000000000000001,5.000000000000001,1611710.285195602,62.07286977389174,1611710.285195602,62.07286977389174,52.113187060103655,52.12163646337348,,,,,,0.8370312697047043,-0.7725831738722283,16740625.394094085,20000000.0,5.000000000000001,5.000000000000001,3348125.0788188167,65.2480167394074,3348125.0788188167,65.2480167394074,24.167267146955396,24.164721574999938,0.9995539683161917,1.7295387667836337,0.06686474126316308,0.06692585708220967,0.00633772830972585,0.9966506820936311,-0.014570316803836065,19933013.641872622,20000000.0,5.000000000000001,5.000000000000001,3986602.7283745236,66.00602959647578,3986602.7283745236,66.00602959647578,3.3188538033023,3.3197661966638625,0.06073892029729875,0.10173365997946975,0.014767311091835076,0.03933113209420199,0.0023598992806056086
367,12,18.35,7,0.40332096557496444,-3.9434920175420354,8066419.311499288,20000000.0,5.000000000000001,5.000000000000001,1613283.8622998574,62.07710789573759,1613283.8622998574,62.07710789573759,52.08985246631905,52.087649530382215,,,,,,0.8358272302287243,-0.7788348417894885,16716544.604574487,20000000.0,5.000000000000001,5.000000000000001,3343308.9209148968,65.24176507149014,3343308.9209148968,65.24176507149014,24.25911318266393,24.25874746867084,1.0032642425415867,1.7351371549769692,0.06675388457442712,0.06682888788686861,0.006310334462209313,0.9966437345079152,-0.014600591289269056,19932874.690158304,20000000.0,5.000000000000001,5.000000000000001,3986574.93803166,66.00599932199034,3986574.93803166,66.00599932199034,3.322332232997661,3.3233631861258255,0.06104929582222788,0.1019202656566202,0.014755669634851296,0.03932248663640071,0.002352618424737894
368,12,18.400000000000002,8,0.403959699833149,-3.936619591792112,8079193.99666298,20000000.0,5.000000000000001,5.000000000000001,1615838.7993325957,62.08398032148751,1615838.7993325957,62.08398032148751,52.05403061873702,52.04787953697,,,,,,0.8357754189146176,-0.7791040608869269,16715508.378292352,20000000.0,5.000000000000001,5.000000000000001,3343101.67565847,65.2414958523927,3343101.67565847,65.2414958523927,24.267503950260895,24.267178230257464,1.003720178566141,1.7336238440697085,0.06667239114060808,0.06675212908098782,0.006286426816751299,0.9966450113113436,-0.014595027532541837,19932900.226226874,20000000.0,5.000000000000001,5.000000000000001,3986580.045245374,66.00600488574707,3986580.045245374,66.00600488574707,3.321712466842597,3.3228103180597373,0.06098939943384045,0.1018994020549906,0.01474609877239259,0.03931352353626724,0.002345327506509635
369,12,18.45,9,0.4051137754942081,-3.9242298880998785,8102275.509884162,20000000.0,5.000000000000001,5.000000000000001,1620455.1019768321,62.09637002517974,1620455.1019768321,62.09637002517974,51.98575118092454,51.9821513511185,,,,,,0.8359583208403545,-0.7781537504935312,16719166.416807089,20000000.0,5.000000000000001,5.000000000000001,3343833.2833614172,65.2424461627861,3343833.2833614172,65.2424461627861,24.24929156445618,24.24778782341498,1.0022933831206398,1.7317721738522867,0.06652084848376341,0.06662517913716066,0.006254661971172854,0.9966536926384877,-0.014557198255205647,19933073.852769755,20000000.0,5.000000000000001,5.000000000000001,3986614.77055395,66.00604271502442,3986614.77055395,66.00604271502442,3.3174520639717158,3.318293046437661,0.06081797918630858,0.10164609478062077,0.014734851539112189,0.03930403762027275,0.0023380163370974706
370,12,18.5,10,0.40564170037335107,-3.9185740547173165,8112834.007467021,20000000.0,5.000000000000001,5.000000000000001,1622566.801493404,62.10202585856231,1622566.801493404,62.10202585856231,51.96416021808004,51.960804631611246,,,,,,0.8357917927178787,-0.7790189784283236,16715835.854357574,20000000.0,5.000000000000001,5.000000000000001,3343167.1708715144,65.2415809348513,3343167.1708715144,65.2415809348513,24.26730495441321,24.26666121629789,1.0030273057627503,1.7325993174934884,0.06639370235774122,0.06656843813669418,0.006230740988446453,0.9966526861093988,-0.014561584234539533,19933053.722187977,20000000.0,5.000000000000001,5.000000000000001,3986610.744437595,66.00603832904508,3986610.744437595,66.00603832904508,3.31799209093129,3.3189255574126286,0.06064427154666333,0.1014815727199734,0.014723648994690117,0.03929481438590416,0.00233079746171286
371,12,18.55,11,0.40634934692399344,-3.911004338994213,8126986.938479869,20000000.0,5.000000000000001,5.000000000000001,1625397.3876959735,62.109595574285414,1625397.3876959735,62.109595574285414,51.92436958461822,51.920086183835735,,,,,,0.8366786554734874,-0.774413101684928,16733573.109469747,20000000.0,5.000000000000001,5.000000000000001,3346714.621893949,65.2461868115947,3346714.621893949,65.2461868115947,24.196755461026232,24.196003251804186,1.0009436195215993,1.7276676285716157,0.06628606371634298,0.06648264418349259,0.0062050744081982145,0.9966424849788379,-0.014606036203079747,19932849.699576758,20000000.0,5.000000000000001,5.000000000000001,3986569.9399153506,66.00599387707655,3986569.9399153506,66.00599387707655,3.323010127317601,3.323880091359708,0.06076017004539551,0.10141142211614898,0.014707406727051828,0.03928521591298127,0.0023235248805170416
372,12,18.6,12,0.40700879212733543,-3.9039620912577804,8140175.842546709,20000000.0,5.000000000000001,5.000000000000001,1628035.1685093415,62.11663782202184,1628035.1685093415,62.11663782202184,51.87878004516658,51.878598774285045,,,,,,0.8364554055098589,-0.775572079081006,16729108.110197177,20000000.0,5.000000000000001,5.000000000000001,3345821.622039435,65.24502783419861,3345821.622039435,65.24502783419861,24.2157916127144,24.21337840249932,1.0016259160129888,1.7339480079513105,0.06618546548575475,0.06635778014102561,0.006176310457333517,0.9966458797757387,-0.014591243144661545,19932917.595514774,20000000.0,5.000000000000001,5.000000000000001,3986583.5191029543,66.00600867013496,3986583.5191029543,66.00600867013496,3.3212996046016237,3.322068412556944,0.06057175116718575,0.10142514260062811,0.014691622272683166,0.03927520730971367,0.002316237115252658
373,12,18.650000000000002,13,0.406418764784654,-3.9102624842518967,8128375.29569308,20000000.0,5.000000000000001,5.000000000000001,1625675.0591386156,62.11033742902772,1625675.0591386156,62.11033742902772,51.91682373524852,51.91787053789058,,,,,,0.835889035116683,-0.7785137164602234,16717780.702333659,20000000.0,5.000000000000001,5.000000000000001,3343556.140466731,65.2420861968194,3343556.140466731,65.2420861968194,24.261489743253012,24.261650469338726,1.0036180472325893,1.7335504078489457,0.06597909268254529,0.0662022625474454,0.00613989072378497,0.9966649908587588,-0.01450796624067878,19933299.817175176,20000000.0,5.000000000000001,5.000000000000001,3986659.9634350343,66.00609194703894,3986659.9634350343,66.00609194703894,3.3118208313249804,3.3127179305539607,0.060491020004180066,0.10106926384018904,0.014671205768504832,0.039264365266220944,0.0023087860117080635
374,12,18.7,14,0.40537579472028473,-3.921421869041179,8107515.894405695,20000000.0,5.000000000000001,5.000000000000001,1621503.1788811386,62.09917804423845,1621503.1788811386,62.09917804423845,51.97556227991348,51.971855072976425,,,,,,0.8367491117454422,-0.7740473999708425,16734982.234908843,20000000.0,5.000000000000001,5.000000000000001,3346996.446981768,65.24655251330879,3346996.446981768,65.24655251330879,24.189223805439877,24.1892399086208,0.9997267956700275,1.7323895765449184,0.06597197999700813,0.06613255687689523,0.006120843542607341,0.9966621021299018,-0.014520553828603785,19933242.042598035,20000000.0,5.000000000000001,5.000000000000001,3986648.408519606,66.00607935945102,3986648.408519606,66.00607935945102,3.313259061654885,3.313950739236266,0.06043472234935515,0.10115821953868778,0.014652075709450462,0.03925400244630844,0.002301514880599754
375,12,18.75,15,0.40439606749377316,-3.9319307631065654,8087921.349875463,20000000.0,5.000000000000001,5.000000000000001,1617584.2699750923,62.08866915017306,1617584.2699750923,62.08866915017306,52.0265391208723,52.02742625332739,,,,,,0.8374223395251775,-0.7705545781891678,16748446.79050355,20000000.0,5.000000000000001,5.000000000000001,3349689.3581007095,65.25004533509046,3349689.3581007095,65.25004533509046,24.135695399592294,24.137454614285076,0.9978459381088287,1.7320634822058287,0.06591124641665515,0.0660391705284655,0.0060971320032745975,0.9966517141925503,-0.01456581939424854,19933034.283851005,20000000.0,5.000000000000001,5.000000000000001,3986606.8567702,66.00603409388538,3986606.8567702,66.00603409388538,3.3184882435332455,3.3192401379313226,0.06019607655855291,0.10083484395222209,0.014637532670246709,0.03924357727033899,0.0022943629407321817
376,12,18.8,16,0.402894662722881,-3.94808485814289,8057893.25445762,20000000.0,5.000000000000001,5.000000000000001,1611578.6508915238,62.07251505513673,1611578.6508915238,62.07251505513673,52.11347184541813,52.11195201596597,,,,,,0.836808817409441,-0.7737375231512554,16736176.348188821,20000000.0,5.000000000000001,5.000000000000001,3347235.2696377635,65.24686239012837,3347235.2696377635,65.24686239012837,24.183465369808186,24.18211072760995,1.0000249222380584,1.7299473182087077,0.06582203850398136,0.06595273284913136,0.006072951969340107,0.9966586492961222,-0.01453559954220829,19933172.985922445,20000000.0,5.000000000000001,5.000000000000001,3986634.597184488,66.00606431373741,3986634.597184488,66.00606431373741,3.314995390848707,3.3158506518104907,0.06032162685272498,0.10090370856040469,0.014620800929478001,0.03923302866590028,0.002287155504379399
377,12,18.85,17,0.4012842841977018,-3.965478485389422,8025685.683954036,20000000.0,5.000000000000001,5.000000000000001,1605137.136790807,62.0551214278902,1605137.136790807,62.0551214278902,52.21371237158307,52.214102696527405,,,,,,0.8375992127253433,-0.7696373953026449,16751984.254506866,20000000.0,5.000000000000001,5.000000000000001,3350396.8509013727,65.25096251797697,3350396.8509013727,65.25096251797697,24.11943404882202,24.120243138658488,0.9969998787307224,1.7323434448372523,0.06570561402399559,0.06583938042686675,0.006045143867930753,0.9966533711524743,-0.01455859913923551,19933067.423049487,20000000.0,5.000000000000001,5.000000000000001,3986613.484609897,66.00604131414039,3986613.484609897,66.00604131414039,3.31765106981958,3.318554488381925,0.06024398297960237,0.10065859791480603,0.014604096973196473,0.0392219985579068,0.0022800054475044366
378,12,18.900000000000002,18,0.4006700676372886,-3.972131006556733,8013401.352745771,20000000.0,5.000000000000001,5.000000000000001,1602680.270549154,62.04846890672289,1602680.270549154,62.04846890672289,52.246712864879576,52.23956161723288,,,,,,0.8374925127096834,-0.7701906692204745,16749850.254193667,20000000.0,5.000000000000001,5.000000000000001,3349970.050838733,65.25040924405916,3349970.050838733,65.25040924405916,24.133058758086396,24.131045024694853,0.9976051661014111,1.7289884581083257,0.06556715393240824,0.06573285378151458,0.006017060798917087,0.9966637502372723,-0.014513372223692296,19933275.004745446,20000000.0,5.000000000000001,5.000000000000001,3986655.0009490885,66.00608654105594,3986655.0009490885,66.00608654105594,3.3125040365019247,3.313189481944164,0.06009824898764389,0.1005261106554661,0.014584509114231484,0.03921058313887747,0.0022727266235429673
379,12,18.95,19,0.4005632088675072,-3.973289425102119,8011264.177350144,20000000.0,5.000000000000001,5.000000000000001,1602252.8354700285,62.0473104881775,1602252.8354700285,62.0473104881775,52.256078704934815,52.251387195068595,,,,,,0.8372671676732613,-0.7713593874261893,16745343.353465226,20000000.0,5.000000000000001,5.000000000000001,3349068.6706930446,65.24924052585344,3349068.6706930446,65.24924052585344,24.15610887573507,24.156527531660778,0.9990473726778136,1.7322940804204456,0.06552915136228477,0.06568004871683601,0.00599858814540352,0.9966585692663313,-0.014535948272417958,19933171.385326628,20000000.0,5.000000000000001,5.000000000000001,3986634.2770653246,66.0060639650072,3986634.2770653246,66.0060639650072,3.314980959036228,3.3157751244771694,0.06027975810701532,0.10067469037038497,0.014568293124564244,0.03920000228581723,0.002265694464817852
380,12,19.0,20,0.4015442530910261,-3.962665853437779,8030885.061820522,20000000.0,5.000000000000001,5.000000000000001,1606177.0123641042,62.05793405984185,1606177.0123641042,62.05793405984185,52.195455397977106,52.19145668087752,,,,,,0.835442242562556,-0.7808356923368975,16708844.85125112,20000000.0,5.000000000000001,5.000000000000001,3341768.9702502233,65.23976422094273,3341768.9702502233,65.23976422094273,24.293669804434668,24.29012961929797,1.0054581863860448,1.730914327352523,0.06540373611672554,0.06557582599846695,0.005971538172548184,0.9966596263609993,-0.014531341979432419,19933192.527219985,20000000.0,5.000000000000001,5.000000000000001,3986638.5054439963,66.00606857130019,3986638.5054439963,66.00606857130019,3.3145624002788816,3.3151741262259797,0.06015616136856502,0.10058298733300386,0.0145512186026725,0.03918873601727388,0.002258696380785497
381,12,19.05,21,0.4028583050962986,-3.9484767876111304,8057166.101925972,20000000.0,5.000000000000001,5.000000000000001,1611433.220385194,62.07212312566849,1611433.220385194,62.07212312566849,52.11641468481806,52.11525385754568,,,,,,0.837142298543792,-0.7720071378729378,16742845.970875839,20000000.0,5.000000000000001,5.000000000000001,3348569.194175167,65.24859277540669,3348569.194175167,65.24859277540669,24.152149281872376,24.150093007818224,0.9988259814948123,1.7260807910859963,0.06531028166550111,0.06545972741191583,0.005944918591426698,0.9966584984894363,-0.01453625668311134,19933169.969788726,20000000.0,5.000000000000001,5.000000000000001,3986633.9939577444,66.00606365659651,3986633.9939577444,66.00606365659651,3.315037329006537,3.3159284516842398,0.060084112920729196,0.1005744963949714,0.01453667600832757,0.039177524987520626,0.0022517494017343376
382,12,19.1,22,0.40418078033514604,-3.9342434196580567,8083615.606702921,20000000.0,5.000000000000001,5.000000000000001,1616723.121340584,62.08635649362157,1616723.121340584,62.08635649362157,52.039716601726866,52.041429562522126,,,,,,0.8367306374148208,-0.7741432875948198,16734612.748296415,20000000.0,5.000000000000001,5.000000000000001,3346922.5496592824,65.2464566256848,3346922.5496592824,65.2464566256848,24.197523076542687,24.196236554809023,1.0015192545572371,1.734577831379125,0.06522930379874631,0.0653528995948582,0.005919841974003336,0.9966681338793464,-0.01449427062221189,19933362.677586928,20000000.0,5.000000000000001,5.000000000000001,3986672.5355173848,66.00610564265742,3986672.5355173848,66.00610564265742,3.3103014198154503,3.310795106007086,0.05983089087156438,0.10038409922443563,0.014520589901193228,0.03916575951230169,0.002244768926757793
383,12,19.150000000000002,23,0.40503291155068605,-3.925096861084765,8100658.231013721,20000000.0,5.000000000000001,5.000000000000001,1620131.646202744,62.095503052194864,1620131.646202744,62.095503052194864,51.991873398234986,51.99171839769794,,,,,,0.8345350237524651,-0.785554321384228,16690700.475049302,20000000.0,5.000000000000001,5.000000000000001,3338140.0950098597,65.23504559189539,3338140.0950098597,65.23504559189539,24.37773170235875,24.377377569376524,1.0086383578955744,1.7320966019688513,0.0651505794077267,0.06526885903544866,0.005897185432479045,0.9966760944376303,-0.01445958292014348,19933521.888752606,20000000.0,5.000000000000001,5.000000000000001,3986704.3777505206,66.00614033035949,3986704.3777505206,66.00614033035949,3.3063169882497645,3.307024802092431,0.05998580912276961,0.10028607376359133,0.014505658818560585,0.0391544425506776,0.002237939983665252
384,12,19.200000000000003,24,0.405251019071086,-3.922758843723707,8105020.381421721,20000000.0,5.000000000000001,5.000000000000001,1621004.0762843438,62.09784106955592,1621004.0762843438,62.09784106955592,51.986432064649456,51.986167872991224,,,,,,0.8375917844491572,-0.7696759110225021,16751835.688983142,20000000.0,5.000000000000001,5.000000000000001,3350367.137796628,65.25092400225712,3350367.137796628,65.25092400225712,24.118389065018167,24.11976484920199,0.9969694640625886,1.7278285084009188,0.06499313705897895,0.06520146792947781,0.0058725376529102005,0.9966628410550844,-0.014517333970943964,19933256.821101688,20000000.0,5.000000000000001,5.000000000000001,3986651.364220337,66.00608257930868,3986651.364220337,66.00608257930868,3.3128957698991526,3.3137227592029577,0.05989497732957113,0.10016897190572707,0.014488107027228572,0.0391426918773057,0.0022310383447641086
385,12,19.25,25,0.40552706905286745,-3.9198015119900105,8110541.381057349,20000000.0,5.000000000000001,5.000000000000001,1622108.2762114694,62.100798401289616,1622108.2762114694,62.100798401289616,51.96902795101012,51.967733694299135,,,,,,0.8378687294273035,-0.7682401782684439,16757374.588546071,20000000.0,5.000000000000001,5.000000000000001,3351474.9177092137,65.25235973501118,3351474.9177092137,65.25235973501118,24.103396968993525,24.101818477508115,0.9978823297701489,1.7222362376652587,0.06494611937416053,0.0651358805164457,0.005853096130466725,0.9966737609071444,-0.014469751124291264,19933475.21814289,20000000.0,5.000000000000001,5.000000000000001,3986695.043628577,66.00613016215533,3986695.043628577,66.00613016215533,3.3073725009202364,3.3081629681387303,0.060029976250987084,0.10038220712516117,0.014469623168772362,0.03913118780430434,0.0022242148336172386
386,12,19.3,26,0.40559196360613375,-3.919106586946595,8111839.272122676,20000000.0,5.000000000000001,5.000000000000001,1622367.8544245348,62.10149332633303,1622367.8544245348,62.10149332633303,51.95734977416985,51.95686338800596,,,,,,0.8386623280233648,-0.76412864671851,16773246.560467297,20000000.0,5.000000000000001,5.000000000000001,3354649.312093459,65.25647126656112,3354649.312093459,65.25647126656112,24.03188153248067,24.031410370963624,0.9931099739584968,1.7219855638826878,0.06480899069302261,0.0650316864263985,0.005826308778580271,0.9966659742081487,-0.01450368132039903,19933319.484162975,20000000.0,5.000000000000001,5.000000000000001,3986663.896832594,66.00609623195923,3986663.896832594,66.00609623195923,3.3113277718820293,3.3121363975325955,0.05975094828371552,0.09990321560730706,0.014450129484395155,0.03911892615316955,0.0022173572873023426
387,12,19.35,27,0.404594086022533,-3.9298046962886026,8091881.72045066,20000000.0,5.000000000000001,5.000000000000001,1618376.3440901318,62.09079521699102,1618376.3440901318,62.09079521699102,52.02324758837024,52.01969280875087,,,,,,0.8365674748292049,-0.7749902449934103,16731349.496584099,20000000.0,5.000000000000001,5.000000000000001,3346269.8993168194,65.24560966828622,3346269.8993168194,65.24560966828622,24.199562312755255,24.198444990620683,1.0013222455776576,1.7326522271663287,0.06471081009276261,0.0649377803095432,0.0058021677179727425,0.9966757955751929,-0.014460885192040791,19933515.91150386,20000000.0,5.000000000000001,5.000000000000001,3986703.182300771,66.00613902808759,3986703.182300771,66.00613902808759,3.306351198379847,3.3070564074737496,0.0597829421084868,0.0999654924362102,0.014430007398626047,0.03910663148849418,0.0022105873886323355
388,12,19.400000000000002,28,0.40411039450088737,-3.9349997851969025,8082207.890017748,20000000.0,5.000000000000001,5.000000000000001,1616441.5780035492,62.08560012808272,1616441.5780035492,62.08560012808272,52.05113610353163,52.048745968512506,,,,,,0.8350848627405288,-0.7826938853171256,16701697.254810577,20000000.0,5.000000000000001,5.000000000000001,3340339.450962115,65.23790602796251,3340339.450962115,65.23790602796251,24.322977259744544,24.323563939081012,1.0050065615001418,1.7352795853793412,0.06461731816400233,0.06487356457502877,0.005781039495755845,0.9966825308969693,-0.014431536599341661,19933650.617939387,20000000.0,5.000000000000001,5.000000000000001,3986730.1235878766,66.00616837668028,3986730.1235878766,66.00616837668028,3.3030689230792296,3.30383284547786,0.05945669986665878,0.09966587007099686,0.014407729885622084,0.03909407054029451,0.0022037988836447068
389,12,19.450000000000003,29,0.4044355776172093,-3.9315064713839307,8088711.552344185,20000000.0,5.000000000000001,5.000000000000001,1617742.3104688367,62.0890934418957,1617742.3104688367,62.0890934418957,52.01910535640802,52.013742912477824,,,,,,0.8364034626746337,-0.7758417789002671,16728069.253492674,20000000.0,5.000000000000001,5.000000000000001,3345613.8506985344,65.24475813437935,3345613.8506985344,65.24475813437935,24.21571225783007,24.217352844695064,1.00166111192077,1.7337138385452768,0.06455792848150509,0.06482607361476359,0.00576305022870403,0.9966743570027177,-0.014467153675147112,19933487.140054353,20000000.0,5.000000000000001,5.000000000000001,3986697.42801087,66.00613275960447,3986697.42801087,66.00613275960447,3.30700714935018,3.307793312227833,0.05948364917308613,0.09987564372920292,0.014381584026006264,0.03908171722479821,0.002197006043205502
390,13,19.5,0,0.40397701279109954,-3.9364334652802953,8079540.255821991,20000000.0,5.000000000000001,5.000000000000001,1615908.051164398,62.08416644799933,1615908.051164398,62.08416644799933,52.04998614410939,52.04446761213497,,,,,,0.8347582563968872,-0.7843927674813401,16695165.127937743,20000000.0,5.000000000000001,5.000000000000001,3339033.025587548,65.23620714579829,3339033.025587548,65.23620714579829,24.346336315581368,24.343560613479664,1.0077043290446168,1.739819581650055,0.06446363091774658,0.0647219566872895,0.005738557778055146,0.9966778109027792,-0.014452103552425068,19933556.218055584,20000000.0,5.000000000000001,5.000000000000001,3986711.243611116,66.0061478097272,3986711.243611116,66.0061478097272,3.3053840491371806,3.3060986436149746,0.05978159319613406,0.09979653059752434,0.014356262320576667,0.03906914974714172,0.0021902778348034226
391,13,19.55,1,0.4038121505639325,-3.938206174293366,8076243.01127865,20000000.0,5.000000000000001,5.000000000000001,1615248.6022557297,62.082393738986255,1615248.6022557297,62.082393738986255,52.066099851321916,52.06318627259037,,,,,,0.8384749421588984,-0.7650991176359472,16769498.843177969,20000000.0,5.000000000000001,5.000000000000001,3353899.7686355934,65.25550079564367,3353899.7686355934,65.25550079564367,24.05278695948504,24.053179921611395,0.9941199615298192,1.7324345462634643,0.06434153303779891,0.06461561418213352,0.00571277370186562,0.9966705635473568,-0.014483683445921595,19933411.270947136,20000000.0,5.000000000000001,5.000000000000001,3986682.2541894265,66.00611622983371,3986682.2541894265,66.00611622983371,3.3091002138962677,3.309910111867333,0.059572330681195676,0.09957093192638063,0.014330435784675234,0.039055600963629554,0.0021835113069482584
392,13,19.6,2,0.4041252763583291,-3.9348398539095024,8082505.527166583,20000000.0,5.000000000000001,5.000000000000001,1616501.1054333162,62.085760059370116,1616501.1054333162,62.085760059370116,52.047074721822824,52.048847055483314,,,,,,0.8357081522783734,-0.7794536129789285,16714163.045567468,20000000.0,5.000000000000001,5.000000000000001,3342832.609113493,65.2411463003007,3342832.609113493,65.2411463003007,24.27746248038738,24.276944151753632,1.003120478619644,1.732993797068446,0.06422543237604882,0.06454129839484041,0.005690145137822912,0.9966753284362704,-0.014462920717582671,19933506.568725407,20000000.0,5.000000000000001,5.000000000000001,3986701.3137450805,66.00613699256203,3986701.3137450805,66.00613699256203,3.306636923559057,3.3073619705037407,0.05960342203132403,0.09945217536787374,0.014304524556199663,0.03904340207808644,0.0021769135451265736
393,13,19.650000000000002,3,0.40433552752842866,-3.9325809707426873,8086710.550568573,20000000.0,5.000000000000001,5.000000000000001,1617342.1101137144,62.088018942536934,1617342.1101137144,62.088018942536934,52.031740816675814,52.03196693502508,,,,,,0.8382287770560928,-0.7663743357359438,16764575.541121855,20000000.0,5.000000000000001,5.000000000000001,3352915.1082243705,65.25422557754368,3352915.1082243705,65.25422557754368,24.071282957471563,24.070913397445935,0.9959858528474304,1.7311194192828208,0.06412885712995366,0.06443585341195196,0.005665835976891341,0.9966780816656579,-0.01445092372473298,19933561.633313157,20000000.0,5.000000000000001,5.000000000000001,3986712.326662631,66.00614898955489,3986712.326662631,66.00614898955489,3.305328188653303,3.306007634253052,0.05934443958522374,0.09944683516276377,0.014276280146672107,0.039030536331220195,0.0021702353149322686
394,13,19.700000000000003,4,0.40438968445972884,-3.9319993131881317,8087793.689194577,20000000.0,5.000000000000001,5.000000000000001,1617558.737838915,62.088600600091496,1617558.737838915,62.088600600091496,52.02619257625105,52.02712351984352,,,,,,0.8367139077555823,-0.7742301216487191,16734278.155111646,20000000.0,5.000000000000001,5.000000000000001,3346855.6310223285,65.2463697916309,3346855.6310223285,65.2463697916309,24.193184923253163,24.194745957856963,1.0014583771936396,1.7348167234421041,0.0641092939358868,0.0643931035420267,0.005650488246639239,0.9966827061465049,-0.014430772967019483,19933654.1229301,20000000.0,5.000000000000001,5.000000000000001,3986730.824586019,66.00616914031261,3986730.824586019,66.00616914031261,3.3029040998663843,3.3037056044790214,0.05931459306411606,0.09930690675906476,0.014249907506301706,0.039018067810541096,0.0021637280617719896
395,13,19.75,5,0.40404036046292835,-3.935752501100967,8080807.209258567,20000000.0,5.000000000000001,5.000000000000001,1616161.441851713,62.084847412178654,1616161.441851713,62.084847412178654,52.047421380054644,52.04609320286708,,,,,,0.837712079055005,-0.7690522237649206,16754241.5811001,20000000.0,5.000000000000001,5.000000000000001,3350848.3162200195,65.2515476895147,3350848.3162200195,65.2515476895147,24.110277759721495,24.109901370278415,0.998295400780288,1.7345650411340663,0.06409566022308913,0.06431848947706593,0.005632575693675882,0.9966753338591274,-0.014462897087852707,19933506.677182548,20000000.0,5.000000000000001,5.000000000000001,3986701.335436509,66.00613701619177,3986701.335436509,66.00613701619177,3.3065800929398876,3.3072652378272034,0.059289990149901814,0.09914868837187699,0.014224844916259558,0.039004942595153844,0.002157227355861238
396,13,19.8,6,0.40349833481517977,-3.941582532147014,8069966.696303596,20000000.0,5.000000000000001,5.000000000000001,1613993.3392607188,62.07901738113261,1613993.3392607188,62.07901738113261,52.083384160802424,52.07576451164863,,,,,,0.8375558170925841,-0.7698624071196383,16751116.341851681,20000000.0,5.000000000000001,5.000000000000001,3350223.268370336,65.25073750616,3350223.268370336,65.25073750616,24.1269195761676,24.127559129132262,0.9979400692231893,1.7320579383851853,0.06396343447298342,0.06422462274638197,0.00560787723647813,0.9966792742197914,-0.01444572726883364,19933585.484395828,20000000.0,5.000000000000001,5.000000000000001,3986717.0968791647,66.00615418601079,3986717.0968791647,66.00615418601079,3.3046179980920862,3.305308564248788,0.05940975770650166,0.09913807067169707,0.01419965401390813,0.03899136436141235,0.0021506819972365913
397,13,19.85,7,0.4037089615311044,-3.9393161001423094,8074179.230622089,20000000.0,5.000000000000001,5.000000000000001,1614835.8461244174,62.08128381313731,1614835.8461244174,62.08128381313731,52.06893147372502,52.061193093500854,,,,,,0.835169638683875,-0.7822530216715724,16703392.773677498,20000000.0,5.000000000000001,5.000000000000001,3340678.554735499,65.23834689160805,3340678.554735499,65.23834689160805,24.314275880173334,24.31880563782051,1.0057653070377763,1.7331361691655072,0.06382894640720901,0.06414627153394072,0.005584578243515896,0.996689626295504,-0.014400619217262468,19933792.52591008,20000000.0,5.000000000000001,5.000000000000001,3986758.5051820152,66.00619929406237,3986758.5051820152,66.00619929406237,3.2994775057130346,3.300162251025398,0.059023241660666484,0.09889520693329594,0.014173789365474957,0.03897816888517608,0.0021441801668706673
398,13,19.900000000000002,8,0.4040688346815791,-3.935446448500255,8081376.693631582,20000000.0,5.000000000000001,5.000000000000001,1616275.338726316,62.08515346477937,1616275.338726316,62.08515346477937,52.051586489370266,52.04910252923459,,,,,,0.8377078246330237,-0.7690742799907788,16754156.492660474,20000000.0,5.000000000000001,5.000000000000001,3350831.2985320943,65.25152563328885,3350831.2985320943,65.25152563328885,24.11223826006861,24.112025334496686,0.9974971537082871,1.7348122876186678,0.06375248006747664,0.06406465832935768,0.0055636780994748536,0.9966849809454633,-0.01442086077027344,19933699.618909266,20000000.0,5.000000000000001,5.000000000000001,3986739.9237818522,66.00617905250935,3986739.9237818522,66.00617905250935,3.301795677412889,3.3022755212957984,0.05902662803680593,0.09897485113025609,0.014147814221779423,0.03896428602832729,0.0021376282252038915
399,13,19.950000000000003,9,0.4053982014589159,-3.9211818237759557,8107964.029178319,20000000.0,5.000000000000001,5.000000000000001,1621592.8058356633,62.09941808950367,1621592.8058356633,62.09941808950367,51.96916132924656,51.973695775603275,,,,,,0.8352355626786304,-0.7819102254789022,16704711.253572607,20000000.0,5.000000000000001,5.000000000000001,3340942.250714521,65.23868968780073,3340942.250714521,65.23868968780073,24.313637718361402,24.31506173631712,1.0064952187559333,1.7337567839322658,0.06367045969646863,0.06400834176663486,0.005544759077063396,0.9966758283708634,-0.014460742287210927,19933516.567417268,20000000.0,5.000000000000001,5.000000000000001,3986703.313483453,66.00613917099241,3986703.313483453,66.00613917099241,3.306401539057743,3.3069746823255257,0.05914807882677039,0.09875338467326432,0.014123848023171732,0.03895075347732006,0.0021311865464076927
400,13,20.0,10,0.40712033648722096,-3.9027720318781025,8142406.729744419,20000000.0,5.000000000000001,5.000000000000001,1628481.3459488836,62.11782788140152,1628481.3459488836,62.11782788140152,51.86478497106081,51.867930043256706,,,,,,0.8360187437321941,-0.7778398546982596,16720374.874643883,20000000.0,5.000000000000001,5.000000000000001,3344074.974928776,65.24276005858137,3344074.974928776,65.24276005858137,24.247697728345585,24.249506685895085,1.0032571225083975,1.7314017367624452,0.06359589355148713,0.0639326745674214,0.005524632973878603,0.996677917524687,-0.014451638955910033,19933558.35049374,20000000.0,5.000000000000001,5.000000000000001,3986711.670098747,66.00614827432372,3986711.670098747,66.00614827432372,3.3054921031892563,3.306144006601427,0.05907463333961227,0.09891798571993074,0.014098546969988798,0.03893679590264372,0.002124777776583138
401,13,20.05,11,0.40896805757609855,-3.883106112106951,8179361.151521971,20000000.0,5.000000000000001,5.000000000000001,1635872.230304394,62.137493801172674,1635872.230304394,62.137493801172674,51.75651702384903,51.75875719989871,,,,,,0.8367527533537946,-0.7740284991205273,16735055.067075893,20000000.0,5.000000000000001,5.000000000000001,3347011.0134151783,65.24657141415909,3347011.0134151783,65.24657141415909,24.188460214642475,24.18742341031892,1.0008985585789714,1.7354701445793537,0.06353977142809,0.06388155093028072,0.005507487923406199,0.9966965428749125,-0.01437048123078252,19933930.85749825,20000000.0,5.000000000000001,5.000000000000001,3986786.1714996495,66.00622943204884,3986786.1714996495,66.00622943204884,3.296122116147547,3.296697935814617,0.058849935576607094,0.09864442803171529,0.014073830594434514,0.03892263554066101,0.002118372154492555
402,13,20.1,12,0.4104882941543088,-3.866992230918628,8209765.883086177,20000000.0,5.000000000000001,5.000000000000001,1641953.176617235,62.15360768236099,1641953.176617235,62.15360768236099,51.66780876100506,51.66958289556563,,,,,,0.8364895689241562,-0.7753947034644604,16729791.378483122,20000000.0,5.000000000000001,5.000000000000001,3345958.275696624,65.24520520981517,3345958.275696624,65.24520520981517,24.211014039967758,24.21228886728101,1.0021515655544504,1.7348880080735267,0.06349970813248837,0.06381043311808351,0.005489444952551633,0.9966873803322399,-0.014410405719754325,19933747.606644798,20000000.0,5.000000000000001,5.000000000000001,3986749.5213289587,66.00618950755987,3986749.5213289587,66.00618950755987,3.3005410085718383,3.3012440811619412,0.0589390978960536,0.09866265502019753,0.014049812666967513,0.03890839900360103,0.002111991470448457
403,13,20.150000000000002,13,0.41105202610981234,-3.8610320677973626,8221040.522196246,20000000.0,5.000000000000001,5.000000000000001,1644208.104439249,62.15956784548226,1644208.104439249,62.15956784548226,51.64239027566509,51.641762706140106,,,,,,0.836300778235579,-0.7763749907404014,16726015.56471158,20000000.0,5.000000000000001,5.000000000000001,3345203.1129423156,65.24422492253922,3345203.1129423156,65.24422492253922,24.217660959087105,24.219865639527637,1.001249256138426,1.7330052080706255,0.06341765260712733,0.06372602607032223,0.005468470000624916,0.9966899903843945,-0.014399032747783366,19933799.80768789,20000000.0,5.000000000000001,5.000000000000001,3986759.961537577,66.00620088053184,3986759.961537577,66.00620088053184,3.2994209870995306,3.299953896080077,0.05897619992714872,0.09847687718604134,0.014024466832593849,0.03889374176924927,0.002105581886721867
404,13,20.200000000000003,14,0.4108510063927383,-3.863156448707698,8217020.127854766,20000000.0,5.000000000000001,5.000000000000001,1643404.025570953,62.15744346457193,1643404.025570953,62.15744346457193,51.660119781874684,51.66236106207133,,,,,,0.8358339037190688,-0.7788001665796287,16716678.074381378,20000000.0,5.000000000000001,5.000000000000001,3343335.614876275,65.2417997467,3343335.614876275,65.2417997467,24.269867251817754,24.271237799479984,1.0032673490980444,1.7381164017154933,0.06333220295462072,0.0636168671535687,0.005445309152821627,0.9966885277864972,-0.014405405829365938,19933770.555729944,20000000.0,5.000000000000001,5.000000000000001,3986754.111145988,66.00619450745026,3986754.111145988,66.00619450745026,3.3001304296149585,3.3006889558682575,0.05904501634226683,0.09848605655424883,0.013999436538020877,0.03887882610768554,0.0020991631875181345
405,13,20.25,15,0.4097604417512289,-3.8746997067470437,8195208.835024578,20000000.0,5.000000000000001,5.000000000000001,1639041.7670049153,62.14590020653258,1639041.7670049153,62.14590020653258,51.7241118051481,51.72967435843716,,,,,,0.8376313775699856,-0.7694706240578733,16752627.551399713,20000000.0,5.000000000000001,5.000000000000001,3350525.5102799423,65.25112928922175,3350525.5102799423,65.25112928922175,24.113182521422637,24.113468216906902,0.9983773574434437,1.7371493809834562,0.06317226572547328,0.06352876449228873,0.005420842428866797,0.9966856026571939,-0.014418151730859195,19933712.053143878,20000000.0,5.000000000000001,5.000000000000001,3986742.4106287747,66.00618176154876,3986742.4106287747,66.00618176154876,3.3015311593790053,3.3022544329165067,0.05888857367243775,0.09848711858070677,0.013972201794205658,0.03886416278489265,0.002092725735309666
406,13,20.3,16,0.40804164667909865,-3.892955084790615,8160832.9335819725,20000000.0,5.000000000000001,5.000000000000001,1632166.5867163942,62.127644828489004,1632166.5867163942,62.127644828489004,51.8173759787255,51.825110531486736,,,,,,0.8372560063592915,-0.7714172820811344,16745120.12718583,20000000.0,5.000000000000001,5.000000000000001,3349024.0254371655,65.2491826311985,3349024.0254371655,65.2491826311985,24.15305049184419,24.152403097214528,1.0008566981641225,1.7258088350057783,0.06304156215991531,0.06344843735941447,0.005398371784198655,0.9966897437364189,-0.014400107483850375,19933794.874728378,20000000.0,5.000000000000001,5.000000000000001,3986758.9749456747,66.00619980579577,3986758.9749456747,66.00619980579577,3.2994893418096596,3.300100834701362,0.058895539940296636,0.09825704444726487,0.013943760255770677,0.03884963889010442,0.00208637915751297
407,13,20.35,17,0.40588120973117664,-3.916010538784671,8117624.194623533,20000000.0,5.000000000000001,5.000000000000001,1623524.8389247062,62.10458937449495,1623524.8389247062,62.10458937449495,51.93226628831669,51.935691813968376,,,,,,0.8383701885594962,-0.7656417307778008,16767403.771189924,20000000.0,5.000000000000001,5.000000000000001,3353480.7542379843,65.25495818250182,3353480.7542379843,65.25495818250182,24.054681537261008,24.05124241212882,0.994699179028564,1.7271639729316148,0.06295510719151103,0.06338264173171745,0.005379168245127934,0.996694453513675,-0.01437958529574297,19933889.0702735,20000000.0,5.000000000000001,5.000000000000001,3986777.814054699,66.00622032798387,3986777.814054699,66.00622032798387,3.297186456549069,3.2978028865492837,0.05863657640263285,0.09820026744817374,0.013916093092682703,0.038835493259787836,0.0020801158024609566
408,13,20.400000000000002,18,0.403136228435008,-3.945481715755032,8062724.56870016,20000000.0,5.000000000000001,5.000000000000001,1612544.9137400317,62.07511819752459,1612544.9137400317,62.07511819752459,52.093491532690656,52.08996327598261,,,,,,0.8375553077393303,-0.7698650482495811,16751106.154786605,20000000.0,5.000000000000001,5.000000000000001,3350221.2309573204,65.25073486503004,3350221.2309573204,65.25073486503004,24.12713869144079,24.12546797068402,0.9982935934731225,1.7307013291653903,0.06292536716579641,0.06335642358156326,0.005365774360667559,0.9966888969051195,-0.01440379744172332,19933777.93810239,20000000.0,5.000000000000001,5.000000000000001,3986755.587620477,66.0061961158379,3986755.587620477,66.0061961158379,3.299903723816663,3.300445728378302,0.05865137897775178,0.09825351794732244,0.013891811651457558,0.038821816181973355,0.0020740547336693996
409,13,20.450000000000003,19,0.40027061532647584,-3.9764629115889703,8005412.306529517,20000000.0,5.000000000000001,5.000000000000001,1601082.4613059033,62.04413700169066,1601082.4613059033,62.04413700169066,52.27938589493963,52.28044895736857,,,,,,0.8365392241646066,-0.7751369075792897,16730784.483292133,20000000.0,5.000000000000001,5.000000000000001,3346156.896658426,65.24546300570034,3346156.896658426,65.24546300570034,24.20763350736283,24.209851353874164,1.0003068220724365,1.7297348065942457,0.06286864474037882,0.06326214571085823,0.005345572632491203,0.9966916652685923,-0.014391734667530052,19933833.305371847,20000000.0,5.000000000000001,5.000000000000001,3986766.6610743687,66.0062081786121,3986766.6610743687,66.0062081786121,3.2985125349823035,3.2990052586540464,0.058755132747645544,0.09808537570540438,0.01386819979452546,0.03880760027467186,0.00206801751514299
410,13,20.5,20,0.399578134617124,-3.9839828489785596,7991562.69234248,20000000.0,5.000000000000001,5.000000000000001,1598312.5384684957,62.03661706430107,1598312.5384684957,62.03661706430107,52.31982208196374,52.31631803822338,,,,,,0.8385034484354088,-0.7649514697156314,16770068.968708176,20000000.0,5.000000000000001,5.000000000000001,3354013.7937416346,65.25564844356398,3354013.7937416346,65.25564844356398,24.047800430987383,24.047642246371307,0.9941997964584262,1.7286487557067975,0.06282442130803255,0.06318134890209148,0.00532712246949908,0.9966948372794046,-0.014377913095140235,19933896.74558809,20000000.0,5.000000000000001,5.000000000000001,3986779.349117617,66.00622200018448,3986779.349117617,66.00622200018448,3.296909868093936,3.297434409294194,0.05868320834605133,0.09791293166265946,0.013843907595955015,0.03879336921179703,0.00206196183699289
411,13,20.55,21,0.40111742939992606,-3.967284665953834,8022348.5879985215,20000000.0,5.000000000000001,5.000000000000001,1604469.717599704,62.05331524732579,1604469.717599704,62.05331524732579,52.22254204124554,52.22938962205161,,,,,,0.8367538035357863,-0.7740230484308708,16735076.070715725,20000000.0,5.000000000000001,5.000000000000001,3347015.2141431444,65.24657686484875,3347015.2141431444,65.24657686484875,24.189716454661845,24.192368142728817,1.0008586590808204,1.7320070940360917,0.06275568587406469,0.063103114820079,0.005307917276446205,0.9967071075115973,-0.014324447770226977,19934142.150231946,20000000.0,5.000000000000001,5.000000000000001,3986828.4300463884,66.0062754655094,3986828.4300463884,66.0062754655094,3.2908476419203283,3.2913482534854817,0.05842873958064458,0.09770808726841494,0.013822804136908002,0.03877871388521458,0.002055984507863407
412,13,20.6,22,0.40336141200055264,-3.9430565138060247,8067228.240011053,20000000.0,5.000000000000001,5.000000000000001,1613445.6480022103,62.0775433994736,1613445.6480022103,62.0775433994736,52.08820167433097,52.0906114476923,,,,,,0.8349898508429389,-0.7831880325854769,16699797.016858777,20000000.0,5.000000000000001,5.000000000000001,3339959.403371755,65.23741188069414,3339959.403371755,65.23741188069414,24.328630384859796,24.32754997583148,1.005615168468775,1.7328807749951083,0.06263673015151114,0.06302040006001926,0.0052863384743114744,0.9967120740452274,-0.01430280718233944,19934241.48090455,20000000.0,5.000000000000001,5.000000000000001,3986848.296180909,66.00629710609728,3986848.296180909,66.00629710609728,3.288371074909559,3.288941043349419,0.05837012764798366,0.09764937933070832,0.013801892300051435,0.03876436522837822,0.0020500574125721675
413,13,20.650000000000002,23,0.40673908880212123,-3.906840886347153,8134781.776042424,20000000.0,5.000000000000001,5.000000000000001,1626956.3552084845,62.11375902693247,1626956.3552084845,62.11375902693247,51.87746460169943,51.87777957574658,,,,,,0.8385098068648686,-0.7649185369905112,16770196.137297373,20000000.0,5.000000000000001,5.000000000000001,3354039.227459474,65.25568137628912,3354039.227459474,65.25568137628912,24.04913182184818,24.049199913494622,0.9946775070090765,1.7312562975700263,0.06253113644104277,0.06300036926462863,0.005270687721516096,0.9966954481470277,-0.01437525133402052,19933908.962940555,20000000.0,5.000000000000001,5.000000000000001,3986781.79258811,66.0062246619456,3986781.79258811,66.0062246619456,3.296614342599013,3.296999477446877,0.05838074278539749,0.0975092014593266,0.013781617866851259,0.038750765402915124,0.002044252031816406
414,13,20.700000000000003,24,0.4090913487104748,-3.8817970467916174,8181826.974209497,20000000.0,5.000000000000001,5.000000000000001,1636365.3948418992,62.13880286648801,1636365.3948418992,62.13880286648801,51.743439524792265,51.744057391796524,,,,,,0.8359623424524675,-0.7781328575888933,16719246.84904935,20000000.0,5.000000000000001,5.000000000000001,3343849.3698098697,65.24246705569072,3343849.3698098697,65.24246705569072,24.256173606478274,24.255507721992764,1.0032606271619091,1.7312814599606021,0.06250196565038098,0.06293691458437416,0.005254654125893061,0.9966933470128742,-0.014384406707732288,19933866.940257482,20000000.0,5.000000000000001,5.000000000000001,3986773.388051496,66.00621550657189,3986773.388051496,66.00621550657189,3.297703165897299,3.298279180230682,0.058516846382421606,0.09765075000329858,0.013761752370632086,0.038736518189919376,0.002038446083355777
415,13,20.75,25,0.41069744524094365,-3.8647799868326422,8213948.904818873,20000000.0,5.000000000000001,5.000000000000001,1642789.7809637743,62.15581992644698,1642789.7809637743,62.15581992644698,51.65019002094567,51.654538452238015,,,,,,0.8371726797721473,-0.7718495283430648,16743453.595442945,20000000.0,5.000000000000001,5.000000000000001,3348690.7190885884,65.24875038493656,3348690.7190885884,65.24875038493656,24.159863607463524,24.16514705404331,0.9996921855544765,1.7304324219797127,0.0624712609706813,0.06286430039468545,0.005237824674248099,0.9967074858460313,-0.014322799256590633,19934149.716920625,20000000.0,5.000000000000001,5.000000000000001,3986829.9433841244,66.00627711402304,3986829.9433841244,66.00627711402304,3.2904627459722704,3.290846718016913,0.05855829449682907,0.0977273910407295,0.013739646859274271,0.03872212140458118,0.0020325956788737084
416,13,20.8,26,0.40998041774532545,-3.8723688637355296,8199608.35490651,20000000.0,5.000000000000001,5.000000000000001,1639921.6709813017,62.148231049544094,1639921.6709813017,62.148231049544094,51.706690323515446,51.7028479448674,,,,,,0.8378271017268768,-0.7684559534736719,16756542.034537535,20000000.0,5.000000000000001,5.000000000000001,3351308.4069075063,65.25214395980595,3351308.4069075063,65.25214395980595,24.103734514121335,24.106397855863616,0.9963453349956962,1.7332320137090256,0.062471511692236734,0.06277822497913757,0.005221230958502569,0.9966938374423843,-0.014382269733724772,19933876.748847686,20000000.0,5.000000000000001,5.000000000000001,3986775.3497695364,66.0062176435459,3986775.3497695364,66.0062176435459,3.2974601103165937,3.297955983515802,0.05834629536823192,0.09754373599785393,0.01371964695443659,0.038707238933536885,0.002026794732443181
417,13,20.85,27,0.40903599851269956,-3.8823846884487336,8180719.970253991,20000000.0,5.000000000000001,5.000000000000001,1636143.994050798,62.13821522483089,1636143.994050798,62.13821522483089,51.75872064577838,51.75940538298396,,,,,,0.8363725474031896,-0.7760023064510615,16727450.94806379,20000000.0,5.000000000000001,5.000000000000001,3345490.1896127574,65.24459760682856,3345490.1896127574,65.24459760682856,24.225956484683547,24.225246199149275,1.0011695475766798,1.7361538045945513,0.062416048601708615,0.06269179639714567,0.005202398332668669,0.9967074657223703,-0.014322886941243583,19934149.314447407,20000000.0,5.000000000000001,5.000000000000001,3986829.862889481,66.00627702633838,3986829.862889481,66.00627702633838,3.29066065720133,3.291090531293046,0.05824321140549147,0.09747481428682915,0.01369967553093374,0.038692653421542836,0.0020209949006648577
418,13,20.900000000000002,28,0.40770650547909487,-3.896523587682692,8154130.109581897,20000000.0,5.000000000000001,5.000000000000001,1630826.0219163792,62.12407632559693,1630826.0219163792,62.12407632559693,51.824716631478644,51.830769726742076,,,,,,0.8373182000067281,-0.7710946883399807,16746364.000134561,20000000.0,5.000000000000001,5.000000000000001,3349272.800026912,65.24950522493964,3349272.800026912,65.24950522493964,24.14865085099802,24.15257561902019,0.9986403228465107,1.7314345416459402,0.06235998945323039,0.06262657155918275,0.00518534943010821,0.9966927327264749,-0.014387083371287203,19933854.654529497,20000000.0,5.000000000000001,5.000000000000001,3986770.9309058986,66.00621282990834,3986770.9309058986,66.00621282990834,3.2980993774403857,3.2984961129497563,0.05801635938845928,0.09708006597918309,0.01367960249628802,0.03867786680296788,0.002015261649107292
419,13,20.950000000000003,29,0.4050827709873232,-3.924562278711003,8101655.419746464,20000000.0,5.000000000000001,5.000000000000001,1620331.0839492925,62.09603763456862,1620331.0839492925,62.09603763456862,51.97863547725002,51.98435682269011,,,,,,0.835731923910932,-0.7793300801165325,16714638.47821864,20000000.0,5.000000000000001,5.000000000000001,3342927.695643727,65.24126983316309,3342927.695643727,65.24126983316309,24.27258608815022,24.26955952229632,1.0033339950662448,1.73748795982157,0.06239712201038654,0.06261405998732476,0.005176597727636163,0.9966951673327464,-0.014376474938585015,19933903.34665493,20000000.0,5.000000000000001,5.000000000000001,3986780.6693309853,66.00622343834104,3986780.6693309853,66.00622343834104,3.296824513529259,3.2973742548081666,0.0583323544564911,0.0971397112072788,0.013664437862011842,0.038664139865759735,0.002009760780088429
420,14,21.0,0,0.402044302210247,-3.957260883450184,8040886.04420494,20000000.0,5.000000000000001,5.000000000000001,1608177.2088409876,62.06333902982944,1608177.2088409876,62.06333902982944,52.16633320703089,52.162009369205784,,,,,,0.8387191824219883,-0.7638342408072752,16774383.648439765,20000000.0,5.000000000000001,5.000000000000001,3354876.7296879524,65.25676567247234,3354876.7296879524,65.25676567247234,24.029340591811366,24.029628468126354,0.9942379022147569,1.7303668489839352,0.062267236057444456,0.06255435448923904,0.005157079794582971,0.9967009060793552,-0.014351469311068284,19934018.121587105,20000000.0,5.000000000000001,5.000000000000001,3986803.62431742,66.00624844396856,3986803.62431742,66.00624844396856,3.293856506468695,3.2943088120721526,0.05823661355166485,0.09720849919262131,0.01364860079202955,0.03865028554313562,0.0020043217291653664
421,14,21.05,1,0.4007306203143578,-3.971474713295171,8014612.406287156,20000000.0,5.000000000000001,5.000000000000001,1602922.481257431,62.04912519998445,1602922.481257431,62.04912519998445,52.243736868441246,52.24726569246993,,,,,,0.8353877980034132,-0.781118724973846,16707755.960068265,20000000.0,5.000000000000001,5.000000000000001,3341551.1920136525,65.23948118830577,3341551.1920136525,65.23948118830577,24.3018512914466,24.30254372953154,1.0050000944158397,1.732209178608335,0.062189932112374294,0.062458042998932525,0.005136793647692043,0.9966961929457655,-0.014372005991005278,19933923.85891531,20000000.0,5.000000000000001,5.000000000000001,3986784.7717830613,66.00622790728862,3986784.7717830613,66.00622790728862,3.2963406379140445,3.296773875402529,0.05806345947065257,0.09696597367446878,0.013632906963239632,0.038635677217980696,0.0019988652135659785
422,14,21.1,2,0.4005579347997905,-3.9733466074277803,8011158.69599581,20000000.0,5.000000000000001,5.000000000000001,1602231.7391991618,62.04725330585184,1602231.7391991618,62.04725330585184,52.2588650944784,52.261751923124756,,,,,,0.8352297915783262,-0.7819402333687425,16704595.831566524,20000000.0,5.000000000000001,5.000000000000001,3340919.166313304,65.23865967991088,3340919.166313304,65.23865967991088,24.32100260915212,24.318383094151777,1.005559955291566,1.7393775024118092,0.062150601881959054,0.06239144724449617,0.00512062513092809,0.9967038434453059,-0.014338670286444484,19934076.868906118,20000000.0,5.000000000000001,5.000000000000001,3986815.373781223,66.00626124299318,3986815.373781223,66.00626124299318,3.2924082573594653,3.2930002371637856,0.058114163664745457,0.09699529592459857,0.013619589139169472,0.03862117038646197,0.0019934640128474275
423,14,21.150000000000002,3,0.40122943839494485,-3.966072100896781,8024588.767898897,20000000.0,5.000000000000001,5.000000000000001,1604917.753579779,62.054527812382844,1604917.753579779,62.054527812382844,52.22924500732474,52.227025869747465,,,,,,0.8374954704349941,-0.7701753315130482,16749909.408699881,20000000.0,5.000000000000001,5.000000000000001,3349981.881739976,65.25042458176658,3349981.881739976,65.25042458176658,24.127195068908105,24.126934647033316,0.998479299098366,1.7324625754637804,0.06211266370088535,0.062321761867239034,0.005104333296305512,0.996698900884143,-0.014360206597113546,19933978.01768286,20000000.0,5.000000000000001,5.000000000000001,3986795.6035365714,66.0062397066825,3986795.6035365714,66.0062397066825,3.2949088340527815,3.2954862676262002,0.05794112085784496,0.09696242343508266,0.01360430391868347,0.03860662548736834,0.001988074703441838
424,14,21.200000000000003,4,0.4031884807092447,-3.944918843896033,8063769.614184894,20000000.0,5.000000000000001,5.000000000000001,1612753.9228369785,62.07568106938359,1612753.9228369785,62.07568106938359,52.12092267849706,52.12515432727846,,,,,,0.8371856688954327,-0.771782146058117,16743713.377908653,20000000.0,5.000000000000001,5.000000000000001,3348742.67558173,65.24881776722151,3348742.67558173,65.24881776722151,24.153463900530824,24.155065836914055,0.9997831690632843,1.7324456660536434,0.06207790302410238,0.06224927747357752,0.0050879452732821625,0.9967029947424698,-0.014342368346985282,19934059.894849397,20000000.0,5.000000000000001,5.000000000000001,3986811.9789698785,66.00625754493264,3986811.9789698785,66.00625754493264,3.292810090620808,3.2934055129142394,0.05786984041373879,0.09655213563215816,0.013592372262524608,0.03859222667805503,0.0019827585656454574
425,14,21.25,5,0.4063996032318633,-3.9104672472585094,8127992.064637266,20000000.0,5.000000000000001,5.000000000000001,1625598.412927453,62.110132666021116,1625598.412927453,62.110132666021116,51.91331069782617,51.91431203225871,,,,,,0.8362383146549568,-0.7766993788340738,16724766.293099135,20000000.0,5.000000000000001,5.000000000000001,3344953.2586198263,65.24390053444554,3344953.2586198263,65.24390053444554,24.228337512400927,24.228272847245652,1.003632764564868,1.7344619485497141,0.06201778757398072,0.062152932962367236,0.005068680906583415,0.9967120303212369,-0.014302997699628525,19934240.606424738,20000000.0,5.000000000000001,5.000000000000001,3986848.121284947,66.00629691558,3986848.121284947,66.00629691558,3.2883589767010064,3.2887483122350196,0.05776942172008028,0.0966618839434371,0.013581432135765728,0.038577623813530366,0.0019774727267223057
426,14,21.3,6,0.4085446303641469,-3.887604932022412,8170892.607282938,20000000.0,5.000000000000001,5.000000000000001,1634178.5214565874,62.13299498125721,1634178.5214565874,62.13299498125721,51.77477230281683,51.77349077195229,,,,,,0.8361771179804792,-0.7770172110847176,16723542.359609585,20000000.0,5.000000000000001,5.000000000000001,3344708.4719219166,65.24358270219491,3344708.4719219166,65.24358270219491,24.243081624486116,24.243301072959483,1.0039369380377479,1.7354058446074283,0.06199931766722024,0.06206015925331112,0.005051447902541588,0.9966968274294135,-0.01436924133050584,19933936.54858827,20000000.0,5.000000000000001,5.000000000000001,3986787.309717653,66.00623067194911,3986787.309717653,66.00623067194911,3.2959889250795262,3.2965777376425223,0.05799694900550251,0.0967346162164757,0.013570745023174274,0.038562432554613224,0.0019721290157327528
427,14,21.35,7,0.4080591425094205,-3.8927688739042416,8161182.85018841,20000000.0,5.000000000000001,5.000000000000001,1632236.5700376816,62.12783103937539,1632236.5700376816,62.12783103937539,51.81309947684552,51.811180555674014,,,,,,0.8351293676376735,-0.7824624391840411,16702587.35275347,20000000.0,5.000000000000001,5.000000000000001,3340517.4705506936,65.23813747409558,3340517.4705506936,65.23813747409558,24.321805715546617,24.323672085107596,1.005424450808294,1.7348398691485432,0.06186209945150757,0.06194532195872728,0.005027708230357059,0.9967133489979271,-0.014297251871207763,19934266.97995854,20000000.0,5.000000000000001,5.000000000000001,3986853.3959917077,66.00630266140841,3986853.3959917077,66.00630266140841,3.2875766636055284,3.288150250369191,0.05777474964899957,0.09663066939112142,0.013557815093778788,0.0385469472246861,0.001966765116887479
428,14,21.400000000000002,8,0.40651288022852505,-3.90925689372363,8130257.604570501,20000000.0,5.000000000000001,5.000000000000001,1626051.5209140999,62.111343019555996,1626051.5209140999,62.111343019555996,51.90955035113261,51.90404170909735,,,,,,0.8352150688903919,-0.7820167876122276,16704301.377807837,20000000.0,5.000000000000001,5.000000000000001,3340860.275561567,65.23858312566739,3340860.275561567,65.23858312566739,24.31118728053042,24.31666977125034,1.005111221209485,1.734365091495882,0.061794405281127306,0.061883979734022196,0.005011224022911295,0.9967063097602945,-0.014327923807718579,19934126.19520589,20000000.0,5.000000000000001,5.000000000000001,3986825.239041177,66.00627198947191,3986825.239041177,66.00627198947191,3.291064282986285,3.2915397320006243,0.05772870854508794,0.09667006511521396,0.013543706791093374,0.038531940114226046,0.001961443093463421
429,14,21.450000000000003,9,0.40475562024828665,-3.928071121215398,8095112.404965733,20000000.0,5.000000000000001,5.000000000000001,1619022.4809931463,62.09252879206423,1619022.4809931463,62.09252879206423,51.9997178841078,51.9971113760413,,,,,,0.8371511769860381,-0.7719610783435686,16743023.539720763,20000000.0,5.000000000000001,5.000000000000001,3348604.707944152,65.24863883493606,3348604.707944152,65.24863883493606,24.15452550896332,24.15385775877864,0.9979162282316081,1.7342949347471257,0.06176432365962198,0.061816946711287867,0.004995830457768695,0.9967086738440722,-0.01431762280619231,19934173.476881444,20000000.0,5.000000000000001,5.000000000000001,3986834.695376288,66.00628229047344,3986834.695376288,66.00628229047344,3.2900096773072485,3.290610435284713,0.05785392873105503,0.09637788324904326,0.013529826869124401,0.03851646068834168,0.001956097564354791
430,14,21.5,10,0.4012168741524537,-3.966208099557335,8024337.483049074,20000000.0,5.000000000000001,5.000000000000001,1604867.4966098145,62.05439181372228,1604867.4966098145,62.05439181372228,52.21361964901255,52.20815719869015,,,,,,0.8359345976958553,-0.7782769979890598,16718691.953917107,20000000.0,5.000000000000001,5.000000000000001,3343738.3907834208,65.24232291529057,3343738.3907834208,65.24232291529057,24.2556050920113,24.25640691810697,1.0033690609469725,1.7349998616677726,0.061671769751646455,0.06173423235404292,0.004976756542449632,0.9967055789382091,-0.014331108217330494,19934111.57876418,20000000.0,5.000000000000001,5.000000000000001,3986822.3157528355,66.00626880506229,3986822.3157528355,66.00626880506229,3.2915790536623413,3.2920423228738684,0.05772550913542631,0.09628076463292642,0.013513644703370043,0.038501055910658055,0.001950772197843336
431,14,21.55,11,0.3977050577456138,-4.004388859135827,7954101.154912276,20000000.0,5.000000000000001,5.000000000000001,1590820.230982455,62.016211054143795,1590820.230982455,62.016211054143795,52.431210516175,52.42539715455473,,,,,,0.8379319749416393,-0.7679123686688585,16758639.498832786,20000000.0,5.000000000000001,5.000000000000001,3351727.899766557,65.25268754461077,3351727.899766557,65.25268754461077,24.09753439525871,24.097853340256147,0.9967345451371827,1.725917325974385,0.0615533254238025,0.06164226458355375,0.004955954977763598,0.9967189331997667,-0.014272920088619127,19934378.663995333,20000000.0,5.000000000000001,5.000000000000001,3986875.7327990658,66.00632699319101,3986875.7327990658,66.00632699319101,3.2848576060448345,3.285333400246902,0.05747535594063543,0.09620871384501936,0.013497545517685264,0.038485208681454997,0.0019454612200878415
432,14,21.6,12,0.3960107588487817,-4.022930149704841,7920215.176975633,20000000.0,5.000000000000001,5.000000000000001,1584043.0353951263,61.99766976357478,1584043.0353951263,61.99766976357478,52.5328529168318,52.53401011105458,,,,,,0.8358628679464707,-0.7786496727299346,16717257.358929414,20000000.0,5.000000000000001,5.000000000000001,3343451.4717858825,65.2419502405497,3343451.4717858825,65.2419502405497,24.265241845788093,24.26493574499157,1.0043693573580312,1.732575013724296,0.0614637166339182,0.061568492339672945,0.0049378522458156954,0.9967127957291979,-0.014299662610694864,19934255.91458396,20000000.0,5.000000000000001,5.000000000000001,3986851.182916791,66.00630025066893,3986851.182916791,66.00630025066893,3.2880260733731297,3.288514321832694,0.0577927602413841,0.09634949920736904,0.013480779965211576,0.038469621823336256,0.0019402072767967231
433,14,21.650000000000002,13,0.39638108174630354,-4.018870814553067,7927621.63492607,20000000.0,5.000000000000001,5.000000000000001,1585524.326985214,62.00172909872656,1585524.326985214,62.00172909872656,52.51039912817362,52.51608177242465,,,,,,0.836551531579628,-0.7750730133474668,16731030.63159256,20000000.0,5.000000000000001,5.000000000000001,3346206.1263185116,65.24552689993216,3346206.1263185116,65.24552689993216,24.20528463375191,24.20667498984512,1.0007490949366613,1.7354642364149722,0.06138277604465068,0.06149375154024448,0.004920126630510092,0.9967243440444086,-0.014249343797312103,19934486.88088817,20000000.0,5.000000000000001,5.000000000000001,3986897.3761776336,66.00635056948232,3986897.3761776336,66.00635056948232,3.2822139169252624,3.282746750068565,0.057432703727001974,0.0960937129476743,0.013464290372962654,0.038453730638240535,0.001934929667769599
434,14,21.700000000000003,14,0.39876894099800647,-3.9927867503055814,7975378.819960129,20000000.0,5.000000000000001,5.000000000000001,1595075.7639920255,62.02781316297404,1595075.7639920255,62.02781316297404,52.35685261237684,52.36043401598528,,,,,,0.8379518084777589,-0.7678095740075702,16759036.169555176,20000000.0,5.000000000000001,5.000000000000001,3351807.2339110347,65.25279033927205,3351807.2339110347,65.25279033927205,24.098339491578987,24.09780069534274,0.9964424686940033,1.7284741834071347,0.06131792699047944,0.0614179295426306,0.004903022618119498,0.9967051378440857,-0.014333030197002833,19934102.756881714,20000000.0,5.000000000000001,5.000000000000001,3986820.551376342,66.00626688308262,3986820.551376342,66.00626688308262,3.2917090616183975,3.2923587704515773,0.05763764658373699,0.09600015649774257,0.013447868300944401,0.038437542982207244,0.0019296773327668738
435,14,21.75,15,0.4019563832432895,-3.9582107016045045,8039127.664865789,20000000.0,5.000000000000001,5.000000000000001,1607825.5329731575,62.06238921167512,1607825.5329731575,62.06238921167512,52.163618905828855,52.16622916520551,,,,,,0.8356958227005774,-0.7795176868674824,16713916.454011548,20000000.0,5.000000000000001,5.000000000000001,3342783.2908023093,65.24108222641215,3342783.2908023093,65.24108222641215,24.281165111104222,24.281367451464337,1.0034946208773652,1.7356618045672518,0.06121684579393636,0.061345498877477735,0.004884816657230451,0.9967138950680617,-0.014294872499229942,19934277.901361234,20000000.0,5.000000000000001,5.000000000000001,3986855.580272246,66.00630504078039,3986855.580272246,66.00630504078039,3.2874491382618443,3.287982031802199,0.05739957564895629,0.09592792337601974,0.013431976981408933,0.03842192520016259,0.0019245030785930034
436,14,21.8,16,0.40498673667982305,-3.9255919970159474,8099734.733596461,20000000.0,5.000000000000001,5.000000000000001,1619946.9467192919,62.095007916263675,1619946.9467192919,62.095007916263675,51.99077268175969,51.993703872422905,,,,,,0.8366537959732587,-0.7745421417183495,16733075.919465175,20000000.0,5.000000000000001,5.000000000000001,3346615.1838930342,65.24605777156127,3346615.1838930342,65.24605777156127,24.20017919561436,24.200104488361923,1.0003971426129146,1.7293540091938175,0.0611626739138388,0.06126505532949158,0.004867886278949082,0.9967095257236076,-0.014313910924946998,19934190.514472153,20000000.0,5.000000000000001,5.000000000000001,3986838.10289443,66.00628600235468,3986838.10289443,66.00628600235468,3.289639520565724,3.2902041994826376,0.05755767876284187,0.09620565687572033,0.01341740787437396,0.03840559256648003,0.0019192905669521635
437,14,21.85,17,0.4073088862261673,-3.900761148418424,8146177.724523346,20000000.0,5.000000000000001,5.000000000000001,1629235.5449046688,62.1198387648612,1629235.5449046688,62.1198387648612,51.86221076788904,51.86703248770338,,,,,,0.8361146602662952,-0.7773416166817295,16722293.205325905,20000000.0,5.000000000000001,5.000000000000001,3344458.6410651803,65.24325829659789,3344458.6410651803,65.24325829659789,24.237669126836664,24.236989469693967,1.0026170838497257,1.7293812490125582,0.061083703788441156,0.0611762439125918,0.004849372124225218,0.9967139053780738,-0.014294827575793562,19934278.107561477,20000000.0,5.000000000000001,5.000000000000001,3986855.6215122947,66.00630508570383,3986855.6215122947,66.00630508570383,3.287448934981479,3.287823375138074,0.05747211071707422,0.09597544371437942,0.013401909923892508,0.038389194050217124,0.0019140844342694682
438,14,21.900000000000002,18,0.40817121732308187,-3.8915762333009356,8163424.346461637,20000000.0,5.000000000000001,5.000000000000001,1632684.8692923272,62.12902367997869,1632684.8692923272,62.12902367997869,51.82225092356903,51.820364866333136,,,,,,0.8357940470855276,-0.7790072642894886,16715880.941710552,20000000.0,5.000000000000001,5.000000000000001,3343176.18834211,65.24159264899014,3343176.18834211,65.24159264899014,24.266165865506643,24.270338186740645,1.0045652749315672,1.7319716881713159,0.06105919471879469,0.06113834524078404,0.004837091965866122,0.9967272191426984,-0.014236816386611591,19934544.382853966,20000000.0,5.000000000000001,5.000000000000001,3986908.8765707924,66.00636309689301,3986908.8765707924,66.00636309689301,3.2807454317672806,3.281271957162518,0.05710186636647936,0.09564496445810929,0.013387190805463023,0.03837372697390703,0.0019090054211160887
439,14,21.950000000000003,19,0.4080567580640445,-3.8927942514632004,8161135.16128089,20000000.0,5.000000000000001,5.000000000000001,1632227.0322561776,62.127805661816424,1632227.0322561776,62.127805661816424,51.83058002047441,51.832845178046895,,,,,,0.8378358388438327,-0.7684106641545629,16756716.776876654,20000000.0,5.000000000000001,5.000000000000001,3351343.3553753304,65.25218924912507,3351343.3553753304,65.25218924912507,24.093321169196876,24.09271230435253,0.996609713321778,1.7258860219179941,0.06094130855606382,0.061032723454571045,0.004815865557577797,0.9967191238488177,-0.014272089384795322,19934382.476976354,20000000.0,5.000000000000001,5.000000000000001,3986876.49539527,66.00632782389484,3986876.49539527,66.00632782389484,3.284743875854023,3.2853055061130236,0.05734771863600091,0.0958126625061586,0.013371048573236894,0.03835724998456164,0.001903859470381332
440,14,22.0,20,0.40769452172449305,-3.896651242133025,8153890.434489861,20000000.0,5.000000000000001,5.000000000000001,1630778.086897972,62.1239486711466,1630778.086897972,62.1239486711466,51.839712973719074,51.83994716654195,,,,,,0.8382204735068414,-0.7664173574452968,16764409.470136827,20000000.0,5.000000000000001,5.000000000000001,3352881.894027365,65.25418255583433,3352881.894027365,65.25418255583433,24.07718992292387,24.07666173891745,0.9958685685260427,1.7321686685790958,0.06086123576861826,0.06097596779084413,0.004800080429305612,0.9967181214028925,-0.014276457284860796,19934362.42805785,20000000.0,5.000000000000001,5.000000000000001,3986872.485611569,66.00632345599476,3986872.485611569,66.00632345599476,3.285297127415242,3.2857769596853537,0.05720036699742287,0.09564932305375344,0.013352217473281174,0.03834065778807212,0.0018986831058498226
441,14,22.05,21,0.40621481337757287,-3.912442432876019,8124296.2675514575,20000000.0,5.000000000000001,5.000000000000001,1624859.2535102912,62.108157480403605,1624859.2535102912,62.108157480403605,51.91655046210127,51.927734763021604,,,,,,0.8378732148003315,-0.7682169291904811,16757464.29600663,20000000.0,5.000000000000001,5.000000000000001,3351492.859201325,65.25238298408914,3351492.859201325,65.25238298408914,24.093302464731448,24.096661081812798,0.9973786433631966,1.7315575197009547,0.0607859957733163,0.060901088689400605,0.004783127599022882,0.9967210872996939,-0.014263534165769828,19934421.74599388,20000000.0,5.000000000000001,5.000000000000001,3986884.349198775,66.00633637911385,3986884.349198775,66.00633637911385,3.2837829013404933,3.2842690302194937,0.05705403402792345,0.0954120122649967,0.013334099018158066,0.03832387976249474,0.0018935347272773088
442,14,22.1,22,0.40372928627773236,-3.939097459885115,8074585.725554647,20000000.0,5.000000000000001,5.000000000000001,1614917.1451109292,62.081502453394506,1614917.1451109292,62.081502453394506,52.06480626156592,52.08010749449467,,,,,,0.8369832822233603,-0.7728321645196496,16739665.644467205,20000000.0,5.000000000000001,5.000000000000001,3347933.1288934406,65.24776774875997,3347933.1288934406,65.24776774875997,24.16760242107668,24.16889796760251,1.0002054484758405,1.7339999187761959,0.060667205670774216,0.06080306955926743,0.0047627246694890695,0.9967247065142404,-0.014247764437681418,19934494.13028481,20000000.0,5.000000000000001,5.000000000000001,3986898.826056961,66.00635214884194,3986898.826056961,66.00635214884194,3.282029694602979,3.282626973532495,0.05714870279964197,0.09548243706830578,0.013315332599383518,0.03830678092226553,0.0018883479943276882
443,14,22.150000000000002,23,0.4017890674282667,-3.960018844622631,8035781.348565334,20000000.0,5.000000000000001,5.000000000000001,1607156.2697130665,62.06058106865699,1607156.2697130665,62.06058106865699,52.17920751876608,52.19027618778506,,,,,,0.8354814368665283,-0.7806319502970914,16709628.737330565,20000000.0,5.000000000000001,5.000000000000001,3341925.7474661125,65.23996796298253,3341925.7474661125,65.23996796298253,24.28635227488818,24.28871794524787,1.0043397137781351,1.7333018533259033,0.06059453857133449,0.060748972528489556,0.004747635662282226,0.9967193764022846,-0.014270988948769292,19934387.52804569,20000000.0,5.000000000000001,5.000000000000001,3986877.5056091375,66.00632892433086,3986877.5056091375,66.00632892433086,3.2847273216553594,3.2853476457390576,0.057008803796394183,0.09532305609823517,0.013293761319661465,0.03828937214875977,0.0018831781819332646
444,14,22.200000000000003,24,0.40109081456494994,-3.9675728374120083,8021816.2912989985,20000000.0,5.000000000000001,5.000000000000001,1604363.2582597993,62.05302707586761,1604363.2582597993,62.05302707586761,52.22211513703578,52.22458720868085,,,,,,0.8352526034998564,-0.7818216198272652,16705052.069997128,20000000.0,5.000000000000001,5.000000000000001,3341010.4139994252,65.23877829345236,3341010.4139994252,65.23877829345236,24.307609826650452,24.306144765995555,1.0042593083378626,1.734808721984047,0.06056868452173314,0.060697042992579844,0.004734569537748126,0.996719461570524,-0.01427061785038667,19934389.23141048,20000000.0,5.000000000000001,5.000000000000001,3986877.8462820956,66.00632929542924,3986877.8462820956,66.00632929542924,3.2846397555181435,3.2851561302261922,0.05711424003776307,0.09551695120413636,0.013271997538716458,0.0382724887883729,0.001878056658060867
445,14,22.25,25,0.40163947204671563,-3.9616361247237117,8032789.4409343125,20000000.0,5.000000000000001,5.000000000000001,1606557.8881868622,62.058963788555914,1606557.8881868622,62.058963788555914,52.19481717722846,52.19403143026061,,,,,,0.8361784647892877,-0.7770102160217092,16723569.295785755,20000000.0,5.000000000000001,5.000000000000001,3344713.8591571506,65.24358969725792,3344713.8591571506,65.24358969725792,24.226724256817434,24.227040613575106,1.000702671773913,1.7336851223953211,0.060487981337465316,0.06064259539914548,0.0047192324638934595,0.9967229279746488,-0.014255513925725303,19934458.559492975,20000000.0,5.000000000000001,5.000000000000001,3986891.711898594,66.00634439935389,3986891.711898594,66.00634439935389,3.2828947559796964,3.283507022114455,0.056958934367387706,0.09522893749501468,0.013251208029795047,0.03825583736212479,0.0018730302352668656
446,14,22.3,26,0.4035090836834474,-3.9414668411615628,8070181.673668948,20000000.0,5.000000000000001,5.000000000000001,1614036.3347337893,62.079133072118054,1614036.3347337893,62.079133072118054,52.08593305949012,52.08207257539656,,,,,,0.8377081786347742,-0.7690724447330695,16754163.572695484,20000000.0,5.000000000000001,5.000000000000001,3350832.714539096,65.25152746854656,3350832.714539096,65.25152746854656,24.110999612292378,24.1137456637453,0.9972494662370579,1.733427616954288,0.06041292100774519,0.06057574606670797,0.004703179811137311,0.9967264633596945,-0.014240109489340472,19934529.26719389,20000000.0,5.000000000000001,5.000000000000001,3986905.8534387774,66.00635980379028,3986905.8534387774,66.00635980379028,3.2811403694576775,3.2817756222081678,0.057049740216220814,0.09511076761164552,0.013228976873340991,0.03823838783543085,0.0018679065541506445
447,14,22.35,27,0.4061761376923326,-3.9128559440475614,8123522.753846651,20000000.0,5.000000000000001,5.000000000000001,1624704.55076933,62.10774396923206,1624704.55076933,62.10774396923206,51.929494095964266,51.928294925352574,,,,,,0.8345925883968698,-0.7852547636123043,16691851.767937396,20000000.0,5.000000000000001,5.000000000000001,3338370.3535874784,65.23534514966732,3338370.3535874784,65.23534514966732,24.357802853478933,24.357426623892763,1.007992136209174,1.738188431705645,0.060349432948968475,0.060483968089072616,0.004685724951071163,0.996729959034468,-0.014224878132912296,19934599.18068936,20000000.0,5.000000000000001,5.000000000000001,3986919.8361378713,66.0063750351467,3986919.8361378713,66.0063750351467,3.2793929942056033,3.2798895962623305,0.05677066778623896,0.09506785643274811,0.013204425220730873,0.03822064458613656,0.0018627662571334756
448,14,22.400000000000002,28,0.40841047672459885,-3.889031257297843,8168209.534491977,20000000.0,5.000000000000001,5.000000000000001,1633641.9068983952,62.13156865598178,1633641.9068983952,62.13156865598178,51.80195985080492,51.802193798979644,,,,,,0.8364477482742886,-0.7756118362557989,16728954.965485772,20000000.0,5.000000000000001,5.000000000000001,3345790.993097154,65.24498807702383,3345790.993097154,65.24498807702383,24.20990274863209,24.211561941568405,1.0003167422429489,1.737078039870779,0.06027704875574723,0.06042481874081096,0.004670542906401066,0.996720748860705,-0.014265008823145279,19934414.9772141,20000000.0,5.000000000000001,5.000000000000001,3986882.99544282,66.00633490445648,3986882.99544282,66.00633490445648,3.283818503867734,3.284406449103115,0.05684266281748174,0.09510246642373835,0.01317856714876893,0.03820334702497537,0.0018576305818179528
449,14,22.450000000000003,29,0.40997938403566087,-3.8723798138919214,8199587.680713217,20000000.0,5.000000000000001,5.000000000000001,1639917.536142643,62.14822009938771,1639917.536142643,62.14822009938771,51.709837364092664,51.71697606574812,,,,,,0.8366554330302258,-0.7745336440086009,16733108.660604516,20000000.0,5.000000000000001,5.000000000000001,3346621.7321209027,65.24606626927103,3346621.7321209027,65.24606626927103,24.19960320249998,24.19925663747206,1.0008703645432324,1.7309726555436113,0.060193891421613674,0.06034223511236799,0.004653161506140257,0.9967188130698327,-0.014273443523750675,19934376.261396654,20000000.0,5.000000000000001,5.000000000000001,3986875.25227933,66.00632646975586,3986875.25227933,66.00632646975586,3.2849175318028685,3.2854510865283983,0.05682806757522942,0.09502552933107222,0.01315417028809292,0.03818558312071342,0.001852496020603692
450,15,22.5,0,0.41077839179415415,-3.863924096983731,8215567.835883083,20000000.0,5.000000000000001,5.000000000000001,1643113.5671766163,62.15667581629589,1643113.5671766163,62.15667581629589,51.65657664654647,51.65932065570221,,,,,,0.8374164736074363,-0.7705849994534274,16748329.472148726,20000000.0,5.000000000000001,5.000000000000001,3349665.8944297447,65.25001491382619,3349665.8944297447,65.25001491382619,24.13595054759177,24.13539978660817,0.9976674038576532,1.7266683046741125,0.06009952667473275,0.06026274783973425,0.004635641346871827,0.9967178559414055,-0.014277613965690062,19934357.11882811,20000000.0,5.000000000000001,5.000000000000001,3986871.423765621,66.00632229931394,3986871.423765621,66.00632229931394,3.2853007268535257,3.28596960374463,0.056827482683881436,0.09502468547197693,0.013130433405078764,0.0381679846707196,0.001847395730625256
451,15,22.55,1,0.4102789997108795,-3.8692071199504863,8205579.9942175895,20000000.0,5.000000000000001,5.000000000000001,1641115.9988435176,62.15139279332914,1641115.9988435176,62.15139279332914,51.68034437015641,51.689766148730044,,,,,,0.8361324697390923,-0.777249111744835,16722649.394781847,20000000.0,5.000000000000001,5.000000000000001,3344529.8789563687,65.24335080153479,3344529.8789563687,65.24335080153479,24.242085541770827,24.239349058336938,1.001794504744368,1.7319553840826736,0.06006583375590163,0.06019981561163405,0.004621816931669674,0.9967241976963628,-0.014249981467634608,19934483.953927256,20000000.0,5.000000000000001,5.000000000000001,3986896.7907854505,66.006349931812,3986896.7907854505,66.006349931812,3.2823093527338165,3.282862299819049,0.0567024798295658,0.09487541239661461,0.013108491384681254,0.03815017578998608,0.0018423303925316447
452,15,22.6,2,0.4090436360020352,-3.8823035980674496,8180872.720040704,20000000.0,5.000000000000001,5.000000000000001,1636174.5440081405,62.13829631521217,1636174.5440081405,62.13829631521217,51.741450629236475,51.73581401739325,,,,,,0.8374090100367936,-0.7706237066211546,16748180.200735873,20000000.0,5.000000000000001,5.000000000000001,3349636.040147174,65.24997620665846,3349636.040147174,65.24997620665846,24.135559867116843,24.13460592569453,0.9987128962381601,1.730315319706617,0.05997882065005835,0.06013318019264165,0.004605707129962208,0.9967187826664295,-0.014273575998729958,19934375.65332859,20000000.0,5.000000000000001,5.000000000000001,3986875.130665717,66.0063263372809,3986875.130665717,66.0063263372809,3.285044145844014,3.2855761741447873,0.056816149089219704,0.09484366137464421,0.013085978768674811,0.038133147416911775,0.0018373644425662267
453,15,22.650000000000002,3,0.406968649276534,-3.9043904524805435,8139372.98553068,20000000.0,5.000000000000001,5.000000000000001,1627874.5971061357,62.11620946079908,1627874.5971061357,62.11620946079908,51.86654301645784,51.862495115494184,,,,,,0.8365452781888719,-0.7751054778537968,16730905.563777437,20000000.0,5.000000000000001,5.000000000000001,3346181.1127554867,65.24549443542583,3346181.1127554867,65.24549443542583,24.20961788381606,24.20970682901656,1.0012195001818036,1.7303160779709625,0.05993251883766263,0.060058758697380574,0.004590624628959792,0.9967207458888206,-0.014265021772338939,19934414.917776413,20000000.0,5.000000000000001,5.000000000000001,3986882.983555282,66.00633489150728,3986882.983555282,66.00633489150728,3.2839289526283992,3.284563306164184,0.05668475685112377,0.09464389673493623,0.013063405196886133,0.03811523317049033,0.0018323442985662794
454,15,22.700000000000003,4,0.4047552635710496,-3.928074948290709,8095105.271420991,20000000.0,5.000000000000001,5.000000000000001,1619021.054284198,62.09252496498891,1619021.054284198,62.09252496498891,52.00964345943701,52.00499521432888,,,,,,0.8366835363372517,-0.7743877666772396,16733670.726745034,20000000.0,5.000000000000001,5.000000000000001,3346734.145349006,65.24621214660239,3346734.145349006,65.24621214660239,24.199130719956365,24.198363995841923,1.0002313858551215,1.7276415273578902,0.059902180913085634,0.060026915660138604,0.0045794854995646235,0.9967198146451202,-0.01426907942029128,19934396.292902403,20000000.0,5.000000000000001,5.000000000000001,3986879.25858048,66.00633083385932,3986879.25858048,66.00633083385932,3.2844676841136233,3.285094688684166,0.05706072341231364,0.09494300519900532,0.0130427245857184,0.03809762281149827,0.0018273892365999983
455,15,22.75,5,0.4042225554676776,-3.933794566746351,8084451.109353553,20000000.0,5.000000000000001,5.000000000000001,1616890.2218707101,62.08680534653327,1616890.2218707101,62.08680534653327,52.04196560568312,52.03851909909904,,,,,,0.8375621906709504,-0.7698293585833365,16751243.813419009,20000000.0,5.000000000000001,5.000000000000001,3350248.7626838014,65.25077055469629,3350248.7626838014,65.25077055469629,24.117252255980112,24.118917881574458,0.9983838095990057,1.7307349324708188,0.05983193298099828,0.059973058404027044,0.004565158549195814,0.9967223807547531,-0.014257898285908776,19934447.61509506,20000000.0,5.000000000000001,5.000000000000001,3986889.523019011,66.00634201499372,3986889.523019011,66.00634201499372,3.2831502023621963,3.2836713199685077,0.056415496320755334,0.09429899743008972,0.013022821466912493,0.038080123067575695,0.0018224498321306702
456,15,22.8,6,0.4049156949381581,-3.9263538921594736,8098313.898763162,20000000.0,5.000000000000001,5.000000000000001,1619662.7797526321,62.09424602112015,1619662.7797526321,62.09424602112015,52.0050107448865,52.00149357741979,,,,,,0.8372417930385183,-0.7714910088639788,16744835.860770365,20000000.0,5.000000000000001,5.000000000000001,3348967.1721540727,65.24910890441564,3348967.1721540727,65.24910890441564,24.1504772231356,24.149794601770818,0.9989498548854753,1.73590250870959,0.059737091048018845,0.059928488008425,0.004550701986329732,0.9967234896037689,-0.0142530667826711,19934469.792075377,20000000.0,5.000000000000001,5.000000000000001,3986893.9584150747,66.00634684649695,3986893.9584150747,66.00634684649695,3.2826325464110937,3.2832180340739434,0.056393503384444,0.09431330044277426,0.013001399792632328,0.03806244182707806,0.0018175160289828046
457,15,22.85,7,0.4066474022024177,-3.9078199777120752,8132948.044048354,20000000.0,5.000000000000001,5.000000000000001,1626589.6088096704,62.11277993556755,1626589.6088096704,62.11277993556755,51.89793489593891,51.89251481912305,,,,,,0.8363385598919052,-0.7761787934552079,16726771.197838103,20000000.0,5.000000000000001,5.000000000000001,3345354.23956762,65.24442111982441,3345354.23956762,65.24442111982441,24.222728317110963,24.222134121143466,1.0015178341421824,1.7350552038498002,0.05971947063652355,0.05985963244897293,0.004537386914896334,0.9967323735217277,-0.014214357758622984,19934647.470434554,20000000.0,5.000000000000001,5.000000000000001,3986929.49408691,66.006385555521,3986929.49408691,66.006385555521,3.2780393377029364,3.278709571506792,0.056665925835963915,0.09453582290488664,0.012979575365604961,0.03804429331222699,0.0018125858835555144
458,15,22.900000000000002,8,0.40898172826979434,-3.8829609416591024,8179634.565395887,20000000.0,5.000000000000001,5.000000000000001,1635926.913079177,62.137638971620525,1635926.913079177,62.137638971620525,51.75623884335821,51.7582194869511,,,,,,0.8377942771241653,-0.7686261058005641,16755885.542483306,20000000.0,5.000000000000001,5.000000000000001,3351177.1084966604,65.25197380747906,3351177.1084966604,65.25197380747906,24.10395183768177,24.106360455219008,0.9969899994769923,1.7267915741392372,0.05965039867804624,0.05978377008088598,0.004521616187751658,0.996716851593769,-0.014281990157544219,19934337.03187538,20000000.0,5.000000000000001,5.000000000000001,3986867.406375075,66.00631792312208,3986867.406375075,66.00631792312208,3.286059849876879,3.2868214779548515,0.056530920970220375,0.09449132024938181,0.012960668773757403,0.0380261529922986,0.0018076995664226367
459,15,22.950000000000003,9,0.41058744658675406,-3.8659433300109307,8211748.931735081,20000000.0,5.000000000000001,5.000000000000001,1642349.7863470158,62.1546565832687,1642349.7863470158,62.1546565832687,51.65727049625465,51.6537073193604,,,,,,0.8359452205841551,-0.7782218090727264,16718904.411683103,20000000.0,5.000000000000001,5.000000000000001,3343780.8823366202,65.24237810420689,3343780.8823366202,65.24237810420689,24.254285110314292,24.256877145515755,1.003500261805521,1.7341235761365876,0.05959057702880046,0.05972108509827462,0.004507262699683017,0.9967263866311565,-0.014240443811575822,19934527.73262313,20000000.0,5.000000000000001,5.000000000000001,3986905.5465246253,66.00635946946805,3986905.5465246253,66.00635946946805,3.281151543781545,3.281755560874012,0.056441167427910034,0.09431824070453372,0.012939715900958038,0.03800765059495516,0.0018027894895524515
460,15,23.0,10,0.411296767910287,-3.858447032898587,8225935.35820574,20000000.0,5.000000000000001,5.000000000000001,1645187.0716411478,62.162152880381036,1645187.0716411478,62.162152880381036,51.61584095086114,51.61615659766028,,,,,,0.8363825692297898,-0.7759502674652248,16727651.384595796,20000000.0,5.000000000000001,5.000000000000001,3345530.2769191586,65.24464964581439,3345530.2769191586,65.24464964581439,24.222463549719137,24.219726008497126,1.0009323059960036,1.7347699363863012,0.05952980572223363,0.05965234095419242,0.004492430043406909,0.9967148719931476,-0.014290615781548145,19934297.43986295,20000000.0,5.000000000000001,5.000000000000001,3986859.4879725897,66.00630929749808,3986859.4879725897,66.00630929749808,3.2867722107447137,3.287478953233972,0.05650861498560764,0.09426210188392684,0.012919232993593158,0.03798929293543591,0.001797906407937723
461,15,23.05,11,0.41037943333337246,-3.868144125493652,8207588.666667449,20000000.0,5.000000000000001,5.000000000000001,1641517.7333334896,62.15245578778597,1641517.7333334896,62.15245578778597,51.67440687382599,51.674933880010244,,,,,,0.8379684314517755,-0.7677234211499763,16759368.629035508,20000000.0,5.000000000000001,5.000000000000001,3351873.725807101,65.25287649212964,3351873.725807101,65.25287649212964,24.087633652171128,24.08764425059034,0.9962580806779376,1.727059763545008,0.05948063850593412,0.059584329027071316,0.004478173448475764,0.9967241082584977,-0.014250371167946134,19934482.165169954,20000000.0,5.000000000000001,5.000000000000001,3986896.43303399,66.00634954211168,3986896.43303399,66.00634954211168,3.2822878657942125,3.2826483037894727,0.05641369217065125,0.09404426071517977,0.012902184720388604,0.03797114812903703,0.0017931127960581325
462,15,23.1,12,0.40861869070854656,-3.8868177209922727,8172373.8141709315,20000000.0,5.000000000000001,5.000000000000001,1634474.762834186,62.133782192287356,1634474.762834186,62.133782192287356,51.78156639975896,51.79023043802241,,,,,,0.8367131918738939,-0.7742338374181963,16734263.837477878,20000000.0,5.000000000000001,5.000000000000001,3346852.767495575,65.24636607586143,3346852.767495575,65.24636607586143,24.19326163651464,24.19369246397948,1.0010303925302393,1.7285403953974274,0.059459573035691035,0.05954291045161021,0.004467037844100531,0.9967314728227088,-0.01421828227036662,19934629.456454176,20000000.0,5.000000000000001,5.000000000000001,3986925.8912908346,66.00638163100926,3986925.8912908346,66.00638163100926,3.2785691027943527,3.279041498956513,0.05636449691743336,0.09403705451022319,0.01288413776802615,0.03795286264599695,0.0017883109613050236
463,15,23.150000000000002,13,0.40611760294484833,-3.9134818584576876,8122352.058896966,20000000.0,5.000000000000001,5.000000000000001,1624470.411779393,62.10711805482194,1624470.411779393,62.10711805482194,51.93428552215412,51.93991707400836,,,,,,0.8375512209841353,-0.7698862392031075,16751024.419682706,20000000.0,5.000000000000001,5.000000000000001,3350204.8839365407,65.25071367407651,3350204.8839365407,65.25071367407651,24.13041967087375,24.129375769823742,0.9984574228477608,1.7246279127454307,0.05940842604579867,0.05947597427927115,0.004452879915780098,0.9967260793897365,-0.014241782526750915,19934521.58779473,20000000.0,5.000000000000001,5.000000000000001,3986904.317558945,66.00635813075287,3986904.317558945,66.00635813075287,3.281256556933177,3.282031338714629,0.056224187484970524,0.09415837340698834,0.012864631560798876,0.0379344289828467,0.0017834743259948238
464,15,23.200000000000003,14,0.403726322366334,-3.9391293430091254,8074526.44732668,20000000.0,5.000000000000001,5.000000000000001,1614905.2894653357,62.0814705702705,1614905.2894653357,62.0814705702705,52.07813883808526,52.08467841216377,,,,,,0.8378704680403817,-0.7682311664834697,16757409.360807633,20000000.0,5.000000000000001,5.000000000000001,3351481.8721615262,65.25236874679615,3351481.8721615262,65.25236874679615,24.093641810516004,24.093635081838478,0.99609798267582,1.7339421518090998,0.05929456086935764,0.059391583766682784,0.004435125485037146,0.9967182297053305,-0.014275985384655087,19934364.59410661,20000000.0,5.000000000000001,5.000000000000001,3986872.9188213213,66.00632392789497,3986872.9188213213,66.00632392789497,3.2850584706519754,3.2856611898520462,0.056437158502179854,0.09407818594613405,0.012844401962445509,0.037915505225074794,0.0017785973484026108
465,15,23.25,15,0.40213549094075485,-3.9562759603526794,8042709.818815097,20000000.0,5.000000000000001,5.000000000000001,1608541.963763019,62.06432395292694,1608541.963763019,62.06432395292694,52.16929064003206,52.171700467416294,,,,,,0.8362565892765993,-0.7766044719100542,16725131.785531987,20000000.0,5.000000000000001,5.000000000000001,3345026.357106397,65.24399544136956,3345026.357106397,65.24399544136956,24.223083911792937,24.22235296946966,1.001826715953752,1.735436328119712,0.059261459138587956,0.05936256984114195,0.004424596956546928,0.9967324545410454,-0.014214004742687022,19934649.09082091,20000000.0,5.000000000000001,5.000000000000001,3986929.818164181,66.00638590853694,3986929.818164181,66.00638590853694,3.2781612714962036,3.278832707124608,0.05643479308752557,0.0938941351577984,0.012826553512707822,0.03789694089759635,0.0017738352766027876
466,15,23.3,16,0.40166937663397106,-3.9613127771779713,8033387.532679421,20000000.0,5.000000000000001,5.000000000000001,1606677.506535884,62.059287136101645,1606677.506535884,62.059287136101645,52.19475424090349,52.1953274752668,,,,,,0.8391397942935319,-0.7616568299378774,16782795.88587064,20000000.0,5.000000000000001,5.000000000000001,3356559.177174127,65.25894308334175,3356559.177174127,65.25894308334175,23.998812344475997,23.99881495108286,0.9935675648853548,1.7253702965504623,0.05920497083078684,0.059280714294740154,0.0044093189999844335,0.9967276483383264,-0.014234946293679421,19934552.96676653,20000000.0,5.000000000000001,5.000000000000001,3986910.593353305,66.00636496698594,3986910.593353305,66.00636496698594,3.280520340682087,3.281189895063092,0.05642897827000792,0.09392024430046288,0.012810043338318585,0.037878243947598124,0.0017690502923927306
467,15,23.35,17,0.402492019383608,-3.9524272640672713,8049840.387672161,20000000.0,5.000000000000001,5.000000000000001,1609968.0775344318,62.06817264921235,1609968.0775344318,62.06817264921235,52.142805514821404,52.15506432571057,,,,,,0.8368324862381871,-0.7736146862961204,16736649.724763742,20000000.0,5.000000000000001,5.000000000000001,3347329.944952748,65.2469852269835,3347329.944952748,65.2469852269835,24.18536196196313,24.18596085991691,0.9994720418881038,1.7303050548587673,0.05906131794945774,0.059176800501950066,0.004389256030209975,0.9967296363509022,-0.014226284127720331,19934592.727018043,20000000.0,5.000000000000001,5.000000000000001,3986918.545403608,66.00637362915191,3986918.545403608,66.00637362915191,3.2794560635143677,3.2800935820281083,0.056087063119828674,0.09374224547147726,0.012792484217285963,0.03785927338499564,0.0017642580222292311
468,15,23.400000000000002,18,0.4040574947367451,-3.9355683323020205,8081149.894734902,20000000.0,5.000000000000001,5.000000000000001,1616229.97894698,62.0850315809776,1616229.97894698,62.0850315809776,52.04875553967207,52.061510620979824,,,,,,0.8358456509982439,-0.778739128822616,16716913.019964878,20000000.0,5.000000000000001,5.000000000000001,3343382.603992975,65.241860784457,3343382.603992975,65.241860784457,24.261150019424264,24.259013908584357,1.0038538422309893,1.7338440645177642,0.059018339734958083,0.059106315213512596,0.004375419589102747,0.9967398274286627,-0.014181879847479099,19934796.548573256,20000000.0,5.000000000000001,5.000000000000001,3986959.3097146503,66.00641803343214,3986959.3097146503,66.00641803343214,3.274425725472733,3.2750106447311316,0.05631400544657641,0.09379360642881486,0.01277547478519234,0.0378401304904044,0.0017595225671558734
469,15,23.450000000000003,19,0.40559304809182833,-3.9190949746474018,8111860.961836567,20000000.0,5.000000000000001,5.000000000000001,1622372.1923673132,62.10150493863222,1622372.1923673132,62.10150493863222,51.9611975753988,51.97396356036588,,,,,,0.8370616016970406,-0.7724257988887583,16741232.03394081,20000000.0,5.000000000000001,5.000000000000001,3348246.4067881615,65.24817411439086,3348246.4067881615,65.24817411439086,24.16651876545688,24.165433882957892,0.9997709904418576,1.7276892610514754,0.05897650701749443,0.059048931437474986,0.004362648346627947,0.9967315017541867,-0.014218156210526463,19934630.035083733,20000000.0,5.000000000000001,5.000000000000001,3986926.007016746,66.0063817570691,3986926.007016746,66.0063817570691,3.27867662535841,3.2791452307234037,0.05622667796647372,0.09377335621284663,0.012759892203096224,0.037821018501236744,0.0017547757891740931
470,15,23.5,20,0.40629046415689163,-3.9116337066556928,8125809.283137833,20000000.0,5.000000000000001,5.000000000000001,1625161.8566275663,62.10896620662393,1625161.8566275663,62.10896620662393,51.93034706967943,51.93434018329814,,,,,,0.837928245073286,-0.7679317003675851,16758564.90146572,20000000.0,5.000000000000001,5.000000000000001,3351712.9802931435,65.25266821291204,3351712.9802931435,65.25266821291204,24.090080339893106,24.094467322775138,0.9956671650839783,1.7271089958810883,0.058910879222039705,0.05900394978835186,0.00434998181768314,0.9967297753523415,-0.014225678471465324,19934595.50704683,20000000.0,5.000000000000001,5.000000000000001,3986919.1014093654,66.00637423480816,3986919.1014093654,66.00637423480816,3.2794466681666146,3.2799304519335757,0.0562528945157451,0.09371924416288593,0.012743574191754961,0.0378023375175023,0.0017500804260370578
471,15,23.55,21,0.40703922142982024,-3.903637410699794,8140784.428596405,20000000.0,5.000000000000001,5.000000000000001,1628156.8857192807,62.11696250257983,1628156.8857192807,62.11696250257983,51.888986458490834,51.89236041280126,,,,,,0.8352348871415238,-0.7819137380467269,16704697.742830476,20000000.0,5.000000000000001,5.000000000000001,3340939.5485660946,65.2386861752329,3340939.5485660946,65.2386861752329,24.309748735347814,24.309823109915705,1.0065963001326332,1.7360720911217964,0.058856712421640124,0.05893725548877695,0.004336165684149169,0.9967323206102846,-0.014214588303441184,19934646.412205692,20000000.0,5.000000000000001,5.000000000000001,3986929.282441138,66.00638532497618,3986929.282441138,66.00638532497618,3.27818266644909,3.278825573463345,0.05627338030204933,0.09345377150241271,0.012728324669985807,0.03778345288872678,0.001745439879942479
472,15,23.6,22,0.4074466224314054,-3.899292779715729,8148932.448628108,20000000.0,5.000000000000001,5.000000000000001,1629786.4897256214,62.12130713356389,1629786.4897256214,62.12130713356389,51.858869772412014,51.86082559580118,,,,,,0.8378584157881775,-0.7682936375272926,16757168.315763552,20000000.0,5.000000000000001,5.000000000000001,3351433.6631527096,65.25230627575233,3351433.6631527096,65.25230627575233,24.1015234209681,24.101367528777086,0.99746100582466,1.726702763387253,0.058793876501901876,0.05888077326685999,0.004322832944749002,0.9967270952066928,-0.014237356401227834,19934541.904133856,20000000.0,5.000000000000001,5.000000000000001,3986908.3808267703,66.0063625568784,3986908.3808267703,66.0063625568784,3.2807511479307423,3.281418687757113,0.05629479240022641,0.09378661240992621,0.012711637964172313,0.03776440662095833,0.0017407421170149752
473,15,23.650000000000002,23,0.4069993158074354,-3.904063208516967,8139986.316148709,20000000.0,5.000000000000001,5.000000000000001,1627997.2632297415,62.11653670476266,1627997.2632297415,62.11653670476266,51.88252457423785,51.890324397241386,,,,,,0.8383687650843432,-0.7656491047032734,16767375.301686864,20000000.0,5.000000000000001,5.000000000000001,3353475.060337372,65.25495080857635,3353475.060337372,65.25495080857635,24.05690393890395,24.055522338029352,0.9964130847673542,1.7275047681774485,0.05878610998787716,0.058852098922942256,0.004313596937924432,0.9967425228609046,-0.014170135461091023,19934850.457218092,20000000.0,5.000000000000001,5.000000000000001,3986970.091443618,66.00642977781854,3986970.091443618,66.00642977781854,3.2731020246666347,3.2736160399797654,0.05570616229009108,0.09318896545022695,0.012695410004474966,0.03774550008227801,0.0017361276147409052
474,15,23.700000000000003,24,0.4061243620822036,-3.9134095781229528,8122487.241644072,20000000.0,5.000000000000001,5.000000000000001,1624497.4483288142,62.107190335156666,1624497.4483288142,62.107190335156666,51.92653044210679,51.92894582323906,,,,,,0.8367803418028601,-0.7738853109011946,16735606.836057201,20000000.0,5.000000000000001,5.000000000000001,3347121.3672114396,65.24671460237843,3347121.3672114396,65.24671460237843,24.182606463023713,24.183873040529235,1.001462508761873,1.7314801846052312,0.058738545121714315,0.05878541751897698,0.004300179262861955,0.996747881832042,-0.014146785746558366,19934957.63664084,20000000.0,5.000000000000001,5.000000000000001,3986991.527328167,66.00645312753306,3986991.527328167,66.00645312753306,3.2704273618169126,3.2708567490808376,0.05601506001796523,0.09323625088219092,0.01268004529083298,0.037726694305501934,0.0017315693277277372
475,15,23.75,25,0.4048082196220568,-3.9275067773875967,8096164.392441137,20000000.0,5.000000000000001,5.000000000000001,1619232.878488227,62.093093135892026,1619232.878488227,62.093093135892026,52.00469786176836,52.00401937682748,,,,,,0.8369504167778546,-0.7730027003256823,16739008.335557092,20000000.0,5.000000000000001,5.000000000000001,3347801.6671114177,65.24759721295395,3347801.6671114177,65.24759721295395,24.172018179274637,24.169922133796323,0.9989154549334425,1.7285425697241508,0.058630020187116015,0.05870957417955639,0.004283902568352558,0.9967329103419039,-0.014212018735794895,19934658.20683808,20000000.0,5.000000000000001,5.000000000000001,3986931.641367615,66.00638789454382,3986931.641367615,66.00638789454382,3.2779297289832967,3.2784708646078284,0.05610221254259483,0.0933147951837853,0.012664453701027792,0.03770714987079017,0.0017270141612245958
476,15,23.8,26,0.4038690048123084,-3.9375947576169,8077380.096246168,20000000.0,5.000000000000001,5.000000000000001,1615476.0192492334,62.083005155662725,1615476.0192492334,62.083005155662725,52.058609368652945,52.06179716136272,,,,,,0.8358592886858879,-0.7786682697571289,16717185.773717757,20000000.0,5.000000000000001,5.000000000000001,3343437.154743551,65.24193164352249,3343437.154743551,65.24193164352249,24.259033429499915,24.25977168253935,1.003739701424982,1.7337576753231687,0.05863655517758491,0.058666678416372145,0.004274283865488622,0.9967348613757965,-0.014203517738030448,19934697.22751593,20000000.0,5.000000000000001,5.000000000000001,3986939.445503185,66.00639639554159,3986939.445503185,66.00639639554159,3.2769216373999064,3.2773387375647807,0.05588728251582116,0.09307698317818966,0.012650520006271487,0.037688235751805,0.0017225273935917648
477,15,23.85,27,0.4034418569634836,-3.942190458722771,8068837.139269672,20000000.0,5.000000000000001,5.000000000000001,1613767.4278539342,62.078409454556855,1613767.4278539342,62.078409454556855,52.08738176499935,52.08935448775469,,,,,,0.8376728833391172,-0.7692554305921219,16753457.666782344,20000000.0,5.000000000000001,5.000000000000001,3350691.533356468,65.2513444826875,3350691.533356468,65.2513444826875,24.118347193917035,24.117188340359366,0.9976359191282154,1.7327557049694402,0.05860480109393745,0.05860609880967281,0.004262030901531896,0.9967395129147884,-0.014183250231785217,19934790.258295767,20000000.0,5.000000000000001,5.000000000000001,3986958.051659153,66.00641666304784,3986958.051659153,66.00641666304784,3.2746181540342674,3.275145695040674,0.05606255806737574,0.09311360508480791,0.01263893338991776,0.03766936335699309,0.0017181348629830696
478,15,23.900000000000002,28,0.40390973932248814,-3.937156747254842,8078194.786449763,20000000.0,5.000000000000001,5.000000000000001,1615638.9572899523,62.08344316602478,1615638.9572899523,62.08344316602478,52.05932004648007,52.05860447809074,,,,,,0.8379334718862286,-0.7679046101131095,16758669.437724572,20000000.0,5.000000000000001,5.000000000000001,3351733.8875449137,65.25269530316652,3351733.8875449137,65.25269530316652,24.094055958244386,24.093049173775583,0.9961074233470683,1.730052086156056,0.05855001464087265,0.058566538726122275,0.004250525704105853,0.9967339080807012,-0.014207671410321289,19934678.161614023,20000000.0,5.000000000000001,5.000000000000001,3986935.632322804,66.0063922418693,3986935.632322804,66.0063922418693,3.2774419230608984,3.277798644465699,0.055835850711692836,0.09321975323616705,0.012627456322270993,0.03765054896910485,0.001713752084298445
479,15,23.950000000000003,29,0.40516221350902665,-3.9237106486589814,8103244.270180533,20000000.0,5.000000000000001,5.000000000000001,1620648.8540361063,62.09688926462064,1620648.8540361063,62.09688926462064,51.98254560082561,51.98565927555677,,,,,,0.8360434208495264,-0.7777116640590058,16720868.416990528,20000000.0,5.000000000000001,5.000000000000001,3344173.683398105,65.24288824922061,3344173.683398105,65.24288824922061,24.237096932077375,24.23674450074578,1.0028701339642896,1.7320343076682996,0.05850686737425528,0.058501217431165764,0.004237611531502387,0.9967452856861301,-0.014158097466730095,19934905.7137226,20000000.0,5.000000000000001,5.000000000000001,3986981.1427445197,66.00644181581289,3986981.1427445197,66.00644181581289,3.2717166683997605,3.272258668529284,0.05576244148445493,0.09283378303137356,0.012613807810174488,0.037631108880105686,0.0017093274103233053
480,16,24.0,0,0.4065281009696485,-3.9090942873105705,8130562.019392969,20000000.0,5.000000000000001,5.000000000000001,1626112.4038785936,62.11150562596905,1626112.4038785936,62.11150562596905,51.9006530669849,51.90278378180934,,,,,,0.8369988596953022,-0.7727513367743928,16739977.193906045,20000000.0,5.000000000000001,5.000000000000001,3347995.4387812084,65.24784857650523,3347995.4387812084,65.24784857650523,24.165836521181244,24.163073372631125,0.9992291517799957,1.7331260817155587,0.05843872803722577,0.05843500263754194,0.004223736537517663,0.996743804250225,-0.01416455227445499,19934876.0850045,20000000.0,5.000000000000001,5.000000000000001,3986975.2170008994,66.00643536100517,3986975.2170008994,66.00643536100517,3.272347069157643,3.2729194948151665,0.055749646811165496,0.09292847855349397,0.012598403932141709,0.03761193584653401,0.0017048911548212995
481,16,24.05,1,0.4072053138000246,-3.901865633359069,8144106.276000492,20000000.0,5.000000000000001,5.000000000000001,1628821.2552000983,62.11873427992056,1628821.2552000983,62.11873427992056,51.864637838446185,51.86515329752599,,,,,,0.8365656989495872,-0.7749994642800826,16731313.978991743,20000000.0,5.000000000000001,5.000000000000001,3346262.7957983483,65.24560044899954,3346262.7957983483,65.24560044899954,24.207805830820618,24.207773719148054,1.0023683453848258,1.7286393255529144,0.05841048607815116,0.05835496648937538,0.004210396458014179,0.9967449357742354,-0.014159622077218537,19934898.71548471,20000000.0,5.000000000000001,5.000000000000001,3986979.743096941,66.00644029120241,3986979.743096941,66.00644029120241,3.271849528754692,3.2723924482105877,0.05548122149179874,0.09260543508697784,0.012584054410378683,0.037592115382851975,0.0017004359326010486
482,16,24.1,2,0.4079033270706351,-3.894427523379069,8158066.541412702,20000000.0,5.000000000000001,5.000000000000001,1631613.3082825402,62.12617238990055,1631613.3082825402,62.12617238990055,51.81804133696387,51.81411393847524,,,,,,0.8380187017143061,-0.7674628929252015,16760374.034286123,20000000.0,5.000000000000001,5.000000000000001,3352074.806857224,65.25313702035442,3352074.806857224,65.25313702035442,24.0858777535437,24.089368169094197,0.995578473896521,1.729340571560109,0.05840296693730457,0.05829452919185235,0.004199239441532545,0.9967490914108487,-0.014141515476192114,19934981.828216974,20000000.0,5.000000000000001,5.000000000000001,3986996.365643394,66.00645839780343,3986996.365643394,66.00645839780343,3.2697919748695505,3.2703253760972792,0.05560131968722143,0.09272818448949917,0.012570693909943201,0.03757232014700912,0.001695991961506519
483,16,24.150000000000002,3,0.4079924290228707,-3.893478958907503,8159848.580457414,20000000.0,5.000000000000001,5.000000000000001,1631969.7160914824,62.12712095437212,1631969.7160914824,62.12712095437212,51.80762759881888,51.81066637424631,,,,,,0.8362775941728008,-0.7764953882141392,16725551.883456016,20000000.0,5.000000000000001,5.000000000000001,3345110.3766912026,65.24410452506548,3345110.3766912026,65.24410452506548,24.23088816394654,24.232405035824904,1.0025147371821626,1.7366848721594184,0.05831908701963644,0.058230625580444936,0.004185123651989321,0.9967400497234168,-0.014180911276026276,19934800.994468335,20000000.0,5.000000000000001,5.000000000000001,3986960.1988936663,66.0064190020036,3986960.1988936663,66.0064190020036,3.274355694395574,3.274943820112777,0.0556571789270646,0.09263096106533183,0.012556910423027891,0.03755248187757,0.0016915446961739192
484,16,24.200000000000003,4,0.4069142817279134,-3.904970671711005,8138285.634558268,20000000.0,5.000000000000001,5.000000000000001,1627657.1269116532,62.11562924156862,1627657.1269116532,62.11562924156862,51.87691164792783,51.877973730258326,,,,,,0.8380732617232363,-0.7671801505538257,16761465.234464725,20000000.0,5.000000000000001,5.000000000000001,3352293.0468929447,65.2534197627258,3352293.0468929447,65.2534197627258,24.07514529172448,24.075031909656634,0.9960803079375165,1.7300711158780686,0.05826238955624115,0.058172404080639464,0.004172435006071092,0.9967422681158442,-0.014171245420640409,19934845.362316884,20000000.0,5.000000000000001,5.000000000000001,3986969.072463376,66.00642866785898,3986969.072463376,66.00642866785898,3.2732943133517325,3.2737294195597904,0.05567726747604668,0.09277260118311476,0.012543397892896588,0.037532579557130144,0.0016870992139134775
485,16,24.25,5,0.40577922368406044,-3.9171019306008374,8115584.473681209,20000000.0,5.000000000000001,5.000000000000001,1623116.8947362415,62.10349798267878,1623116.8947362415,62.10349798267878,51.94960770006908,51.952763748351,,,,,,0.8364482626247514,-0.775609165682538,16728965.252495026,20000000.0,5.000000000000001,5.000000000000001,3345793.050499005,65.24499074759709,3345793.050499005,65.24499074759709,24.212117707736475,24.21042744128065,1.0008308257370122,1.7365732835895602,0.05815549116258959,0.05812407283650826,0.004158717428985842,0.9967390249237035,-0.01418537648327332,19934780.49847407,20000000.0,5.000000000000001,5.000000000000001,3986956.099694813,66.00641453679634,3986956.099694813,66.00641453679634,3.2748596176632865,3.2755677439975193,0.05559159128367815,0.09256639729304406,0.012529865453710636,0.03751305572060695,0.0016827292731966005
486,16,24.3,6,0.4051044678321433,-3.924329670258762,8102089.3566428665,20000000.0,5.000000000000001,5.000000000000001,1620417.871328573,62.09627024302086,1620417.871328573,62.09627024302086,51.98857157394978,51.98743682449674,,,,,,0.8370385439723899,-0.7725454314281567,16740770.879447797,20000000.0,5.000000000000001,5.000000000000001,3348154.175889559,65.24805448185147,3348154.175889559,65.24805448185147,24.167534428719694,24.166145739968275,1.000055206464419,1.7387632243663362,0.05811612721040207,0.05808104212313878,0.004147810879946986,0.9967379669962149,-0.014189986038060464,19934759.3399243,20000000.0,5.000000000000001,5.000000000000001,3986951.867984859,66.00640992724156,3986951.867984859,66.00640992724156,3.2754082732231047,3.276108594545628,0.055797778086978014,0.0925923339256825,0.012517876447440273,0.03749353932257972,0.0016784086459413687
487,16,24.35,7,0.4052027770847912,-3.9232758683478868,8104055.541695824,20000000.0,5.000000000000001,5.000000000000001,1620811.1083391644,62.09732404493174,1620811.1083391644,62.09732404493174,51.980275325819505,51.98523576369769,,,,,,0.8356871845082464,-0.7795625780653326,16713743.690164927,20000000.0,5.000000000000001,5.000000000000001,3342748.738032985,65.24103733521429,3342748.738032985,65.24103733521429,24.283574567221464,24.28245100911011,1.0039758836215174,1.7329179120199183,0.0580827384116306,0.058008091823006036,0.004135074291221457,0.9967421192605331,-0.014171894004001404,19934842.385210663,20000000.0,5.000000000000001,5.000000000000001,3986968.477042132,66.00642801927562,3986968.477042132,66.00642801927562,3.273186945092763,3.273596676473942,0.05543642846030024,0.09225080470803462,0.012505465843126456,0.03747385977472244,0.0016740447433311416
488,16,24.400000000000002,8,0.40557545878554496,-3.919283318711448,8111509.1757109,20000000.0,5.000000000000001,5.000000000000001,1622301.8351421796,62.101316594568175,1622301.8351421796,62.101316594568175,51.95738230061911,51.96364707658529,,,,,,0.837139947639394,-0.7720193339624543,16742798.95278788,20000000.0,5.000000000000001,5.000000000000001,3348559.7905575754,65.24858057931718,3348559.7905575754,65.24858057931718,24.153271186280918,24.15342708619837,0.9992856216008791,1.7360696608667652,0.05799575282567761,0.05792509881321922,0.004119753284368236,0.9967588003467543,-0.014099212786481602,19935176.006935086,20000000.0,5.000000000000001,5.000000000000001,3987035.2013870166,66.00650070049313,3987035.2013870166,66.00650070049313,3.2647486235362244,3.26522769333612,0.05544062861672385,0.09231041195591336,0.012493356648613802,0.03745391377779562,0.001669623870368532
489,16,24.450000000000003,9,0.40606211506034895,-3.914075275937928,8121242.301206979,20000000.0,5.000000000000001,5.000000000000001,1624248.4602413955,62.1065246373417,1624248.4602413955,62.1065246373417,51.93392808814518,51.94554253330041,,,,,,0.83654623442488,-0.7751005135345285,16730924.6884976,20000000.0,5.000000000000001,5.000000000000001,3346184.937699519,65.24549939974509,3346184.937699519,65.24549939974509,24.20645046506735,24.2037740588459,1.001822733439247,1.7331667101540493,0.05788588218461316,0.057875125474940316,0.0041060421317209534,0.9967510478105093,-0.0141329912372389,19935020.956210185,20000000.0,5.000000000000001,5.000000000000001,3987004.1912420364,66.00646692204238,3987004.1912420364,66.00646692204238,3.2687388951707255,3.2694882426243823,0.0551975990742675,0.0922686383622299,0.012482186064415536,0.03743419354508663,0.0016653131498237093
490,16,24.5,10,0.40651585914501875,-3.909225068846289,8130317.182900375,20000000.0,5.000000000000001,5.000000000000001,1626063.4365800747,62.111374844433335,1626063.4365800747,62.111374844433335,51.90879528012128,51.91351225917937,,,,,,0.8377193366186468,-0.7690145985919383,16754386.732372936,20000000.0,5.000000000000001,5.000000000000001,3350877.3464745865,65.25158531468769,3350877.3464745865,65.25158531468769,24.108837525487253,24.107528841051344,0.9971167490694401,1.7255355013688607,0.05781575136827113,0.05780105169272546,0.004092060895954715,0.9967419422445938,-0.014172665287275283,19934838.844891876,20000000.0,5.000000000000001,5.000000000000001,3986967.7689783745,66.00642724799235,3986967.7689783745,66.00642724799235,3.273370293086112,3.2739914403677965,0.05544154755346594,0.09223450352400209,0.012470894165155878,0.03741438275903186,0.0016609847228295001
491,16,24.55,11,0.4072090562381851,-3.9018257195190937,8144181.124763702,20000000.0,5.000000000000001,5.000000000000001,1628836.2249527401,62.11877419376053,1628836.2249527401,62.11877419376053,51.870124476921,51.882734272928744,,,,,,0.8374750946341416,-0.7702809942400185,16749501.892682832,20000000.0,5.000000000000001,5.000000000000001,3349900.3785365657,65.25031891903961,3349900.3785365657,65.25031891903961,24.13100555527499,24.1297243582489,0.9983041425541843,1.7314772908224962,0.057742723861999704,0.05773052139514902,0.004078220642515848,0.9967495297351101,-0.01413960564985956,19934990.594702203,20000000.0,5.000000000000001,5.000000000000001,3986998.11894044,66.00646030762977,3986998.11894044,66.00646030762977,3.2696277175100783,3.2702540783084744,0.05548589765769123,0.09245176405490702,0.012459134753576205,0.037394273873142106,0.0016566880633579288
492,16,24.6,12,0.407166363037314,-3.9022810726923653,8143327.260746281,20000000.0,5.000000000000001,5.000000000000001,1628665.452149256,62.11831884058726,1628665.452149256,62.11831884058726,51.87460639564023,51.87959440151233,,,,,,0.8366688731559563,-0.774463879021391,16733377.463119125,20000000.0,5.000000000000001,5.000000000000001,3346675.4926238246,65.24613603425823,3346675.4926238246,65.24613603425823,24.196756460913086,24.20088867896569,0.999481611880667,1.7318919199054914,0.05765661919234599,0.05769982084657975,0.004066817281044542,0.9967448870569734,-0.014159834344548112,19934897.741139468,20000000.0,5.000000000000001,5.000000000000001,3986979.5482278927,66.00644007893507,3986979.5482278927,66.00644007893507,3.271795975457072,3.2723649968611497,0.05527373895383849,0.09201095242898377,0.012448261649437171,0.037375025699116514,0.0016525184856318793
493,16,24.650000000000002,13,0.40694692762533974,-3.904622260140243,8138938.552506795,20000000.0,5.000000000000001,5.000000000000001,1627787.7105013588,62.11597765313938,1627787.7105013588,62.11597765313938,51.88493611308964,51.892163141145716,,,,,,0.8358026191374849,-0.7789627225057094,16716052.382749697,20000000.0,5.000000000000001,5.000000000000001,3343210.476549939,65.24163719077391,3343210.476549939,65.24163719077391,24.266050020774394,24.26389213348041,1.0050572979014079,1.7364290760239627,0.05766292448787898,0.0576489494704168,0.004057260634592913,0.9967329183507573,-0.014211983839778421,19934658.367015146,20000000.0,5.000000000000001,5.000000000000001,3986931.6734030284,66.00638792943984,3986931.6734030284,66.00638792943984,3.277914323949097,3.2784832961268813,0.05541781749521328,0.0922695008967201,0.01243833666319703,0.037355622734365525,0.001648325909599271
494,16,24.700000000000003,14,0.4068237301896176,-3.905937224409689,8136474.603792352,20000000.0,5.000000000000001,5.000000000000001,1627294.92075847,62.114662688869934,1627294.92075847,62.114662688869934,51.88042293155272,51.8832350197034,,,,,,0.8376140056482712,-0.7695606947999449,16752280.112965424,20000000.0,5.000000000000001,5.000000000000001,3350456.0225930843,65.25103921847969,3350456.0225930843,65.25103921847969,24.115133183796832,24.11550329124553,0.9972564294777578,1.7314957130558444,0.05751961972247508,0.057569445923371966,0.004040480052640755,0.996746860667745,-0.01415123507877734,19934937.2133549,20000000.0,5.000000000000001,5.000000000000001,3986987.4426709795,66.00644867820084,3986987.4426709795,66.00644867820084,3.270915113562071,3.2713549809538085,0.0553339552651009,0.09196298739415656,0.01242541649453382,0.03733607045249044,0.0016441150696344426
495,16,24.75,15,0.4058011895090513,-3.916866842704894,8116023.790181026,20000000.0,5.000000000000001,5.000000000000001,1623204.7580362048,62.10373307057473,1623204.7580362048,62.10373307057473,51.94136564347362,51.94125670636426,,,,,,0.8360883487915853,-0.7774782858327391,16721766.975831706,20000000.0,5.000000000000001,5.000000000000001,3344353.3951663407,65.24312162744688,3344353.3951663407,65.24312162744688,24.243025370727445,24.244466755471173,1.0025057400040822,1.731690879617614,0.05745447855132664,0.057515177484967005,0.004028291219578305,0.9967486930912044,-0.014143250998798502,19934973.861824088,20000000.0,5.000000000000001,5.000000000000001,3986994.7723648166,66.00645666228083,3986994.7723648166,66.00645666228083,3.2699729488918527,3.2704521144364187,0.05529174225294856,0.09193670672765146,0.012414140988437907,0.03731627805507162,0.001639898685307925
496,16,24.8,16,0.40525216051567264,-3.9227466112464544,8105043.210313452,20000000.0,5.000000000000001,5.000000000000001,1621008.64206269,62.09785330203317,1621008.64206269,62.09785330203317,51.97129038004025,51.97157424179731,,,,,,0.8381064694227504,-0.767008069715601,16762129.388455007,20000000.0,5.000000000000001,5.000000000000001,3352425.8776910007,65.25359184356402,3352425.8776910007,65.25359184356402,24.080963726202448,24.08267028840059,0.9956664461748959,1.7298356556888972,0.05740384093851532,0.05746185300311714,0.0040167032298768805,0.9967494652210294,-0.014139886744651614,19934989.304420587,20000000.0,5.000000000000001,5.000000000000001,3986997.8608841165,66.00646002653497,3986997.8608841165,66.00646002653497,3.2695691353751286,3.2702717531407948,0.05539707592151345,0.09213824655725676,0.012403128862634758,0.037296614958924425,0.0016357213247187928
497,16,24.85,17,0.40497188841225046,-3.9257512278821554,8099437.76824501,20000000.0,5.000000000000001,5.000000000000001,1619887.5536490018,62.094848685397466,1619887.5536490018,62.094848685397466,51.99007703016109,51.98971182483766,,,,,,0.8367780887861624,-0.773897004221267,16735561.775723249,20000000.0,5.000000000000001,5.000000000000001,3347112.3551446493,65.24670290905836,3347112.3551446493,65.24670290905836,24.18850075032198,24.190834175859806,1.0001393766506697,1.732353149053718,0.057371121845570826,0.05739140040659437,0.0040045854227409115,0.9967601683214726,-0.014093252433147928,19935203.36642945,20000000.0,5.000000000000001,5.000000000000001,3987040.6732858894,66.00650666084648,3987040.6732858894,66.00650666084648,3.2642580234252505,3.2648592114121584,0.055280207119118754,0.09185876841793487,0.012391249045066798,0.037276390856297074,0.0016315159827221728
498,16,24.900000000000002,18,0.4055364822831182,-3.919700703269208,8110729.645662365,20000000.0,5.000000000000001,5.000000000000001,1622145.9291324727,62.10089921001042,1622145.9291324727,62.10089921001042,51.95663531898746,51.95461429213534,,,,,,0.8347836250520019,-0.7842607855639904,16695672.501040038,20000000.0,5.000000000000001,5.000000000000001,3339134.500208007,65.23633912771564,3339134.500208007,65.23633912771564,24.350248028450668,24.351864240405767,1.006963937035405,1.7358259435852308,0.05726322088176522,0.05731803252000869,0.00398972962082524,0.9967502752575733,-0.014136357329582877,19935005.505151466,20000000.0,5.000000000000001,5.000000000000001,3987001.1010302925,66.00646355595005,3987001.1010302925,66.00646355595005,3.2691323282615854,3.269882761096029,0.055250807089471624,0.09187540842784789,0.012379125445811486,0.03725624678696779,0.001627309339004665
499,16,24.950000000000003,19,0.4065995263569514,-3.9083313160226503,8131990.527139028,20000000.0,5.000000000000001,5.000000000000001,1626398.1054278053,62.11226859725698,1626398.1054278053,62.11226859725698,51.89870534960296,51.89782858962044,,,,,,0.8344826440265531,-0.7858269155738978,16689652.880531063,20000000.0,5.000000000000001,5.000000000000001,3337930.576106212,65.23477299770573,3337930.576106212,65.23477299770573,24.372337245378294,24.371036808204444,1.008512502841683,1.7343647135704625,0.05723337988220005,0.05726022172692691,0.003978684807593341,0.9967483024428809,-0.014144953097288008,19934966.048857618,20000000.0,5.000000000000001,5.000000000000001,3986993.209771523,66.00645496018234,3986993.209771523,66.00645496018234,3.270265600683583,3.270867426747219,0.05521936371018552,0.09183971162031088,0.012367927678814308,0.037235971316395965,0.001623106169445273
500,16,25.0,20,0.4079380113685477,-3.8940582555204424,8158760.227370953,20000000.0,5.000000000000001,5.000000000000001,1631752.0454741903,62.12654165775918,1631752.0454741903,62.12654165775918,51.82376447703109,51.831214588576884,,,,,,0.8380655299539493,-0.7672202172207792,16761310.599078987,20000000.0,5.000000000000001,5.000000000000001,3352262.1198157966,65.25337969605884,3352262.1198157966,65.25337969605884,24.08630663239755,24.083030957617915,0.9961104211180061,1.724800949823689,0.057169816169077625,0.05719309635260754,0.003965864683280222,0.9967585275748629,-0.014100401272035224,19935170.55149726,20000000.0,5.000000000000001,5.000000000000001,3987034.110299451,66.0064995120076,3987034.110299451,66.0064995120076,3.264990061687955,3.2656623217576133,0.05509206439808523,0.0917278668292129,0.012356093705826151,0.037215615601432606,0.001618888356943856
501,16,25.05,21,0.4092385342432809,-3.880234795021653,8184770.684865618,20000000.0,5.000000000000001,5.000000000000001,1636954.1369731233,62.14036511825797,1636954.1369731233,62.14036511825797,51.74477886327253,51.75098688520492,,,,,,0.836585680782745,-0.7748957318864179,16731713.6156549,20000000.0,5.000000000000001,5.000000000000001,3346342.7231309796,65.24570418139321,3346342.7231309796,65.24570418139321,24.200668883019016,24.198885642788163,1.001172911976574,1.7345877017852742,0.05713536038371717,0.05715346366630902,0.003955982878319918,0.9967547203028347,-0.014116989847352839,19935094.406056695,20000000.0,5.000000000000001,5.000000000000001,3987018.881211338,66.00648292343226,3987018.881211338,66.00648292343226,3.2669255904155476,3.2673192157966406,0.05494303962794457,0.0915498705525033,0.012345307345887194,0.03719579943694222,0.0016147483376577226
502,16,25.1,22,0.40952117361527113,-3.8772363884483534,8190423.472305423,20000000.0,5.000000000000001,5.000000000000001,1638084.6944610842,62.143363524831265,1638084.6944610842,62.143363524831265,51.733021524900245,51.74043225410402,,,,,,0.8386432740261733,-0.7642273174178592,16772865.480523467,20000000.0,5.000000000000001,5.000000000000001,3354573.0961046927,65.25637259586176,3354573.0961046927,65.25637259586176,24.035279753624586,24.040753842135462,0.9946075860547768,1.7288109556952538,0.05709727250710278,0.05710654340585597,0.003945526270296708,0.9967578729746085,-0.014103253410881738,19935157.45949217,20000000.0,5.000000000000001,5.000000000000001,3987031.4918984333,66.00649665986874,3987031.4918984333,66.00649665986874,3.265365877092429,3.266007922867032,0.05508862068949388,0.0915877222581341,0.012333814819345978,0.037176149169225244,0.0016106267958947457
503,16,25.150000000000002,23,0.4088155616797631,-3.8847258101664277,8176311.233595261,20000000.0,5.000000000000001,5.000000000000001,1635262.246719052,62.135874103113196,1635262.246719052,62.135874103113196,51.77745603899975,51.77857900866796,,,,,,0.8367025172820357,-0.7742892440492598,16734050.345640713,20000000.0,5.000000000000001,5.000000000000001,3346810.069128142,65.24631066923037,3346810.069128142,65.24631066923037,24.194568381058502,24.196172654596232,1.0014722761754888,1.7342346822932164,0.057030013873410404,0.05705844879929728,0.003934018978937238,0.9967505996173722,-0.014134944060367971,19935011.992347445,20000000.0,5.000000000000001,5.000000000000001,3987002.398469488,66.00646496921925,3987002.398469488,66.00646496921925,3.2690838442014147,3.269615717666445,0.054955559461620264,0.09153928623160497,0.012323510978924845,0.03715628958504147,0.0016065161229925778
504,16,25.200000000000003,24,0.40787908777548176,-3.8946856067096687,8157581.755509635,20000000.0,5.000000000000001,5.000000000000001,1631516.3511019268,62.12591430656995,1631516.3511019268,62.12591430656995,51.82696860333357,51.82810060893193,,,,,,0.8360555134755348,-0.7776488476712979,16721110.269510696,20000000.0,5.000000000000001,5.000000000000001,3344222.0539021385,65.24295106560832,3344222.0539021385,65.24295106560832,24.251022899001683,24.25073649897896,1.0023439170076929,1.7356705654359903,0.056956250430781744,0.05697835969946955,0.00392012596381228,0.9967590680295586,-0.014098046474740607,19935181.360591173,20000000.0,5.000000000000001,5.000000000000001,3987036.272118234,66.00650186680488,3987036.272118234,66.00650186680488,3.264695651427828,3.2652715450507706,0.05474127502083618,0.09122170401342132,0.01231277864677375,0.03713591621016189,0.0016023719605502956
505,16,25.25,25,0.40607085365668966,-3.913981815277748,8121417.073133794,20000000.0,5.000000000000001,5.000000000000001,1624283.4146267585,62.106618098001874,1624283.4146267585,62.106618098001874,51.930080077092974,51.93244628787811,,,,,,0.835825212935403,-0.7788453236257264,16716504.25870806,20000000.0,5.000000000000001,5.000000000000001,3343300.8517416115,65.2417545896539,3343300.8517416115,65.2417545896539,24.26636948759008,24.27213908859752,1.00481792389504,1.734666168936764,0.05687172025134246,0.05688935185806132,0.0039053186211365143,0.9967490223528035,-0.014141816369659149,19934980.44705607,20000000.0,5.000000000000001,5.000000000000001,3986996.089411213,66.00645809690997,3986996.089411213,66.00645809690997,3.269852491365821,3.270522667317382,0.0549203962569497,0.0913803438095963,0.012302853057241901,0.03711504871866026,0.0015981903237672558
506,16,25.3,26,0.4035304318829126,-3.9412370778092205,8070608.637658251,20000000.0,5.000000000000001,5.000000000000001,1614121.72753165,62.079362835470405,1614121.72753165,62.079362835470405,52.08227641633973,52.08503557935762,,,,,,0.8341721984984909,-0.7874428852506528,16683443.969969818,20000000.0,5.000000000000001,5.000000000000001,3336688.793993963,65.23315702802897,3336688.793993963,65.23315702802897,24.397891387765466,24.3996616867664,1.0093375866460488,1.7366855032540454,0.056802733819718676,0.05682607810461522,0.0038928444178182088,0.9967656142767938,-0.014069524138632572,19935312.285535876,20000000.0,5.000000000000001,5.000000000000001,3987062.457107174,66.00653038914099,3987062.457107174,66.00653038914099,3.2614765589881785,3.2620097729633506,0.0547546840339827,0.09125600373320572,0.012291487572035497,0.03709461889912385,0.001594042812508647
507,16,25.35,27,0.40125723232286037,-3.965771267251329,8025144.646457207,20000000.0,5.000000000000001,5.000000000000001,1605028.929291441,62.05482864602829,1605028.929291441,62.05482864602829,52.21921903545797,52.214686261924484,,,,,,0.8370021798509036,-0.7727341094821426,16740043.597018072,20000000.0,5.000000000000001,5.000000000000001,3348008.719403614,65.24786580379748,3348008.719403614,65.24786580379748,24.173646699531798,24.17326662887375,0.9996712115498181,1.734685475125105,0.056727405115750786,0.0567702680978309,0.0038807033426172073,0.9967636289652556,-0.014078174223388614,19935272.579305112,20000000.0,5.000000000000001,5.000000000000001,3987054.515861022,66.00652173905624,3987054.515861022,66.00652173905624,3.262479808089394,3.263068346186113,0.05476795686135122,0.09110110205293842,0.012279909642185404,0.037074132677052396,0.0015898744437114775
508,16,25.400000000000002,28,0.3999051238021681,-3.980430314134841,7998102.476043361,20000000.0,5.000000000000001,5.000000000000001,1599620.495208672,62.040169599144775,1599620.495208672,62.040169599144775,52.30058016516424,52.297333562714094,,,,,,0.8371631845994121,-0.7718987860960808,16743263.69198824,20000000.0,5.000000000000001,5.000000000000001,3348652.7383976476,65.24870112718355,3348652.7383976476,65.24870112718355,24.155242729049398,24.155764598543733,0.9991002133666548,1.7300019524545902,0.05666006861057403,0.056719082252714256,0.0038691720348450866,0.9967569663269226,-0.014107203741014887,19935139.32653845,20000000.0,5.000000000000001,5.000000000000001,3987027.8653076896,66.0064927095386,3987027.8653076896,66.0064927095386,3.265835164262529,3.2663343451999935,0.054815909800698726,0.09135873070389021,0.01226758648104707,0.037053579572342024,0.001585729406488616
509,16,25.450000000000003,29,0.40081357017041974,-3.9705758317283495,8016271.403408395,20000000.0,5.000000000000001,5.000000000000001,1603254.2806816788,62.05002408155127,1603254.2806816788,62.05002408155127,52.23034505937447,52.23134960903279,,,,,,0.8363707608604364,-0.7760115832558834,16727415.217208728,20000000.0,5.000000000000001,5.000000000000001,3345483.043441745,65.24458833002373,3345483.043441745,65.24458833002373,24.22027404089897,24.219658048953345,1.0025094657954765,1.7299035555729205,0.05666349334073347,0.056696259007408115,0.0038620419013721203,0.9967512572430851,-0.014132078718484481,19935025.144861702,20000000.0,5.000000000000001,5.000000000000001,3987005.02897234,66.00646783456114,3987005.02897234,66.00646783456114,3.268860262872704,3.2693515721670905,0.055139846923274824,0.09146624414342341,0.01225710193804093,0.03703339261845037,0.001581680340148689
510,17,25.5,0,0.4017712105596658,-3.9602118641063253,8035424.211193316,20000000.0,5.000000000000001,5.000000000000001,1607084.8422386628,62.0603880491733,1607084.8422386628,62.0603880491733,52.174126084275905,52.17195174558187,,,,,,0.8361275436914238,-0.777274698140525,16722550.873828476,20000000.0,5.000000000000001,5.000000000000001,3344510.174765695,65.2433252151391,3344510.174765695,65.2433252151391,24.240672407496774,24.242616882765258,1.0034431174980942,1.7324797122531574,0.05665233327304616,0.056666533025190355,0.0038539664592495597,0.9967654906199288,-0.014070062916221482,19935309.812398575,20000000.0,5.000000000000001,5.000000000000001,3987061.9624797143,66.00652985036339,3987061.9624797143,66.00652985036339,3.261552188751221,3.2621657880796286,0.05478889334574303,0.09111981533132088,0.012246978088115517,0.03701334277245093,0.0015776444945385846
511,17,25.55,1,0.4031023603433975,-3.9458465885237732,8062047.206867951,20000000.0,5.000000000000001,5.000000000000001,1612409.44137359,62.074753324755854,1612409.44137359,62.074753324755854,52.099263296121556,52.09555145544093,,,,,,0.8377372971068943,-0.7689214879642869,16754745.942137886,20000000.0,5.000000000000001,5.000000000000001,3350949.188427577,65.25167842531533,3350949.188427577,65.25167842531533,24.112032592399565,24.11032232808154,0.9974994941407818,1.7308570001393082,0.05663872806451431,0.056612411921087624,0.0038441724711570186,0.9967588967243591,-0.014098792862826056,19935177.934487183,20000000.0,5.000000000000001,5.000000000000001,3987035.5868974356,66.0065011204168,3987035.5868974356,66.0065011204168,3.264940176443831,3.2654266834796424,0.05480792369788227,0.09096710095251925,0.01223761007817616,0.036993333159380866,0.001573671292393217
512,17,25.6,2,0.40451205724463163,-3.930685288928229,8090241.144892633,20000000.0,5.000000000000001,5.000000000000001,1618048.2289785263,62.089914624351394,1618048.2289785263,62.089914624351394,52.022302120910425,52.019107348355774,,,,,,0.8360885739481032,-0.7774771162886324,16721771.478962064,20000000.0,5.000000000000001,5.000000000000001,3344354.295792412,65.24312279699099,3344354.295792412,65.24312279699099,24.245517575029396,24.24852106033139,1.0023190681784158,1.7292481889757247,0.0565105729047067,0.05654577233477459,0.0038297127130907846,0.9967595664465798,-0.014095874839539859,19935191.328931596,20000000.0,5.000000000000001,5.000000000000001,3987038.2657863186,66.00650403844008,3987038.2657863186,66.00650403844008,3.2645480171639747,3.26505286790185,0.054483374454174595,0.09107160770886216,0.012228939001486638,0.036973542551637845,0.0015697266535918315
513,17,25.650000000000002,3,0.40591849964083976,-3.9156115536206753,8118369.992816796,20000000.0,5.000000000000001,5.000000000000001,1623673.9985633588,62.10498835965895,1623673.9985633588,62.10498835965895,51.94053247603065,51.93667339763397,,,,,,0.8369501076458282,-0.7730043044154271,16739002.152916566,20000000.0,5.000000000000001,5.000000000000001,3347800.4305833126,65.2475956088642,3347800.4305833126,65.2475956088642,24.181548426173258,24.179071185681106,0.9993857819916446,1.7334810825685665,0.05642274259195481,0.056490749165823716,0.0038174354926555714,0.9967666611869295,-0.014064962714665914,19935333.22373859,20000000.0,5.000000000000001,5.000000000000001,3987066.644747717,66.00653495056496,3987066.644747717,66.00653495056496,3.26101732513247,3.2616436057394425,0.05469874038343684,0.09092715998481606,0.012218206309902347,0.036953266991333715,0.0015658040315606205
514,17,25.700000000000003,4,0.40689434977789957,-3.905183408110477,8137886.995557992,20000000.0,5.000000000000001,5.000000000000001,1627577.399111598,62.115416505169144,1627577.399111598,62.115416505169144,51.88180706254012,51.8758799020052,,,,,,0.8353967539235617,-0.7810721659283197,16707935.078471234,20000000.0,5.000000000000001,5.000000000000001,3341587.015694246,65.2395277473513,3341587.015694246,65.2395277473513,24.299639748837215,24.302402037917496,1.0060356699440147,1.7294022400101459,0.056340420560348145,0.05643448535552979,0.0038052833662117662,0.9967578484324038,-0.014103360343011403,19935156.968648076,20000000.0,5.000000000000001,5.000000000000001,3987031.3937296146,66.00649655293661,3987031.3937296146,66.00649655293661,3.2652961057415526,3.2659385259507885,0.05469076758382609,0.09091784302203951,0.01220725078764385,0.03693361088415849,0.0015619123135875192
515,17,25.75,5,0.40683150119374295,-3.905854267794149,8136630.023874859,20000000.0,5.000000000000001,5.000000000000001,1627326.0047749716,62.11474564548547,1627326.0047749716,62.11474564548547,51.88790002485346,51.88081421905149,,,,,,0.8376611299950304,-0.7693163666495318,16753222.599900607,20000000.0,5.000000000000001,5.000000000000001,3350644.519980121,65.25128354663009,3350644.519980121,65.25128354663009,24.122672704170007,24.120890466367022,0.9980638151941035,1.7260672503839178,0.056244133074147426,0.05637793849108212,0.003792711423398448,0.9967722411419485,-0.014040650736893987,19935444.82283897,20000000.0,5.000000000000001,5.000000000000001,3987088.964567793,66.00655926254274,3987088.964567793,66.00655926254274,3.2582260274796946,3.258642570688978,0.054323941867792325,0.09052305645624531,0.01219593625588003,0.03691386002456358,0.0015580062922679312
516,17,25.8,6,0.40667367014540035,-3.907539448334929,8133473.402908007,20000000.0,5.000000000000001,5.000000000000001,1626694.680581601,62.113060464944695,1626694.680581601,62.113060464944695,51.88886001720133,51.8876679609261,,,,,,0.8381807376069389,-0.7666232399267687,16763614.752138779,20000000.0,5.000000000000001,5.000000000000001,3352722.9504277552,65.25397667335285,3352722.9504277552,65.25397667335285,24.07469224742501,24.07818127093676,0.9958110125642129,1.7323605004436626,0.05626194483070975,0.0563285298714092,0.003784501117278657,0.9967685380128697,-0.01405678533059307,19935370.760257393,20000000.0,5.000000000000001,5.000000000000001,3987074.1520514777,66.00654312794903,3987074.1520514777,66.00654312794903,3.26004294069555,3.260585585682339,0.05455458690864169,0.09063172883194205,0.01218565764954552,0.03689383348390746,0.0015541578122299463
517,17,25.85,7,0.4059018455472576,-3.9157897403583624,8118036.910945152,20000000.0,5.000000000000001,5.000000000000001,1623607.38218903,62.104810172921255,1623607.38218903,62.104810172921255,51.92646603651186,51.924901537262485,,,,,,0.8352581930080026,-0.7817925569496167,16705163.860160053,20000000.0,5.000000000000001,5.000000000000001,3341032.77203201,65.23880735633001,3341032.77203201,65.23880735633001,24.307831631764586,24.303774507163403,1.0047811186395967,1.7369140756838473,0.05623197419962915,0.05626130487818498,0.003773496805816759,0.9967720947699714,-0.01404128848084392,19935441.89539943,20000000.0,5.000000000000001,5.000000000000001,3987088.379079885,66.00655862479879,3987088.379079885,66.00655862479879,3.2582877086421034,3.258993898448817,0.05462685834522736,0.0906624555070118,0.012174394466506148,0.036873470463579236,0.001550258674417615
518,17,25.900000000000002,8,0.4039363835218894,-3.936870271193333,8078727.670437788,20000000.0,5.000000000000001,5.000000000000001,1615745.5340875573,62.08372964208629,1615745.5340875573,62.08372964208629,52.05504166545529,52.05117715592587,,,,,,0.8375179948204011,-0.7700585298694308,16750359.896408021,20000000.0,5.000000000000001,5.000000000000001,3350071.979281604,65.2505413834102,3350071.979281604,65.2505413834102,24.125446283322365,24.127858551829327,0.9979435990109135,1.7286274901749628,0.056146988029421585,0.056198537436399444,0.0037609836981926,0.9967583817524764,-0.014101036630155323,19935167.63504953,20000000.0,5.000000000000001,5.000000000000001,3987033.5270099053,66.00649887664946,3987033.5270099053,66.00649887664946,3.265091812696098,3.265604721431815,0.05467660687028025,0.09084019807905118,0.012162477224969144,0.036853084832337915,0.0015463666539548356
519,17,25.950000000000003,9,0.4029018368015968,-3.948007526886153,8058036.7360319365,20000000.0,5.000000000000001,5.000000000000001,1611607.347206387,62.07259238639347,1611607.347206387,62.07259238639347,52.1189800208546,52.11995893035364,,,,,,0.837559408761587,-0.7698437834213434,16751188.17523174,20000000.0,5.000000000000001,5.000000000000001,3350237.6350463475,65.25075612985827,3350237.6350463475,65.25075612985827,24.12254544752686,24.12246613724386,0.997866898168778,1.7316394305647378,0.05612194901151266,0.05616754487858622,0.0037526485653181,0.9967634844977014,-0.01407880367518992,19935269.689954028,20000000.0,5.000000000000001,5.000000000000001,3987053.9379908047,66.00652110960444,3987053.9379908047,66.00652110960444,3.2625432075554217,3.26313772143166,0.05453000318978668,0.09064364176168825,0.012150272623304087,0.036833000432073534,0.0015425233647913957
520,17,26.0,10,0.4030920787829953,-3.9459573614274697,8061841.5756599065,20000000.0,5.000000000000001,5.000000000000001,1612368.315131981,62.07464255185215,1612368.315131981,62.07464255185215,52.10379426027778,52.107846889089025,,,,,,0.8363408118972463,-0.7761670992416085,16726816.237944925,20000000.0,5.000000000000001,5.000000000000001,3345363.2475889847,65.24443281403802,3345363.2475889847,65.24443281403802,24.22036992323281,24.223891603488102,1.0018069246066308,1.7357244713878366,0.05606948405350333,0.05611049308974161,0.0037417004153229585,0.9967583514070142,-0.014101168847423313,19935167.028140284,20000000.0,5.000000000000001,5.000000000000001,3987033.4056280563,66.00649874443219,3987033.4056280563,66.00649874443219,3.2650561627218835,3.2656638822939605,0.05447842029386081,0.09057558870791264,0.012139721101401154,0.03681286862971612,0.0015386840644517575
521,17,26.05,11,0.4035323808862557,-3.941216101959913,8070647.617725114,20000000.0,5.000000000000001,5.000000000000001,1614129.5235450226,62.07938381131971,1614129.5235450226,62.07938381131971,52.07831100582003,52.081646396462745,,,,,,0.8367089757407198,-0.7742557212369712,16734179.514814395,20000000.0,5.000000000000001,5.000000000000001,3346835.9029628783,65.24634419204264,3346835.9029628783,65.24634419204264,24.196412743519627,24.194877218243853,1.0004320526555175,1.7365748062038748,0.05602099674940586,0.056066850575346106,0.0037318046273733113,0.9967677005091695,-0.014060434356164098,19935354.01018339,20000000.0,5.000000000000001,5.000000000000001,3987070.8020366775,66.00653947892346,3987070.8020366775,66.00653947892346,3.260356093423519,3.2609216430544996,0.05427903528265452,0.09032979896029683,0.012128858519841957,0.036792543291842256,0.0015348765667375672
522,17,26.1,12,0.404163041680538,-3.9344340266647304,8083260.83361076,20000000.0,5.000000000000001,5.000000000000001,1616652.1667221517,62.08616588661489,1616652.1667221517,62.08616588661489,52.04519096519798,52.04930890975167,,,,,,0.8358553631390336,-0.7786886661009116,16717107.262780672,20000000.0,5.000000000000001,5.000000000000001,3343421.4525561337,65.2419112471787,3343421.4525561337,65.2419112471787,24.262428620901765,24.26074633458949,1.0043213420750572,1.7329422071380982,0.05594371042974093,0.056037536984431945,0.0037219576334829724,0.9967679991733078,-0.01405913306833433,19935359.983466156,20000000.0,5.000000000000001,5.000000000000001,3987071.9966932302,66.00654078021128,3987071.9966932302,66.00654078021128,3.260369620325316,3.2611491439424336,0.05442778198285032,0.09040073236347092,0.012116411355202637,0.036772181447138834,0.0015310481961328354
523,17,26.150000000000002,13,0.40501161913856965,-3.9253251738932677,8100232.382771392,20000000.0,5.000000000000001,5.000000000000001,1620046.4765542783,62.095274739386355,1620046.4765542783,62.095274739386355,51.99586591785403,51.99689631409583,,,,,,0.8361957375174853,-0.7769205058296533,16723914.750349706,20000000.0,5.000000000000001,5.000000000000001,3344782.9500699406,65.24367940744997,3344782.9500699406,65.24367940744997,24.23541461759451,24.236799546183974,1.0033809583942017,1.7338096156130978,0.05586801273783789,0.05598507462290438,0.0037106280731493343,0.9967660826225833,-0.014067483539104489,19935321.652451664,20000000.0,5.000000000000001,5.000000000000001,3987064.330490332,66.00653242974052,3987064.330490332,66.00653242974052,3.261349175156645,3.261948665379183,0.054526008845998994,0.09046310164563147,0.012104472882037424,0.036752287734191674,0.0015272761848057843
524,17,26.200000000000003,14,0.4058491760107303,-3.9163533143731244,8116983.520214605,20000000.0,5.000000000000001,5.000000000000001,1623396.7040429208,62.1042465989065,1623396.7040429208,62.1042465989065,51.94304025986501,51.94118545730096,,,,,,0.836529608045361,-0.7751868305405607,16730592.16090722,20000000.0,5.000000000000001,5.000000000000001,3346118.4321814436,65.24541308273906,3346118.4321814436,65.24541308273906,24.210388984712655,24.20999583845871,1.0020371562679022,1.7326375573966033,0.05583082970240059,0.05594547428713494,0.003701444809846148,0.9967722341373052,-0.014040681256182368,19935444.682746105,20000000.0,5.000000000000001,5.000000000000001,3987088.9365492202,66.00655923202345,3987088.9365492202,66.00655923202345,3.258187171561347,3.2587914885738973,0.054283185829152814,0.09028038692838863,0.01209227960600905,0.03673221658748872,0.0015234889630014248
525,17,26.25,15,0.4068991838816438,-3.9051318121099126,8137983.677632876,20000000.0,5.000000000000001,5.000000000000001,1627596.7355265748,62.11546810116971,1627596.7355265748,62.11546810116971,51.87389441831906,51.87847984400281,,,,,,0.8375511920714898,-0.7698863891235219,16751023.841429794,20000000.0,5.000000000000001,5.000000000000001,3350204.768285958,65.2507135241561,3350204.768285958,65.2507135241561,24.122639844193614,24.122890997180672,0.9958925351444702,1.7324184043617525,0.05579104825928173,0.05588551799094695,0.0036908896414098195,0.9967617959143048,-0.014086160917744728,19935235.918286096,20000000.0,5.000000000000001,5.000000000000001,3987047.1836572187,66.00651375236188,3987047.1836572187,66.00651375236188,3.26329764238577,3.2639361484181952,0.05416476150714922,0.09021641581780661,0.01208015909779133,0.03671144812639794,0.0015196759564798576
526,17,26.3,16,0.4067109445987632,-3.9071414056591927,8134218.891975264,20000000.0,5.000000000000001,5.000000000000001,1626843.7783950525,62.11345850762043,1626843.7783950525,62.11345850762043,51.88806126618216,51.89196144789561,,,,,,0.8358276188477421,-0.7788328225318036,16716552.376954842,20000000.0,5.000000000000001,5.000000000000001,3343310.475390968,65.24176709074781,3343310.475390968,65.24176709074781,24.262357526259105,24.265432787713475,1.003611737407728,1.7377895789724445,0.05573024385533949,0.055824939152934315,0.0036796577411785103,0.9967829956811136,-0.013993793374443321,19935659.91362227,20000000.0,5.000000000000001,5.000000000000001,3987131.9827244533,66.00660611990519,3987131.9827244533,66.00660611990519,3.2527918208644904,3.2535301602729993,0.053966491797253525,0.08993288856810702,0.012066864156373012,0.03669097785918997,0.0015158838578809544
527,17,26.35,17,0.40622015969672154,-3.9123852744084058,8124403.193934431,20000000.0,5.000000000000001,5.000000000000001,1624880.638786886,62.10821463887122,1624880.638786886,62.10821463887122,51.91951770664482,51.92236281568141,,,,,,0.8374038366000367,-0.7706505370224201,16748076.732000735,20000000.0,5.000000000000001,5.000000000000001,3349615.3464001464,65.2499493762572,3349615.3464001464,65.2499493762572,24.139074653275635,24.14121206217334,0.9979107093346935,1.729120631890316,0.055662237980873275,0.05575682244903213,0.003667724333402767,0.9967632159962942,-0.014079973548454838,19935264.319925886,20000000.0,5.000000000000001,5.000000000000001,3987052.863985176,66.00651993973118,3987052.863985176,66.00651993973118,3.262746875284749,3.2633739326637774,0.05417942870097432,0.09012143496730599,0.012051978170276468,0.03667020731170941,0.001512049991550223
528,17,26.400000000000002,18,0.4056396680886801,-3.9185958131368377,8112793.361773603,20000000.0,5.000000000000001,5.000000000000001,1622558.6723547203,62.10200410014279,1622558.6723547203,62.10200410014279,51.95283448340989,51.95340685749096,,,,,,0.8369465870957641,-0.7730225726331842,16738931.741915282,20000000.0,5.000000000000001,5.000000000000001,3347786.348383056,65.24757734064644,3347786.348383056,65.24757734064644,24.173937089687797,24.174481791993554,0.9998675225227235,1.7324988987495609,0.0555704444765977,0.055660427677895655,0.0036532021965144353,0.996768343913315,-0.014057631027166726,19935366.8782663,20000000.0,5.000000000000001,5.000000000000001,3987073.3756532595,66.00654228225245,3987073.3756532595,66.00654228225245,3.260013737927906,3.2607091964681785,0.05420340924775698,0.09007184002208476,0.012035980020505958,0.03664864108691447,0.0015081896967749644
529,17,26.450000000000003,19,0.40455244144486324,-3.9302517354758244,8091048.828897265,20000000.0,5.000000000000001,5.000000000000001,1618209.7657794526,62.090348177803804,1618209.7657794526,62.090348177803804,52.02603893861558,52.027439978694794,,,,,,0.8381151444325594,-0.7669631173195761,16762302.888651188,20000000.0,5.000000000000001,5.000000000000001,3352460.577730237,65.25363679596005,3352460.577730237,65.25363679596005,24.083887557673656,24.081608849702413,0.9956084663985362,1.7304002609778144,0.05548864145737502,0.05560975634285181,0.003642017534927232,0.9967701329969283,-0.014049835951727744,19935402.659938566,20000000.0,5.000000000000001,5.000000000000001,3987080.5319877127,66.00655007732789,3987080.5319877127,66.00655007732789,3.2592127907287107,3.2599336545631514,0.05421507300553167,0.08996435454174793,0.01201999767421578,0.03662819242559023,0.0015044000752104307
530,17,26.5,20,0.40429230569255153,-3.9330452388290893,8085846.11385103,20000000.0,5.000000000000001,5.000000000000001,1617169.2227702057,62.08755467445053,1617169.2227702057,62.08755467445053,52.0417097571324,52.0351860737995,,,,,,0.8373589038262139,-0.7708835736820195,16747178.076524278,20000000.0,5.000000000000001,5.000000000000001,3349435.615304855,65.2497163395976,3349435.615304855,65.2497163395976,24.14228537886749,24.144067809973773,0.9984067701026943,1.730689291720643,0.05544115838156832,0.05556274458046775,0.0036322389842695186,0.9967686200056695,-0.014056428085980363,19935372.40011339,20000000.0,5.000000000000001,5.000000000000001,3987074.480022677,66.00654348519365,3987074.480022677,66.00654348519365,3.260043426023227,3.26073017744217,0.054183375999654726,0.09003648748983642,0.012005748122371606,0.03660740401679911,0.001500634431112508
531,17,26.55,21,0.4054654909833208,-3.9204610252131786,8109309.819666415,20000000.0,5.000000000000001,5.000000000000001,1621861.9639332828,62.10013888806644,1621861.9639332828,62.10013888806644,51.957957978709146,51.95231799140855,,,,,,0.8385130217827658,-0.7649018858027201,16770260.435655314,20000000.0,5.000000000000001,5.000000000000001,3354052.0871310625,65.25569802747691,3354052.0871310625,65.25569802747691,24.05656378664738,24.054959756284966,0.9941235267422185,1.7326818307324339,0.055400914706553575,0.05551305703590369,0.003622568190421932,0.9967868159072917,-0.013977148829174694,19935736.318145834,20000000.0,5.000000000000001,5.000000000000001,3987147.263629166,66.00662276445044,3987147.263629166,66.00662276445044,3.2508143130297524,3.2515003154517323,0.05394718790962784,0.08979077387745704,0.011991708775840857,0.036586647270567804,0.0014968946631008706
532,17,26.6,22,0.40660447758511165,-3.9082784316035317,8132089.551702233,20000000.0,5.000000000000001,5.000000000000001,1626417.9103404463,62.11232148167609,1626417.9103404463,62.11232148167609,51.88598790558378,51.886934569803955,,,,,,0.8366183768456752,-0.7747260010081353,16732367.536913505,20000000.0,5.000000000000001,5.000000000000001,3346473.5073827,65.24587391227149,3346473.5073827,65.24587391227149,24.20408149946839,24.205050732216204,1.0011220932163203,1.7325199673982445,0.055397248692144754,0.05546783385356048,0.0036143874110370956,0.9967595911363873,-0.01409576726447965,19935191.822727747,20000000.0,5.000000000000001,5.000000000000001,3987038.364545549,66.00650414601515,3987038.364545549,66.00650414601515,3.2645387697403683,3.2651566224897692,0.05433110634814903,0.0899656449208756,0.01197923796996016,0.0365661056435259,0.0014931553974400526
533,17,26.650000000000002,23,0.4068289915054592,-3.9058810589136077,8136579.830109185,20000000.0,5.000000000000001,5.000000000000001,1627315.9660218367,62.11471885436602,1627315.9660218367,62.11471885436602,51.87893600047793,51.8791408632589,,,,,,0.8379367067603122,-0.7678878440415837,16758734.135206243,20000000.0,5.000000000000001,5.000000000000001,3351746.827041248,65.25271206923803,3351746.827041248,65.25271206923803,24.09426681959367,24.092879080919356,0.9969883250257583,1.733031091181933,0.05534919383169361,0.05544274948775507,0.0036061147393822574,0.9967758380625492,-0.014024978952651354,19935516.761250984,20000000.0,5.000000000000001,5.000000000000001,3987103.352250196,66.00657493432698,3987103.352250196,66.00657493432698,3.256335636202266,3.2568741787057127,0.05412938267474302,0.08997681958754813,0.011967601027702567,0.036545893927114506,0.001489497864098107
534,17,26.700000000000003,24,0.40640998330119826,-3.9103563232017837,8128199.666023965,20000000.0,5.000000000000001,5.000000000000001,1625639.9332047927,62.110243590077836,1625639.9332047927,62.110243590077836,51.9149272419683,51.918881850512115,,,,,,0.8353561415782444,-0.7812833008905202,16707122.831564888,20000000.0,5.000000000000001,5.000000000000001,3341424.566312977,65.2393166123891,3341424.566312977,65.2393166123891,24.30265929742016,24.301432288614848,1.0041705040932463,1.7347538844785728,0.05527199471301523,0.055376863431727694,0.003594278372000461,0.9967754691768084,-0.014026586185343273,19935509.383536167,20000000.0,5.000000000000001,5.000000000000001,3987101.8767072326,66.00657332709429,3987101.8767072326,66.00657332709429,3.256444497386828,3.2571467939275784,0.05398392981127505,0.08980312280253525,0.011955760944405175,0.0365252309274335,0.0014858204086346757
535,17,26.75,25,0.40614186864746415,-3.9132223733764477,8122837.372949283,20000000.0,5.000000000000001,5.000000000000001,1624567.4745898563,62.10737753990317,1624567.4745898563,62.10737753990317,51.93364931683668,51.9340854734415,,,,,,0.8369085871047506,-0.7732197603787758,16738171.742095012,20000000.0,5.000000000000001,5.000000000000001,3347634.348419002,65.24738015290085,3347634.348419002,65.24738015290085,24.169998939299493,24.170332167000947,0.9994539657064252,1.7310566716581337,0.05524173636485127,0.05532300720458172,0.0035847670347174078,0.9967766715316047,-0.014021347535772468,19935533.430632092,20000000.0,5.000000000000001,5.000000000000001,3987106.6861264175,66.00657856574385,3987106.6861264175,66.00657856574385,3.255771444305774,3.2564114083670943,0.054072566469243265,0.08972219028732027,0.011943827177959023,0.036504479267687,0.0014821617481518964
536,17,26.8,26,0.4058496328473666,-3.9163484258201753,8116992.6569473315,20000000.0,5.000000000000001,5.000000000000001,1623398.531389466,62.10425148745945,1623398.531389466,62.10425148745945,51.949346405567475,51.950281997425805,,,,,,0.8365842678933537,-0.7749030665874344,16731685.357867073,20000000.0,5.000000000000001,5.000000000000001,3346337.071573414,65.24569684669218,3346337.071573414,65.24569684669218,24.211992516724298,24.21061044658039,1.001802498057775,1.7317745492287149,0.05518109553363113,0.05526144203183721,0.0035738099105269614,0.996766332626653,-0.014066394262731274,19935326.65253306,20000000.0,5.000000000000001,5.000000000000001,3987065.3305066116,66.0065335190169,3987065.3305066116,66.0065335190169,3.2610962842869555,3.2618789232025494,0.05403090991604893,0.08963450637155415,0.011930830607913036,0.03648375108120325,0.0014785024643940517
537,17,26.85,27,0.40549260251164476,-3.920170643077631,8109852.050232895,20000000.0,5.000000000000001,5.000000000000001,1621970.4100465786,62.100429270201985,1621970.4100465786,62.100429270201985,51.96401180793367,51.96575619846161,,,,,,0.8362653395642604,-0.7765590291379053,16725306.791285207,20000000.0,5.000000000000001,5.000000000000001,3345061.358257041,65.24404088414171,3345061.358257041,65.24404088414171,24.227872698663383,24.226504400580083,1.0029100179824137,1.7315047545246802,0.05513015256070025,0.05522281409635184,0.003564706801517042,0.9967701185198266,-0.014049899028712468,19935402.370396532,20000000.0,5.000000000000001,5.000000000000001,3987080.474079306,66.0065500142509,3987080.474079306,66.0065500142509,3.2592499040075227,3.2598408092917657,0.053824392156565905,0.08941664680496457,0.01191983153038317,0.036463554027722736,0.0014749115434770017
538,17,26.900000000000002,28,0.40494508420568603,-3.9260386874465443,8098901.68411372,20000000.0,5.000000000000001,5.000000000000001,1619780.3368227438,62.09456122583308,1619780.3368227438,62.09456122583308,51.99337706339337,52.00192014941929,,,,,,0.83849789888978,-0.7649802131277643,16769957.9777956,20000000.0,5.000000000000001,5.000000000000001,3353991.5955591197,65.25561970015187,3353991.5955591197,65.25561970015187,24.054614298040903,24.053976469951856,0.9944744399865589,1.7280764591661668,0.05506127391035045,0.055167108138045796,0.0035539225638679915,0.9967648862502947,-0.014072696178299373,19935297.725005895,20000000.0,5.000000000000001,5.000000000000001,3987059.545001178,66.00652721710132,3987059.545001178,66.00652721710132,3.2619579020314324,3.262566903945295,0.05410650303129194,0.0895991397124277,0.01190782089395023,0.036442976035446925,0.0014713107783577077
539,17,26.950000000000003,29,0.40404711591263914,-3.935679888800492,8080942.318252782,20000000.0,5.000000000000001,5.000000000000001,1616188.4636505563,62.08492002447913,1616188.4636505563,62.08492002447913,52.05047242482307,52.05252425960183,,,,,,0.8371399866122593,-0.7720191317776226,16742799.732245186,20000000.0,5.000000000000001,5.000000000000001,3348559.9464490367,65.248580781502,3348559.9464490367,65.248580781502,24.161895251161106,24.162289805511534,0.9990518836032674,1.7334473656844362,0.05504759404174141,0.055139446887448464,0.0035467556867232117,0.9967706983715718,-0.014047372605263637,19935413.967431437,20000000.0,5.000000000000001,5.000000000000001,3987082.793486287,66.00655254067436,3987082.793486287,66.00655254067436,3.2589572408351692,3.259828192696068,0.05394839693116428,0.08954461127728004,0.011895106697503984,0.03642282208135952,0.001467765062438681
540,18,27.0,0,0.40326683426684246,-3.944074940528361,8065336.685336849,20000000.0,5.000000000000001,5.000000000000001,1613067.3370673694,62.076524972751265,1613067.3370673694,62.076524972751265,52.10405181120361,52.10434075938292,,,,,,0.8371014196904553,-0.7722192152454355,16742028.393809106,20000000.0,5.000000000000001,5.000000000000001,3348405.678761821,65.2483806980342,3348405.678761821,65.2483806980342,24.15489225037298,24.156405883527356,0.9989741513656492,1.7353688095193238,0.05500322257706837,0.05509076548632156,0.0035372466153327877,0.9967765109772254,-0.014022047069464966,19935530.219544508,20000000.0,5.000000000000001,5.000000000000001,3987106.0439089006,66.00657786621015,3987106.0439089006,66.00657786621015,3.2559645010556,3.256624054020933,0.05379913202807092,0.08941631205777004,0.011883305624565356,0.03640234276136572,0.0014642263193282445
541,18,27.05,1,0.4035599595641301,-3.9409193015314266,8071199.191282602,20000000.0,5.000000000000001,5.000000000000001,1614239.8382565202,62.0796806117482,1614239.8382565202,62.0796806117482,52.08616669748907,52.087307971880286,,,,,,0.8359517327576176,-0.7781879768321172,16719034.65515235,20000000.0,5.000000000000001,5.000000000000001,3343806.9310304695,65.24241193644751,3343806.9310304695,65.24241193644751,24.254394639310014,24.253449578157948,1.0043703434911404,1.734943355365596,0.054911785855065974,0.05501116459191326,0.003524342986463865,0.9967726603888486,-0.014038824075100494,19935453.20777697,20000000.0,5.000000000000001,5.000000000000001,3987090.6415553936,66.00656108920452,3987090.6415553936,66.00656108920452,3.2579697993381145,3.2586122782747244,0.05379293955980972,0.0893546437945153,0.011871480559844,0.03638198586238935,0.0014606958447280541
542,18,27.1,2,0.4048984647064847,-3.9265386998576273,8097969.294129694,20000000.0,5.000000000000001,5.000000000000001,1619593.8588259385,62.094061213421995,1619593.8588259385,62.094061213421995,51.99665726691171,52.003155614855395,,,,,,0.8369052957644072,-0.7732368400668322,16738105.915288145,20000000.0,5.000000000000001,5.000000000000001,3347621.1830576286,65.2473630732128,3347621.1830576286,65.2473630732128,24.1729233585354,24.173307149577134,1.000183057551078,1.733550984752481,0.05482645304178191,0.05494701325956515,0.0035126537205087903,0.9967734731552977,-0.014035282847957568,19935469.463105954,20000000.0,5.000000000000001,5.000000000000001,3987093.8926211903,66.00656463043167,3987093.8926211903,66.00656463043167,3.2575890971230796,3.2582596479942554,0.053811122986515594,0.08937927724530174,0.01185877971344913,0.03636140377915849,0.0014571832222000025
543,18,27.150000000000002,3,0.4063079854892919,-3.9114464205986854,8126159.709785839,20000000.0,5.000000000000001,5.000000000000001,1625231.9419571673,62.10915349268093,1625231.9419571673,62.10915349268093,51.90167416868335,51.901437994208244,,,,,,0.8348595065986295,-0.7838660313033147,16697190.13197259,20000000.0,5.000000000000001,5.000000000000001,3339438.0263945176,65.2367338819763,3339438.0263945176,65.2367338819763,24.3430303017078,24.34145671349089,1.0070864129040051,1.7367444766503433,0.05477916400843784,0.054887646021494506,0.003502523864044201,0.9967793972478988,-0.014009471636575973,19935587.944957975,20000000.0,5.000000000000001,5.000000000000001,3987117.5889915945,66.00659044164304,3987117.5889915945,66.00659044164304,3.25454236118187,3.2550630971253356,0.05386051044189057,0.08932650524047886,0.01184596351769919,0.03634084984787213,0.001453664497710339
544,18,27.200000000000003,4,0.4064599102869585,-3.90982283033627,8129198.20573917,20000000.0,5.000000000000001,5.000000000000001,1625839.6411478338,62.11077708294336,1625839.6411478338,62.11077708294336,51.89718370022937,51.89709222552034,,,,,,0.8371786017786106,-0.7718188072541611,16743572.035572212,20000000.0,5.000000000000001,5.000000000000001,3348714.407114442,65.24878110602546,3348714.407114442,65.24878110602546,24.156765840821624,24.155636307474534,0.9985392919946647,1.7352611076553999,0.05469914698382938,0.054822097911115766,0.003490972521201061,0.9967707999162677,-0.014046930173529735,19935415.998325355,20000000.0,5.000000000000001,5.000000000000001,3987083.1996650705,66.0065529831061,3987083.1996650705,66.0065529831061,3.2587754712787613,3.259405704036358,0.053957971658084025,0.08939438362041359,0.011833459191815106,0.036320146264056094,0.001450154155655693
545,18,27.25,5,0.4056798277008905,-3.91816586912383,8113596.55401781,20000000.0,5.000000000000001,5.000000000000001,1622719.3108035617,62.10243404415579,1622719.3108035617,62.10243404415579,51.95684848944582,51.95619864864388,,,,,,0.8358352082187716,-0.778793388479603,16716704.16437543,20000000.0,5.000000000000001,5.000000000000001,3343340.8328750855,65.24180652480001,3343340.8328750855,65.24180652480001,24.263459729465815,24.26409775392361,1.0030686556903796,1.7346900515749142,0.05467853554046955,0.05477209335269746,0.003482364257357319,0.9967714259648662,-0.014044202471570781,19935428.519297324,20000000.0,5.000000000000001,5.000000000000001,3987085.7038594643,66.00655571080806,3987085.7038594643,66.00655571080806,3.258591285763515,3.259344917939739,0.053882510188272704,0.0893205409079367,0.011822293445317609,0.03630011014406845,0.0014466854042513874
546,18,27.3,6,0.40491070641877913,-3.9264073971189455,8098214.128375582,20000000.0,5.000000000000001,5.000000000000001,1619642.8256751162,62.09419251616068,1619642.8256751162,62.09419251616068,52.004572395376385,52.00150105666175,,,,,,0.8370541834757553,-0.7724642871773015,16741083.669515107,20000000.0,5.000000000000001,5.000000000000001,3348216.7339030206,65.24813562610233,3348216.7339030206,65.24813562610233,24.169944461231363,24.170852244989245,0.9998248474552668,1.730505238608524,0.05457798033358655,0.05472696183409811,0.003471529939032257,0.9967655880789195,-0.014069638283745915,19935311.76157839,20000000.0,5.000000000000001,5.000000000000001,3987062.352315677,66.00653027499588,3987062.352315677,66.00653027499588,3.2615216370465547,3.2623361240289612,0.05383438382459684,0.08923155058844902,0.011810659384009721,0.036279476275111286,0.0014432402029094006
547,18,27.35,7,0.4043150295894557,-3.9328011435159556,8086300.591789114,20000000.0,5.000000000000001,5.000000000000001,1617260.1183578225,62.087798769763666,1617260.1183578225,62.087798769763666,52.03628889658313,52.02908342003235,,,,,,0.8379840424828117,-0.767642514504454,16759680.849656234,20000000.0,5.000000000000001,5.000000000000001,3351936.169931246,65.25295739877518,3351936.169931246,65.25295739877518,24.08896913293197,24.087202382750473,0.9960918220894227,1.7253912346932858,0.054503446246314466,0.05467709775909385,0.0034612626829357966,0.9967656956048708,-0.014069169789193346,19935313.912097417,20000000.0,5.000000000000001,5.000000000000001,3987062.7824194827,66.00653074349043,3987062.7824194827,66.00653074349043,3.2614311702015106,3.2619534874697593,0.0537144759464977,0.08917466601429389,0.011797768757914268,0.03625918022735709,0.0014397996750511784
548,18,27.400000000000002,8,0.4038607348765542,-3.9376836880421995,8077214.6975310845,20000000.0,5.000000000000001,5.000000000000001,1615442.9395062167,62.082916225237426,1615442.9395062167,62.082916225237426,52.054620069323356,52.04996638285593,,,,,,0.8370668380401065,-0.7723986311417095,16741336.760802131,20000000.0,5.000000000000001,5.000000000000001,3348267.352160426,65.24820128213791,3348267.352160426,65.24820128213791,24.17356038721629,24.17735325480203,0.9995022809993044,1.7237708240571528,0.054412101609469146,0.054605211617392846,0.0034491065749438993,0.9967714810178686,-0.014043962604998945,19935429.620357372,20000000.0,5.000000000000001,5.000000000000001,3987085.9240714735,66.00655595067462,3987085.9240714735,66.00655595067462,3.2585492606693642,3.2593185213139657,0.0539865566753643,0.0892887168709512,0.011784302186677474,0.03623878798265231,0.0014363438762165378
549,18,27.450000000000003,9,0.40348887992063986,-3.9416842985306904,8069777.598412797,20000000.0,5.000000000000001,5.000000000000001,1613955.5196825592,62.07891561474894,1613955.5196825592,62.07891561474894,52.069631418613525,52.067729321336834,,,,,,0.8367476370288351,-0.7740550541391016,16734952.740576703,20000000.0,5.000000000000001,5.000000000000001,3346990.54811534,65.24654485914053,3346990.54811534,65.24654485914053,24.188840621959706,24.1892766815486,0.9998062290274821,1.7305679792909712,0.054428675698388905,0.05454959896560113,0.003441401458910138,0.9967736309351107,-0.014034595400924109,19935472.618702214,20000000.0,5.000000000000001,5.000000000000001,3987094.523740442,66.0065653178787,3987094.523740442,66.0065653178787,3.2574985704755397,3.258227435553627,0.05351141339760359,0.08900039335934669,0.011772405857196763,0.03621809889361954,0.0014329184408711534
550,18,27.5,10,0.40266130075616846,-3.9506010785387184,8053226.015123369,20000000.0,5.000000000000001,5.000000000000001,1610645.2030246735,62.0699988347409,1610645.2030246735,62.0699988347409,52.12454681259076,52.12441671130881,,,,,,0.8380316697743677,-0.7673956878218031,16760633.395487353,20000000.0,5.000000000000001,5.000000000000001,3352126.67909747,65.25320422545782,3352126.67909747,65.25320422545782,24.089801732735275,24.091612310506463,0.995960110316855,1.7317400044312912,0.05439809128358607,0.05447909768871526,0.0034313065349103897,0.9967714931699577,-0.014043909658207092,19935429.863399155,20000000.0,5.000000000000001,5.000000000000001,3987085.97267983,66.00655600362143,3987085.97267983,66.00655600362143,3.2584686876180546,3.259154795316588,0.05359738724681697,0.0890666932631032,0.011761733632538598,0.036197718758421704,0.0014295182803879469
551,18,27.55,11,0.402023077469973,-3.957490162433909,8040461.54939946,20000000.0,5.000000000000001,5.000000000000001,1608092.3098798916,62.06310975084571,1608092.3098798916,62.06310975084571,52.17589923056482,52.17729325482149,,,,,,0.83581709661144,-0.7788874962207892,16716341.9322288,20000000.0,5.000000000000001,5.000000000000001,3343268.3864457593,65.24171241705884,3343268.3864457593,65.24171241705884,24.264115789989212,24.265313540507385,1.0030217693833772,1.733493387458885,0.0543204271327814,0.05440996951290326,0.0034198404082776543,0.9967687715563723,-0.01405576777597799,19935375.431127448,20000000.0,5.000000000000001,5.000000000000001,3987075.0862254887,66.00654414550364,3987075.0862254887,66.00654414550364,3.25988819074029,3.2605695179621295,0.0535102622450387,0.08902230431005506,0.011750678485158662,0.036177225023783434,0.0014261192527573506
552,18,27.6,12,0.4025541978591574,-3.951756401493184,8051083.957183148,20000000.0,5.000000000000001,5.000000000000001,1610216.7914366294,62.06884351178644,1610216.7914366294,62.06884351178644,52.14945293395046,52.148254725406204,,,,,,0.8368324728170179,-0.7736147559485282,16736649.456340358,20000000.0,5.000000000000001,5.000000000000001,3347329.891268071,65.2469851573311,3347329.891268071,65.2469851573311,24.178153559756357,24.178190749272552,0.9986659739109509,1.7219555892960188,0.05424036444852979,0.05436164187278274,0.003409655407036731,0.9967664586699281,-0.014065845087928937,19935329.17339856,20000000.0,5.000000000000001,5.000000000000001,3987065.8346797116,66.0065340681917,3987065.8346797116,66.0065340681917,3.2611195213714863,3.2618643113093446,0.053605242343498616,0.0891115935311703,0.011739341985152035,0.03615697529238922,0.0014227442546700764
553,18,27.650000000000002,13,0.40519828472283864,-3.9233240175445916,8103965.694456773,20000000.0,5.000000000000001,5.000000000000001,1620793.1388913542,62.09727589573503,1620793.1388913542,62.09727589573503,51.97673111293311,51.97676665427848,,,,,,0.835267850270769,-0.7817423440727012,16705357.00541538,20000000.0,5.000000000000001,5.000000000000001,3341071.4010830754,65.23885756920693,3341071.4010830754,65.23885756920693,24.308702164941966,24.308864322480467,1.005754200875187,1.7367886711143647,0.05422301996100902,0.054309763027297966,0.0034012234880525945,0.9967781045772579,-0.014015103776363575,19935562.091545157,20000000.0,5.000000000000001,5.000000000000001,3987112.4183090306,66.00658480950327,3987112.4183090306,66.00658480950327,3.2551230482361446,3.255905296660983,0.05354556857305494,0.08896304773622297,0.01172810663136169,0.03613605734315074,0.0014193248257854875
554,18,27.700000000000003,14,0.40740169004374643,-3.8997717372772787,8148033.800874929,20000000.0,5.000000000000001,5.000000000000001,1629606.7601749855,62.12082817600234,1629606.7601749855,62.12082817600234,51.84007826873942,51.843967872725806,,,,,,0.836371420306661,-0.7760081590120316,16727428.40613322,20000000.0,5.000000000000001,5.000000000000001,3345485.6812266433,65.24459175426759,3345485.6812266433,65.24459175426759,24.221399268320422,24.22023623401942,1.0014352159933937,1.7246675352052985,0.05417140361987388,0.05425203344429232,0.0033914108015515284,0.9967737977460218,-0.01403386860549238,19935475.954920437,20000000.0,5.000000000000001,5.000000000000001,3987095.1909840866,66.00656604467413,3987095.1909840866,66.00656604467413,3.2573557565323945,3.257995773209848,0.05349173835713037,0.08881102709067049,0.011717169757928757,0.036115430399965606,0.0014159456340642647
555,18,27.75,15,0.4083627317861146,-3.8895389958752125,8167254.635722292,20000000.0,5.000000000000001,5.000000000000001,1633450.927144458,62.13106091740441,1633450.927144458,62.13106091740441,51.79107430900407,51.788779661518596,,,,,,0.8342536355709851,-0.7870189206906171,16685072.711419702,20000000.0,5.000000000000001,5.000000000000001,3337014.5422839397,65.23358099258901,3337014.5422839397,65.23358099258901,24.39309401109741,24.39071965101065,1.009617227571023,1.7352083356901953,0.05422168139948149,0.05422162904716353,0.003386487219894816,0.9967693730081085,-0.014053147237506008,19935387.46016217,20000000.0,5.000000000000001,5.000000000000001,3987077.4920324334,66.0065467660421,3987077.4920324334,66.0065467660421,3.259576523468276,3.260148856736457,0.05350349744988209,0.08881244611285652,0.011709534137246604,0.0360950349129817,0.0014126310513945565
556,18,27.8,16,0.4088225133961674,-3.8846519610596837,8176450.267923348,20000000.0,5.000000000000001,5.000000000000001,1635290.0535846693,62.13594795221994,1635290.0535846693,62.13594795221994,51.767936335038215,51.765404455338754,,,,,,0.835562586813486,-0.7802101424488388,16711251.736269722,20000000.0,5.000000000000001,5.000000000000001,3342250.347253944,65.24038977083079,3342250.347253944,65.24038977083079,24.284460512789966,24.28463690750292,1.0035752914517895,1.735027676337038,0.05416664021264426,0.05417074388421822,0.0033770350431113804,0.9967741918652527,-0.014032151427796217,19935483.837305054,20000000.0,5.000000000000001,5.000000000000001,3987096.7674610103,66.00656776185183,3987096.7674610103,66.00656776185183,3.2572165000859163,3.257960984531528,0.05352660885615838,0.0888311755128979,0.011702122091634851,0.036074681519754584,0.0014093189273780686
557,18,27.85,17,0.4088211999016662,-3.8846659144089135,8176423.998033324,20000000.0,5.000000000000001,5.000000000000001,1635284.7996066646,62.13593399887071,1635284.7996066646,62.13593399887071,51.77009076266076,51.76597209062269,,,,,,0.8385364049661979,-0.7647807780121854,16770728.099323958,20000000.0,5.000000000000001,5.000000000000001,3354145.619864791,65.25581913526744,3354145.619864791,65.25581913526744,24.041529778708664,24.04146651802421,0.9941392459503848,1.7217291604122802,0.05410836587101292,0.05411217845749383,0.0033670574141858563,0.9967800746717291,-0.014006520117591152,19935601.493434582,20000000.0,5.000000000000001,5.000000000000001,3987120.2986869155,66.00659339316203,3987120.2986869155,66.00659339316203,3.254183629523786,3.2548107635225656,0.05345682351088697,0.08871781697533304,0.011694238539217996,0.03605414048267668,0.0014060144856990542
558,18,27.900000000000002,18,0.4082626742551823,-3.8906032398591184,8165253.485103646,20000000.0,5.000000000000001,5.000000000000001,1633050.697020729,62.12999667342051,1633050.697020729,62.12999667342051,51.80140169093987,51.795344517563635,,,,,,0.8379847805795165,-0.767638689238475,16759695.611590331,20000000.0,5.000000000000001,5.000000000000001,3351939.1223180657,65.25296122404116,3351939.1223180657,65.25296122404116,24.08755362727512,24.085325898408453,0.9959530817377867,1.7237386454138193,0.05405575517357077,0.05405419466444509,0.0033572912471158517,0.9967757625345841,-0.014025308027438928,19935515.250691682,20000000.0,5.000000000000001,5.000000000000001,3987103.0501383357,66.00657460525218,3987103.0501383357,66.00657460525218,3.2563278744439375,3.2570854797934814,0.053324424986511756,0.08851237681710887,0.011687082919233356,0.03603362928312444,0.0014027580954134528
559,18,27.950000000000003,19,0.4075098884019681,-3.8986184845454326,8150197.7680393625,20000000.0,5.000000000000001,5.000000000000001,1630039.5536078722,62.12198142873419,1630039.5536078722,62.12198142873419,51.840026535458684,51.83448508847171,,,,,,0.8374134833826099,-0.7706005071548074,16748269.667652199,20000000.0,5.000000000000001,5.000000000000001,3349653.933530439,65.24999940612481,3349653.933530439,65.24999940612481,24.13681070671654,24.13558951892022,0.9980942085892626,1.7319675228946498,0.05403046318306133,0.054013061716126985,0.0033494313271111497,0.9967723991537981,-0.014039962278025581,19935447.98307596,20000000.0,5.000000000000001,5.000000000000001,3987089.5966151915,66.00655995100159,3987089.5966151915,66.00655995100159,3.258113576261086,3.2589044653965997,0.053461686102588224,0.08866826662807983,0.011680324571781862,0.0360131601134112,0.001399517001486367
560,18,28.0,20,0.40606668615604996,-3.914026387100683,8121333.7231209995,20000000.0,5.000000000000001,5.000000000000001,1624266.7446241996,62.10657352617894,1624266.7446241996,62.10657352617894,51.92509716985008,51.920695012030265,,,,,,0.8363174528023148,-0.776288399883177,16726349.056046298,20000000.0,5.000000000000001,5.000000000000001,3345269.811209259,65.24431151339644,3345269.811209259,65.24431151339644,24.22446159572198,24.221600690474745,1.0008127345598647,1.7339490229682497,0.05396755528956819,0.053959607496795126,0.0033397251467794735,0.9967755842398528,-0.014026084856368732,19935511.684797056,20000000.0,5.000000000000001,5.000000000000001,3987102.3369594105,66.00657382842326,3987102.3369594105,66.00657382842326,3.256444766065747,3.257334947186223,0.05335541662843475,0.08869038003986056,0.011673253665417908,0.0359925920965606,0.0013962748682881728
561,18,28.05,21,0.40441235711709717,-3.9317558269088804,8088247.142341943,20000000.0,5.000000000000001,5.000000000000001,1617649.4284683885,62.08884408637075,1617649.4284683885,62.08884408637075,52.029618403692815,52.026455710649444,,,,,,0.8370275175382567,-0.7726026420676803,16740550.350765133,20000000.0,5.000000000000001,5.000000000000001,3348110.070153026,65.24799727121194,3348110.070153026,65.24799727121194,24.164059575836873,24.163049305616386,0.9991736962216121,1.736964356009619,0.053920484133996284,0.05391397480753908,0.003331001781194358,0.9967748141977023,-0.014029439926368991,19935496.283954047,20000000.0,5.000000000000001,5.000000000000001,3987099.2567908084,66.00657047335325,3987099.2567908084,66.00657047335325,3.256885843408932,3.2576252787174824,0.05333365796935059,0.08860588226947295,0.011665948441096693,0.0359722355484301,0.0013930487452925998
562,18,28.1,22,0.40302505423569507,-3.9466795490580098,8060501.084713901,20000000.0,5.000000000000001,5.000000000000001,1612100.21694278,62.07392036422162,1612100.21694278,62.07392036422162,52.11942691739445,52.1188874562428,,,,,,0.8374185057636588,-0.7705744604541269,16748370.115273178,20000000.0,5.000000000000001,5.000000000000001,3349674.023054635,65.2500254528255,3349674.023054635,65.2500254528255,24.136006661483794,24.134942039964834,0.9976074243627628,1.7329456784140174,0.05390938391370219,0.05388109865652867,0.0033242128532850065,0.996773237982924,-0.01403630749477038,19935464.759658482,20000000.0,5.000000000000001,5.000000000000001,3987092.9519316955,66.00656360578485,3987092.9519316955,66.00656360578485,3.257622590366418,3.258604852863003,0.05360381749688118,0.08873695718927864,0.011658879084239088,0.03595161786415869,0.0013898523947971809
563,18,28.150000000000002,23,0.4027188974034228,-3.9499799084086735,8054377.948068457,20000000.0,5.000000000000001,5.000000000000001,1610875.589613691,62.07062000487095,1610875.589613691,62.07062000487095,52.13828488702411,52.13519559261293,,,,,,0.8368388410965657,-0.7735817063450147,16736776.821931314,20000000.0,5.000000000000001,5.000000000000001,3347355.3643862624,65.24701820693461,3347355.3643862624,65.24701820693461,24.1823906365941,24.18409690441987,1.0004575240990197,1.7330159038693136,0.05386469349429042,0.05382603123071348,0.0033150386570594006,0.9967746605586281,-0.014030109331397483,19935493.211172562,20000000.0,5.000000000000001,5.000000000000001,3987098.6422345117,66.00656980394822,3987098.6422345117,66.00656980394822,3.2569108032668113,3.257656952224552,0.053471684003091345,0.08869840612721683,0.011653599264089704,0.035931329461472566,0.00138668344653007
564,18,28.200000000000003,24,0.40366380898550025,-3.93980186092435,8073276.179710005,20000000.0,5.000000000000001,5.000000000000001,1614655.2359420008,62.08079805235528,1614655.2359420008,62.08079805235528,52.07013566965982,52.065003616388275,,,,,,0.836874921707624,-0.7733944627357789,16737498.43415248,20000000.0,5.000000000000001,5.000000000000001,3347499.6868304955,65.24720545054385,3347499.6868304955,65.24720545054385,24.176253657079638,24.176429953196838,0.999381958723607,1.726319542227483,0.053803135367046805,0.05377128900874353,0.003305412408622507,0.9967718900829244,-0.014042180304206685,19935437.80165849,20000000.0,5.000000000000001,5.000000000000001,3987087.560331697,66.00655773297541,3987087.560331697,66.00655773297541,3.2583385320351126,3.2592754872977197,0.05321831260964076,0.08828785890576601,0.01164827379911177,0.035910964347310795,0.0013835112765677206
565,18,28.25,25,0.4042957653537409,-3.9330080749920846,8085915.307074818,20000000.0,5.000000000000001,5.000000000000001,1617183.0614149633,62.08759183828754,1617183.0614149633,62.08759183828754,52.030682307186886,52.02616831626083,,,,,,0.8353609971701699,-0.7812580571585841,16707219.943403397,20000000.0,5.000000000000001,5.000000000000001,3341443.988680679,65.23934185612104,3341443.988680679,65.23934185612104,24.30535456288633,24.305404308664556,1.006365110565044,1.7356799877597022,0.05371365822515978,0.05372473848364778,0.0032954344582107873,0.9967695972941432,-0.014052170018714097,19935391.945882864,20000000.0,5.000000000000001,5.000000000000001,3987078.389176572,66.00654774326091,3987078.389176572,66.00654774326091,3.259476683100696,3.2602741315866206,0.053107347441244124,0.08824384270306765,0.011641907390296352,0.03589045604515491,0.0013803387561468075
566,18,28.3,26,0.4043668285336712,-3.9322447814448642,8087336.570673424,20000000.0,5.000000000000001,5.000000000000001,1617467.3141346844,62.08835513183476,1617467.3141346844,62.08835513183476,52.03465257486765,52.028956833156215,,,,,,0.8372454319279876,-0.7714721332393313,16744908.638559753,20000000.0,5.000000000000001,5.000000000000001,3348981.72771195,65.24912778004028,3348981.72771195,65.24912778004028,24.148248685425397,24.147890960897165,0.9993072639475592,1.7318792338557543,0.05368226681981606,0.053663683652021156,0.00328632159613586,0.996774045905224,-0.014032787375638912,19935480.91810448,20000000.0,5.000000000000001,5.000000000000001,3987096.1836208953,66.00656712590398,3987096.1836208953,66.00656712590398,3.257224237149321,3.2579188457227013,0.053305566521889336,0.08853835689460561,0.01163550558821189,0.03586986284064449,0.0013771546519142175
567,18,28.35,27,0.4043950120566749,-3.9319420978138675,8087900.241133498,20000000.0,5.000000000000001,5.000000000000001,1617580.0482266992,62.08865781546575,1617580.0482266992,62.08865781546575,52.03633947153507,52.0352334967548,,,,,,0.837042500931121,-0.7725249009365502,16740850.018622419,20000000.0,5.000000000000001,5.000000000000001,3348170.0037244833,65.24807501234308,3348170.0037244833,65.24807501234308,24.161598237353687,24.162249192584294,0.9998303304323786,1.7299725796232646,0.0536361807283504,0.05363359765024054,0.0032787318910674464,0.9967683343025964,-0.014057672901310592,19935366.686051928,20000000.0,5.000000000000001,5.000000000000001,3987073.3372103847,66.00654224037831,3987073.3372103847,66.00654224037831,3.260127992343912,3.261066337078554,0.05356895066797577,0.0885726439405112,0.011629043983918197,0.03584942158202825,0.0013740129650469319
568,18,28.400000000000002,28,0.4044577512533288,-3.9312683710691143,8089155.025066575,20000000.0,5.000000000000001,5.000000000000001,1617831.0050133148,62.08933154221051,1617831.0050133148,62.08933154221051,52.03539747838126,52.0331653261746,,,,,,0.8364327010407266,-0.7756899641400326,16728654.020814532,20000000.0,5.000000000000001,5.000000000000001,3345730.804162906,65.2449099491396,3345730.804162906,65.2449099491396,24.21111094073325,24.208505837406783,1.001819836923768,1.7333491733484503,0.053621924640354514,0.05360038170521064,0.003271945865805213,0.9967656228897368,-0.014069486611719934,19935312.457794737,20000000.0,5.000000000000001,5.000000000000001,3987062.4915589467,66.00653042666791,3987062.4915589467,66.00653042666791,3.2615634077119076,3.262227779266091,0.0534380740544023,0.0883411720934,0.011624742609638838,0.03582884475827675,0.0013708914751639268
569,18,28.450000000000003,29,0.4046854218794197,-3.9288244006447144,8093708.437588394,20000000.0,5.000000000000001,5.000000000000001,1618741.6875176784,62.09177551263491,1618741.6875176784,62.09177551263491,52.016655367273586,52.01135644216238,,,,,,0.8359480405628061,-0.7782071586019613,16718960.811256122,20000000.0,5.000000000000001,5.000000000000001,3343792.162251224,65.24239275467767,3343792.162251224,65.24239275467767,24.25148955709846,24.252852581238113,1.002349571411846,1.7336932064156099,0.053564551031893934,0.05356508560781044,0.003263747107424406,0.9967685093937205,-0.014056910024925429,19935370.18787441,20000000.0,5.000000000000001,5.000000000000001,3987074.037574881,66.0065430032547,3987074.037574881,66.0065430032547,3.2599293691375033,3.260597217968847,0.05327733522343283,0.08846760748435045,0.011620044385896991,0.0358090267449414,0.001367801345809706
570,19,28.5,0,0.4048518676991343,-3.927038528567243,8097037.353982685,20000000.0,5.000000000000001,5.000000000000001,1619407.4707965367,62.09356138471237,1619407.4707965367,62.09356138471237,52.000638548021826,52.00093934061432,,,,,,0.8370088898734938,-0.7726992933947575,16740177.797469875,20000000.0,5.000000000000001,5.000000000000001,3348035.5594939743,65.24790061988486,3348035.5594939743,65.24790061988486,24.169172722194002,24.167843347755028,0.9986474238735923,1.7338461984443492,0.05350468490242198,0.053512774046358756,0.0032544776012220916,0.9967790154210519,-0.014011135247650575,19935580.308421038,20000000.0,5.000000000000001,5.000000000000001,3987116.061684207,66.00658877803197,3987116.061684207,66.00658877803197,3.254637825762739,3.255338309903378,0.05310821800417185,0.08805509229172767,0.011614505892218099,0.0357889423838572,0.001364706089682736
571,19,28.55,1,0.40421121912702435,-3.9339163654723746,8084224.382540487,20000000.0,5.000000000000001,5.000000000000001,1616844.8765080972,62.086683547807255,1616844.8765080972,62.086683547807255,52.04198188239464,52.03703777321264,,,,,,0.836238448980087,-0.7766986812260219,16724768.97960174,20000000.0,5.000000000000001,5.000000000000001,3344953.795920348,65.2439012320536,3344953.795920348,65.2439012320536,24.228840551173786,24.23123488149622,1.0015817265993796,1.728597496729849,0.053430344837999424,0.053441257584163605,0.0032435931560349843,0.9967766231536821,-0.014021558317845547,19935532.46307364,20000000.0,5.000000000000001,5.000000000000001,3987106.4926147275,66.00657835496177,3987106.4926147275,66.00657835496177,3.255963008680382,3.2567283533492946,0.05294975158927242,0.08791197312219724,0.011609003142928972,0.03576873236605293,0.001361592431724491
572,19,28.6,2,0.4035645150422737,-3.9408702776427336,8071290.300845474,20000000.0,5.000000000000001,5.000000000000001,1614258.0601690945,62.079729635636895,1614258.0601690945,62.079729635636895,52.08607405795232,52.08329273815241,,,,,,0.8377970654894493,-0.7686116515404402,16755941.309788987,20000000.0,5.000000000000001,5.000000000000001,3351188.2619577968,65.25198826173919,3351188.2619577968,65.25198826173919,24.10937282115782,24.106118240988962,0.9970906059801159,1.7326007297071548,0.05336367199032845,0.053375049682631834,0.0032333236690823405,0.9967712227956369,-0.014045087682381246,19935424.45591274,20000000.0,5.000000000000001,5.000000000000001,3987084.891182547,66.00655482559725,3987084.891182547,66.00655482559725,3.2586525619406137,3.2595235041602093,0.053481646665890906,0.08827944850823376,0.01160421243936886,0.03574801502382738,0.0013584838850677363
573,19,28.650000000000002,3,0.40340705337083077,-3.942565126347783,8068141.067416616,20000000.0,5.000000000000001,5.000000000000001,1613628.2134833229,62.07803478693184,1613628.2134833229,62.07803478693184,52.098435834260634,52.09887958509721,,,,,,0.8353417083963223,-0.7813583384117017,16706834.167926446,20000000.0,5.000000000000001,5.000000000000001,3341366.8335852884,65.23924157486792,3341366.8335852884,65.23924157486792,24.305923067755764,24.31229582304129,1.0046989243501534,1.7360992821953722,0.05329163462600693,0.053324161274304414,0.0032238327754763783,0.9967745605719024,-0.014030544973344668,19935491.21143805,20000000.0,5.000000000000001,5.000000000000001,3987098.242287609,66.00656936830629,3987098.242287609,66.00656936830629,3.25703941563573,3.257831274234596,0.053200587027263345,0.0883108613616779,0.011598186325160619,0.03572779671149189,0.0013553873816326556
574,19,28.700000000000003,4,0.4040509392525998,-3.9356387934052792,8081018.785051996,20000000.0,5.000000000000001,5.000000000000001,1616203.757010399,62.08496111987435,1616203.757010399,62.08496111987435,52.05453046688424,52.05586174758131,,,,,,0.836789351597256,-0.7738385497294946,16735787.031945119,20000000.0,5.000000000000001,5.000000000000001,3347157.406389023,65.24676136355014,3347157.406389023,65.24676136355014,24.18875426576482,24.191557745289256,0.999485234092089,1.7307979671645295,0.053239128048157905,0.05327103831245731,0.0032148446689805724,0.9967835647584343,-0.013991313927355217,19935671.295168687,20000000.0,5.000000000000001,5.000000000000001,3987134.259033737,66.00660859935226,3987134.259033737,66.00660859935226,3.2524199184354083,3.2532175099849163,0.053032272414179585,0.08793918458118086,0.01159199757661627,0.035707462382820174,0.001352291374564562
575,19,28.75,5,0.40539585968990827,-3.9212069107223617,8107917.193798165,20000000.0,5.000000000000001,5.000000000000001,1621583.4387596326,62.099393002557264,1621583.4387596326,62.099393002557264,51.95687910748202,51.963402928042456,,,,,,0.8375342557006206,-0.7699742099856993,16750685.11401241,20000000.0,5.000000000000001,5.000000000000001,3350137.0228024814,65.25062570329393,3350137.0228024814,65.25062570329393,24.12977749993224,24.1284952834636,0.9992606560943686,1.726594131063576,0.05318565427899179,0.05321803572533006,0.003205837494704577,0.9967789901263159,-0.014011245456274789,19935579.802526318,20000000.0,5.000000000000001,5.000000000000001,3987115.960505263,66.00658866782335,3987115.960505263,66.00658866782335,3.254831798607024,3.255703951529024,0.053051440090775726,0.08794484793889785,0.01158631068877165,0.03568725708051912,0.0013491963867740514
576,19,28.8,6,0.40548709416102796,-3.920229639530615,8109741.883220559,20000000.0,5.000000000000001,5.000000000000001,1621948.3766441115,62.10037027374901,1621948.3766441115,62.10037027374901,51.94850332854204,51.94629426144303,,,,,,0.8371510486182241,-0.7719617442858631,16743020.972364482,20000000.0,5.000000000000001,5.000000000000001,3348604.194472896,65.24863816899376,3348604.194472896,65.24863816899376,24.156230015780356,24.156224223301912,0.9988242419097192,1.7329365784905773,0.0530946091526036,0.0531655707697972,0.0031957784992000123,0.9967827823900506,-0.013994722675424846,19935655.64780101,20000000.0,5.000000000000001,5.000000000000001,3987131.1295602014,66.0066051906042,3987131.1295602014,66.0066051906042,3.2527987091498263,3.253586055188314,0.05295392860361488,0.08792281176754188,0.011581647063856096,0.03566688480838643,0.0013461222989732747
577,19,28.85,7,0.40423438974161324,-3.933667421821729,8084687.794832265,20000000.0,5.000000000000001,5.000000000000001,1616937.5589664527,62.086932491457894,1616937.5589664527,62.086932491457894,52.03690371643866,52.03195483208524,,,,,,0.837227598629771,-0.7715646387962265,16744551.97259542,20000000.0,5.000000000000001,5.000000000000001,3348910.394519083,65.24903527448339,3348910.394519083,65.24903527448339,24.150694447540154,24.15196041680179,1.0002277302484215,1.7301592021354817,0.0530468031016228,0.05310347115281468,0.003186451621771647,0.9967712783634453,-0.014044845572744498,19935425.567268904,20000000.0,5.000000000000001,5.000000000000001,3987085.1134537803,66.00655506770688,3987085.1134537803,66.00655506770688,3.2585611021631586,3.25945736707268,0.05298947264750649,0.08784480748275889,0.011577046691794757,0.03564657084081986,0.001343055918034387
578,19,28.900000000000002,8,0.4032392320599777,-3.944372210112184,8064784.641199553,20000000.0,5.000000000000001,5.000000000000001,1612956.9282399104,62.07622770316743,1612956.9282399104,62.07622770316743,52.09865981196447,52.09232628216695,,,,,,0.8359679306440341,-0.7781038262255613,16719358.61288068,20000000.0,5.000000000000001,5.000000000000001,3343871.722576136,65.24249608705406,3343871.722576136,65.24249608705406,24.25568312578364,24.25751877907512,1.0032764961642475,1.7331560036369864,0.05298948154978826,0.05304674937379102,0.003177207100856277,0.9967805997100003,-0.014004232540123385,19935611.994200006,20000000.0,5.000000000000001,5.000000000000001,3987122.3988400004,66.0065956807395,3987122.3988400004,66.0065956807395,3.25384295136858,3.2547416387626233,0.05284396148509737,0.08768657149144903,0.011572477124192914,0.035626298885925695,0.0013399999646652922
579,19,28.950000000000003,9,0.40280889498879596,-3.9490094774628033,8056177.8997759195,20000000.0,5.000000000000001,5.000000000000001,1611235.5799551837,62.07159043581682,1611235.5799551837,62.07159043581682,52.120124202185636,52.12166868335405,,,,,,0.8356824162750499,-0.7795873579508193,16713648.325500999,20000000.0,5.000000000000001,5.000000000000001,3342729.665100199,65.24101255532881,3342729.665100199,65.24101255532881,24.277133089978623,24.275807384365194,1.0041800523426758,1.7298708045299325,0.05297549922692705,0.05300754538246831,0.003170321643037237,0.996787350189545,-0.013974820991682162,19935747.0037909,20000000.0,5.000000000000001,5.000000000000001,3987149.4007581794,66.00662509228795,3987149.4007581794,66.00662509228795,3.250509298588761,3.2514480809151936,0.05300270417896076,0.08787726472713728,0.01156947628745603,0.035606214177227494,0.0013369868700767193
580,19,29.0,10,0.4020134143842317,-3.957594551348052,8040268.287684634,20000000.0,5.000000000000001,5.000000000000001,1608053.6575369267,62.06300536193157,1608053.6575369267,62.06300536193157,52.16713266785541,52.16772623663445,,,,,,0.8368242433508396,-0.773657464966641,16736484.867016792,20000000.0,5.000000000000001,5.000000000000001,3347296.973403358,65.24694244831298,3347296.973403358,65.24694244831298,24.18555910504445,24.188969189218138,1.0010376651145285,1.7283994207649982,0.052958577658499414,0.05295254570587874,0.0031624194487428377,0.9967820698112484,-0.013997827355379142,19935641.396224968,20000000.0,5.000000000000001,5.000000000000001,3987128.279244993,66.00660208592424,3987128.279244993,66.00660208592424,3.2531323634655593,3.2538806405955305,0.05303666846618567,0.08774031886320999,0.01156545207839367,0.0355856664940606,0.0013339327710746437
581,19,29.05,11,0.4014703591627647,-3.963465134668555,8029407.183255294,20000000.0,5.000000000000001,5.000000000000001,1605881.4366510585,62.057134778611065,1605881.4366510585,62.057134778611065,52.20287242770843,52.20285204669445,,,,,,0.8364198525441694,-0.7757566769073199,16728397.050883388,20000000.0,5.000000000000001,5.000000000000001,3345679.410176677,65.2448432363723,3345679.410176677,65.2448432363723,24.220114894734735,24.220670313389498,1.0011972510516096,1.7338631900903732,0.05297182709187507,0.05291629978625787,0.003156576515356606,0.9967781870358458,-0.014014744505749164,19935563.740716916,20000000.0,5.000000000000001,5.000000000000001,3987112.7481433824,66.00658516877387,3987112.7481433824,66.00658516877387,3.2550933134824414,3.2560402170712335,0.05294859020082123,0.08784258619577148,0.011561642225863865,0.0355653542003622,0.0013308905376456569
582,19,29.1,12,0.40181783386569797,-3.959707918844726,8036356.677313959,20000000.0,5.000000000000001,5.000000000000001,1607271.3354627916,62.0608919944349,1607271.3354627916,62.0608919944349,52.18070112848119,52.17811902035612,,,,,,0.8359039418915046,-0.7784362675160392,16718078.837830093,20000000.0,5.000000000000001,5.000000000000001,3343615.767566018,65.24216364576358,3343615.767566018,65.24216364576358,24.259067391352623,24.258642635056,1.002830341097731,1.7343267195128504,0.05294514939579091,0.052883821999043734,0.0031497712337982065,0.996782452863981,-0.013996158408262826,19935649.05727962,20000000.0,5.000000000000001,5.000000000000001,3987129.811455923,66.00660375487136,3987129.811455923,66.00660375487136,3.253040904947685,3.25397540864128,0.05288334115827818,0.08744360856874042,0.011557538765197339,0.03554511718759764,0.0013278805156190091
583,19,29.150000000000002,13,0.40253110003332726,-3.952005598897012,8050622.000666546,20000000.0,5.000000000000001,5.000000000000001,1610124.400133309,62.06859431438261,1610124.400133309,62.06859431438261,52.13961570930578,52.13295015371115,,,,,,0.837945089344092,-0.7678443981387982,16758901.786881838,20000000.0,5.000000000000001,5.000000000000001,3351780.357376367,65.25275551514082,3351780.357376367,65.25275551514082,24.091869013646196,24.090740409670467,0.9952353969330406,1.7285129520490656,0.05285243304400028,0.05283476960852137,0.0031400668960687474,0.9967774426090803,-0.014017987961127182,19935548.852181606,20000000.0,5.000000000000001,5.000000000000001,3987109.7704363205,66.0065819253185,3987109.7704363205,66.0065819253185,3.255497582804498,3.2566283109272773,0.05283817786758919,0.08765058176121386,0.011553683311554095,0.03552489555410455,0.001324874419420826
584,19,29.200000000000003,14,0.40411914766479756,-3.934905716604078,8082382.953295952,20000000.0,5.000000000000001,5.000000000000001,1616476.59065919,62.08569419667555,1616476.59065919,62.08569419667555,52.04649887933681,52.04496979751608,,,,,,0.8369711433813566,-0.772895151086289,16739422.867627133,20000000.0,5.000000000000001,5.000000000000001,3347884.573525426,65.24770476219334,3347884.573525426,65.24770476219334,24.174091826899005,24.174187050315968,0.9996755596854706,1.7351856136162034,0.052809757816107215,0.052771745662344736,0.003131072138490906,0.9967735227509372,-0.014035066759622569,19935470.455018744,20000000.0,5.000000000000001,5.000000000000001,3987094.091003748,66.00656484652,3987094.091003748,66.00656484652,3.2574841855214443,3.2583927811772653,0.0529289257034453,0.08757363053165436,0.011548132738596232,0.03550424255500617,0.0013218161900531897
585,19,29.25,15,0.4058605826139039,-3.9162312553547807,8117211.652278078,20000000.0,5.000000000000001,5.000000000000001,1623442.3304556152,62.104368657924844,1623442.3304556152,62.104368657924844,51.944179660477786,51.9486224227703,,,,,,0.8369303205848627,-0.7731069809417292,16738606.411697254,20000000.0,5.000000000000001,5.000000000000001,3347721.28233945,65.24749293233789,3347721.28233945,65.24749293233789,24.171048210496348,24.16779797840778,1.0000106651553444,1.7329167564539834,0.052759019811499774,0.05271532026306005,0.0031222251048325174,0.9967666611445997,-0.014064962899098258,19935333.222891994,20000000.0,5.000000000000001,5.000000000000001,3987066.644578398,66.00653495038053,3987066.644578398,66.00653495038053,3.2609504170275314,3.2619787254732757,0.05304075864140819,0.08756455260621085,0.011542499497616428,0.03548337357652534,0.0013187450014506756
586,19,29.3,16,0.40701888158005317,-3.9038544341403996,8140377.631601064,20000000.0,5.000000000000001,5.000000000000001,1628075.5263202125,62.116745479139226,1628075.5263202125,62.116745479139226,51.88388828861972,51.88556911852402,,,,,,0.8360552159928876,-0.7776503929645594,16721104.319857752,20000000.0,5.000000000000001,5.000000000000001,3344220.86397155,65.24294952031507,3344220.86397155,65.24294952031507,24.243553052400205,24.244017072133907,1.0022728703002424,1.7311451430395368,0.05270516494991799,0.052641104411547644,0.003112239714693529,0.9967919434776695,-0.013954808347162711,19935838.86955339,20000000.0,5.000000000000001,5.000000000000001,3987167.7739106775,66.00664510493246,3987167.7739106775,66.00664510493246,3.248105734164711,3.248916585185918,0.05283840715835488,0.08733336266566885,0.011537717169561255,0.035462606088202356,0.0013156792213076945
587,19,29.35,17,0.4082540407150009,-3.8906950811843846,8165080.814300017,20000000.0,5.000000000000001,5.000000000000001,1633016.1628600033,62.129904832095235,1633016.1628600033,62.129904832095235,51.80724171711986,51.81607699605077,,,,,,0.8360120158396219,-0.7778748048521634,16720240.316792438,20000000.0,5.000000000000001,5.000000000000001,3344048.063358487,65.24272510842746,3344048.063358487,65.24272510842746,24.256440429872047,24.25444978887753,1.0035181305880085,1.7339426970125609,0.05262730967850913,0.05258790349758198,0.0031028070108150446,0.9967751920155026,-0.014027793775679923,19935503.840310052,20000000.0,5.000000000000001,5.000000000000001,3987100.7680620095,66.00657211950394,3987100.7680620095,66.00657211950394,3.2566620664831816,3.257730329645051,0.05270999390645383,0.08733035795154949,0.011531782557418034,0.03544217901627655,0.001312644246425054
588,19,29.400000000000002,18,0.40848285290500697,-3.888261693519694,8169657.058100139,20000000.0,5.000000000000001,5.000000000000001,1633931.4116200274,62.13233821975993,1633931.4116200274,62.13233821975993,51.79064259571669,51.79246972715877,,,,,,0.8353112866358446,-0.7815165041438552,16706225.732716892,20000000.0,5.000000000000001,5.000000000000001,3341245.146543378,65.23908340913577,3341245.146543378,65.23908340913577,24.313030314298537,24.3123339091,1.005981488864725,1.7374229423395158,0.05255476512237356,0.05254012186642478,0.0030938948277774163,0.9967763521205141,-0.014022739206547716,19935527.04241028,20000000.0,5.000000000000001,5.000000000000001,3987105.408482055,66.00657717407307,3987105.408482055,66.00657717407307,3.256071995447878,3.2569836165168757,0.052852022340781644,0.08720529306668386,0.011524122666968608,0.03542131643750366,0.0013095836946892144
589,19,29.450000000000003,19,0.4074900566315107,-3.898829842313742,8149801.132630214,20000000.0,5.000000000000001,5.000000000000001,1629960.2265260424,62.12177007096588,1629960.2265260424,62.12177007096588,51.85586223302643,51.856065593576474,,,,,,0.8349519021210244,-0.7833854157636183,16699038.042420488,20000000.0,5.000000000000001,5.000000000000001,3339807.608484097,65.237214497516,3339807.608484097,65.237214497516,24.3298855484167,24.328034868391338,1.0057403666330433,1.7418458386486004,0.05248289002854092,0.052476191888920755,0.0030841071800113773,0.9967726903306434,-0.014038693618512038,19935453.806612868,20000000.0,5.000000000000001,5.000000000000001,3987090.761322573,66.00656121966111,3987090.761322573,66.00656121966111,3.257772813996005,3.2587027390407264,0.052724638369043855,0.08714152620793372,0.011515917486858051,0.03540065858167972,0.0013065295960286226
590,19,29.5,20,0.4069132209218389,-3.9049819935752335,8138264.418436778,20000000.0,5.000000000000001,5.000000000000001,1627652.8836873553,62.11561791970439,1627652.8836873553,62.11561791970439,51.88160449870696,51.88216833882028,,,,,,0.8351522381667884,-0.7823435066093315,16703044.763335768,20000000.0,5.000000000000001,5.000000000000001,3340608.952667153,65.23825640667029,3340608.952667153,65.23825640667029,24.313456808067738,24.311610089807125,1.005488279463795,1.7406753250589095,0.05246626457403649,0.052425723007802114,0.0030767589446911076,0.9967818012640637,-0.013998997406282885,19935636.025281273,20000000.0,5.000000000000001,5.000000000000001,3987127.205056254,66.00660091587334,3987127.205056254,66.00660091587334,3.2532001771647643,3.253973236118248,0.052686328702088114,0.08727120419747939,0.011507582823467146,0.03537975997333163,0.001303490540888034
591,19,29.55,21,0.4060918698861625,-3.913757051637952,8121837.39772325,20000000.0,5.000000000000001,5.000000000000001,1624367.4795446498,62.10684286164167,1624367.4795446498,62.10684286164167,51.92040263756743,51.9211605147854,,,,,,0.8375629341569938,-0.7698255034458158,16751258.683139876,20000000.0,5.000000000000001,5.000000000000001,3350251.7366279745,65.25077440983381,3350251.7366279745,65.25077440983381,24.128116312915562,24.128276236466025,0.9977971416572744,1.7295744426077708,0.052462449750409944,0.05239227330003217,0.0030708054658631066,0.9967858077478494,-0.013981541326116695,19935716.15495699,20000000.0,5.000000000000001,5.000000000000001,3987143.230991397,66.00661837195351,3987143.230991397,66.00661837195351,3.2512390302375005,3.2521163670487185,0.052813798917644525,0.08725971022773985,0.011500134142289906,0.03535922982188962,0.001300482302196373
592,19,29.6,22,0.4049589212276733,-3.9258902910377023,8099178.424553466,20000000.0,5.000000000000001,5.000000000000001,1619835.684910693,62.09470962224192,1619835.684910693,62.09470962224192,51.9867039327029,51.99187997857437,,,,,,0.8388075005345625,-0.7633769477058511,16776150.010691252,20000000.0,5.000000000000001,5.000000000000001,3355230.0021382496,65.25722296557377,3355230.0021382496,65.25722296557377,24.023435421995952,24.023353971646486,0.9935513002937737,1.7280910139742214,0.05243282220688249,0.05233509522383527,0.0030627137886147593,0.9967846906406072,-0.013986408508003688,19935693.812812142,20000000.0,5.000000000000001,5.000000000000001,3987138.7625624277,66.00661350477162,3987138.7625624277,66.00661350477162,3.251877912521242,3.2528544195497906,0.052552162110620526,0.08704828556449665,0.01149278826694993,0.035338582115918074,0.0012974688011447959
593,19,29.650000000000002,23,0.4034849022100204,-3.9417271127536773,8069698.044200408,20000000.0,5.000000000000001,5.000000000000001,1613939.6088400814,62.07887280052595,1613939.6088400814,62.07887280052595,52.08432588648158,52.08853529456989,,,,,,0.8365189686509076,-0.775242066597258,16730379.373018151,20000000.0,5.000000000000001,5.000000000000001,3346075.8746036296,65.24535784668237,3346075.8746036296,65.24535784668237,24.207795694816948,24.20657777127323,1.0012005098465528,1.7354305054795052,0.052374263444848246,0.052279109098198474,0.003053854107451676,0.9967793026374271,-0.014009883852236168,19935586.052748542,20000000.0,5.000000000000001,5.000000000000001,3987117.2105497075,66.00659002942739,3987117.2105497075,66.00659002942739,3.254500664044046,3.2552684759041086,0.052695179901924696,0.0870660746710751,0.011484674653044506,0.03531767059051271,0.0012944482641139043
594,19,29.700000000000003,24,0.40288072712314754,-3.948235077525192,8057614.542462951,20000000.0,5.000000000000001,5.000000000000001,1611522.9084925898,62.07236483575443,1611522.9084925898,62.07236483575443,52.12480581318751,52.12450729517349,,,,,,0.8378549407392535,-0.768311650089718,16757098.814785069,20000000.0,5.000000000000001,5.000000000000001,3351419.762957013,65.25228826318991,3351419.762957013,65.25228826318991,24.10674372400317,24.106661413530496,0.9970549897887906,1.7339642258747052,0.05236774896033549,0.052228683686580776,0.0030468621616037994,0.996772848000557,-0.014038006649771081,19935456.96001114,20000000.0,5.000000000000001,5.000000000000001,3987091.3920022273,66.00656190662986,3987091.3920022273,66.00656190662986,3.2579161590632872,3.258916336868997,0.0526666746757811,0.08707630022728155,0.01147729245158541,0.03529692344062552,0.001291452937720976
595,19,29.75,25,0.40369369884597905,-3.9394802933077533,8073873.976919581,20000000.0,5.000000000000001,5.000000000000001,1614774.795383916,62.08111961997187,1614774.795383916,62.08111961997187,52.072753674635955,52.06920507321231,,,,,,0.8368907625090827,-0.7733122580075126,16737815.250181654,20000000.0,5.000000000000001,5.000000000000001,3347563.0500363302,65.24728765527212,3347563.0500363302,65.24728765527212,24.174919408706103,24.175480813141327,1.00019954662783,1.7320732032998927,0.05231903659620416,0.05217546527321019,0.003038504353051957,0.9967843044554336,-0.013988091099278526,19935686.089108672,20000000.0,5.000000000000001,5.000000000000001,3987137.2178217336,66.00661182218035,3987137.2178217336,66.00661182218035,3.251962624641506,3.252714943249191,0.05248302698332998,0.08681715473392898,0.011469196570889819,0.03527639357218703,0.0012884523432026695
596,19,29.8,26,0.40478841020912276,-3.9277193059088806,8095768.204182455,20000000.0,5.000000000000001,5.000000000000001,1619153.6408364908,62.09288060737074,1619153.6408364908,62.09288060737074,52.007527818929624,51.999687218254635,,,,,,0.8355778703706647,-0.7801307049064327,16711557.407413293,20000000.0,5.000000000000001,5.000000000000001,3342311.481482658,65.24046920837318,3342311.481482658,65.24046920837318,24.28580693196287,24.284375256889582,1.0051688712011253,1.735013738688869,0.052265121277875005,0.05213074271426479,0.003030491126715693,0.996788314776107,-0.013970618345868026,19935766.29552214,20000000.0,5.000000000000001,5.000000000000001,3987153.259104427,66.00662929493376,3987153.259104427,66.00662929493376,3.250017310330621,3.2509801054950196,0.05262378721572748,0.08691710115337856,0.01146220836793606,0.03525577939389207,0.0012854750069305344
597,19,29.85,27,0.4057651545083189,-3.9172525117780173,8115303.090166378,20000000.0,5.000000000000001,5.000000000000001,1623060.6180332752,62.1033474015016,1623060.6180332752,62.1033474015016,51.95620861597564,51.954593608021824,,,,,,0.8346556247119489,-0.7849267557870285,16693112.494238978,20000000.0,5.000000000000001,5.000000000000001,3338622.498847795,65.2356731574926,3338622.498847795,65.2356731574926,24.36499624484887,24.36127332375414,1.007579662476382,1.7332231253748376,0.05222420718131969,0.05208847334924118,0.003023042729868093,0.9967942060602698,-0.013944950462281452,19935884.121205397,20000000.0,5.000000000000001,5.000000000000001,3987176.8242410785,66.00665496281734,3987176.8242410785,66.00665496281734,3.2470055024481836,3.2478763493104266,0.052489008467960695,0.08682464437008741,0.011454823802935688,0.0352347949904105,0.001282499148732718
598,19,29.900000000000002,28,0.4066334676947142,-3.90796879911015,8132669.353894284,20000000.0,5.000000000000001,5.000000000000001,1626533.8707788566,62.112631114169474,1626533.8707788566,62.112631114169474,51.90149652055222,51.896938355236514,,,,,,0.8364882413749456,-0.7754015959324065,16729764.827498913,20000000.0,5.000000000000001,5.000000000000001,3345952.965499782,65.24519831734722,3345952.965499782,65.24519831734722,24.210202864249343,24.20858357637775,1.0013709289433228,1.7358977363414367,0.052163140776274174,0.05203121361994707,0.0030141459298942373,0.9967804422221217,-0.014004918710400752,19935608.844442435,20000000.0,5.000000000000001,5.000000000000001,3987121.768888486,66.00659499456923,3987121.768888486,66.00659499456923,3.2539915168964724,3.2548990577176724,0.05244494091171107,0.08683488910084157,0.011446967697591019,0.03521447808461327,0.0012795473798880188
599,19,29.950000000000003,29,0.40712263818193406,-3.902747478683441,8142452.763638681,20000000.0,5.000000000000001,5.000000000000001,1628490.5527277358,62.11785243459619,1628490.5527277358,62.11785243459619,51.869906394051796,51.86477708542054,,,,,,0.8353933141042172,-0.7810900484210235,16707866.282084346,20000000.0,5.000000000000001,5.000000000000001,3341573.2564168684,65.2395098648586,3341573.2564168684,65.2395098648586,24.297220501122617,24.29485605233319,1.0050984401890224,1.7303978145063836,0.052094483693697735,0.051993521938559585,0.003006180591019431,0.9967830086177188,-0.013993737010156868,19935660.172354378,20000000.0,5.000000000000001,5.000000000000001,3987132.034470875,66.00660617626946,3987132.034470875,66.00660617626946,3.2527745491035143,3.2536665471080704,0.05278858000590057,0.08689796937796963,0.011438085910494323,0.03519374806483659,0.00127657856671128
