trial_index,seed,long_block,physical_time_s,method,block_final_power_db,block_final_gain_linear,block_final_phase_std_deg,block_final_phase_rmse_deg,block_final_distance_rmse_m,block_final_node_rmse_m,block_final_uav_rmse_m
0,5200,0,1.4500000000000002,No Algorithm,-4.064175349389343,0.3922676241441838,52.77908629044267,52.859837373926375,,,
0,5200,1,2.95,No Algorithm,-3.9693231775172393,0.40092919522279585,52.22630879105201,52.17692119906949,,,
0,5200,2,4.45,No Algorithm,-4.031883059923816,0.3951952299888328,52.54765616091925,52.496543315098506,,,
0,5200,3,5.95,No Algorithm,-4.024859047067041,0.39583491169164386,52.44807586093466,52.43171784518558,,,
0,5200,4,7.45,No Algorithm,-3.84726109042613,0.41235749334822025,51.54526204805675,51.52522709388518,,,
0,5200,5,8.950000000000001,No Algorithm,-3.901498244700281,0.4072397625319957,51.916101990632875,51.92691143347351,,,
0,5200,6,10.450000000000001,No Algorithm,-4.100983550797178,0.3889570475505761,52.93808789662476,52.89805278419422,,,
0,5200,7,11.950000000000001,No Algorithm,-4.00017443912187,0.398091180465325,52.419391282221014,52.36695115915729,,,
0,5200,8,13.450000000000001,No Algorithm,-4.084094215567865,0.3904726127694166,52.88581950979488,52.8656299004898,,,
0,5200,9,14.950000000000001,No Algorithm,-4.1314431677228605,0.38623860800045995,53.202590711885364,53.16601627563471,,,
0,5200,10,16.45,No Algorithm,-3.9360038253022704,0.40401697951129506,52.183843081963225,52.13317623757604,,,
0,5200,11,17.95,No Algorithm,-3.835091355461649,0.4135146158221746,51.58025823992489,51.575366639384086,,,
0,5200,12,19.450000000000003,No Algorithm,-3.958924847044918,0.40189029174773017,52.22322644023923,52.21908694294615,,,
0,5200,13,20.950000000000003,No Algorithm,-3.7875398337832027,0.4180671238237746,51.267895554170984,51.45483403214019,,,
0,5200,14,22.450000000000003,No Algorithm,-3.8854551662285526,0.40874691077940634,51.89903162675442,52.32096296775539,,,
0,5200,15,23.950000000000003,No Algorithm,-4.067714822833345,0.39194805867124805,52.866005989557834,53.009177488717164,,,
0,5200,16,25.450000000000003,No Algorithm,-3.7710077183622976,0.4196615962087756,51.18593838422828,51.151906640122924,,,
0,5200,17,26.950000000000003,No Algorithm,-3.636381729322051,0.43287432472516457,50.393671180273536,50.36001208656821,,,
0,5200,18,28.450000000000003,No Algorithm,-3.6101284342465236,0.43549899444933415,50.29454163851626,50.42920252314019,,,
0,5200,19,29.950000000000003,No Algorithm,-3.753631130399932,0.4213440708963909,51.06950167723079,51.033554947354254,,,
0,5200,0,1.4500000000000002,DPC,-2.9416914773514318,0.5079615646551402,46.00785459591225,46.017668866747556,1.1592178980315229,1.7356028626679416,0.7664933861955014
0,5200,1,2.95,DPC,-2.710657081002376,0.5357155984192038,44.391440735817035,44.355060805908174,1.0160540537085443,1.7168914289823234,0.6366328167599093
0,5200,2,4.45,DPC,-2.8041760659124164,0.5243030612150129,45.077112404094876,45.035486850691676,1.0836591589152351,1.697393653273551,0.5515074977589641
0,5200,3,5.95,DPC,-2.8736784427978335,0.5159791535340645,45.50122925111475,45.46972932475132,1.1035195520795613,1.7345332669548372,0.4893755494212638
0,5200,4,7.45,DPC,-2.734622944914778,0.532767477263037,44.58332510553048,44.62019043111625,1.0599396819074158,1.7342963913230227,0.4353465025547243
0,5200,5,8.950000000000001,DPC,-2.8817906325102416,0.5150162552857891,45.61429882350083,45.5719495344167,1.0675436193064924,1.7280134954646957,0.4007652924699426
0,5200,6,10.450000000000001,DPC,-2.728107817196563,0.5335673154317645,44.45477257067035,44.42335024320207,0.9920744627753636,1.6724622449735884,0.3559573161363697
0,5200,7,11.950000000000001,DPC,-2.5737956481123585,0.5528667034088026,43.301420179807025,43.36624206537161,1.0263864704202037,1.7463147818340825,0.3469169044278721
0,5200,8,13.450000000000001,DPC,-2.5238442265089036,0.5592623423989571,42.9661829728553,42.931969093191746,0.9891567580620837,1.7244753599910478,0.33588044080337176
0,5200,9,14.950000000000001,DPC,-2.9091014412343874,0.511787713875171,45.88153253972643,45.84894205369045,1.0645855572949914,1.7451587236565202,0.3150095983242012
0,5200,10,16.45,DPC,-3.0700302970384987,0.4931703635120498,46.861911615884246,46.815598725504245,1.0753622746290945,1.7533805762589842,0.3096960723012736
0,5200,11,17.95,DPC,-2.849467146919129,0.5188636964632677,45.35719672340924,45.31191828802749,1.0208741624604942,1.7096963047040865,0.28889515214965084
0,5200,12,19.450000000000003,DPC,-2.9335963256241278,0.5089092766002232,46.00558870750788,45.96901716385376,1.030368719818879,1.7517145426501768,0.2741958113442003
0,5200,13,20.950000000000003,DPC,-2.5928562445519825,0.5504455632629192,43.54096037399578,43.51418444635337,0.9971959666085356,1.723182765989373,0.2754047570111367
0,5200,14,22.450000000000003,DPC,-2.863868631608492,0.5171459606682233,45.414919987588945,45.37044800370743,1.0110479557022147,1.7393741808619827,0.274372341710756
0,5200,15,23.950000000000003,DPC,-2.719541286264629,0.5346208245317482,44.43025788301197,44.39862317296353,1.0092148657559954,1.671992961436249,0.25973183689500534
0,5200,16,25.450000000000003,DPC,-2.572816991112401,0.5529913026978971,43.2972878454468,43.254534021813235,1.0092636038810574,1.6837690197900028,0.2547853624626585
0,5200,17,26.950000000000003,DPC,-2.6381960633786012,0.5447288708452266,43.9611969143241,43.942436994218845,1.023714438694529,1.7453702758409615,0.2453215049785008
0,5200,18,28.450000000000003,DPC,-2.567427599541972,0.5536779650325443,43.3814206653604,43.34841930637048,1.0009923800146274,1.7587153610208617,0.23767944413145445
0,5200,19,29.950000000000003,DPC,-2.967823724065676,0.5049142497668274,46.060998269483164,46.014965143306846,1.0560190719850584,1.82981250216897,0.23142844405784702
0,5200,0,1.4500000000000002,Node-KF DPC,-0.6628241187116167,0.8584551060386038,22.473533235501698,22.561082262769386,0.46995387166693997,0.27523177586531017,0.7664933861955014
0,5200,1,2.95,Node-KF DPC,-0.5045034574871097,0.8903272260975625,19.582363226791013,19.583817426067245,0.3920506269083353,0.22245050668421149,0.6366328167599093
0,5200,2,4.45,Node-KF DPC,-0.3981357029495656,0.9124024225272831,17.391793412094135,17.388511822675216,0.35041497779226394,0.21188486622472302,0.5515074977589641
0,5200,3,5.95,Node-KF DPC,-0.33478684598696307,0.9258088231891172,15.935872381401325,15.919972089249335,0.3198181710067757,0.19377497070768226,0.4893755494212638
0,5200,4,7.45,Node-KF DPC,-0.28591667288048844,0.9362855756193607,14.706938347763504,14.695544088687381,0.2893492659949704,0.18522364960751395,0.4353465025547243
0,5200,5,8.950000000000001,Node-KF DPC,-0.2339280899398669,0.9475610292586139,13.325150263687584,13.32353092800714,0.2594147060781822,0.17430937375474612,0.4007652924699426
0,5200,6,10.450000000000001,Node-KF DPC,-0.1908784103391266,0.9570004874069762,12.042616198276134,12.043207455759642,0.22709015888216105,0.17451949652358156,0.3559573161363697
0,5200,7,11.950000000000001,Node-KF DPC,-0.17789514982085858,0.9598657270015775,11.622582842624025,11.616085349071058,0.22160297256505807,0.17055925423246712,0.3469169044278721
0,5200,8,13.450000000000001,Node-KF DPC,-0.17923950957457102,0.9595686462869633,11.656341912936542,11.65303228574747,0.22073233138116244,0.1618203152979822,0.33588044080337176
0,5200,9,14.950000000000001,Node-KF DPC,-0.16625940327042632,0.9624408758896624,11.224016076121515,11.21302000953547,0.20942490779742862,0.1660876836961976,0.3150095983242012
0,5200,10,16.45,Node-KF DPC,-0.16830174409193976,0.9619883787343709,11.303065284994233,11.291763256319763,0.20822763641683942,0.1661482582804562,0.3096960723012736
0,5200,11,17.95,Node-KF DPC,-0.14656972005893482,0.9668142168053361,10.54714856625268,10.544011859902305,0.19653957535652902,0.16910746497772877,0.28889515214965084
0,5200,12,19.450000000000003,Node-KF DPC,-0.14951617691810326,0.966158507285604,10.654657871903845,10.646120281143858,0.2000768180428907,0.16378337637822757,0.2741958113442003
0,5200,13,20.950000000000003,Node-KF DPC,-0.14954708227261235,0.9661516319127451,10.650237384114893,10.669512931100586,0.1939177589104214,0.16695632434925842,0.2754047570111367
0,5200,14,22.450000000000003,Node-KF DPC,-0.14132108624585846,0.9679833593073226,10.350195134862435,10.359578548100902,0.19300449086116653,0.16270645946998585,0.274372341710756
0,5200,15,23.950000000000003,Node-KF DPC,-0.1371519120787031,0.9689130577288648,10.193543201975514,10.193169602374217,0.18625684214482022,0.1660730605616907,0.25973183689500534
0,5200,16,25.450000000000003,Node-KF DPC,-0.1309174494133331,0.9703049681502396,9.963614961424973,9.95467915435134,0.18486604575264193,0.16265169072817,0.2547853624626585
0,5200,17,26.950000000000003,Node-KF DPC,-0.12096913934591828,0.9725301769414082,9.574862565675183,9.569741652389014,0.17620471968565932,0.16310210453853052,0.2453215049785008
0,5200,18,28.450000000000003,Node-KF DPC,-0.11115910244696031,0.974729454333619,9.174996347674076,9.17241947450024,0.16633417231477216,0.15768562643935427,0.23767944413145445
0,5200,19,29.950000000000003,Node-KF DPC,-0.10201256160136216,0.9767844649219767,8.79023420688057,8.781477497990917,0.15953949096869594,0.16097592516563386,0.23142844405784702
0,5200,0,1.4500000000000002,KF-DPC,-0.12782361199010359,0.9709964425933415,9.83910850944389,10.77682402796187,0.2125640375579029,0.27523177586531017,0.23159263389365928
0,5200,1,2.95,KF-DPC,-0.08530781326928222,0.9805488138689102,8.037984831607048,8.195505984257156,0.1460083729139689,0.22245050668421149,0.1447529842835029
0,5200,2,4.45,KF-DPC,-0.08233881365894252,0.9812193829214432,7.895960925189272,7.963960514510743,0.13630926110991035,0.21188486622472302,0.08913276715276593
0,5200,3,5.95,KF-DPC,-0.07518985638886869,0.9828359063581513,7.545818567777041,7.556858121744629,0.12546554906918797,0.19377497070768226,0.05846882480778172
0,5200,4,7.45,KF-DPC,-0.07066412553285062,0.9838606417413496,7.315329264192533,7.309049354289293,0.11172632387665002,0.18522364960751395,0.030655356585436375
0,5200,5,8.950000000000001,KF-DPC,-0.06311850390247846,0.9855715299606638,6.914554364017255,6.907636375606087,0.11103401481500443,0.17430937375474612,0.02970749304307263
0,5200,6,10.450000000000001,KF-DPC,-0.06724555296439572,0.9846353978682475,7.1370641055061395,7.134022178924233,0.11032651593400723,0.17451949652358156,0.03440210797822758
0,5200,7,11.950000000000001,KF-DPC,-0.05940334503806089,0.9864149948303083,6.708193126461178,6.701995132323644,0.10976382721161998,0.17055925423246712,0.03685485382379812
0,5200,8,13.450000000000001,KF-DPC,-0.06286335360708785,0.9856294345080586,6.899792688200398,6.9020265295260135,0.10659283751480073,0.1618203152979822,0.03580166534222297
0,5200,9,14.950000000000001,KF-DPC,-0.06440590859707009,0.9852794144900128,6.982813961315748,6.978746727233978,0.10918826852803143,0.1660876836961976,0.03244005651391804
0,5200,10,16.45,KF-DPC,-0.0695801619449952,0.9841062359769854,7.259091352452338,7.255497574637215,0.10747897674405259,0.1661482582804562,0.03634137147703418
0,5200,11,17.95,KF-DPC,-0.06586263025926502,0.9849489849679204,7.064044062105549,7.056979990238503,0.11059199044410663,0.16910746497772877,0.043359724705236156
0,5200,12,19.450000000000003,KF-DPC,-0.06531746059956174,0.985072633328491,7.032890647675895,7.030208300845277,0.10932834745617773,0.16378337637822757,0.049080076297046256
0,5200,13,20.950000000000003,KF-DPC,-0.07373045925114667,0.9831662326674883,7.472620381189447,7.46894783532913,0.11230402155711096,0.16695632434925842,0.0551150213815588
0,5200,14,22.450000000000003,KF-DPC,-0.06616687925426248,0.9848799858775077,7.079395290865037,7.094676974424965,0.11125259168487123,0.16270645946998585,0.057624040834204346
0,5200,15,23.950000000000003,KF-DPC,-0.06494827027934036,0.9851563771370305,7.01299002441932,7.029041032981354,0.10888671171902625,0.1660730605616907,0.0556817210722955
0,5200,16,25.450000000000003,KF-DPC,-0.06478862188253459,0.985192592546992,7.005450489681672,7.000726682121117,0.11144895410432427,0.16265169072817,0.051706687679264826
0,5200,17,26.950000000000003,KF-DPC,-0.06670918253389549,0.9847570116461319,7.108535583549192,7.112282334037545,0.11039190754193705,0.16310210453853052,0.0481593007334499
0,5200,18,28.450000000000003,KF-DPC,-0.0641228507772335,0.9853436336185952,6.9685115556188455,6.962278255964509,0.10382144330187508,0.15768562643935427,0.044548314595615354
0,5200,19,29.950000000000003,KF-DPC,-0.06298220904734803,0.9856024606867799,6.907372374754729,6.900556555508021,0.10663745452445565,0.16097592516563386,0.04197889995192507
0,5200,0,1.4500000000000002,Shore Broadcast,-4.094972586104061,0.38949576630332616,52.97287453098489,52.92593943291865,1.4462466348990215,1.785110113401593,1.7166026818941664
0,5200,1,2.95,Shore Broadcast,-4.046540079089046,0.3938637323716149,52.83653795121322,53.06016588092217,1.53842459014466,1.7055457401085197,1.8917730739668701
0,5200,2,4.45,Shore Broadcast,-4.261935892521052,0.3748058931303037,53.81199091415426,53.759016946499074,1.9474356073274053,1.691423922099232,2.6240593183791603
0,5200,3,5.95,Shore Broadcast,-3.0422427728482,0.49633593867490117,46.71876483696424,46.7442261441619,1.0682732494294844,1.743773822346369,0.7777436550507612
0,5200,4,7.45,Shore Broadcast,-2.8208749948467005,0.5222909498241035,45.195690917116764,45.984503878192506,1.096068649051192,1.7395186134864788,0.8981085269129493
0,5200,5,8.950000000000001,Shore Broadcast,-3.257754602260526,0.4723071713160867,48.26921357778237,48.854241592257345,1.21244321681947,1.6676707855065729,1.4552830868151974
0,5200,6,10.450000000000001,Shore Broadcast,-3.732495851370816,0.4233995721877599,50.91651888910721,51.13576658794086,1.577135232358369,1.7047580803132552,1.9807686705181573
0,5200,7,11.950000000000001,Shore Broadcast,-3.772628154650098,0.41950504159982893,51.082942825186166,51.03184117783204,1.5073339941779245,1.7149197244929562,1.985647764275508
0,5200,8,13.450000000000001,Shore Broadcast,-4.35480240080858,0.36687638653188565,54.25394829997093,54.19982617569384,1.734194286698004,1.7400384684442716,2.0307645593474546
0,5200,9,14.950000000000001,Shore Broadcast,-3.050495565605025,0.49539365910200645,46.822142896736835,46.904679184107096,1.111584864193896,1.704422948656156,0.9318206740015922
0,5200,10,16.45,Shore Broadcast,-3.942127563472813,0.4034476997179359,52.07222751356,52.08339963967748,2.048123794277999,1.7569511475679382,3.4701676004711195
0,5200,11,17.95,Shore Broadcast,-3.383551093506921,0.4588226940928127,48.87351720053924,48.86651421611185,1.2737068809547183,1.6931660805859226,1.343682030596787
0,5200,12,19.450000000000003,Shore Broadcast,-3.9646285132247883,0.4013628285644992,52.21047924507057,52.26883310825147,1.399188148000318,1.733213175299058,1.443671216035713
0,5200,13,20.950000000000003,Shore Broadcast,-3.9573239069641297,0.40203846790613,52.28886518358006,52.2367291160446,1.6354810277706835,1.7021471984471652,2.419593231874662
0,5200,14,22.450000000000003,Shore Broadcast,-3.216108042228772,0.47685813484799333,47.91189753169853,48.2264432957538,1.2331771138564678,1.8085211703471173,1.1795586541055816
0,5200,15,23.950000000000003,Shore Broadcast,-4.0478054206381024,0.3937489946599289,52.7679574519489,52.76126055344226,1.552129852276729,1.776938243411891,2.023472936299057
0,5200,16,25.450000000000003,Shore Broadcast,-4.0940177069626245,0.3895814137818038,52.9229969123037,53.03310040520886,1.683363738625494,1.734881241631436,2.6045450654331783
0,5200,17,26.950000000000003,Shore Broadcast,-3.496892510165146,0.4470033202378979,49.55705731399364,49.53037851381279,1.3505179117449233,1.6640697960874833,2.0949600011931464
0,5200,18,28.450000000000003,Shore Broadcast,-3.4535920707005956,0.45148236664944086,49.44282672429576,49.896207414703156,1.296742209444585,1.7229997020982137,1.1944345595170403
0,5200,19,29.950000000000003,Shore Broadcast,-3.775246841694374,0.41925216680404914,51.30352000116737,51.26894917159398,1.3003886347553988,1.7607488366731672,1.3526749257186748
1,6209,0,1.4500000000000002,No Algorithm,-3.66064909229114,0.43046226921329006,50.492265477118686,50.61851112662191,,,
1,6209,1,2.95,No Algorithm,-3.9474902242156684,0.4029498306440772,52.17685526751389,52.12468429142339,,,
1,6209,2,4.45,No Algorithm,-4.206428060046294,0.37962708833607167,53.57265100170849,53.52483526338568,,,
1,6209,3,5.95,No Algorithm,-4.066106798011378,0.3920932087776431,52.82753789918636,52.79916966384065,,,
1,6209,4,7.45,No Algorithm,-3.9227652185607296,0.4052504242195713,52.033842608420365,51.9981141731433,,,
1,6209,5,8.950000000000001,No Algorithm,-3.885502528540226,0.40874245318350555,51.8244975509229,51.775318902258505,,,
1,6209,6,10.450000000000001,No Algorithm,-4.163602831036336,0.38338906067340894,53.38243647445396,53.331507882036846,,,
1,6209,7,11.950000000000001,No Algorithm,-3.9420791322924975,0.4034521988672589,52.160777120974544,52.10947147367237,,,
1,6209,8,13.450000000000001,No Algorithm,-4.064313252492504,0.3922551685256912,52.904949635768794,52.862905068013085,,,
1,6209,9,14.950000000000001,No Algorithm,-4.047283072717921,0.39379635568942034,52.72266930813966,52.671858488120264,,,
1,6209,10,16.45,No Algorithm,-4.073915977928369,0.3913888076587593,52.81504512325575,52.77350214942978,,,
1,6209,11,17.95,No Algorithm,-4.055837776795607,0.3930214217042169,52.72489994018878,52.771400010676686,,,
1,6209,12,19.450000000000003,No Algorithm,-3.9160824480269136,0.40587448932145054,51.872279114685334,51.847143158080655,,,
1,6209,13,20.950000000000003,No Algorithm,-4.041059818746358,0.39436105350300776,52.794890544303,52.76819958547745,,,
1,6209,14,22.450000000000003,No Algorithm,-3.702345792750333,0.4263491688930775,50.73320811085788,50.75132288472266,,,
1,6209,15,23.950000000000003,No Algorithm,-3.6103005465712608,0.4354817358236187,50.13669167431451,50.08820278011277,,,
1,6209,16,25.450000000000003,No Algorithm,-3.7679244323434387,0.4199596419385573,51.11363841464883,51.08220897095102,,,
1,6209,17,26.950000000000003,No Algorithm,-3.7132161223193405,0.42528335735452444,50.77799505396512,50.856707733579185,,,
1,6209,18,28.450000000000003,No Algorithm,-3.8764846928348846,0.40959206144022003,51.7424953439889,51.71656309004846,,,
1,6209,19,29.950000000000003,No Algorithm,-4.062310945749788,0.3924360587479896,52.7770774798273,52.796732092462896,,,
1,6209,0,1.4500000000000002,DPC,-3.2274221523366506,0.4756174550726797,47.945085018768054,47.898508450798346,1.132680800776977,1.6887617506106332,0.8414388622696355
1,6209,1,2.95,DPC,-2.730456262757346,0.5332788671294233,44.431814300224936,44.388209935468446,1.090129766052231,1.7170928406281312,0.6490468004104732
1,6209,2,4.45,DPC,-2.95243019347331,0.5067070894618552,46.108447742839196,46.06354902339039,1.0274116667724535,1.6742865340610305,0.557515972687021
1,6209,3,5.95,DPC,-2.682070304968599,0.539253496214228,44.10984393620242,44.098505799271926,1.0517660435234981,1.7253046338677822,0.48064153020343375
1,6209,4,7.45,DPC,-3.10265028015617,0.4894800232397914,47.13228670811551,47.08880433258758,1.1123845449750178,1.7554665241051224,0.43868822388677303
1,6209,5,8.950000000000001,DPC,-2.7731024897171643,0.5280678786884272,44.769871676210585,44.72893262629044,1.04368634387964,1.703775387663921,0.4146144331540237
1,6209,6,10.450000000000001,DPC,-2.6759376906127352,0.5400155067574716,44.06062722614014,44.04367977968184,1.0393311231165885,1.7580700988148732,0.40130545743327406
1,6209,7,11.950000000000001,DPC,-2.5114897003259316,0.560855560503688,42.89422099136584,42.891808251517176,1.0255616369425065,1.7573631171262007,0.36613179039925214
1,6209,8,13.450000000000001,DPC,-2.782308393883195,0.526949698803595,44.91413784665937,44.86951670585241,1.0441653620028293,1.7722786802483999,0.3512651312790662
1,6209,9,14.950000000000001,DPC,-2.705458534225939,0.5363572390985536,44.28168802883056,44.269291459734674,1.0597470217492841,1.7596768874782802,0.3332305123241636
1,6209,10,16.45,DPC,-2.9609153177861636,0.505718065778046,46.15765091738252,46.16167141968781,1.069790716864591,1.764481221405043,0.31122033669381854
1,6209,11,17.95,DPC,-2.795257334188568,0.5253808835911301,44.944323676674415,44.8998722838646,1.0302501791343839,1.7398826419840274,0.304419736078388
1,6209,12,19.450000000000003,DPC,-2.6882978719626474,0.5384807876507796,44.14170617882444,44.211708219777556,1.018072985701276,1.7150664294528823,0.279887508102514
1,6209,13,20.950000000000003,DPC,-2.640729967463443,0.5444111398632768,43.81144553426982,43.86617513402373,1.03758452161176,1.7482301426033389,0.2748877476966648
1,6209,14,22.450000000000003,DPC,-2.5333204080947453,0.5580433782931878,43.005507278274884,43.14831498342338,0.9973264574831117,1.7331287108820008,0.26555877744707845
1,6209,15,23.950000000000003,DPC,-2.651919722982203,0.5430102502277236,43.905440743772836,43.89595925523821,1.0016463192950662,1.6871150308175538,0.2613225026734828
1,6209,16,25.450000000000003,DPC,-2.5834678779646634,0.5516367767619808,43.480740509430184,43.47683631594881,1.0111177041314872,1.7596485975035339,0.2590282478510173
1,6209,17,26.950000000000003,DPC,-2.6765328335892025,0.5399415098660643,44.090971251736164,44.065464037354374,1.0189281882942187,1.729341676907904,0.24528979151998015
1,6209,18,28.450000000000003,DPC,-2.5577964321661204,0.5549071960388986,43.30311252115426,43.325690442114116,1.0157709200864478,1.7149304504234604,0.2449977168814481
1,6209,19,29.950000000000003,DPC,-2.702249608484945,0.5367536905009727,44.31684932147338,44.44284041276593,1.021372284655754,1.7581258009036147,0.23878702310530206
1,6209,0,1.4500000000000002,Node-KF DPC,-0.8042362897129135,0.8309528295680767,24.669618177151115,24.66467129879708,0.5084717641708182,0.28074475918202424,0.8414388622696355
1,6209,1,2.95,Node-KF DPC,-0.548901472037167,0.8812717584651749,20.54576097387201,20.5299551251852,0.4175000162480013,0.2210336576833862,0.6490468004104732
1,6209,2,4.45,Node-KF DPC,-0.4356331882481256,0.9045585462174713,18.26736597306559,18.252012215511176,0.3635315201396117,0.20131014868774202,0.557515972687021
1,6209,3,5.95,Node-KF DPC,-0.30023803236814595,0.9332031514840465,15.112926659759719,15.1116365887088,0.30297271656656816,0.19096144117576883,0.48064153020343375
1,6209,4,7.45,Node-KF DPC,-0.2870604641002009,0.9360390207458091,14.764898463246064,14.77422833339507,0.2902988337472763,0.18386526339425774,0.43868822388677303
1,6209,5,8.950000000000001,Node-KF DPC,-0.2559061260405117,0.9427778867132636,13.925391827367397,13.95890401060699,0.2778661358560712,0.18131769171071224,0.4146144331540237
1,6209,6,10.450000000000001,Node-KF DPC,-0.2396896100135143,0.9463047912914928,13.498498544761926,13.540254436130251,0.2622622403585515,0.17345097784564867,0.40130545743327406
1,6209,7,11.950000000000001,Node-KF DPC,-0.21292834460284793,0.9521539327317952,12.705644913195114,12.704074115704985,0.2437917136812648,0.17087892344387595,0.36613179039925214
1,6209,8,13.450000000000001,Node-KF DPC,-0.19109953738731733,0.9569517616426901,12.044645490160573,12.032716845322497,0.22227120864061836,0.16904890812539117,0.3512651312790662
1,6209,9,14.950000000000001,Node-KF DPC,-0.1993450355375775,0.9551366204034744,12.30345394260217,12.29562084935169,0.22733531551481048,0.16779004400677086,0.3332305123241636
1,6209,10,16.45,Node-KF DPC,-0.1781558540806957,0.9598081085920488,11.633212957868981,11.621906812848758,0.20951024816421113,0.1663860446265201,0.31122033669381854
1,6209,11,17.95,Node-KF DPC,-0.1608152731829039,0.9636481071633365,11.047649246685038,11.042466009342364,0.19917838225686857,0.1655658535350024,0.304419736078388
1,6209,12,19.450000000000003,Node-KF DPC,-0.15249592832260678,0.9654958406192947,10.754793469077363,10.749206965521644,0.19406045397456526,0.16849650567103125,0.279887508102514
1,6209,13,20.950000000000003,Node-KF DPC,-0.1492896383287999,0.9662089057831574,10.634257637544579,10.624241232131547,0.19562110811810124,0.16881094315152828,0.2748877476966648
1,6209,14,22.450000000000003,Node-KF DPC,-0.14189296953112762,0.9678559026895857,10.374142137307482,10.365443905225417,0.19036274200626666,0.1627293821267027,0.26555877744707845
1,6209,15,23.950000000000003,Node-KF DPC,-0.13585392398938723,0.969202682768208,10.158836525789496,10.150460632990486,0.18371807949860028,0.16245893930589386,0.2613225026734828
1,6209,16,25.450000000000003,Node-KF DPC,-0.13103032478988327,0.9702797497512182,9.973798868757246,9.96415654570586,0.1813360445592465,0.16682765888811546,0.2590282478510173
1,6209,17,26.950000000000003,Node-KF DPC,-0.1306440592835226,0.9703660511623227,9.966540179516034,9.957177246301313,0.177048746055331,0.16214137345417193,0.24528979151998015
1,6209,18,28.450000000000003,Node-KF DPC,-0.1374338636172889,0.968850156248168,10.2091503231347,10.199616949419852,0.1738488324725226,0.15766243653227918,0.2449977168814481
1,6209,19,29.950000000000003,Node-KF DPC,-0.12366530916036886,0.9719266019798434,9.681062677304247,9.672206464332604,0.16469336775741095,0.16246820634078776,0.23878702310530206
1,6209,0,1.4500000000000002,KF-DPC,-0.13856934691755168,0.9685968789406337,10.24531952817299,10.504425732910805,0.1990249749847528,0.28074475918202424,0.19211244759632137
1,6209,1,2.95,KF-DPC,-0.0877281497887377,0.9800025032402955,8.154654182417852,8.291354171364238,0.14547514642447293,0.2210336576833862,0.1261349257016688
1,6209,2,4.45,KF-DPC,-0.07968594424207587,0.981818939718195,7.769186914173084,7.862842394097559,0.12997161245128597,0.20131014868774202,0.08428398589158427
1,6209,3,5.95,KF-DPC,-0.07193664543880582,0.9835724044045578,7.38228432005908,7.520228719529754,0.12468854585527057,0.19096144117576883,0.06652539670414573
1,6209,4,7.45,KF-DPC,-0.07306523252455602,0.9833168398187598,7.440971336930006,7.647811937700791,0.12352520501926052,0.18386526339425774,0.05977660927702539
1,6209,5,8.950000000000001,KF-DPC,-0.06771999631867812,0.9845278376241531,7.16138782672558,7.400685605933889,0.12184603844274959,0.18131769171071224,0.07444870326306206
1,6209,6,10.450000000000001,KF-DPC,-0.06806314844096532,0.9844500495139524,7.180397008967544,7.458362092287163,0.1190095317553325,0.17345097784564867,0.08758192307107107
1,6209,7,11.950000000000001,KF-DPC,-0.0741378795767511,0.9830740042061197,7.4928758101308786,7.730460454404884,0.12261828089027486,0.17087892344387595,0.09662831213409277
1,6209,8,13.450000000000001,KF-DPC,-0.07486693250301905,0.9829089887948723,7.530065964743055,7.647615710437234,0.11737773493698925,0.16904890812539117,0.09205966604290383
1,6209,9,14.950000000000001,KF-DPC,-0.07276006755395943,0.9833859368047638,7.423547730478642,7.452602780565529,0.11283246506508202,0.16779004400677086,0.08331818192138989
1,6209,10,16.45,KF-DPC,-0.07063993939408786,0.9838661209397406,7.313771503042379,7.3304050239111405,0.10867654454665204,0.1663860446265201,0.0766435801912733
1,6209,11,17.95,KF-DPC,-0.06777238609740727,0.9845159611471055,7.164086170594559,7.167034031275401,0.1086256190582082,0.1655658535350024,0.074072805680635
1,6209,12,19.450000000000003,KF-DPC,-0.07361402350681327,0.983192592023053,7.466857977021748,7.460263537384193,0.11096812999807079,0.16849650567103125,0.06945513356119505
1,6209,13,20.950000000000003,KF-DPC,-0.0750127964131829,0.9828759769683849,7.536288611835659,7.529473005758243,0.11682370579498091,0.16881094315152828,0.06585358399972217
1,6209,14,22.450000000000003,KF-DPC,-0.07358435497273151,0.9831993086597539,7.46497631055828,7.458964166030981,0.1155794819375962,0.1627293821267027,0.06265340552028477
1,6209,15,23.950000000000003,KF-DPC,-0.0712741851955541,0.9837224471379656,7.346058489113078,7.339142563195912,0.10922422610531986,0.16245893930589386,0.05861257496447746
1,6209,16,25.450000000000003,KF-DPC,-0.06808992195900139,0.9844439805651145,7.179600086496172,7.17347097954621,0.11373336647021791,0.16682765888811546,0.05685869455136504
1,6209,17,26.950000000000003,KF-DPC,-0.06914534503787419,0.9842047699140698,7.235461090133317,7.230452568357785,0.10825665147487314,0.16214137345417193,0.05696347733812418
1,6209,18,28.450000000000003,KF-DPC,-0.07250130886792922,0.9834445300506263,7.410572260339094,7.405082635304,0.10554408610850607,0.15766243653227918,0.0559280132563641
1,6209,19,29.950000000000003,KF-DPC,-0.07090623685422616,0.9838057948182698,7.327346236615754,7.320494937227611,0.10620558957139956,0.16246820634078776,0.0573469454795754
1,6209,0,1.4500000000000002,Shore Broadcast,-4.035111312548753,0.3949015776305838,52.62091374015316,52.71594672247594,1.5480085011765705,1.7138304615471294,1.6773594562501417
1,6209,1,2.95,Shore Broadcast,-4.629968325939894,0.3443524421929405,55.69055088152905,55.64242489199735,1.7000082246749855,1.677653624244261,2.369557553638875
1,6209,2,4.45,Shore Broadcast,-4.241434244282827,0.37657941424301067,53.69867992252459,53.65390169425147,1.865552140928082,1.7452867372278695,2.5934789673443848
1,6209,3,5.95,Shore Broadcast,-3.8582389161945922,0.4113164779877229,51.85999244486265,52.480551962729336,1.4991353829435075,1.7113803734021587,1.6293970395086983
1,6209,4,7.45,Shore Broadcast,-4.0635004982697085,0.392328583429892,52.87208575647734,52.82261839739567,1.4095340097762836,1.742256687019635,1.4154348618311623
1,6209,5,8.950000000000001,Shore Broadcast,-3.0876396515987015,0.4911747523393423,47.021041071998,47.06756549287884,1.1276991752464822,1.6990374634753753,1.5491354601812275
1,6209,6,10.450000000000001,Shore Broadcast,-4.545548318843891,0.35111159209573917,55.204773845639,55.152731740774676,1.7824743836185122,1.7014613707627326,2.175219933295385
1,6209,7,11.950000000000001,Shore Broadcast,-4.333534867578149,0.3686773975896539,54.149522889249404,54.13625776468256,1.5033299379446674,1.7647592041541593,1.544136479236704
1,6209,8,13.450000000000001,Shore Broadcast,-2.683670138652723,0.5390548851193712,44.115564909233605,44.42938758960912,1.038991566751818,1.6988716621371054,0.8081482356829258
1,6209,9,14.950000000000001,Shore Broadcast,-3.962335440373408,0.4015748039084561,52.15114814312522,52.12139958962689,1.698245285093139,1.7261355238276528,2.2477243722996563
1,6209,10,16.45,Shore Broadcast,-4.111248856335196,0.38803876559644507,53.08452785203693,53.26739644163523,1.7296911123105834,1.7248347328545572,1.9862173475431208
1,6209,11,17.95,Shore Broadcast,-3.2767717932863705,0.47024352111155737,48.26098347683662,48.217576353791785,1.2256772346492277,1.7581462136501143,0.9378037320507971
1,6209,12,19.450000000000003,Shore Broadcast,-2.889213695640268,0.5141367292920853,45.608705678503,45.56521002042152,1.1058792971482283,1.739842829691668,0.6181566443641032
1,6209,13,20.950000000000003,Shore Broadcast,-4.373475476616625,0.3653023384672715,54.32069269699463,54.28335723059433,1.7898032957373138,1.7537526746567793,2.229587962540071
1,6209,14,22.450000000000003,Shore Broadcast,-3.8410096755988277,0.41295148522584085,51.58153109748017,51.77279782120995,1.3972117730865454,1.7466217869056464,1.4590942983060704
1,6209,15,23.950000000000003,Shore Broadcast,-3.807755729239929,0.4161255930184518,51.35115512457947,51.300970088225355,1.3786481468022145,1.7159939363147967,1.5150275722294895
1,6209,16,25.450000000000003,Shore Broadcast,-3.081000295868007,0.491926218921136,46.90368951521428,47.03300064526451,1.1220145670662431,1.7184548404525855,0.7363658097286044
1,6209,17,26.950000000000003,Shore Broadcast,-4.484947846420196,0.35604526568864353,55.00242190687234,55.04803024510586,1.7624438451896638,1.6911570298216858,2.511146425227051
1,6209,18,28.450000000000003,Shore Broadcast,-3.9626324666565456,0.4015473400106678,52.28243990253183,52.26258387258456,1.5553499548825094,1.7682609172458004,1.799336620869829
1,6209,19,29.950000000000003,Shore Broadcast,-4.103531611052133,0.3887289084996353,52.98292468600643,52.95409757994127,1.449722217731902,1.7395923925417311,1.5935572935525375
2,7218,0,1.4500000000000002,No Algorithm,-4.026341872100361,0.39569978362779934,52.56624833386792,52.54903958354795,,,
2,7218,1,2.95,No Algorithm,-3.8299103150601033,0.4140082242996062,51.546005022963065,51.49583825652939,,,
2,7218,2,4.45,No Algorithm,-3.7978018251933268,0.41708043467148115,51.35598205931685,51.31981988847566,,,
2,7218,3,5.95,No Algorithm,-4.177644297096702,0.3821515014934575,53.40007210341991,53.40082585627828,,,
2,7218,4,7.45,No Algorithm,-4.306645352583196,0.37096715957183307,54.08485970362591,54.03193284055119,,,
2,7218,5,8.950000000000001,No Algorithm,-3.9654909860705874,0.4012831291474115,52.297077229628044,52.26146103437729,,,
2,7218,6,10.450000000000001,No Algorithm,-3.8073449517687634,0.41616495412252064,51.400205094694726,51.45584086729809,,,
2,7218,7,11.950000000000001,No Algorithm,-3.6094100280936345,0.43557104027275473,50.21810706687934,50.1831574319476,,,
2,7218,8,13.450000000000001,No Algorithm,-3.8069305979858177,0.41620466168423614,51.42462463534759,51.44798544059406,,,
2,7218,9,14.950000000000001,No Algorithm,-3.5906458663738237,0.43745704335890495,50.18356444474561,50.1518108346358,,,
2,7218,10,16.45,No Algorithm,-3.6599126526653727,0.43053526953106075,50.52841481871651,50.489826162131784,,,
2,7218,11,17.95,No Algorithm,-3.9759945064413893,0.4003137885500731,52.36745329765064,52.40315409575944,,,
2,7218,12,19.450000000000003,No Algorithm,-4.240306543505042,0.3766772105669674,53.76792005852295,53.7263568783424,,,
2,7218,13,20.950000000000003,No Algorithm,-3.931494491632938,0.4044366932298631,52.07564944906339,52.02997282877236,,,
2,7218,14,22.450000000000003,No Algorithm,-3.7750278420546284,0.4192733087693148,51.197760457162964,51.152230360947435,,,
2,7218,15,23.950000000000003,No Algorithm,-3.921372295340963,0.4053804220166598,51.96193380042699,51.91738188043301,,,
2,7218,16,25.450000000000003,No Algorithm,-3.935023906911635,0.4041081499850135,52.06130898358489,52.00973174173539,,,
2,7218,17,26.950000000000003,No Algorithm,-3.9360077282807686,0.4040166164238184,52.16800205088491,52.13095948550926,,,
2,7218,18,28.450000000000003,No Algorithm,-3.8612379614917867,0.4110325390986619,51.77525234177129,51.73957375128294,,,
2,7218,19,29.950000000000003,No Algorithm,-4.064829819492409,0.39220851492221465,52.79109567481621,52.79479521104706,,,
2,7218,0,1.4500000000000002,DPC,-2.848798019954481,0.5189436450815325,45.33693234324054,45.291574601958956,1.1120167783335528,1.757559978033478,0.7999631619479397
2,7218,1,2.95,DPC,-2.5200224669686837,0.559754705758577,42.838083089068206,42.808394287918816,1.0050878901094684,1.680746174969462,0.6255141487455798
2,7218,2,4.45,DPC,-2.448619239948661,0.5690338160053197,42.36657674692773,42.32601675759486,0.940890314116666,1.640910223365419,0.5701027344283629
2,7218,3,5.95,DPC,-3.0297203770750736,0.49776913309052645,46.48853427929323,46.60445480089154,1.0482711634654889,1.7097687730045825,0.48642283623457344
2,7218,4,7.45,DPC,-2.681204947590205,0.5393609563606014,44.257195914405635,44.23223482562062,1.0245260414170547,1.7104212007902513,0.44022308344211775
2,7218,5,8.950000000000001,DPC,-2.842650785210999,0.5196787055761264,45.167414125332456,45.22334998780345,1.0902043793099334,1.7805960063054131,0.3999189839241709
2,7218,6,10.450000000000001,DPC,-2.7460972456250636,0.531361733928743,44.60702761289311,44.63445255132432,1.069865272620081,1.723189778896542,0.3628526431764562
2,7218,7,11.950000000000001,DPC,-2.75286580928307,0.5305342413687844,44.64621263744443,44.60287220661105,0.9910649050883693,1.6899033812570186,0.354255650973611
2,7218,8,13.450000000000001,DPC,-2.5603894489870562,0.5545759797131469,43.182268129411845,43.21427143276313,1.0166879558345807,1.7585595669104266,0.34651519631977024
2,7218,9,14.950000000000001,DPC,-2.717358054152662,0.5348896501397759,44.539752067848205,44.59439995878731,1.0307724284284947,1.7103522940234661,0.332382258957801
2,7218,10,16.45,DPC,-2.76801207611548,0.528687195766233,44.73158988030257,44.744484688427946,1.0326747807150811,1.7206926597820864,0.31383374183339907
2,7218,11,17.95,DPC,-2.7281085170319033,0.533567229451111,44.463003956386274,44.43089616195117,1.0246282296404159,1.7582475524328374,0.3043908015887503
2,7218,12,19.450000000000003,DPC,-2.7184144481129153,0.5347595574257332,44.342830142404345,44.29958204129645,1.015663379193361,1.7436570574738899,0.29351380486165196
2,7218,13,20.950000000000003,DPC,-2.8081526933880383,0.5238232016292693,45.085767485543855,45.04125852609658,1.0264213078226663,1.7677534838652134,0.2804424244819073
2,7218,14,22.450000000000003,DPC,-2.4238518066215757,0.5722882369589422,42.080436661492264,42.08382108455599,1.0394780742808418,1.748346794485005,0.26252060718888437
2,7218,15,23.950000000000003,DPC,-2.567556267310878,0.5536615615422592,43.35187927817057,43.32234829092077,1.0169421451377774,1.757084134056356,0.25315069167882
2,7218,16,25.450000000000003,DPC,-2.5560262698273997,0.5551334195055511,43.27302671114857,43.23477581962668,1.0043287027505219,1.7315139805798194,0.24753084135238776
2,7218,17,26.950000000000003,DPC,-2.70871183232717,0.535955604571698,44.32552711124807,44.2964499743765,1.0445109746049597,1.798022435682361,0.2428598754892853
2,7218,18,28.450000000000003,DPC,-2.679536232826023,0.5395682379551109,44.13424057374545,44.10476490416971,0.9934295410141726,1.7490227116467885,0.23720712313758305
2,7218,19,29.950000000000003,DPC,-2.4055173045139893,0.5747093589721021,42.000952150963734,42.00394797564555,0.9924475048392916,1.7552380899494568,0.2353267088378935
2,7218,0,1.4500000000000002,Node-KF DPC,-0.6991479525362982,0.8513050403590899,23.099167259795838,23.084798385036223,0.47075100985387114,0.2676845004457511,0.7999631619479397
2,7218,1,2.95,Node-KF DPC,-0.4304158508784967,0.9056458782523161,18.070479293985603,18.131021821212954,0.3670041715214432,0.22621201549313338,0.6255141487455798
2,7218,2,4.45,Node-KF DPC,-0.3685002375388553,0.9186497818612736,16.71838925137412,16.709394846095005,0.3332995246174271,0.20171424194571036,0.5701027344283629
2,7218,3,5.95,Node-KF DPC,-0.3297336115889642,0.9268866751945332,15.80223594010086,15.818937022144965,0.307172287953711,0.1908205428002955,0.48642283623457344
2,7218,4,7.45,Node-KF DPC,-0.28194048051494575,0.937143186403172,14.672359687775106,14.658131561748835,0.2821703349741091,0.17799243145020116,0.44022308344211775
2,7218,5,8.950000000000001,Node-KF DPC,-0.24957374634460672,0.9441535390216457,13.76605491444708,13.78459962840968,0.2576903113208295,0.17296819361349278,0.3999189839241709
2,7218,6,10.450000000000001,Node-KF DPC,-0.21441250864984415,0.9518285979061952,12.751586252811501,12.741243795985756,0.23819511901370777,0.16918159167390667,0.3628526431764562
2,7218,7,11.950000000000001,Node-KF DPC,-0.20327898435925928,0.9542718253272554,12.418414748522729,12.406721456305684,0.23580000610843005,0.17077646083773426,0.354255650973611
2,7218,8,13.450000000000001,Node-KF DPC,-0.17594805287973653,0.9602961654990155,11.544696287209712,11.553430670677228,0.21782406883328656,0.1622420387954577,0.34651519631977024
2,7218,9,14.950000000000001,Node-KF DPC,-0.1654480982856907,0.962620686145346,11.195621123162365,11.340006395998678,0.2122285239159276,0.16795811843416403,0.332382258957801
2,7218,10,16.45,Node-KF DPC,-0.15204259053157435,0.9655966290508963,10.737830399302393,10.800410212809757,0.1991476697388959,0.1703539161899905,0.31383374183339907
2,7218,11,17.95,Node-KF DPC,-0.14225315712111394,0.9677756356717492,10.386757992325675,10.440491448890683,0.1937185718899774,0.1638765325779772,0.3043908015887503
2,7218,12,19.450000000000003,Node-KF DPC,-0.14994344652901082,0.9660634589069788,10.65895697665856,10.71697292883824,0.1944271245208458,0.16805421462958248,0.29351380486165196
2,7218,13,20.950000000000003,Node-KF DPC,-0.1395528521450549,0.9683775548929593,10.285573550679063,10.33547998596764,0.18853041225305478,0.16230226493661046,0.2804424244819073
2,7218,14,22.450000000000003,Node-KF DPC,-0.14550067648069492,0.9670522335872287,10.500859030443232,10.518924322446681,0.18821974609773567,0.1617054613442636,0.26252060718888437
2,7218,15,23.950000000000003,Node-KF DPC,-0.13012886082898478,0.9704811713779874,9.926659122668271,9.92699330618031,0.18107232049680497,0.1651410495262255,0.25315069167882
2,7218,16,25.450000000000003,Node-KF DPC,-0.13461157486805145,0.9694799739587562,10.093664784116614,10.09432725194811,0.18043430672244684,0.16463904147599034,0.24753084135238776
2,7218,17,26.950000000000003,Node-KF DPC,-0.14356955448586017,0.9674823360121082,10.426883825750034,10.418142464195963,0.18570903161377164,0.16971984883107266,0.2428598754892853
2,7218,18,28.450000000000003,Node-KF DPC,-0.13407235802558465,0.9696003513538798,10.076372562697799,10.074165134450306,0.17940511568213327,0.1578121480048335,0.23720712313758305
2,7218,19,29.950000000000003,Node-KF DPC,-0.1290529518185117,0.9707216254542668,9.88959494505662,9.890252241744866,0.1761048238090999,0.166831913937193,0.2353267088378935
2,7218,0,1.4500000000000002,KF-DPC,-0.14029972506974786,0.9682110335992612,10.308627904043707,10.29837225461798,0.17948740255193932,0.2676845004457511,0.2218312079993857
2,7218,1,2.95,KF-DPC,-0.10188645289576656,0.9768128288128637,8.788002670747288,8.839216164133123,0.148928087020174,0.22621201549313338,0.15196616707650037
2,7218,2,4.45,KF-DPC,-0.08117524116391095,0.98148230886064,7.842729127864037,7.856005291936827,0.12636496324858607,0.20171424194571036,0.10386906107344634
2,7218,3,5.95,KF-DPC,-0.0817177983136127,0.9813597015044049,7.86699465413689,7.876918711806341,0.12384203764229522,0.1908205428002955,0.09078711078527162
2,7218,4,7.45,KF-DPC,-0.07780581545626405,0.9822440765216982,7.678068851021706,7.670535404396008,0.11612056564557191,0.17799243145020116,0.05658224996925245
2,7218,5,8.950000000000001,KF-DPC,-0.07869937733987657,0.9820420003690222,7.722562506150384,7.731035061740875,0.11245576793507119,0.17296819361349278,0.03932261470377857
2,7218,6,10.450000000000001,KF-DPC,-0.07571244623819062,0.9827176480820954,7.5730382681282284,7.571152487169087,0.11234473979758745,0.16918159167390667,0.04369334925695098
2,7218,7,11.950000000000001,KF-DPC,-0.07860083232826819,0.9820642839674384,7.716187555683359,7.710588347644451,0.1161630714787147,0.17077646083773426,0.060104694308698706
2,7218,8,13.450000000000001,KF-DPC,-0.0715369733600933,0.9836629246696654,7.359774359898194,7.3629896924513165,0.10862142741813734,0.1622420387954577,0.08545748897102154
2,7218,9,14.950000000000001,KF-DPC,-0.0771717189066499,0.9823875006445044,7.64417770218344,7.753145992053121,0.1175987892036156,0.16795811843416403,0.09557860952302452
2,7218,10,16.45,KF-DPC,-0.07354300967086651,0.983208668867494,7.463437981619305,7.57911565225791,0.11160582654572927,0.1703539161899905,0.09396954648047708
2,7218,11,17.95,KF-DPC,-0.06773037047635018,0.9845254858478246,7.162067164393212,7.29906707414582,0.11354274399924907,0.1638765325779772,0.08917845743116891
2,7218,12,19.450000000000003,KF-DPC,-0.07777480859509066,0.9822510893702863,7.674590693239167,7.845692063894251,0.12037392081701914,0.16805421462958248,0.08390161669091273
2,7218,13,20.950000000000003,KF-DPC,-0.06638863656328595,0.9848296977047246,7.091230868474578,7.276793789690438,0.11137917924934457,0.16230226493661046,0.08286903519594087
2,7218,14,22.450000000000003,KF-DPC,-0.07299010164497148,0.983333850879501,7.43527559701183,7.616283713126824,0.11421569413010027,0.1617054613442636,0.07981613438362745
2,7218,15,23.950000000000003,KF-DPC,-0.06985080821882314,0.9840449097575713,7.272662728545594,7.414956353513596,0.11735267856085299,0.1651410495262255,0.07594362375447176
2,7218,16,25.450000000000003,KF-DPC,-0.07074536890661146,0.9838422368539894,7.318764870163909,7.4710469055645286,0.11258521529250855,0.16463904147599034,0.07001637585368657
2,7218,17,26.950000000000003,KF-DPC,-0.07510556131623253,0.9828549830518698,7.541995032867442,7.615320702454075,0.114576456136838,0.16971984883107266,0.06417562305317281
2,7218,18,28.450000000000003,KF-DPC,-0.07197440430847922,0.98356385296715,7.383587277567562,7.4518912409960265,0.10663531973548966,0.1578121480048335,0.056652534124051836
2,7218,19,29.950000000000003,KF-DPC,-0.07284135299416407,0.9833675312725635,7.429940766265486,7.469006554469253,0.11027342429481035,0.166831913937193,0.051052723765228736
2,7218,0,1.4500000000000002,Shore Broadcast,-3.1234832372834487,0.48713762706946295,47.22813070763761,47.44890845676609,1.1684884664145632,1.7543216286487555,0.8404319970867702
2,7218,1,2.95,Shore Broadcast,-3.303080528111125,0.467403486059168,48.239448578567576,48.44282121396957,1.2083295948151718,1.7537361196690817,1.6275598377337306
2,7218,2,4.45,Shore Broadcast,-3.791853831861091,0.4176520494029916,51.34593623600438,51.5261577232534,1.3842214320183275,1.7625445319203286,1.7642406519955014
2,7218,3,5.95,Shore Broadcast,-3.1444193085824375,0.4847949298041683,47.36692155912932,47.382068625303546,1.1397334118269251,1.6896943050925433,0.9875180080498609
2,7218,4,7.45,Shore Broadcast,-3.8008048320237005,0.416792136635026,51.3565591010026,51.31839844197681,1.5056743503612267,1.7361469476303577,2.472263912985651
2,7218,5,8.950000000000001,Shore Broadcast,-2.993199654577144,0.5019726260799482,46.303765948427504,46.347753855637926,1.10990932948826,1.7566614002876564,0.9960936513556998
2,7218,6,10.450000000000001,Shore Broadcast,-2.6664217660657585,0.5412000441985702,44.03087291820722,44.0439247934676,1.0270414740651237,1.7062948460730327,0.21865086460985148
2,7218,7,11.950000000000001,Shore Broadcast,-4.111472028952376,0.38801882580778385,53.1952919013725,54.07645139888175,1.5446258201575063,1.7466230520648673,1.7314793698802875
2,7218,8,13.450000000000001,Shore Broadcast,-3.49932833472161,0.44675268007935276,49.52279586829741,49.47665460617079,1.2905707845734926,1.6824984656825135,1.7151567255975184
2,7218,9,14.950000000000001,Shore Broadcast,-2.827921901582831,0.5214441623693251,45.213325469078654,45.3844535979693,1.0625103489328498,1.712255448001892,0.6047164213126052
2,7218,10,16.45,Shore Broadcast,-2.5426252319095455,0.5568490419607147,43.15406502469675,43.33438491636893,1.0072353595255379,1.7523771247145012,0.49231373557933505
2,7218,11,17.95,Shore Broadcast,-3.6574948770822964,0.43077502101570153,50.77451963652799,51.19768706734781,1.3388132310572576,1.7390122604374718,2.3176285744930234
2,7218,12,19.450000000000003,Shore Broadcast,-4.08421716718289,0.39046155839023755,52.73605538860756,52.68330486501179,1.5244585679713074,1.7295608101691777,2.022796389074246
2,7218,13,20.950000000000003,Shore Broadcast,-4.2819335535271765,0.3730840174101968,53.85645062938484,53.805178068579174,1.706099680194926,1.6651196677101208,2.193996044180384
2,7218,14,22.450000000000003,Shore Broadcast,-4.266669041242499,0.3743976342743192,53.92172723884733,53.874067303067115,1.6630423882931529,1.7728525598585472,2.2269752633008695
2,7218,15,23.950000000000003,Shore Broadcast,-3.19609394129535,0.4790607674316732,47.64880833037068,47.611530500677574,1.21049808972724,1.7025060926832238,1.279803298636063
2,7218,16,25.450000000000003,Shore Broadcast,-3.760873503926953,0.4206420154268161,51.22721672210191,51.241260454405406,1.42818251426397,1.7211137423019431,1.5969023768137798
2,7218,17,26.950000000000003,Shore Broadcast,-3.3976183694371094,0.45733892127173387,49.01171010145105,49.05916427401438,1.1397224139302387,1.7382353470265361,0.7045492847358117
2,7218,18,28.450000000000003,Shore Broadcast,-4.470461219034165,0.3572348979314838,54.91121432827994,55.21148637649964,1.743395542049651,1.7339115282714057,2.3470388093692107
2,7218,19,29.950000000000003,Shore Broadcast,-4.691747820463234,0.33948861771822064,55.909687651230385,55.86790198309274,1.8745076602410056,1.7054926983244638,2.463732586848129
3,8227,0,1.4500000000000002,No Algorithm,-3.7682413427842274,0.41992899804483036,51.1188256379312,51.10583114755455,,,
3,8227,1,2.95,No Algorithm,-4.0542204458737485,0.3931678117915946,52.74029723123191,52.730745244527974,,,
3,8227,2,4.45,No Algorithm,-3.9786305763855663,0.40007088080040154,52.384175133025,52.42523499189595,,,
3,8227,3,5.95,No Algorithm,-3.9714617225766533,0.4007318189909914,52.34036116042528,52.32909679914494,,,
3,8227,4,7.45,No Algorithm,-3.9750073630757123,0.4004047894793515,52.277329424018234,52.29204257843539,,,
3,8227,5,8.950000000000001,No Algorithm,-3.7194432549557055,0.42467400166114216,50.87841873912417,50.87056762889283,,,
3,8227,6,10.450000000000001,No Algorithm,-4.118161839955862,0.38742158718309605,53.09497784169105,53.06586541991432,,,
3,8227,7,11.950000000000001,No Algorithm,-3.9503398032264987,0.4026855259365811,52.226092864488315,52.38447945139635,,,
3,8227,8,13.450000000000001,No Algorithm,-3.915683054662625,0.4059118167659787,52.002602689582915,51.956419123651216,,,
3,8227,9,14.950000000000001,No Algorithm,-3.74637459779251,0.42204867408454755,51.11149137101869,51.281693245744904,,,
3,8227,10,16.45,No Algorithm,-3.913737529183536,0.40609369535900824,51.96564458250108,51.91590667754537,,,
3,8227,11,17.95,No Algorithm,-3.868954615892793,0.4103028545209724,51.578445433952,51.547044283492006,,,
3,8227,12,19.450000000000003,No Algorithm,-4.082590059217556,0.39060787435021194,52.903948730771546,52.85106063716836,,,
3,8227,13,20.950000000000003,No Algorithm,-3.593016816261349,0.4372182870068145,50.159280652077975,50.14440314956127,,,
3,8227,14,22.450000000000003,No Algorithm,-3.7856619722060945,0.41824793246301945,51.280186074589444,51.75490057068171,,,
3,8227,15,23.950000000000003,No Algorithm,-3.875776539219915,0.40965885431008653,51.756172735215735,51.756086113658874,,,
3,8227,16,25.450000000000003,No Algorithm,-3.7752383622809695,0.41925298537671396,51.17769517176991,51.20450899215683,,,
3,8227,17,26.950000000000003,No Algorithm,-3.521010904303429,0.44452778299671214,49.72685750866444,49.72002849146707,,,
3,8227,18,28.450000000000003,No Algorithm,-3.6862421636798803,0.427933005214304,50.691668600942116,50.72907658786176,,,
3,8227,19,29.950000000000003,No Algorithm,-4.119631448473602,0.3872905098227872,53.09002242373216,53.09080387417861,,,
3,8227,0,1.4500000000000002,DPC,-2.742189846460848,0.531840021535835,44.76168252810175,44.74061449753748,1.0255639921021222,1.6972348976249982,0.8273013539263189
3,8227,1,2.95,DPC,-2.2832015954336464,0.5911256988422935,40.95729369449212,40.94048548017119,1.0282366680295612,1.69665533601107,0.657396467809223
3,8227,2,4.45,DPC,-2.850778124164507,0.5187070940030568,45.32916952404574,45.30672049042451,1.0301135219915438,1.7005878884320962,0.5616912088577292
3,8227,3,5.95,DPC,-2.6639107299353744,0.5415130497438024,43.95933845434398,44.08093257669508,1.0332322606380095,1.6902041271013994,0.49393786330250694
3,8227,4,7.45,DPC,-2.4458693159421796,0.5693942385599172,42.313070169607045,42.29096211726849,1.0013829846025633,1.7452269615112779,0.4550882907660758
3,8227,5,8.950000000000001,DPC,-2.869179749904158,0.5165139138180518,45.46682386893533,45.45225844145769,1.0364941625474449,1.7400195130239224,0.40500793484150516
3,8227,6,10.450000000000001,DPC,-2.6700313126426742,0.5407504241196567,44.0323107788895,44.0818327964769,0.9883804359986719,1.710798678774151,0.3905606249433381
3,8227,7,11.950000000000001,DPC,-2.600128602783718,0.5495246011572502,43.504447469706946,43.49015575547475,1.0098616826562985,1.7391236120116862,0.3602099723131951
3,8227,8,13.450000000000001,DPC,-2.5717385686860306,0.5531286363035554,43.256649862057216,43.22733633006426,1.0036111450204876,1.7146445523143725,0.33447984106066475
3,8227,9,14.950000000000001,DPC,-2.5216504698410236,0.5595449145855916,43.00315651479335,43.20685323551314,0.9889363400329438,1.7135707366497561,0.3199115130076823
3,8227,10,16.45,DPC,-2.952697372214163,0.5066759177100767,46.090609479895676,46.072376495239546,1.0520150756293674,1.7396690849132885,0.30673565239435735
3,8227,11,17.95,DPC,-2.8951724704919295,0.5134317872850479,45.57714904034942,45.57466182277724,1.0786867564023177,1.7722202536871614,0.2918251748640882
3,8227,12,19.450000000000003,DPC,-2.7531829786423283,0.5304954973671607,44.63558398120395,44.612347940589196,1.0052539821829456,1.7463153754053384,0.277714696640586
3,8227,13,20.950000000000003,DPC,-2.576520952365668,0.5525198748431711,43.288170238623785,43.24963764390187,1.012893826260811,1.7191132798959852,0.2723719520069215
3,8227,14,22.450000000000003,DPC,-2.7733133666777516,0.5280422383336956,44.73077963786167,44.714630162124166,1.043531215736745,1.7429146206289843,0.2635327705456481
3,8227,15,23.950000000000003,DPC,-2.6033524029939055,0.5491168363246279,43.60387406185217,43.56373651986789,1.0336445558975156,1.7488178468973032,0.2546243506959219
3,8227,16,25.450000000000003,DPC,-2.8061437375916,0.5240655673818532,45.09013615083492,45.08800281872381,1.0231890959684338,1.7657199219832835,0.24636040284541685
3,8227,17,26.950000000000003,DPC,-2.9311260085898776,0.5091988324018009,46.10903053361495,46.080372888970004,1.041163331838386,1.761225520288007,0.24487427562507394
3,8227,18,28.450000000000003,DPC,-2.64603937634421,0.5437459840049483,43.857091350683845,44.00110907670884,0.9840965076193062,1.7762509162170468,0.24538048016876182
3,8227,19,29.950000000000003,DPC,-2.578462016129998,0.5522729832249781,43.37854040847044,43.35005284416042,1.0141216958137247,1.7640133624326846,0.23973680333599034
3,8227,0,1.4500000000000002,Node-KF DPC,-0.707855339684853,0.8495999262368856,23.279346390128637,23.25910011146983,0.47712474312645703,0.2711677132592864,0.8273013539263189
3,8227,1,2.95,Node-KF DPC,-0.518087246340482,0.8875468262705967,19.892640867796437,19.895300523150933,0.40211319066787665,0.22322102684587752,0.657396467809223
3,8227,2,4.45,Node-KF DPC,-0.3883246789863205,0.9144659350006981,17.18482131002499,17.191069250520652,0.3398874513171816,0.20267018026245717,0.5616912088577292
3,8227,3,5.95,Node-KF DPC,-0.2978096336766681,0.9337251067713251,15.02411928136096,15.022034029161395,0.29501349333435434,0.19183333926205787,0.49393786330250694
3,8227,4,7.45,Node-KF DPC,-0.27501581929368124,0.9386386176494179,14.455710610603361,14.44134999604719,0.27932492324345504,0.18094529358743064,0.4550882907660758
3,8227,5,8.950000000000001,Node-KF DPC,-0.24145827248908447,0.9459194875206072,13.550466227313494,13.53701277815277,0.26010984170901974,0.17330624419600799,0.40500793484150516
3,8227,6,10.450000000000001,Node-KF DPC,-0.22842479534526805,0.9487625211244823,13.187116950865933,13.176212513752155,0.2532772857341045,0.17349810239325358,0.3905606249433381
3,8227,7,11.950000000000001,Node-KF DPC,-0.21616096210437943,0.9514454723753827,12.859475461511746,12.847020093940488,0.2488398196204425,0.1683787714102787,0.3602099723131951
3,8227,8,13.450000000000001,Node-KF DPC,-0.18262622313175153,0.9588206475245128,11.7878822077214,11.776714163575221,0.2250810660928462,0.16608783558211804,0.33447984106066475
3,8227,9,14.950000000000001,Node-KF DPC,-0.17127618355428192,0.9613297480874464,11.4025193661424,11.411848015208303,0.2136120135641087,0.16630038960346874,0.3199115130076823
3,8227,10,16.45,Node-KF DPC,-0.16633960266248154,0.9624231030503416,11.224268367426761,11.254043722059883,0.2086344210674995,0.16238878042557825,0.30673565239435735
3,8227,11,17.95,Node-KF DPC,-0.15088532273834246,0.9658539666004714,10.69451710824067,10.737808087314114,0.20015012664312185,0.15725080416375448,0.2918251748640882
3,8227,12,19.450000000000003,Node-KF DPC,-0.1442713759758795,0.967326003140622,10.455712608377134,10.491952070308457,0.18881190745168955,0.16270172913999223,0.277714696640586
3,8227,13,20.950000000000003,Node-KF DPC,-0.13536444846289858,0.969311923789702,10.122025711028629,10.169323436349881,0.18430083482715376,0.16353109630850093,0.2723719520069215
3,8227,14,22.450000000000003,Node-KF DPC,-0.141360117624182,0.9679746597828053,10.351059203792282,10.342677048645976,0.18340099435531082,0.15842874093966375,0.2635327705456481
3,8227,15,23.950000000000003,Node-KF DPC,-0.1267578330027952,0.9712347589062259,9.80205423475429,9.792505931627929,0.1762606772382194,0.1662925593986279,0.2546243506959219
3,8227,16,25.450000000000003,Node-KF DPC,-0.11903148740965071,0.9729641786383713,9.497550000544377,9.518626278878617,0.1694605813220938,0.15801467810543535,0.24636040284541685
3,8227,17,26.950000000000003,Node-KF DPC,-0.12202033391775226,0.9722948079069803,9.612918710485458,9.619191512786143,0.16719128597101984,0.1611336425606748,0.24487427562507394
3,8227,18,28.450000000000003,Node-KF DPC,-0.12018063472864343,0.9727067654511027,9.54708100672956,9.54604048353302,0.16351843970908314,0.16279283215706275,0.24538048016876182
3,8227,19,29.950000000000003,Node-KF DPC,-0.1286203471514221,0.9708183247306904,9.877472766263269,9.871115948212426,0.1672266493455237,0.16520702533092038,0.23973680333599034
3,8227,0,1.4500000000000002,KF-DPC,-0.14671378281978437,0.9667821464887598,10.54597876238624,10.769310719673301,0.19293701194975127,0.2711677132592864,0.17191772117947482
3,8227,1,2.95,KF-DPC,-0.09684752876144287,0.9779468386806823,8.563741590165645,8.562662998273769,0.14090817635939804,0.22322102684587752,0.1209341950795584
3,8227,2,4.45,KF-DPC,-0.09241469650372194,0.9789455360222121,8.364499076175962,8.40845056702873,0.13788895645856453,0.20267018026245717,0.13998754596239116
3,8227,3,5.95,KF-DPC,-0.07788745980856315,0.9822256111874673,7.679516047303503,7.67574117692083,0.12416127497434941,0.19183333926205787,0.10528816124216105
3,8227,4,7.45,KF-DPC,-0.07684227293413382,0.9824620251652548,7.6269779711299694,7.61946330889938,0.1195664359527165,0.18094529358743064,0.09602615838606936
3,8227,5,8.950000000000001,KF-DPC,-0.07065633501141055,0.9838624066254588,7.315827671965754,7.309760620830078,0.11112429062243669,0.17330624419600799,0.07418993516409597
3,8227,6,10.450000000000001,KF-DPC,-0.0697419875383031,0.9840695671692624,7.266137419335162,7.258927441792431,0.11350392357334392,0.17349810239325358,0.06737505641488442
3,8227,7,11.950000000000001,KF-DPC,-0.06407739333887191,0.985353947226935,6.966966312053221,6.961689525028344,0.10973644241798211,0.1683787714102787,0.053850835758254625
3,8227,8,13.450000000000001,KF-DPC,-0.05775598945377835,0.9867892304119075,6.613531399207021,6.608821064106766,0.10478681378119065,0.16608783558211804,0.04050967919167366
3,8227,9,14.950000000000001,KF-DPC,-0.06039773455248993,0.9861891645509271,6.764285729023055,6.780850159143077,0.10151843576040694,0.16630038960346874,0.02909344744457643
3,8227,10,16.45,KF-DPC,-0.06324171235574076,0.9855435698952291,6.9220054928657015,6.924492236577969,0.10020443413188689,0.16238878042557825,0.024366280527571265
3,8227,11,17.95,KF-DPC,-0.05969279819152079,0.9863492533972179,6.725213685979374,6.718923451474989,0.09854351318039689,0.15725080416375448,0.023568990863308627
3,8227,12,19.450000000000003,KF-DPC,-0.06311865884038995,0.9855714947996387,6.915470043118047,6.90866272653119,0.09970618943721853,0.16270172913999223,0.020512148271455772
3,8227,13,20.950000000000003,KF-DPC,-0.0681650106286545,0.9844269598676624,7.185623383810631,7.1801902854671145,0.10966592830296046,0.16353109630850093,0.019176848636331338
3,8227,14,22.450000000000003,KF-DPC,-0.06926002146891046,0.9841787821097056,7.242912668916518,7.238594464147236,0.10608714023590345,0.15842874093966375,0.019841730457023362
3,8227,15,23.950000000000003,KF-DPC,-0.06360559026386739,0.9854609986159746,6.942686665991764,6.935769033993932,0.10865964638115712,0.1662925593986279,0.02163518718157782
3,8227,16,25.450000000000003,KF-DPC,-0.06262660231465196,0.9856831665752888,6.8877170055994785,6.89660326159406,0.10623009622594651,0.15801467810543535,0.025653138348276497
3,8227,17,26.950000000000003,KF-DPC,-0.06484468457794501,0.9851798748639351,7.008437961978876,7.002197072138108,0.10415950489811422,0.1611336425606748,0.031962197413848425
3,8227,18,28.450000000000003,KF-DPC,-0.06618699789480934,0.9848754234431807,7.079663925544457,7.085201953691679,0.10652332638838444,0.16279283215706275,0.03732560642879043
3,8227,19,29.950000000000003,KF-DPC,-0.07006139665546873,0.9839971947937347,7.285011438861671,7.296493289969737,0.10881987630389738,0.16520702533092038,0.04108172710458383
3,8227,0,1.4500000000000002,Shore Broadcast,-3.3053337841921007,0.46716104535890685,48.483237758195784,48.755147524286485,1.2037425149908128,1.7395248392119622,0.9370325552207581
3,8227,1,2.95,Shore Broadcast,-3.3524449899807864,0.4621207835094519,48.70683014750365,48.937878913429586,1.2488116011431267,1.7496003750932099,1.5556144224922637
3,8227,2,4.45,Shore Broadcast,-2.9546087426715255,0.5064529739838128,46.15516278817774,46.6744004596444,1.18451088971516,1.75102971350677,1.5617145015642062
3,8227,3,5.95,Shore Broadcast,-3.0953443186678253,0.4903041488087314,47.10196030250347,47.4582714777812,1.1617780988315112,1.7508811603639476,1.0459576823165797
3,8227,4,7.45,Shore Broadcast,-2.7560796927711557,0.5301417785200715,44.700376952677,44.81291636289611,1.0824535406454487,1.6853051627563045,1.4660342357974578
3,8227,5,8.950000000000001,Shore Broadcast,-3.176273551497588,0.48125210801686114,47.68262393265036,48.32872856856547,1.2749350194554538,1.7084583458057037,1.1140785026722144
3,8227,6,10.450000000000001,Shore Broadcast,-4.196891410660417,0.38046162537881223,53.50705864239379,53.45539135031534,1.87625967866623,1.757205802338821,2.303343930441917
3,8227,7,11.950000000000001,Shore Broadcast,-3.293712281178058,0.46841281903436294,48.52561562403522,49.74896496161143,1.2572567641239303,1.6640528435606126,1.6689247663410665
3,8227,8,13.450000000000001,Shore Broadcast,-3.2559566714931716,0.4725027417019009,48.211651101373725,48.2036720910772,1.182198759212154,1.7199348659334401,1.1118336435545535
3,8227,9,14.950000000000001,Shore Broadcast,-3.062451696510902,0.49403171549901215,46.88045679607104,47.16349863254401,1.0791564011066122,1.7756270377862429,0.7467451516970713
3,8227,10,16.45,Shore Broadcast,-3.4777013148055143,0.4489829700691481,49.53195744397112,50.11314526314016,1.3018626127588382,1.7205129273010664,1.3328452136513782
3,8227,11,17.95,Shore Broadcast,-4.15264804353077,0.3843573546224173,53.30339398035607,53.307929079757336,1.8571407551466677,1.6898326266426906,2.970772497199335
3,8227,12,19.450000000000003,Shore Broadcast,-4.141497024327164,0.3853455051761259,53.15905525615855,53.10855026465886,1.6255693806968452,1.7214498355559569,2.073398916042872
3,8227,13,20.950000000000003,Shore Broadcast,-3.470764750399111,0.44970066000253467,49.47539408538788,49.49892751297273,1.3117069877947365,1.6995306453762378,1.582618371013917
3,8227,14,22.450000000000003,Shore Broadcast,-2.5974714346913115,0.5498609227277419,43.595780769568016,43.56908119358666,1.0435751297482487,1.6866624185603147,0.7367267902523607
3,8227,15,23.950000000000003,Shore Broadcast,-3.1935019728121796,0.4793467671569129,47.7476246864388,47.94901256642283,1.2166034096648073,1.758052521950202,1.3981393925259071
3,8227,16,25.450000000000003,Shore Broadcast,-4.533117232460764,0.35211804079694414,55.217474684770885,55.39292967777036,1.7427597989373889,1.7580260040448183,2.2679309421235234
3,8227,17,26.950000000000003,Shore Broadcast,-4.278622872524568,0.3733685324408318,53.90415996079057,53.882887494628655,1.809812641370858,1.7170074606246681,2.4991736052625013
3,8227,18,28.450000000000003,Shore Broadcast,-3.3834832848579195,0.45882985798533277,48.90523752395695,49.0681074733995,1.2518584901674652,1.7205293350238333,1.1574089090843969
3,8227,19,29.950000000000003,Shore Broadcast,-4.3050659344807904,0.37110209538732714,54.09268096730984,54.101770968194394,1.8561105194846663,1.7681586724246234,2.4123027907775283
4,9236,0,1.4500000000000002,No Algorithm,-3.750266228743426,0.4216706536207038,51.030679904227945,51.00447164890341,,,
4,9236,1,2.95,No Algorithm,-3.838491925329726,0.41319095641223247,51.587996054048574,51.539899842113925,,,
4,9236,2,4.45,No Algorithm,-4.223341394032906,0.37815152887398223,53.65459778803806,53.61756037086562,,,
4,9236,3,5.95,No Algorithm,-4.17082018536432,0.38275245190683727,53.38552178171338,53.336072360496374,,,
4,9236,4,7.45,No Algorithm,-3.8993568547330293,0.4074406110824521,51.918183537902294,51.86742773091054,,,
4,9236,5,8.950000000000001,No Algorithm,-3.8040544753605343,0.4164803852215369,51.329775299242314,51.29174956726404,,,
4,9236,6,10.450000000000001,No Algorithm,-3.764422536364039,0.420298409325038,51.14346327474858,51.116266803875874,,,
4,9236,7,11.950000000000001,No Algorithm,-4.128527867582111,0.38649796646039514,53.21096550867813,53.3202031320263,,,
4,9236,8,13.450000000000001,No Algorithm,-3.7743048444950453,0.4193431136656134,51.158491879658236,51.10764041378358,,,
4,9236,9,14.950000000000001,No Algorithm,-4.077208889969599,0.39109216091474414,52.78772174302868,52.80114034770358,,,
4,9236,10,16.45,No Algorithm,-3.6851804500553302,0.4280376341842088,50.69932820070176,50.72141710775986,,,
4,9236,11,17.95,No Algorithm,-3.9837914094807276,0.39959574863862796,52.30871038542217,52.25736619671986,,,
4,9236,12,19.450000000000003,No Algorithm,-3.946446647334237,0.40304666808314077,52.07937284399223,52.2383110133536,,,
4,9236,13,20.950000000000003,No Algorithm,-3.8263683290484654,0.41434601571654156,51.41949127882862,51.3734314584122,,,
4,9236,14,22.450000000000003,No Algorithm,-3.9642822373396696,0.4013948316903477,52.19838376507088,52.173508977557425,,,
4,9236,15,23.950000000000003,No Algorithm,-3.8370070159568668,0.4133322559341103,51.51466959224848,51.512050166722155,,,
4,9236,16,25.450000000000003,No Algorithm,-4.013186415592719,0.3969002371867636,52.54723931019048,52.58590411729923,,,
4,9236,17,26.950000000000003,No Algorithm,-3.9065982951979867,0.40676180934381595,51.866272990610994,51.975981553955314,,,
4,9236,18,28.450000000000003,No Algorithm,-3.82309905962003,0.4146580433396487,51.53360025132882,51.57060582045027,,,
4,9236,19,29.950000000000003,No Algorithm,-4.082104840396278,0.3906515177508018,52.93655412760487,52.92798235787279,,,
4,9236,0,1.4500000000000002,DPC,-3.007379009057702,0.5003363996319791,46.49283473141452,46.486505980625495,1.1598552377834472,1.7601284114284208,0.807526818989414
4,9236,1,2.95,DPC,-2.844906883615223,0.5194088099487826,45.27882960358624,45.24752888947999,1.0848815585861469,1.7537426667682328,0.6313528966602152
4,9236,2,4.45,DPC,-2.7793189958691746,0.5273125412358062,44.90529891633244,44.88545106533692,1.0689665279522578,1.7122374016473065,0.5702882891892287
4,9236,3,5.95,DPC,-2.6622198164034385,0.5417239273989569,43.955153288676726,43.920741626359046,1.0066716386093237,1.7209095274081714,0.5134418116366292
4,9236,4,7.45,DPC,-2.7763671945533845,0.5276710654639822,44.78122897389742,44.76183835162517,1.0317926743548427,1.7264506240098179,0.47380405686181565
4,9236,5,8.950000000000001,DPC,-2.752367772406652,0.5305950850539621,44.75574525348451,44.75718185021524,1.015138063247239,1.7056855014572256,0.4308680773139386
4,9236,6,10.450000000000001,DPC,-2.729232492909862,0.5334291574465125,44.54925329462102,44.521718032080635,1.0348179863515037,1.6868645667653546,0.3995123553731371
4,9236,7,11.950000000000001,DPC,-3.044057076953475,0.4961286331948724,46.57883784540296,46.542925804137546,1.0907010144194726,1.7995825812053414,0.38266603258762116
4,9236,8,13.450000000000001,DPC,-2.795561501105883,0.5253440887676895,44.97404428023812,44.93631384678023,1.0261821513247271,1.7241282949467602,0.3614656434474446
4,9236,9,14.950000000000001,DPC,-2.5925901757410252,0.550479287127487,43.36652402428965,43.3243192359032,1.0223295849110727,1.7095963825267015,0.33282733084911587
4,9236,10,16.45,DPC,-2.559696948426736,0.554664416203372,43.27880135909588,43.261066958696325,0.9895058498717767,1.7131906658538578,0.3085004197299621
4,9236,11,17.95,DPC,-2.510919357147086,0.5609292204652693,42.85608527920303,42.8176513158983,1.0101043772637395,1.7233622942973579,0.30042730556659475
4,9236,12,19.450000000000003,DPC,-2.3817380747964645,0.5778647358924414,41.89909499080135,41.878003769908354,0.981981489365287,1.7072408481325347,0.27855462719660706
4,9236,13,20.950000000000003,DPC,-2.650837421408055,0.5431455902123169,43.91656839759211,43.89513608062376,0.9646241408015542,1.706881909371882,0.2670403552828338
4,9236,14,22.450000000000003,DPC,-2.647919357215651,0.5435106573151924,43.84696335902988,43.80338136693193,0.9996177201422703,1.7559427869183428,0.2578254627373567
4,9236,15,23.950000000000003,DPC,-2.730653587741874,0.533254637750962,44.47850874396803,44.46684901688166,0.9993789934166858,1.7432242470840318,0.2494735873310827
4,9236,16,25.450000000000003,DPC,-2.6088307041877075,0.5484246030553982,43.59794082810093,43.56269910746294,0.9893434015556563,1.7016383371660913,0.25253661683412865
4,9236,17,26.950000000000003,DPC,-2.670855928370162,0.5406477589944995,43.982568563571895,43.94928829496249,1.0202730013509527,1.7745424239724448,0.24980420190843275
4,9236,18,28.450000000000003,DPC,-2.44994986871613,0.5688594972391182,42.27467408006937,42.24038820700524,0.9301742396126575,1.6626134139882862,0.24175341533922617
4,9236,19,29.950000000000003,DPC,-2.5184837800611253,0.5599530596097808,42.88230068832479,42.84292533833713,1.0058216813636327,1.7304274110844524,0.23814338770966134
4,9236,0,1.4500000000000002,Node-KF DPC,-0.7164467639789736,0.8479208677591916,23.44983379944548,23.454292001313636,0.48728133879974433,0.2555423990501711,0.807526818989414
4,9236,1,2.95,Node-KF DPC,-0.5241591584992416,0.8863068057165411,19.962467258045677,19.958071846167346,0.40034665599682395,0.21825841370276924,0.6313528966602152
4,9236,2,4.45,Node-KF DPC,-0.43374062701471844,0.9049528191302036,18.194489983110667,18.176871531069644,0.36181084061698615,0.2022714614314569,0.5702882891892287
4,9236,3,5.95,Node-KF DPC,-0.34515584950374445,0.9236010437785859,16.243839128855278,16.22894562559851,0.3198993008537153,0.19403483969514546,0.5134418116366292
4,9236,4,7.45,Node-KF DPC,-0.2854093804604888,0.9363949480237119,14.708781468379634,14.70380536051431,0.2896029817694693,0.1821042320670004,0.47380405686181565
4,9236,5,8.950000000000001,Node-KF DPC,-0.2329285074169238,0.9477791472621878,13.286579074720873,13.298425751889132,0.25883494205576146,0.17967225898515962,0.4308680773139386
4,9236,6,10.450000000000001,Node-KF DPC,-0.22172736312433186,0.9502267752320099,12.952691026914252,12.941269331310401,0.2458993597060777,0.17373424949498903,0.3995123553731371
4,9236,7,11.950000000000001,Node-KF DPC,-0.20300787761150452,0.9543313972575725,12.394855441450241,12.39601569878219,0.23306985126453392,0.16756255319651692,0.38266603258762116
4,9236,8,13.450000000000001,Node-KF DPC,-0.2001428891590218,0.9549611659025155,12.31695435664106,12.305019908294032,0.2360455700747385,0.17413526584494088,0.3614656434474446
4,9236,9,14.950000000000001,Node-KF DPC,-0.18087070307339287,0.959208303641588,11.704872408792857,11.693959226884033,0.22123806042708696,0.16407396513903139,0.33282733084911587
4,9236,10,16.45,Node-KF DPC,-0.14849481483382446,0.9663857525657484,10.606082891360892,10.596567932407694,0.2002716817860415,0.16049716315111295,0.3085004197299621
4,9236,11,17.95,Node-KF DPC,-0.14509315823572577,0.9671429807497464,10.487270502771048,10.485586076416757,0.2013656995479693,0.16721809386248246,0.30042730556659475
4,9236,12,19.450000000000003,Node-KF DPC,-0.1355640033415787,0.9692673856968907,10.135462229783613,10.145897895773434,0.19177039811330987,0.16383394134990417,0.27855462719660706
4,9236,13,20.950000000000003,Node-KF DPC,-0.1272425195337854,0.9711263720492953,9.816346123752695,9.834678093535672,0.1861989432586604,0.1628467997732574,0.2670403552828338
4,9236,14,22.450000000000003,Node-KF DPC,-0.12628124339154903,0.9713413469045465,9.783397793077373,9.78473772185115,0.18541093665245698,0.16317651285346405,0.2578254627373567
4,9236,15,23.950000000000003,Node-KF DPC,-0.11917177154280648,0.9729327508312827,9.500685325321639,9.498822082545438,0.1809704700445301,0.1616584986998317,0.2494735873310827
4,9236,16,25.450000000000003,Node-KF DPC,-0.1258686660018624,0.9714336281861157,9.765605188905122,9.772344070773292,0.18491125442240008,0.16009633083294397,0.25253661683412865
4,9236,17,26.950000000000003,Node-KF DPC,-0.1284067133181065,0.9708660814372547,9.86095292533779,9.863121999224244,0.18531431799537204,0.1605699830168925,0.24980420190843275
4,9236,18,28.450000000000003,Node-KF DPC,-0.11930391324456638,0.9729031480988368,9.50771464764107,9.515459541563759,0.17876167582770608,0.1623167882543325,0.24175341533922617
4,9236,19,29.950000000000003,Node-KF DPC,-0.12513667957004448,0.9715973733389573,9.738095512914281,9.74353865446251,0.1788081751398128,0.1658051362926452,0.23814338770966134
4,9236,0,1.4500000000000002,KF-DPC,-0.13146850089991124,0.9701818594999821,9.98345783662527,9.976153357018065,0.17513632306840332,0.2555423990501711,0.144215145857696
4,9236,1,2.95,KF-DPC,-0.10238224000671028,0.9767013230055344,8.804392857632005,8.851038067442525,0.1534295245350508,0.21825841370276924,0.13407725829939782
4,9236,2,4.45,KF-DPC,-0.09271238597878888,0.9788784359766721,8.379326590037676,8.38414829586945,0.13697458110957975,0.2022714614314569,0.10834627861634281
4,9236,3,5.95,KF-DPC,-0.08280056696874483,0.9811150626431433,7.919449646618502,7.92191413759934,0.1305808987433583,0.19403483969514546,0.09680722457941995
4,9236,4,7.45,KF-DPC,-0.07142517921408595,0.9836882460072802,7.356460782180811,7.350027923346697,0.11641264581047175,0.1821042320670004,0.0810901021709692
4,9236,5,8.950000000000001,KF-DPC,-0.07413325874896731,0.9830750501825891,7.491751136651048,7.484287906667779,0.11763892320352408,0.17967225898515962,0.05717686241653095
4,9236,6,10.450000000000001,KF-DPC,-0.0735205980054689,0.9832137427059786,7.462813620261678,7.455979972694707,0.11715414157045782,0.17373424949498903,0.05971098476754421
4,9236,7,11.950000000000001,KF-DPC,-0.07169471942043927,0.983627196347174,7.3692943674950016,7.368100051652987,0.11138610050874366,0.16756255319651692,0.0695213768488525
4,9236,8,13.450000000000001,KF-DPC,-0.07330262019355135,0.9832630926672989,7.449691717089736,7.443597762754707,0.12217493078229792,0.17413526584494088,0.07435675884491692
4,9236,9,14.950000000000001,KF-DPC,-0.0699309391762307,0.984026753475004,7.276499247655001,7.276035864290573,0.11586352218591794,0.16407396513903139,0.07513971827151955
4,9236,10,16.45,KF-DPC,-0.0688843639102436,0.9842639156318387,7.223418663991372,7.227855714598365,0.1162825135874331,0.16049716315111295,0.06766000557777509
4,9236,11,17.95,KF-DPC,-0.06783466522529699,0.9845018429949358,7.16712390273352,7.160915411777811,0.1156767806676641,0.16721809386248246,0.062080740201225816
4,9236,12,19.450000000000003,KF-DPC,-0.07124297305790757,0.9837295170391591,7.3454300338848535,7.340258748113573,0.11526347641699886,0.16383394134990417,0.05360312376006178
4,9236,13,20.950000000000003,KF-DPC,-0.06925243746205657,0.9841805007650091,7.241090620389561,7.23400556125076,0.1131141533902834,0.1628467997732574,0.04189485520280635
4,9236,14,22.450000000000003,KF-DPC,-0.06846559008171099,0.9843588290739212,7.200409406048822,7.194023626593486,0.10896414198144222,0.16317651285346405,0.03135973985754333
4,9236,15,23.950000000000003,KF-DPC,-0.0623637166917779,0.9857428334112024,6.874137081767666,6.86762347688683,0.10358228821854765,0.1616584986998317,0.02286553822150541
4,9236,16,25.450000000000003,KF-DPC,-0.06153070883475504,0.9859319240660317,6.826026144601194,6.8194824948705035,0.09973796510943618,0.16009633083294397,0.014652080696470768
4,9236,17,26.950000000000003,KF-DPC,-0.06283644491124385,0.9856355414437757,6.899664022750078,6.894872512644273,0.10421361308136574,0.1605699830168925,0.008676602271895312
4,9236,18,28.450000000000003,KF-DPC,-0.05839601449398612,0.9866438168025093,6.650732559445357,6.644222979591482,0.10149365524457567,0.1623167882543325,0.010444742803299226
4,9236,19,29.950000000000003,KF-DPC,-0.06585925240529453,0.9849497510414654,7.063116355511421,7.057807078118143,0.10565566403711328,0.1658051362926452,0.01547686861957062
4,9236,0,1.4500000000000002,Shore Broadcast,-2.8139936725461077,0.523119166937657,45.09544012619461,45.086067367075664,1.0660432722434656,1.7422294072064481,0.5593680497070717
4,9236,1,2.95,Shore Broadcast,-4.428349795260599,0.36071567945023214,54.70576475818234,55.02636244536483,2.393400864932296,1.74631159186169,2.959141441289959
4,9236,2,4.45,Shore Broadcast,-4.4031986062183135,0.3628107439456297,54.628053575015684,55.016095050754245,1.739923060474519,1.7654661807437988,2.102334740782934
4,9236,3,5.95,Shore Broadcast,-4.081704366776217,0.39068754234870834,53.10697201304498,53.566568826347286,1.4629856810400177,1.6970476166979294,1.5231895442599723
4,9236,4,7.45,Shore Broadcast,-4.236547294283378,0.3770034031853159,53.813555265921934,54.06454335527703,1.503283102996257,1.74265182810269,1.5979822118531224
4,9236,5,8.950000000000001,Shore Broadcast,-3.359639922140587,0.4613558244433625,48.85281595537014,49.45900434075613,1.3317540427017274,1.727291314899836,1.8181027192666732
4,9236,6,10.450000000000001,Shore Broadcast,-2.9674495526594997,0.5049577531087861,46.28102607731033,46.63676977563306,1.103595901927314,1.697003411076311,0.9652977598582304
4,9236,7,11.950000000000001,Shore Broadcast,-3.547655424943196,0.4418088972085325,50.19997806045351,51.61828913092823,1.294500061532398,1.7007190058360167,1.7420080349519873
4,9236,8,13.450000000000001,Shore Broadcast,-4.398359537718405,0.3632152262940836,54.55550402304859,54.54499584630942,1.5951483103608277,1.6872623962095148,1.9140445623704396
4,9236,9,14.950000000000001,Shore Broadcast,-4.376242233891498,0.3650696896381955,54.37554612810276,54.36997129433554,1.7119042749063247,1.722527336653735,2.3044243969572054
4,9236,10,16.45,Shore Broadcast,-4.497235470075431,0.35503931991793747,54.96784867809456,54.91664206789553,1.8358924973441773,1.7102842585080842,2.402560762790993
4,9236,11,17.95,Shore Broadcast,-3.081267360726133,0.49189596936190827,46.8670212351439,46.8813604063158,1.0638823400944775,1.7377046097576667,0.6112298719048203
4,9236,12,19.450000000000003,Shore Broadcast,-4.15175958582034,0.3844359925516455,53.29897274700982,53.526194561354195,2.0692484432001703,1.702861915882652,3.1372339146998485
4,9236,13,20.950000000000003,Shore Broadcast,-3.1839534995330903,0.4804018266260852,47.711971457384124,48.21975424400004,1.1470452945896252,1.702489957256206,1.1349955873826634
4,9236,14,22.450000000000003,Shore Broadcast,-3.6662189818841346,0.4299105489924444,50.592105841414885,50.5414889718894,1.3842051988501234,1.7623595555515064,1.5219540596239816
4,9236,15,23.950000000000003,Shore Broadcast,-3.676636258561181,0.4288805726968916,50.62706054254063,50.608794884137154,1.2985308879936028,1.7254180705919469,1.2092878577213693
4,9236,16,25.450000000000003,Shore Broadcast,-2.8740691804381595,0.5159327326339662,45.49439835373017,45.45766200284147,1.1061933325565303,1.7033657766255672,0.9820491179105482
4,9236,17,26.950000000000003,Shore Broadcast,-3.2841947731484913,0.4694404653624178,48.20138986007998,48.19767633777731,1.2971669297605406,1.8273128670629344,1.3200760377794154
4,9236,18,28.450000000000003,Shore Broadcast,-4.3788031919638355,0.3648544779312942,54.439959358421,54.50080143344097,1.5200367931282743,1.7411804652344205,2.0443992353156757
4,9236,19,29.950000000000003,Shore Broadcast,-3.460203378400731,0.45079559346650344,49.30641271838791,49.26542072161502,1.3150730595165412,1.7338259746411624,1.508759385200098
5,10245,0,1.4500000000000002,No Algorithm,-4.306405033721143,0.3709876877793045,54.14614152925176,54.0922249443083,,,
5,10245,1,2.95,No Algorithm,-3.7103940849755763,0.4255597954819422,50.83571850970933,50.80449325704666,,,
5,10245,2,4.45,No Algorithm,-4.45594768322045,0.35843072581175006,54.70699194879838,54.652789210447,,,
5,10245,3,5.95,No Algorithm,-3.830867990146202,0.41391694023625103,51.50846504420472,51.59506699325085,,,
5,10245,4,7.45,No Algorithm,-3.730341032001698,0.4236097005713077,51.01457571146544,51.05933633343494,,,
5,10245,5,8.950000000000001,No Algorithm,-3.729106682930692,0.42373011576786973,50.85073647859918,50.82715527729204,,,
5,10245,6,10.450000000000001,No Algorithm,-3.895262891209845,0.4078248741862121,51.921943187245134,51.944495460661244,,,
5,10245,7,11.950000000000001,No Algorithm,-4.2936213770536575,0.37208131578505893,53.988026445888856,53.93602303385434,,,
5,10245,8,13.450000000000001,No Algorithm,-3.807378630730291,0.41616172683096686,51.37599081000345,51.35784622644877,,,
5,10245,9,14.950000000000001,No Algorithm,-3.9192115700886268,0.4055821592439215,51.905269012067876,51.87283922780219,,,
5,10245,10,16.45,No Algorithm,-3.485091517743485,0.4482196046822724,49.57552034013744,49.78982154678861,,,
5,10245,11,17.95,No Algorithm,-3.739442821472821,0.4227228440551373,50.93411027824786,50.90535210581924,,,
5,10245,12,19.450000000000003,No Algorithm,-3.7008375289630573,0.42649726165363194,50.769974812841475,50.720024008866766,,,
5,10245,13,20.950000000000003,No Algorithm,-3.9115014579040386,0.4063028364588755,51.96632248500943,51.98490917655502,,,
5,10245,14,22.450000000000003,No Algorithm,-3.8503082177996424,0.41206827366851806,51.700535003052664,51.67313808032566,,,
5,10245,15,23.950000000000003,No Algorithm,-3.8575462191894125,0.4113820879431016,51.55371504893172,51.53510648462908,,,
5,10245,16,25.450000000000003,No Algorithm,-3.8944565425320317,0.4079006015076844,51.97520979637185,52.3174017478026,,,
5,10245,17,26.950000000000003,No Algorithm,-3.827557678992929,0.41423255930423497,51.45022148172175,51.399162257656826,,,
5,10245,18,28.450000000000003,No Algorithm,-4.372916518439195,0.3653493576854371,54.41265716891808,54.35987760399029,,,
5,10245,19,29.950000000000003,No Algorithm,-3.8560192091251415,0.41152675822208135,51.69827560933193,51.662408783022755,,,
5,10245,0,1.4500000000000002,DPC,-2.9353301321096255,0.5087061485069733,45.93116271502913,45.89269911293364,1.1335204819642215,1.6883384439564042,0.8554744649411062
5,10245,1,2.95,DPC,-2.9405234215865885,0.5080982017193718,45.932942753084674,45.95495866485952,1.0459742296122556,1.7488040705745715,0.6411021446347165
5,10245,2,4.45,DPC,-2.8237759437664907,0.52194219258448,45.13605481173652,45.132224994627165,1.0683190934841151,1.7885219301322899,0.5676874076399968
5,10245,3,5.95,DPC,-2.905690324915925,0.5121898495852062,45.77827874756096,45.74215120192264,1.0391077098556125,1.745320300151461,0.4818915269830853
5,10245,4,7.45,DPC,-2.8280296614399876,0.5214312241318666,45.18646917545934,45.220934498403906,1.057491188250138,1.6977224658885453,0.4424876515820325
5,10245,5,8.950000000000001,DPC,-2.9184295962904923,0.5106896313587794,45.85306751178857,45.86602287610104,1.0758613569497175,1.811476365788718,0.40257771432613265
5,10245,6,10.450000000000001,DPC,-2.529551306883286,0.5585278962936392,43.081296061942766,43.04165106739002,0.9551833869250017,1.6615109189718653,0.3784573488686613
5,10245,7,11.950000000000001,DPC,-2.658151718360454,0.5422316056269681,44.01995452011201,44.017764361684804,1.0044425853466619,1.7120153863223466,0.34769816067236975
5,10245,8,13.450000000000001,DPC,-2.700285392111353,0.536996507042639,44.24522204142665,44.224315215235535,1.0109404527574595,1.718657728184382,0.3221515267384427
5,10245,9,14.950000000000001,DPC,-2.6758298136778613,0.5400289206836448,44.13045190693747,44.492975062197054,1.0577264260666295,1.7831174368396245,0.30738884708224196
5,10245,10,16.45,DPC,-2.504486490344586,0.5617606969955985,42.78616968652821,42.74429767710866,0.9875534193799728,1.7418517325211833,0.29669645319403937
5,10245,11,17.95,DPC,-2.754045217626823,0.5303901843793143,44.63378714570402,44.60672253201457,1.0079016820111406,1.7282323923638925,0.2972893614422705
5,10245,12,19.450000000000003,DPC,-2.3819777447480646,0.5778328467025994,41.82928105835397,41.86573961049975,0.9447931995892912,1.7280966179408739,0.28457465061733483
5,10245,13,20.950000000000003,DPC,-2.6807279743209107,0.5394201960924035,44.1035625630128,44.060827699598896,1.0477849636389112,1.767439282842283,0.28396723813402974
5,10245,14,22.450000000000003,DPC,-2.786281528842403,0.5264678403027669,44.914129373151766,44.871466160037755,1.0429727984115529,1.7083156746446087,0.27170198286540204
5,10245,15,23.950000000000003,DPC,-2.4410230471277847,0.5700299771773975,42.27248430443532,42.231031048706015,0.9521794759356684,1.6831066467816669,0.2653945519955874
5,10245,16,25.450000000000003,DPC,-2.6945477188188462,0.5377064278091603,44.169422350601366,44.18700742452625,1.0351643626308535,1.732008918002234,0.2555815935596975
5,10245,17,26.950000000000003,DPC,-2.3965117230494255,0.5759023195004337,41.93254093487819,42.0598204466587,0.9349653901368224,1.665141154664936,0.25052474199835156
5,10245,18,28.450000000000003,DPC,-3.1281215735129804,0.48661763383167006,47.29452059725564,47.27899793330206,1.0799708961601664,1.7854944905419678,0.24235460567137768
5,10245,19,29.950000000000003,DPC,-2.4540471812305875,0.5683230649113231,42.392260143347286,42.35523893350128,1.0218871175251956,1.7595647446752973,0.2315788403501427
5,10245,0,1.4500000000000002,Node-KF DPC,-0.7799673599411799,0.8356092983557473,24.44425549210393,24.431113745437674,0.5101521910401916,0.2758843634140316,0.8554744649411062
5,10245,1,2.95,Node-KF DPC,-0.47010670559488493,0.8974067450617226,18.909564769415272,18.95368663196156,0.38560114310980853,0.2261303239305339,0.6411021446347165
5,10245,2,4.45,Node-KF DPC,-0.3689620068357918,0.9185521104124437,16.71405520172399,16.75505648540907,0.33526527108575294,0.20796037984320395,0.5676874076399968
5,10245,3,5.95,Node-KF DPC,-0.29206787445341503,0.9349603907865718,14.883400898107595,14.877778278339715,0.2904468548043194,0.19996036055036018,0.4818915269830853
5,10245,4,7.45,Node-KF DPC,-0.2522057161307396,0.9435815237526967,13.84835078167414,13.867165281769614,0.2744085728841041,0.1868081196840267,0.4424876515820325
5,10245,5,8.950000000000001,Node-KF DPC,-0.23920348194819907,0.9464107219638856,13.466793816222847,13.470086590121905,0.2634111591733381,0.17909090631782174,0.40257771432613265
5,10245,6,10.450000000000001,Node-KF DPC,-0.20279685363193256,0.9543777694106738,12.399294573324966,12.417373779476279,0.24275712401683033,0.17757711153081215,0.3784573488686613
5,10245,7,11.950000000000001,Node-KF DPC,-0.169306396683101,0.961765867885104,11.327378160447527,11.351732083188795,0.22119696483429047,0.1732768539375565,0.34769816067236975
5,10245,8,13.450000000000001,Node-KF DPC,-0.14966545088230723,0.9661252994421029,10.648301987323189,10.686120932148484,0.20476971470933383,0.17275316209032343,0.3221515267384427
5,10245,9,14.950000000000001,Node-KF DPC,-0.14755856666904052,0.9665941076007589,10.574459257373338,10.563898117105978,0.1985884803829524,0.16748164616240252,0.30738884708224196
5,10245,10,16.45,Node-KF DPC,-0.1482593490461417,0.9664381494901169,10.602263928967627,10.592289294773702,0.19969915181956985,0.1682134029782308,0.29669645319403937
5,10245,11,17.95,Node-KF DPC,-0.14600764645836353,0.9669393521541485,10.520236296120476,10.509743166298659,0.19832198094310316,0.15708479855992516,0.2972893614422705
5,10245,12,19.450000000000003,Node-KF DPC,-0.14849041115147377,0.9663867324672248,10.611058851019438,10.60284959084277,0.1927425144656461,0.16097833539857073,0.28457465061733483
5,10245,13,20.950000000000003,Node-KF DPC,-0.14838991383679234,0.9664090952646583,10.602197178057533,10.606781605498504,0.19042044268406452,0.16693978821993377,0.28396723813402974
5,10245,14,22.450000000000003,Node-KF DPC,-0.14932050627560328,0.9662020383739787,10.630417910670852,10.621800558111547,0.1889985843973999,0.16056838355178948,0.27170198286540204
5,10245,15,23.950000000000003,Node-KF DPC,-0.12619966834993185,0.9713595921179385,9.779592395277978,9.775674706405775,0.1753944714794626,0.1576701086782391,0.2653945519955874
5,10245,16,25.450000000000003,Node-KF DPC,-0.1271076177669755,0.9711565379168225,9.808533046257434,9.798720445974622,0.17126353526147736,0.16039052197461445,0.2555815935596975
5,10245,17,26.950000000000003,Node-KF DPC,-0.11450396665507409,0.9739790228652453,9.31104562034716,9.306258442560683,0.1658258741567604,0.1607105659065144,0.25052474199835156
5,10245,18,28.450000000000003,Node-KF DPC,-0.1191115900990988,0.9729462331355041,9.497778832391832,9.492760243037942,0.16766456535537824,0.16716713572790617,0.24235460567137768
5,10245,19,29.950000000000003,Node-KF DPC,-0.11861549109547817,0.9730573801213348,9.477807546634956,9.468441956476127,0.16881240890173427,0.16200626534858842,0.2315788403501427
5,10245,0,1.4500000000000002,KF-DPC,-0.14670564542848644,0.9667839579536354,10.549234351048957,10.850148993050297,0.19704581996728598,0.2758843634140316,0.19784063404047128
5,10245,1,2.95,KF-DPC,-0.10700873284463522,0.975661407497524,9.002494794660318,9.406699054281532,0.16724562943472707,0.2261303239305339,0.12763690512691422
5,10245,2,4.45,KF-DPC,-0.09179490479438522,0.979085253575454,8.33922603452602,8.622416709049755,0.1452641359214559,0.20796037984320395,0.1251539964196544
5,10245,3,5.95,KF-DPC,-0.09408643197345143,0.9785687817444735,8.442015372125294,8.65039208694113,0.14546345073044167,0.19996036055036018,0.11530785426742814
5,10245,4,7.45,KF-DPC,-0.08284290621680027,0.981105497826353,7.92058242759424,8.092938572130926,0.13317038336163708,0.1868081196840267,0.10989822227304559
5,10245,5,8.950000000000001,KF-DPC,-0.07731920885453135,0.9823541385303158,7.653754400196644,7.69937497194215,0.11859974786399305,0.17909090631782174,0.07802835354554852
5,10245,6,10.450000000000001,KF-DPC,-0.07465048937933086,0.9829579761069706,7.5188499590486035,7.55678126050282,0.11894526471033967,0.17757711153081215,0.06654110184821956
5,10245,7,11.950000000000001,KF-DPC,-0.07198154145420374,0.9835622365909186,7.384703042991074,7.4389289976609785,0.11491180349485701,0.1732768539375565,0.05768227377517159
5,10245,8,13.450000000000001,KF-DPC,-0.06978595253410455,0.9840596051740721,7.270071674815186,7.309856441283349,0.11144528795586285,0.17275316209032343,0.054163124785190545
5,10245,9,14.950000000000001,KF-DPC,-0.07058464207515701,0.9838786482702283,7.31121056167376,7.342394361413291,0.10967396671203705,0.16748164616240252,0.04819450229198128
5,10245,10,16.45,KF-DPC,-0.07078287817329211,0.9838337396146717,7.320528210157925,7.334281158554716,0.11347993020318838,0.1682134029782308,0.04968755037015471
5,10245,11,17.95,KF-DPC,-0.0658012379996631,0.9849629083940042,7.058600146613069,7.051602542027896,0.10640210664935884,0.15708479855992516,0.055882718071542124
5,10245,12,19.450000000000003,KF-DPC,-0.07333267329439812,0.9832562885277413,7.452662377921138,7.458825555615384,0.11037433433778591,0.16097833539857073,0.05796617634372803
5,10245,13,20.950000000000003,KF-DPC,-0.07632723218600986,0.9825785447166413,7.603157373157576,7.597155710383814,0.1154616264421024,0.16693978821993377,0.05693728279956561
5,10245,14,22.450000000000003,KF-DPC,-0.07361810119346453,0.9831916688822826,7.466234217600168,7.480124690234187,0.11141643050173347,0.16056838355178948,0.05570375785655553
5,10245,15,23.950000000000003,KF-DPC,-0.06792499867053833,0.984481365525816,7.172838591383677,7.185805328320145,0.10732660553141347,0.1576701086782391,0.05116299448716308
5,10245,16,25.450000000000003,KF-DPC,-0.06959931775187786,0.9841018953030374,7.26079974162398,7.260404016149615,0.10565707598816446,0.16039052197461445,0.048034291772639126
5,10245,17,26.950000000000003,KF-DPC,-0.06839909697131967,0.9843739003179917,7.1992053745127,7.195920566349652,0.10916653277482376,0.1607105659065144,0.04699308663844991
5,10245,18,28.450000000000003,KF-DPC,-0.07076857934883202,0.9838369788197929,7.321963758240172,7.319709478454251,0.11158521898960923,0.16716713572790617,0.044995725855775756
5,10245,19,29.950000000000003,KF-DPC,-0.06930732373799725,0.984168062738865,7.246097150865469,7.2632900138854435,0.109423413046288,0.16200626534858842,0.043244656167363164
5,10245,0,1.4500000000000002,Shore Broadcast,-3.3908726592926626,0.45804983820214906,48.96267955419074,48.98264214528892,1.3132548969617548,1.7285217534660313,1.6355382839076278
5,10245,1,2.95,Shore Broadcast,-3.0351554308898847,0.49714658088617625,46.76054487934187,46.91091785604657,1.1609871474615834,1.698792676587662,1.3605533582702023
5,10245,2,4.45,Shore Broadcast,-2.8171735358474352,0.5227362841982298,45.20398283822103,45.240341641397585,1.1761960512487393,1.751867238401126,1.636470598149908
5,10245,3,5.95,Shore Broadcast,-4.193201093002554,0.38078505130303836,53.52600942140682,53.48251437091678,2.029042331962757,1.7744156078610198,2.7679722465609538
5,10245,4,7.45,Shore Broadcast,-3.4835928631069466,0.44837430208900114,49.53458763222393,49.51608478995093,1.326344700803542,1.6935889662707417,2.3065131303868056
5,10245,5,8.950000000000001,Shore Broadcast,-4.386972719463295,0.36416879411988196,54.52215154136064,54.468952020136314,1.6540443901492725,1.7266726796668475,2.333483354825143
5,10245,6,10.450000000000001,Shore Broadcast,-3.0540771972355074,0.49498527579688056,46.817440251179335,47.33317171629402,1.1592391049234387,1.7322399641091342,0.8451733351829731
5,10245,7,11.950000000000001,Shore Broadcast,-3.506677958200201,0.4459972739286928,49.62617616008493,49.64821490714703,1.3268166377429953,1.7353677383387367,1.524933909039045
5,10245,8,13.450000000000001,Shore Broadcast,-2.9630019621584984,0.5054751429842116,46.26626747475412,47.11519842546504,1.0981594608977756,1.7315858759494045,1.049803766846192
5,10245,9,14.950000000000001,Shore Broadcast,-2.7641720881785408,0.5291548623665513,44.76559099342307,44.82034198447408,1.0565180345171334,1.762464263776775,0.7979083169356993
5,10245,10,16.45,Shore Broadcast,-3.076343364144561,0.4924539934140809,46.98015412820261,47.42130080256997,1.1793975383938804,1.7403618009497688,1.0435394587398528
5,10245,11,17.95,Shore Broadcast,-4.463134772772195,0.35783805345470227,54.68251753430448,54.64981131413516,1.763853918862094,1.738841066483639,2.5373666780286825
5,10245,12,19.450000000000003,Shore Broadcast,-2.96824389036143,0.5048654032590213,46.17669789069403,46.312308796864755,1.092918894275151,1.7235050453250895,0.9291838114807054
5,10245,13,20.950000000000003,Shore Broadcast,-3.5702962810864722,0.4395116303860346,49.94168941383966,50.12411360731323,1.3011495541417637,1.7661620966405793,1.3891040036566946
5,10245,14,22.450000000000003,Shore Broadcast,-3.6497119394381623,0.43154769974502893,50.55892612469299,50.636193231240505,1.447661535789317,1.7125321021452278,1.66911899825152
5,10245,15,23.950000000000003,Shore Broadcast,-3.0059480388986985,0.5005012841638161,46.402421780420745,47.080871997062246,1.2077757191800842,1.7206096585128823,1.5477216746945706
5,10245,16,25.450000000000003,Shore Broadcast,-3.974290494680453,0.4004708877702775,52.48185867982246,52.46658872589495,1.3808486866302505,1.7416831199234617,1.6554545145028081
5,10245,17,26.950000000000003,Shore Broadcast,-3.45411986374246,0.45142750185547054,49.24889125171627,49.264162111143044,1.3305841791625916,1.7626878239352413,1.6526551156284393
5,10245,18,28.450000000000003,Shore Broadcast,-3.9596791875958086,0.4018204921463976,52.42040171818243,52.72438718243588,1.9534998147043379,1.7365965398065741,2.8985436927891515
5,10245,19,29.950000000000003,Shore Broadcast,-3.1673227948104725,0.48224498558729806,47.504843352801224,47.720621280489375,1.2383834975829755,1.7962557928737544,1.2252556988245358
6,11254,0,1.4500000000000002,No Algorithm,-3.8700069707625118,0.41020344457780644,51.74607960063187,51.748426559065194,,,
6,11254,1,2.95,No Algorithm,-3.640201734702657,0.43249374074460334,50.38271336557844,50.442584130630664,,,
6,11254,2,4.45,No Algorithm,-4.0767421797605685,0.3911341914999007,52.996541021961036,52.98336614766182,,,
6,11254,3,5.95,No Algorithm,-3.7941214740890645,0.41743403184834565,51.26904998369011,51.25070754421743,,,
6,11254,4,7.45,No Algorithm,-3.828319957876174,0.41415985908902697,51.594575943652295,51.56349942305492,,,
6,11254,5,8.950000000000001,No Algorithm,-3.863783549282463,0.41079168574453,51.73620458917421,51.70007772223401,,,
6,11254,6,10.450000000000001,No Algorithm,-3.827731637216993,0.41421596740168726,51.51071715982668,51.470124912362536,,,
6,11254,7,11.950000000000001,No Algorithm,-4.033603437901076,0.3950387116459866,52.63787385352596,52.635089140656284,,,
6,11254,8,13.450000000000001,No Algorithm,-3.9165748821008615,0.4058284709846069,52.07004641057612,52.209372102416644,,,
6,11254,9,14.950000000000001,No Algorithm,-3.8304675714155496,0.41395510506301025,51.47168908425902,51.43806920298269,,,
6,11254,10,16.45,No Algorithm,-4.017103241030199,0.39654244122287013,52.53202199283309,52.47957220775384,,,
6,11254,11,17.95,No Algorithm,-4.076337771411768,0.3911706150106767,52.804858509509025,52.78973341768411,,,
6,11254,12,19.450000000000003,No Algorithm,-4.022201482388913,0.39607720784080935,52.58873760868888,52.60799759432231,,,
6,11254,13,20.950000000000003,No Algorithm,-3.8100081544452986,0.41590982956834155,51.412000058880615,51.36372654284574,,,
6,11254,14,22.450000000000003,No Algorithm,-3.922033196942787,0.40531873664027973,51.98408784877606,51.964477869117765,,,
6,11254,15,23.950000000000003,No Algorithm,-3.9434922221578574,0.40332094657268547,52.07143689669723,52.039377083079906,,,
6,11254,16,25.450000000000003,No Algorithm,-3.852289570271823,0.41188032141198216,51.652207957416664,51.61392435976095,,,
6,11254,17,26.950000000000003,No Algorithm,-3.973121161223172,0.40057872866520167,52.28208499198831,52.25894987408305,,,
6,11254,18,28.450000000000003,No Algorithm,-3.9253869724811126,0.405005856005698,52.028928731220184,52.02915146805824,,,
6,11254,19,29.950000000000003,No Algorithm,-4.1668479127855225,0.38310269642060735,53.395749553553436,53.343534551646854,,,
6,11254,0,1.4500000000000002,DPC,-2.9317213206375135,0.5091290384170447,45.9217943906511,45.9151112393217,1.0723942112618592,1.6700321001953973,0.7977515648139125
6,11254,1,2.95,DPC,-2.6427332633495597,0.5441600740212362,43.878516936157226,43.85042583757947,1.062448367220604,1.727913944445345,0.6515392434722526
6,11254,2,4.45,DPC,-2.803330855489894,0.5244051093770442,45.04766553324436,45.00458615766927,1.0840641616567925,1.74203737809339,0.5352693063312337
6,11254,3,5.95,DPC,-2.7604568792544533,0.5296077260501808,44.702879242049974,44.717623876180156,1.0236054203305098,1.7390922163288538,0.47543189683831655
6,11254,4,7.45,DPC,-2.5988765039930506,0.5496830554578869,43.53259451283282,43.63157797536421,1.039525882280819,1.7206144445513896,0.43403580013522247
6,11254,5,8.950000000000001,DPC,-2.7719299984267147,0.5282104636395092,44.73388955475146,44.729509920564375,1.0284112549307445,1.7271368215481535,0.39577851077392096
6,11254,6,10.450000000000001,DPC,-2.8366666088968646,0.5203952683364459,45.308190990370264,45.292711727187715,1.0326090159360914,1.7124814852271217,0.3616398369794568
6,11254,7,11.950000000000001,DPC,-2.733964049937945,0.532848312838809,44.48111104137567,44.43758731559475,1.067166361598545,1.7754983113409895,0.34590326236719127
6,11254,8,13.450000000000001,DPC,-2.6327439963115884,0.5454131446327185,43.799783345866594,43.83977917471619,1.0436133721360583,1.7514320425893628,0.32202370758997806
6,11254,9,14.950000000000001,DPC,-2.5540498220230696,0.5553861148481027,43.18362962720177,43.22675391588284,0.9882963636291249,1.7450496611492206,0.305669110919639
6,11254,10,16.45,DPC,-2.852874524629331,0.518456767226047,45.46193269899376,45.51345938534942,1.0689709796454254,1.7820196512257127,0.2931894068750509
6,11254,11,17.95,DPC,-2.6172075415156377,0.5473678003276498,43.65918384733878,43.82902527371818,1.053165384108284,1.7551095636136682,0.28304538622334924
6,11254,12,19.450000000000003,DPC,-2.9287863049129625,0.5094732303981573,45.94776948023997,45.91425748807226,1.0364927101385244,1.7408212250482644,0.27614954574005945
6,11254,13,20.950000000000003,DPC,-2.5361683996190965,0.5576775477612012,43.134050625121326,43.09730463916937,0.9912511842228412,1.740438221993357,0.2720330717996959
6,11254,14,22.450000000000003,DPC,-2.4775033785086595,0.5652618325611165,42.57891597022028,42.58428339654447,0.9761116960707339,1.672136618103408,0.26969546948757656
6,11254,15,23.950000000000003,DPC,-2.7232927886772407,0.5341592102588499,44.452593686169166,44.44522528568224,1.0155621234435674,1.7707725349686025,0.25909905864201643
6,11254,16,25.450000000000003,DPC,-2.413096394360363,0.5737072796182754,41.94475714617445,42.01653801136197,0.9836805622466885,1.7673637769833555,0.2564585733419354
6,11254,17,26.950000000000003,DPC,-2.7551833773454066,0.5302512027267652,44.67464807771853,44.677893276040585,1.028632351456988,1.7763630889029565,0.2472300653955943
6,11254,18,28.450000000000003,DPC,-2.7277068646205564,0.5336165781036049,44.5339897539919,44.49723952123039,1.0538738132405263,1.7601123268184014,0.23584919453059677
6,11254,19,29.950000000000003,DPC,-2.781783950064936,0.5270133358540942,44.85413903586999,44.840603231737475,1.0517694981082668,1.7112048577464205,0.23260268250022928
6,11254,0,1.4500000000000002,Node-KF DPC,-0.8327754904765949,0.8255102136475663,25.157753065345073,25.158120934821643,0.5122345161272247,0.26960557371125404,0.7977515648139125
6,11254,1,2.95,Node-KF DPC,-0.5102375925698241,0.8891524730308534,19.728965408392835,19.92093309910401,0.399629799779723,0.2298787127249923,0.6515392434722526
6,11254,2,4.45,Node-KF DPC,-0.3482403654333946,0.9229453019241453,16.273738396615965,16.2717568624247,0.3228947829196731,0.20477524800413066,0.5352693063312337
6,11254,3,5.95,Node-KF DPC,-0.27046570537518777,0.9396225469695058,14.330427302150047,14.329363570346642,0.2779481360816636,0.18952713413090752,0.47543189683831655
6,11254,4,7.45,Node-KF DPC,-0.27649079852140956,0.9383198852118925,14.516360174839082,14.514662001406496,0.2757529925967864,0.18436637694617417,0.43403580013522247
6,11254,5,8.950000000000001,Node-KF DPC,-0.21697098151652405,0.9512680311536584,12.834705469409752,12.830862992326487,0.24153694824344943,0.1821204537776455,0.39577851077392096
6,11254,6,10.450000000000001,Node-KF DPC,-0.1997209615549517,0.9550539471987736,12.315874972548874,12.313435325797224,0.22976112798333367,0.17379370610229414,0.3616398369794568
6,11254,7,11.950000000000001,Node-KF DPC,-0.200711084464795,0.9548362347829967,12.340310621009229,12.332411378430788,0.22428570203996584,0.17548236662714722,0.34590326236719127
6,11254,8,13.450000000000001,Node-KF DPC,-0.18667635839846153,0.9579268891927023,11.900265407973686,11.904930354702861,0.21549882513242244,0.16893456161504258,0.32202370758997806
6,11254,9,14.950000000000001,Node-KF DPC,-0.16819520895710943,0.9620119771964587,11.288522412296446,11.299953484380495,0.2061227089881495,0.17229922953458326,0.305669110919639
6,11254,10,16.45,Node-KF DPC,-0.16383703119909526,0.9629778479922079,11.137333136750643,11.126314766954543,0.20233954109809285,0.16853097324511276,0.2931894068750509
6,11254,11,17.95,Node-KF DPC,-0.15340357393256934,0.9652940797103271,10.780579014255744,10.769798674764269,0.19759804267548245,0.16684815715002016,0.28304538622334924
6,11254,12,19.450000000000003,Node-KF DPC,-0.14716139116819213,0.9666825096113969,10.562042079226122,10.551734280010237,0.1929948694393596,0.16366512163719274,0.27614954574005945
6,11254,13,20.950000000000003,Node-KF DPC,-0.15608356381685692,0.9646985896820038,10.886760621269161,10.882877245686949,0.19552700722080066,0.16687093857694793,0.2720330717996959
6,11254,14,22.450000000000003,Node-KF DPC,-0.14814210888906432,0.9664642393656637,10.600282562482576,10.597975872930832,0.1931291371473394,0.15733402374840696,0.26969546948757656
6,11254,15,23.950000000000003,Node-KF DPC,-0.13896243203698985,0.9685092140483618,10.263615045580304,10.271701573252747,0.19033259538743125,0.16294496334351413,0.25909905864201643
6,11254,16,25.450000000000003,Node-KF DPC,-0.13665027280481132,0.9690249801535787,10.177358140355928,10.203242240065233,0.18576907843693943,0.1620294516692616,0.2564585733419354
6,11254,17,26.950000000000003,Node-KF DPC,-0.12752905495599298,0.971062301945403,9.837564692942129,9.854057978678336,0.18216947871923678,0.16205700102250123,0.2472300653955943
6,11254,18,28.450000000000003,Node-KF DPC,-0.12026324273734817,0.9726882635801161,9.549420116274625,9.569337854517007,0.17292624244824978,0.16793595969201783,0.23584919453059677
6,11254,19,29.950000000000003,Node-KF DPC,-0.11649235352962747,0.9735331954570395,9.393212669003125,9.395172607961086,0.17019047706572665,0.16228010604232349,0.23260268250022928
6,11254,0,1.4500000000000002,KF-DPC,-0.14610557254016696,0.9669175495481939,10.521586010801707,10.550312033881145,0.1915646587465089,0.26960557371125404,0.17017647225796673
6,11254,1,2.95,KF-DPC,-0.11762086470156154,0.9732802564019422,9.439639198915762,9.49471256903892,0.16963269795071229,0.2298787127249923,0.15569918154062995
6,11254,2,4.45,KF-DPC,-0.09109284513945015,0.9792435406009383,8.308981714925448,8.301497481112067,0.13966465116773102,0.20477524800413066,0.1019583850030155
6,11254,3,5.95,KF-DPC,-0.07252044534552664,0.9834401966723452,7.410508706820449,7.414604407781316,0.11815451303916512,0.18952713413090752,0.06002898038188338
6,11254,4,7.45,KF-DPC,-0.07216509827312129,0.9835206667005254,7.391420319850536,7.423982215122127,0.11549724127562963,0.18436637694617417,0.050138074169520826
6,11254,5,8.950000000000001,KF-DPC,-0.07080764159773524,0.9838281298213098,7.322689221078555,7.3154173666489015,0.11179823623047111,0.1821204537776455,0.030847058279110436
6,11254,6,10.450000000000001,KF-DPC,-0.06913772952377133,0.9842064957549886,7.235695904967697,7.24959693899273,0.11002775043048339,0.17379370610229414,0.03707858422323697
6,11254,7,11.950000000000001,KF-DPC,-0.07324003318266081,0.9832772627624496,7.447783012171642,7.448581906594981,0.11018943199896596,0.17548236662714722,0.04373503819146861
6,11254,8,13.450000000000001,KF-DPC,-0.07106969838188289,0.9837687666315259,7.336697032911649,7.3367789391606095,0.10695367739689238,0.16893456161504258,0.04252076152739347
6,11254,9,14.950000000000001,KF-DPC,-0.06822840462110386,0.9844125902861025,7.1881897291482195,7.211513722734047,0.1104589555420361,0.17229922953458326,0.0439722517384437
6,11254,10,16.45,KF-DPC,-0.07268823533610551,0.9834022021224171,7.4196609972961785,7.414606120167999,0.11081213882634468,0.16853097324511276,0.04132043944919503
6,11254,11,17.95,KF-DPC,-0.06980326980026168,0.9840556812954985,7.271401568819777,7.264949621984372,0.10943439346778053,0.16684815715002016,0.03637487358669214
6,11254,12,19.450000000000003,KF-DPC,-0.0651831833079665,0.9851030907567108,7.026750009465373,7.01974433179412,0.10744963033668628,0.16366512163719274,0.037479958332639125
6,11254,13,20.950000000000003,KF-DPC,-0.07430538558018591,0.9830360880849675,7.502133426462482,7.494830601316764,0.11301413817193773,0.16687093857694793,0.033349464983808134
6,11254,14,22.450000000000003,KF-DPC,-0.06329393298545082,0.9855317195497713,6.923357301864064,6.916859043442141,0.102338358359899,0.15733402374840696,0.02631903821605256
6,11254,15,23.950000000000003,KF-DPC,-0.06331412398224635,0.9855271376767878,6.925434020718549,6.925185416723453,0.10670734565271695,0.16294496334351413,0.023454489099030664
6,11254,16,25.450000000000003,KF-DPC,-0.06662764540521922,0.9847755002561123,7.105249573199006,7.105261224509389,0.1059393012583083,0.1620294516692616,0.020876251762393803
6,11254,17,26.950000000000003,KF-DPC,-0.06228007430513945,0.9857618183812182,6.867592664152628,6.870167870388339,0.10564789114784838,0.16205700102250123,0.02000605094035605
6,11254,18,28.450000000000003,KF-DPC,-0.07072945803197264,0.9838458412790563,7.321061098098587,7.334953439847892,0.11130620107756163,0.16793595969201783,0.02029202914811766
6,11254,19,29.950000000000003,KF-DPC,-0.06569232360069605,0.9849876100636825,7.053384174221392,7.053148019442378,0.10624943705400644,0.16228010604232349,0.019177343294686976
6,11254,0,1.4500000000000002,Shore Broadcast,-2.848582240010311,0.5189694295244137,45.35756153347049,45.354633038733134,1.1080723287993255,1.7190878159607617,1.7598081073598861
6,11254,1,2.95,Shore Broadcast,-2.7230103825839986,0.5341939458419028,44.650951285207285,45.69650350492831,1.1110637539069528,1.6995045462663094,0.8282332760011029
6,11254,2,4.45,Shore Broadcast,-3.186136404455322,0.48016042176102913,47.67661826534116,47.9376970323573,1.2195828428368174,1.7332353228495867,1.2501390929657814
6,11254,3,5.95,Shore Broadcast,-3.457261496040101,0.45110106289722046,49.39191887893621,49.767179662161766,1.366716518548927,1.7475879805844285,1.3740783905716323
6,11254,4,7.45,Shore Broadcast,-3.1026386357437112,0.4894813356476528,47.29424403124899,48.09955557152862,1.1784882671596257,1.7375648330146045,1.5231165770277086
6,11254,5,8.950000000000001,Shore Broadcast,-3.041891897027633,0.49637604033915755,46.68133132135012,46.6381302763867,1.1300069906612886,1.6877525614369495,0.9278491401215114
6,11254,6,10.450000000000001,Shore Broadcast,-2.990960549585901,0.5022314963288921,46.39121928891238,46.44986337250179,1.132267743385699,1.7449338390045568,1.2530518970704798
6,11254,7,11.950000000000001,Shore Broadcast,-3.230453730816809,0.47528556770781044,48.060840923625406,48.42973734628482,1.188716616231363,1.7260045433210123,1.014368957442487
6,11254,8,13.450000000000001,Shore Broadcast,-3.4510996396003706,0.4517415483116693,49.29931554607235,49.26375723875855,1.2531577726728476,1.7787849580246742,1.3107098285281018
6,11254,9,14.950000000000001,Shore Broadcast,-4.326921372464674,0.3692392522087965,54.19495447927251,54.167141720896126,1.5102391540593385,1.752550249878542,1.839200402117074
6,11254,10,16.45,Shore Broadcast,-3.3524193888880975,0.46212350765916493,48.75410520642868,49.35545133056373,1.3674229276011771,1.7589219265897758,1.9156706888330848
6,11254,11,17.95,Shore Broadcast,-3.2580367010633666,0.4722764932932268,48.14023455620216,48.14711609061161,1.1423559050152103,1.7252746355255242,0.6621892448581514
6,11254,12,19.450000000000003,Shore Broadcast,-2.748555310644343,0.5310610733887803,44.64966724201963,45.082245335403705,1.0692878951482185,1.7578419408794936,0.7001314783597973
6,11254,13,20.950000000000003,Shore Broadcast,-3.5679787477534086,0.4397462303449515,49.99971453511593,50.01204028341397,1.303841855008435,1.6961944436980547,1.4544125121435956
6,11254,14,22.450000000000003,Shore Broadcast,-3.1255257586996876,0.4869085762437096,47.29361601623032,47.579479608838874,1.155137871434449,1.7369377537686854,1.2358563320264488
6,11254,15,23.950000000000003,Shore Broadcast,-3.591006825656507,0.4374206860885926,50.132705872911515,50.17836461025168,1.3369630986350152,1.7325980574246924,1.334062363473813
6,11254,16,25.450000000000003,Shore Broadcast,-3.6406565386838325,0.4324484512960311,50.519029607122775,50.628701543596755,1.3887927545855225,1.6837939508411823,1.447782460524029
6,11254,17,26.950000000000003,Shore Broadcast,-3.3194391808830854,0.46564622010812284,48.71640994282484,49.291575444372555,1.3414393118987429,1.7797586577449915,1.9202430141065854
6,11254,18,28.450000000000003,Shore Broadcast,-4.088739381520554,0.39005519083754,52.87625449811906,52.8353761725352,1.4268316827093455,1.7605522374340012,1.914304233230447
6,11254,19,29.950000000000003,Shore Broadcast,-3.9537293765419763,0.40237136131814044,52.174837697825524,52.35098661728596,1.6396162023843832,1.7797122803820054,2.0064978976830927
7,12263,0,1.4500000000000002,No Algorithm,-3.864564803737241,0.41071779487481036,51.64437478780728,51.623380314448376,,,
7,12263,1,2.95,No Algorithm,-3.980746103546491,0.39987604647841374,52.29457099338514,52.250422572557916,,,
7,12263,2,4.45,No Algorithm,-4.079692526965383,0.39086856763614214,53.021679937859595,53.00318158563308,,,
7,12263,3,5.95,No Algorithm,-3.8828030945368974,0.4089965932438434,51.85756118306608,51.81260948646941,,,
7,12263,4,7.45,No Algorithm,-4.090361294682033,0.38990954829384017,52.956427262674026,52.94417899680006,,,
7,12263,5,8.950000000000001,No Algorithm,-3.5298972344211963,0.4436191410112534,49.7320200563181,49.68230882234048,,,
7,12263,6,10.450000000000001,No Algorithm,-3.762898068441463,0.4204459690887726,51.170886728244895,51.17235233938721,,,
7,12263,7,11.950000000000001,No Algorithm,-3.9190334363706762,0.40559879526917153,51.97736172159752,51.94953147979164,,,
7,12263,8,13.450000000000001,No Algorithm,-3.7866916464625233,0.41814878128839444,51.162798818239644,51.133484232807916,,,
7,12263,9,14.950000000000001,No Algorithm,-3.751688167401262,0.4215326155654073,51.05502215513995,51.00445615845198,,,
7,12263,10,16.45,No Algorithm,-4.0264755837077235,0.39568760091726135,52.56790140907433,52.51638385987867,,,
7,12263,11,17.95,No Algorithm,-4.113456279215044,0.3878415841826094,53.03900479506852,53.01993693826323,,,
7,12263,12,19.450000000000003,No Algorithm,-3.912105511483272,0.40624632834618185,51.964688152396704,51.94084784406043,,,
7,12263,13,20.950000000000003,No Algorithm,-3.953382189815078,0.402403529256215,52.11674162763807,52.06561170101872,,,
7,12263,14,22.450000000000003,No Algorithm,-4.056359144241969,0.39297424259316094,52.72537685759906,52.68250037590574,,,
7,12263,15,23.950000000000003,No Algorithm,-3.8972703470350356,0.4076364073119106,51.859641656541676,51.86037410512194,,,
7,12263,16,25.450000000000003,No Algorithm,-3.3986850919850675,0.4572266025914791,48.76163009931256,48.80462557763441,,,
7,12263,17,26.950000000000003,No Algorithm,-3.8331478284747593,0.4136997106607717,51.54224267301926,51.49228862192021,,,
7,12263,18,28.450000000000003,No Algorithm,-3.7821027573742816,0.4185908436605155,51.24092068315627,51.24848416257662,,,
7,12263,19,29.950000000000003,No Algorithm,-3.987090959254963,0.39929227130137446,52.41407401501406,52.475585789417536,,,
7,12263,0,1.4500000000000002,DPC,-3.1818044439084887,0.4806396066971747,47.5484782361836,47.58479393348427,1.155836686507382,1.7608387654015076,0.7887964312063385
7,12263,1,2.95,DPC,-2.922270160355669,0.5102382166259233,46.03769726443054,46.018359747171665,1.0685203096460243,1.731490323498116,0.640155454536743
7,12263,2,4.45,DPC,-2.9083818701589177,0.5118725176572506,45.78831620453817,45.742690050892676,1.0565195014329427,1.7435027764031295,0.5415849003216484
7,12263,3,5.95,DPC,-2.9365290401504196,0.5085657350911926,46.00676222607674,46.03147564664663,1.0636578591476782,1.780621915418521,0.48034720700200345
7,12263,4,7.45,DPC,-2.757826458460161,0.5299285943089677,44.591947188393654,44.547962237406686,1.0542078157871901,1.7401829004700449,0.440408524066756
7,12263,5,8.950000000000001,DPC,-2.771502319881174,0.5282624825842007,44.757495353956564,44.83071484255568,1.031697326468362,1.7375778858097783,0.4047689700287229
7,12263,6,10.450000000000001,DPC,-2.644479459044806,0.5439413240680465,43.83960493923487,43.81387175418687,0.9997190540894875,1.697204281464326,0.3714679820672791
7,12263,7,11.950000000000001,DPC,-2.9469565783203215,0.5073461185656019,46.03749843206131,45.99647412283769,1.062001488108161,1.7575323368077558,0.3556533441644423
7,12263,8,13.450000000000001,DPC,-2.715024045267049,0.5351771906864149,44.344942707782465,44.368232888819755,1.0648681274798013,1.7538256638843845,0.34881021836993653
7,12263,9,14.950000000000001,DPC,-2.6851043475221297,0.5388768976737706,44.12819412848415,44.15207045336557,1.0484812085700235,1.750862650070434,0.32490045526515493
7,12263,10,16.45,DPC,-2.8441195671337667,0.5195029801958159,45.28457795343284,45.2424012779922,1.0320117910807403,1.7594316557422536,0.31030735574180357
7,12263,11,17.95,DPC,-3.011721606584963,0.49983635328753323,46.46877710111048,46.42444994114717,1.0380499485950747,1.7726129837693467,0.2999861612755464
7,12263,12,19.450000000000003,DPC,-2.620024358384299,0.5470128948403281,43.45954919926097,43.4998579184889,1.0386478093657634,1.7252804181443613,0.29406970184648573
7,12263,13,20.950000000000003,DPC,-2.6017749313128107,0.5493163262169287,43.53722667991939,43.505331694505635,0.9661769076882131,1.7215537118477287,0.2819783107237197
7,12263,14,22.450000000000003,DPC,-2.997446105079353,0.5014820464805857,46.335917194085155,46.293797698690014,1.0531472251494418,1.7614690080253983,0.27148743701251793
7,12263,15,23.950000000000003,DPC,-2.8906975461944433,0.5139610946047403,45.55229266403418,45.51360167123377,1.0367583656539432,1.757750102703656,0.2651611787574843
7,12263,16,25.450000000000003,DPC,-2.3384513761975443,0.5836531884484323,41.511492412017915,41.47201964906769,0.94086862564512,1.7375553998028541,0.25235225008257745
7,12263,17,26.950000000000003,DPC,-2.800798648533605,0.5247109593293887,44.973464126865245,44.92858377320263,1.0455888666598676,1.7080858310810194,0.2480073112653486
7,12263,18,28.450000000000003,DPC,-2.613471304143423,0.5478389037075047,43.73634414286824,43.72962291264049,1.0261059670284778,1.753745746886362,0.24246061145091474
7,12263,19,29.950000000000003,DPC,-2.5468168435563943,0.5563118560169595,43.14138669519149,43.14719637981238,0.9935510376173857,1.7236564931387248,0.24021561707535632
7,12263,0,1.4500000000000002,Node-KF DPC,-0.7244787593941002,0.8463541422077272,23.455727494919437,23.443088057356146,0.48988768351686485,0.27206318462805995,0.7887964312063385
7,12263,1,2.95,Node-KF DPC,-0.5212608565434808,0.8868984876735091,19.91569645160045,19.956647011795706,0.40019279915926614,0.22581919252941993,0.640155454536743
7,12263,2,4.45,Node-KF DPC,-0.3629328576959625,0.9198281877833597,16.611338378423522,16.636309009119728,0.32752607239422765,0.20622162957849682,0.5415849003216484
7,12263,3,5.95,Node-KF DPC,-0.29736540963648744,0.9338206190033902,15.010884582452974,15.156357194362382,0.3003521781024592,0.18867303013692494,0.48034720700200345
7,12263,4,7.45,Node-KF DPC,-0.2574513120752376,0.942442513328938,13.95885985034078,13.979579031421443,0.26973424026898,0.18569430190521796,0.440408524066756
7,12263,5,8.950000000000001,Node-KF DPC,-0.20717501054572446,0.9534161384519048,12.519719969959043,12.521929475941453,0.24635705139434252,0.17670588143798346,0.4047689700287229
7,12263,6,10.450000000000001,Node-KF DPC,-0.1938928233166214,0.9563364693545301,12.116279655037847,12.154583753728097,0.23070230884765122,0.17185175215650264,0.3714679820672791
7,12263,7,11.950000000000001,Node-KF DPC,-0.18753333018060486,0.9577378848743766,11.926325838676124,11.92115541534372,0.2270026709290441,0.1722321395996007,0.3556533441644423
7,12263,8,13.450000000000001,Node-KF DPC,-0.1866089079679209,0.9579417669048418,11.89236953066899,11.907480764738814,0.2272639195947872,0.16866501794886643,0.34881021836993653
7,12263,9,14.950000000000001,Node-KF DPC,-0.15949188801323458,0.963941795429807,10.995856901149068,10.99330915926475,0.2103644324816536,0.1672656485907027,0.32490045526515493
7,12263,10,16.45,Node-KF DPC,-0.16148845649682464,0.9634987473214118,11.061546687744633,11.056808670675176,0.21141007351876703,0.16361440495296636,0.31030735574180357
7,12263,11,17.95,Node-KF DPC,-0.15349846459731045,0.9652729888606744,10.78950471112922,10.78046458636137,0.20440743455983656,0.16475614940881708,0.2999861612755464
7,12263,12,19.450000000000003,Node-KF DPC,-0.149137237071725,0.9662428122778645,10.642687151982607,10.634430616019333,0.20032045193797773,0.16376929526279063,0.29406970184648573
7,12263,13,20.950000000000003,Node-KF DPC,-0.13135204602759357,0.970207875008834,9.983110011079777,10.01521837718117,0.18363988873357381,0.1630908740419208,0.2819783107237197
7,12263,14,22.450000000000003,Node-KF DPC,-0.13033511857247324,0.9704350817978423,9.946628211833264,9.956428400533927,0.18166241369593167,0.16706312525505917,0.27148743701251793
7,12263,15,23.950000000000003,Node-KF DPC,-0.12640188668248936,0.9713143642478576,9.791867284455662,9.788394433922365,0.176975903777271,0.1591323401616293,0.2651611787574843
7,12263,16,25.450000000000003,Node-KF DPC,-0.11819576080996552,0.9731514272266721,9.464046163473038,9.459902017342406,0.1699851123959905,0.16012862769492894,0.25235225008257745
7,12263,17,26.950000000000003,Node-KF DPC,-0.11522325271749781,0.9738177241258275,9.34666197764537,9.340156559728163,0.16575698261587593,0.16453528894906216,0.2480073112653486
7,12263,18,28.450000000000003,Node-KF DPC,-0.1059492705089379,0.9758994493446516,8.960978377695422,8.962185950896856,0.16095368979847352,0.15765067276274156,0.24246061145091474
7,12263,19,29.950000000000003,Node-KF DPC,-0.1252893178320105,0.9715632259264387,9.740800354446945,9.732753411659786,0.17893657977344454,0.16682556568897278,0.24021561707535632
7,12263,0,1.4500000000000002,KF-DPC,-0.1516134923321265,0.9656920381020755,10.717228998504105,11.082376876977259,0.2122544260799071,0.27206318462805995,0.20840096169586225
7,12263,1,2.95,KF-DPC,-0.0957973755895729,0.9781833413751403,8.518072508110134,8.5095516120359,0.15199388512050638,0.22581919252941993,0.11556843720999921
7,12263,2,4.45,KF-DPC,-0.07948530107196666,0.9818643006019704,7.75947677353544,7.791961740373553,0.1289633645376932,0.20622162957849682,0.07479058477417502
7,12263,3,5.95,KF-DPC,-0.07144058634837136,0.9836847562576635,7.357137471854697,7.598770920398106,0.12457561394063832,0.18867303013692494,0.0857968685603239
7,12263,4,7.45,KF-DPC,-0.06993338173261207,0.984026200039432,7.278331422821785,7.49915176274126,0.12144939681341403,0.18569430190521796,0.07371932570035458
7,12263,5,8.950000000000001,KF-DPC,-0.06082121181541,0.9860930066799755,6.787719415334582,7.004203386306427,0.11716611799215221,0.17670588143798346,0.05986290772353628
7,12263,6,10.450000000000001,KF-DPC,-0.06351853392351924,0.9854807528361023,6.934849355831549,7.065908197759701,0.11105085651740941,0.17185175215650264,0.043841455382561886
7,12263,7,11.950000000000001,KF-DPC,-0.06202076010409812,0.9858206792879672,6.8526919046292445,6.95512914125695,0.10938670466507443,0.1722321395996007,0.04057293625736421
7,12263,8,13.450000000000001,KF-DPC,-0.0610834727977647,0.9860334604681311,6.802341064257269,6.820348817666279,0.10596976079157548,0.16866501794886643,0.025215048203243013
7,12263,9,14.950000000000001,KF-DPC,-0.060560665373878865,0.9861521671670563,6.772751057147862,6.769199034349406,0.10617084351566825,0.1672656485907027,0.019778200345667817
7,12263,10,16.45,KF-DPC,-0.06530687126085415,0.9850750352195852,7.032382716336036,7.028311794287524,0.10503314685810133,0.16361440495296636,0.024739641019875764
7,12263,11,17.95,KF-DPC,-0.06147208605573386,0.9859452326531345,6.822702570941457,6.820702181666795,0.10306076403075674,0.16475614940881708,0.027280693954063094
7,12263,12,19.450000000000003,KF-DPC,-0.061014273804204024,0.9860491717123501,6.798063117589806,6.794393858256851,0.1049284492247837,0.16376929526279063,0.027797047066029895
7,12263,13,20.950000000000003,KF-DPC,-0.05873545633040432,0.9865667043557123,6.668234833563681,6.702376736711199,0.10201564975031081,0.1630908740419208,0.026258237238186304
7,12263,14,22.450000000000003,KF-DPC,-0.06241073904976601,0.9857321605375197,6.874171725328358,6.882001752394369,0.10556988519105086,0.16706312525505917,0.02078633811806759
7,12263,15,23.950000000000003,KF-DPC,-0.05751471023505429,0.9868440545826915,6.60105236901838,6.636884725678539,0.0973808921409761,0.1591323401616293,0.011831316921155563
7,12263,16,25.450000000000003,KF-DPC,-0.05863426278812999,0.9865896922928781,6.663087245066169,6.67741594051831,0.10019082329304022,0.16012862769492894,0.00863792630933995
7,12263,17,26.950000000000003,KF-DPC,-0.06448109768094112,0.9852623565677198,6.987747518756721,6.982147401670038,0.10062110227794337,0.16453528894906216,0.011683676426281684
7,12263,18,28.450000000000003,KF-DPC,-0.061489425246083904,0.9859412962784742,6.823777666228753,6.8230783640516455,0.10031515555240454,0.15765067276274156,0.012595948724462125
7,12263,19,29.950000000000003,KF-DPC,-0.06551168717626397,0.9850285795780728,7.042228138855817,7.037951538135756,0.10804067448664711,0.16682556568897278,0.013080313364221104
7,12263,0,1.4500000000000002,Shore Broadcast,-4.270437335422396,0.3740729171568614,53.83091829089651,53.795347903076944,1.6164657303519565,1.749295820441071,2.0196453422523954
7,12263,1,2.95,Shore Broadcast,-4.326075220166604,0.36931119949180485,54.13739173715228,54.15198339241484,1.5836975438346241,1.726168918018674,2.15040716945424
7,12263,2,4.45,Shore Broadcast,-2.840812598362924,0.519898710386765,45.357507185464186,45.808612187346704,1.0549293582024108,1.6988136858414662,0.6007051623757598
7,12263,3,5.95,Shore Broadcast,-4.130297054028523,0.38634055075883844,53.094028445398564,53.055702330040845,2.265388083879464,1.686460443923323,2.880737877032268
7,12263,4,7.45,Shore Broadcast,-3.73881591588165,0.42278386864867157,50.979736299841896,51.122561366782925,1.4743023064624903,1.7106529550108036,1.663232805704185
7,12263,5,8.950000000000001,Shore Broadcast,-4.438857496883257,0.35984398724587324,54.73063590574859,54.70461585411081,1.7771201727893335,1.7253497870696517,2.2790341929770546
7,12263,6,10.450000000000001,Shore Broadcast,-4.624442385333176,0.34479087333540576,55.67083076874206,55.67247725015686,1.8204253915196873,1.765973438050884,2.7765055254873254
7,12263,7,11.950000000000001,Shore Broadcast,-3.044111732640574,0.49612238948655024,46.92035685611764,47.45602062974362,1.195437307312929,1.7487229130598603,1.0441246996127465
7,12263,8,13.450000000000001,Shore Broadcast,-2.7758421236966013,0.5277348658251442,44.84385427584588,45.0155736937832,1.0666456334338752,1.7153847756968166,0.8603786256318686
7,12263,9,14.950000000000001,Shore Broadcast,-4.1546455530845545,0.3841806125765439,53.47661482879594,53.84795083555456,1.582761031554983,1.71572560135944,2.4256878645367403
7,12263,10,16.45,Shore Broadcast,-2.701883085142112,0.536798991803889,44.20201934086119,44.63041113253152,1.0600466849420336,1.7171611353426268,1.1664163877257432
7,12263,11,17.95,Shore Broadcast,-4.1018103440671165,0.38888300643946566,52.98487418120728,52.9490584026224,1.7568208104684406,1.760009574712373,2.1012468591285334
7,12263,12,19.450000000000003,Shore Broadcast,-3.8568017133592267,0.41145261672701816,51.66128140501113,51.63668899681699,1.4275146761702395,1.7261814903976123,1.807425121048384
7,12263,13,20.950000000000003,Shore Broadcast,-4.162821599161434,0.3834580329279556,53.267916951560814,53.299707315972235,1.811035075064995,1.7509748683716324,2.318429591698549
7,12263,14,22.450000000000003,Shore Broadcast,-2.7017800973107207,0.5368117215119241,44.346299615295216,44.88790190321402,1.0763614731269138,1.7804639156323514,0.7144000186551444
7,12263,15,23.950000000000003,Shore Broadcast,-3.37709826535791,0.4595049280938426,48.865981485738914,48.8404084700908,1.2321047409145418,1.657051953362344,1.1419539693092147
7,12263,16,25.450000000000003,Shore Broadcast,-3.2012526345339003,0.47849206106687253,47.763705692141045,47.94628926401611,1.1678748821255898,1.7387271447212593,1.2275817767438753
7,12263,17,26.950000000000003,Shore Broadcast,-4.12914137186025,0.3864433718435199,53.05352764110297,53.067897841802875,1.873438868174503,1.715762454305172,2.4791553083787607
7,12263,18,28.450000000000003,Shore Broadcast,-2.913328968371047,0.5112897697768982,45.737425454912135,45.78741804541715,1.1736350252582175,1.7706768816413423,1.1952327827293407
7,12263,19,29.950000000000003,Shore Broadcast,-4.192225872530875,0.38087056725815877,53.51245212660241,53.557653547880825,1.5928452285110175,1.6962254511003338,2.4006682079236668
8,13272,0,1.4500000000000002,No Algorithm,-4.078177794305112,0.39100491858499414,52.80504332653172,52.75221559892808,,,
8,13272,1,2.95,No Algorithm,-3.9940901359132375,0.39864928216386747,52.40943739049498,52.36915471932177,,,
8,13272,2,4.45,No Algorithm,-4.186371548320322,0.3813843300170629,53.39569816426218,53.34417574285673,,,
8,13272,3,5.95,No Algorithm,-4.084501226460696,0.3904360202805676,52.934910518260565,52.901081466586604,,,
8,13272,4,7.45,No Algorithm,-3.817126909128694,0.41522864780686936,51.42802744472737,51.405795864457716,,,
8,13272,5,8.950000000000001,No Algorithm,-3.9507772960935066,0.40264496286718704,52.09964920138052,52.047573132885404,,,
8,13272,6,10.450000000000001,No Algorithm,-3.9468446526878003,0.40300973291863645,52.10731864834776,52.09697875181051,,,
8,13272,7,11.950000000000001,No Algorithm,-3.6742136909146965,0.42911987622951214,50.690779876508124,50.64139786512928,,,
8,13272,8,13.450000000000001,No Algorithm,-3.4817208450185766,0.44856761463800865,49.37842041463722,49.40143374956273,,,
8,13272,9,14.950000000000001,No Algorithm,-4.010230594544675,0.39717046060536193,52.39764423220534,52.34638226393855,,,
8,13272,10,16.45,No Algorithm,-4.014351841777501,0.39679374357691144,52.549492338379046,52.53663567427122,,,
8,13272,11,17.95,No Algorithm,-4.188610963024332,0.3811877220586837,53.4319419315964,53.39683852777138,,,
8,13272,12,19.450000000000003,No Algorithm,-4.246849055765967,0.3761101851912832,53.80236035499039,53.81234064984417,,,
8,13272,13,20.950000000000003,No Algorithm,-3.4864807951175862,0.44807624532748114,49.48860900518293,49.49376251259346,,,
8,13272,14,22.450000000000003,No Algorithm,-4.421446148707567,0.36128953751030835,54.76058101789027,54.762267068476014,,,
8,13272,15,23.950000000000003,No Algorithm,-4.108318148488488,0.3883007104521399,53.03945330900781,52.99172050103598,,,
8,13272,16,25.450000000000003,No Algorithm,-4.045647315963934,0.39394470580670193,52.62033808154573,52.58154210337055,,,
8,13272,17,26.950000000000003,No Algorithm,-4.0745400287504685,0.3913325718625566,52.77025087381287,52.799489262993696,,,
8,13272,18,28.450000000000003,No Algorithm,-3.81945422639095,0.4150061927780245,51.46039599874084,51.55194695724369,,,
8,13272,19,29.950000000000003,No Algorithm,-3.708754125419146,0.4257205234367972,50.726968297345174,50.676689339436145,,,
8,13272,0,1.4500000000000002,DPC,-2.9639155121066647,0.5053688261311702,46.170079075119936,46.12843175347081,1.077459840475268,1.676963359605856,0.8457755539786043
8,13272,1,2.95,DPC,-2.8546536118503085,0.5182444249221514,45.45211163920378,45.44408560069374,1.0677093932807866,1.740009596524479,0.6406342722584456
8,13272,2,4.45,DPC,-2.955330360338924,0.5063688294533087,46.20606448715801,46.169882421608186,1.0375555955629647,1.7326021803190255,0.5776319853139563
8,13272,3,5.95,DPC,-2.960039861014356,0.5058200193948323,46.12953276222137,46.089294830348784,1.0695438024036965,1.777568669439872,0.49573098402730076
8,13272,4,7.45,DPC,-2.605912108642156,0.5487932855110805,43.561387685887986,43.55020144788993,1.0040010216233688,1.7374867712944593,0.45346300745445883
8,13272,5,8.950000000000001,DPC,-2.8384203229844065,0.5201851711987573,45.16156849161742,45.12455502283425,1.0966941645401147,1.7722343419860207,0.4193349579994796
8,13272,6,10.450000000000001,DPC,-2.7284512103426266,0.533525128362104,44.41026879382914,44.38739170036646,1.005106287407589,1.7145319202167377,0.39965871471810976
8,13272,7,11.950000000000001,DPC,-2.6379428961594797,0.5447606261446409,43.75686127599819,43.718308764913765,1.0293943525215061,1.7456886602030741,0.3794087859610053
8,13272,8,13.450000000000001,DPC,-2.6170856517224523,0.5473831630566353,43.56010045122118,43.517276624551734,1.031656176628242,1.689994855261524,0.3625865200435015
8,13272,9,14.950000000000001,DPC,-2.783147306859977,0.5268479194199143,44.85888389129713,44.8145651414697,1.0220528308259227,1.738354698404507,0.34581114300494714
8,13272,10,16.45,DPC,-2.6032089818728505,0.5491349706219656,43.55469617407233,43.51696573590938,0.9924068246251123,1.6973390597309557,0.3235320334961206
8,13272,11,17.95,DPC,-2.697230966376003,0.5373743135639333,44.23794201117308,44.20551060563417,1.0303326401628317,1.6962053793287266,0.31331126850858343
8,13272,12,19.450000000000003,DPC,-2.476615782112912,0.565377370671777,42.579470767276526,42.56528409602834,0.9853035154356216,1.6924018771038312,0.2966548634431966
8,13272,13,20.950000000000003,DPC,-2.6276265407067974,0.5460562042988677,43.65536513353638,43.71106432532089,0.985437921182582,1.7166748769532114,0.27244018990372637
8,13272,14,22.450000000000003,DPC,-2.6960176612174136,0.5375244628608112,44.28326892801604,44.2675567844902,1.039170003143853,1.72247299817388,0.2741421768456535
8,13272,15,23.950000000000003,DPC,-2.804180420825097,0.5243025354673924,45.04087333245941,44.998337529840114,1.0017615541725051,1.7382903344334844,0.25858732206825746
8,13272,16,25.450000000000003,DPC,-2.7726378004432846,0.5281243842665237,44.74262971187557,44.7874950972164,1.0175862780878442,1.7631253908859248,0.2523851610464753
8,13272,17,26.950000000000003,DPC,-2.812494478177533,0.523299780028803,45.07395565312235,45.0625337659506,1.0160623211907491,1.7595174522822776,0.24791410910669157
8,13272,18,28.450000000000003,DPC,-2.5702259257881037,0.5533213239529631,43.22281001012754,43.61490860327542,1.0287353538619348,1.7431509276672246,0.24574656479977225
8,13272,19,29.950000000000003,DPC,-3.0109292489933615,0.4999275552891222,46.40047169715272,46.355625809146616,1.0982155595220626,1.7924551774220638,0.2348119950212995
8,13272,0,1.4500000000000002,Node-KF DPC,-0.7756588654700285,0.8364386905337473,24.257910882522392,24.24324630306804,0.4907624337132731,0.26611962034139736,0.8457755539786043
8,13272,1,2.95,Node-KF DPC,-0.45993610048679495,0.899510816301102,18.709398815379963,18.696528945752,0.3794214827461575,0.22997726986002118,0.6406342722584456
8,13272,2,4.45,Node-KF DPC,-0.3809837714278292,0.9160129697649205,16.989396600032876,16.975237555176637,0.3454920989486219,0.20368046361263448,0.5776319853139563
8,13272,3,5.95,Node-KF DPC,-0.31289906050050215,0.9304865373142811,15.421948899450928,15.416103552264072,0.30655292462553063,0.19227506666783134,0.49573098402730076
8,13272,4,7.45,Node-KF DPC,-0.2798728785939474,0.9375894505038839,14.573785146804756,14.562153104435017,0.2873423648161954,0.18686210523326308,0.45346300745445883
8,13272,5,8.950000000000001,Node-KF DPC,-0.24092170492076836,0.9460363623821071,13.519881919816296,13.510972530985576,0.26632648999363817,0.18010619052498902,0.4193349579994796
8,13272,6,10.450000000000001,Node-KF DPC,-0.23334799110820384,0.9476876059897487,13.320627334563028,13.31034628620534,0.2564165942102082,0.17480401016268715,0.39965871471810976
8,13272,7,11.950000000000001,Node-KF DPC,-0.20864293437585774,0.9530939363907202,12.57087144579686,12.562265819001025,0.24275477505512597,0.17547750273219623,0.3794087859610053
8,13272,8,13.450000000000001,Node-KF DPC,-0.20723879922631486,0.9534021348867148,12.535331929933298,12.541144443668541,0.24252693659327904,0.17473960247216747,0.3625865200435015
8,13272,9,14.950000000000001,Node-KF DPC,-0.1939111849665162,0.9563324260431267,12.126023162257832,12.216577721379894,0.23579402388446272,0.17405907384644506,0.34581114300494714
8,13272,10,16.45,Node-KF DPC,-0.18112361584393485,0.9591524454679252,11.72076246565448,11.754447042373403,0.22931199610510078,0.16731684912141864,0.3235320334961206
8,13272,11,17.95,Node-KF DPC,-0.16683599803731383,0.9623131050892502,11.245966700701985,11.237199129988303,0.21433285876828675,0.16633010133471368,0.31331126850858343
8,13272,12,19.450000000000003,Node-KF DPC,-0.16092320961300602,0.9636241576432809,11.047052968042426,11.042458738412336,0.21050482695716316,0.16319191750673162,0.2966548634431966
8,13272,13,20.950000000000003,Node-KF DPC,-0.1339789355064424,0.9696212089713355,10.073565075379939,10.06357454502618,0.1914449839688867,0.16526614594235295,0.27244018990372637
8,13272,14,22.450000000000003,Node-KF DPC,-0.14957731346376799,0.9661449065652611,10.643700693772397,10.633527865540477,0.19939593041263992,0.16299910070382087,0.2741421768456535
8,13272,15,23.950000000000003,Node-KF DPC,-0.13620719664528327,0.9691238471175881,10.162136435750272,10.156792567783151,0.19144618807249836,0.16615348086444104,0.25858732206825746
8,13272,16,25.450000000000003,Node-KF DPC,-0.13904185210129244,0.9684915029412785,10.262740903146566,10.26340637573544,0.1892837030765783,0.16143194887747897,0.2523851610464753
8,13272,17,26.950000000000003,Node-KF DPC,-0.12947806429224365,0.9706266102762485,9.907699399905455,9.898716885270632,0.17936987386143818,0.16078418210644868,0.24791410910669157
8,13272,18,28.450000000000003,Node-KF DPC,-0.12761260018582227,0.9710436217994988,9.837844370444037,9.828049269144657,0.18006766308716668,0.15952620922617436,0.24574656479977225
8,13272,19,29.950000000000003,Node-KF DPC,-0.12718213805071663,0.9711398740532741,9.82675871867783,9.82211953806064,0.17985525494346144,0.16423666021805244,0.2348119950212995
8,13272,0,1.4500000000000002,KF-DPC,-0.1449935547325816,0.9671651619971715,10.482829437339639,10.50745589480513,0.18072864014542792,0.26611962034139736,0.20190218088471323
8,13272,1,2.95,KF-DPC,-0.10610547274911855,0.9758643499028653,8.963303800162725,8.954799241808113,0.1556556833825245,0.22997726986002118,0.18949574330792415
8,13272,2,4.45,KF-DPC,-0.09338063421584436,0.9787278276928376,8.40846133325,8.46580729834398,0.14875920878916732,0.20368046361263448,0.1853967432657594
8,13272,3,5.95,KF-DPC,-0.0862389350469932,0.9803386080004006,8.082742166972896,8.14311709140439,0.13853446012689274,0.19227506666783134,0.14542214541777548
8,13272,4,7.45,KF-DPC,-0.08944959143080769,0.9796141301695286,8.230015834339696,8.287030616690759,0.13715380484066547,0.18686210523326308,0.10952056922882487
8,13272,5,8.950000000000001,KF-DPC,-0.07886460517473438,0.9820046391789432,7.729745331759974,7.80501850452502,0.12573318929404825,0.18010619052498902,0.08236382184203113
8,13272,6,10.450000000000001,KF-DPC,-0.07637407475589447,0.9825679467795622,7.606469600205908,7.612313109172831,0.11776660192183508,0.17480401016268715,0.07238660734103416
8,13272,7,11.950000000000001,KF-DPC,-0.07056147651405241,0.9838838963594128,7.3100762474362755,7.331767349195024,0.11797271371748358,0.17547750273219623,0.05759571232867218
8,13272,8,13.450000000000001,KF-DPC,-0.07456915639637976,0.9829763847343549,7.5175432910459286,7.521518096675501,0.1164287949720643,0.17473960247216747,0.05347891786614913
8,13272,9,14.950000000000001,KF-DPC,-0.07086306370077596,0.9838155748664703,7.326753382114047,7.388177515739469,0.11463006415422074,0.17405907384644506,0.05513896330679991
8,13272,10,16.45,KF-DPC,-0.06350065449068154,0.98548480996184,6.934115719896737,6.952555076730511,0.10904655523864254,0.16731684912141864,0.04561907116849473
8,13272,11,17.95,KF-DPC,-0.06704621177981004,0.9846805936741887,7.125585444927045,7.118521458897592,0.10612760584217741,0.16633010133471368,0.03256802463052721
8,13272,12,19.450000000000003,KF-DPC,-0.06591379570104232,0.9849373810781211,7.066469569809342,7.061910963391527,0.10423562515086837,0.16319191750673162,0.020857962252221036
8,13272,13,20.950000000000003,KF-DPC,-0.060541343572551594,0.9861565545768515,6.771782465338743,6.773218450620297,0.09997151620220154,0.16526614594235295,0.01434230902334206
8,13272,14,22.450000000000003,KF-DPC,-0.07226867298366424,0.9834972110367075,7.399177650349172,7.3969302062969655,0.10583878553561694,0.16299910070382087,0.009600704206591752
8,13272,15,23.950000000000003,KF-DPC,-0.06412801086702105,0.9853424628787373,6.969646337122511,6.963663707035778,0.10117663219131286,0.16615348086444104,0.01075806782304037
8,13272,16,25.450000000000003,KF-DPC,-0.07218667572688653,0.9835157801961193,7.393220601907469,7.392664642786285,0.10735536856580062,0.16143194887747897,0.01733899977617708
8,13272,17,26.950000000000003,KF-DPC,-0.06937057782433899,0.984153728640491,7.250507919986971,7.291716371628533,0.10389165193532302,0.16078418210644868,0.0237396358613195
8,13272,18,28.450000000000003,KF-DPC,-0.06697597823035256,0.9846965179318674,7.12375826091253,7.1562486952789115,0.10232970151651664,0.15952620922617436,0.02865552579382093
8,13272,19,29.950000000000003,KF-DPC,-0.07139968587376812,0.9836940203318159,7.355651404684511,7.4019919564408765,0.10970409053943644,0.16423666021805244,0.029091763285331456
8,13272,0,1.4500000000000002,Shore Broadcast,-3.127922741448131,0.4866399130472376,47.28542634562563,47.28991656969873,1.2107533939097124,1.713542669076378,1.9193707582282582
8,13272,1,2.95,Shore Broadcast,-3.449575177597329,0.45190014662128947,49.484764847833496,49.47843480458082,1.2722324996136143,1.7739682004381259,1.5124934111829587
8,13272,2,4.45,Shore Broadcast,-2.6908784616872543,0.5381609159333877,44.149203414290646,44.1502036535794,1.0429421302174884,1.6920245527997595,0.37258948915815604
8,13272,3,5.95,Shore Broadcast,-4.524224486090735,0.35283978712761815,55.05018217796485,55.04489494519502,1.877313257412475,1.6989548811565562,2.3170155143548574
8,13272,4,7.45,Shore Broadcast,-4.46264762654963,0.357878194244035,54.85507568068773,55.01920692053951,1.6172129205220693,1.7205274727621003,2.0824795005757255
8,13272,5,8.950000000000001,Shore Broadcast,-3.2562433856984825,0.4724715488634065,48.10772630790833,48.25386570677417,1.2478434874347006,1.7230791614212573,1.2172831075681465
8,13272,6,10.450000000000001,Shore Broadcast,-3.5778038860575907,0.43875250739006616,49.92381378668783,49.88777506625347,1.3536280460589383,1.7272706389575887,1.6109353383144667
8,13272,7,11.950000000000001,Shore Broadcast,-2.820665813909523,0.5223161069343337,45.26275555548225,45.52675818409889,1.0550165232739688,1.7082702823538474,0.7088924447336453
8,13272,8,13.450000000000001,Shore Broadcast,-4.529853860890957,0.35238272844194823,55.23740259391446,55.20472625258552,1.9474143070635683,1.7099001578699358,2.7394911732642337
8,13272,9,14.950000000000001,Shore Broadcast,-3.523403768611742,0.44428292571017847,49.97987327063734,50.29916027344536,1.3077097963375124,1.778847370114135,1.7765806129505581
8,13272,10,16.45,Shore Broadcast,-3.089335627769458,0.4909829796876414,47.02844098979873,46.9915787325107,1.1465233325286417,1.7525741296543116,0.9993983940132001
8,13272,11,17.95,Shore Broadcast,-2.521912332382663,0.5595111772386342,42.98625790560034,43.00521292470512,1.0417903329072276,1.6826887575906506,0.6257900208131956
8,13272,12,19.450000000000003,Shore Broadcast,-3.4750571945592217,0.4492564081338169,49.48686233740474,49.452753170642666,1.207320375070407,1.7882217663377653,0.922692355574312
8,13272,13,20.950000000000003,Shore Broadcast,-3.6647431668534503,0.43005666557713856,50.61224464139449,50.56340943722891,1.2934326266099123,1.737520157603854,1.2770177642403564
8,13272,14,22.450000000000003,Shore Broadcast,-3.861664344272829,0.4109921866186097,51.789602515703194,51.837507565226105,1.3818533872810899,1.7521328983571571,1.3763172619697086
8,13272,15,23.950000000000003,Shore Broadcast,-2.9192488135730734,0.5105933081648586,45.97098428187262,47.43959642378074,1.1948999374822842,1.71887531192204,1.6204006948455765
8,13272,16,25.450000000000003,Shore Broadcast,-4.299333042450982,0.3715922911287175,54.0587342182394,54.00524676583943,1.6414252025294092,1.7379036043941967,2.003148427175332
8,13272,17,26.950000000000003,Shore Broadcast,-3.1972823804446775,0.4789296912372819,47.67031719818455,47.708738044381356,1.1760999916503465,1.7633780992873407,0.9491738247145961
8,13272,18,28.450000000000003,Shore Broadcast,-3.2767267715397015,0.47024839598224993,48.451581662207325,48.880131167635184,1.2461719592610885,1.7502109723874837,1.164095666036542
8,13272,19,29.950000000000003,Shore Broadcast,-2.908312024258028,0.5118807499710658,45.85873532425078,45.819968018691874,1.0735108665727313,1.7010117446986124,0.8166150077572192
9,14281,0,1.4500000000000002,No Algorithm,-4.0344397409128,0.39496264799081493,52.597108396306005,52.54487373936678,,,
9,14281,1,2.95,No Algorithm,-3.873638257383676,0.40986060261760743,51.74804777831451,51.71886909416758,,,
9,14281,2,4.45,No Algorithm,-3.8252574565629454,0.41445201394591696,51.4290941277017,51.3985614717968,,,
9,14281,3,5.95,No Algorithm,-3.6816231604384466,0.4283883818140954,50.65179758938198,50.775880299670824,,,
9,14281,4,7.45,No Algorithm,-3.8894501599840585,0.40837108502101305,51.79066096660007,51.74402401256387,,,
9,14281,5,8.950000000000001,No Algorithm,-3.9840716916220704,0.39956996062087335,52.24101408879507,52.214397936875,,,
9,14281,6,10.450000000000001,No Algorithm,-3.9061273333771913,0.4068059221930203,51.90264596912712,51.98458921409207,,,
9,14281,7,11.950000000000001,No Algorithm,-3.8114328567278584,0.4157734127990162,51.28970233711542,51.239620716824284,,,
9,14281,8,13.450000000000001,No Algorithm,-3.737568735436998,0.4229052985802414,51.030953331161875,50.98835860753984,,,
9,14281,9,14.950000000000001,No Algorithm,-3.793579514912187,0.4174861269888908,51.34042569903528,51.352914031220934,,,
9,14281,10,16.45,No Algorithm,-3.6990912857825577,0.4266687852894731,50.69785321260102,50.67172293837042,,,
9,14281,11,17.95,No Algorithm,-3.80922754074819,0.4159845931453877,51.361564468138766,51.332333937506355,,,
9,14281,12,19.450000000000003,No Algorithm,-4.0848603926114375,0.39040373214201757,52.878801720794485,52.89966075440165,,,
9,14281,13,20.950000000000003,No Algorithm,-3.85966739979209,0.4111812098120533,51.749193593014866,51.705242692239395,,,
9,14281,14,22.450000000000003,No Algorithm,-3.8538367620745824,0.4117336135019858,51.62628329709394,51.64765278615654,,,
9,14281,15,23.950000000000003,No Algorithm,-3.998994056180261,0.39819939365287776,52.48806095769338,52.51961089422124,,,
9,14281,16,25.450000000000003,No Algorithm,-3.774912201925984,0.4192844729601795,51.268729629837885,51.2656951154184,,,
9,14281,17,26.950000000000003,No Algorithm,-4.063189738154049,0.39235665756924976,52.79952432700763,52.813207009594215,,,
9,14281,18,28.450000000000003,No Algorithm,-4.172012411717956,0.3826473930241563,53.488810014249154,53.756985410416775,,,
9,14281,19,29.950000000000003,No Algorithm,-4.001542310352436,0.3979658158222677,52.40477987288488,52.361311050511276,,,
9,14281,0,1.4500000000000002,DPC,-3.2489661097807754,0.4732639117149047,48.070184529972856,48.02319167782101,1.119633593338532,1.7802515634511005,0.828240370612516
9,14281,1,2.95,DPC,-2.8187323071474495,0.522548697171489,45.1281061547793,45.09254274545986,1.0856688227228877,1.7731656650027183,0.6360946610381177
9,14281,2,4.45,DPC,-2.7013148375683507,0.5368692332401102,44.21668406943324,44.19454841650593,0.9861651808226808,1.742674089733785,0.5374749373799
9,14281,3,5.95,DPC,-2.78504658057454,0.5266175665881079,44.99426699047744,45.00989123662947,1.062176582413733,1.7344884626241277,0.49730093537003983
9,14281,4,7.45,DPC,-2.9227080282856592,0.5101867755649289,45.88582656431308,45.850692617004235,1.0759893260092641,1.707539691273857,0.44975960542167887
9,14281,5,8.950000000000001,DPC,-2.8164790964726616,0.5228198767138365,45.07479369559882,45.243557048925474,1.033245771725827,1.7192846705710374,0.4190736972035694
9,14281,6,10.450000000000001,DPC,-2.8445855263364885,0.519447245154458,45.371784427838996,45.380174180399976,1.0284343134471254,1.705131807478715,0.3866737790082012
9,14281,7,11.950000000000001,DPC,-2.6756207217133463,0.5400549211121201,44.09961762116785,44.11047410663957,1.0055123886884323,1.7192023482076417,0.371662073686914
9,14281,8,13.450000000000001,DPC,-2.505944321090669,0.5615721579711672,42.77677240025007,42.83080384030627,1.003913151890604,1.7549380695884091,0.3501222850067391
9,14281,9,14.950000000000001,DPC,-2.657478950761258,0.5423156094832304,44.02087449669291,43.983964948925426,0.9912030140405269,1.7193823854580734,0.32792103952641855
9,14281,10,16.45,DPC,-2.8199866655156125,0.522397792955608,45.130251179684734,45.091307399460355,1.021542672702099,1.7409844816705433,0.3115196168647557
9,14281,11,17.95,DPC,-2.47218581436412,0.5659543711753352,42.50429394720375,42.529055091020396,1.0225458414996276,1.736877499787134,0.2998131410124348
9,14281,12,19.450000000000003,DPC,-2.578143761335655,0.5523134557550772,43.34295110106335,43.364612283516884,0.9941580602270478,1.7308644302973253,0.2939157346634796
9,14281,13,20.950000000000003,DPC,-2.6185046010863795,0.5472043484154104,43.76917152284369,43.743448235444326,1.0114890835777424,1.711379484277945,0.2878585269204209
9,14281,14,22.450000000000003,DPC,-2.620329075271357,0.5469745157620767,43.59446033979175,43.5533237004724,0.9990837692179713,1.726916021361277,0.28514330252264863
9,14281,15,23.950000000000003,DPC,-2.6499741594962902,0.5432535638392748,43.933107194942366,43.919428388906525,1.0168463347523053,1.7501772745765845,0.27469772133785175
9,14281,16,25.450000000000003,DPC,-2.865672700458686,0.5169311817092253,45.470876407253165,45.54499425536939,1.0207942286231377,1.6979536264511814,0.26246240560986356
9,14281,17,26.950000000000003,DPC,-2.790216038253319,0.525991100498727,44.997783862730046,44.99786464850247,1.0257747653632259,1.7798617770253633,0.25192388877850297
9,14281,18,28.450000000000003,DPC,-2.5026397444790778,0.5619996247028483,42.75845109169609,42.957575884648094,0.9624669346241852,1.6735855036110552,0.24412623623202598
9,14281,19,29.950000000000003,DPC,-2.7413278775744194,0.5319455893168665,44.55327761431678,44.52949370023763,0.9932055288495713,1.6550136795907193,0.24298577259713597
9,14281,0,1.4500000000000002,Node-KF DPC,-0.7245445908336806,0.8463413130580105,23.48195323557914,23.46827062262052,0.47613652093693465,0.2813046385407566,0.828240370612516
9,14281,1,2.95,Node-KF DPC,-0.4735675050357715,0.896691905760532,18.99944567696987,19.017686967972914,0.38555785586715163,0.22730870429347974,0.6360946610381177
9,14281,2,4.45,Node-KF DPC,-0.36679038195904595,0.9190115335694269,16.70416518036953,16.805180338604497,0.3445269441100062,0.20901145648340208,0.5374749373799
9,14281,3,5.95,Node-KF DPC,-0.3388279254180212,0.9249477652948035,16.038263165605624,16.312045903689324,0.3329300038854047,0.20531662308875875,0.49730093537003983
9,14281,4,7.45,Node-KF DPC,-0.2915395467558279,0.9350741374580892,14.878023690963868,15.024734081528075,0.30265730181211575,0.1899668092926103,0.44975960542167887
9,14281,5,8.950000000000001,Node-KF DPC,-0.25310232087343376,0.9433867406320665,13.884637684055756,13.918278621260017,0.278286057154817,0.17876938835265763,0.4190736972035694
9,14281,6,10.450000000000001,Node-KF DPC,-0.21476103610995653,0.9517522153808279,12.761293745853314,12.797615948586103,0.24889069595909333,0.17943609362711962,0.3866737790082012
9,14281,7,11.950000000000001,Node-KF DPC,-0.19985435460843332,0.9550246132764963,12.32984940286754,12.321653099383415,0.23904530132017007,0.16759130030789546,0.371662073686914
9,14281,8,13.450000000000001,Node-KF DPC,-0.18361579989188265,0.9586021970079682,11.82711348019053,11.819810276636877,0.23441023792108776,0.17173254156530474,0.3501222850067391
9,14281,9,14.950000000000001,Node-KF DPC,-0.1601063966676518,0.9638054113183963,11.030565381615716,11.024658121905691,0.2119093818535635,0.16884382748575136,0.32792103952641855
9,14281,10,16.45,Node-KF DPC,-0.16093466018510302,0.9636216169632112,11.064228669427028,11.053247931280032,0.2081127044630943,0.16872939804844161,0.3115196168647557
9,14281,11,17.95,Node-KF DPC,-0.1460949353170916,0.9669199178330086,10.526659190200753,10.546678477709317,0.19522760744453405,0.16715127690517492,0.2998131410124348
9,14281,12,19.450000000000003,Node-KF DPC,-0.14303920086691715,0.9676004906538969,10.413344818567047,10.414960420194546,0.19660268903440484,0.1668799900401329,0.2939157346634796
9,14281,13,20.950000000000003,Node-KF DPC,-0.1327374926343649,0.969898417512946,10.024111583140868,10.034898892405227,0.19206662250747905,0.1577084906168919,0.2878585269204209
9,14281,14,22.450000000000003,Node-KF DPC,-0.1267944097189908,0.9712265791042665,9.802252349045471,9.836250771494838,0.1864674793761108,0.16128950943699025,0.28514330252264863
9,14281,15,23.950000000000003,Node-KF DPC,-0.12368014741885931,0.9719232812667977,9.681924548745254,9.689012837693888,0.1791729030603255,0.16191095177069673,0.27469772133785175
9,14281,16,25.450000000000003,Node-KF DPC,-0.12207950961812321,0.9722815597915567,9.625266173361611,9.615659744450069,0.17068562363427353,0.16495961871021,0.26246240560986356
9,14281,17,26.950000000000003,Node-KF DPC,-0.13825263347374758,0.9686675173788147,10.246508587583351,10.23736498154055,0.17999336569993515,0.1629890141632106,0.25192388877850297
9,14281,18,28.450000000000003,Node-KF DPC,-0.12351520033691069,0.9719601960700657,9.685126657723146,9.676008582763638,0.1720866631291041,0.1593860412714625,0.24412623623202598
9,14281,19,29.950000000000003,Node-KF DPC,-0.13271730284279032,0.9699029264563546,10.053353259918012,10.043295573893898,0.1736810792271302,0.1621907845451387,0.24298577259713597
9,14281,0,1.4500000000000002,KF-DPC,-0.14241895477986033,0.967738690262926,10.388749085099368,10.415906529094398,0.19275373770472543,0.2813046385407566,0.19801073525188154
9,14281,1,2.95,KF-DPC,-0.09180549853259479,0.9790828652973056,8.339944203227379,8.909322153847834,0.15808642764960584,0.22730870429347974,0.14388793266872577
9,14281,2,4.45,KF-DPC,-0.07750142076638435,0.9823129238987163,7.660834062085043,8.220995247943877,0.14895090760048546,0.20901145648340208,0.11428082276207181
9,14281,3,5.95,KF-DPC,-0.080719630002217,0.9815852799483546,7.8163168948781285,8.299691135519998,0.14755726899766325,0.20531662308875875,0.10780963289346426
9,14281,4,7.45,KF-DPC,-0.08093829991991941,0.9815358577756789,7.827158684745816,8.216117958406128,0.1444618226933033,0.1899668092926103,0.10735246452353589
9,14281,5,8.950000000000001,KF-DPC,-0.07422978715112284,0.9830532001215896,7.4974174383140735,7.771024652058335,0.13331742993310083,0.17876938835265763,0.10118009748814087
9,14281,6,10.450000000000001,KF-DPC,-0.07375090919863753,0.9831616031703765,7.472902066857935,7.572690472982165,0.12501515484607878,0.17943609362711962,0.08535852030230179
9,14281,7,11.950000000000001,KF-DPC,-0.07338571963061342,0.9832442787446788,7.4545853296528755,7.467700914856405,0.11913432695957629,0.16759130030789546,0.07394987748218067
9,14281,8,13.450000000000001,KF-DPC,-0.06574561639410886,0.9849755232375004,7.056328611788309,7.0754302258532356,0.11783329330258854,0.17173254156530474,0.06150567007228954
9,14281,9,14.950000000000001,KF-DPC,-0.06261665761705547,0.9856854236456981,6.8870008850467945,6.911418596930222,0.10828946705468873,0.16884382748575136,0.04746076107989494
9,14281,10,16.45,KF-DPC,-0.06721922265557832,0.984641367511835,7.134860335064193,7.1366984584703115,0.11476561401216506,0.16872939804844161,0.04335623034904256
9,14281,11,17.95,KF-DPC,-0.06387154691231692,0.9854006520330865,6.955490771419541,6.973499638605618,0.1104107776960643,0.16715127690517492,0.04060205652196818
9,14281,12,19.450000000000003,KF-DPC,-0.06223539096661462,0.9857719606596643,6.864974835313422,6.86317737426062,0.1099088350437627,0.1668799900401329,0.03864522778934239
9,14281,13,20.950000000000003,KF-DPC,-0.05855960990050039,0.9866066513852739,6.660656839027204,6.66861626965598,0.1063346919722692,0.1577084906168919,0.03980815888532895
9,14281,14,22.450000000000003,KF-DPC,-0.05713578022011113,0.986930162318824,6.579821364994002,6.610437663658431,0.1041487186415701,0.16128950943699025,0.04376002408831566
9,14281,15,23.950000000000003,KF-DPC,-0.06086495718000729,0.9860830740691208,6.791583509492707,6.799452653091615,0.10634919097887582,0.16191095177069673,0.045432868664584285
9,14281,16,25.450000000000003,KF-DPC,-0.06315267216255546,0.9855637759749943,6.918176894567095,6.916204187286054,0.10514999553530739,0.16495961871021,0.04708692768452002
9,14281,17,26.950000000000003,KF-DPC,-0.06619652140062239,0.9848732637435006,7.08239320738761,7.076452086228456,0.10546598950839361,0.1629890141632106,0.04586221779051601
9,14281,18,28.450000000000003,KF-DPC,-0.05944295743932842,0.9864059976889629,6.71166474501967,6.705109702579623,0.10513264145492696,0.1593860412714625,0.043663123398245025
9,14281,19,29.950000000000003,KF-DPC,-0.07006254167105604,0.9839969353633196,7.287894710709837,7.281123323137752,0.10862154205536234,0.1621907845451387,0.04220864840679167
9,14281,0,1.4500000000000002,Shore Broadcast,-4.111374994059027,0.38802749545190235,53.01972677210074,53.05291489872049,1.6241661960393656,1.7394940449530516,2.1136138829519497
9,14281,1,2.95,Shore Broadcast,-4.090144422809238,0.3899290195348638,52.82175439079825,52.85905661700625,1.9025251601923354,1.8052334618388184,2.552902501997583
9,14281,2,4.45,Shore Broadcast,-3.5743838910495196,0.4390981535873272,50.20263578538658,50.494968382170754,1.3099325386212972,1.7188444773978444,1.177280641601546
9,14281,3,5.95,Shore Broadcast,-3.259236574541948,0.4721460302573613,48.28910800082566,48.58726024768329,1.1965668720470362,1.6848398276153165,1.112574743557344
9,14281,4,7.45,Shore Broadcast,-3.4993693736286287,0.4467484584841364,49.79986416866719,50.4996360608453,1.3518397940417375,1.6779115768641526,1.3112760069203362
9,14281,5,8.950000000000001,Shore Broadcast,-4.27722039277552,0.37348912489300135,53.94607281537772,54.14851576778017,1.8478562123830098,1.7028274170389204,2.785923834227102
9,14281,6,10.450000000000001,Shore Broadcast,-3.2264513528820165,0.4757237840258125,48.110818694928476,48.93182908903717,1.2039004646543858,1.6918034230784658,0.9778613417937579
9,14281,7,11.950000000000001,Shore Broadcast,-4.462895049448689,0.35785780606464423,54.87140996157628,54.829554733468356,1.6986209621558517,1.7626024608288602,2.178264160035418
9,14281,8,13.450000000000001,Shore Broadcast,-3.3279674250588362,0.4647327274640989,48.63202595821498,49.36761394807221,1.188275711826495,1.6704367928347879,1.7654748273460514
9,14281,9,14.950000000000001,Shore Broadcast,-2.744092394981854,0.5316070851560334,44.53763799065574,44.49867436824393,1.0484768535453954,1.729866696106394,0.7355139278406446
9,14281,10,16.45,Shore Broadcast,-3.3824555525042888,0.45893845022152074,49.10453139723388,49.2943952096378,1.2663374961524765,1.7414958262412923,1.7238122962830291
9,14281,11,17.95,Shore Broadcast,-3.576705693588343,0.43886346795830317,50.09652054456786,50.04688340585357,1.2918618605368135,1.7639195642977687,1.529022024494637
9,14281,12,19.450000000000003,Shore Broadcast,-3.4758317602279614,0.4491762902471073,49.392113212481775,49.423172374266905,1.2889249961312146,1.7772805384378534,1.3560684182393663
9,14281,13,20.950000000000003,Shore Broadcast,-3.3878639340522874,0.45836727801693994,48.93542838656437,49.320469741992916,1.295872320221399,1.7171954025886151,1.8849587663842975
9,14281,14,22.450000000000003,Shore Broadcast,-4.258577985385627,0.37509580012038923,53.80954296234655,53.781640651061565,2.03096326141534,1.686210478101339,3.1606056051325915
9,14281,15,23.950000000000003,Shore Broadcast,-3.122213162294381,0.4872801091453837,47.25051339300594,47.28722932242891,1.1974065669100076,1.7587936987810002,1.116760134492961
9,14281,16,25.450000000000003,Shore Broadcast,-3.713606066285377,0.42524517376225607,50.95771589092473,51.17891344581007,1.3032487228431346,1.7098734050292055,1.321510390588362
9,14281,17,26.950000000000003,Shore Broadcast,-3.1498833203034104,0.4841853757723663,47.470454755102196,47.564292783387856,1.1532486266758681,1.7848435988044589,1.0403277304796053
9,14281,18,28.450000000000003,Shore Broadcast,-2.8062815383350737,0.5240489391532833,45.109402255013244,45.12523512824041,1.05128228390289,1.7034847227236307,1.0570566966227926
9,14281,19,29.950000000000003,Shore Broadcast,-3.599073829695681,0.4366089329195538,50.28281581896969,50.28455166301151,1.3008080241550977,1.737000172024865,1.3898740023178198
