factor,factor_value,factor_label,point_index,point_out_dir,method,global_step,physical_time_s,normalized_power_db,distance_rmse_m
connectivity,0.0005,p=0.0005,0,D:\git\sim\outputs\sweep_n_fc_connectivity_n2000_mc20_20260831\connectivity\point_00,DPC,0,0.0,-2.3610431292044205,1.8852052466034734
connectivity,0.0005,p=0.0005,0,D:\git\sim\outputs\sweep_n_fc_connectivity_n2000_mc20_20260831\connectivity\point_00,DPC,1,0.05,-2.3741613894389264,1.8868879986054234
connectivity,0.0005,p=0.0005,0,D:\git\sim\outputs\sweep_n_fc_connectivity_n2000_mc20_20260831\connectivity\point_00,DPC,2,0.1,-2.185182818980191,1.7823272309610374
connectivity,0.0005,p=0.0005,0,D:\git\sim\outputs\sweep_n_fc_connectivity_n2000_mc20_20260831\connectivity\point_00,DPC,3,0.15000000000000002,-2.0009717603965895,1.6795238478164936
connectivity,0.0005,p=0.0005,0,D:\git\sim\outputs\sweep_n_fc_connectivity_n2000_mc20_20260831\connectivity\point_00,DPC,4,0.2,-1.8462787497396662,1.5979110495570947
connectivity,0.0005,p=0.0005,0,D:\git\sim\outputs\sweep_n_fc_connectivity_n2000_mc20_20260831\connectivity\point_00,DPC,5,0.25,-1.7052569588349544,1.5287296433421065
connectivity,0.0005,p=0.0005,0,D:\git\sim\outputs\sweep_n_fc_connectivity_n2000_mc20_20260831\connectivity\point_00,DPC,6,0.30000000000000004,-1.6420001383989855,1.4909737807759895
connectivity,0.0005,p=0.0005,0,D:\git\sim\outputs\sweep_n_fc_connectivity_n2000_mc20_20260831\connectivity\point_00,DPC,7,0.35000000000000003,-1.53536654488392,1.433482780921314
connectivity,0.0005,p=0.0005,0,D:\git\sim\outputs\sweep_n_fc_connectivity_n2000_mc20_20260831\connectivity\point_00,DPC,8,0.4,-1.4653759483626057,1.3979665137722255
connectivity,0.0005,p=0.0005,0,D:\git\sim\outputs\sweep_n_fc_connectivity_n2000_mc20_20260831\connectivity\point_00,DPC,9,0.45,-1.4199265729111898,1.3701994820036183
connectivity,0.0005,p=0.0005,0,D:\git\sim\outputs\sweep_n_fc_connectivity_n2000_mc20_20260831\connectivity\point_00,DPC,10,0.5,-1.3659665562272187,1.347593153889114
connectivity,0.0005,p=0.0005,0,D:\git\sim\outputs\sweep_n_fc_connectivity_n2000_mc20_20260831\connectivity\point_00,DPC,11,0.55,-1.3284436757267244,1.3246195744207534
connectivity,0.0005,p=0.0005,0,D:\git\sim\outputs\sweep_n_fc_connectivity_n2000_mc20_20260831\connectivity\point_00,DPC,12,0.6000000000000001,-1.2938046236168153,1.303863421037927
connectivity,0.0005,p=0.0005,0,D:\git\sim\outputs\sweep_n_fc_connectivity_n2000_mc20_20260831\connectivity\point_00,DPC,13,0.65,-1.2453382816595804,1.2790301988450543
connectivity,0.0005,p=0.0005,0,D:\git\sim\outputs\sweep_n_fc_connectivity_n2000_mc20_20260831\connectivity\point_00,DPC,14,0.7000000000000001,-1.2257259465274624,1.2712991083267833
connectivity,0.0005,p=0.0005,0,D:\git\sim\outputs\sweep_n_fc_connectivity_n2000_mc20_20260831\connectivity\point_00,DPC,15,0.75,-1.1943152452298245,1.251345561160257
connectivity,0.0005,p=0.0005,0,D:\git\sim\outputs\sweep_n_fc_connectivity_n2000_mc20_20260831\connectivity\point_00,DPC,16,0.8,-1.1907918482274487,1.2493499051716057
connectivity,0.0005,p=0.0005,0,D:\git\sim\outputs\sweep_n_fc_connectivity_n2000_mc20_20260831\connectivity\point_00,DPC,17,0.8500000000000001,-1.1525532104901954,1.228031082899071
connectivity,0.0005,p=0.0005,0,D:\git\sim\outputs\sweep_n_fc_connectivity_n2000_mc20_20260831\connectivity\point_00,DPC,18,0.9,-1.1422999650052759,1.2216839764002632
connectivity,0.0005,p=0.0005,0,D:\git\sim\outputs\sweep_n_fc_connectivity_n2000_mc20_20260831\connectivity\point_00,DPC,19,0.9500000000000001,-1.1333133976524663,1.2165370662193644
connectivity,0.0005,p=0.0005,0,D:\git\sim\outputs\sweep_n_fc_connectivity_n2000_mc20_20260831\connectivity\point_00,DPC,20,1.0,-1.1092085798162201,1.203281543234431
connectivity,0.0005,p=0.0005,0,D:\git\sim\outputs\sweep_n_fc_connectivity_n2000_mc20_20260831\connectivity\point_00,DPC,21,1.05,-1.0949331257225523,1.1962585716143979
connectivity,0.0005,p=0.0005,0,D:\git\sim\outputs\sweep_n_fc_connectivity_n2000_mc20_20260831\connectivity\point_00,DPC,22,1.1,-1.0847020595871637,1.189670939469315
connectivity,0.0005,p=0.0005,0,D:\git\sim\outputs\sweep_n_fc_connectivity_n2000_mc20_20260831\connectivity\point_00,DPC,23,1.1500000000000001,-1.0805537180817808,1.1881850835989638
connectivity,0.0005,p=0.0005,0,D:\git\sim\outputs\sweep_n_fc_connectivity_n2000_mc20_20260831\connectivity\point_00,DPC,24,1.2000000000000002,-1.0567337467841738,1.1752283151708012
connectivity,0.0005,p=0.0005,0,D:\git\sim\outputs\sweep_n_fc_connectivity_n2000_mc20_20260831\connectivity\point_00,DPC,25,1.25,-1.0476970269040717,1.1702818025081618
connectivity,0.0005,p=0.0005,0,D:\git\sim\outputs\sweep_n_fc_connectivity_n2000_mc20_20260831\connectivity\point_00,DPC,26,1.3,-1.035976859496046,1.1624390706434313
connectivity,0.0005,p=0.0005,0,D:\git\sim\outputs\sweep_n_fc_connectivity_n2000_mc20_20260831\connectivity\point_00,DPC,27,1.35,-1.0340927602699514,1.160005899323439
connectivity,0.0005,p=0.0005,0,D:\git\sim\outputs\sweep_n_fc_connectivity_n2000_mc20_20260831\connectivity\point_00,DPC,28,1.4000000000000001,-1.0216897575451016,1.1535947114189968
connectivity,0.0005,p=0.0005,0,D:\git\sim\outputs\sweep_n_fc_connectivity_n2000_mc20_20260831\connectivity\point_00,DPC,29,1.4500000000000002,-1.008274734843822,1.145106115307483
connectivity,0.0005,p=0.0005,0,D:\git\sim\outputs\sweep_n_fc_connectivity_n2000_mc20_20260831\connectivity\point_00,DPC,30,1.5,-1.0188836749369377,1.1511805248506684
connectivity,0.0005,p=0.0005,0,D:\git\sim\outputs\sweep_n_fc_connectivity_n2000_mc20_20260831\connectivity\point_00,DPC,31,1.55,-1.0064712704236984,1.143533379050762
connectivity,0.0005,p=0.0005,0,D:\git\sim\outputs\sweep_n_fc_connectivity_n2000_mc20_20260831\connectivity\point_00,DPC,32,1.6,-0.9967754511268363,1.1386272683084508
connectivity,0.0005,p=0.0005,0,D:\git\sim\outputs\sweep_n_fc_connectivity_n2000_mc20_20260831\connectivity\point_00,DPC,33,1.6500000000000001,-0.9851855499114697,1.1315694780804957
connectivity,0.0005,p=0.0005,0,D:\git\sim\outputs\sweep_n_fc_connectivity_n2000_mc20_20260831\connectivity\point_00,DPC,34,1.7000000000000002,-0.9853341684699759,1.1328175196405437
connectivity,0.0005,p=0.0005,0,D:\git\sim\outputs\sweep_n_fc_connectivity_n2000_mc20_20260831\connectivity\point_00,DPC,35,1.75,-0.9675611345124889,1.1220693939862525
connectivity,0.0005,p=0.0005,0,D:\git\sim\outputs\sweep_n_fc_connectivity_n2000_mc20_20260831\connectivity\point_00,DPC,36,1.8,-0.9749383042394297,1.1256630624535453
connectivity,0.0005,p=0.0005,0,D:\git\sim\outputs\sweep_n_fc_connectivity_n2000_mc20_20260831\connectivity\point_00,DPC,37,1.85,-0.9698543496869625,1.1239509867359134
connectivity,0.0005,p=0.0005,0,D:\git\sim\outputs\sweep_n_fc_connectivity_n2000_mc20_20260831\connectivity\point_00,DPC,38,1.9000000000000001,-0.9616490007982319,1.1184034075385552
connectivity,0.0005,p=0.0005,0,D:\git\sim\outputs\sweep_n_fc_connectivity_n2000_mc20_20260831\connectivity\point_00,DPC,39,1.9500000000000002,-0.9492875858008577,1.1119561761945032
connectivity,0.0005,p=0.0005,0,D:\git\sim\outputs\sweep_n_fc_connectivity_n2000_mc20_20260831\connectivity\point_00,DPC,40,2.0,-0.947887952006017,1.1093503105302127
connectivity,0.0005,p=0.0005,0,D:\git\sim\outputs\sweep_n_fc_connectivity_n2000_mc20_20260831\connectivity\point_00,DPC,41,2.0500000000000003,-0.9385197964719344,1.1046125256684305
connectivity,0.0005,p=0.0005,0,D:\git\sim\outputs\sweep_n_fc_connectivity_n2000_mc20_20260831\connectivity\point_00,DPC,42,2.1,-0.953609762144172,1.1131495657753532
connectivity,0.0005,p=0.0005,0,D:\git\sim\outputs\sweep_n_fc_connectivity_n2000_mc20_20260831\connectivity\point_00,DPC,43,2.15,-0.9393314173208784,1.1070079260662682
connectivity,0.0005,p=0.0005,0,D:\git\sim\outputs\sweep_n_fc_connectivity_n2000_mc20_20260831\connectivity\point_00,DPC,44,2.2,-0.9387981015418541,1.1044936145545932
connectivity,0.0005,p=0.0005,0,D:\git\sim\outputs\sweep_n_fc_connectivity_n2000_mc20_20260831\connectivity\point_00,DPC,45,2.25,-0.9310521366957193,1.0996565302187513
connectivity,0.0005,p=0.0005,0,D:\git\sim\outputs\sweep_n_fc_connectivity_n2000_mc20_20260831\connectivity\point_00,DPC,46,2.3000000000000003,-0.9222306598156944,1.0950090672633503
connectivity,0.0005,p=0.0005,0,D:\git\sim\outputs\sweep_n_fc_connectivity_n2000_mc20_20260831\connectivity\point_00,DPC,47,2.35,-0.9290835750068217,1.0988479254628098
connectivity,0.0005,p=0.0005,0,D:\git\sim\outputs\sweep_n_fc_connectivity_n2000_mc20_20260831\connectivity\point_00,DPC,48,2.4000000000000004,-0.9288941537463412,1.0991120322520422
connectivity,0.0005,p=0.0005,0,D:\git\sim\outputs\sweep_n_fc_connectivity_n2000_mc20_20260831\connectivity\point_00,DPC,49,2.45,-0.9193314173358411,1.0924398957759953
connectivity,0.0005,p=0.0005,0,D:\git\sim\outputs\sweep_n_fc_connectivity_n2000_mc20_20260831\connectivity\point_00,DPC,50,2.5,-0.9207759112937742,1.0928212064403249
connectivity,0.0005,p=0.0005,0,D:\git\sim\outputs\sweep_n_fc_connectivity_n2000_mc20_20260831\connectivity\point_00,DPC,51,2.5500000000000003,-0.9179286554426871,1.092095804579357
connectivity,0.0005,p=0.0005,0,D:\git\sim\outputs\sweep_n_fc_connectivity_n2000_mc20_20260831\connectivity\point_00,DPC,52,2.6,-0.9234286192885222,1.0954133753733828
connectivity,0.0005,p=0.0005,0,D:\git\sim\outputs\sweep_n_fc_connectivity_n2000_mc20_20260831\connectivity\point_00,DPC,53,2.6500000000000004,-0.91198313414189,1.0878950027104002
connectivity,0.0005,p=0.0005,0,D:\git\sim\outputs\sweep_n_fc_connectivity_n2000_mc20_20260831\connectivity\point_00,DPC,54,2.7,-0.9104881923517265,1.087065674380072
connectivity,0.0005,p=0.0005,0,D:\git\sim\outputs\sweep_n_fc_connectivity_n2000_mc20_20260831\connectivity\point_00,DPC,55,2.75,-0.8945643048777224,1.0773012380198277
connectivity,0.0005,p=0.0005,0,D:\git\sim\outputs\sweep_n_fc_connectivity_n2000_mc20_20260831\connectivity\point_00,DPC,56,2.8000000000000003,-0.9111596398630746,1.0864531338173835
connectivity,0.0005,p=0.0005,0,D:\git\sim\outputs\sweep_n_fc_connectivity_n2000_mc20_20260831\connectivity\point_00,DPC,57,2.85,-0.901598213230431,1.0806598653028439
connectivity,0.0005,p=0.0005,0,D:\git\sim\outputs\sweep_n_fc_connectivity_n2000_mc20_20260831\connectivity\point_00,DPC,58,2.9000000000000004,-0.9020366028990833,1.082614146836522
connectivity,0.0005,p=0.0005,0,D:\git\sim\outputs\sweep_n_fc_connectivity_n2000_mc20_20260831\connectivity\point_00,DPC,59,2.95,-0.8984670696259379,1.0799207864186373
connectivity,0.0005,p=0.0005,0,D:\git\sim\outputs\sweep_n_fc_connectivity_n2000_mc20_20260831\connectivity\point_00,DPC,60,3.0,-0.8909372316352792,1.076503863288191
connectivity,0.0005,p=0.0005,0,D:\git\sim\outputs\sweep_n_fc_connectivity_n2000_mc20_20260831\connectivity\point_00,DPC,61,3.0500000000000003,-0.9019716443287982,1.0816048168914973
connectivity,0.0005,p=0.0005,0,D:\git\sim\outputs\sweep_n_fc_connectivity_n2000_mc20_20260831\connectivity\point_00,DPC,62,3.1,-0.8966276745585653,1.07906455059919
connectivity,0.0005,p=0.0005,0,D:\git\sim\outputs\sweep_n_fc_connectivity_n2000_mc20_20260831\connectivity\point_00,DPC,63,3.1500000000000004,-0.8819058287461337,1.0696111336943992
connectivity,0.0005,p=0.0005,0,D:\git\sim\outputs\sweep_n_fc_connectivity_n2000_mc20_20260831\connectivity\point_00,DPC,64,3.2,-0.8949542523525644,1.077214017031264
connectivity,0.0005,p=0.0005,0,D:\git\sim\outputs\sweep_n_fc_connectivity_n2000_mc20_20260831\connectivity\point_00,DPC,65,3.25,-0.8897632077543047,1.0735296398376726
connectivity,0.0005,p=0.0005,0,D:\git\sim\outputs\sweep_n_fc_connectivity_n2000_mc20_20260831\connectivity\point_00,DPC,66,3.3000000000000003,-0.8807847596602261,1.0689237142467543
connectivity,0.0005,p=0.0005,0,D:\git\sim\outputs\sweep_n_fc_connectivity_n2000_mc20_20260831\connectivity\point_00,DPC,67,3.35,-0.8849529641191747,1.0715781680795726
connectivity,0.0005,p=0.0005,0,D:\git\sim\outputs\sweep_n_fc_connectivity_n2000_mc20_20260831\connectivity\point_00,DPC,68,3.4000000000000004,-0.8778044261287515,1.065049894974075
connectivity,0.0005,p=0.0005,0,D:\git\sim\outputs\sweep_n_fc_connectivity_n2000_mc20_20260831\connectivity\point_00,DPC,69,3.45,-0.8798035285595363,1.0679779293224718
connectivity,0.0005,p=0.0005,0,D:\git\sim\outputs\sweep_n_fc_connectivity_n2000_mc20_20260831\connectivity\point_00,DPC,70,3.5,-0.88328098548398,1.070633211599972
connectivity,0.0005,p=0.0005,0,D:\git\sim\outputs\sweep_n_fc_connectivity_n2000_mc20_20260831\connectivity\point_00,DPC,71,3.5500000000000003,-0.8837628968555169,1.0704031052912029
connectivity,0.0005,p=0.0005,0,D:\git\sim\outputs\sweep_n_fc_connectivity_n2000_mc20_20260831\connectivity\point_00,DPC,72,3.6,-0.8745589341691191,1.064434493819602
connectivity,0.0005,p=0.0005,0,D:\git\sim\outputs\sweep_n_fc_connectivity_n2000_mc20_20260831\connectivity\point_00,DPC,73,3.6500000000000004,-0.8722074522476785,1.0636253485760214
connectivity,0.0005,p=0.0005,0,D:\git\sim\outputs\sweep_n_fc_connectivity_n2000_mc20_20260831\connectivity\point_00,DPC,74,3.7,-0.8778070461120057,1.0662581555593083
connectivity,0.0005,p=0.0005,0,D:\git\sim\outputs\sweep_n_fc_connectivity_n2000_mc20_20260831\connectivity\point_00,DPC,75,3.75,-0.8871752737814748,1.072523278704002
connectivity,0.0005,p=0.0005,0,D:\git\sim\outputs\sweep_n_fc_connectivity_n2000_mc20_20260831\connectivity\point_00,DPC,76,3.8000000000000003,-0.8640410378677815,1.0588483810256046
connectivity,0.0005,p=0.0005,0,D:\git\sim\outputs\sweep_n_fc_connectivity_n2000_mc20_20260831\connectivity\point_00,DPC,77,3.85,-0.8683801577839007,1.0593677643922101
connectivity,0.0005,p=0.0005,0,D:\git\sim\outputs\sweep_n_fc_connectivity_n2000_mc20_20260831\connectivity\point_00,DPC,78,3.9000000000000004,-0.8681761585408823,1.0603626732622418
connectivity,0.0005,p=0.0005,0,D:\git\sim\outputs\sweep_n_fc_connectivity_n2000_mc20_20260831\connectivity\point_00,DPC,79,3.95,-0.859992406606831,1.056641512820148
connectivity,0.0005,p=0.0005,0,D:\git\sim\outputs\sweep_n_fc_connectivity_n2000_mc20_20260831\connectivity\point_00,DPC,80,4.0,-0.8465800241016299,1.0492482136138495
connectivity,0.0005,p=0.0005,0,D:\git\sim\outputs\sweep_n_fc_connectivity_n2000_mc20_20260831\connectivity\point_00,DPC,81,4.05,-0.8629363951246428,1.0582877423062822
connectivity,0.0005,p=0.0005,0,D:\git\sim\outputs\sweep_n_fc_connectivity_n2000_mc20_20260831\connectivity\point_00,DPC,82,4.1000000000000005,-0.8663831277745225,1.0606967517299608
connectivity,0.0005,p=0.0005,0,D:\git\sim\outputs\sweep_n_fc_connectivity_n2000_mc20_20260831\connectivity\point_00,DPC,83,4.15,-0.8554798263513509,1.0537657969402205
connectivity,0.0005,p=0.0005,0,D:\git\sim\outputs\sweep_n_fc_connectivity_n2000_mc20_20260831\connectivity\point_00,DPC,84,4.2,-0.8702059434642672,1.0618896524480854
connectivity,0.0005,p=0.0005,0,D:\git\sim\outputs\sweep_n_fc_connectivity_n2000_mc20_20260831\connectivity\point_00,DPC,85,4.25,-0.8600730696999469,1.0556615422009206
connectivity,0.0005,p=0.0005,0,D:\git\sim\outputs\sweep_n_fc_connectivity_n2000_mc20_20260831\connectivity\point_00,DPC,86,4.3,-0.8595947874478818,1.054652220852299
connectivity,0.0005,p=0.0005,0,D:\git\sim\outputs\sweep_n_fc_connectivity_n2000_mc20_20260831\connectivity\point_00,DPC,87,4.3500000000000005,-0.8612849791777768,1.0565960667403302
connectivity,0.0005,p=0.0005,0,D:\git\sim\outputs\sweep_n_fc_connectivity_n2000_mc20_20260831\connectivity\point_00,DPC,88,4.4,-0.8501026936519414,1.050469217814713
connectivity,0.0005,p=0.0005,0,D:\git\sim\outputs\sweep_n_fc_connectivity_n2000_mc20_20260831\connectivity\point_00,DPC,89,4.45,-0.8563026770455185,1.054243125722951
connectivity,0.0005,p=0.0005,0,D:\git\sim\outputs\sweep_n_fc_connectivity_n2000_mc20_20260831\connectivity\point_00,DPC,90,4.5,-0.8642240984227598,1.058352595831281
connectivity,0.0005,p=0.0005,0,D:\git\sim\outputs\sweep_n_fc_connectivity_n2000_mc20_20260831\connectivity\point_00,DPC,91,4.55,-0.8585147807698374,1.0532231637497087
connectivity,0.0005,p=0.0005,0,D:\git\sim\outputs\sweep_n_fc_connectivity_n2000_mc20_20260831\connectivity\point_00,DPC,92,4.6000000000000005,-0.8496324619015874,1.049174840358098
connectivity,0.0005,p=0.0005,0,D:\git\sim\outputs\sweep_n_fc_connectivity_n2000_mc20_20260831\connectivity\point_00,DPC,93,4.65,-0.8626393403204107,1.0573007483992352
connectivity,0.0005,p=0.0005,0,D:\git\sim\outputs\sweep_n_fc_connectivity_n2000_mc20_20260831\connectivity\point_00,DPC,94,4.7,-0.8560056638598732,1.053509645381219
connectivity,0.0005,p=0.0005,0,D:\git\sim\outputs\sweep_n_fc_connectivity_n2000_mc20_20260831\connectivity\point_00,DPC,95,4.75,-0.8497148904923317,1.0489475181782553
connectivity,0.0005,p=0.0005,0,D:\git\sim\outputs\sweep_n_fc_connectivity_n2000_mc20_20260831\connectivity\point_00,DPC,96,4.800000000000001,-0.8534056056035616,1.051502078955862
connectivity,0.0005,p=0.0005,0,D:\git\sim\outputs\sweep_n_fc_connectivity_n2000_mc20_20260831\connectivity\point_00,DPC,97,4.8500000000000005,-0.8530183584866233,1.0514866119581532
connectivity,0.0005,p=0.0005,0,D:\git\sim\outputs\sweep_n_fc_connectivity_n2000_mc20_20260831\connectivity\point_00,DPC,98,4.9,-0.8425540130349565,1.043616298844937
connectivity,0.0005,p=0.0005,0,D:\git\sim\outputs\sweep_n_fc_connectivity_n2000_mc20_20260831\connectivity\point_00,DPC,99,4.95,-0.8545585474853521,1.0509890507319741
connectivity,0.0005,p=0.0005,0,D:\git\sim\outputs\sweep_n_fc_connectivity_n2000_mc20_20260831\connectivity\point_00,DPC,100,5.0,-0.8398963018012555,1.0428607177496996
connectivity,0.0005,p=0.0005,0,D:\git\sim\outputs\sweep_n_fc_connectivity_n2000_mc20_20260831\connectivity\point_00,DPC,101,5.050000000000001,-0.8439235863034932,1.0440727670416048
connectivity,0.0005,p=0.0005,0,D:\git\sim\outputs\sweep_n_fc_connectivity_n2000_mc20_20260831\connectivity\point_00,DPC,102,5.1000000000000005,-0.8538605968929838,1.0517576641104116
connectivity,0.0005,p=0.0005,0,D:\git\sim\outputs\sweep_n_fc_connectivity_n2000_mc20_20260831\connectivity\point_00,DPC,103,5.15,-0.8521027382464945,1.0514607703778462
connectivity,0.0005,p=0.0005,0,D:\git\sim\outputs\sweep_n_fc_connectivity_n2000_mc20_20260831\connectivity\point_00,DPC,104,5.2,-0.848957319850926,1.048918096984813
connectivity,0.0005,p=0.0005,0,D:\git\sim\outputs\sweep_n_fc_connectivity_n2000_mc20_20260831\connectivity\point_00,DPC,105,5.25,-0.8392778176704958,1.0440143326193176
connectivity,0.0005,p=0.0005,0,D:\git\sim\outputs\sweep_n_fc_connectivity_n2000_mc20_20260831\connectivity\point_00,DPC,106,5.300000000000001,-0.8343921843562907,1.040443110459219
connectivity,0.0005,p=0.0005,0,D:\git\sim\outputs\sweep_n_fc_connectivity_n2000_mc20_20260831\connectivity\point_00,DPC,107,5.3500000000000005,-0.8495310285500626,1.048123159489293
connectivity,0.0005,p=0.0005,0,D:\git\sim\outputs\sweep_n_fc_connectivity_n2000_mc20_20260831\connectivity\point_00,DPC,108,5.4,-0.8428569845206352,1.0449208882527954
connectivity,0.0005,p=0.0005,0,D:\git\sim\outputs\sweep_n_fc_connectivity_n2000_mc20_20260831\connectivity\point_00,DPC,109,5.45,-0.8495383761732536,1.048836148956206
connectivity,0.0005,p=0.0005,0,D:\git\sim\outputs\sweep_n_fc_connectivity_n2000_mc20_20260831\connectivity\point_00,DPC,110,5.5,-0.8437602349336403,1.045129904089349
connectivity,0.0005,p=0.0005,0,D:\git\sim\outputs\sweep_n_fc_connectivity_n2000_mc20_20260831\connectivity\point_00,DPC,111,5.550000000000001,-0.8276387782798277,1.0349851341380962
connectivity,0.0005,p=0.0005,0,D:\git\sim\outputs\sweep_n_fc_connectivity_n2000_mc20_20260831\connectivity\point_00,DPC,112,5.6000000000000005,-0.8412314141386175,1.0436818947787003
connectivity,0.0005,p=0.0005,0,D:\git\sim\outputs\sweep_n_fc_connectivity_n2000_mc20_20260831\connectivity\point_00,DPC,113,5.65,-0.8443085117232751,1.0450809075374048
connectivity,0.0005,p=0.0005,0,D:\git\sim\outputs\sweep_n_fc_connectivity_n2000_mc20_20260831\connectivity\point_00,DPC,114,5.7,-0.8348443015593544,1.0404264106525791
connectivity,0.0005,p=0.0005,0,D:\git\sim\outputs\sweep_n_fc_connectivity_n2000_mc20_20260831\connectivity\point_00,DPC,115,5.75,-0.8313932353161023,1.0375108158273438
connectivity,0.0005,p=0.0005,0,D:\git\sim\outputs\sweep_n_fc_connectivity_n2000_mc20_20260831\connectivity\point_00,DPC,116,5.800000000000001,-0.840725561877657,1.042219762943754
connectivity,0.0005,p=0.0005,0,D:\git\sim\outputs\sweep_n_fc_connectivity_n2000_mc20_20260831\connectivity\point_00,DPC,117,5.8500000000000005,-0.8296129038200266,1.0367564814506165
connectivity,0.0005,p=0.0005,0,D:\git\sim\outputs\sweep_n_fc_connectivity_n2000_mc20_20260831\connectivity\point_00,DPC,118,5.9,-0.8325094732211156,1.0387079550271403
connectivity,0.0005,p=0.0005,0,D:\git\sim\outputs\sweep_n_fc_connectivity_n2000_mc20_20260831\connectivity\point_00,DPC,119,5.95,-0.832790279745427,1.0389496522519597
connectivity,0.0005,p=0.0005,0,D:\git\sim\outputs\sweep_n_fc_connectivity_n2000_mc20_20260831\connectivity\point_00,DPC,120,6.0,-0.822108806053769,1.0306937067866893
connectivity,0.0005,p=0.0005,0,D:\git\sim\outputs\sweep_n_fc_connectivity_n2000_mc20_20260831\connectivity\point_00,DPC,121,6.050000000000001,-0.834092910858994,1.0388248481154765
connectivity,0.0005,p=0.0005,0,D:\git\sim\outputs\sweep_n_fc_connectivity_n2000_mc20_20260831\connectivity\point_00,DPC,122,6.1000000000000005,-0.8430050505821408,1.0451590852344965
connectivity,0.0005,p=0.0005,0,D:\git\sim\outputs\sweep_n_fc_connectivity_n2000_mc20_20260831\connectivity\point_00,DPC,123,6.15,-0.8286363369661613,1.0366931960327725
connectivity,0.0005,p=0.0005,0,D:\git\sim\outputs\sweep_n_fc_connectivity_n2000_mc20_20260831\connectivity\point_00,DPC,124,6.2,-0.8329605193307998,1.0385575307485875
connectivity,0.0005,p=0.0005,0,D:\git\sim\outputs\sweep_n_fc_connectivity_n2000_mc20_20260831\connectivity\point_00,DPC,125,6.25,-0.8306676578874918,1.0382797093305216
connectivity,0.0005,p=0.0005,0,D:\git\sim\outputs\sweep_n_fc_connectivity_n2000_mc20_20260831\connectivity\point_00,DPC,126,6.300000000000001,-0.8335495414727266,1.0399873291078632
connectivity,0.0005,p=0.0005,0,D:\git\sim\outputs\sweep_n_fc_connectivity_n2000_mc20_20260831\connectivity\point_00,DPC,127,6.3500000000000005,-0.8272356560301595,1.0347293310630765
connectivity,0.0005,p=0.0005,0,D:\git\sim\outputs\sweep_n_fc_connectivity_n2000_mc20_20260831\connectivity\point_00,DPC,128,6.4,-0.833146261195819,1.0394412134770348
connectivity,0.0005,p=0.0005,0,D:\git\sim\outputs\sweep_n_fc_connectivity_n2000_mc20_20260831\connectivity\point_00,DPC,129,6.45,-0.8336081920186487,1.038100355781211
connectivity,0.0005,p=0.0005,0,D:\git\sim\outputs\sweep_n_fc_connectivity_n2000_mc20_20260831\connectivity\point_00,DPC,130,6.5,-0.8401111461095183,1.0441063549529244
connectivity,0.0005,p=0.0005,0,D:\git\sim\outputs\sweep_n_fc_connectivity_n2000_mc20_20260831\connectivity\point_00,DPC,131,6.550000000000001,-0.8330840312994572,1.0397877373731492
connectivity,0.0005,p=0.0005,0,D:\git\sim\outputs\sweep_n_fc_connectivity_n2000_mc20_20260831\connectivity\point_00,DPC,132,6.6000000000000005,-0.8245169108038642,1.033924199932279
connectivity,0.0005,p=0.0005,0,D:\git\sim\outputs\sweep_n_fc_connectivity_n2000_mc20_20260831\connectivity\point_00,DPC,133,6.65,-0.8317651140232108,1.03756421918888
connectivity,0.0005,p=0.0005,0,D:\git\sim\outputs\sweep_n_fc_connectivity_n2000_mc20_20260831\connectivity\point_00,DPC,134,6.7,-0.8311216972135566,1.036992869707345
connectivity,0.0005,p=0.0005,0,D:\git\sim\outputs\sweep_n_fc_connectivity_n2000_mc20_20260831\connectivity\point_00,DPC,135,6.75,-0.8223669327411881,1.031487884853612
connectivity,0.0005,p=0.0005,0,D:\git\sim\outputs\sweep_n_fc_connectivity_n2000_mc20_20260831\connectivity\point_00,DPC,136,6.800000000000001,-0.8212548343748316,1.031156418139953
connectivity,0.0005,p=0.0005,0,D:\git\sim\outputs\sweep_n_fc_connectivity_n2000_mc20_20260831\connectivity\point_00,DPC,137,6.8500000000000005,-0.8191826740774278,1.0307786823774643
connectivity,0.0005,p=0.0005,0,D:\git\sim\outputs\sweep_n_fc_connectivity_n2000_mc20_20260831\connectivity\point_00,DPC,138,6.9,-0.8306331896030589,1.0371301836740772
connectivity,0.0005,p=0.0005,0,D:\git\sim\outputs\sweep_n_fc_connectivity_n2000_mc20_20260831\connectivity\point_00,DPC,139,6.95,-0.8327807785687715,1.0387509083361155
connectivity,0.0005,p=0.0005,0,D:\git\sim\outputs\sweep_n_fc_connectivity_n2000_mc20_20260831\connectivity\point_00,DPC,140,7.0,-0.8252813823747531,1.0339933323425712
connectivity,0.0005,p=0.0005,0,D:\git\sim\outputs\sweep_n_fc_connectivity_n2000_mc20_20260831\connectivity\point_00,DPC,141,7.050000000000001,-0.8286070141977218,1.0358667247226458
connectivity,0.0005,p=0.0005,0,D:\git\sim\outputs\sweep_n_fc_connectivity_n2000_mc20_20260831\connectivity\point_00,DPC,142,7.1000000000000005,-0.8233602749028234,1.032699110030582
connectivity,0.0005,p=0.0005,0,D:\git\sim\outputs\sweep_n_fc_connectivity_n2000_mc20_20260831\connectivity\point_00,DPC,143,7.15,-0.8174544265729919,1.0288079674254296
connectivity,0.0005,p=0.0005,0,D:\git\sim\outputs\sweep_n_fc_connectivity_n2000_mc20_20260831\connectivity\point_00,DPC,144,7.2,-0.8242283739805849,1.0338897988620128
connectivity,0.0005,p=0.0005,0,D:\git\sim\outputs\sweep_n_fc_connectivity_n2000_mc20_20260831\connectivity\point_00,DPC,145,7.25,-0.8297603279070307,1.0354956415904069
connectivity,0.0005,p=0.0005,0,D:\git\sim\outputs\sweep_n_fc_connectivity_n2000_mc20_20260831\connectivity\point_00,DPC,146,7.300000000000001,-0.8297675590376659,1.037158523117449
connectivity,0.0005,p=0.0005,0,D:\git\sim\outputs\sweep_n_fc_connectivity_n2000_mc20_20260831\connectivity\point_00,DPC,147,7.3500000000000005,-0.8262437500031178,1.034120095375219
connectivity,0.0005,p=0.0005,0,D:\git\sim\outputs\sweep_n_fc_connectivity_n2000_mc20_20260831\connectivity\point_00,DPC,148,7.4,-0.8331299510689829,1.0387010442490419
connectivity,0.0005,p=0.0005,0,D:\git\sim\outputs\sweep_n_fc_connectivity_n2000_mc20_20260831\connectivity\point_00,DPC,149,7.45,-0.8202714425379708,1.031011467505261
connectivity,0.0005,p=0.0005,0,D:\git\sim\outputs\sweep_n_fc_connectivity_n2000_mc20_20260831\connectivity\point_00,DPC,150,7.5,-0.8244178460553392,1.0327643810881881
connectivity,0.0005,p=0.0005,0,D:\git\sim\outputs\sweep_n_fc_connectivity_n2000_mc20_20260831\connectivity\point_00,DPC,151,7.550000000000001,-0.8259060941084924,1.0339638233039734
connectivity,0.0005,p=0.0005,0,D:\git\sim\outputs\sweep_n_fc_connectivity_n2000_mc20_20260831\connectivity\point_00,DPC,152,7.6000000000000005,-0.8199430077694746,1.0303967375741956
connectivity,0.0005,p=0.0005,0,D:\git\sim\outputs\sweep_n_fc_connectivity_n2000_mc20_20260831\connectivity\point_00,DPC,153,7.65,-0.825565932138529,1.032559806998228
connectivity,0.0005,p=0.0005,0,D:\git\sim\outputs\sweep_n_fc_connectivity_n2000_mc20_20260831\connectivity\point_00,DPC,154,7.7,-0.8193227790719647,1.0306328561725626
connectivity,0.0005,p=0.0005,0,D:\git\sim\outputs\sweep_n_fc_connectivity_n2000_mc20_20260831\connectivity\point_00,DPC,155,7.75,-0.8204499030783972,1.0308194033009914
connectivity,0.0005,p=0.0005,0,D:\git\sim\outputs\sweep_n_fc_connectivity_n2000_mc20_20260831\connectivity\point_00,DPC,156,7.800000000000001,-0.8249856612893712,1.0341675635420695
connectivity,0.0005,p=0.0005,0,D:\git\sim\outputs\sweep_n_fc_connectivity_n2000_mc20_20260831\connectivity\point_00,DPC,157,7.8500000000000005,-0.8167735792073905,1.027522120729992
connectivity,0.0005,p=0.0005,0,D:\git\sim\outputs\sweep_n_fc_connectivity_n2000_mc20_20260831\connectivity\point_00,DPC,158,7.9,-0.8227615513285886,1.0316116509056734
connectivity,0.0005,p=0.0005,0,D:\git\sim\outputs\sweep_n_fc_connectivity_n2000_mc20_20260831\connectivity\point_00,DPC,159,7.95,-0.8176869726037822,1.0287042436683658
connectivity,0.0005,p=0.0005,0,D:\git\sim\outputs\sweep_n_fc_connectivity_n2000_mc20_20260831\connectivity\point_00,DPC,160,8.0,-0.8234324560251717,1.0323092658942001
connectivity,0.0005,p=0.0005,0,D:\git\sim\outputs\sweep_n_fc_connectivity_n2000_mc20_20260831\connectivity\point_00,DPC,161,8.05,-0.8227202286537362,1.0321101382406475
connectivity,0.0005,p=0.0005,0,D:\git\sim\outputs\sweep_n_fc_connectivity_n2000_mc20_20260831\connectivity\point_00,DPC,162,8.1,-0.8214481530926497,1.032241709388965
connectivity,0.0005,p=0.0005,0,D:\git\sim\outputs\sweep_n_fc_connectivity_n2000_mc20_20260831\connectivity\point_00,DPC,163,8.15,-0.8162977538368501,1.0274066208958386
connectivity,0.0005,p=0.0005,0,D:\git\sim\outputs\sweep_n_fc_connectivity_n2000_mc20_20260831\connectivity\point_00,DPC,164,8.200000000000001,-0.8114712181897412,1.0254266919229027
connectivity,0.0005,p=0.0005,0,D:\git\sim\outputs\sweep_n_fc_connectivity_n2000_mc20_20260831\connectivity\point_00,DPC,165,8.25,-0.8295381847680904,1.0364808018449534
connectivity,0.0005,p=0.0005,0,D:\git\sim\outputs\sweep_n_fc_connectivity_n2000_mc20_20260831\connectivity\point_00,DPC,166,8.3,-0.819096976960823,1.030030502350606
connectivity,0.0005,p=0.0005,0,D:\git\sim\outputs\sweep_n_fc_connectivity_n2000_mc20_20260831\connectivity\point_00,DPC,167,8.35,-0.8233746428095843,1.0312113584192952
connectivity,0.0005,p=0.0005,0,D:\git\sim\outputs\sweep_n_fc_connectivity_n2000_mc20_20260831\connectivity\point_00,DPC,168,8.4,-0.8221421461886625,1.0324868521602693
connectivity,0.0005,p=0.0005,0,D:\git\sim\outputs\sweep_n_fc_connectivity_n2000_mc20_20260831\connectivity\point_00,DPC,169,8.450000000000001,-0.8192088895706955,1.0291288325967975
connectivity,0.0005,p=0.0005,0,D:\git\sim\outputs\sweep_n_fc_connectivity_n2000_mc20_20260831\connectivity\point_00,DPC,170,8.5,-0.8211288208452721,1.0316588976172274
connectivity,0.0005,p=0.0005,0,D:\git\sim\outputs\sweep_n_fc_connectivity_n2000_mc20_20260831\connectivity\point_00,DPC,171,8.55,-0.8259662590248353,1.0341095180161297
connectivity,0.0005,p=0.0005,0,D:\git\sim\outputs\sweep_n_fc_connectivity_n2000_mc20_20260831\connectivity\point_00,DPC,172,8.6,-0.8126874567740155,1.0251216183725864
connectivity,0.0005,p=0.0005,0,D:\git\sim\outputs\sweep_n_fc_connectivity_n2000_mc20_20260831\connectivity\point_00,DPC,173,8.65,-0.8092790828537089,1.0241697831077812
connectivity,0.0005,p=0.0005,0,D:\git\sim\outputs\sweep_n_fc_connectivity_n2000_mc20_20260831\connectivity\point_00,DPC,174,8.700000000000001,-0.8204608878307146,1.0311013630921277
connectivity,0.0005,p=0.0005,0,D:\git\sim\outputs\sweep_n_fc_connectivity_n2000_mc20_20260831\connectivity\point_00,DPC,175,8.75,-0.8257025405661439,1.0339918121744376
connectivity,0.0005,p=0.0005,0,D:\git\sim\outputs\sweep_n_fc_connectivity_n2000_mc20_20260831\connectivity\point_00,DPC,176,8.8,-0.8141275437238736,1.0271938137931274
connectivity,0.0005,p=0.0005,0,D:\git\sim\outputs\sweep_n_fc_connectivity_n2000_mc20_20260831\connectivity\point_00,DPC,177,8.85,-0.8209515568260235,1.0304883896859134
connectivity,0.0005,p=0.0005,0,D:\git\sim\outputs\sweep_n_fc_connectivity_n2000_mc20_20260831\connectivity\point_00,DPC,178,8.9,-0.821911238028137,1.0324670851319373
connectivity,0.0005,p=0.0005,0,D:\git\sim\outputs\sweep_n_fc_connectivity_n2000_mc20_20260831\connectivity\point_00,DPC,179,8.950000000000001,-0.8037830925632881,1.0210890314536882
connectivity,0.0005,p=0.0005,0,D:\git\sim\outputs\sweep_n_fc_connectivity_n2000_mc20_20260831\connectivity\point_00,DPC,180,9.0,-0.809040178221237,1.0227687385143183
connectivity,0.0005,p=0.0005,0,D:\git\sim\outputs\sweep_n_fc_connectivity_n2000_mc20_20260831\connectivity\point_00,DPC,181,9.05,-0.8091039447090981,1.0239782682468392
connectivity,0.0005,p=0.0005,0,D:\git\sim\outputs\sweep_n_fc_connectivity_n2000_mc20_20260831\connectivity\point_00,DPC,182,9.1,-0.8191811130345825,1.0292324646301523
connectivity,0.0005,p=0.0005,0,D:\git\sim\outputs\sweep_n_fc_connectivity_n2000_mc20_20260831\connectivity\point_00,DPC,183,9.15,-0.82019435655789,1.029957556128635
connectivity,0.0005,p=0.0005,0,D:\git\sim\outputs\sweep_n_fc_connectivity_n2000_mc20_20260831\connectivity\point_00,DPC,184,9.200000000000001,-0.8201568510266711,1.030896638637132
connectivity,0.0005,p=0.0005,0,D:\git\sim\outputs\sweep_n_fc_connectivity_n2000_mc20_20260831\connectivity\point_00,DPC,185,9.25,-0.8122045965693645,1.0265729282970437
connectivity,0.0005,p=0.0005,0,D:\git\sim\outputs\sweep_n_fc_connectivity_n2000_mc20_20260831\connectivity\point_00,DPC,186,9.3,-0.8080035220233976,1.0230163040710019
connectivity,0.0005,p=0.0005,0,D:\git\sim\outputs\sweep_n_fc_connectivity_n2000_mc20_20260831\connectivity\point_00,DPC,187,9.35,-0.8156270122120222,1.0284329377672852
connectivity,0.0005,p=0.0005,0,D:\git\sim\outputs\sweep_n_fc_connectivity_n2000_mc20_20260831\connectivity\point_00,DPC,188,9.4,-0.8144012083573271,1.0266048570999993
connectivity,0.0005,p=0.0005,0,D:\git\sim\outputs\sweep_n_fc_connectivity_n2000_mc20_20260831\connectivity\point_00,DPC,189,9.450000000000001,-0.8117991105251411,1.0262244432437968
connectivity,0.0005,p=0.0005,0,D:\git\sim\outputs\sweep_n_fc_connectivity_n2000_mc20_20260831\connectivity\point_00,DPC,190,9.5,-0.8238590102340292,1.0329907545857215
connectivity,0.0005,p=0.0005,0,D:\git\sim\outputs\sweep_n_fc_connectivity_n2000_mc20_20260831\connectivity\point_00,DPC,191,9.55,-0.8161239819063342,1.0288394344854095
connectivity,0.0005,p=0.0005,0,D:\git\sim\outputs\sweep_n_fc_connectivity_n2000_mc20_20260831\connectivity\point_00,DPC,192,9.600000000000001,-0.8168403787700342,1.02894551060923
connectivity,0.0005,p=0.0005,0,D:\git\sim\outputs\sweep_n_fc_connectivity_n2000_mc20_20260831\connectivity\point_00,DPC,193,9.65,-0.8150240154720524,1.0276094668860158
connectivity,0.0005,p=0.0005,0,D:\git\sim\outputs\sweep_n_fc_connectivity_n2000_mc20_20260831\connectivity\point_00,DPC,194,9.700000000000001,-0.8147164987862355,1.025963965722663
connectivity,0.0005,p=0.0005,0,D:\git\sim\outputs\sweep_n_fc_connectivity_n2000_mc20_20260831\connectivity\point_00,DPC,195,9.75,-0.809079336805652,1.023779650869966
connectivity,0.0005,p=0.0005,0,D:\git\sim\outputs\sweep_n_fc_connectivity_n2000_mc20_20260831\connectivity\point_00,DPC,196,9.8,-0.8131320472295694,1.0254096808325248
connectivity,0.0005,p=0.0005,0,D:\git\sim\outputs\sweep_n_fc_connectivity_n2000_mc20_20260831\connectivity\point_00,DPC,197,9.850000000000001,-0.8191755092707045,1.0298876930209542
connectivity,0.0005,p=0.0005,0,D:\git\sim\outputs\sweep_n_fc_connectivity_n2000_mc20_20260831\connectivity\point_00,DPC,198,9.9,-0.8110901044653016,1.0250720765237384
connectivity,0.0005,p=0.0005,0,D:\git\sim\outputs\sweep_n_fc_connectivity_n2000_mc20_20260831\connectivity\point_00,DPC,199,9.950000000000001,-0.8211539715078681,1.030832301115735
connectivity,0.0005,p=0.0005,0,D:\git\sim\outputs\sweep_n_fc_connectivity_n2000_mc20_20260831\connectivity\point_00,DPC,200,10.0,-0.8135451842076891,1.0267916294447956
connectivity,0.0005,p=0.0005,0,D:\git\sim\outputs\sweep_n_fc_connectivity_n2000_mc20_20260831\connectivity\point_00,DPC,201,10.05,-0.8057043990555839,1.021040816542221
connectivity,0.0005,p=0.0005,0,D:\git\sim\outputs\sweep_n_fc_connectivity_n2000_mc20_20260831\connectivity\point_00,DPC,202,10.100000000000001,-0.8122534311677755,1.0253068151895397
connectivity,0.0005,p=0.0005,0,D:\git\sim\outputs\sweep_n_fc_connectivity_n2000_mc20_20260831\connectivity\point_00,DPC,203,10.15,-0.8078299298534402,1.0230366968359168
connectivity,0.0005,p=0.0005,0,D:\git\sim\outputs\sweep_n_fc_connectivity_n2000_mc20_20260831\connectivity\point_00,DPC,204,10.200000000000001,-0.8090377712299563,1.0231367663796391
connectivity,0.0005,p=0.0005,0,D:\git\sim\outputs\sweep_n_fc_connectivity_n2000_mc20_20260831\connectivity\point_00,DPC,205,10.25,-0.8163045422696125,1.0277352625742828
connectivity,0.0005,p=0.0005,0,D:\git\sim\outputs\sweep_n_fc_connectivity_n2000_mc20_20260831\connectivity\point_00,DPC,206,10.3,-0.8149388357587988,1.026812152083788
connectivity,0.0005,p=0.0005,0,D:\git\sim\outputs\sweep_n_fc_connectivity_n2000_mc20_20260831\connectivity\point_00,DPC,207,10.350000000000001,-0.810467923810513,1.0244087965672874
connectivity,0.0005,p=0.0005,0,D:\git\sim\outputs\sweep_n_fc_connectivity_n2000_mc20_20260831\connectivity\point_00,DPC,208,10.4,-0.8065680829522499,1.0222285772977862
connectivity,0.0005,p=0.0005,0,D:\git\sim\outputs\sweep_n_fc_connectivity_n2000_mc20_20260831\connectivity\point_00,DPC,209,10.450000000000001,-0.8092328367828814,1.0234451876049275
connectivity,0.0005,p=0.0005,0,D:\git\sim\outputs\sweep_n_fc_connectivity_n2000_mc20_20260831\connectivity\point_00,DPC,210,10.5,-0.8055521794537044,1.020382139893615
connectivity,0.0005,p=0.0005,0,D:\git\sim\outputs\sweep_n_fc_connectivity_n2000_mc20_20260831\connectivity\point_00,DPC,211,10.55,-0.8129391301927538,1.0256218160204658
connectivity,0.0005,p=0.0005,0,D:\git\sim\outputs\sweep_n_fc_connectivity_n2000_mc20_20260831\connectivity\point_00,DPC,212,10.600000000000001,-0.8063268927509162,1.0217603336556025
connectivity,0.0005,p=0.0005,0,D:\git\sim\outputs\sweep_n_fc_connectivity_n2000_mc20_20260831\connectivity\point_00,DPC,213,10.65,-0.8132674317989202,1.0260579670016192
connectivity,0.0005,p=0.0005,0,D:\git\sim\outputs\sweep_n_fc_connectivity_n2000_mc20_20260831\connectivity\point_00,DPC,214,10.700000000000001,-0.8097508726088182,1.02313491707107
connectivity,0.0005,p=0.0005,0,D:\git\sim\outputs\sweep_n_fc_connectivity_n2000_mc20_20260831\connectivity\point_00,DPC,215,10.75,-0.7975273087200024,1.0161624877975213
connectivity,0.0005,p=0.0005,0,D:\git\sim\outputs\sweep_n_fc_connectivity_n2000_mc20_20260831\connectivity\point_00,DPC,216,10.8,-0.8166915687281656,1.0282882031932803
connectivity,0.0005,p=0.0005,0,D:\git\sim\outputs\sweep_n_fc_connectivity_n2000_mc20_20260831\connectivity\point_00,DPC,217,10.850000000000001,-0.8004193011417592,1.0180818519523611
connectivity,0.0005,p=0.0005,0,D:\git\sim\outputs\sweep_n_fc_connectivity_n2000_mc20_20260831\connectivity\point_00,DPC,218,10.9,-0.8117912760495206,1.0263681183913391
connectivity,0.0005,p=0.0005,0,D:\git\sim\outputs\sweep_n_fc_connectivity_n2000_mc20_20260831\connectivity\point_00,DPC,219,10.950000000000001,-0.8083094648194356,1.0232388509118615
connectivity,0.0005,p=0.0005,0,D:\git\sim\outputs\sweep_n_fc_connectivity_n2000_mc20_20260831\connectivity\point_00,DPC,220,11.0,-0.8167537935933594,1.0279744850947476
connectivity,0.0005,p=0.0005,0,D:\git\sim\outputs\sweep_n_fc_connectivity_n2000_mc20_20260831\connectivity\point_00,DPC,221,11.05,-0.8069936770365403,1.0224674351438676
connectivity,0.0005,p=0.0005,0,D:\git\sim\outputs\sweep_n_fc_connectivity_n2000_mc20_20260831\connectivity\point_00,DPC,222,11.100000000000001,-0.8120083719845876,1.02482226595462
connectivity,0.0005,p=0.0005,0,D:\git\sim\outputs\sweep_n_fc_connectivity_n2000_mc20_20260831\connectivity\point_00,DPC,223,11.15,-0.811161475083846,1.0250666430667512
connectivity,0.0005,p=0.0005,0,D:\git\sim\outputs\sweep_n_fc_connectivity_n2000_mc20_20260831\connectivity\point_00,DPC,224,11.200000000000001,-0.8090380152967609,1.0243694828724295
connectivity,0.0005,p=0.0005,0,D:\git\sim\outputs\sweep_n_fc_connectivity_n2000_mc20_20260831\connectivity\point_00,DPC,225,11.25,-0.8109235527750602,1.0241226466786288
connectivity,0.0005,p=0.0005,0,D:\git\sim\outputs\sweep_n_fc_connectivity_n2000_mc20_20260831\connectivity\point_00,DPC,226,11.3,-0.8177781508146332,1.0285910824051612
connectivity,0.0005,p=0.0005,0,D:\git\sim\outputs\sweep_n_fc_connectivity_n2000_mc20_20260831\connectivity\point_00,DPC,227,11.350000000000001,-0.7999214928066398,1.0175752481123301
connectivity,0.0005,p=0.0005,0,D:\git\sim\outputs\sweep_n_fc_connectivity_n2000_mc20_20260831\connectivity\point_00,DPC,228,11.4,-0.8123315379885145,1.02554818014319
connectivity,0.0005,p=0.0005,0,D:\git\sim\outputs\sweep_n_fc_connectivity_n2000_mc20_20260831\connectivity\point_00,DPC,229,11.450000000000001,-0.805753611466966,1.0217493314170345
connectivity,0.0005,p=0.0005,0,D:\git\sim\outputs\sweep_n_fc_connectivity_n2000_mc20_20260831\connectivity\point_00,DPC,230,11.5,-0.8195948551093263,1.0289181090552566
connectivity,0.0005,p=0.0005,0,D:\git\sim\outputs\sweep_n_fc_connectivity_n2000_mc20_20260831\connectivity\point_00,DPC,231,11.55,-0.8101088436504205,1.0238525374201874
connectivity,0.0005,p=0.0005,0,D:\git\sim\outputs\sweep_n_fc_connectivity_n2000_mc20_20260831\connectivity\point_00,DPC,232,11.600000000000001,-0.792630720804597,1.0128910971465324
connectivity,0.0005,p=0.0005,0,D:\git\sim\outputs\sweep_n_fc_connectivity_n2000_mc20_20260831\connectivity\point_00,DPC,233,11.65,-0.8060150472745418,1.0220109260155437
connectivity,0.0005,p=0.0005,0,D:\git\sim\outputs\sweep_n_fc_connectivity_n2000_mc20_20260831\connectivity\point_00,DPC,234,11.700000000000001,-0.8081935923798528,1.0229403581332666
connectivity,0.0005,p=0.0005,0,D:\git\sim\outputs\sweep_n_fc_connectivity_n2000_mc20_20260831\connectivity\point_00,DPC,235,11.75,-0.8036275370060679,1.0202739580717028
connectivity,0.0005,p=0.0005,0,D:\git\sim\outputs\sweep_n_fc_connectivity_n2000_mc20_20260831\connectivity\point_00,DPC,236,11.8,-0.8055398389391557,1.0212717972417613
connectivity,0.0005,p=0.0005,0,D:\git\sim\outputs\sweep_n_fc_connectivity_n2000_mc20_20260831\connectivity\point_00,DPC,237,11.850000000000001,-0.8041999936630089,1.0198491249630497
connectivity,0.0005,p=0.0005,0,D:\git\sim\outputs\sweep_n_fc_connectivity_n2000_mc20_20260831\connectivity\point_00,DPC,238,11.9,-0.8066412222217672,1.022299458288497
connectivity,0.0005,p=0.0005,0,D:\git\sim\outputs\sweep_n_fc_connectivity_n2000_mc20_20260831\connectivity\point_00,DPC,239,11.950000000000001,-0.8028796564216625,1.0185052494333016
connectivity,0.0005,p=0.0005,0,D:\git\sim\outputs\sweep_n_fc_connectivity_n2000_mc20_20260831\connectivity\point_00,KF-DPC,0,0.0,-2.3610431292044205,1.8852052466034734
connectivity,0.0005,p=0.0005,0,D:\git\sim\outputs\sweep_n_fc_connectivity_n2000_mc20_20260831\connectivity\point_00,KF-DPC,1,0.05,-1.2491721169871361,1.3209330559066916
connectivity,0.0005,p=0.0005,0,D:\git\sim\outputs\sweep_n_fc_connectivity_n2000_mc20_20260831\connectivity\point_00,KF-DPC,2,0.1,-0.8662445174245009,1.1616823835674428
connectivity,0.0005,p=0.0005,0,D:\git\sim\outputs\sweep_n_fc_connectivity_n2000_mc20_20260831\connectivity\point_00,KF-DPC,3,0.15000000000000002,-0.8268472323049316,1.1319844837060755
connectivity,0.0005,p=0.0005,0,D:\git\sim\outputs\sweep_n_fc_connectivity_n2000_mc20_20260831\connectivity\point_00,KF-DPC,4,0.2,-0.8599770127042756,1.1172383064934923
connectivity,0.0005,p=0.0005,0,D:\git\sim\outputs\sweep_n_fc_connectivity_n2000_mc20_20260831\connectivity\point_00,KF-DPC,5,0.25,-0.8367302722940568,1.077038930871557
connectivity,0.0005,p=0.0005,0,D:\git\sim\outputs\sweep_n_fc_connectivity_n2000_mc20_20260831\connectivity\point_00,KF-DPC,6,0.30000000000000004,-0.7737953996713496,1.0215061712205165
connectivity,0.0005,p=0.0005,0,D:\git\sim\outputs\sweep_n_fc_connectivity_n2000_mc20_20260831\connectivity\point_00,KF-DPC,7,0.35000000000000003,-0.7009328712549344,0.9630967194340769
connectivity,0.0005,p=0.0005,0,D:\git\sim\outputs\sweep_n_fc_connectivity_n2000_mc20_20260831\connectivity\point_00,KF-DPC,8,0.4,-0.6297092165222375,0.9079897315354387
connectivity,0.0005,p=0.0005,0,D:\git\sim\outputs\sweep_n_fc_connectivity_n2000_mc20_20260831\connectivity\point_00,KF-DPC,9,0.45,-0.5625242649809987,0.8546095336109053
connectivity,0.0005,p=0.0005,0,D:\git\sim\outputs\sweep_n_fc_connectivity_n2000_mc20_20260831\connectivity\point_00,KF-DPC,10,0.5,-0.5050751838163118,0.8078678036316418
connectivity,0.0005,p=0.0005,0,D:\git\sim\outputs\sweep_n_fc_connectivity_n2000_mc20_20260831\connectivity\point_00,KF-DPC,11,0.55,-0.45473062936784425,0.7647402520269366
connectivity,0.0005,p=0.0005,0,D:\git\sim\outputs\sweep_n_fc_connectivity_n2000_mc20_20260831\connectivity\point_00,KF-DPC,12,0.6000000000000001,-0.4098523076867666,0.7243809989897427
connectivity,0.0005,p=0.0005,0,D:\git\sim\outputs\sweep_n_fc_connectivity_n2000_mc20_20260831\connectivity\point_00,KF-DPC,13,0.65,-0.3705122447122913,0.6873579787724078
connectivity,0.0005,p=0.0005,0,D:\git\sim\outputs\sweep_n_fc_connectivity_n2000_mc20_20260831\connectivity\point_00,KF-DPC,14,0.7000000000000001,-0.33638619490242305,0.6538288063304771
connectivity,0.0005,p=0.0005,0,D:\git\sim\outputs\sweep_n_fc_connectivity_n2000_mc20_20260831\connectivity\point_00,KF-DPC,15,0.75,-0.3072332714337011,0.6237324589506064
connectivity,0.0005,p=0.0005,0,D:\git\sim\outputs\sweep_n_fc_connectivity_n2000_mc20_20260831\connectivity\point_00,KF-DPC,16,0.8,-0.2821800790655243,0.5967438986638627
connectivity,0.0005,p=0.0005,0,D:\git\sim\outputs\sweep_n_fc_connectivity_n2000_mc20_20260831\connectivity\point_00,KF-DPC,17,0.8500000000000001,-0.26036872371106196,0.5721343644298168
connectivity,0.0005,p=0.0005,0,D:\git\sim\outputs\sweep_n_fc_connectivity_n2000_mc20_20260831\connectivity\point_00,KF-DPC,18,0.9,-0.24164816854863957,0.5500919417456884
connectivity,0.0005,p=0.0005,0,D:\git\sim\outputs\sweep_n_fc_connectivity_n2000_mc20_20260831\connectivity\point_00,KF-DPC,19,0.9500000000000001,-0.2246301622891719,0.5293830611708116
connectivity,0.0005,p=0.0005,0,D:\git\sim\outputs\sweep_n_fc_connectivity_n2000_mc20_20260831\connectivity\point_00,KF-DPC,20,1.0,-0.2095135786564056,0.5102079709711739
connectivity,0.0005,p=0.0005,0,D:\git\sim\outputs\sweep_n_fc_connectivity_n2000_mc20_20260831\connectivity\point_00,KF-DPC,21,1.05,-0.19614831124869117,0.4926271932705589
connectivity,0.0005,p=0.0005,0,D:\git\sim\outputs\sweep_n_fc_connectivity_n2000_mc20_20260831\connectivity\point_00,KF-DPC,22,1.1,-0.1843628355295392,0.47678327998624226
connectivity,0.0005,p=0.0005,0,D:\git\sim\outputs\sweep_n_fc_connectivity_n2000_mc20_20260831\connectivity\point_00,KF-DPC,23,1.1500000000000001,-0.173619941055338,0.4618810018014277
connectivity,0.0005,p=0.0005,0,D:\git\sim\outputs\sweep_n_fc_connectivity_n2000_mc20_20260831\connectivity\point_00,KF-DPC,24,1.2000000000000002,-0.16349164241813247,0.4473558945489836
connectivity,0.0005,p=0.0005,0,D:\git\sim\outputs\sweep_n_fc_connectivity_n2000_mc20_20260831\connectivity\point_00,KF-DPC,25,1.25,-0.15437283105259747,0.43373732982624114
connectivity,0.0005,p=0.0005,0,D:\git\sim\outputs\sweep_n_fc_connectivity_n2000_mc20_20260831\connectivity\point_00,KF-DPC,26,1.3,-0.14595869556776445,0.42068148300212477
connectivity,0.0005,p=0.0005,0,D:\git\sim\outputs\sweep_n_fc_connectivity_n2000_mc20_20260831\connectivity\point_00,KF-DPC,27,1.35,-0.13804978460243825,0.4081083947787646
connectivity,0.0005,p=0.0005,0,D:\git\sim\outputs\sweep_n_fc_connectivity_n2000_mc20_20260831\connectivity\point_00,KF-DPC,28,1.4000000000000001,-0.13126226083864098,0.3970072096267247
connectivity,0.0005,p=0.0005,0,D:\git\sim\outputs\sweep_n_fc_connectivity_n2000_mc20_20260831\connectivity\point_00,KF-DPC,29,1.4500000000000002,-0.12463936342826554,0.3858621263544812
connectivity,0.0005,p=0.0005,0,D:\git\sim\outputs\sweep_n_fc_connectivity_n2000_mc20_20260831\connectivity\point_00,KF-DPC,30,1.5,-0.11902739013432188,0.3760053385680164
connectivity,0.0005,p=0.0005,0,D:\git\sim\outputs\sweep_n_fc_connectivity_n2000_mc20_20260831\connectivity\point_00,KF-DPC,31,1.55,-0.1137350320312335,0.3665248569525555
connectivity,0.0005,p=0.0005,0,D:\git\sim\outputs\sweep_n_fc_connectivity_n2000_mc20_20260831\connectivity\point_00,KF-DPC,32,1.6,-0.10854326863878999,0.3570295755501471
connectivity,0.0005,p=0.0005,0,D:\git\sim\outputs\sweep_n_fc_connectivity_n2000_mc20_20260831\connectivity\point_00,KF-DPC,33,1.6500000000000001,-0.10380909780109229,0.3482393269121945
connectivity,0.0005,p=0.0005,0,D:\git\sim\outputs\sweep_n_fc_connectivity_n2000_mc20_20260831\connectivity\point_00,KF-DPC,34,1.7000000000000002,-0.09957051136159219,0.34018361149023557
connectivity,0.0005,p=0.0005,0,D:\git\sim\outputs\sweep_n_fc_connectivity_n2000_mc20_20260831\connectivity\point_00,KF-DPC,35,1.75,-0.09575466999192522,0.3327023458490367
connectivity,0.0005,p=0.0005,0,D:\git\sim\outputs\sweep_n_fc_connectivity_n2000_mc20_20260831\connectivity\point_00,KF-DPC,36,1.8,-0.09244572408840926,0.3259430222581585
connectivity,0.0005,p=0.0005,0,D:\git\sim\outputs\sweep_n_fc_connectivity_n2000_mc20_20260831\connectivity\point_00,KF-DPC,37,1.85,-0.08906708178674873,0.3189849945624809
connectivity,0.0005,p=0.0005,0,D:\git\sim\outputs\sweep_n_fc_connectivity_n2000_mc20_20260831\connectivity\point_00,KF-DPC,38,1.9000000000000001,-0.08606591206561598,0.31268251842649836
connectivity,0.0005,p=0.0005,0,D:\git\sim\outputs\sweep_n_fc_connectivity_n2000_mc20_20260831\connectivity\point_00,KF-DPC,39,1.9500000000000002,-0.08326821411111632,0.306807326029785
connectivity,0.0005,p=0.0005,0,D:\git\sim\outputs\sweep_n_fc_connectivity_n2000_mc20_20260831\connectivity\point_00,KF-DPC,40,2.0,-0.08034897816928485,0.3004840139737789
connectivity,0.0005,p=0.0005,0,D:\git\sim\outputs\sweep_n_fc_connectivity_n2000_mc20_20260831\connectivity\point_00,KF-DPC,41,2.0500000000000003,-0.07777306527987268,0.294764415493967
connectivity,0.0005,p=0.0005,0,D:\git\sim\outputs\sweep_n_fc_connectivity_n2000_mc20_20260831\connectivity\point_00,KF-DPC,42,2.1,-0.07541942059318052,0.28957890276961956
connectivity,0.0005,p=0.0005,0,D:\git\sim\outputs\sweep_n_fc_connectivity_n2000_mc20_20260831\connectivity\point_00,KF-DPC,43,2.15,-0.07311991962981165,0.2841398893078384
connectivity,0.0005,p=0.0005,0,D:\git\sim\outputs\sweep_n_fc_connectivity_n2000_mc20_20260831\connectivity\point_00,KF-DPC,44,2.2,-0.07087853277788858,0.2790324016443604
connectivity,0.0005,p=0.0005,0,D:\git\sim\outputs\sweep_n_fc_connectivity_n2000_mc20_20260831\connectivity\point_00,KF-DPC,45,2.25,-0.0687948836797325,0.2739705996194072
connectivity,0.0005,p=0.0005,0,D:\git\sim\outputs\sweep_n_fc_connectivity_n2000_mc20_20260831\connectivity\point_00,KF-DPC,46,2.3000000000000003,-0.06681728716471595,0.2691767127092006
connectivity,0.0005,p=0.0005,0,D:\git\sim\outputs\sweep_n_fc_connectivity_n2000_mc20_20260831\connectivity\point_00,KF-DPC,47,2.35,-0.06491658738887943,0.2644774296444305
connectivity,0.0005,p=0.0005,0,D:\git\sim\outputs\sweep_n_fc_connectivity_n2000_mc20_20260831\connectivity\point_00,KF-DPC,48,2.4000000000000004,-0.06317585567795912,0.2599756694600219
connectivity,0.0005,p=0.0005,0,D:\git\sim\outputs\sweep_n_fc_connectivity_n2000_mc20_20260831\connectivity\point_00,KF-DPC,49,2.45,-0.06162616818902322,0.25612529205504486
connectivity,0.0005,p=0.0005,0,D:\git\sim\outputs\sweep_n_fc_connectivity_n2000_mc20_20260831\connectivity\point_00,KF-DPC,50,2.5,-0.05997194567353206,0.25193618734703616
connectivity,0.0005,p=0.0005,0,D:\git\sim\outputs\sweep_n_fc_connectivity_n2000_mc20_20260831\connectivity\point_00,KF-DPC,51,2.5500000000000003,-0.058608832964468054,0.24819283777029538
connectivity,0.0005,p=0.0005,0,D:\git\sim\outputs\sweep_n_fc_connectivity_n2000_mc20_20260831\connectivity\point_00,KF-DPC,52,2.6,-0.0571678904923062,0.24448519650712006
connectivity,0.0005,p=0.0005,0,D:\git\sim\outputs\sweep_n_fc_connectivity_n2000_mc20_20260831\connectivity\point_00,KF-DPC,53,2.6500000000000004,-0.05591509729742514,0.2409801762709026
connectivity,0.0005,p=0.0005,0,D:\git\sim\outputs\sweep_n_fc_connectivity_n2000_mc20_20260831\connectivity\point_00,KF-DPC,54,2.7,-0.05462598685954047,0.23740052655723046
connectivity,0.0005,p=0.0005,0,D:\git\sim\outputs\sweep_n_fc_connectivity_n2000_mc20_20260831\connectivity\point_00,KF-DPC,55,2.75,-0.053446670555893735,0.234280118316895
connectivity,0.0005,p=0.0005,0,D:\git\sim\outputs\sweep_n_fc_connectivity_n2000_mc20_20260831\connectivity\point_00,KF-DPC,56,2.8000000000000003,-0.05224864642962277,0.23070667576535606
connectivity,0.0005,p=0.0005,0,D:\git\sim\outputs\sweep_n_fc_connectivity_n2000_mc20_20260831\connectivity\point_00,KF-DPC,57,2.85,-0.05124527272666761,0.22769969694590458
connectivity,0.0005,p=0.0005,0,D:\git\sim\outputs\sweep_n_fc_connectivity_n2000_mc20_20260831\connectivity\point_00,KF-DPC,58,2.9000000000000004,-0.05023519421755748,0.2248107349650737
connectivity,0.0005,p=0.0005,0,D:\git\sim\outputs\sweep_n_fc_connectivity_n2000_mc20_20260831\connectivity\point_00,KF-DPC,59,2.95,-0.04922675879403855,0.2220092731702116
connectivity,0.0005,p=0.0005,0,D:\git\sim\outputs\sweep_n_fc_connectivity_n2000_mc20_20260831\connectivity\point_00,KF-DPC,60,3.0,-0.04826797134209029,0.21916983068292556
connectivity,0.0005,p=0.0005,0,D:\git\sim\outputs\sweep_n_fc_connectivity_n2000_mc20_20260831\connectivity\point_00,KF-DPC,61,3.0500000000000003,-0.047334599821445555,0.21648939988111993
connectivity,0.0005,p=0.0005,0,D:\git\sim\outputs\sweep_n_fc_connectivity_n2000_mc20_20260831\connectivity\point_00,KF-DPC,62,3.1,-0.046442375128996946,0.2135949781203667
connectivity,0.0005,p=0.0005,0,D:\git\sim\outputs\sweep_n_fc_connectivity_n2000_mc20_20260831\connectivity\point_00,KF-DPC,63,3.1500000000000004,-0.045631906902238936,0.2110739480493568
connectivity,0.0005,p=0.0005,0,D:\git\sim\outputs\sweep_n_fc_connectivity_n2000_mc20_20260831\connectivity\point_00,KF-DPC,64,3.2,-0.04486180397237134,0.20867797219618994
connectivity,0.0005,p=0.0005,0,D:\git\sim\outputs\sweep_n_fc_connectivity_n2000_mc20_20260831\connectivity\point_00,KF-DPC,65,3.25,-0.044218436074035354,0.20648992291174362
connectivity,0.0005,p=0.0005,0,D:\git\sim\outputs\sweep_n_fc_connectivity_n2000_mc20_20260831\connectivity\point_00,KF-DPC,66,3.3000000000000003,-0.043345852360829294,0.2037466701247391
connectivity,0.0005,p=0.0005,0,D:\git\sim\outputs\sweep_n_fc_connectivity_n2000_mc20_20260831\connectivity\point_00,KF-DPC,67,3.35,-0.04265027256944577,0.20153642664739416
connectivity,0.0005,p=0.0005,0,D:\git\sim\outputs\sweep_n_fc_connectivity_n2000_mc20_20260831\connectivity\point_00,KF-DPC,68,3.4000000000000004,-0.041917139478298386,0.19891527202548245
connectivity,0.0005,p=0.0005,0,D:\git\sim\outputs\sweep_n_fc_connectivity_n2000_mc20_20260831\connectivity\point_00,KF-DPC,69,3.45,-0.041318490224935556,0.19681053016273226
connectivity,0.0005,p=0.0005,0,D:\git\sim\outputs\sweep_n_fc_connectivity_n2000_mc20_20260831\connectivity\point_00,KF-DPC,70,3.5,-0.040581996541029564,0.19444542051251967
connectivity,0.0005,p=0.0005,0,D:\git\sim\outputs\sweep_n_fc_connectivity_n2000_mc20_20260831\connectivity\point_00,KF-DPC,71,3.5500000000000003,-0.040052934902696014,0.192578272882926
connectivity,0.0005,p=0.0005,0,D:\git\sim\outputs\sweep_n_fc_connectivity_n2000_mc20_20260831\connectivity\point_00,KF-DPC,72,3.6,-0.03958001239176389,0.19069111274084388
connectivity,0.0005,p=0.0005,0,D:\git\sim\outputs\sweep_n_fc_connectivity_n2000_mc20_20260831\connectivity\point_00,KF-DPC,73,3.6500000000000004,-0.03894817854686087,0.18847199293458972
connectivity,0.0005,p=0.0005,0,D:\git\sim\outputs\sweep_n_fc_connectivity_n2000_mc20_20260831\connectivity\point_00,KF-DPC,74,3.7,-0.038440650655861476,0.18671274651938574
connectivity,0.0005,p=0.0005,0,D:\git\sim\outputs\sweep_n_fc_connectivity_n2000_mc20_20260831\connectivity\point_00,KF-DPC,75,3.75,-0.037954651214759945,0.18494188075300783
connectivity,0.0005,p=0.0005,0,D:\git\sim\outputs\sweep_n_fc_connectivity_n2000_mc20_20260831\connectivity\point_00,KF-DPC,76,3.8000000000000003,-0.03743698938983223,0.1830795656150058
connectivity,0.0005,p=0.0005,0,D:\git\sim\outputs\sweep_n_fc_connectivity_n2000_mc20_20260831\connectivity\point_00,KF-DPC,77,3.85,-0.03697100840041866,0.1812585243852953
connectivity,0.0005,p=0.0005,0,D:\git\sim\outputs\sweep_n_fc_connectivity_n2000_mc20_20260831\connectivity\point_00,KF-DPC,78,3.9000000000000004,-0.03650784526989549,0.17951368017640285
connectivity,0.0005,p=0.0005,0,D:\git\sim\outputs\sweep_n_fc_connectivity_n2000_mc20_20260831\connectivity\point_00,KF-DPC,79,3.95,-0.03598345684499467,0.17759298592774742
connectivity,0.0005,p=0.0005,0,D:\git\sim\outputs\sweep_n_fc_connectivity_n2000_mc20_20260831\connectivity\point_00,KF-DPC,80,4.0,-0.03552015925369308,0.17603023490377226
connectivity,0.0005,p=0.0005,0,D:\git\sim\outputs\sweep_n_fc_connectivity_n2000_mc20_20260831\connectivity\point_00,KF-DPC,81,4.05,-0.035036699703826654,0.17412624255631678
connectivity,0.0005,p=0.0005,0,D:\git\sim\outputs\sweep_n_fc_connectivity_n2000_mc20_20260831\connectivity\point_00,KF-DPC,82,4.1000000000000005,-0.034628693430132744,0.17260088474889934
connectivity,0.0005,p=0.0005,0,D:\git\sim\outputs\sweep_n_fc_connectivity_n2000_mc20_20260831\connectivity\point_00,KF-DPC,83,4.15,-0.0341108241000312,0.17091098710929697
connectivity,0.0005,p=0.0005,0,D:\git\sim\outputs\sweep_n_fc_connectivity_n2000_mc20_20260831\connectivity\point_00,KF-DPC,84,4.2,-0.03377616920660422,0.16944350264223104
connectivity,0.0005,p=0.0005,0,D:\git\sim\outputs\sweep_n_fc_connectivity_n2000_mc20_20260831\connectivity\point_00,KF-DPC,85,4.25,-0.033338558964541506,0.16762380502636878
connectivity,0.0005,p=0.0005,0,D:\git\sim\outputs\sweep_n_fc_connectivity_n2000_mc20_20260831\connectivity\point_00,KF-DPC,86,4.3,-0.03303306162065732,0.1663803614786265
connectivity,0.0005,p=0.0005,0,D:\git\sim\outputs\sweep_n_fc_connectivity_n2000_mc20_20260831\connectivity\point_00,KF-DPC,87,4.3500000000000005,-0.03266245012280827,0.1647992252618125
connectivity,0.0005,p=0.0005,0,D:\git\sim\outputs\sweep_n_fc_connectivity_n2000_mc20_20260831\connectivity\point_00,KF-DPC,88,4.4,-0.03230701191756217,0.16350587141527514
connectivity,0.0005,p=0.0005,0,D:\git\sim\outputs\sweep_n_fc_connectivity_n2000_mc20_20260831\connectivity\point_00,KF-DPC,89,4.45,-0.03182515120926942,0.1617812621424607
connectivity,0.0005,p=0.0005,0,D:\git\sim\outputs\sweep_n_fc_connectivity_n2000_mc20_20260831\connectivity\point_00,KF-DPC,90,4.5,-0.03161097003405645,0.1607744994655133
connectivity,0.0005,p=0.0005,0,D:\git\sim\outputs\sweep_n_fc_connectivity_n2000_mc20_20260831\connectivity\point_00,KF-DPC,91,4.55,-0.03126546644612949,0.15932496901095633
connectivity,0.0005,p=0.0005,0,D:\git\sim\outputs\sweep_n_fc_connectivity_n2000_mc20_20260831\connectivity\point_00,KF-DPC,92,4.6000000000000005,-0.0310183992102196,0.1581369806050229
connectivity,0.0005,p=0.0005,0,D:\git\sim\outputs\sweep_n_fc_connectivity_n2000_mc20_20260831\connectivity\point_00,KF-DPC,93,4.65,-0.030630412529127803,0.1566639381325553
connectivity,0.0005,p=0.0005,0,D:\git\sim\outputs\sweep_n_fc_connectivity_n2000_mc20_20260831\connectivity\point_00,KF-DPC,94,4.7,-0.030238569576397232,0.1549232076495028
connectivity,0.0005,p=0.0005,0,D:\git\sim\outputs\sweep_n_fc_connectivity_n2000_mc20_20260831\connectivity\point_00,KF-DPC,95,4.75,-0.030026840702990932,0.15416624488594646
connectivity,0.0005,p=0.0005,0,D:\git\sim\outputs\sweep_n_fc_connectivity_n2000_mc20_20260831\connectivity\point_00,KF-DPC,96,4.800000000000001,-0.029667282638149765,0.15265943666945464
connectivity,0.0005,p=0.0005,0,D:\git\sim\outputs\sweep_n_fc_connectivity_n2000_mc20_20260831\connectivity\point_00,KF-DPC,97,4.8500000000000005,-0.02945146196357069,0.1516002519122809
connectivity,0.0005,p=0.0005,0,D:\git\sim\outputs\sweep_n_fc_connectivity_n2000_mc20_20260831\connectivity\point_00,KF-DPC,98,4.9,-0.029262967667402478,0.15072476793381465
connectivity,0.0005,p=0.0005,0,D:\git\sim\outputs\sweep_n_fc_connectivity_n2000_mc20_20260831\connectivity\point_00,KF-DPC,99,4.95,-0.02901248586332651,0.1496073933375508
connectivity,0.0005,p=0.0005,0,D:\git\sim\outputs\sweep_n_fc_connectivity_n2000_mc20_20260831\connectivity\point_00,KF-DPC,100,5.0,-0.028722695050698976,0.14843785267024634
connectivity,0.0005,p=0.0005,0,D:\git\sim\outputs\sweep_n_fc_connectivity_n2000_mc20_20260831\connectivity\point_00,KF-DPC,101,5.050000000000001,-0.02846182581566633,0.14718638999925798
connectivity,0.0005,p=0.0005,0,D:\git\sim\outputs\sweep_n_fc_connectivity_n2000_mc20_20260831\connectivity\point_00,KF-DPC,102,5.1000000000000005,-0.028310021826592795,0.1463678094071362
connectivity,0.0005,p=0.0005,0,D:\git\sim\outputs\sweep_n_fc_connectivity_n2000_mc20_20260831\connectivity\point_00,KF-DPC,103,5.15,-0.028025323138302305,0.14520490779668607
connectivity,0.0005,p=0.0005,0,D:\git\sim\outputs\sweep_n_fc_connectivity_n2000_mc20_20260831\connectivity\point_00,KF-DPC,104,5.2,-0.027710625325901704,0.1440472958145141
connectivity,0.0005,p=0.0005,0,D:\git\sim\outputs\sweep_n_fc_connectivity_n2000_mc20_20260831\connectivity\point_00,KF-DPC,105,5.25,-0.02763039142535355,0.14349747593763024
connectivity,0.0005,p=0.0005,0,D:\git\sim\outputs\sweep_n_fc_connectivity_n2000_mc20_20260831\connectivity\point_00,KF-DPC,106,5.300000000000001,-0.027327862916994346,0.1422802597801322
connectivity,0.0005,p=0.0005,0,D:\git\sim\outputs\sweep_n_fc_connectivity_n2000_mc20_20260831\connectivity\point_00,KF-DPC,107,5.3500000000000005,-0.027087604089169777,0.141146921431723
connectivity,0.0005,p=0.0005,0,D:\git\sim\outputs\sweep_n_fc_connectivity_n2000_mc20_20260831\connectivity\point_00,KF-DPC,108,5.4,-0.026824397527668745,0.14009869158224603
connectivity,0.0005,p=0.0005,0,D:\git\sim\outputs\sweep_n_fc_connectivity_n2000_mc20_20260831\connectivity\point_00,KF-DPC,109,5.45,-0.026655415028482864,0.1390754142831389
connectivity,0.0005,p=0.0005,0,D:\git\sim\outputs\sweep_n_fc_connectivity_n2000_mc20_20260831\connectivity\point_00,KF-DPC,110,5.5,-0.026585463430909943,0.13855448858192093
connectivity,0.0005,p=0.0005,0,D:\git\sim\outputs\sweep_n_fc_connectivity_n2000_mc20_20260831\connectivity\point_00,KF-DPC,111,5.550000000000001,-0.02630295359323131,0.13747479888236364
connectivity,0.0005,p=0.0005,0,D:\git\sim\outputs\sweep_n_fc_connectivity_n2000_mc20_20260831\connectivity\point_00,KF-DPC,112,5.6000000000000005,-0.02605267832796855,0.1364534371493056
connectivity,0.0005,p=0.0005,0,D:\git\sim\outputs\sweep_n_fc_connectivity_n2000_mc20_20260831\connectivity\point_00,KF-DPC,113,5.65,-0.02590122408245459,0.13564107666255396
connectivity,0.0005,p=0.0005,0,D:\git\sim\outputs\sweep_n_fc_connectivity_n2000_mc20_20260831\connectivity\point_00,KF-DPC,114,5.7,-0.025677019800194295,0.13469350140756092
connectivity,0.0005,p=0.0005,0,D:\git\sim\outputs\sweep_n_fc_connectivity_n2000_mc20_20260831\connectivity\point_00,KF-DPC,115,5.75,-0.0255249548791174,0.13393644985109185
connectivity,0.0005,p=0.0005,0,D:\git\sim\outputs\sweep_n_fc_connectivity_n2000_mc20_20260831\connectivity\point_00,KF-DPC,116,5.800000000000001,-0.02545285844738779,0.13316480108263518
connectivity,0.0005,p=0.0005,0,D:\git\sim\outputs\sweep_n_fc_connectivity_n2000_mc20_20260831\connectivity\point_00,KF-DPC,117,5.8500000000000005,-0.02517342415878724,0.13215152491243998
connectivity,0.0005,p=0.0005,0,D:\git\sim\outputs\sweep_n_fc_connectivity_n2000_mc20_20260831\connectivity\point_00,KF-DPC,118,5.9,-0.024949796483879242,0.13120894011981757
connectivity,0.0005,p=0.0005,0,D:\git\sim\outputs\sweep_n_fc_connectivity_n2000_mc20_20260831\connectivity\point_00,KF-DPC,119,5.95,-0.024809590746964098,0.1301569452029976
connectivity,0.0005,p=0.0005,0,D:\git\sim\outputs\sweep_n_fc_connectivity_n2000_mc20_20260831\connectivity\point_00,KF-DPC,120,6.0,-0.024714903773704174,0.12950769175270013
connectivity,0.0005,p=0.0005,0,D:\git\sim\outputs\sweep_n_fc_connectivity_n2000_mc20_20260831\connectivity\point_00,KF-DPC,121,6.050000000000001,-0.02454423404938511,0.12899868792637736
connectivity,0.0005,p=0.0005,0,D:\git\sim\outputs\sweep_n_fc_connectivity_n2000_mc20_20260831\connectivity\point_00,KF-DPC,122,6.1000000000000005,-0.02434218264515628,0.12780015445046677
connectivity,0.0005,p=0.0005,0,D:\git\sim\outputs\sweep_n_fc_connectivity_n2000_mc20_20260831\connectivity\point_00,KF-DPC,123,6.15,-0.02419325922905187,0.12724834450455705
connectivity,0.0005,p=0.0005,0,D:\git\sim\outputs\sweep_n_fc_connectivity_n2000_mc20_20260831\connectivity\point_00,KF-DPC,124,6.2,-0.024019187602931178,0.12625037684612428
connectivity,0.0005,p=0.0005,0,D:\git\sim\outputs\sweep_n_fc_connectivity_n2000_mc20_20260831\connectivity\point_00,KF-DPC,125,6.25,-0.023837224307605067,0.12569073035093206
connectivity,0.0005,p=0.0005,0,D:\git\sim\outputs\sweep_n_fc_connectivity_n2000_mc20_20260831\connectivity\point_00,KF-DPC,126,6.300000000000001,-0.02371688316520671,0.12509128512746756
connectivity,0.0005,p=0.0005,0,D:\git\sim\outputs\sweep_n_fc_connectivity_n2000_mc20_20260831\connectivity\point_00,KF-DPC,127,6.3500000000000005,-0.023544594348828482,0.12419394524244212
connectivity,0.0005,p=0.0005,0,D:\git\sim\outputs\sweep_n_fc_connectivity_n2000_mc20_20260831\connectivity\point_00,KF-DPC,128,6.4,-0.023522675235586002,0.12384737499631537
connectivity,0.0005,p=0.0005,0,D:\git\sim\outputs\sweep_n_fc_connectivity_n2000_mc20_20260831\connectivity\point_00,KF-DPC,129,6.45,-0.023355556267927402,0.12285955455932598
connectivity,0.0005,p=0.0005,0,D:\git\sim\outputs\sweep_n_fc_connectivity_n2000_mc20_20260831\connectivity\point_00,KF-DPC,130,6.5,-0.02321135420549594,0.12240303528913285
connectivity,0.0005,p=0.0005,0,D:\git\sim\outputs\sweep_n_fc_connectivity_n2000_mc20_20260831\connectivity\point_00,KF-DPC,131,6.550000000000001,-0.023049088141175733,0.1214296024148342
connectivity,0.0005,p=0.0005,0,D:\git\sim\outputs\sweep_n_fc_connectivity_n2000_mc20_20260831\connectivity\point_00,KF-DPC,132,6.6000000000000005,-0.02292777499754039,0.1207928062780915
connectivity,0.0005,p=0.0005,0,D:\git\sim\outputs\sweep_n_fc_connectivity_n2000_mc20_20260831\connectivity\point_00,KF-DPC,133,6.65,-0.02280546359531321,0.12024057848881145
connectivity,0.0005,p=0.0005,0,D:\git\sim\outputs\sweep_n_fc_connectivity_n2000_mc20_20260831\connectivity\point_00,KF-DPC,134,6.7,-0.02275576305540797,0.11981602437594485
connectivity,0.0005,p=0.0005,0,D:\git\sim\outputs\sweep_n_fc_connectivity_n2000_mc20_20260831\connectivity\point_00,KF-DPC,135,6.75,-0.0226467465640955,0.11910027549590119
connectivity,0.0005,p=0.0005,0,D:\git\sim\outputs\sweep_n_fc_connectivity_n2000_mc20_20260831\connectivity\point_00,KF-DPC,136,6.800000000000001,-0.022424021139785134,0.11822365472803716
connectivity,0.0005,p=0.0005,0,D:\git\sim\outputs\sweep_n_fc_connectivity_n2000_mc20_20260831\connectivity\point_00,KF-DPC,137,6.8500000000000005,-0.022354884117158448,0.11787792863175624
connectivity,0.0005,p=0.0005,0,D:\git\sim\outputs\sweep_n_fc_connectivity_n2000_mc20_20260831\connectivity\point_00,KF-DPC,138,6.9,-0.022295653770912378,0.11735553884417801
connectivity,0.0005,p=0.0005,0,D:\git\sim\outputs\sweep_n_fc_connectivity_n2000_mc20_20260831\connectivity\point_00,KF-DPC,139,6.95,-0.02215770024556022,0.11669453396924054
connectivity,0.0005,p=0.0005,0,D:\git\sim\outputs\sweep_n_fc_connectivity_n2000_mc20_20260831\connectivity\point_00,KF-DPC,140,7.0,-0.022031144472580356,0.11602172673392704
connectivity,0.0005,p=0.0005,0,D:\git\sim\outputs\sweep_n_fc_connectivity_n2000_mc20_20260831\connectivity\point_00,KF-DPC,141,7.050000000000001,-0.021997919204390273,0.11565608612845482
connectivity,0.0005,p=0.0005,0,D:\git\sim\outputs\sweep_n_fc_connectivity_n2000_mc20_20260831\connectivity\point_00,KF-DPC,142,7.1000000000000005,-0.021747728394969235,0.11462536066597187
connectivity,0.0005,p=0.0005,0,D:\git\sim\outputs\sweep_n_fc_connectivity_n2000_mc20_20260831\connectivity\point_00,KF-DPC,143,7.15,-0.02167972282212065,0.11411627571836891
connectivity,0.0005,p=0.0005,0,D:\git\sim\outputs\sweep_n_fc_connectivity_n2000_mc20_20260831\connectivity\point_00,KF-DPC,144,7.2,-0.02160580987988704,0.1137926695770423
connectivity,0.0005,p=0.0005,0,D:\git\sim\outputs\sweep_n_fc_connectivity_n2000_mc20_20260831\connectivity\point_00,KF-DPC,145,7.25,-0.02151465796140927,0.11317995306322814
connectivity,0.0005,p=0.0005,0,D:\git\sim\outputs\sweep_n_fc_connectivity_n2000_mc20_20260831\connectivity\point_00,KF-DPC,146,7.300000000000001,-0.02143006500831983,0.11247848533095177
connectivity,0.0005,p=0.0005,0,D:\git\sim\outputs\sweep_n_fc_connectivity_n2000_mc20_20260831\connectivity\point_00,KF-DPC,147,7.3500000000000005,-0.02132197754064855,0.1121201501929521
connectivity,0.0005,p=0.0005,0,D:\git\sim\outputs\sweep_n_fc_connectivity_n2000_mc20_20260831\connectivity\point_00,KF-DPC,148,7.4,-0.02121133618850935,0.11145180304841659
connectivity,0.0005,p=0.0005,0,D:\git\sim\outputs\sweep_n_fc_connectivity_n2000_mc20_20260831\connectivity\point_00,KF-DPC,149,7.45,-0.02114309686279887,0.1111005214895852
connectivity,0.0005,p=0.0005,0,D:\git\sim\outputs\sweep_n_fc_connectivity_n2000_mc20_20260831\connectivity\point_00,KF-DPC,150,7.5,-0.021038278869270163,0.11049658559433007
connectivity,0.0005,p=0.0005,0,D:\git\sim\outputs\sweep_n_fc_connectivity_n2000_mc20_20260831\connectivity\point_00,KF-DPC,151,7.550000000000001,-0.020994151117145796,0.10999068783364338
connectivity,0.0005,p=0.0005,0,D:\git\sim\outputs\sweep_n_fc_connectivity_n2000_mc20_20260831\connectivity\point_00,KF-DPC,152,7.6000000000000005,-0.020814074306249646,0.10926726136487316
connectivity,0.0005,p=0.0005,0,D:\git\sim\outputs\sweep_n_fc_connectivity_n2000_mc20_20260831\connectivity\point_00,KF-DPC,153,7.65,-0.02080611711536808,0.10896338259296942
connectivity,0.0005,p=0.0005,0,D:\git\sim\outputs\sweep_n_fc_connectivity_n2000_mc20_20260831\connectivity\point_00,KF-DPC,154,7.7,-0.02077604828054183,0.10854153540513642
connectivity,0.0005,p=0.0005,0,D:\git\sim\outputs\sweep_n_fc_connectivity_n2000_mc20_20260831\connectivity\point_00,KF-DPC,155,7.75,-0.02056693155049374,0.10776962603596751
connectivity,0.0005,p=0.0005,0,D:\git\sim\outputs\sweep_n_fc_connectivity_n2000_mc20_20260831\connectivity\point_00,KF-DPC,156,7.800000000000001,-0.02062605957682502,0.10776011015854833
connectivity,0.0005,p=0.0005,0,D:\git\sim\outputs\sweep_n_fc_connectivity_n2000_mc20_20260831\connectivity\point_00,KF-DPC,157,7.8500000000000005,-0.020509518461041654,0.10707239560358031
connectivity,0.0005,p=0.0005,0,D:\git\sim\outputs\sweep_n_fc_connectivity_n2000_mc20_20260831\connectivity\point_00,KF-DPC,158,7.9,-0.020414815313392502,0.10667394080687118
connectivity,0.0005,p=0.0005,0,D:\git\sim\outputs\sweep_n_fc_connectivity_n2000_mc20_20260831\connectivity\point_00,KF-DPC,159,7.95,-0.020345902298973543,0.1063361301419294
connectivity,0.0005,p=0.0005,0,D:\git\sim\outputs\sweep_n_fc_connectivity_n2000_mc20_20260831\connectivity\point_00,KF-DPC,160,8.0,-0.02025715919851909,0.10572403990120971
connectivity,0.0005,p=0.0005,0,D:\git\sim\outputs\sweep_n_fc_connectivity_n2000_mc20_20260831\connectivity\point_00,KF-DPC,161,8.05,-0.020177398736480896,0.10525888538369985
connectivity,0.0005,p=0.0005,0,D:\git\sim\outputs\sweep_n_fc_connectivity_n2000_mc20_20260831\connectivity\point_00,KF-DPC,162,8.1,-0.020197295673968108,0.10496242162412568
connectivity,0.0005,p=0.0005,0,D:\git\sim\outputs\sweep_n_fc_connectivity_n2000_mc20_20260831\connectivity\point_00,KF-DPC,163,8.15,-0.020035982631486662,0.10424919140196456
connectivity,0.0005,p=0.0005,0,D:\git\sim\outputs\sweep_n_fc_connectivity_n2000_mc20_20260831\connectivity\point_00,KF-DPC,164,8.200000000000001,-0.020013812116419612,0.10379638849682511
connectivity,0.0005,p=0.0005,0,D:\git\sim\outputs\sweep_n_fc_connectivity_n2000_mc20_20260831\connectivity\point_00,KF-DPC,165,8.25,-0.019939844971007602,0.10352776842864164
connectivity,0.0005,p=0.0005,0,D:\git\sim\outputs\sweep_n_fc_connectivity_n2000_mc20_20260831\connectivity\point_00,KF-DPC,166,8.3,-0.019914973257219457,0.10350064748274541
connectivity,0.0005,p=0.0005,0,D:\git\sim\outputs\sweep_n_fc_connectivity_n2000_mc20_20260831\connectivity\point_00,KF-DPC,167,8.35,-0.019874543291817155,0.10303532547880365
connectivity,0.0005,p=0.0005,0,D:\git\sim\outputs\sweep_n_fc_connectivity_n2000_mc20_20260831\connectivity\point_00,KF-DPC,168,8.4,-0.019721292891597866,0.10226912635305366
connectivity,0.0005,p=0.0005,0,D:\git\sim\outputs\sweep_n_fc_connectivity_n2000_mc20_20260831\connectivity\point_00,KF-DPC,169,8.450000000000001,-0.019666359535728248,0.10190994835914065
connectivity,0.0005,p=0.0005,0,D:\git\sim\outputs\sweep_n_fc_connectivity_n2000_mc20_20260831\connectivity\point_00,KF-DPC,170,8.5,-0.019660440030294678,0.10171653115411476
connectivity,0.0005,p=0.0005,0,D:\git\sim\outputs\sweep_n_fc_connectivity_n2000_mc20_20260831\connectivity\point_00,KF-DPC,171,8.55,-0.01961143448141989,0.10139600369536576
connectivity,0.0005,p=0.0005,0,D:\git\sim\outputs\sweep_n_fc_connectivity_n2000_mc20_20260831\connectivity\point_00,KF-DPC,172,8.6,-0.019531074565645574,0.1009228694787087
connectivity,0.0005,p=0.0005,0,D:\git\sim\outputs\sweep_n_fc_connectivity_n2000_mc20_20260831\connectivity\point_00,KF-DPC,173,8.65,-0.019424955326394207,0.10051691365359457
connectivity,0.0005,p=0.0005,0,D:\git\sim\outputs\sweep_n_fc_connectivity_n2000_mc20_20260831\connectivity\point_00,KF-DPC,174,8.700000000000001,-0.01938181041670232,0.09998355462070756
connectivity,0.0005,p=0.0005,0,D:\git\sim\outputs\sweep_n_fc_connectivity_n2000_mc20_20260831\connectivity\point_00,KF-DPC,175,8.75,-0.019342701171101918,0.09965810938199643
connectivity,0.0005,p=0.0005,0,D:\git\sim\outputs\sweep_n_fc_connectivity_n2000_mc20_20260831\connectivity\point_00,KF-DPC,176,8.8,-0.01928392992848967,0.09945375830379387
connectivity,0.0005,p=0.0005,0,D:\git\sim\outputs\sweep_n_fc_connectivity_n2000_mc20_20260831\connectivity\point_00,KF-DPC,177,8.85,-0.01924382494420817,0.09902804905431009
connectivity,0.0005,p=0.0005,0,D:\git\sim\outputs\sweep_n_fc_connectivity_n2000_mc20_20260831\connectivity\point_00,KF-DPC,178,8.9,-0.019169218569100546,0.09878519477970102
connectivity,0.0005,p=0.0005,0,D:\git\sim\outputs\sweep_n_fc_connectivity_n2000_mc20_20260831\connectivity\point_00,KF-DPC,179,8.950000000000001,-0.019096994694318834,0.09835934497717355
connectivity,0.0005,p=0.0005,0,D:\git\sim\outputs\sweep_n_fc_connectivity_n2000_mc20_20260831\connectivity\point_00,KF-DPC,180,9.0,-0.019112942609901148,0.09813392389202419
connectivity,0.0005,p=0.0005,0,D:\git\sim\outputs\sweep_n_fc_connectivity_n2000_mc20_20260831\connectivity\point_00,KF-DPC,181,9.05,-0.019034981342678246,0.09773395466980819
connectivity,0.0005,p=0.0005,0,D:\git\sim\outputs\sweep_n_fc_connectivity_n2000_mc20_20260831\connectivity\point_00,KF-DPC,182,9.1,-0.01905965298913449,0.09731136198386393
connectivity,0.0005,p=0.0005,0,D:\git\sim\outputs\sweep_n_fc_connectivity_n2000_mc20_20260831\connectivity\point_00,KF-DPC,183,9.15,-0.018977322002816998,0.09715023455196724
connectivity,0.0005,p=0.0005,0,D:\git\sim\outputs\sweep_n_fc_connectivity_n2000_mc20_20260831\connectivity\point_00,KF-DPC,184,9.200000000000001,-0.018879754094004903,0.0965916484257832
connectivity,0.0005,p=0.0005,0,D:\git\sim\outputs\sweep_n_fc_connectivity_n2000_mc20_20260831\connectivity\point_00,KF-DPC,185,9.25,-0.018826425525219008,0.09645591093156193
connectivity,0.0005,p=0.0005,0,D:\git\sim\outputs\sweep_n_fc_connectivity_n2000_mc20_20260831\connectivity\point_00,KF-DPC,186,9.3,-0.0187983532665943,0.0960570843086692
connectivity,0.0005,p=0.0005,0,D:\git\sim\outputs\sweep_n_fc_connectivity_n2000_mc20_20260831\connectivity\point_00,KF-DPC,187,9.35,-0.018756155364698927,0.09577478891306813
connectivity,0.0005,p=0.0005,0,D:\git\sim\outputs\sweep_n_fc_connectivity_n2000_mc20_20260831\connectivity\point_00,KF-DPC,188,9.4,-0.01872014304308833,0.09573055959099783
connectivity,0.0005,p=0.0005,0,D:\git\sim\outputs\sweep_n_fc_connectivity_n2000_mc20_20260831\connectivity\point_00,KF-DPC,189,9.450000000000001,-0.018709249388296267,0.09549858190695858
connectivity,0.0005,p=0.0005,0,D:\git\sim\outputs\sweep_n_fc_connectivity_n2000_mc20_20260831\connectivity\point_00,KF-DPC,190,9.5,-0.018679503424295626,0.09535842104823697
connectivity,0.0005,p=0.0005,0,D:\git\sim\outputs\sweep_n_fc_connectivity_n2000_mc20_20260831\connectivity\point_00,KF-DPC,191,9.55,-0.018574792226704946,0.09479947881792058
connectivity,0.0005,p=0.0005,0,D:\git\sim\outputs\sweep_n_fc_connectivity_n2000_mc20_20260831\connectivity\point_00,KF-DPC,192,9.600000000000001,-0.018577789466214353,0.09470190685213181
connectivity,0.0005,p=0.0005,0,D:\git\sim\outputs\sweep_n_fc_connectivity_n2000_mc20_20260831\connectivity\point_00,KF-DPC,193,9.65,-0.01848688606332581,0.09440557138914665
connectivity,0.0005,p=0.0005,0,D:\git\sim\outputs\sweep_n_fc_connectivity_n2000_mc20_20260831\connectivity\point_00,KF-DPC,194,9.700000000000001,-0.01843914175919849,0.09379276486256516
connectivity,0.0005,p=0.0005,0,D:\git\sim\outputs\sweep_n_fc_connectivity_n2000_mc20_20260831\connectivity\point_00,KF-DPC,195,9.75,-0.01841661410986964,0.09363738587536807
connectivity,0.0005,p=0.0005,0,D:\git\sim\outputs\sweep_n_fc_connectivity_n2000_mc20_20260831\connectivity\point_00,KF-DPC,196,9.8,-0.018402977534766576,0.09354913322854448
connectivity,0.0005,p=0.0005,0,D:\git\sim\outputs\sweep_n_fc_connectivity_n2000_mc20_20260831\connectivity\point_00,KF-DPC,197,9.850000000000001,-0.018318589716955592,0.09307631900317027
connectivity,0.0005,p=0.0005,0,D:\git\sim\outputs\sweep_n_fc_connectivity_n2000_mc20_20260831\connectivity\point_00,KF-DPC,198,9.9,-0.018324282507568342,0.09290967345784423
connectivity,0.0005,p=0.0005,0,D:\git\sim\outputs\sweep_n_fc_connectivity_n2000_mc20_20260831\connectivity\point_00,KF-DPC,199,9.950000000000001,-0.018307866622226828,0.09295670791697955
connectivity,0.0005,p=0.0005,0,D:\git\sim\outputs\sweep_n_fc_connectivity_n2000_mc20_20260831\connectivity\point_00,KF-DPC,200,10.0,-0.01829257308764313,0.09258448962896189
connectivity,0.0005,p=0.0005,0,D:\git\sim\outputs\sweep_n_fc_connectivity_n2000_mc20_20260831\connectivity\point_00,KF-DPC,201,10.05,-0.018196818157593445,0.09227769849711044
connectivity,0.0005,p=0.0005,0,D:\git\sim\outputs\sweep_n_fc_connectivity_n2000_mc20_20260831\connectivity\point_00,KF-DPC,202,10.100000000000001,-0.018191513129669473,0.09215616633113756
connectivity,0.0005,p=0.0005,0,D:\git\sim\outputs\sweep_n_fc_connectivity_n2000_mc20_20260831\connectivity\point_00,KF-DPC,203,10.15,-0.01818934587540543,0.09178012741400704
connectivity,0.0005,p=0.0005,0,D:\git\sim\outputs\sweep_n_fc_connectivity_n2000_mc20_20260831\connectivity\point_00,KF-DPC,204,10.200000000000001,-0.018206790141114874,0.0917892272578899
connectivity,0.0005,p=0.0005,0,D:\git\sim\outputs\sweep_n_fc_connectivity_n2000_mc20_20260831\connectivity\point_00,KF-DPC,205,10.25,-0.018144882666540706,0.09155134275722812
connectivity,0.0005,p=0.0005,0,D:\git\sim\outputs\sweep_n_fc_connectivity_n2000_mc20_20260831\connectivity\point_00,KF-DPC,206,10.3,-0.01806444107982585,0.09096663027556666
connectivity,0.0005,p=0.0005,0,D:\git\sim\outputs\sweep_n_fc_connectivity_n2000_mc20_20260831\connectivity\point_00,KF-DPC,207,10.350000000000001,-0.018055218368979168,0.090802305366478
connectivity,0.0005,p=0.0005,0,D:\git\sim\outputs\sweep_n_fc_connectivity_n2000_mc20_20260831\connectivity\point_00,KF-DPC,208,10.4,-0.01804247731967972,0.09082826619996642
connectivity,0.0005,p=0.0005,0,D:\git\sim\outputs\sweep_n_fc_connectivity_n2000_mc20_20260831\connectivity\point_00,KF-DPC,209,10.450000000000001,-0.01801151344613935,0.0903843623129359
connectivity,0.0005,p=0.0005,0,D:\git\sim\outputs\sweep_n_fc_connectivity_n2000_mc20_20260831\connectivity\point_00,KF-DPC,210,10.5,-0.017959248608045264,0.09021041815256944
connectivity,0.0005,p=0.0005,0,D:\git\sim\outputs\sweep_n_fc_connectivity_n2000_mc20_20260831\connectivity\point_00,KF-DPC,211,10.55,-0.017943550185540027,0.08993643528856586
connectivity,0.0005,p=0.0005,0,D:\git\sim\outputs\sweep_n_fc_connectivity_n2000_mc20_20260831\connectivity\point_00,KF-DPC,212,10.600000000000001,-0.017920804295394242,0.089861964473451
connectivity,0.0005,p=0.0005,0,D:\git\sim\outputs\sweep_n_fc_connectivity_n2000_mc20_20260831\connectivity\point_00,KF-DPC,213,10.65,-0.017914527546047544,0.08978078362286537
connectivity,0.0005,p=0.0005,0,D:\git\sim\outputs\sweep_n_fc_connectivity_n2000_mc20_20260831\connectivity\point_00,KF-DPC,214,10.700000000000001,-0.01784561754817803,0.08933818178128089
connectivity,0.0005,p=0.0005,0,D:\git\sim\outputs\sweep_n_fc_connectivity_n2000_mc20_20260831\connectivity\point_00,KF-DPC,215,10.75,-0.0177978217829728,0.08911457491890304
connectivity,0.0005,p=0.0005,0,D:\git\sim\outputs\sweep_n_fc_connectivity_n2000_mc20_20260831\connectivity\point_00,KF-DPC,216,10.8,-0.017760661631956352,0.08890227034862955
connectivity,0.0005,p=0.0005,0,D:\git\sim\outputs\sweep_n_fc_connectivity_n2000_mc20_20260831\connectivity\point_00,KF-DPC,217,10.850000000000001,-0.01773073248430118,0.08858259824825253
connectivity,0.0005,p=0.0005,0,D:\git\sim\outputs\sweep_n_fc_connectivity_n2000_mc20_20260831\connectivity\point_00,KF-DPC,218,10.9,-0.017678902695004176,0.08859121314845286
connectivity,0.0005,p=0.0005,0,D:\git\sim\outputs\sweep_n_fc_connectivity_n2000_mc20_20260831\connectivity\point_00,KF-DPC,219,10.950000000000001,-0.0176756310273183,0.08828449283148329
connectivity,0.0005,p=0.0005,0,D:\git\sim\outputs\sweep_n_fc_connectivity_n2000_mc20_20260831\connectivity\point_00,KF-DPC,220,11.0,-0.01767170477106152,0.08815336908100611
connectivity,0.0005,p=0.0005,0,D:\git\sim\outputs\sweep_n_fc_connectivity_n2000_mc20_20260831\connectivity\point_00,KF-DPC,221,11.05,-0.017715413070179053,0.08816039137749357
connectivity,0.0005,p=0.0005,0,D:\git\sim\outputs\sweep_n_fc_connectivity_n2000_mc20_20260831\connectivity\point_00,KF-DPC,222,11.100000000000001,-0.017682377824347197,0.08796405401588506
connectivity,0.0005,p=0.0005,0,D:\git\sim\outputs\sweep_n_fc_connectivity_n2000_mc20_20260831\connectivity\point_00,KF-DPC,223,11.15,-0.01762565362797651,0.087716275410091
connectivity,0.0005,p=0.0005,0,D:\git\sim\outputs\sweep_n_fc_connectivity_n2000_mc20_20260831\connectivity\point_00,KF-DPC,224,11.200000000000001,-0.017607554045281016,0.08769566972525115
connectivity,0.0005,p=0.0005,0,D:\git\sim\outputs\sweep_n_fc_connectivity_n2000_mc20_20260831\connectivity\point_00,KF-DPC,225,11.25,-0.01753007658102563,0.08722887234344509
connectivity,0.0005,p=0.0005,0,D:\git\sim\outputs\sweep_n_fc_connectivity_n2000_mc20_20260831\connectivity\point_00,KF-DPC,226,11.3,-0.01753528123052552,0.08716720528600065
connectivity,0.0005,p=0.0005,0,D:\git\sim\outputs\sweep_n_fc_connectivity_n2000_mc20_20260831\connectivity\point_00,KF-DPC,227,11.350000000000001,-0.017505240471925712,0.0871198721036651
connectivity,0.0005,p=0.0005,0,D:\git\sim\outputs\sweep_n_fc_connectivity_n2000_mc20_20260831\connectivity\point_00,KF-DPC,228,11.4,-0.0174707071166604,0.08678977413833018
connectivity,0.0005,p=0.0005,0,D:\git\sim\outputs\sweep_n_fc_connectivity_n2000_mc20_20260831\connectivity\point_00,KF-DPC,229,11.450000000000001,-0.017501737058922138,0.0868613285058446
connectivity,0.0005,p=0.0005,0,D:\git\sim\outputs\sweep_n_fc_connectivity_n2000_mc20_20260831\connectivity\point_00,KF-DPC,230,11.5,-0.01743296091152277,0.08655581691086402
connectivity,0.0005,p=0.0005,0,D:\git\sim\outputs\sweep_n_fc_connectivity_n2000_mc20_20260831\connectivity\point_00,KF-DPC,231,11.55,-0.017514964308820352,0.08673261014155831
connectivity,0.0005,p=0.0005,0,D:\git\sim\outputs\sweep_n_fc_connectivity_n2000_mc20_20260831\connectivity\point_00,KF-DPC,232,11.600000000000001,-0.017408261087803054,0.0863882842598113
connectivity,0.0005,p=0.0005,0,D:\git\sim\outputs\sweep_n_fc_connectivity_n2000_mc20_20260831\connectivity\point_00,KF-DPC,233,11.65,-0.01740602915517555,0.08621261391867155
connectivity,0.0005,p=0.0005,0,D:\git\sim\outputs\sweep_n_fc_connectivity_n2000_mc20_20260831\connectivity\point_00,KF-DPC,234,11.700000000000001,-0.017359030198683165,0.08595519232579012
connectivity,0.0005,p=0.0005,0,D:\git\sim\outputs\sweep_n_fc_connectivity_n2000_mc20_20260831\connectivity\point_00,KF-DPC,235,11.75,-0.017353372160998495,0.08561633644647673
connectivity,0.0005,p=0.0005,0,D:\git\sim\outputs\sweep_n_fc_connectivity_n2000_mc20_20260831\connectivity\point_00,KF-DPC,236,11.8,-0.01734878175599798,0.08577180824109779
connectivity,0.0005,p=0.0005,0,D:\git\sim\outputs\sweep_n_fc_connectivity_n2000_mc20_20260831\connectivity\point_00,KF-DPC,237,11.850000000000001,-0.017315273426074904,0.08548020964153272
connectivity,0.0005,p=0.0005,0,D:\git\sim\outputs\sweep_n_fc_connectivity_n2000_mc20_20260831\connectivity\point_00,KF-DPC,238,11.9,-0.017309158127362854,0.08555503323773986
connectivity,0.0005,p=0.0005,0,D:\git\sim\outputs\sweep_n_fc_connectivity_n2000_mc20_20260831\connectivity\point_00,KF-DPC,239,11.950000000000001,-0.017268100186472915,0.08536806623876356
connectivity,0.001,p=0.001,1,D:\git\sim\outputs\sweep_n_fc_connectivity_n2000_mc20_20260831\connectivity\point_01,DPC,0,0.0,-2.1776375015880296,1.7971512582349987
connectivity,0.001,p=0.001,1,D:\git\sim\outputs\sweep_n_fc_connectivity_n2000_mc20_20260831\connectivity\point_01,DPC,1,0.05,-2.1827903562517212,1.7926655299115157
connectivity,0.001,p=0.001,1,D:\git\sim\outputs\sweep_n_fc_connectivity_n2000_mc20_20260831\connectivity\point_01,DPC,2,0.1,-2.0051955178813454,1.6945571130756338
connectivity,0.001,p=0.001,1,D:\git\sim\outputs\sweep_n_fc_connectivity_n2000_mc20_20260831\connectivity\point_01,DPC,3,0.15000000000000002,-1.8445875281422741,1.6019403394065237
connectivity,0.001,p=0.001,1,D:\git\sim\outputs\sweep_n_fc_connectivity_n2000_mc20_20260831\connectivity\point_01,DPC,4,0.2,-1.709597202182015,1.5303377253751305
connectivity,0.001,p=0.001,1,D:\git\sim\outputs\sweep_n_fc_connectivity_n2000_mc20_20260831\connectivity\point_01,DPC,5,0.25,-1.5768454845904478,1.4644219844967081
connectivity,0.001,p=0.001,1,D:\git\sim\outputs\sweep_n_fc_connectivity_n2000_mc20_20260831\connectivity\point_01,DPC,6,0.30000000000000004,-1.5370811518656955,1.4377798134196156
connectivity,0.001,p=0.001,1,D:\git\sim\outputs\sweep_n_fc_connectivity_n2000_mc20_20260831\connectivity\point_01,DPC,7,0.35000000000000003,-1.4329715466605142,1.382540729251666
connectivity,0.001,p=0.001,1,D:\git\sim\outputs\sweep_n_fc_connectivity_n2000_mc20_20260831\connectivity\point_01,DPC,8,0.4,-1.3739166734876338,1.3524638816227028
connectivity,0.001,p=0.001,1,D:\git\sim\outputs\sweep_n_fc_connectivity_n2000_mc20_20260831\connectivity\point_01,DPC,9,0.45,-1.3380674430598698,1.3281703494281643
connectivity,0.001,p=0.001,1,D:\git\sim\outputs\sweep_n_fc_connectivity_n2000_mc20_20260831\connectivity\point_01,DPC,10,0.5,-1.2946765743648891,1.3093484542427807
connectivity,0.001,p=0.001,1,D:\git\sim\outputs\sweep_n_fc_connectivity_n2000_mc20_20260831\connectivity\point_01,DPC,11,0.55,-1.2524598644906382,1.2840646110662906
connectivity,0.001,p=0.001,1,D:\git\sim\outputs\sweep_n_fc_connectivity_n2000_mc20_20260831\connectivity\point_01,DPC,12,0.6000000000000001,-1.2220611440668767,1.2667955580193666
connectivity,0.001,p=0.001,1,D:\git\sim\outputs\sweep_n_fc_connectivity_n2000_mc20_20260831\connectivity\point_01,DPC,13,0.65,-1.1817466654035869,1.2454739139811284
connectivity,0.001,p=0.001,1,D:\git\sim\outputs\sweep_n_fc_connectivity_n2000_mc20_20260831\connectivity\point_01,DPC,14,0.7000000000000001,-1.1676032637874951,1.2398644020732523
connectivity,0.001,p=0.001,1,D:\git\sim\outputs\sweep_n_fc_connectivity_n2000_mc20_20260831\connectivity\point_01,DPC,15,0.75,-1.1385553252460465,1.221242552221802
connectivity,0.001,p=0.001,1,D:\git\sim\outputs\sweep_n_fc_connectivity_n2000_mc20_20260831\connectivity\point_01,DPC,16,0.8,-1.1352167708170553,1.219167864587276
connectivity,0.001,p=0.001,1,D:\git\sim\outputs\sweep_n_fc_connectivity_n2000_mc20_20260831\connectivity\point_01,DPC,17,0.8500000000000001,-1.0989901487524225,1.1987413813252004
connectivity,0.001,p=0.001,1,D:\git\sim\outputs\sweep_n_fc_connectivity_n2000_mc20_20260831\connectivity\point_01,DPC,18,0.9,-1.089607738300494,1.1926642592711143
connectivity,0.001,p=0.001,1,D:\git\sim\outputs\sweep_n_fc_connectivity_n2000_mc20_20260831\connectivity\point_01,DPC,19,0.9500000000000001,-1.0830246176439053,1.1892650237567697
connectivity,0.001,p=0.001,1,D:\git\sim\outputs\sweep_n_fc_connectivity_n2000_mc20_20260831\connectivity\point_01,DPC,20,1.0,-1.0645629746059588,1.1784003304783046
connectivity,0.001,p=0.001,1,D:\git\sim\outputs\sweep_n_fc_connectivity_n2000_mc20_20260831\connectivity\point_01,DPC,21,1.05,-1.0531380850549643,1.1729180537071513
connectivity,0.001,p=0.001,1,D:\git\sim\outputs\sweep_n_fc_connectivity_n2000_mc20_20260831\connectivity\point_01,DPC,22,1.1,-1.0466222474141593,1.1679959905174724
connectivity,0.001,p=0.001,1,D:\git\sim\outputs\sweep_n_fc_connectivity_n2000_mc20_20260831\connectivity\point_01,DPC,23,1.1500000000000001,-1.0401174667640747,1.1655998919730282
connectivity,0.001,p=0.001,1,D:\git\sim\outputs\sweep_n_fc_connectivity_n2000_mc20_20260831\connectivity\point_01,DPC,24,1.2000000000000002,-1.0182895628268387,1.1533752699672348
connectivity,0.001,p=0.001,1,D:\git\sim\outputs\sweep_n_fc_connectivity_n2000_mc20_20260831\connectivity\point_01,DPC,25,1.25,-1.0118817329132876,1.1496951286586339
connectivity,0.001,p=0.001,1,D:\git\sim\outputs\sweep_n_fc_connectivity_n2000_mc20_20260831\connectivity\point_01,DPC,26,1.3,-1.0001671650199913,1.14175709956082
connectivity,0.001,p=0.001,1,D:\git\sim\outputs\sweep_n_fc_connectivity_n2000_mc20_20260831\connectivity\point_01,DPC,27,1.35,-1.0014083605142186,1.1411454280937776
connectivity,0.001,p=0.001,1,D:\git\sim\outputs\sweep_n_fc_connectivity_n2000_mc20_20260831\connectivity\point_01,DPC,28,1.4000000000000001,-0.98646570946816,1.133424929810259
connectivity,0.001,p=0.001,1,D:\git\sim\outputs\sweep_n_fc_connectivity_n2000_mc20_20260831\connectivity\point_01,DPC,29,1.4500000000000002,-0.9787123662111448,1.1279551059013315
connectivity,0.001,p=0.001,1,D:\git\sim\outputs\sweep_n_fc_connectivity_n2000_mc20_20260831\connectivity\point_01,DPC,30,1.5,-0.9869624102154295,1.1325176014962473
connectivity,0.001,p=0.001,1,D:\git\sim\outputs\sweep_n_fc_connectivity_n2000_mc20_20260831\connectivity\point_01,DPC,31,1.55,-0.9774571812885768,1.1265754202501772
connectivity,0.001,p=0.001,1,D:\git\sim\outputs\sweep_n_fc_connectivity_n2000_mc20_20260831\connectivity\point_01,DPC,32,1.6,-0.9668684208480218,1.12091843933826
connectivity,0.001,p=0.001,1,D:\git\sim\outputs\sweep_n_fc_connectivity_n2000_mc20_20260831\connectivity\point_01,DPC,33,1.6500000000000001,-0.9534843891706775,1.1128906971029289
connectivity,0.001,p=0.001,1,D:\git\sim\outputs\sweep_n_fc_connectivity_n2000_mc20_20260831\connectivity\point_01,DPC,34,1.7000000000000002,-0.9587525734888644,1.1170089300238026
connectivity,0.001,p=0.001,1,D:\git\sim\outputs\sweep_n_fc_connectivity_n2000_mc20_20260831\connectivity\point_01,DPC,35,1.75,-0.9424417169722272,1.107331612995647
connectivity,0.001,p=0.001,1,D:\git\sim\outputs\sweep_n_fc_connectivity_n2000_mc20_20260831\connectivity\point_01,DPC,36,1.8,-0.945614855110869,1.1080486976581443
connectivity,0.001,p=0.001,1,D:\git\sim\outputs\sweep_n_fc_connectivity_n2000_mc20_20260831\connectivity\point_01,DPC,37,1.85,-0.9436155059681005,1.1081703700663421
connectivity,0.001,p=0.001,1,D:\git\sim\outputs\sweep_n_fc_connectivity_n2000_mc20_20260831\connectivity\point_01,DPC,38,1.9000000000000001,-0.9377690152360242,1.1040464437556077
connectivity,0.001,p=0.001,1,D:\git\sim\outputs\sweep_n_fc_connectivity_n2000_mc20_20260831\connectivity\point_01,DPC,39,1.9500000000000002,-0.9203429650163343,1.0944019930861288
connectivity,0.001,p=0.001,1,D:\git\sim\outputs\sweep_n_fc_connectivity_n2000_mc20_20260831\connectivity\point_01,DPC,40,2.0,-0.9234299002818649,1.094372742585841
connectivity,0.001,p=0.001,1,D:\git\sim\outputs\sweep_n_fc_connectivity_n2000_mc20_20260831\connectivity\point_01,DPC,41,2.0500000000000003,-0.9154582813818286,1.0902307280440595
connectivity,0.001,p=0.001,1,D:\git\sim\outputs\sweep_n_fc_connectivity_n2000_mc20_20260831\connectivity\point_01,DPC,42,2.1,-0.9318070563968982,1.0996442060122498
connectivity,0.001,p=0.001,1,D:\git\sim\outputs\sweep_n_fc_connectivity_n2000_mc20_20260831\connectivity\point_01,DPC,43,2.15,-0.9186275331465292,1.0943205466896864
connectivity,0.001,p=0.001,1,D:\git\sim\outputs\sweep_n_fc_connectivity_n2000_mc20_20260831\connectivity\point_01,DPC,44,2.2,-0.9159656793962285,1.0907642930032473
connectivity,0.001,p=0.001,1,D:\git\sim\outputs\sweep_n_fc_connectivity_n2000_mc20_20260831\connectivity\point_01,DPC,45,2.25,-0.9091751377494766,1.086160520572669
connectivity,0.001,p=0.001,1,D:\git\sim\outputs\sweep_n_fc_connectivity_n2000_mc20_20260831\connectivity\point_01,DPC,46,2.3000000000000003,-0.9020920715945375,1.0827202668898612
connectivity,0.001,p=0.001,1,D:\git\sim\outputs\sweep_n_fc_connectivity_n2000_mc20_20260831\connectivity\point_01,DPC,47,2.35,-0.9075368996173592,1.0856254721871592
connectivity,0.001,p=0.001,1,D:\git\sim\outputs\sweep_n_fc_connectivity_n2000_mc20_20260831\connectivity\point_01,DPC,48,2.4000000000000004,-0.9096773824815898,1.0873234561190455
connectivity,0.001,p=0.001,1,D:\git\sim\outputs\sweep_n_fc_connectivity_n2000_mc20_20260831\connectivity\point_01,DPC,49,2.45,-0.8982641866727712,1.0793737821062281
connectivity,0.001,p=0.001,1,D:\git\sim\outputs\sweep_n_fc_connectivity_n2000_mc20_20260831\connectivity\point_01,DPC,50,2.5,-0.9005740345694051,1.0802823133229071
connectivity,0.001,p=0.001,1,D:\git\sim\outputs\sweep_n_fc_connectivity_n2000_mc20_20260831\connectivity\point_01,DPC,51,2.5500000000000003,-0.895915377071085,1.0786016606176527
connectivity,0.001,p=0.001,1,D:\git\sim\outputs\sweep_n_fc_connectivity_n2000_mc20_20260831\connectivity\point_01,DPC,52,2.6,-0.9020118231410852,1.082364303396596
connectivity,0.001,p=0.001,1,D:\git\sim\outputs\sweep_n_fc_connectivity_n2000_mc20_20260831\connectivity\point_01,DPC,53,2.6500000000000004,-0.8932275246451866,1.0763531895761207
connectivity,0.001,p=0.001,1,D:\git\sim\outputs\sweep_n_fc_connectivity_n2000_mc20_20260831\connectivity\point_01,DPC,54,2.7,-0.8928996306667416,1.076368785888373
connectivity,0.001,p=0.001,1,D:\git\sim\outputs\sweep_n_fc_connectivity_n2000_mc20_20260831\connectivity\point_01,DPC,55,2.75,-0.8789326579216056,1.0677729509978784
connectivity,0.001,p=0.001,1,D:\git\sim\outputs\sweep_n_fc_connectivity_n2000_mc20_20260831\connectivity\point_01,DPC,56,2.8000000000000003,-0.8902485224225033,1.0737235791311353
connectivity,0.001,p=0.001,1,D:\git\sim\outputs\sweep_n_fc_connectivity_n2000_mc20_20260831\connectivity\point_01,DPC,57,2.85,-0.8849681313303397,1.0705553569945985
connectivity,0.001,p=0.001,1,D:\git\sim\outputs\sweep_n_fc_connectivity_n2000_mc20_20260831\connectivity\point_01,DPC,58,2.9000000000000004,-0.8843095789875888,1.0716401844582055
connectivity,0.001,p=0.001,1,D:\git\sim\outputs\sweep_n_fc_connectivity_n2000_mc20_20260831\connectivity\point_01,DPC,59,2.95,-0.8823122878843835,1.0700303486823477
connectivity,0.001,p=0.001,1,D:\git\sim\outputs\sweep_n_fc_connectivity_n2000_mc20_20260831\connectivity\point_01,DPC,60,3.0,-0.8743184697372488,1.0660386324209092
connectivity,0.001,p=0.001,1,D:\git\sim\outputs\sweep_n_fc_connectivity_n2000_mc20_20260831\connectivity\point_01,DPC,61,3.0500000000000003,-0.8854916604751937,1.071597337876295
connectivity,0.001,p=0.001,1,D:\git\sim\outputs\sweep_n_fc_connectivity_n2000_mc20_20260831\connectivity\point_01,DPC,62,3.1,-0.8785102860630132,1.0678066043064194
connectivity,0.001,p=0.001,1,D:\git\sim\outputs\sweep_n_fc_connectivity_n2000_mc20_20260831\connectivity\point_01,DPC,63,3.1500000000000004,-0.8655459177867659,1.0594604752379302
connectivity,0.001,p=0.001,1,D:\git\sim\outputs\sweep_n_fc_connectivity_n2000_mc20_20260831\connectivity\point_01,DPC,64,3.2,-0.8805004310702358,1.0682640365633715
connectivity,0.001,p=0.001,1,D:\git\sim\outputs\sweep_n_fc_connectivity_n2000_mc20_20260831\connectivity\point_01,DPC,65,3.25,-0.874456716153953,1.0638476842038904
connectivity,0.001,p=0.001,1,D:\git\sim\outputs\sweep_n_fc_connectivity_n2000_mc20_20260831\connectivity\point_01,DPC,66,3.3000000000000003,-0.8660912191306591,1.0597480618730644
connectivity,0.001,p=0.001,1,D:\git\sim\outputs\sweep_n_fc_connectivity_n2000_mc20_20260831\connectivity\point_01,DPC,67,3.35,-0.869729671834233,1.0621213729370294
connectivity,0.001,p=0.001,1,D:\git\sim\outputs\sweep_n_fc_connectivity_n2000_mc20_20260831\connectivity\point_01,DPC,68,3.4000000000000004,-0.8634218377409358,1.056245167126868
connectivity,0.001,p=0.001,1,D:\git\sim\outputs\sweep_n_fc_connectivity_n2000_mc20_20260831\connectivity\point_01,DPC,69,3.45,-0.8667202347672048,1.0597442897184528
connectivity,0.001,p=0.001,1,D:\git\sim\outputs\sweep_n_fc_connectivity_n2000_mc20_20260831\connectivity\point_01,DPC,70,3.5,-0.8687030583970863,1.0614798039601392
connectivity,0.001,p=0.001,1,D:\git\sim\outputs\sweep_n_fc_connectivity_n2000_mc20_20260831\connectivity\point_01,DPC,71,3.5500000000000003,-0.8685527422543982,1.0610420248153625
connectivity,0.001,p=0.001,1,D:\git\sim\outputs\sweep_n_fc_connectivity_n2000_mc20_20260831\connectivity\point_01,DPC,72,3.6,-0.8618185189673093,1.056524473038097
connectivity,0.001,p=0.001,1,D:\git\sim\outputs\sweep_n_fc_connectivity_n2000_mc20_20260831\connectivity\point_01,DPC,73,3.6500000000000004,-0.8589640032691924,1.0554991430360645
connectivity,0.001,p=0.001,1,D:\git\sim\outputs\sweep_n_fc_connectivity_n2000_mc20_20260831\connectivity\point_01,DPC,74,3.7,-0.8647287523410678,1.058309894724507
connectivity,0.001,p=0.001,1,D:\git\sim\outputs\sweep_n_fc_connectivity_n2000_mc20_20260831\connectivity\point_01,DPC,75,3.75,-0.8740808085106034,1.0644183061563057
connectivity,0.001,p=0.001,1,D:\git\sim\outputs\sweep_n_fc_connectivity_n2000_mc20_20260831\connectivity\point_01,DPC,76,3.8000000000000003,-0.8508995816292636,1.0506048946797495
connectivity,0.001,p=0.001,1,D:\git\sim\outputs\sweep_n_fc_connectivity_n2000_mc20_20260831\connectivity\point_01,DPC,77,3.85,-0.8552300603016438,1.0512352888457062
connectivity,0.001,p=0.001,1,D:\git\sim\outputs\sweep_n_fc_connectivity_n2000_mc20_20260831\connectivity\point_01,DPC,78,3.9000000000000004,-0.855045656087351,1.0524207297816115
connectivity,0.001,p=0.001,1,D:\git\sim\outputs\sweep_n_fc_connectivity_n2000_mc20_20260831\connectivity\point_01,DPC,79,3.95,-0.847137039118946,1.0487285136152182
connectivity,0.001,p=0.001,1,D:\git\sim\outputs\sweep_n_fc_connectivity_n2000_mc20_20260831\connectivity\point_01,DPC,80,4.0,-0.8361059290877515,1.0427245216463652
connectivity,0.001,p=0.001,1,D:\git\sim\outputs\sweep_n_fc_connectivity_n2000_mc20_20260831\connectivity\point_01,DPC,81,4.05,-0.8529277753470078,1.0519986579121208
connectivity,0.001,p=0.001,1,D:\git\sim\outputs\sweep_n_fc_connectivity_n2000_mc20_20260831\connectivity\point_01,DPC,82,4.1000000000000005,-0.8551823963056144,1.0536852491332396
connectivity,0.001,p=0.001,1,D:\git\sim\outputs\sweep_n_fc_connectivity_n2000_mc20_20260831\connectivity\point_01,DPC,83,4.15,-0.8424014652250921,1.0456361810958779
connectivity,0.001,p=0.001,1,D:\git\sim\outputs\sweep_n_fc_connectivity_n2000_mc20_20260831\connectivity\point_01,DPC,84,4.2,-0.8561421524394193,1.0530048748988008
connectivity,0.001,p=0.001,1,D:\git\sim\outputs\sweep_n_fc_connectivity_n2000_mc20_20260831\connectivity\point_01,DPC,85,4.25,-0.8478401504002265,1.0480982563644379
connectivity,0.001,p=0.001,1,D:\git\sim\outputs\sweep_n_fc_connectivity_n2000_mc20_20260831\connectivity\point_01,DPC,86,4.3,-0.8464722334179452,1.0464044770780492
connectivity,0.001,p=0.001,1,D:\git\sim\outputs\sweep_n_fc_connectivity_n2000_mc20_20260831\connectivity\point_01,DPC,87,4.3500000000000005,-0.8506733013605893,1.0497229349638988
connectivity,0.001,p=0.001,1,D:\git\sim\outputs\sweep_n_fc_connectivity_n2000_mc20_20260831\connectivity\point_01,DPC,88,4.4,-0.838216529960648,1.0429371699130043
connectivity,0.001,p=0.001,1,D:\git\sim\outputs\sweep_n_fc_connectivity_n2000_mc20_20260831\connectivity\point_01,DPC,89,4.45,-0.8451393681707824,1.0473565583459459
connectivity,0.001,p=0.001,1,D:\git\sim\outputs\sweep_n_fc_connectivity_n2000_mc20_20260831\connectivity\point_01,DPC,90,4.5,-0.8527567038209029,1.051264173877939
connectivity,0.001,p=0.001,1,D:\git\sim\outputs\sweep_n_fc_connectivity_n2000_mc20_20260831\connectivity\point_01,DPC,91,4.55,-0.8483285517681134,1.046899623740755
connectivity,0.001,p=0.001,1,D:\git\sim\outputs\sweep_n_fc_connectivity_n2000_mc20_20260831\connectivity\point_01,DPC,92,4.6000000000000005,-0.838675376231076,1.042312396664802
connectivity,0.001,p=0.001,1,D:\git\sim\outputs\sweep_n_fc_connectivity_n2000_mc20_20260831\connectivity\point_01,DPC,93,4.65,-0.8514410144858188,1.0503876760132755
connectivity,0.001,p=0.001,1,D:\git\sim\outputs\sweep_n_fc_connectivity_n2000_mc20_20260831\connectivity\point_01,DPC,94,4.7,-0.8453645273979695,1.046999761747033
connectivity,0.001,p=0.001,1,D:\git\sim\outputs\sweep_n_fc_connectivity_n2000_mc20_20260831\connectivity\point_01,DPC,95,4.75,-0.8392042717466585,1.0424832828750683
connectivity,0.001,p=0.001,1,D:\git\sim\outputs\sweep_n_fc_connectivity_n2000_mc20_20260831\connectivity\point_01,DPC,96,4.800000000000001,-0.8425694858481642,1.0446690835215517
connectivity,0.001,p=0.001,1,D:\git\sim\outputs\sweep_n_fc_connectivity_n2000_mc20_20260831\connectivity\point_01,DPC,97,4.8500000000000005,-0.842227292272944,1.0443981109113438
connectivity,0.001,p=0.001,1,D:\git\sim\outputs\sweep_n_fc_connectivity_n2000_mc20_20260831\connectivity\point_01,DPC,98,4.9,-0.8318285553939624,1.0368969266761918
connectivity,0.001,p=0.001,1,D:\git\sim\outputs\sweep_n_fc_connectivity_n2000_mc20_20260831\connectivity\point_01,DPC,99,4.95,-0.8427376578844876,1.0436122274236446
connectivity,0.001,p=0.001,1,D:\git\sim\outputs\sweep_n_fc_connectivity_n2000_mc20_20260831\connectivity\point_01,DPC,100,5.0,-0.8289128934902157,1.0357839519215006
connectivity,0.001,p=0.001,1,D:\git\sim\outputs\sweep_n_fc_connectivity_n2000_mc20_20260831\connectivity\point_01,DPC,101,5.050000000000001,-0.833267105614598,1.037328611230371
connectivity,0.001,p=0.001,1,D:\git\sim\outputs\sweep_n_fc_connectivity_n2000_mc20_20260831\connectivity\point_01,DPC,102,5.1000000000000005,-0.843490272835114,1.0454762831322673
connectivity,0.001,p=0.001,1,D:\git\sim\outputs\sweep_n_fc_connectivity_n2000_mc20_20260831\connectivity\point_01,DPC,103,5.15,-0.842832179012809,1.0456755930662722
connectivity,0.001,p=0.001,1,D:\git\sim\outputs\sweep_n_fc_connectivity_n2000_mc20_20260831\connectivity\point_01,DPC,104,5.2,-0.8394063011505125,1.0428582418061774
connectivity,0.001,p=0.001,1,D:\git\sim\outputs\sweep_n_fc_connectivity_n2000_mc20_20260831\connectivity\point_01,DPC,105,5.25,-0.8294031608875198,1.037719310225762
connectivity,0.001,p=0.001,1,D:\git\sim\outputs\sweep_n_fc_connectivity_n2000_mc20_20260831\connectivity\point_01,DPC,106,5.300000000000001,-0.8247047395506536,1.033946667897459
connectivity,0.001,p=0.001,1,D:\git\sim\outputs\sweep_n_fc_connectivity_n2000_mc20_20260831\connectivity\point_01,DPC,107,5.3500000000000005,-0.8391757908441178,1.0415837401138046
connectivity,0.001,p=0.001,1,D:\git\sim\outputs\sweep_n_fc_connectivity_n2000_mc20_20260831\connectivity\point_01,DPC,108,5.4,-0.8329230963297823,1.0386010984093659
connectivity,0.001,p=0.001,1,D:\git\sim\outputs\sweep_n_fc_connectivity_n2000_mc20_20260831\connectivity\point_01,DPC,109,5.45,-0.8400886255237596,1.0428967091183927
connectivity,0.001,p=0.001,1,D:\git\sim\outputs\sweep_n_fc_connectivity_n2000_mc20_20260831\connectivity\point_01,DPC,110,5.5,-0.8341549133421506,1.038908406591164
connectivity,0.001,p=0.001,1,D:\git\sim\outputs\sweep_n_fc_connectivity_n2000_mc20_20260831\connectivity\point_01,DPC,111,5.550000000000001,-0.817862548561571,1.0286541184423417
connectivity,0.001,p=0.001,1,D:\git\sim\outputs\sweep_n_fc_connectivity_n2000_mc20_20260831\connectivity\point_01,DPC,112,5.6000000000000005,-0.8334819453146312,1.0387911990491638
connectivity,0.001,p=0.001,1,D:\git\sim\outputs\sweep_n_fc_connectivity_n2000_mc20_20260831\connectivity\point_01,DPC,113,5.65,-0.8350921454699121,1.0392153216071358
connectivity,0.001,p=0.001,1,D:\git\sim\outputs\sweep_n_fc_connectivity_n2000_mc20_20260831\connectivity\point_01,DPC,114,5.7,-0.826671129596459,1.035203311201601
connectivity,0.001,p=0.001,1,D:\git\sim\outputs\sweep_n_fc_connectivity_n2000_mc20_20260831\connectivity\point_01,DPC,115,5.75,-0.8220165925772214,1.0316628765641256
connectivity,0.001,p=0.001,1,D:\git\sim\outputs\sweep_n_fc_connectivity_n2000_mc20_20260831\connectivity\point_01,DPC,116,5.800000000000001,-0.8322140195170431,1.0366455577388336
connectivity,0.001,p=0.001,1,D:\git\sim\outputs\sweep_n_fc_connectivity_n2000_mc20_20260831\connectivity\point_01,DPC,117,5.8500000000000005,-0.8218992198088338,1.031868356910093
connectivity,0.001,p=0.001,1,D:\git\sim\outputs\sweep_n_fc_connectivity_n2000_mc20_20260831\connectivity\point_01,DPC,118,5.9,-0.8239554554215,1.0334078093891277
connectivity,0.001,p=0.001,1,D:\git\sim\outputs\sweep_n_fc_connectivity_n2000_mc20_20260831\connectivity\point_01,DPC,119,5.95,-0.824666691546867,1.0337232529802793
connectivity,0.001,p=0.001,1,D:\git\sim\outputs\sweep_n_fc_connectivity_n2000_mc20_20260831\connectivity\point_01,DPC,120,6.0,-0.8130325069647719,1.0247597264492379
connectivity,0.001,p=0.001,1,D:\git\sim\outputs\sweep_n_fc_connectivity_n2000_mc20_20260831\connectivity\point_01,DPC,121,6.050000000000001,-0.8258111917373939,1.0334772741605216
connectivity,0.001,p=0.001,1,D:\git\sim\outputs\sweep_n_fc_connectivity_n2000_mc20_20260831\connectivity\point_01,DPC,122,6.1000000000000005,-0.8326041774595663,1.0385864992647513
connectivity,0.001,p=0.001,1,D:\git\sim\outputs\sweep_n_fc_connectivity_n2000_mc20_20260831\connectivity\point_01,DPC,123,6.15,-0.821285351029541,1.032014570937371
connectivity,0.001,p=0.001,1,D:\git\sim\outputs\sweep_n_fc_connectivity_n2000_mc20_20260831\connectivity\point_01,DPC,124,6.2,-0.8247154477822615,1.0333864641879829
connectivity,0.001,p=0.001,1,D:\git\sim\outputs\sweep_n_fc_connectivity_n2000_mc20_20260831\connectivity\point_01,DPC,125,6.25,-0.822393850797021,1.0328614015763447
connectivity,0.001,p=0.001,1,D:\git\sim\outputs\sweep_n_fc_connectivity_n2000_mc20_20260831\connectivity\point_01,DPC,126,6.300000000000001,-0.8262106293208498,1.0352832549951931
connectivity,0.001,p=0.001,1,D:\git\sim\outputs\sweep_n_fc_connectivity_n2000_mc20_20260831\connectivity\point_01,DPC,127,6.3500000000000005,-0.819449344042303,1.02978293268506
connectivity,0.001,p=0.001,1,D:\git\sim\outputs\sweep_n_fc_connectivity_n2000_mc20_20260831\connectivity\point_01,DPC,128,6.4,-0.8248195805368779,1.0341691081803672
connectivity,0.001,p=0.001,1,D:\git\sim\outputs\sweep_n_fc_connectivity_n2000_mc20_20260831\connectivity\point_01,DPC,129,6.45,-0.8246177065148653,1.0323394541309654
connectivity,0.001,p=0.001,1,D:\git\sim\outputs\sweep_n_fc_connectivity_n2000_mc20_20260831\connectivity\point_01,DPC,130,6.5,-0.8316821050274228,1.038862856744503
connectivity,0.001,p=0.001,1,D:\git\sim\outputs\sweep_n_fc_connectivity_n2000_mc20_20260831\connectivity\point_01,DPC,131,6.550000000000001,-0.8257455305105587,1.0349490696949037
connectivity,0.001,p=0.001,1,D:\git\sim\outputs\sweep_n_fc_connectivity_n2000_mc20_20260831\connectivity\point_01,DPC,132,6.6000000000000005,-0.8164038197227375,1.0287305057568017
connectivity,0.001,p=0.001,1,D:\git\sim\outputs\sweep_n_fc_connectivity_n2000_mc20_20260831\connectivity\point_01,DPC,133,6.65,-0.8237473934487487,1.0325593573337823
connectivity,0.001,p=0.001,1,D:\git\sim\outputs\sweep_n_fc_connectivity_n2000_mc20_20260831\connectivity\point_01,DPC,134,6.7,-0.8237558157158416,1.0323577967571012
connectivity,0.001,p=0.001,1,D:\git\sim\outputs\sweep_n_fc_connectivity_n2000_mc20_20260831\connectivity\point_01,DPC,135,6.75,-0.8137599444254575,1.0260554454362782
connectivity,0.001,p=0.001,1,D:\git\sim\outputs\sweep_n_fc_connectivity_n2000_mc20_20260831\connectivity\point_01,DPC,136,6.800000000000001,-0.8131032131330569,1.0260067483050013
connectivity,0.001,p=0.001,1,D:\git\sim\outputs\sweep_n_fc_connectivity_n2000_mc20_20260831\connectivity\point_01,DPC,137,6.8500000000000005,-0.8128457385455852,1.0267267416074621
connectivity,0.001,p=0.001,1,D:\git\sim\outputs\sweep_n_fc_connectivity_n2000_mc20_20260831\connectivity\point_01,DPC,138,6.9,-0.8229746756069845,1.0322770171534659
connectivity,0.001,p=0.001,1,D:\git\sim\outputs\sweep_n_fc_connectivity_n2000_mc20_20260831\connectivity\point_01,DPC,139,6.95,-0.8264259657173885,1.0347398903868588
connectivity,0.001,p=0.001,1,D:\git\sim\outputs\sweep_n_fc_connectivity_n2000_mc20_20260831\connectivity\point_01,DPC,140,7.0,-0.8190522782782818,1.0299929630695461
connectivity,0.001,p=0.001,1,D:\git\sim\outputs\sweep_n_fc_connectivity_n2000_mc20_20260831\connectivity\point_01,DPC,141,7.050000000000001,-0.8207754218462626,1.0309206371246042
connectivity,0.001,p=0.001,1,D:\git\sim\outputs\sweep_n_fc_connectivity_n2000_mc20_20260831\connectivity\point_01,DPC,142,7.1000000000000005,-0.8165498288119111,1.0282866618430544
connectivity,0.001,p=0.001,1,D:\git\sim\outputs\sweep_n_fc_connectivity_n2000_mc20_20260831\connectivity\point_01,DPC,143,7.15,-0.8116572401827533,1.0251479135952792
connectivity,0.001,p=0.001,1,D:\git\sim\outputs\sweep_n_fc_connectivity_n2000_mc20_20260831\connectivity\point_01,DPC,144,7.2,-0.8182432766511119,1.0298192071309706
connectivity,0.001,p=0.001,1,D:\git\sim\outputs\sweep_n_fc_connectivity_n2000_mc20_20260831\connectivity\point_01,DPC,145,7.25,-0.8228194230281266,1.0311455812493484
connectivity,0.001,p=0.001,1,D:\git\sim\outputs\sweep_n_fc_connectivity_n2000_mc20_20260831\connectivity\point_01,DPC,146,7.300000000000001,-0.822906538165296,1.0327297183192703
connectivity,0.001,p=0.001,1,D:\git\sim\outputs\sweep_n_fc_connectivity_n2000_mc20_20260831\connectivity\point_01,DPC,147,7.3500000000000005,-0.8191367167456921,1.0295119553023508
connectivity,0.001,p=0.001,1,D:\git\sim\outputs\sweep_n_fc_connectivity_n2000_mc20_20260831\connectivity\point_01,DPC,148,7.4,-0.8277286404328134,1.0351692172816869
connectivity,0.001,p=0.001,1,D:\git\sim\outputs\sweep_n_fc_connectivity_n2000_mc20_20260831\connectivity\point_01,DPC,149,7.45,-0.8136852084570365,1.0268392289070214
connectivity,0.001,p=0.001,1,D:\git\sim\outputs\sweep_n_fc_connectivity_n2000_mc20_20260831\connectivity\point_01,DPC,150,7.5,-0.8180008493145821,1.028689816242871
connectivity,0.001,p=0.001,1,D:\git\sim\outputs\sweep_n_fc_connectivity_n2000_mc20_20260831\connectivity\point_01,DPC,151,7.550000000000001,-0.8192954382516899,1.0297449980113451
connectivity,0.001,p=0.001,1,D:\git\sim\outputs\sweep_n_fc_connectivity_n2000_mc20_20260831\connectivity\point_01,DPC,152,7.6000000000000005,-0.8134989718609469,1.0263526777719454
connectivity,0.001,p=0.001,1,D:\git\sim\outputs\sweep_n_fc_connectivity_n2000_mc20_20260831\connectivity\point_01,DPC,153,7.65,-0.8187375304020418,1.0282283626079065
connectivity,0.001,p=0.001,1,D:\git\sim\outputs\sweep_n_fc_connectivity_n2000_mc20_20260831\connectivity\point_01,DPC,154,7.7,-0.8125656762342441,1.0262198006315368
connectivity,0.001,p=0.001,1,D:\git\sim\outputs\sweep_n_fc_connectivity_n2000_mc20_20260831\connectivity\point_01,DPC,155,7.75,-0.8165720514955424,1.0283497588004331
connectivity,0.001,p=0.001,1,D:\git\sim\outputs\sweep_n_fc_connectivity_n2000_mc20_20260831\connectivity\point_01,DPC,156,7.800000000000001,-0.8185147635355337,1.0298375802424662
connectivity,0.001,p=0.001,1,D:\git\sim\outputs\sweep_n_fc_connectivity_n2000_mc20_20260831\connectivity\point_01,DPC,157,7.8500000000000005,-0.8098730860804901,1.0231251854199044
connectivity,0.001,p=0.001,1,D:\git\sim\outputs\sweep_n_fc_connectivity_n2000_mc20_20260831\connectivity\point_01,DPC,158,7.9,-0.8168583222893605,1.0278045466844643
connectivity,0.001,p=0.001,1,D:\git\sim\outputs\sweep_n_fc_connectivity_n2000_mc20_20260831\connectivity\point_01,DPC,159,7.95,-0.8117816033996941,1.0249131526954378
connectivity,0.001,p=0.001,1,D:\git\sim\outputs\sweep_n_fc_connectivity_n2000_mc20_20260831\connectivity\point_01,DPC,160,8.0,-0.8161826826927685,1.0277413209243458
connectivity,0.001,p=0.001,1,D:\git\sim\outputs\sweep_n_fc_connectivity_n2000_mc20_20260831\connectivity\point_01,DPC,161,8.05,-0.816997226818134,1.028507045896983
connectivity,0.001,p=0.001,1,D:\git\sim\outputs\sweep_n_fc_connectivity_n2000_mc20_20260831\connectivity\point_01,DPC,162,8.1,-0.8164361023014142,1.0290824314779325
connectivity,0.001,p=0.001,1,D:\git\sim\outputs\sweep_n_fc_connectivity_n2000_mc20_20260831\connectivity\point_01,DPC,163,8.15,-0.8102856578410795,1.0235864058281352
connectivity,0.001,p=0.001,1,D:\git\sim\outputs\sweep_n_fc_connectivity_n2000_mc20_20260831\connectivity\point_01,DPC,164,8.200000000000001,-0.805519816107486,1.0216195075728436
connectivity,0.001,p=0.001,1,D:\git\sim\outputs\sweep_n_fc_connectivity_n2000_mc20_20260831\connectivity\point_01,DPC,165,8.25,-0.8225462995919988,1.0320411543199186
connectivity,0.001,p=0.001,1,D:\git\sim\outputs\sweep_n_fc_connectivity_n2000_mc20_20260831\connectivity\point_01,DPC,166,8.3,-0.8119294364293856,1.0254346293778094
connectivity,0.001,p=0.001,1,D:\git\sim\outputs\sweep_n_fc_connectivity_n2000_mc20_20260831\connectivity\point_01,DPC,167,8.35,-0.817036457907332,1.0272249562670772
connectivity,0.001,p=0.001,1,D:\git\sim\outputs\sweep_n_fc_connectivity_n2000_mc20_20260831\connectivity\point_01,DPC,168,8.4,-0.8163382890995501,1.0288072369776304
connectivity,0.001,p=0.001,1,D:\git\sim\outputs\sweep_n_fc_connectivity_n2000_mc20_20260831\connectivity\point_01,DPC,169,8.450000000000001,-0.8126439114710202,1.0249327384045963
connectivity,0.001,p=0.001,1,D:\git\sim\outputs\sweep_n_fc_connectivity_n2000_mc20_20260831\connectivity\point_01,DPC,170,8.5,-0.8140617334744054,1.0272089463018363
connectivity,0.001,p=0.001,1,D:\git\sim\outputs\sweep_n_fc_connectivity_n2000_mc20_20260831\connectivity\point_01,DPC,171,8.55,-0.8196994240299407,1.0300125025625528
connectivity,0.001,p=0.001,1,D:\git\sim\outputs\sweep_n_fc_connectivity_n2000_mc20_20260831\connectivity\point_01,DPC,172,8.6,-0.8061708880176768,1.020933128788094
connectivity,0.001,p=0.001,1,D:\git\sim\outputs\sweep_n_fc_connectivity_n2000_mc20_20260831\connectivity\point_01,DPC,173,8.65,-0.8032129734592655,1.0202688102684143
connectivity,0.001,p=0.001,1,D:\git\sim\outputs\sweep_n_fc_connectivity_n2000_mc20_20260831\connectivity\point_01,DPC,174,8.700000000000001,-0.814693765700097,1.027532514520826
connectivity,0.001,p=0.001,1,D:\git\sim\outputs\sweep_n_fc_connectivity_n2000_mc20_20260831\connectivity\point_01,DPC,175,8.75,-0.8203679014556152,1.0305036322195582
connectivity,0.001,p=0.001,1,D:\git\sim\outputs\sweep_n_fc_connectivity_n2000_mc20_20260831\connectivity\point_01,DPC,176,8.8,-0.808247795763613,1.0235105885186853
connectivity,0.001,p=0.001,1,D:\git\sim\outputs\sweep_n_fc_connectivity_n2000_mc20_20260831\connectivity\point_01,DPC,177,8.85,-0.815585474956773,1.0271354206203547
connectivity,0.001,p=0.001,1,D:\git\sim\outputs\sweep_n_fc_connectivity_n2000_mc20_20260831\connectivity\point_01,DPC,178,8.9,-0.8152549147023362,1.0282742532420208
connectivity,0.001,p=0.001,1,D:\git\sim\outputs\sweep_n_fc_connectivity_n2000_mc20_20260831\connectivity\point_01,DPC,179,8.950000000000001,-0.7973661043407078,1.0169483372366879
connectivity,0.001,p=0.001,1,D:\git\sim\outputs\sweep_n_fc_connectivity_n2000_mc20_20260831\connectivity\point_01,DPC,180,9.0,-0.8024308032399448,1.0185042043902546
connectivity,0.001,p=0.001,1,D:\git\sim\outputs\sweep_n_fc_connectivity_n2000_mc20_20260831\connectivity\point_01,DPC,181,9.05,-0.8039478464360107,1.02061283921191
connectivity,0.001,p=0.001,1,D:\git\sim\outputs\sweep_n_fc_connectivity_n2000_mc20_20260831\connectivity\point_01,DPC,182,9.1,-0.8131074427920137,1.0253420546450032
connectivity,0.001,p=0.001,1,D:\git\sim\outputs\sweep_n_fc_connectivity_n2000_mc20_20260831\connectivity\point_01,DPC,183,9.15,-0.8144720814300037,1.026273922943607
connectivity,0.001,p=0.001,1,D:\git\sim\outputs\sweep_n_fc_connectivity_n2000_mc20_20260831\connectivity\point_01,DPC,184,9.200000000000001,-0.8144425781163407,1.0273329310875372
connectivity,0.001,p=0.001,1,D:\git\sim\outputs\sweep_n_fc_connectivity_n2000_mc20_20260831\connectivity\point_01,DPC,185,9.25,-0.8083275643453505,1.0240919120701393
connectivity,0.001,p=0.001,1,D:\git\sim\outputs\sweep_n_fc_connectivity_n2000_mc20_20260831\connectivity\point_01,DPC,186,9.3,-0.8016913954211086,1.0190188065632595
connectivity,0.001,p=0.001,1,D:\git\sim\outputs\sweep_n_fc_connectivity_n2000_mc20_20260831\connectivity\point_01,DPC,187,9.35,-0.8097917158815862,1.0247458740761224
connectivity,0.001,p=0.001,1,D:\git\sim\outputs\sweep_n_fc_connectivity_n2000_mc20_20260831\connectivity\point_01,DPC,188,9.4,-0.8098822617420929,1.0235898262391827
connectivity,0.001,p=0.001,1,D:\git\sim\outputs\sweep_n_fc_connectivity_n2000_mc20_20260831\connectivity\point_01,DPC,189,9.450000000000001,-0.8060944313260267,1.0226819484074245
connectivity,0.001,p=0.001,1,D:\git\sim\outputs\sweep_n_fc_connectivity_n2000_mc20_20260831\connectivity\point_01,DPC,190,9.5,-0.8173204731943361,1.0288237304842602
connectivity,0.001,p=0.001,1,D:\git\sim\outputs\sweep_n_fc_connectivity_n2000_mc20_20260831\connectivity\point_01,DPC,191,9.55,-0.8110782587113188,1.0257302379533964
connectivity,0.001,p=0.001,1,D:\git\sim\outputs\sweep_n_fc_connectivity_n2000_mc20_20260831\connectivity\point_01,DPC,192,9.600000000000001,-0.8115196514518009,1.0255414734605566
connectivity,0.001,p=0.001,1,D:\git\sim\outputs\sweep_n_fc_connectivity_n2000_mc20_20260831\connectivity\point_01,DPC,193,9.65,-0.8089584692579612,1.023819975447307
connectivity,0.001,p=0.001,1,D:\git\sim\outputs\sweep_n_fc_connectivity_n2000_mc20_20260831\connectivity\point_01,DPC,194,9.700000000000001,-0.8087219354016253,1.022248629032943
connectivity,0.001,p=0.001,1,D:\git\sim\outputs\sweep_n_fc_connectivity_n2000_mc20_20260831\connectivity\point_01,DPC,195,9.75,-0.8026711207821685,1.01960241273695
connectivity,0.001,p=0.001,1,D:\git\sim\outputs\sweep_n_fc_connectivity_n2000_mc20_20260831\connectivity\point_01,DPC,196,9.8,-0.8076089236938494,1.0219167344882916
connectivity,0.001,p=0.001,1,D:\git\sim\outputs\sweep_n_fc_connectivity_n2000_mc20_20260831\connectivity\point_01,DPC,197,9.850000000000001,-0.8131449190734997,1.0263049178176613
connectivity,0.001,p=0.001,1,D:\git\sim\outputs\sweep_n_fc_connectivity_n2000_mc20_20260831\connectivity\point_01,DPC,198,9.9,-0.8064913261831339,1.0221373230507331
connectivity,0.001,p=0.001,1,D:\git\sim\outputs\sweep_n_fc_connectivity_n2000_mc20_20260831\connectivity\point_01,DPC,199,9.950000000000001,-0.8150752884630869,1.0271391199435511
connectivity,0.001,p=0.001,1,D:\git\sim\outputs\sweep_n_fc_connectivity_n2000_mc20_20260831\connectivity\point_01,DPC,200,10.0,-0.8078021632060373,1.0231588748583789
connectivity,0.001,p=0.001,1,D:\git\sim\outputs\sweep_n_fc_connectivity_n2000_mc20_20260831\connectivity\point_01,DPC,201,10.05,-0.8011337934355969,1.0181230988309726
connectivity,0.001,p=0.001,1,D:\git\sim\outputs\sweep_n_fc_connectivity_n2000_mc20_20260831\connectivity\point_01,DPC,202,10.100000000000001,-0.8067936660965402,1.021938476753681
connectivity,0.001,p=0.001,1,D:\git\sim\outputs\sweep_n_fc_connectivity_n2000_mc20_20260831\connectivity\point_01,DPC,203,10.15,-0.8024167808572319,1.0196298021675252
connectivity,0.001,p=0.001,1,D:\git\sim\outputs\sweep_n_fc_connectivity_n2000_mc20_20260831\connectivity\point_01,DPC,204,10.200000000000001,-0.8023959245025859,1.0188577264514986
connectivity,0.001,p=0.001,1,D:\git\sim\outputs\sweep_n_fc_connectivity_n2000_mc20_20260831\connectivity\point_01,DPC,205,10.25,-0.8114918908320262,1.0246063293085865
connectivity,0.001,p=0.001,1,D:\git\sim\outputs\sweep_n_fc_connectivity_n2000_mc20_20260831\connectivity\point_01,DPC,206,10.3,-0.8102080899148196,1.023828622940301
connectivity,0.001,p=0.001,1,D:\git\sim\outputs\sweep_n_fc_connectivity_n2000_mc20_20260831\connectivity\point_01,DPC,207,10.350000000000001,-0.8054649559990147,1.021287121287502
connectivity,0.001,p=0.001,1,D:\git\sim\outputs\sweep_n_fc_connectivity_n2000_mc20_20260831\connectivity\point_01,DPC,208,10.4,-0.8011900171291709,1.0187482506892174
connectivity,0.001,p=0.001,1,D:\git\sim\outputs\sweep_n_fc_connectivity_n2000_mc20_20260831\connectivity\point_01,DPC,209,10.450000000000001,-0.8046730191900515,1.020614711440196
connectivity,0.001,p=0.001,1,D:\git\sim\outputs\sweep_n_fc_connectivity_n2000_mc20_20260831\connectivity\point_01,DPC,210,10.5,-0.800177645095006,1.016922043908244
connectivity,0.001,p=0.001,1,D:\git\sim\outputs\sweep_n_fc_connectivity_n2000_mc20_20260831\connectivity\point_01,DPC,211,10.55,-0.8078804503515064,1.02249279896674
connectivity,0.001,p=0.001,1,D:\git\sim\outputs\sweep_n_fc_connectivity_n2000_mc20_20260831\connectivity\point_01,DPC,212,10.600000000000001,-0.8009876613527761,1.0183523532845455
connectivity,0.001,p=0.001,1,D:\git\sim\outputs\sweep_n_fc_connectivity_n2000_mc20_20260831\connectivity\point_01,DPC,213,10.65,-0.8078733658076722,1.0226156434352596
connectivity,0.001,p=0.001,1,D:\git\sim\outputs\sweep_n_fc_connectivity_n2000_mc20_20260831\connectivity\point_01,DPC,214,10.700000000000001,-0.8053228261898051,1.0204080495124943
connectivity,0.001,p=0.001,1,D:\git\sim\outputs\sweep_n_fc_connectivity_n2000_mc20_20260831\connectivity\point_01,DPC,215,10.75,-0.7932729625855282,1.0134439895347738
connectivity,0.001,p=0.001,1,D:\git\sim\outputs\sweep_n_fc_connectivity_n2000_mc20_20260831\connectivity\point_01,DPC,216,10.8,-0.8113720857201855,1.0249541598535044
connectivity,0.001,p=0.001,1,D:\git\sim\outputs\sweep_n_fc_connectivity_n2000_mc20_20260831\connectivity\point_01,DPC,217,10.850000000000001,-0.7961170191198791,1.015368695964352
connectivity,0.001,p=0.001,1,D:\git\sim\outputs\sweep_n_fc_connectivity_n2000_mc20_20260831\connectivity\point_01,DPC,218,10.9,-0.8083938798660985,1.0242258891789473
connectivity,0.001,p=0.001,1,D:\git\sim\outputs\sweep_n_fc_connectivity_n2000_mc20_20260831\connectivity\point_01,DPC,219,10.950000000000001,-0.8028286725143186,1.0198295201900482
connectivity,0.001,p=0.001,1,D:\git\sim\outputs\sweep_n_fc_connectivity_n2000_mc20_20260831\connectivity\point_01,DPC,220,11.0,-0.8123139716733878,1.0251341767665476
connectivity,0.001,p=0.001,1,D:\git\sim\outputs\sweep_n_fc_connectivity_n2000_mc20_20260831\connectivity\point_01,DPC,221,11.05,-0.8019843030471645,1.0193245536423743
connectivity,0.001,p=0.001,1,D:\git\sim\outputs\sweep_n_fc_connectivity_n2000_mc20_20260831\connectivity\point_01,DPC,222,11.100000000000001,-0.8070819029568592,1.0216708642134438
connectivity,0.001,p=0.001,1,D:\git\sim\outputs\sweep_n_fc_connectivity_n2000_mc20_20260831\connectivity\point_01,DPC,223,11.15,-0.8067088344578931,1.0222095343896982
connectivity,0.001,p=0.001,1,D:\git\sim\outputs\sweep_n_fc_connectivity_n2000_mc20_20260831\connectivity\point_01,DPC,224,11.200000000000001,-0.8044698918616188,1.0215426609804814
connectivity,0.001,p=0.001,1,D:\git\sim\outputs\sweep_n_fc_connectivity_n2000_mc20_20260831\connectivity\point_01,DPC,225,11.25,-0.8074921473354337,1.021996263938835
connectivity,0.001,p=0.001,1,D:\git\sim\outputs\sweep_n_fc_connectivity_n2000_mc20_20260831\connectivity\point_01,DPC,226,11.3,-0.8120405098304874,1.024938780520571
connectivity,0.001,p=0.001,1,D:\git\sim\outputs\sweep_n_fc_connectivity_n2000_mc20_20260831\connectivity\point_01,DPC,227,11.350000000000001,-0.7960165742139979,1.015022458924668
connectivity,0.001,p=0.001,1,D:\git\sim\outputs\sweep_n_fc_connectivity_n2000_mc20_20260831\connectivity\point_01,DPC,228,11.4,-0.8083261514131967,1.0229512456675025
connectivity,0.001,p=0.001,1,D:\git\sim\outputs\sweep_n_fc_connectivity_n2000_mc20_20260831\connectivity\point_01,DPC,229,11.450000000000001,-0.8004453378861286,1.0182653062976066
connectivity,0.001,p=0.001,1,D:\git\sim\outputs\sweep_n_fc_connectivity_n2000_mc20_20260831\connectivity\point_01,DPC,230,11.5,-0.8155285663787092,1.02638768872071
connectivity,0.001,p=0.001,1,D:\git\sim\outputs\sweep_n_fc_connectivity_n2000_mc20_20260831\connectivity\point_01,DPC,231,11.55,-0.8061598527712831,1.021348146144097
connectivity,0.001,p=0.001,1,D:\git\sim\outputs\sweep_n_fc_connectivity_n2000_mc20_20260831\connectivity\point_01,DPC,232,11.600000000000001,-0.7872974361339673,1.0095035551006764
connectivity,0.001,p=0.001,1,D:\git\sim\outputs\sweep_n_fc_connectivity_n2000_mc20_20260831\connectivity\point_01,DPC,233,11.65,-0.8024077381293291,1.0197518545091733
connectivity,0.001,p=0.001,1,D:\git\sim\outputs\sweep_n_fc_connectivity_n2000_mc20_20260831\connectivity\point_01,DPC,234,11.700000000000001,-0.8047354897041069,1.0207895170102144
connectivity,0.001,p=0.001,1,D:\git\sim\outputs\sweep_n_fc_connectivity_n2000_mc20_20260831\connectivity\point_01,DPC,235,11.75,-0.7983318537637076,1.0168884631941428
connectivity,0.001,p=0.001,1,D:\git\sim\outputs\sweep_n_fc_connectivity_n2000_mc20_20260831\connectivity\point_01,DPC,236,11.8,-0.800546685211659,1.0180863267286975
connectivity,0.001,p=0.001,1,D:\git\sim\outputs\sweep_n_fc_connectivity_n2000_mc20_20260831\connectivity\point_01,DPC,237,11.850000000000001,-0.8003696693418906,1.0173760883449643
connectivity,0.001,p=0.001,1,D:\git\sim\outputs\sweep_n_fc_connectivity_n2000_mc20_20260831\connectivity\point_01,DPC,238,11.9,-0.8018876087070967,1.019321024685142
connectivity,0.001,p=0.001,1,D:\git\sim\outputs\sweep_n_fc_connectivity_n2000_mc20_20260831\connectivity\point_01,DPC,239,11.950000000000001,-0.7976347868668386,1.0151828287788334
connectivity,0.001,p=0.001,1,D:\git\sim\outputs\sweep_n_fc_connectivity_n2000_mc20_20260831\connectivity\point_01,KF-DPC,0,0.0,-2.1776375015880296,1.7971512582349987
connectivity,0.001,p=0.001,1,D:\git\sim\outputs\sweep_n_fc_connectivity_n2000_mc20_20260831\connectivity\point_01,KF-DPC,1,0.05,-1.1127298798641552,1.2487043411469991
connectivity,0.001,p=0.001,1,D:\git\sim\outputs\sweep_n_fc_connectivity_n2000_mc20_20260831\connectivity\point_01,KF-DPC,2,0.1,-0.7703847280801406,1.106148454725092
connectivity,0.001,p=0.001,1,D:\git\sim\outputs\sweep_n_fc_connectivity_n2000_mc20_20260831\connectivity\point_01,KF-DPC,3,0.15000000000000002,-0.7216162590165559,1.0697083568302448
connectivity,0.001,p=0.001,1,D:\git\sim\outputs\sweep_n_fc_connectivity_n2000_mc20_20260831\connectivity\point_01,KF-DPC,4,0.2,-0.72579233061953,1.036680824020886
connectivity,0.001,p=0.001,1,D:\git\sim\outputs\sweep_n_fc_connectivity_n2000_mc20_20260831\connectivity\point_01,KF-DPC,5,0.25,-0.684559500170993,0.9806479605672458
connectivity,0.001,p=0.001,1,D:\git\sim\outputs\sweep_n_fc_connectivity_n2000_mc20_20260831\connectivity\point_01,KF-DPC,6,0.30000000000000004,-0.6212839740225915,0.9189779336918971
connectivity,0.001,p=0.001,1,D:\git\sim\outputs\sweep_n_fc_connectivity_n2000_mc20_20260831\connectivity\point_01,KF-DPC,7,0.35000000000000003,-0.5529160155575839,0.8570019592476775
connectivity,0.001,p=0.001,1,D:\git\sim\outputs\sweep_n_fc_connectivity_n2000_mc20_20260831\connectivity\point_01,KF-DPC,8,0.4,-0.4908305116715925,0.8019038538531733
connectivity,0.001,p=0.001,1,D:\git\sim\outputs\sweep_n_fc_connectivity_n2000_mc20_20260831\connectivity\point_01,KF-DPC,9,0.45,-0.4333968652495307,0.7493493005366717
connectivity,0.001,p=0.001,1,D:\git\sim\outputs\sweep_n_fc_connectivity_n2000_mc20_20260831\connectivity\point_01,KF-DPC,10,0.5,-0.38589852775444905,0.7046507277424612
connectivity,0.001,p=0.001,1,D:\git\sim\outputs\sweep_n_fc_connectivity_n2000_mc20_20260831\connectivity\point_01,KF-DPC,11,0.55,-0.34328775029878367,0.6624120881896719
connectivity,0.001,p=0.001,1,D:\git\sim\outputs\sweep_n_fc_connectivity_n2000_mc20_20260831\connectivity\point_01,KF-DPC,12,0.6000000000000001,-0.3064191134453669,0.6237692791309554
connectivity,0.001,p=0.001,1,D:\git\sim\outputs\sweep_n_fc_connectivity_n2000_mc20_20260831\connectivity\point_01,KF-DPC,13,0.65,-0.27404579691296765,0.5882480999130889
connectivity,0.001,p=0.001,1,D:\git\sim\outputs\sweep_n_fc_connectivity_n2000_mc20_20260831\connectivity\point_01,KF-DPC,14,0.7000000000000001,-0.24674756079611987,0.5568146420031949
connectivity,0.001,p=0.001,1,D:\git\sim\outputs\sweep_n_fc_connectivity_n2000_mc20_20260831\connectivity\point_01,KF-DPC,15,0.75,-0.22423080809834156,0.5294045608942035
connectivity,0.001,p=0.001,1,D:\git\sim\outputs\sweep_n_fc_connectivity_n2000_mc20_20260831\connectivity\point_01,KF-DPC,16,0.8,-0.2049374143513562,0.5047018030860435
connectivity,0.001,p=0.001,1,D:\git\sim\outputs\sweep_n_fc_connectivity_n2000_mc20_20260831\connectivity\point_01,KF-DPC,17,0.8500000000000001,-0.1880312846692026,0.4819568431776319
connectivity,0.001,p=0.001,1,D:\git\sim\outputs\sweep_n_fc_connectivity_n2000_mc20_20260831\connectivity\point_01,KF-DPC,18,0.9,-0.17370915042089013,0.46186572730415687
connectivity,0.001,p=0.001,1,D:\git\sim\outputs\sweep_n_fc_connectivity_n2000_mc20_20260831\connectivity\point_01,KF-DPC,19,0.9500000000000001,-0.16094395600694245,0.44337238723757066
connectivity,0.001,p=0.001,1,D:\git\sim\outputs\sweep_n_fc_connectivity_n2000_mc20_20260831\connectivity\point_01,KF-DPC,20,1.0,-0.1496072467798461,0.4261636377176667
connectivity,0.001,p=0.001,1,D:\git\sim\outputs\sweep_n_fc_connectivity_n2000_mc20_20260831\connectivity\point_01,KF-DPC,21,1.05,-0.13945335271448767,0.4101442192667487
connectivity,0.001,p=0.001,1,D:\git\sim\outputs\sweep_n_fc_connectivity_n2000_mc20_20260831\connectivity\point_01,KF-DPC,22,1.1,-0.13074778793470282,0.39602207640435166
connectivity,0.001,p=0.001,1,D:\git\sim\outputs\sweep_n_fc_connectivity_n2000_mc20_20260831\connectivity\point_01,KF-DPC,23,1.1500000000000001,-0.1229078567022226,0.38291008806635285
connectivity,0.001,p=0.001,1,D:\git\sim\outputs\sweep_n_fc_connectivity_n2000_mc20_20260831\connectivity\point_01,KF-DPC,24,1.2000000000000002,-0.11549343891053325,0.37005273493137236
connectivity,0.001,p=0.001,1,D:\git\sim\outputs\sweep_n_fc_connectivity_n2000_mc20_20260831\connectivity\point_01,KF-DPC,25,1.25,-0.10902086233239162,0.3583091336624512
connectivity,0.001,p=0.001,1,D:\git\sim\outputs\sweep_n_fc_connectivity_n2000_mc20_20260831\connectivity\point_01,KF-DPC,26,1.3,-0.10281589293810031,0.34660915973850087
connectivity,0.001,p=0.001,1,D:\git\sim\outputs\sweep_n_fc_connectivity_n2000_mc20_20260831\connectivity\point_01,KF-DPC,27,1.35,-0.09731923683818504,0.33596722234359067
connectivity,0.001,p=0.001,1,D:\git\sim\outputs\sweep_n_fc_connectivity_n2000_mc20_20260831\connectivity\point_01,KF-DPC,28,1.4000000000000001,-0.09242516669340957,0.3261952456325619
connectivity,0.001,p=0.001,1,D:\git\sim\outputs\sweep_n_fc_connectivity_n2000_mc20_20260831\connectivity\point_01,KF-DPC,29,1.4500000000000002,-0.08775864979616713,0.3166094156687308
connectivity,0.001,p=0.001,1,D:\git\sim\outputs\sweep_n_fc_connectivity_n2000_mc20_20260831\connectivity\point_01,KF-DPC,30,1.5,-0.08377802095142445,0.3080077296522774
connectivity,0.001,p=0.001,1,D:\git\sim\outputs\sweep_n_fc_connectivity_n2000_mc20_20260831\connectivity\point_01,KF-DPC,31,1.55,-0.080089530897589,0.2998913563583701
connectivity,0.001,p=0.001,1,D:\git\sim\outputs\sweep_n_fc_connectivity_n2000_mc20_20260831\connectivity\point_01,KF-DPC,32,1.6,-0.07647463432160274,0.29181010338798613
connectivity,0.001,p=0.001,1,D:\git\sim\outputs\sweep_n_fc_connectivity_n2000_mc20_20260831\connectivity\point_01,KF-DPC,33,1.6500000000000001,-0.07310511915107548,0.28419866516895387
connectivity,0.001,p=0.001,1,D:\git\sim\outputs\sweep_n_fc_connectivity_n2000_mc20_20260831\connectivity\point_01,KF-DPC,34,1.7000000000000002,-0.07017596961471498,0.27739453569697853
connectivity,0.001,p=0.001,1,D:\git\sim\outputs\sweep_n_fc_connectivity_n2000_mc20_20260831\connectivity\point_01,KF-DPC,35,1.75,-0.0676119734789084,0.27121605396965337
connectivity,0.001,p=0.001,1,D:\git\sim\outputs\sweep_n_fc_connectivity_n2000_mc20_20260831\connectivity\point_01,KF-DPC,36,1.8,-0.06534046948350443,0.2654817599086865
connectivity,0.001,p=0.001,1,D:\git\sim\outputs\sweep_n_fc_connectivity_n2000_mc20_20260831\connectivity\point_01,KF-DPC,37,1.85,-0.06313705908139353,0.2599076792839835
connectivity,0.001,p=0.001,1,D:\git\sim\outputs\sweep_n_fc_connectivity_n2000_mc20_20260831\connectivity\point_01,KF-DPC,38,1.9000000000000001,-0.061114121278014404,0.25469050786741215
connectivity,0.001,p=0.001,1,D:\git\sim\outputs\sweep_n_fc_connectivity_n2000_mc20_20260831\connectivity\point_01,KF-DPC,39,1.9500000000000002,-0.059230371887032916,0.24985219496818695
connectivity,0.001,p=0.001,1,D:\git\sim\outputs\sweep_n_fc_connectivity_n2000_mc20_20260831\connectivity\point_01,KF-DPC,40,2.0,-0.05727457627798334,0.2446149536791331
connectivity,0.001,p=0.001,1,D:\git\sim\outputs\sweep_n_fc_connectivity_n2000_mc20_20260831\connectivity\point_01,KF-DPC,41,2.0500000000000003,-0.05556348652341203,0.23992301616007544
connectivity,0.001,p=0.001,1,D:\git\sim\outputs\sweep_n_fc_connectivity_n2000_mc20_20260831\connectivity\point_01,KF-DPC,42,2.1,-0.053947169000425794,0.23558986953277797
connectivity,0.001,p=0.001,1,D:\git\sim\outputs\sweep_n_fc_connectivity_n2000_mc20_20260831\connectivity\point_01,KF-DPC,43,2.15,-0.05244779744925803,0.2311938039204274
connectivity,0.001,p=0.001,1,D:\git\sim\outputs\sweep_n_fc_connectivity_n2000_mc20_20260831\connectivity\point_01,KF-DPC,44,2.2,-0.05092700466026098,0.22701097410977927
connectivity,0.001,p=0.001,1,D:\git\sim\outputs\sweep_n_fc_connectivity_n2000_mc20_20260831\connectivity\point_01,KF-DPC,45,2.25,-0.0496007171652653,0.22301792705437523
connectivity,0.001,p=0.001,1,D:\git\sim\outputs\sweep_n_fc_connectivity_n2000_mc20_20260831\connectivity\point_01,KF-DPC,46,2.3000000000000003,-0.04830184776681027,0.21919890844386547
connectivity,0.001,p=0.001,1,D:\git\sim\outputs\sweep_n_fc_connectivity_n2000_mc20_20260831\connectivity\point_01,KF-DPC,47,2.35,-0.04700200303197079,0.21530603641922225
connectivity,0.001,p=0.001,1,D:\git\sim\outputs\sweep_n_fc_connectivity_n2000_mc20_20260831\connectivity\point_01,KF-DPC,48,2.4000000000000004,-0.04592591831208401,0.21186391204418525
connectivity,0.001,p=0.001,1,D:\git\sim\outputs\sweep_n_fc_connectivity_n2000_mc20_20260831\connectivity\point_01,KF-DPC,49,2.45,-0.0448713472686523,0.2087261664807616
connectivity,0.001,p=0.001,1,D:\git\sim\outputs\sweep_n_fc_connectivity_n2000_mc20_20260831\connectivity\point_01,KF-DPC,50,2.5,-0.04379510630088093,0.20545058508563882
connectivity,0.001,p=0.001,1,D:\git\sim\outputs\sweep_n_fc_connectivity_n2000_mc20_20260831\connectivity\point_01,KF-DPC,51,2.5500000000000003,-0.04289643117204127,0.2023850910962989
connectivity,0.001,p=0.001,1,D:\git\sim\outputs\sweep_n_fc_connectivity_n2000_mc20_20260831\connectivity\point_01,KF-DPC,52,2.6,-0.04197841467245971,0.19955761698133562
connectivity,0.001,p=0.001,1,D:\git\sim\outputs\sweep_n_fc_connectivity_n2000_mc20_20260831\connectivity\point_01,KF-DPC,53,2.6500000000000004,-0.041158863492920396,0.1967084365721113
connectivity,0.001,p=0.001,1,D:\git\sim\outputs\sweep_n_fc_connectivity_n2000_mc20_20260831\connectivity\point_01,KF-DPC,54,2.7,-0.040349182857574606,0.19393404512419793
connectivity,0.001,p=0.001,1,D:\git\sim\outputs\sweep_n_fc_connectivity_n2000_mc20_20260831\connectivity\point_01,KF-DPC,55,2.75,-0.03965171943733252,0.1917746847307233
connectivity,0.001,p=0.001,1,D:\git\sim\outputs\sweep_n_fc_connectivity_n2000_mc20_20260831\connectivity\point_01,KF-DPC,56,2.8000000000000003,-0.03881057022878207,0.18866662091291772
connectivity,0.001,p=0.001,1,D:\git\sim\outputs\sweep_n_fc_connectivity_n2000_mc20_20260831\connectivity\point_01,KF-DPC,57,2.85,-0.03825500290292998,0.18656962841422617
connectivity,0.001,p=0.001,1,D:\git\sim\outputs\sweep_n_fc_connectivity_n2000_mc20_20260831\connectivity\point_01,KF-DPC,58,2.9000000000000004,-0.03755194429432342,0.18412777002371922
connectivity,0.001,p=0.001,1,D:\git\sim\outputs\sweep_n_fc_connectivity_n2000_mc20_20260831\connectivity\point_01,KF-DPC,59,2.95,-0.03690320878661093,0.18198625458061868
connectivity,0.001,p=0.001,1,D:\git\sim\outputs\sweep_n_fc_connectivity_n2000_mc20_20260831\connectivity\point_01,KF-DPC,60,3.0,-0.0362841410888015,0.17973206964694952
connectivity,0.001,p=0.001,1,D:\git\sim\outputs\sweep_n_fc_connectivity_n2000_mc20_20260831\connectivity\point_01,KF-DPC,61,3.0500000000000003,-0.03566857549094722,0.17760362750277553
connectivity,0.001,p=0.001,1,D:\git\sim\outputs\sweep_n_fc_connectivity_n2000_mc20_20260831\connectivity\point_01,KF-DPC,62,3.1,-0.03511210529309611,0.17532429054217505
connectivity,0.001,p=0.001,1,D:\git\sim\outputs\sweep_n_fc_connectivity_n2000_mc20_20260831\connectivity\point_01,KF-DPC,63,3.1500000000000004,-0.03459073648468957,0.17334354059299042
connectivity,0.001,p=0.001,1,D:\git\sim\outputs\sweep_n_fc_connectivity_n2000_mc20_20260831\connectivity\point_01,KF-DPC,64,3.2,-0.034103458047618405,0.17150444360063688
connectivity,0.001,p=0.001,1,D:\git\sim\outputs\sweep_n_fc_connectivity_n2000_mc20_20260831\connectivity\point_01,KF-DPC,65,3.25,-0.03370252187023201,0.16978774945562727
connectivity,0.001,p=0.001,1,D:\git\sim\outputs\sweep_n_fc_connectivity_n2000_mc20_20260831\connectivity\point_01,KF-DPC,66,3.3000000000000003,-0.03313132319417309,0.16765653499748673
connectivity,0.001,p=0.001,1,D:\git\sim\outputs\sweep_n_fc_connectivity_n2000_mc20_20260831\connectivity\point_01,KF-DPC,67,3.35,-0.03269001551397969,0.16599511711777953
connectivity,0.001,p=0.001,1,D:\git\sim\outputs\sweep_n_fc_connectivity_n2000_mc20_20260831\connectivity\point_01,KF-DPC,68,3.4000000000000004,-0.03224085260542951,0.1639661717272301
connectivity,0.001,p=0.001,1,D:\git\sim\outputs\sweep_n_fc_connectivity_n2000_mc20_20260831\connectivity\point_01,KF-DPC,69,3.45,-0.03190112254999834,0.16248092520402396
connectivity,0.001,p=0.001,1,D:\git\sim\outputs\sweep_n_fc_connectivity_n2000_mc20_20260831\connectivity\point_01,KF-DPC,70,3.5,-0.03136812733307008,0.160466937019832
connectivity,0.001,p=0.001,1,D:\git\sim\outputs\sweep_n_fc_connectivity_n2000_mc20_20260831\connectivity\point_01,KF-DPC,71,3.5500000000000003,-0.031043400623160657,0.1590655446930339
connectivity,0.001,p=0.001,1,D:\git\sim\outputs\sweep_n_fc_connectivity_n2000_mc20_20260831\connectivity\point_01,KF-DPC,72,3.6,-0.03076897948505762,0.15764172888842412
connectivity,0.001,p=0.001,1,D:\git\sim\outputs\sweep_n_fc_connectivity_n2000_mc20_20260831\connectivity\point_01,KF-DPC,73,3.6500000000000004,-0.030353912562628864,0.15592315457881625
connectivity,0.001,p=0.001,1,D:\git\sim\outputs\sweep_n_fc_connectivity_n2000_mc20_20260831\connectivity\point_01,KF-DPC,74,3.7,-0.03002183446061152,0.1545820681979159
connectivity,0.001,p=0.001,1,D:\git\sim\outputs\sweep_n_fc_connectivity_n2000_mc20_20260831\connectivity\point_01,KF-DPC,75,3.75,-0.029747816551831736,0.15339417730302077
connectivity,0.001,p=0.001,1,D:\git\sim\outputs\sweep_n_fc_connectivity_n2000_mc20_20260831\connectivity\point_01,KF-DPC,76,3.8000000000000003,-0.029402540643680718,0.15193763851152348
connectivity,0.001,p=0.001,1,D:\git\sim\outputs\sweep_n_fc_connectivity_n2000_mc20_20260831\connectivity\point_01,KF-DPC,77,3.85,-0.029092440836369728,0.15044748816896808
connectivity,0.001,p=0.001,1,D:\git\sim\outputs\sweep_n_fc_connectivity_n2000_mc20_20260831\connectivity\point_01,KF-DPC,78,3.9000000000000004,-0.02877654019662644,0.14902876808383309
connectivity,0.001,p=0.001,1,D:\git\sim\outputs\sweep_n_fc_connectivity_n2000_mc20_20260831\connectivity\point_01,KF-DPC,79,3.95,-0.02845752164084995,0.14765239464928387
connectivity,0.001,p=0.001,1,D:\git\sim\outputs\sweep_n_fc_connectivity_n2000_mc20_20260831\connectivity\point_01,KF-DPC,80,4.0,-0.02816692940884311,0.14657314138747485
connectivity,0.001,p=0.001,1,D:\git\sim\outputs\sweep_n_fc_connectivity_n2000_mc20_20260831\connectivity\point_01,KF-DPC,81,4.05,-0.027822869466814438,0.1449185318247465
connectivity,0.001,p=0.001,1,D:\git\sim\outputs\sweep_n_fc_connectivity_n2000_mc20_20260831\connectivity\point_01,KF-DPC,82,4.1000000000000005,-0.027582447386766525,0.1438604723606382
connectivity,0.001,p=0.001,1,D:\git\sim\outputs\sweep_n_fc_connectivity_n2000_mc20_20260831\connectivity\point_01,KF-DPC,83,4.15,-0.02719141474422966,0.14241783089949892
connectivity,0.001,p=0.001,1,D:\git\sim\outputs\sweep_n_fc_connectivity_n2000_mc20_20260831\connectivity\point_01,KF-DPC,84,4.2,-0.027001195272130383,0.14134473511762227
connectivity,0.001,p=0.001,1,D:\git\sim\outputs\sweep_n_fc_connectivity_n2000_mc20_20260831\connectivity\point_01,KF-DPC,85,4.25,-0.02668946221418649,0.13977464278499857
connectivity,0.001,p=0.001,1,D:\git\sim\outputs\sweep_n_fc_connectivity_n2000_mc20_20260831\connectivity\point_01,KF-DPC,86,4.3,-0.02649681827129952,0.1388365708050423
connectivity,0.001,p=0.001,1,D:\git\sim\outputs\sweep_n_fc_connectivity_n2000_mc20_20260831\connectivity\point_01,KF-DPC,87,4.3500000000000005,-0.026274912139719882,0.13766026357333108
connectivity,0.001,p=0.001,1,D:\git\sim\outputs\sweep_n_fc_connectivity_n2000_mc20_20260831\connectivity\point_01,KF-DPC,88,4.4,-0.026001812256021516,0.1365078519898688
connectivity,0.001,p=0.001,1,D:\git\sim\outputs\sweep_n_fc_connectivity_n2000_mc20_20260831\connectivity\point_01,KF-DPC,89,4.45,-0.025662226783527423,0.13515099615546797
connectivity,0.001,p=0.001,1,D:\git\sim\outputs\sweep_n_fc_connectivity_n2000_mc20_20260831\connectivity\point_01,KF-DPC,90,4.5,-0.025567181344517118,0.13453856346720933
connectivity,0.001,p=0.001,1,D:\git\sim\outputs\sweep_n_fc_connectivity_n2000_mc20_20260831\connectivity\point_01,KF-DPC,91,4.55,-0.02535495144217597,0.13347334840991626
connectivity,0.001,p=0.001,1,D:\git\sim\outputs\sweep_n_fc_connectivity_n2000_mc20_20260831\connectivity\point_01,KF-DPC,92,4.6000000000000005,-0.025219747292281193,0.132618661833807
connectivity,0.001,p=0.001,1,D:\git\sim\outputs\sweep_n_fc_connectivity_n2000_mc20_20260831\connectivity\point_01,KF-DPC,93,4.65,-0.024952835244208462,0.13148309260839358
connectivity,0.001,p=0.001,1,D:\git\sim\outputs\sweep_n_fc_connectivity_n2000_mc20_20260831\connectivity\point_01,KF-DPC,94,4.7,-0.024696574684243286,0.13009035422754128
connectivity,0.001,p=0.001,1,D:\git\sim\outputs\sweep_n_fc_connectivity_n2000_mc20_20260831\connectivity\point_01,KF-DPC,95,4.75,-0.024544478287685207,0.12949351720959607
connectivity,0.001,p=0.001,1,D:\git\sim\outputs\sweep_n_fc_connectivity_n2000_mc20_20260831\connectivity\point_01,KF-DPC,96,4.800000000000001,-0.024323068772209668,0.12840292045342444
connectivity,0.001,p=0.001,1,D:\git\sim\outputs\sweep_n_fc_connectivity_n2000_mc20_20260831\connectivity\point_01,KF-DPC,97,4.8500000000000005,-0.024177904728166843,0.12749779589218813
connectivity,0.001,p=0.001,1,D:\git\sim\outputs\sweep_n_fc_connectivity_n2000_mc20_20260831\connectivity\point_01,KF-DPC,98,4.9,-0.02409098122334417,0.1269729211370738
connectivity,0.001,p=0.001,1,D:\git\sim\outputs\sweep_n_fc_connectivity_n2000_mc20_20260831\connectivity\point_01,KF-DPC,99,4.95,-0.023930982624163818,0.12609752106368885
connectivity,0.001,p=0.001,1,D:\git\sim\outputs\sweep_n_fc_connectivity_n2000_mc20_20260831\connectivity\point_01,KF-DPC,100,5.0,-0.023738067034907745,0.12519888575672072
connectivity,0.001,p=0.001,1,D:\git\sim\outputs\sweep_n_fc_connectivity_n2000_mc20_20260831\connectivity\point_01,KF-DPC,101,5.050000000000001,-0.023586940824612795,0.1242947495767879
connectivity,0.001,p=0.001,1,D:\git\sim\outputs\sweep_n_fc_connectivity_n2000_mc20_20260831\connectivity\point_01,KF-DPC,102,5.1000000000000005,-0.023494361310569395,0.12363998012674896
connectivity,0.001,p=0.001,1,D:\git\sim\outputs\sweep_n_fc_connectivity_n2000_mc20_20260831\connectivity\point_01,KF-DPC,103,5.15,-0.023303552784626133,0.12278195051333714
connectivity,0.001,p=0.001,1,D:\git\sim\outputs\sweep_n_fc_connectivity_n2000_mc20_20260831\connectivity\point_01,KF-DPC,104,5.2,-0.02308338017891976,0.12192541443454494
connectivity,0.001,p=0.001,1,D:\git\sim\outputs\sweep_n_fc_connectivity_n2000_mc20_20260831\connectivity\point_01,KF-DPC,105,5.25,-0.02305485167089217,0.12155191762548945
connectivity,0.001,p=0.001,1,D:\git\sim\outputs\sweep_n_fc_connectivity_n2000_mc20_20260831\connectivity\point_01,KF-DPC,106,5.300000000000001,-0.022824842065414762,0.12051602020968288
connectivity,0.001,p=0.001,1,D:\git\sim\outputs\sweep_n_fc_connectivity_n2000_mc20_20260831\connectivity\point_01,KF-DPC,107,5.3500000000000005,-0.022691472490656717,0.11977128032164237
connectivity,0.001,p=0.001,1,D:\git\sim\outputs\sweep_n_fc_connectivity_n2000_mc20_20260831\connectivity\point_01,KF-DPC,108,5.4,-0.022485575269904197,0.11884773864942763
connectivity,0.001,p=0.001,1,D:\git\sim\outputs\sweep_n_fc_connectivity_n2000_mc20_20260831\connectivity\point_01,KF-DPC,109,5.45,-0.022392757338470844,0.11806221039352809
connectivity,0.001,p=0.001,1,D:\git\sim\outputs\sweep_n_fc_connectivity_n2000_mc20_20260831\connectivity\point_01,KF-DPC,110,5.5,-0.022381307620974594,0.11776725158342752
connectivity,0.001,p=0.001,1,D:\git\sim\outputs\sweep_n_fc_connectivity_n2000_mc20_20260831\connectivity\point_01,KF-DPC,111,5.550000000000001,-0.022160765593752782,0.11683956916727403
connectivity,0.001,p=0.001,1,D:\git\sim\outputs\sweep_n_fc_connectivity_n2000_mc20_20260831\connectivity\point_01,KF-DPC,112,5.6000000000000005,-0.02199831814784848,0.1161254317600926
connectivity,0.001,p=0.001,1,D:\git\sim\outputs\sweep_n_fc_connectivity_n2000_mc20_20260831\connectivity\point_01,KF-DPC,113,5.65,-0.021912639944123215,0.11554164499414736
connectivity,0.001,p=0.001,1,D:\git\sim\outputs\sweep_n_fc_connectivity_n2000_mc20_20260831\connectivity\point_01,KF-DPC,114,5.7,-0.021745368212387997,0.11474099830061331
connectivity,0.001,p=0.001,1,D:\git\sim\outputs\sweep_n_fc_connectivity_n2000_mc20_20260831\connectivity\point_01,KF-DPC,115,5.75,-0.02167603908959911,0.11431777790146472
connectivity,0.001,p=0.001,1,D:\git\sim\outputs\sweep_n_fc_connectivity_n2000_mc20_20260831\connectivity\point_01,KF-DPC,116,5.800000000000001,-0.021654574779805712,0.11370051408091102
connectivity,0.001,p=0.001,1,D:\git\sim\outputs\sweep_n_fc_connectivity_n2000_mc20_20260831\connectivity\point_01,KF-DPC,117,5.8500000000000005,-0.021453891090101873,0.11296456597288292
connectivity,0.001,p=0.001,1,D:\git\sim\outputs\sweep_n_fc_connectivity_n2000_mc20_20260831\connectivity\point_01,KF-DPC,118,5.9,-0.021314614744846694,0.11235045299738844
connectivity,0.001,p=0.001,1,D:\git\sim\outputs\sweep_n_fc_connectivity_n2000_mc20_20260831\connectivity\point_01,KF-DPC,119,5.95,-0.021196317041019857,0.1112470135622375
connectivity,0.001,p=0.001,1,D:\git\sim\outputs\sweep_n_fc_connectivity_n2000_mc20_20260831\connectivity\point_01,KF-DPC,120,6.0,-0.021177452868686025,0.11093400530951733
connectivity,0.001,p=0.001,1,D:\git\sim\outputs\sweep_n_fc_connectivity_n2000_mc20_20260831\connectivity\point_01,KF-DPC,121,6.050000000000001,-0.021052096196640547,0.11060055758434342
connectivity,0.001,p=0.001,1,D:\git\sim\outputs\sweep_n_fc_connectivity_n2000_mc20_20260831\connectivity\point_01,KF-DPC,122,6.1000000000000005,-0.020910416881840546,0.10955365726637316
connectivity,0.001,p=0.001,1,D:\git\sim\outputs\sweep_n_fc_connectivity_n2000_mc20_20260831\connectivity\point_01,KF-DPC,123,6.15,-0.020821498372525397,0.10926806871484604
connectivity,0.001,p=0.001,1,D:\git\sim\outputs\sweep_n_fc_connectivity_n2000_mc20_20260831\connectivity\point_01,KF-DPC,124,6.2,-0.020701974585351206,0.10844277288311462
connectivity,0.001,p=0.001,1,D:\git\sim\outputs\sweep_n_fc_connectivity_n2000_mc20_20260831\connectivity\point_01,KF-DPC,125,6.25,-0.020576925329441016,0.10811715400730823
connectivity,0.001,p=0.001,1,D:\git\sim\outputs\sweep_n_fc_connectivity_n2000_mc20_20260831\connectivity\point_01,KF-DPC,126,6.300000000000001,-0.020507113789515932,0.10771689495561228
connectivity,0.001,p=0.001,1,D:\git\sim\outputs\sweep_n_fc_connectivity_n2000_mc20_20260831\connectivity\point_01,KF-DPC,127,6.3500000000000005,-0.020399838547772827,0.10706669026763174
connectivity,0.001,p=0.001,1,D:\git\sim\outputs\sweep_n_fc_connectivity_n2000_mc20_20260831\connectivity\point_01,KF-DPC,128,6.4,-0.020405434592849464,0.10682774710244754
connectivity,0.001,p=0.001,1,D:\git\sim\outputs\sweep_n_fc_connectivity_n2000_mc20_20260831\connectivity\point_01,KF-DPC,129,6.45,-0.020281840503470296,0.10595589775359412
connectivity,0.001,p=0.001,1,D:\git\sim\outputs\sweep_n_fc_connectivity_n2000_mc20_20260831\connectivity\point_01,KF-DPC,130,6.5,-0.020170250617381206,0.10563572128087625
connectivity,0.001,p=0.001,1,D:\git\sim\outputs\sweep_n_fc_connectivity_n2000_mc20_20260831\connectivity\point_01,KF-DPC,131,6.550000000000001,-0.020052630535201416,0.10477595934659152
connectivity,0.001,p=0.001,1,D:\git\sim\outputs\sweep_n_fc_connectivity_n2000_mc20_20260831\connectivity\point_01,KF-DPC,132,6.6000000000000005,-0.019987006964296117,0.10438930837820444
connectivity,0.001,p=0.001,1,D:\git\sim\outputs\sweep_n_fc_connectivity_n2000_mc20_20260831\connectivity\point_01,KF-DPC,133,6.65,-0.019890615189687242,0.10390787049292871
connectivity,0.001,p=0.001,1,D:\git\sim\outputs\sweep_n_fc_connectivity_n2000_mc20_20260831\connectivity\point_01,KF-DPC,134,6.7,-0.01988551537162357,0.10369811012597537
connectivity,0.001,p=0.001,1,D:\git\sim\outputs\sweep_n_fc_connectivity_n2000_mc20_20260831\connectivity\point_01,KF-DPC,135,6.75,-0.01982906296691863,0.10319414811368025
connectivity,0.001,p=0.001,1,D:\git\sim\outputs\sweep_n_fc_connectivity_n2000_mc20_20260831\connectivity\point_01,KF-DPC,136,6.800000000000001,-0.019644064568865756,0.1024234972009628
connectivity,0.001,p=0.001,1,D:\git\sim\outputs\sweep_n_fc_connectivity_n2000_mc20_20260831\connectivity\point_01,KF-DPC,137,6.8500000000000005,-0.01961096232351368,0.10224226733478728
connectivity,0.001,p=0.001,1,D:\git\sim\outputs\sweep_n_fc_connectivity_n2000_mc20_20260831\connectivity\point_01,KF-DPC,138,6.9,-0.019583489594918523,0.1018310232406657
connectivity,0.001,p=0.001,1,D:\git\sim\outputs\sweep_n_fc_connectivity_n2000_mc20_20260831\connectivity\point_01,KF-DPC,139,6.95,-0.019497272438163238,0.10139143376062325
connectivity,0.001,p=0.001,1,D:\git\sim\outputs\sweep_n_fc_connectivity_n2000_mc20_20260831\connectivity\point_01,KF-DPC,140,7.0,-0.019403176042307246,0.10080367756354394
connectivity,0.001,p=0.001,1,D:\git\sim\outputs\sweep_n_fc_connectivity_n2000_mc20_20260831\connectivity\point_01,KF-DPC,141,7.050000000000001,-0.019403735593270854,0.10058017210489227
connectivity,0.001,p=0.001,1,D:\git\sim\outputs\sweep_n_fc_connectivity_n2000_mc20_20260831\connectivity\point_01,KF-DPC,142,7.1000000000000005,-0.019217793820328177,0.09979971142260884
connectivity,0.001,p=0.001,1,D:\git\sim\outputs\sweep_n_fc_connectivity_n2000_mc20_20260831\connectivity\point_01,KF-DPC,143,7.15,-0.01918129466878659,0.09941084244539852
connectivity,0.001,p=0.001,1,D:\git\sim\outputs\sweep_n_fc_connectivity_n2000_mc20_20260831\connectivity\point_01,KF-DPC,144,7.2,-0.019136600343325854,0.09922841311858795
connectivity,0.001,p=0.001,1,D:\git\sim\outputs\sweep_n_fc_connectivity_n2000_mc20_20260831\connectivity\point_01,KF-DPC,145,7.25,-0.019074930087186755,0.09870959708232421
connectivity,0.001,p=0.001,1,D:\git\sim\outputs\sweep_n_fc_connectivity_n2000_mc20_20260831\connectivity\point_01,KF-DPC,146,7.300000000000001,-0.019035449081647445,0.09819447363416021
connectivity,0.001,p=0.001,1,D:\git\sim\outputs\sweep_n_fc_connectivity_n2000_mc20_20260831\connectivity\point_01,KF-DPC,147,7.3500000000000005,-0.018956421373217867,0.09797387332506449
connectivity,0.001,p=0.001,1,D:\git\sim\outputs\sweep_n_fc_connectivity_n2000_mc20_20260831\connectivity\point_01,KF-DPC,148,7.4,-0.01888701719604971,0.09747233253827833
connectivity,0.001,p=0.001,1,D:\git\sim\outputs\sweep_n_fc_connectivity_n2000_mc20_20260831\connectivity\point_01,KF-DPC,149,7.45,-0.018832890975229603,0.0971606734209475
connectivity,0.001,p=0.001,1,D:\git\sim\outputs\sweep_n_fc_connectivity_n2000_mc20_20260831\connectivity\point_01,KF-DPC,150,7.5,-0.01876769518528381,0.09673902691036174
connectivity,0.001,p=0.001,1,D:\git\sim\outputs\sweep_n_fc_connectivity_n2000_mc20_20260831\connectivity\point_01,KF-DPC,151,7.550000000000001,-0.01876823523894664,0.09645968767508963
connectivity,0.001,p=0.001,1,D:\git\sim\outputs\sweep_n_fc_connectivity_n2000_mc20_20260831\connectivity\point_01,KF-DPC,152,7.6000000000000005,-0.018635641791079814,0.09596063616555787
connectivity,0.001,p=0.001,1,D:\git\sim\outputs\sweep_n_fc_connectivity_n2000_mc20_20260831\connectivity\point_01,KF-DPC,153,7.65,-0.018645696549209303,0.09572303848757409
connectivity,0.001,p=0.001,1,D:\git\sim\outputs\sweep_n_fc_connectivity_n2000_mc20_20260831\connectivity\point_01,KF-DPC,154,7.7,-0.01863050715265722,0.09535696373225325
connectivity,0.001,p=0.001,1,D:\git\sim\outputs\sweep_n_fc_connectivity_n2000_mc20_20260831\connectivity\point_01,KF-DPC,155,7.75,-0.018470971173302247,0.09481477441157625
connectivity,0.001,p=0.001,1,D:\git\sim\outputs\sweep_n_fc_connectivity_n2000_mc20_20260831\connectivity\point_01,KF-DPC,156,7.800000000000001,-0.0185525750120621,0.09495867376562052
connectivity,0.001,p=0.001,1,D:\git\sim\outputs\sweep_n_fc_connectivity_n2000_mc20_20260831\connectivity\point_01,KF-DPC,157,7.8500000000000005,-0.01847045459279059,0.09441983978550973
connectivity,0.001,p=0.001,1,D:\git\sim\outputs\sweep_n_fc_connectivity_n2000_mc20_20260831\connectivity\point_01,KF-DPC,158,7.9,-0.018412441957764585,0.09422352194995307
connectivity,0.001,p=0.001,1,D:\git\sim\outputs\sweep_n_fc_connectivity_n2000_mc20_20260831\connectivity\point_01,KF-DPC,159,7.95,-0.01836317281956361,0.09399312204923746
connectivity,0.001,p=0.001,1,D:\git\sim\outputs\sweep_n_fc_connectivity_n2000_mc20_20260831\connectivity\point_01,KF-DPC,160,8.0,-0.018315666388765698,0.09359395754136085
connectivity,0.001,p=0.001,1,D:\git\sim\outputs\sweep_n_fc_connectivity_n2000_mc20_20260831\connectivity\point_01,KF-DPC,161,8.05,-0.01823680300548555,0.09308711112379078
connectivity,0.001,p=0.001,1,D:\git\sim\outputs\sweep_n_fc_connectivity_n2000_mc20_20260831\connectivity\point_01,KF-DPC,162,8.1,-0.01828687915545348,0.09297491989022921
connectivity,0.001,p=0.001,1,D:\git\sim\outputs\sweep_n_fc_connectivity_n2000_mc20_20260831\connectivity\point_01,KF-DPC,163,8.15,-0.018165388127100456,0.09245467128117507
connectivity,0.001,p=0.001,1,D:\git\sim\outputs\sweep_n_fc_connectivity_n2000_mc20_20260831\connectivity\point_01,KF-DPC,164,8.200000000000001,-0.0181719847528228,0.09215267730451995
connectivity,0.001,p=0.001,1,D:\git\sim\outputs\sweep_n_fc_connectivity_n2000_mc20_20260831\connectivity\point_01,KF-DPC,165,8.25,-0.018119890662929055,0.09200113745411453
connectivity,0.001,p=0.001,1,D:\git\sim\outputs\sweep_n_fc_connectivity_n2000_mc20_20260831\connectivity\point_01,KF-DPC,166,8.3,-0.018099024044798274,0.09199923060582219
connectivity,0.001,p=0.001,1,D:\git\sim\outputs\sweep_n_fc_connectivity_n2000_mc20_20260831\connectivity\point_01,KF-DPC,167,8.35,-0.018088864189792355,0.09169374119882254
connectivity,0.001,p=0.001,1,D:\git\sim\outputs\sweep_n_fc_connectivity_n2000_mc20_20260831\connectivity\point_01,KF-DPC,168,8.4,-0.01797116266434013,0.09108245798979246
connectivity,0.001,p=0.001,1,D:\git\sim\outputs\sweep_n_fc_connectivity_n2000_mc20_20260831\connectivity\point_01,KF-DPC,169,8.450000000000001,-0.017940183398428046,0.09085075387430823
connectivity,0.001,p=0.001,1,D:\git\sim\outputs\sweep_n_fc_connectivity_n2000_mc20_20260831\connectivity\point_01,KF-DPC,170,8.5,-0.017946782907233068,0.09072234216692439
connectivity,0.001,p=0.001,1,D:\git\sim\outputs\sweep_n_fc_connectivity_n2000_mc20_20260831\connectivity\point_01,KF-DPC,171,8.55,-0.017909203171926874,0.09044705092475709
connectivity,0.001,p=0.001,1,D:\git\sim\outputs\sweep_n_fc_connectivity_n2000_mc20_20260831\connectivity\point_01,KF-DPC,172,8.6,-0.017873662181843886,0.0902471919335146
connectivity,0.001,p=0.001,1,D:\git\sim\outputs\sweep_n_fc_connectivity_n2000_mc20_20260831\connectivity\point_01,KF-DPC,173,8.65,-0.017761186748074333,0.08974574295051944
connectivity,0.001,p=0.001,1,D:\git\sim\outputs\sweep_n_fc_connectivity_n2000_mc20_20260831\connectivity\point_01,KF-DPC,174,8.700000000000001,-0.01774915617219566,0.08938282304821688
connectivity,0.001,p=0.001,1,D:\git\sim\outputs\sweep_n_fc_connectivity_n2000_mc20_20260831\connectivity\point_01,KF-DPC,175,8.75,-0.01773168664648795,0.08917733523108687
connectivity,0.001,p=0.001,1,D:\git\sim\outputs\sweep_n_fc_connectivity_n2000_mc20_20260831\connectivity\point_01,KF-DPC,176,8.8,-0.017690029381474164,0.08908661983157098
connectivity,0.001,p=0.001,1,D:\git\sim\outputs\sweep_n_fc_connectivity_n2000_mc20_20260831\connectivity\point_01,KF-DPC,177,8.85,-0.017659932716429304,0.08869035574990988
connectivity,0.001,p=0.001,1,D:\git\sim\outputs\sweep_n_fc_connectivity_n2000_mc20_20260831\connectivity\point_01,KF-DPC,178,8.9,-0.017614292510388294,0.08862952941925697
connectivity,0.001,p=0.001,1,D:\git\sim\outputs\sweep_n_fc_connectivity_n2000_mc20_20260831\connectivity\point_01,KF-DPC,179,8.950000000000001,-0.017549595174014804,0.08820906387164748
connectivity,0.001,p=0.001,1,D:\git\sim\outputs\sweep_n_fc_connectivity_n2000_mc20_20260831\connectivity\point_01,KF-DPC,180,9.0,-0.017588380784454863,0.08812275718792718
connectivity,0.001,p=0.001,1,D:\git\sim\outputs\sweep_n_fc_connectivity_n2000_mc20_20260831\connectivity\point_01,KF-DPC,181,9.05,-0.01753084124355681,0.08782649601577405
connectivity,0.001,p=0.001,1,D:\git\sim\outputs\sweep_n_fc_connectivity_n2000_mc20_20260831\connectivity\point_01,KF-DPC,182,9.1,-0.01756512263597832,0.08743545075485257
connectivity,0.001,p=0.001,1,D:\git\sim\outputs\sweep_n_fc_connectivity_n2000_mc20_20260831\connectivity\point_01,KF-DPC,183,9.15,-0.017501650868395887,0.08739716823482392
connectivity,0.001,p=0.001,1,D:\git\sim\outputs\sweep_n_fc_connectivity_n2000_mc20_20260831\connectivity\point_01,KF-DPC,184,9.200000000000001,-0.017431886726160892,0.08697986299199645
connectivity,0.001,p=0.001,1,D:\git\sim\outputs\sweep_n_fc_connectivity_n2000_mc20_20260831\connectivity\point_01,KF-DPC,185,9.25,-0.017391181695199702,0.08691991899410126
connectivity,0.001,p=0.001,1,D:\git\sim\outputs\sweep_n_fc_connectivity_n2000_mc20_20260831\connectivity\point_01,KF-DPC,186,9.3,-0.017377132482656724,0.08658220028516914
connectivity,0.001,p=0.001,1,D:\git\sim\outputs\sweep_n_fc_connectivity_n2000_mc20_20260831\connectivity\point_01,KF-DPC,187,9.35,-0.01735015573242469,0.08637682022642279
connectivity,0.001,p=0.001,1,D:\git\sim\outputs\sweep_n_fc_connectivity_n2000_mc20_20260831\connectivity\point_01,KF-DPC,188,9.4,-0.017332834477135215,0.08646725876711171
connectivity,0.001,p=0.001,1,D:\git\sim\outputs\sweep_n_fc_connectivity_n2000_mc20_20260831\connectivity\point_01,KF-DPC,189,9.450000000000001,-0.017327350873952062,0.08625343605731285
connectivity,0.001,p=0.001,1,D:\git\sim\outputs\sweep_n_fc_connectivity_n2000_mc20_20260831\connectivity\point_01,KF-DPC,190,9.5,-0.01731045054969419,0.08618760702270585
connectivity,0.001,p=0.001,1,D:\git\sim\outputs\sweep_n_fc_connectivity_n2000_mc20_20260831\connectivity\point_01,KF-DPC,191,9.55,-0.017234325849773944,0.08578132516146092
connectivity,0.001,p=0.001,1,D:\git\sim\outputs\sweep_n_fc_connectivity_n2000_mc20_20260831\connectivity\point_01,KF-DPC,192,9.600000000000001,-0.017239673893947,0.08569670808185972
connectivity,0.001,p=0.001,1,D:\git\sim\outputs\sweep_n_fc_connectivity_n2000_mc20_20260831\connectivity\point_01,KF-DPC,193,9.65,-0.017172270056213534,0.08554523564604648
connectivity,0.001,p=0.001,1,D:\git\sim\outputs\sweep_n_fc_connectivity_n2000_mc20_20260831\connectivity\point_01,KF-DPC,194,9.700000000000001,-0.01714056366661374,0.08499164690743002
connectivity,0.001,p=0.001,1,D:\git\sim\outputs\sweep_n_fc_connectivity_n2000_mc20_20260831\connectivity\point_01,KF-DPC,195,9.75,-0.017129950107187243,0.08491048761665933
connectivity,0.001,p=0.001,1,D:\git\sim\outputs\sweep_n_fc_connectivity_n2000_mc20_20260831\connectivity\point_01,KF-DPC,196,9.8,-0.017125030618667922,0.08488488101053755
connectivity,0.001,p=0.001,1,D:\git\sim\outputs\sweep_n_fc_connectivity_n2000_mc20_20260831\connectivity\point_01,KF-DPC,197,9.850000000000001,-0.01704684991092697,0.08440738706777627
connectivity,0.001,p=0.001,1,D:\git\sim\outputs\sweep_n_fc_connectivity_n2000_mc20_20260831\connectivity\point_01,KF-DPC,198,9.9,-0.017086603037732365,0.08449855531149239
connectivity,0.001,p=0.001,1,D:\git\sim\outputs\sweep_n_fc_connectivity_n2000_mc20_20260831\connectivity\point_01,KF-DPC,199,9.950000000000001,-0.017057582508415964,0.08445272480189328
connectivity,0.001,p=0.001,1,D:\git\sim\outputs\sweep_n_fc_connectivity_n2000_mc20_20260831\connectivity\point_01,KF-DPC,200,10.0,-0.01705548394814528,0.0841494059541469
connectivity,0.001,p=0.001,1,D:\git\sim\outputs\sweep_n_fc_connectivity_n2000_mc20_20260831\connectivity\point_01,KF-DPC,201,10.05,-0.016959783565926582,0.0838191892452745
connectivity,0.001,p=0.001,1,D:\git\sim\outputs\sweep_n_fc_connectivity_n2000_mc20_20260831\connectivity\point_01,KF-DPC,202,10.100000000000001,-0.01698558587901554,0.08393133371029174
connectivity,0.001,p=0.001,1,D:\git\sim\outputs\sweep_n_fc_connectivity_n2000_mc20_20260831\connectivity\point_01,KF-DPC,203,10.15,-0.016984320554542034,0.08352884183310863
connectivity,0.001,p=0.001,1,D:\git\sim\outputs\sweep_n_fc_connectivity_n2000_mc20_20260831\connectivity\point_01,KF-DPC,204,10.200000000000001,-0.01702829117091694,0.08374228606870283
connectivity,0.001,p=0.001,1,D:\git\sim\outputs\sweep_n_fc_connectivity_n2000_mc20_20260831\connectivity\point_01,KF-DPC,205,10.25,-0.016962198055567434,0.08344762976036038
connectivity,0.001,p=0.001,1,D:\git\sim\outputs\sweep_n_fc_connectivity_n2000_mc20_20260831\connectivity\point_01,KF-DPC,206,10.3,-0.016892922694517556,0.08288596985142542
connectivity,0.001,p=0.001,1,D:\git\sim\outputs\sweep_n_fc_connectivity_n2000_mc20_20260831\connectivity\point_01,KF-DPC,207,10.350000000000001,-0.016904199719084766,0.08286694976070832
connectivity,0.001,p=0.001,1,D:\git\sim\outputs\sweep_n_fc_connectivity_n2000_mc20_20260831\connectivity\point_01,KF-DPC,208,10.4,-0.016892967172125732,0.08290378791274049
connectivity,0.001,p=0.001,1,D:\git\sim\outputs\sweep_n_fc_connectivity_n2000_mc20_20260831\connectivity\point_01,KF-DPC,209,10.450000000000001,-0.016882400016943487,0.08257822286401846
connectivity,0.001,p=0.001,1,D:\git\sim\outputs\sweep_n_fc_connectivity_n2000_mc20_20260831\connectivity\point_01,KF-DPC,210,10.5,-0.016844137530203567,0.08249617678257556
connectivity,0.001,p=0.001,1,D:\git\sim\outputs\sweep_n_fc_connectivity_n2000_mc20_20260831\connectivity\point_01,KF-DPC,211,10.55,-0.016842910508325388,0.08230994880720456
connectivity,0.001,p=0.001,1,D:\git\sim\outputs\sweep_n_fc_connectivity_n2000_mc20_20260831\connectivity\point_01,KF-DPC,212,10.600000000000001,-0.016831768580799465,0.08230876472372411
connectivity,0.001,p=0.001,1,D:\git\sim\outputs\sweep_n_fc_connectivity_n2000_mc20_20260831\connectivity\point_01,KF-DPC,213,10.65,-0.016831834696229394,0.08226525679028093
connectivity,0.001,p=0.001,1,D:\git\sim\outputs\sweep_n_fc_connectivity_n2000_mc20_20260831\connectivity\point_01,KF-DPC,214,10.700000000000001,-0.016778366089088295,0.08189538679001951
connectivity,0.001,p=0.001,1,D:\git\sim\outputs\sweep_n_fc_connectivity_n2000_mc20_20260831\connectivity\point_01,KF-DPC,215,10.75,-0.016749558650912228,0.08178647789564196
connectivity,0.001,p=0.001,1,D:\git\sim\outputs\sweep_n_fc_connectivity_n2000_mc20_20260831\connectivity\point_01,KF-DPC,216,10.8,-0.016728888156783722,0.08168294966081782
connectivity,0.001,p=0.001,1,D:\git\sim\outputs\sweep_n_fc_connectivity_n2000_mc20_20260831\connectivity\point_01,KF-DPC,217,10.850000000000001,-0.016708323783495443,0.0813974995391078
connectivity,0.001,p=0.001,1,D:\git\sim\outputs\sweep_n_fc_connectivity_n2000_mc20_20260831\connectivity\point_01,KF-DPC,218,10.9,-0.016667116276020126,0.08148297209030961
connectivity,0.001,p=0.001,1,D:\git\sim\outputs\sweep_n_fc_connectivity_n2000_mc20_20260831\connectivity\point_01,KF-DPC,219,10.950000000000001,-0.01668044234477903,0.08127118242964222
connectivity,0.001,p=0.001,1,D:\git\sim\outputs\sweep_n_fc_connectivity_n2000_mc20_20260831\connectivity\point_01,KF-DPC,220,11.0,-0.016677470106626957,0.08112776703760445
connectivity,0.001,p=0.001,1,D:\git\sim\outputs\sweep_n_fc_connectivity_n2000_mc20_20260831\connectivity\point_01,KF-DPC,221,11.05,-0.016741917549009982,0.08129021528011281
connectivity,0.001,p=0.001,1,D:\git\sim\outputs\sweep_n_fc_connectivity_n2000_mc20_20260831\connectivity\point_01,KF-DPC,222,11.100000000000001,-0.016710033506541745,0.08108130067783509
connectivity,0.001,p=0.001,1,D:\git\sim\outputs\sweep_n_fc_connectivity_n2000_mc20_20260831\connectivity\point_01,KF-DPC,223,11.15,-0.016672398581190625,0.08095114357175279
connectivity,0.001,p=0.001,1,D:\git\sim\outputs\sweep_n_fc_connectivity_n2000_mc20_20260831\connectivity\point_01,KF-DPC,224,11.200000000000001,-0.01665098308894864,0.08089489898640179
connectivity,0.001,p=0.001,1,D:\git\sim\outputs\sweep_n_fc_connectivity_n2000_mc20_20260831\connectivity\point_01,KF-DPC,225,11.25,-0.016598601853182716,0.08058108717965512
connectivity,0.001,p=0.001,1,D:\git\sim\outputs\sweep_n_fc_connectivity_n2000_mc20_20260831\connectivity\point_01,KF-DPC,226,11.3,-0.01660780246630171,0.0805368788947133
connectivity,0.001,p=0.001,1,D:\git\sim\outputs\sweep_n_fc_connectivity_n2000_mc20_20260831\connectivity\point_01,KF-DPC,227,11.350000000000001,-0.01658263355280476,0.08051698625948905
connectivity,0.001,p=0.001,1,D:\git\sim\outputs\sweep_n_fc_connectivity_n2000_mc20_20260831\connectivity\point_01,KF-DPC,228,11.4,-0.01656414432445621,0.08027894506895632
connectivity,0.001,p=0.001,1,D:\git\sim\outputs\sweep_n_fc_connectivity_n2000_mc20_20260831\connectivity\point_01,KF-DPC,229,11.450000000000001,-0.016607054007100087,0.08044131763343905
connectivity,0.001,p=0.001,1,D:\git\sim\outputs\sweep_n_fc_connectivity_n2000_mc20_20260831\connectivity\point_01,KF-DPC,230,11.5,-0.0165434073263526,0.08014218182731006
connectivity,0.001,p=0.001,1,D:\git\sim\outputs\sweep_n_fc_connectivity_n2000_mc20_20260831\connectivity\point_01,KF-DPC,231,11.55,-0.016630695574335184,0.08037332738527217
connectivity,0.001,p=0.001,1,D:\git\sim\outputs\sweep_n_fc_connectivity_n2000_mc20_20260831\connectivity\point_01,KF-DPC,232,11.600000000000001,-0.01652700835076381,0.08002051154592518
connectivity,0.001,p=0.001,1,D:\git\sim\outputs\sweep_n_fc_connectivity_n2000_mc20_20260831\connectivity\point_01,KF-DPC,233,11.65,-0.016540234248860607,0.0799493321531087
connectivity,0.001,p=0.001,1,D:\git\sim\outputs\sweep_n_fc_connectivity_n2000_mc20_20260831\connectivity\point_01,KF-DPC,234,11.700000000000001,-0.01650783433566855,0.07978673042184754
connectivity,0.001,p=0.001,1,D:\git\sim\outputs\sweep_n_fc_connectivity_n2000_mc20_20260831\connectivity\point_01,KF-DPC,235,11.75,-0.016513796289801118,0.07951029349516381
connectivity,0.001,p=0.001,1,D:\git\sim\outputs\sweep_n_fc_connectivity_n2000_mc20_20260831\connectivity\point_01,KF-DPC,236,11.8,-0.016518460103075158,0.07974606465494546
connectivity,0.001,p=0.001,1,D:\git\sim\outputs\sweep_n_fc_connectivity_n2000_mc20_20260831\connectivity\point_01,KF-DPC,237,11.850000000000001,-0.016484498880006852,0.07942363905231638
connectivity,0.001,p=0.001,1,D:\git\sim\outputs\sweep_n_fc_connectivity_n2000_mc20_20260831\connectivity\point_01,KF-DPC,238,11.9,-0.01648415051885244,0.07954530147031622
connectivity,0.001,p=0.001,1,D:\git\sim\outputs\sweep_n_fc_connectivity_n2000_mc20_20260831\connectivity\point_01,KF-DPC,239,11.950000000000001,-0.016452371756821505,0.07941029197386867
connectivity,0.002,p=0.002,2,D:\git\sim\outputs\sweep_n_fc_connectivity_n2000_mc20_20260831\connectivity\point_02,DPC,0,0.0,-1.91630609975433,1.6553960674825539
connectivity,0.002,p=0.002,2,D:\git\sim\outputs\sweep_n_fc_connectivity_n2000_mc20_20260831\connectivity\point_02,DPC,1,0.05,-1.9045024533684598,1.6491613961299165
connectivity,0.002,p=0.002,2,D:\git\sim\outputs\sweep_n_fc_connectivity_n2000_mc20_20260831\connectivity\point_02,DPC,2,0.1,-1.7597140595264702,1.5712794867797104
connectivity,0.002,p=0.002,2,D:\git\sim\outputs\sweep_n_fc_connectivity_n2000_mc20_20260831\connectivity\point_02,DPC,3,0.15000000000000002,-1.6243855408140484,1.4915731335530757
connectivity,0.002,p=0.002,2,D:\git\sim\outputs\sweep_n_fc_connectivity_n2000_mc20_20260831\connectivity\point_02,DPC,4,0.2,-1.5109465877820385,1.4303663320596933
connectivity,0.002,p=0.002,2,D:\git\sim\outputs\sweep_n_fc_connectivity_n2000_mc20_20260831\connectivity\point_02,DPC,5,0.25,-1.4101744693606144,1.3772726752632645
connectivity,0.002,p=0.002,2,D:\git\sim\outputs\sweep_n_fc_connectivity_n2000_mc20_20260831\connectivity\point_02,DPC,6,0.30000000000000004,-1.374240990424205,1.3547240968998193
connectivity,0.002,p=0.002,2,D:\git\sim\outputs\sweep_n_fc_connectivity_n2000_mc20_20260831\connectivity\point_02,DPC,7,0.35000000000000003,-1.2879328504149543,1.3081483459025107
connectivity,0.002,p=0.002,2,D:\git\sim\outputs\sweep_n_fc_connectivity_n2000_mc20_20260831\connectivity\point_02,DPC,8,0.4,-1.2438596128851143,1.2830734396089363
connectivity,0.002,p=0.002,2,D:\git\sim\outputs\sweep_n_fc_connectivity_n2000_mc20_20260831\connectivity\point_02,DPC,9,0.45,-1.2114481588092336,1.2601607131754848
connectivity,0.002,p=0.002,2,D:\git\sim\outputs\sweep_n_fc_connectivity_n2000_mc20_20260831\connectivity\point_02,DPC,10,0.5,-1.1830027969464842,1.2481966026498366
connectivity,0.002,p=0.002,2,D:\git\sim\outputs\sweep_n_fc_connectivity_n2000_mc20_20260831\connectivity\point_02,DPC,11,0.55,-1.1454159965481334,1.225858642901567
connectivity,0.002,p=0.002,2,D:\git\sim\outputs\sweep_n_fc_connectivity_n2000_mc20_20260831\connectivity\point_02,DPC,12,0.6000000000000001,-1.1242615589587426,1.2121552258229582
connectivity,0.002,p=0.002,2,D:\git\sim\outputs\sweep_n_fc_connectivity_n2000_mc20_20260831\connectivity\point_02,DPC,13,0.65,-1.088525493465259,1.1939874217797835
connectivity,0.002,p=0.002,2,D:\git\sim\outputs\sweep_n_fc_connectivity_n2000_mc20_20260831\connectivity\point_02,DPC,14,0.7000000000000001,-1.085865212239199,1.1936704664817135
connectivity,0.002,p=0.002,2,D:\git\sim\outputs\sweep_n_fc_connectivity_n2000_mc20_20260831\connectivity\point_02,DPC,15,0.75,-1.056740286013497,1.1751964611856605
connectivity,0.002,p=0.002,2,D:\git\sim\outputs\sweep_n_fc_connectivity_n2000_mc20_20260831\connectivity\point_02,DPC,16,0.8,-1.0595165597386837,1.1753976471922212
connectivity,0.002,p=0.002,2,D:\git\sim\outputs\sweep_n_fc_connectivity_n2000_mc20_20260831\connectivity\point_02,DPC,17,0.8500000000000001,-1.0285234835655186,1.158777191956508
connectivity,0.002,p=0.002,2,D:\git\sim\outputs\sweep_n_fc_connectivity_n2000_mc20_20260831\connectivity\point_02,DPC,18,0.9,-1.0206968830906757,1.1529514511162664
connectivity,0.002,p=0.002,2,D:\git\sim\outputs\sweep_n_fc_connectivity_n2000_mc20_20260831\connectivity\point_02,DPC,19,0.9500000000000001,-1.0153176781110658,1.150584761326594
connectivity,0.002,p=0.002,2,D:\git\sim\outputs\sweep_n_fc_connectivity_n2000_mc20_20260831\connectivity\point_02,DPC,20,1.0,-1.0030983067962989,1.1435424663035578
connectivity,0.002,p=0.002,2,D:\git\sim\outputs\sweep_n_fc_connectivity_n2000_mc20_20260831\connectivity\point_02,DPC,21,1.05,-0.9890652096545022,1.136000399195434
connectivity,0.002,p=0.002,2,D:\git\sim\outputs\sweep_n_fc_connectivity_n2000_mc20_20260831\connectivity\point_02,DPC,22,1.1,-0.98780558274616,1.1334505898140284
connectivity,0.002,p=0.002,2,D:\git\sim\outputs\sweep_n_fc_connectivity_n2000_mc20_20260831\connectivity\point_02,DPC,23,1.1500000000000001,-0.9815963588425648,1.13132626894726
connectivity,0.002,p=0.002,2,D:\git\sim\outputs\sweep_n_fc_connectivity_n2000_mc20_20260831\connectivity\point_02,DPC,24,1.2000000000000002,-0.963997960468017,1.1211446295331302
connectivity,0.002,p=0.002,2,D:\git\sim\outputs\sweep_n_fc_connectivity_n2000_mc20_20260831\connectivity\point_02,DPC,25,1.25,-0.9579440928339327,1.1176866355784552
connectivity,0.002,p=0.002,2,D:\git\sim\outputs\sweep_n_fc_connectivity_n2000_mc20_20260831\connectivity\point_02,DPC,26,1.3,-0.9519297605040415,1.1129521291578954
connectivity,0.002,p=0.002,2,D:\git\sim\outputs\sweep_n_fc_connectivity_n2000_mc20_20260831\connectivity\point_02,DPC,27,1.35,-0.9531924290901082,1.112504416667131
connectivity,0.002,p=0.002,2,D:\git\sim\outputs\sweep_n_fc_connectivity_n2000_mc20_20260831\connectivity\point_02,DPC,28,1.4000000000000001,-0.9366658709998781,1.1037340840910006
connectivity,0.002,p=0.002,2,D:\git\sim\outputs\sweep_n_fc_connectivity_n2000_mc20_20260831\connectivity\point_02,DPC,29,1.4500000000000002,-0.9325316392776397,1.1010327822818553
connectivity,0.002,p=0.002,2,D:\git\sim\outputs\sweep_n_fc_connectivity_n2000_mc20_20260831\connectivity\point_02,DPC,30,1.5,-0.9397943074414774,1.104311424863877
connectivity,0.002,p=0.002,2,D:\git\sim\outputs\sweep_n_fc_connectivity_n2000_mc20_20260831\connectivity\point_02,DPC,31,1.55,-0.9331853829892051,1.1003986649135102
connectivity,0.002,p=0.002,2,D:\git\sim\outputs\sweep_n_fc_connectivity_n2000_mc20_20260831\connectivity\point_02,DPC,32,1.6,-0.9268684752297206,1.097390929924958
connectivity,0.002,p=0.002,2,D:\git\sim\outputs\sweep_n_fc_connectivity_n2000_mc20_20260831\connectivity\point_02,DPC,33,1.6500000000000001,-0.9143271147788876,1.0895153565774316
connectivity,0.002,p=0.002,2,D:\git\sim\outputs\sweep_n_fc_connectivity_n2000_mc20_20260831\connectivity\point_02,DPC,34,1.7000000000000002,-0.9173479082713707,1.0919935939942513
connectivity,0.002,p=0.002,2,D:\git\sim\outputs\sweep_n_fc_connectivity_n2000_mc20_20260831\connectivity\point_02,DPC,35,1.75,-0.9038169501862896,1.083786259995955
connectivity,0.002,p=0.002,2,D:\git\sim\outputs\sweep_n_fc_connectivity_n2000_mc20_20260831\connectivity\point_02,DPC,36,1.8,-0.9069553747326037,1.084675428638461
connectivity,0.002,p=0.002,2,D:\git\sim\outputs\sweep_n_fc_connectivity_n2000_mc20_20260831\connectivity\point_02,DPC,37,1.85,-0.9078532431858224,1.086691327096034
connectivity,0.002,p=0.002,2,D:\git\sim\outputs\sweep_n_fc_connectivity_n2000_mc20_20260831\connectivity\point_02,DPC,38,1.9000000000000001,-0.90192440128321,1.0823536082774907
connectivity,0.002,p=0.002,2,D:\git\sim\outputs\sweep_n_fc_connectivity_n2000_mc20_20260831\connectivity\point_02,DPC,39,1.9500000000000002,-0.8861956705623791,1.0737307235885107
connectivity,0.002,p=0.002,2,D:\git\sim\outputs\sweep_n_fc_connectivity_n2000_mc20_20260831\connectivity\point_02,DPC,40,2.0,-0.8881872227666244,1.0727856820304589
connectivity,0.002,p=0.002,2,D:\git\sim\outputs\sweep_n_fc_connectivity_n2000_mc20_20260831\connectivity\point_02,DPC,41,2.0500000000000003,-0.8801535136938582,1.0686083398517883
connectivity,0.002,p=0.002,2,D:\git\sim\outputs\sweep_n_fc_connectivity_n2000_mc20_20260831\connectivity\point_02,DPC,42,2.1,-0.8994775994197033,1.080015793925229
connectivity,0.002,p=0.002,2,D:\git\sim\outputs\sweep_n_fc_connectivity_n2000_mc20_20260831\connectivity\point_02,DPC,43,2.15,-0.8872315943189699,1.0750389260299698
connectivity,0.002,p=0.002,2,D:\git\sim\outputs\sweep_n_fc_connectivity_n2000_mc20_20260831\connectivity\point_02,DPC,44,2.2,-0.886116115618551,1.072289221632111
connectivity,0.002,p=0.002,2,D:\git\sim\outputs\sweep_n_fc_connectivity_n2000_mc20_20260831\connectivity\point_02,DPC,45,2.25,-0.8765923026323897,1.0661077230873484
connectivity,0.002,p=0.002,2,D:\git\sim\outputs\sweep_n_fc_connectivity_n2000_mc20_20260831\connectivity\point_02,DPC,46,2.3000000000000003,-0.8700094268150247,1.0627070433021397
connectivity,0.002,p=0.002,2,D:\git\sim\outputs\sweep_n_fc_connectivity_n2000_mc20_20260831\connectivity\point_02,DPC,47,2.35,-0.8767619476891985,1.0667706247948148
connectivity,0.002,p=0.002,2,D:\git\sim\outputs\sweep_n_fc_connectivity_n2000_mc20_20260831\connectivity\point_02,DPC,48,2.4000000000000004,-0.8809956605288206,1.069780138001344
connectivity,0.002,p=0.002,2,D:\git\sim\outputs\sweep_n_fc_connectivity_n2000_mc20_20260831\connectivity\point_02,DPC,49,2.45,-0.8676740591489174,1.0601258682960102
connectivity,0.002,p=0.002,2,D:\git\sim\outputs\sweep_n_fc_connectivity_n2000_mc20_20260831\connectivity\point_02,DPC,50,2.5,-0.8749279200726868,1.0644861129890326
connectivity,0.002,p=0.002,2,D:\git\sim\outputs\sweep_n_fc_connectivity_n2000_mc20_20260831\connectivity\point_02,DPC,51,2.5500000000000003,-0.8670464357087486,1.060835824113934
connectivity,0.002,p=0.002,2,D:\git\sim\outputs\sweep_n_fc_connectivity_n2000_mc20_20260831\connectivity\point_02,DPC,52,2.6,-0.8744170674026136,1.0655354289808643
connectivity,0.002,p=0.002,2,D:\git\sim\outputs\sweep_n_fc_connectivity_n2000_mc20_20260831\connectivity\point_02,DPC,53,2.6500000000000004,-0.8639972606435988,1.0583451613569346
connectivity,0.002,p=0.002,2,D:\git\sim\outputs\sweep_n_fc_connectivity_n2000_mc20_20260831\connectivity\point_02,DPC,54,2.7,-0.8659988907508848,1.0596833023440573
connectivity,0.002,p=0.002,2,D:\git\sim\outputs\sweep_n_fc_connectivity_n2000_mc20_20260831\connectivity\point_02,DPC,55,2.75,-0.8532524201658782,1.051821773925965
connectivity,0.002,p=0.002,2,D:\git\sim\outputs\sweep_n_fc_connectivity_n2000_mc20_20260831\connectivity\point_02,DPC,56,2.8000000000000003,-0.8682944925677547,1.060269722623487
connectivity,0.002,p=0.002,2,D:\git\sim\outputs\sweep_n_fc_connectivity_n2000_mc20_20260831\connectivity\point_02,DPC,57,2.85,-0.8593569595012636,1.0546991065829918
connectivity,0.002,p=0.002,2,D:\git\sim\outputs\sweep_n_fc_connectivity_n2000_mc20_20260831\connectivity\point_02,DPC,58,2.9000000000000004,-0.8612975277553363,1.0573545299270013
connectivity,0.002,p=0.002,2,D:\git\sim\outputs\sweep_n_fc_connectivity_n2000_mc20_20260831\connectivity\point_02,DPC,59,2.95,-0.8584499516264048,1.055073823545928
connectivity,0.002,p=0.002,2,D:\git\sim\outputs\sweep_n_fc_connectivity_n2000_mc20_20260831\connectivity\point_02,DPC,60,3.0,-0.8505496908493095,1.0507359239866265
connectivity,0.002,p=0.002,2,D:\git\sim\outputs\sweep_n_fc_connectivity_n2000_mc20_20260831\connectivity\point_02,DPC,61,3.0500000000000003,-0.8608569114503896,1.0562088197406803
connectivity,0.002,p=0.002,2,D:\git\sim\outputs\sweep_n_fc_connectivity_n2000_mc20_20260831\connectivity\point_02,DPC,62,3.1,-0.8556609336888801,1.0534375757506889
connectivity,0.002,p=0.002,2,D:\git\sim\outputs\sweep_n_fc_connectivity_n2000_mc20_20260831\connectivity\point_02,DPC,63,3.1500000000000004,-0.8433578677242528,1.0455224144180548
connectivity,0.002,p=0.002,2,D:\git\sim\outputs\sweep_n_fc_connectivity_n2000_mc20_20260831\connectivity\point_02,DPC,64,3.2,-0.8571944810571431,1.0536972479992603
connectivity,0.002,p=0.002,2,D:\git\sim\outputs\sweep_n_fc_connectivity_n2000_mc20_20260831\connectivity\point_02,DPC,65,3.25,-0.8517622976531538,1.0495944465808518
connectivity,0.002,p=0.002,2,D:\git\sim\outputs\sweep_n_fc_connectivity_n2000_mc20_20260831\connectivity\point_02,DPC,66,3.3000000000000003,-0.8452617139802099,1.046526096071681
connectivity,0.002,p=0.002,2,D:\git\sim\outputs\sweep_n_fc_connectivity_n2000_mc20_20260831\connectivity\point_02,DPC,67,3.35,-0.8479404891173257,1.048431269542021
connectivity,0.002,p=0.002,2,D:\git\sim\outputs\sweep_n_fc_connectivity_n2000_mc20_20260831\connectivity\point_02,DPC,68,3.4000000000000004,-0.8452458776748464,1.0446031590879508
connectivity,0.002,p=0.002,2,D:\git\sim\outputs\sweep_n_fc_connectivity_n2000_mc20_20260831\connectivity\point_02,DPC,69,3.45,-0.8469468097092572,1.047328227145959
connectivity,0.002,p=0.002,2,D:\git\sim\outputs\sweep_n_fc_connectivity_n2000_mc20_20260831\connectivity\point_02,DPC,70,3.5,-0.8487219422610199,1.0489421241412222
connectivity,0.002,p=0.002,2,D:\git\sim\outputs\sweep_n_fc_connectivity_n2000_mc20_20260831\connectivity\point_02,DPC,71,3.5500000000000003,-0.8472397184949092,1.047760004655786
connectivity,0.002,p=0.002,2,D:\git\sim\outputs\sweep_n_fc_connectivity_n2000_mc20_20260831\connectivity\point_02,DPC,72,3.6,-0.8422146068845069,1.0442902646244614
connectivity,0.002,p=0.002,2,D:\git\sim\outputs\sweep_n_fc_connectivity_n2000_mc20_20260831\connectivity\point_02,DPC,73,3.6500000000000004,-0.8387357214309821,1.0428105696122227
connectivity,0.002,p=0.002,2,D:\git\sim\outputs\sweep_n_fc_connectivity_n2000_mc20_20260831\connectivity\point_02,DPC,74,3.7,-0.8441734289810143,1.0454400973501934
connectivity,0.002,p=0.002,2,D:\git\sim\outputs\sweep_n_fc_connectivity_n2000_mc20_20260831\connectivity\point_02,DPC,75,3.75,-0.8553354582536958,1.0527014659574319
connectivity,0.002,p=0.002,2,D:\git\sim\outputs\sweep_n_fc_connectivity_n2000_mc20_20260831\connectivity\point_02,DPC,76,3.8000000000000003,-0.8311643079744702,1.0383563563058025
connectivity,0.002,p=0.002,2,D:\git\sim\outputs\sweep_n_fc_connectivity_n2000_mc20_20260831\connectivity\point_02,DPC,77,3.85,-0.8366527235157663,1.03959911837925
connectivity,0.002,p=0.002,2,D:\git\sim\outputs\sweep_n_fc_connectivity_n2000_mc20_20260831\connectivity\point_02,DPC,78,3.9000000000000004,-0.8359206825107837,1.0402381069026934
connectivity,0.002,p=0.002,2,D:\git\sim\outputs\sweep_n_fc_connectivity_n2000_mc20_20260831\connectivity\point_02,DPC,79,3.95,-0.8311131089727559,1.0382116447871004
connectivity,0.002,p=0.002,2,D:\git\sim\outputs\sweep_n_fc_connectivity_n2000_mc20_20260831\connectivity\point_02,DPC,80,4.0,-0.819461475528918,1.0319330987186919
connectivity,0.002,p=0.002,2,D:\git\sim\outputs\sweep_n_fc_connectivity_n2000_mc20_20260831\connectivity\point_02,DPC,81,4.05,-0.8352423271311266,1.0410505004967068
connectivity,0.002,p=0.002,2,D:\git\sim\outputs\sweep_n_fc_connectivity_n2000_mc20_20260831\connectivity\point_02,DPC,82,4.1000000000000005,-0.8375485479150413,1.0424927251797298
connectivity,0.002,p=0.002,2,D:\git\sim\outputs\sweep_n_fc_connectivity_n2000_mc20_20260831\connectivity\point_02,DPC,83,4.15,-0.8260821841449729,1.0351362079462436
connectivity,0.002,p=0.002,2,D:\git\sim\outputs\sweep_n_fc_connectivity_n2000_mc20_20260831\connectivity\point_02,DPC,84,4.2,-0.8414664877964774,1.0437616392136158
connectivity,0.002,p=0.002,2,D:\git\sim\outputs\sweep_n_fc_connectivity_n2000_mc20_20260831\connectivity\point_02,DPC,85,4.25,-0.832954537540669,1.0386768879516965
connectivity,0.002,p=0.002,2,D:\git\sim\outputs\sweep_n_fc_connectivity_n2000_mc20_20260831\connectivity\point_02,DPC,86,4.3,-0.8285961817006472,1.0351223681488557
connectivity,0.002,p=0.002,2,D:\git\sim\outputs\sweep_n_fc_connectivity_n2000_mc20_20260831\connectivity\point_02,DPC,87,4.3500000000000005,-0.8326164800288215,1.0382867588061837
connectivity,0.002,p=0.002,2,D:\git\sim\outputs\sweep_n_fc_connectivity_n2000_mc20_20260831\connectivity\point_02,DPC,88,4.4,-0.8213124086613709,1.0322104130092546
connectivity,0.002,p=0.002,2,D:\git\sim\outputs\sweep_n_fc_connectivity_n2000_mc20_20260831\connectivity\point_02,DPC,89,4.45,-0.8285197658895698,1.0369052905894143
connectivity,0.002,p=0.002,2,D:\git\sim\outputs\sweep_n_fc_connectivity_n2000_mc20_20260831\connectivity\point_02,DPC,90,4.5,-0.8368437013374929,1.0413489320198885
connectivity,0.002,p=0.002,2,D:\git\sim\outputs\sweep_n_fc_connectivity_n2000_mc20_20260831\connectivity\point_02,DPC,91,4.55,-0.8331530729347114,1.0373116689201096
connectivity,0.002,p=0.002,2,D:\git\sim\outputs\sweep_n_fc_connectivity_n2000_mc20_20260831\connectivity\point_02,DPC,92,4.6000000000000005,-0.8230865313859774,1.0323905350360396
connectivity,0.002,p=0.002,2,D:\git\sim\outputs\sweep_n_fc_connectivity_n2000_mc20_20260831\connectivity\point_02,DPC,93,4.65,-0.8357030609649154,1.040424304905323
connectivity,0.002,p=0.002,2,D:\git\sim\outputs\sweep_n_fc_connectivity_n2000_mc20_20260831\connectivity\point_02,DPC,94,4.7,-0.8307864085045598,1.0377675264753077
connectivity,0.002,p=0.002,2,D:\git\sim\outputs\sweep_n_fc_connectivity_n2000_mc20_20260831\connectivity\point_02,DPC,95,4.75,-0.8219693903853337,1.031730613280206
connectivity,0.002,p=0.002,2,D:\git\sim\outputs\sweep_n_fc_connectivity_n2000_mc20_20260831\connectivity\point_02,DPC,96,4.800000000000001,-0.8270087627018359,1.0348361235394705
connectivity,0.002,p=0.002,2,D:\git\sim\outputs\sweep_n_fc_connectivity_n2000_mc20_20260831\connectivity\point_02,DPC,97,4.8500000000000005,-0.8269745182633848,1.034581386377312
connectivity,0.002,p=0.002,2,D:\git\sim\outputs\sweep_n_fc_connectivity_n2000_mc20_20260831\connectivity\point_02,DPC,98,4.9,-0.8177236814409796,1.0278953469091823
connectivity,0.002,p=0.002,2,D:\git\sim\outputs\sweep_n_fc_connectivity_n2000_mc20_20260831\connectivity\point_02,DPC,99,4.95,-0.8299562973527895,1.0354597039467521
connectivity,0.002,p=0.002,2,D:\git\sim\outputs\sweep_n_fc_connectivity_n2000_mc20_20260831\connectivity\point_02,DPC,100,5.0,-0.8151642974937281,1.0269669851619854
connectivity,0.002,p=0.002,2,D:\git\sim\outputs\sweep_n_fc_connectivity_n2000_mc20_20260831\connectivity\point_02,DPC,101,5.050000000000001,-0.8176570739321843,1.0275889027122092
connectivity,0.002,p=0.002,2,D:\git\sim\outputs\sweep_n_fc_connectivity_n2000_mc20_20260831\connectivity\point_02,DPC,102,5.1000000000000005,-0.8281986029108079,1.0357723763913476
connectivity,0.002,p=0.002,2,D:\git\sim\outputs\sweep_n_fc_connectivity_n2000_mc20_20260831\connectivity\point_02,DPC,103,5.15,-0.8278218052686125,1.0361692810209697
connectivity,0.002,p=0.002,2,D:\git\sim\outputs\sweep_n_fc_connectivity_n2000_mc20_20260831\connectivity\point_02,DPC,104,5.2,-0.8223092494233154,1.0321652337766176
connectivity,0.002,p=0.002,2,D:\git\sim\outputs\sweep_n_fc_connectivity_n2000_mc20_20260831\connectivity\point_02,DPC,105,5.25,-0.8159457987486833,1.0291255153892953
connectivity,0.002,p=0.002,2,D:\git\sim\outputs\sweep_n_fc_connectivity_n2000_mc20_20260831\connectivity\point_02,DPC,106,5.300000000000001,-0.8118725307062644,1.0258685214984173
connectivity,0.002,p=0.002,2,D:\git\sim\outputs\sweep_n_fc_connectivity_n2000_mc20_20260831\connectivity\point_02,DPC,107,5.3500000000000005,-0.82622828937824,1.0333558291352876
connectivity,0.002,p=0.002,2,D:\git\sim\outputs\sweep_n_fc_connectivity_n2000_mc20_20260831\connectivity\point_02,DPC,108,5.4,-0.8183744543732164,1.0292145172374405
connectivity,0.002,p=0.002,2,D:\git\sim\outputs\sweep_n_fc_connectivity_n2000_mc20_20260831\connectivity\point_02,DPC,109,5.45,-0.8249689058455528,1.033511151528117
connectivity,0.002,p=0.002,2,D:\git\sim\outputs\sweep_n_fc_connectivity_n2000_mc20_20260831\connectivity\point_02,DPC,110,5.5,-0.8215678998732021,1.030932407559149
connectivity,0.002,p=0.002,2,D:\git\sim\outputs\sweep_n_fc_connectivity_n2000_mc20_20260831\connectivity\point_02,DPC,111,5.550000000000001,-0.8061880072586989,1.0212329290509086
connectivity,0.002,p=0.002,2,D:\git\sim\outputs\sweep_n_fc_connectivity_n2000_mc20_20260831\connectivity\point_02,DPC,112,5.6000000000000005,-0.8184214186525419,1.029227468201353
connectivity,0.002,p=0.002,2,D:\git\sim\outputs\sweep_n_fc_connectivity_n2000_mc20_20260831\connectivity\point_02,DPC,113,5.65,-0.8208279408473239,1.030132099874621
connectivity,0.002,p=0.002,2,D:\git\sim\outputs\sweep_n_fc_connectivity_n2000_mc20_20260831\connectivity\point_02,DPC,114,5.7,-0.8127920634904797,1.0263351507057883
connectivity,0.002,p=0.002,2,D:\git\sim\outputs\sweep_n_fc_connectivity_n2000_mc20_20260831\connectivity\point_02,DPC,115,5.75,-0.8092434354644464,1.0234374430951114
connectivity,0.002,p=0.002,2,D:\git\sim\outputs\sweep_n_fc_connectivity_n2000_mc20_20260831\connectivity\point_02,DPC,116,5.800000000000001,-0.8207135240399239,1.0292117861842562
connectivity,0.002,p=0.002,2,D:\git\sim\outputs\sweep_n_fc_connectivity_n2000_mc20_20260831\connectivity\point_02,DPC,117,5.8500000000000005,-0.8084330438090427,1.0230847386252768
connectivity,0.002,p=0.002,2,D:\git\sim\outputs\sweep_n_fc_connectivity_n2000_mc20_20260831\connectivity\point_02,DPC,118,5.9,-0.8133182229477166,1.0265425900294574
connectivity,0.002,p=0.002,2,D:\git\sim\outputs\sweep_n_fc_connectivity_n2000_mc20_20260831\connectivity\point_02,DPC,119,5.95,-0.8134260020381802,1.026506283371822
connectivity,0.002,p=0.002,2,D:\git\sim\outputs\sweep_n_fc_connectivity_n2000_mc20_20260831\connectivity\point_02,DPC,120,6.0,-0.8003199086202383,1.016425647194488
connectivity,0.002,p=0.002,2,D:\git\sim\outputs\sweep_n_fc_connectivity_n2000_mc20_20260831\connectivity\point_02,DPC,121,6.050000000000001,-0.8157589048768249,1.0269087924622144
connectivity,0.002,p=0.002,2,D:\git\sim\outputs\sweep_n_fc_connectivity_n2000_mc20_20260831\connectivity\point_02,DPC,122,6.1000000000000005,-0.8217930838424894,1.0315697419846412
connectivity,0.002,p=0.002,2,D:\git\sim\outputs\sweep_n_fc_connectivity_n2000_mc20_20260831\connectivity\point_02,DPC,123,6.15,-0.8091988032822172,1.0241669092610803
connectivity,0.002,p=0.002,2,D:\git\sim\outputs\sweep_n_fc_connectivity_n2000_mc20_20260831\connectivity\point_02,DPC,124,6.2,-0.811900591463889,1.0250418899756069
connectivity,0.002,p=0.002,2,D:\git\sim\outputs\sweep_n_fc_connectivity_n2000_mc20_20260831\connectivity\point_02,DPC,125,6.25,-0.8091123649926175,1.024313006488338
connectivity,0.002,p=0.002,2,D:\git\sim\outputs\sweep_n_fc_connectivity_n2000_mc20_20260831\connectivity\point_02,DPC,126,6.300000000000001,-0.815091186857531,1.028091157750164
connectivity,0.002,p=0.002,2,D:\git\sim\outputs\sweep_n_fc_connectivity_n2000_mc20_20260831\connectivity\point_02,DPC,127,6.3500000000000005,-0.8088135717788261,1.0229841333873722
connectivity,0.002,p=0.002,2,D:\git\sim\outputs\sweep_n_fc_connectivity_n2000_mc20_20260831\connectivity\point_02,DPC,128,6.4,-0.8147169039355413,1.0276768303221855
connectivity,0.002,p=0.002,2,D:\git\sim\outputs\sweep_n_fc_connectivity_n2000_mc20_20260831\connectivity\point_02,DPC,129,6.45,-0.8136049375070602,1.0252388515654685
connectivity,0.002,p=0.002,2,D:\git\sim\outputs\sweep_n_fc_connectivity_n2000_mc20_20260831\connectivity\point_02,DPC,130,6.5,-0.8207042095500962,1.0317756862065572
connectivity,0.002,p=0.002,2,D:\git\sim\outputs\sweep_n_fc_connectivity_n2000_mc20_20260831\connectivity\point_02,DPC,131,6.550000000000001,-0.8144213205413333,1.027634044568853
connectivity,0.002,p=0.002,2,D:\git\sim\outputs\sweep_n_fc_connectivity_n2000_mc20_20260831\connectivity\point_02,DPC,132,6.6000000000000005,-0.8053460204400831,1.0215732709835716
connectivity,0.002,p=0.002,2,D:\git\sim\outputs\sweep_n_fc_connectivity_n2000_mc20_20260831\connectivity\point_02,DPC,133,6.65,-0.8137909513469717,1.026168023290214
connectivity,0.002,p=0.002,2,D:\git\sim\outputs\sweep_n_fc_connectivity_n2000_mc20_20260831\connectivity\point_02,DPC,134,6.7,-0.8123920040819744,1.0249483560642898
connectivity,0.002,p=0.002,2,D:\git\sim\outputs\sweep_n_fc_connectivity_n2000_mc20_20260831\connectivity\point_02,DPC,135,6.75,-0.8041364021159689,1.0198520149139776
connectivity,0.002,p=0.002,2,D:\git\sim\outputs\sweep_n_fc_connectivity_n2000_mc20_20260831\connectivity\point_02,DPC,136,6.800000000000001,-0.8002852321833083,1.0176574055509238
connectivity,0.002,p=0.002,2,D:\git\sim\outputs\sweep_n_fc_connectivity_n2000_mc20_20260831\connectivity\point_02,DPC,137,6.8500000000000005,-0.8022067645239216,1.0198758859818713
connectivity,0.002,p=0.002,2,D:\git\sim\outputs\sweep_n_fc_connectivity_n2000_mc20_20260831\connectivity\point_02,DPC,138,6.9,-0.813928272387845,1.0263888452118393
connectivity,0.002,p=0.002,2,D:\git\sim\outputs\sweep_n_fc_connectivity_n2000_mc20_20260831\connectivity\point_02,DPC,139,6.95,-0.817404454931156,1.028911932835073
connectivity,0.002,p=0.002,2,D:\git\sim\outputs\sweep_n_fc_connectivity_n2000_mc20_20260831\connectivity\point_02,DPC,140,7.0,-0.8093574484472134,1.0237276424733621
connectivity,0.002,p=0.002,2,D:\git\sim\outputs\sweep_n_fc_connectivity_n2000_mc20_20260831\connectivity\point_02,DPC,141,7.050000000000001,-0.8111659855414757,1.0245303298912285
connectivity,0.002,p=0.002,2,D:\git\sim\outputs\sweep_n_fc_connectivity_n2000_mc20_20260831\connectivity\point_02,DPC,142,7.1000000000000005,-0.8076740685826411,1.0224388963329887
connectivity,0.002,p=0.002,2,D:\git\sim\outputs\sweep_n_fc_connectivity_n2000_mc20_20260831\connectivity\point_02,DPC,143,7.15,-0.8024217089422236,1.0190991311848001
connectivity,0.002,p=0.002,2,D:\git\sim\outputs\sweep_n_fc_connectivity_n2000_mc20_20260831\connectivity\point_02,DPC,144,7.2,-0.8074428055043992,1.0228307227846685
connectivity,0.002,p=0.002,2,D:\git\sim\outputs\sweep_n_fc_connectivity_n2000_mc20_20260831\connectivity\point_02,DPC,145,7.25,-0.8135441486297312,1.0249608649304383
connectivity,0.002,p=0.002,2,D:\git\sim\outputs\sweep_n_fc_connectivity_n2000_mc20_20260831\connectivity\point_02,DPC,146,7.300000000000001,-0.8122948000255596,1.0258124351252704
connectivity,0.002,p=0.002,2,D:\git\sim\outputs\sweep_n_fc_connectivity_n2000_mc20_20260831\connectivity\point_02,DPC,147,7.3500000000000005,-0.8078339357155153,1.0221921414051445
connectivity,0.002,p=0.002,2,D:\git\sim\outputs\sweep_n_fc_connectivity_n2000_mc20_20260831\connectivity\point_02,DPC,148,7.4,-0.8180925448817791,1.028987907763186
connectivity,0.002,p=0.002,2,D:\git\sim\outputs\sweep_n_fc_connectivity_n2000_mc20_20260831\connectivity\point_02,DPC,149,7.45,-0.8040853924561209,1.0205711481561393
connectivity,0.002,p=0.002,2,D:\git\sim\outputs\sweep_n_fc_connectivity_n2000_mc20_20260831\connectivity\point_02,DPC,150,7.5,-0.808675146553593,1.0224094165892856
connectivity,0.002,p=0.002,2,D:\git\sim\outputs\sweep_n_fc_connectivity_n2000_mc20_20260831\connectivity\point_02,DPC,151,7.550000000000001,-0.8093759104041381,1.0232156917164787
connectivity,0.002,p=0.002,2,D:\git\sim\outputs\sweep_n_fc_connectivity_n2000_mc20_20260831\connectivity\point_02,DPC,152,7.6000000000000005,-0.8048525543994214,1.020727783794103
connectivity,0.002,p=0.002,2,D:\git\sim\outputs\sweep_n_fc_connectivity_n2000_mc20_20260831\connectivity\point_02,DPC,153,7.65,-0.8108798090707245,1.023161251429621
connectivity,0.002,p=0.002,2,D:\git\sim\outputs\sweep_n_fc_connectivity_n2000_mc20_20260831\connectivity\point_02,DPC,154,7.7,-0.8025431880632747,1.0196227294036162
connectivity,0.002,p=0.002,2,D:\git\sim\outputs\sweep_n_fc_connectivity_n2000_mc20_20260831\connectivity\point_02,DPC,155,7.75,-0.8076242017521584,1.0225771032982014
connectivity,0.002,p=0.002,2,D:\git\sim\outputs\sweep_n_fc_connectivity_n2000_mc20_20260831\connectivity\point_02,DPC,156,7.800000000000001,-0.8080106929373692,1.0231731977526124
connectivity,0.002,p=0.002,2,D:\git\sim\outputs\sweep_n_fc_connectivity_n2000_mc20_20260831\connectivity\point_02,DPC,157,7.8500000000000005,-0.8002058596613508,1.01672875030743
connectivity,0.002,p=0.002,2,D:\git\sim\outputs\sweep_n_fc_connectivity_n2000_mc20_20260831\connectivity\point_02,DPC,158,7.9,-0.8085283755020292,1.0223585162250202
connectivity,0.002,p=0.002,2,D:\git\sim\outputs\sweep_n_fc_connectivity_n2000_mc20_20260831\connectivity\point_02,DPC,159,7.95,-0.8033118570111609,1.019533173696551
connectivity,0.002,p=0.002,2,D:\git\sim\outputs\sweep_n_fc_connectivity_n2000_mc20_20260831\connectivity\point_02,DPC,160,8.0,-0.8069429056636452,1.021867608010289
connectivity,0.002,p=0.002,2,D:\git\sim\outputs\sweep_n_fc_connectivity_n2000_mc20_20260831\connectivity\point_02,DPC,161,8.05,-0.8086318727985342,1.0230135213344582
connectivity,0.002,p=0.002,2,D:\git\sim\outputs\sweep_n_fc_connectivity_n2000_mc20_20260831\connectivity\point_02,DPC,162,8.1,-0.8075142624499523,1.0232088255670848
connectivity,0.002,p=0.002,2,D:\git\sim\outputs\sweep_n_fc_connectivity_n2000_mc20_20260831\connectivity\point_02,DPC,163,8.15,-0.8022564866347013,1.0182608140212728
connectivity,0.002,p=0.002,2,D:\git\sim\outputs\sweep_n_fc_connectivity_n2000_mc20_20260831\connectivity\point_02,DPC,164,8.200000000000001,-0.7973821213877221,1.016274165366879
connectivity,0.002,p=0.002,2,D:\git\sim\outputs\sweep_n_fc_connectivity_n2000_mc20_20260831\connectivity\point_02,DPC,165,8.25,-0.8136878357379078,1.0264556857390534
connectivity,0.002,p=0.002,2,D:\git\sim\outputs\sweep_n_fc_connectivity_n2000_mc20_20260831\connectivity\point_02,DPC,166,8.3,-0.8042533469168103,1.0204048015659715
connectivity,0.002,p=0.002,2,D:\git\sim\outputs\sweep_n_fc_connectivity_n2000_mc20_20260831\connectivity\point_02,DPC,167,8.35,-0.8086726468317772,1.0219235887913833
connectivity,0.002,p=0.002,2,D:\git\sim\outputs\sweep_n_fc_connectivity_n2000_mc20_20260831\connectivity\point_02,DPC,168,8.4,-0.8088160697043492,1.0239989792271023
connectivity,0.002,p=0.002,2,D:\git\sim\outputs\sweep_n_fc_connectivity_n2000_mc20_20260831\connectivity\point_02,DPC,169,8.450000000000001,-0.8035854787538687,1.0191289749371184
connectivity,0.002,p=0.002,2,D:\git\sim\outputs\sweep_n_fc_connectivity_n2000_mc20_20260831\connectivity\point_02,DPC,170,8.5,-0.8060377438743747,1.022091880618043
connectivity,0.002,p=0.002,2,D:\git\sim\outputs\sweep_n_fc_connectivity_n2000_mc20_20260831\connectivity\point_02,DPC,171,8.55,-0.8112712763455825,1.024485981940693
connectivity,0.002,p=0.002,2,D:\git\sim\outputs\sweep_n_fc_connectivity_n2000_mc20_20260831\connectivity\point_02,DPC,172,8.6,-0.7969226077951712,1.014943140029827
connectivity,0.002,p=0.002,2,D:\git\sim\outputs\sweep_n_fc_connectivity_n2000_mc20_20260831\connectivity\point_02,DPC,173,8.65,-0.7954438476048377,1.0151703066635436
connectivity,0.002,p=0.002,2,D:\git\sim\outputs\sweep_n_fc_connectivity_n2000_mc20_20260831\connectivity\point_02,DPC,174,8.700000000000001,-0.8077083849077522,1.0228841287671568
connectivity,0.002,p=0.002,2,D:\git\sim\outputs\sweep_n_fc_connectivity_n2000_mc20_20260831\connectivity\point_02,DPC,175,8.75,-0.8115484571121891,1.0248370360687153
connectivity,0.002,p=0.002,2,D:\git\sim\outputs\sweep_n_fc_connectivity_n2000_mc20_20260831\connectivity\point_02,DPC,176,8.8,-0.8007460752151979,1.0185404640346498
connectivity,0.002,p=0.002,2,D:\git\sim\outputs\sweep_n_fc_connectivity_n2000_mc20_20260831\connectivity\point_02,DPC,177,8.85,-0.8079113390077861,1.022150402608324
connectivity,0.002,p=0.002,2,D:\git\sim\outputs\sweep_n_fc_connectivity_n2000_mc20_20260831\connectivity\point_02,DPC,178,8.9,-0.806908177372242,1.0229192820966566
connectivity,0.002,p=0.002,2,D:\git\sim\outputs\sweep_n_fc_connectivity_n2000_mc20_20260831\connectivity\point_02,DPC,179,8.950000000000001,-0.7897785391308763,1.0119322651699574
connectivity,0.002,p=0.002,2,D:\git\sim\outputs\sweep_n_fc_connectivity_n2000_mc20_20260831\connectivity\point_02,DPC,180,9.0,-0.7952056074432505,1.0136734780906225
connectivity,0.002,p=0.002,2,D:\git\sim\outputs\sweep_n_fc_connectivity_n2000_mc20_20260831\connectivity\point_02,DPC,181,9.05,-0.7955790056686829,1.014966456645318
connectivity,0.002,p=0.002,2,D:\git\sim\outputs\sweep_n_fc_connectivity_n2000_mc20_20260831\connectivity\point_02,DPC,182,9.1,-0.8065841739794805,1.0210263165042748
connectivity,0.002,p=0.002,2,D:\git\sim\outputs\sweep_n_fc_connectivity_n2000_mc20_20260831\connectivity\point_02,DPC,183,9.15,-0.8053105773923231,1.0204260107564207
connectivity,0.002,p=0.002,2,D:\git\sim\outputs\sweep_n_fc_connectivity_n2000_mc20_20260831\connectivity\point_02,DPC,184,9.200000000000001,-0.8080774078586207,1.0231712704961367
connectivity,0.002,p=0.002,2,D:\git\sim\outputs\sweep_n_fc_connectivity_n2000_mc20_20260831\connectivity\point_02,DPC,185,9.25,-0.7999265099009838,1.0185415877468444
connectivity,0.002,p=0.002,2,D:\git\sim\outputs\sweep_n_fc_connectivity_n2000_mc20_20260831\connectivity\point_02,DPC,186,9.3,-0.7942651538508483,1.0140380217272538
connectivity,0.002,p=0.002,2,D:\git\sim\outputs\sweep_n_fc_connectivity_n2000_mc20_20260831\connectivity\point_02,DPC,187,9.35,-0.8021994232615521,1.019885147190964
connectivity,0.002,p=0.002,2,D:\git\sim\outputs\sweep_n_fc_connectivity_n2000_mc20_20260831\connectivity\point_02,DPC,188,9.4,-0.8019458831704982,1.0184317452811755
connectivity,0.002,p=0.002,2,D:\git\sim\outputs\sweep_n_fc_connectivity_n2000_mc20_20260831\connectivity\point_02,DPC,189,9.450000000000001,-0.7977491017687159,1.0171656510941491
connectivity,0.002,p=0.002,2,D:\git\sim\outputs\sweep_n_fc_connectivity_n2000_mc20_20260831\connectivity\point_02,DPC,190,9.5,-0.8095438550978125,1.0238102942154712
connectivity,0.002,p=0.002,2,D:\git\sim\outputs\sweep_n_fc_connectivity_n2000_mc20_20260831\connectivity\point_02,DPC,191,9.55,-0.8044492600617763,1.021486263200458
connectivity,0.002,p=0.002,2,D:\git\sim\outputs\sweep_n_fc_connectivity_n2000_mc20_20260831\connectivity\point_02,DPC,192,9.600000000000001,-0.8043098380496129,1.0208108995116696
connectivity,0.002,p=0.002,2,D:\git\sim\outputs\sweep_n_fc_connectivity_n2000_mc20_20260831\connectivity\point_02,DPC,193,9.65,-0.8010013577426223,1.0187073627068983
connectivity,0.002,p=0.002,2,D:\git\sim\outputs\sweep_n_fc_connectivity_n2000_mc20_20260831\connectivity\point_02,DPC,194,9.700000000000001,-0.8010201959569302,1.017262055051363
connectivity,0.002,p=0.002,2,D:\git\sim\outputs\sweep_n_fc_connectivity_n2000_mc20_20260831\connectivity\point_02,DPC,195,9.75,-0.7953702635807982,1.0148154670803458
connectivity,0.002,p=0.002,2,D:\git\sim\outputs\sweep_n_fc_connectivity_n2000_mc20_20260831\connectivity\point_02,DPC,196,9.8,-0.8009417339322821,1.0176404215420056
connectivity,0.002,p=0.002,2,D:\git\sim\outputs\sweep_n_fc_connectivity_n2000_mc20_20260831\connectivity\point_02,DPC,197,9.850000000000001,-0.8053249742461401,1.0212757628130735
connectivity,0.002,p=0.002,2,D:\git\sim\outputs\sweep_n_fc_connectivity_n2000_mc20_20260831\connectivity\point_02,DPC,198,9.9,-0.7980552924046527,1.016662313800915
connectivity,0.002,p=0.002,2,D:\git\sim\outputs\sweep_n_fc_connectivity_n2000_mc20_20260831\connectivity\point_02,DPC,199,9.950000000000001,-0.8067622333901785,1.021751259819268
connectivity,0.002,p=0.002,2,D:\git\sim\outputs\sweep_n_fc_connectivity_n2000_mc20_20260831\connectivity\point_02,DPC,200,10.0,-0.8002388731085426,1.018235432988811
connectivity,0.002,p=0.002,2,D:\git\sim\outputs\sweep_n_fc_connectivity_n2000_mc20_20260831\connectivity\point_02,DPC,201,10.05,-0.7938394142667565,1.0133833306697806
connectivity,0.002,p=0.002,2,D:\git\sim\outputs\sweep_n_fc_connectivity_n2000_mc20_20260831\connectivity\point_02,DPC,202,10.100000000000001,-0.7989929462753077,1.0168230804428915
connectivity,0.002,p=0.002,2,D:\git\sim\outputs\sweep_n_fc_connectivity_n2000_mc20_20260831\connectivity\point_02,DPC,203,10.15,-0.7948530840249959,1.0147690271895387
connectivity,0.002,p=0.002,2,D:\git\sim\outputs\sweep_n_fc_connectivity_n2000_mc20_20260831\connectivity\point_02,DPC,204,10.200000000000001,-0.7956934274295325,1.0145556004346357
connectivity,0.002,p=0.002,2,D:\git\sim\outputs\sweep_n_fc_connectivity_n2000_mc20_20260831\connectivity\point_02,DPC,205,10.25,-0.8038492553772711,1.0195993822139728
connectivity,0.002,p=0.002,2,D:\git\sim\outputs\sweep_n_fc_connectivity_n2000_mc20_20260831\connectivity\point_02,DPC,206,10.3,-0.8024475570321852,1.0188804785249617
connectivity,0.002,p=0.002,2,D:\git\sim\outputs\sweep_n_fc_connectivity_n2000_mc20_20260831\connectivity\point_02,DPC,207,10.350000000000001,-0.799146513750329,1.0171159791301587
connectivity,0.002,p=0.002,2,D:\git\sim\outputs\sweep_n_fc_connectivity_n2000_mc20_20260831\connectivity\point_02,DPC,208,10.4,-0.793890493398195,1.0139530112030604
connectivity,0.002,p=0.002,2,D:\git\sim\outputs\sweep_n_fc_connectivity_n2000_mc20_20260831\connectivity\point_02,DPC,209,10.450000000000001,-0.798537950433904,1.016667555711727
connectivity,0.002,p=0.002,2,D:\git\sim\outputs\sweep_n_fc_connectivity_n2000_mc20_20260831\connectivity\point_02,DPC,210,10.5,-0.7936003606277652,1.012637044039248
connectivity,0.002,p=0.002,2,D:\git\sim\outputs\sweep_n_fc_connectivity_n2000_mc20_20260831\connectivity\point_02,DPC,211,10.55,-0.7998915153748241,1.0173582639258896
connectivity,0.002,p=0.002,2,D:\git\sim\outputs\sweep_n_fc_connectivity_n2000_mc20_20260831\connectivity\point_02,DPC,212,10.600000000000001,-0.7942750006605419,1.0140172771770442
connectivity,0.002,p=0.002,2,D:\git\sim\outputs\sweep_n_fc_connectivity_n2000_mc20_20260831\connectivity\point_02,DPC,213,10.65,-0.8011107518867516,1.0182029406179676
connectivity,0.002,p=0.002,2,D:\git\sim\outputs\sweep_n_fc_connectivity_n2000_mc20_20260831\connectivity\point_02,DPC,214,10.700000000000001,-0.7976105596107494,1.015513917102234
connectivity,0.002,p=0.002,2,D:\git\sim\outputs\sweep_n_fc_connectivity_n2000_mc20_20260831\connectivity\point_02,DPC,215,10.75,-0.7860230186369899,1.00871656390954
connectivity,0.002,p=0.002,2,D:\git\sim\outputs\sweep_n_fc_connectivity_n2000_mc20_20260831\connectivity\point_02,DPC,216,10.8,-0.8040719521344788,1.0202270274799512
connectivity,0.002,p=0.002,2,D:\git\sim\outputs\sweep_n_fc_connectivity_n2000_mc20_20260831\connectivity\point_02,DPC,217,10.850000000000001,-0.789274428735673,1.0108801324017445
connectivity,0.002,p=0.002,2,D:\git\sim\outputs\sweep_n_fc_connectivity_n2000_mc20_20260831\connectivity\point_02,DPC,218,10.9,-0.8011666200928369,1.0195146960780892
connectivity,0.002,p=0.002,2,D:\git\sim\outputs\sweep_n_fc_connectivity_n2000_mc20_20260831\connectivity\point_02,DPC,219,10.950000000000001,-0.7975972546257126,1.0164177143713775
connectivity,0.002,p=0.002,2,D:\git\sim\outputs\sweep_n_fc_connectivity_n2000_mc20_20260831\connectivity\point_02,DPC,220,11.0,-0.805291607529321,1.0206103468330823
connectivity,0.002,p=0.002,2,D:\git\sim\outputs\sweep_n_fc_connectivity_n2000_mc20_20260831\connectivity\point_02,DPC,221,11.05,-0.7943636085114548,1.0141934957659162
connectivity,0.002,p=0.002,2,D:\git\sim\outputs\sweep_n_fc_connectivity_n2000_mc20_20260831\connectivity\point_02,DPC,222,11.100000000000001,-0.8008674143387491,1.0176706394083839
connectivity,0.002,p=0.002,2,D:\git\sim\outputs\sweep_n_fc_connectivity_n2000_mc20_20260831\connectivity\point_02,DPC,223,11.15,-0.7996585761133825,1.0176603102755337
connectivity,0.002,p=0.002,2,D:\git\sim\outputs\sweep_n_fc_connectivity_n2000_mc20_20260831\connectivity\point_02,DPC,224,11.200000000000001,-0.7982744198820562,1.0175102339741549
connectivity,0.002,p=0.002,2,D:\git\sim\outputs\sweep_n_fc_connectivity_n2000_mc20_20260831\connectivity\point_02,DPC,225,11.25,-0.80078078307745,1.0176912336181232
connectivity,0.002,p=0.002,2,D:\git\sim\outputs\sweep_n_fc_connectivity_n2000_mc20_20260831\connectivity\point_02,DPC,226,11.3,-0.8061185068348593,1.021017723878733
connectivity,0.002,p=0.002,2,D:\git\sim\outputs\sweep_n_fc_connectivity_n2000_mc20_20260831\connectivity\point_02,DPC,227,11.350000000000001,-0.7902566259511596,1.0112797252553283
connectivity,0.002,p=0.002,2,D:\git\sim\outputs\sweep_n_fc_connectivity_n2000_mc20_20260831\connectivity\point_02,DPC,228,11.4,-0.8013992812743227,1.0183972302780175
connectivity,0.002,p=0.002,2,D:\git\sim\outputs\sweep_n_fc_connectivity_n2000_mc20_20260831\connectivity\point_02,DPC,229,11.450000000000001,-0.7938031463356775,1.0138821130102607
connectivity,0.002,p=0.002,2,D:\git\sim\outputs\sweep_n_fc_connectivity_n2000_mc20_20260831\connectivity\point_02,DPC,230,11.5,-0.808062279303441,1.0214778731540433
connectivity,0.002,p=0.002,2,D:\git\sim\outputs\sweep_n_fc_connectivity_n2000_mc20_20260831\connectivity\point_02,DPC,231,11.55,-0.7987470481579886,1.0165335824963624
connectivity,0.002,p=0.002,2,D:\git\sim\outputs\sweep_n_fc_connectivity_n2000_mc20_20260831\connectivity\point_02,DPC,232,11.600000000000001,-0.7814417972670734,1.005556254419719
connectivity,0.002,p=0.002,2,D:\git\sim\outputs\sweep_n_fc_connectivity_n2000_mc20_20260831\connectivity\point_02,DPC,233,11.65,-0.7964226562030684,1.0158649707611802
connectivity,0.002,p=0.002,2,D:\git\sim\outputs\sweep_n_fc_connectivity_n2000_mc20_20260831\connectivity\point_02,DPC,234,11.700000000000001,-0.7975804699889819,1.0160011824378308
connectivity,0.002,p=0.002,2,D:\git\sim\outputs\sweep_n_fc_connectivity_n2000_mc20_20260831\connectivity\point_02,DPC,235,11.75,-0.790972865090278,1.0121259165216474
connectivity,0.002,p=0.002,2,D:\git\sim\outputs\sweep_n_fc_connectivity_n2000_mc20_20260831\connectivity\point_02,DPC,236,11.8,-0.7935087466803905,1.0133659179612393
connectivity,0.002,p=0.002,2,D:\git\sim\outputs\sweep_n_fc_connectivity_n2000_mc20_20260831\connectivity\point_02,DPC,237,11.850000000000001,-0.7939291021547211,1.013174516775923
connectivity,0.002,p=0.002,2,D:\git\sim\outputs\sweep_n_fc_connectivity_n2000_mc20_20260831\connectivity\point_02,DPC,238,11.9,-0.7964645025992506,1.0157830403266748
connectivity,0.002,p=0.002,2,D:\git\sim\outputs\sweep_n_fc_connectivity_n2000_mc20_20260831\connectivity\point_02,DPC,239,11.950000000000001,-0.7919720888341685,1.0114523207236121
connectivity,0.002,p=0.002,2,D:\git\sim\outputs\sweep_n_fc_connectivity_n2000_mc20_20260831\connectivity\point_02,KF-DPC,0,0.0,-1.91630609975433,1.6553960674825539
connectivity,0.002,p=0.002,2,D:\git\sim\outputs\sweep_n_fc_connectivity_n2000_mc20_20260831\connectivity\point_02,KF-DPC,1,0.05,-0.9264568681031836,1.142126872216291
connectivity,0.002,p=0.002,2,D:\git\sim\outputs\sweep_n_fc_connectivity_n2000_mc20_20260831\connectivity\point_02,KF-DPC,2,0.1,-0.6485062660428922,1.0308822127773352
connectivity,0.002,p=0.002,2,D:\git\sim\outputs\sweep_n_fc_connectivity_n2000_mc20_20260831\connectivity\point_02,KF-DPC,3,0.15000000000000002,-0.5943341769118116,0.9884745815697448
connectivity,0.002,p=0.002,2,D:\git\sim\outputs\sweep_n_fc_connectivity_n2000_mc20_20260831\connectivity\point_02,KF-DPC,4,0.2,-0.5699209619346932,0.9324657956598574
connectivity,0.002,p=0.002,2,D:\git\sim\outputs\sweep_n_fc_connectivity_n2000_mc20_20260831\connectivity\point_02,KF-DPC,5,0.25,-0.5177035237271489,0.8608123834256725
connectivity,0.002,p=0.002,2,D:\git\sim\outputs\sweep_n_fc_connectivity_n2000_mc20_20260831\connectivity\point_02,KF-DPC,6,0.30000000000000004,-0.45510733097623657,0.7902767562154436
connectivity,0.002,p=0.002,2,D:\git\sim\outputs\sweep_n_fc_connectivity_n2000_mc20_20260831\connectivity\point_02,KF-DPC,7,0.35000000000000003,-0.39529753197551876,0.7256396039547257
connectivity,0.002,p=0.002,2,D:\git\sim\outputs\sweep_n_fc_connectivity_n2000_mc20_20260831\connectivity\point_02,KF-DPC,8,0.4,-0.3448657542073489,0.6716408408640755
connectivity,0.002,p=0.002,2,D:\git\sim\outputs\sweep_n_fc_connectivity_n2000_mc20_20260831\connectivity\point_02,KF-DPC,9,0.45,-0.30092113081681127,0.6225636968908083
connectivity,0.002,p=0.002,2,D:\git\sim\outputs\sweep_n_fc_connectivity_n2000_mc20_20260831\connectivity\point_02,KF-DPC,10,0.5,-0.2648096310268273,0.5810860180046646
connectivity,0.002,p=0.002,2,D:\git\sim\outputs\sweep_n_fc_connectivity_n2000_mc20_20260831\connectivity\point_02,KF-DPC,11,0.55,-0.23347593201053857,0.5428102516664385
connectivity,0.002,p=0.002,2,D:\git\sim\outputs\sweep_n_fc_connectivity_n2000_mc20_20260831\connectivity\point_02,KF-DPC,12,0.6000000000000001,-0.20724659672813253,0.5087049483911907
connectivity,0.002,p=0.002,2,D:\git\sim\outputs\sweep_n_fc_connectivity_n2000_mc20_20260831\connectivity\point_02,KF-DPC,13,0.65,-0.18450450587084288,0.47772485288706096
connectivity,0.002,p=0.002,2,D:\git\sim\outputs\sweep_n_fc_connectivity_n2000_mc20_20260831\connectivity\point_02,KF-DPC,14,0.7000000000000001,-0.1666378876150484,0.45235712139627016
connectivity,0.002,p=0.002,2,D:\git\sim\outputs\sweep_n_fc_connectivity_n2000_mc20_20260831\connectivity\point_02,KF-DPC,15,0.75,-0.1514958109520853,0.4296095709397506
connectivity,0.002,p=0.002,2,D:\git\sim\outputs\sweep_n_fc_connectivity_n2000_mc20_20260831\connectivity\point_02,KF-DPC,16,0.8,-0.13849624956505216,0.4090819929442403
connectivity,0.002,p=0.002,2,D:\git\sim\outputs\sweep_n_fc_connectivity_n2000_mc20_20260831\connectivity\point_02,KF-DPC,17,0.8500000000000001,-0.12726919409234702,0.39037851511240995
connectivity,0.002,p=0.002,2,D:\git\sim\outputs\sweep_n_fc_connectivity_n2000_mc20_20260831\connectivity\point_02,KF-DPC,18,0.9,-0.11784524378487457,0.37400985157160016
connectivity,0.002,p=0.002,2,D:\git\sim\outputs\sweep_n_fc_connectivity_n2000_mc20_20260831\connectivity\point_02,KF-DPC,19,0.9500000000000001,-0.10924343697883801,0.35865965127166555
connectivity,0.002,p=0.002,2,D:\git\sim\outputs\sweep_n_fc_connectivity_n2000_mc20_20260831\connectivity\point_02,KF-DPC,20,1.0,-0.10181455567659078,0.3446544047472794
connectivity,0.002,p=0.002,2,D:\git\sim\outputs\sweep_n_fc_connectivity_n2000_mc20_20260831\connectivity\point_02,KF-DPC,21,1.05,-0.09495521098329049,0.33122556434443834
connectivity,0.002,p=0.002,2,D:\git\sim\outputs\sweep_n_fc_connectivity_n2000_mc20_20260831\connectivity\point_02,KF-DPC,22,1.1,-0.08937574139348656,0.3199990916093171
connectivity,0.002,p=0.002,2,D:\git\sim\outputs\sweep_n_fc_connectivity_n2000_mc20_20260831\connectivity\point_02,KF-DPC,23,1.1500000000000001,-0.08411888331473612,0.30907894798758584
connectivity,0.002,p=0.002,2,D:\git\sim\outputs\sweep_n_fc_connectivity_n2000_mc20_20260831\connectivity\point_02,KF-DPC,24,1.2000000000000002,-0.0792200020623738,0.29849054706937567
connectivity,0.002,p=0.002,2,D:\git\sim\outputs\sweep_n_fc_connectivity_n2000_mc20_20260831\connectivity\point_02,KF-DPC,25,1.25,-0.07504175932338661,0.28905478957124775
connectivity,0.002,p=0.002,2,D:\git\sim\outputs\sweep_n_fc_connectivity_n2000_mc20_20260831\connectivity\point_02,KF-DPC,26,1.3,-0.07128442091035583,0.28027946564952977
connectivity,0.002,p=0.002,2,D:\git\sim\outputs\sweep_n_fc_connectivity_n2000_mc20_20260831\connectivity\point_02,KF-DPC,27,1.35,-0.06784738307502364,0.2721356623988798
connectivity,0.002,p=0.002,2,D:\git\sim\outputs\sweep_n_fc_connectivity_n2000_mc20_20260831\connectivity\point_02,KF-DPC,28,1.4000000000000001,-0.06480838870241241,0.26471667364798646
connectivity,0.002,p=0.002,2,D:\git\sim\outputs\sweep_n_fc_connectivity_n2000_mc20_20260831\connectivity\point_02,KF-DPC,29,1.4500000000000002,-0.061899234316959144,0.2574143833353559
connectivity,0.002,p=0.002,2,D:\git\sim\outputs\sweep_n_fc_connectivity_n2000_mc20_20260831\connectivity\point_02,KF-DPC,30,1.5,-0.05942553642594103,0.2508560567452787
connectivity,0.002,p=0.002,2,D:\git\sim\outputs\sweep_n_fc_connectivity_n2000_mc20_20260831\connectivity\point_02,KF-DPC,31,1.55,-0.057152477897705015,0.24475770697417562
connectivity,0.002,p=0.002,2,D:\git\sim\outputs\sweep_n_fc_connectivity_n2000_mc20_20260831\connectivity\point_02,KF-DPC,32,1.6,-0.054992917869946596,0.23886814327406508
connectivity,0.002,p=0.002,2,D:\git\sim\outputs\sweep_n_fc_connectivity_n2000_mc20_20260831\connectivity\point_02,KF-DPC,33,1.6500000000000001,-0.05286264098749577,0.23305676807883097
connectivity,0.002,p=0.002,2,D:\git\sim\outputs\sweep_n_fc_connectivity_n2000_mc20_20260831\connectivity\point_02,KF-DPC,34,1.7000000000000002,-0.05101488665958631,0.2278644909673198
connectivity,0.002,p=0.002,2,D:\git\sim\outputs\sweep_n_fc_connectivity_n2000_mc20_20260831\connectivity\point_02,KF-DPC,35,1.75,-0.04943107678410232,0.22320962349850623
connectivity,0.002,p=0.002,2,D:\git\sim\outputs\sweep_n_fc_connectivity_n2000_mc20_20260831\connectivity\point_02,KF-DPC,36,1.8,-0.048000226068407495,0.21873583527608043
connectivity,0.002,p=0.002,2,D:\git\sim\outputs\sweep_n_fc_connectivity_n2000_mc20_20260831\connectivity\point_02,KF-DPC,37,1.85,-0.046686844873998774,0.21466445799147973
connectivity,0.002,p=0.002,2,D:\git\sim\outputs\sweep_n_fc_connectivity_n2000_mc20_20260831\connectivity\point_02,KF-DPC,38,1.9000000000000001,-0.04540839541496085,0.21063834892332628
connectivity,0.002,p=0.002,2,D:\git\sim\outputs\sweep_n_fc_connectivity_n2000_mc20_20260831\connectivity\point_02,KF-DPC,39,1.9500000000000002,-0.044236115501832374,0.2070093217627984
connectivity,0.002,p=0.002,2,D:\git\sim\outputs\sweep_n_fc_connectivity_n2000_mc20_20260831\connectivity\point_02,KF-DPC,40,2.0,-0.04303887563023225,0.2031031800594741
connectivity,0.002,p=0.002,2,D:\git\sim\outputs\sweep_n_fc_connectivity_n2000_mc20_20260831\connectivity\point_02,KF-DPC,41,2.0500000000000003,-0.041932078847322286,0.1993898451474797
connectivity,0.002,p=0.002,2,D:\git\sim\outputs\sweep_n_fc_connectivity_n2000_mc20_20260831\connectivity\point_02,KF-DPC,42,2.1,-0.04095150895422717,0.19626975792511764
connectivity,0.002,p=0.002,2,D:\git\sim\outputs\sweep_n_fc_connectivity_n2000_mc20_20260831\connectivity\point_02,KF-DPC,43,2.15,-0.039996951304522306,0.19284050606616665
connectivity,0.002,p=0.002,2,D:\git\sim\outputs\sweep_n_fc_connectivity_n2000_mc20_20260831\connectivity\point_02,KF-DPC,44,2.2,-0.03900453752585558,0.18966607061700058
connectivity,0.002,p=0.002,2,D:\git\sim\outputs\sweep_n_fc_connectivity_n2000_mc20_20260831\connectivity\point_02,KF-DPC,45,2.25,-0.03819019907581531,0.18667986196628245
connectivity,0.002,p=0.002,2,D:\git\sim\outputs\sweep_n_fc_connectivity_n2000_mc20_20260831\connectivity\point_02,KF-DPC,46,2.3000000000000003,-0.037386437985715844,0.18392252744071486
connectivity,0.002,p=0.002,2,D:\git\sim\outputs\sweep_n_fc_connectivity_n2000_mc20_20260831\connectivity\point_02,KF-DPC,47,2.35,-0.0364822343224428,0.18073377841983285
connectivity,0.002,p=0.002,2,D:\git\sim\outputs\sweep_n_fc_connectivity_n2000_mc20_20260831\connectivity\point_02,KF-DPC,48,2.4000000000000004,-0.03581715680077453,0.17815973566857893
connectivity,0.002,p=0.002,2,D:\git\sim\outputs\sweep_n_fc_connectivity_n2000_mc20_20260831\connectivity\point_02,KF-DPC,49,2.45,-0.03512288873032367,0.17576837676231422
connectivity,0.002,p=0.002,2,D:\git\sim\outputs\sweep_n_fc_connectivity_n2000_mc20_20260831\connectivity\point_02,KF-DPC,50,2.5,-0.034424131496746,0.17329448553561652
connectivity,0.002,p=0.002,2,D:\git\sim\outputs\sweep_n_fc_connectivity_n2000_mc20_20260831\connectivity\point_02,KF-DPC,51,2.5500000000000003,-0.03386102829773516,0.17093862957626746
connectivity,0.002,p=0.002,2,D:\git\sim\outputs\sweep_n_fc_connectivity_n2000_mc20_20260831\connectivity\point_02,KF-DPC,52,2.6,-0.03331630614349491,0.1690187020779703
connectivity,0.002,p=0.002,2,D:\git\sim\outputs\sweep_n_fc_connectivity_n2000_mc20_20260831\connectivity\point_02,KF-DPC,53,2.6500000000000004,-0.03278299048345489,0.1667307574519839
connectivity,0.002,p=0.002,2,D:\git\sim\outputs\sweep_n_fc_connectivity_n2000_mc20_20260831\connectivity\point_02,KF-DPC,54,2.7,-0.032248670640526424,0.16452183591338773
connectivity,0.002,p=0.002,2,D:\git\sim\outputs\sweep_n_fc_connectivity_n2000_mc20_20260831\connectivity\point_02,KF-DPC,55,2.75,-0.03183611441112343,0.1630888302415832
connectivity,0.002,p=0.002,2,D:\git\sim\outputs\sweep_n_fc_connectivity_n2000_mc20_20260831\connectivity\point_02,KF-DPC,56,2.8000000000000003,-0.03130598215032026,0.16069997908710482
connectivity,0.002,p=0.002,2,D:\git\sim\outputs\sweep_n_fc_connectivity_n2000_mc20_20260831\connectivity\point_02,KF-DPC,57,2.85,-0.030953809318923744,0.15906544488258598
connectivity,0.002,p=0.002,2,D:\git\sim\outputs\sweep_n_fc_connectivity_n2000_mc20_20260831\connectivity\point_02,KF-DPC,58,2.9000000000000004,-0.03049515722809766,0.15720653535103796
connectivity,0.002,p=0.002,2,D:\git\sim\outputs\sweep_n_fc_connectivity_n2000_mc20_20260831\connectivity\point_02,KF-DPC,59,2.95,-0.030050269347686766,0.15549449074436447
connectivity,0.002,p=0.002,2,D:\git\sim\outputs\sweep_n_fc_connectivity_n2000_mc20_20260831\connectivity\point_02,KF-DPC,60,3.0,-0.02966239169539376,0.15380182949321036
connectivity,0.002,p=0.002,2,D:\git\sim\outputs\sweep_n_fc_connectivity_n2000_mc20_20260831\connectivity\point_02,KF-DPC,61,3.0500000000000003,-0.029230579591727323,0.15205634293683964
connectivity,0.002,p=0.002,2,D:\git\sim\outputs\sweep_n_fc_connectivity_n2000_mc20_20260831\connectivity\point_02,KF-DPC,62,3.1,-0.028862057742391308,0.15018197613025489
connectivity,0.002,p=0.002,2,D:\git\sim\outputs\sweep_n_fc_connectivity_n2000_mc20_20260831\connectivity\point_02,KF-DPC,63,3.1500000000000004,-0.028534501262364436,0.14869888008555537
connectivity,0.002,p=0.002,2,D:\git\sim\outputs\sweep_n_fc_connectivity_n2000_mc20_20260831\connectivity\point_02,KF-DPC,64,3.2,-0.02824629802950692,0.14742931112482455
connectivity,0.002,p=0.002,2,D:\git\sim\outputs\sweep_n_fc_connectivity_n2000_mc20_20260831\connectivity\point_02,KF-DPC,65,3.25,-0.028022465876007735,0.14620296660593668
connectivity,0.002,p=0.002,2,D:\git\sim\outputs\sweep_n_fc_connectivity_n2000_mc20_20260831\connectivity\point_02,KF-DPC,66,3.3000000000000003,-0.027604102735577365,0.1444372853969767
connectivity,0.002,p=0.002,2,D:\git\sim\outputs\sweep_n_fc_connectivity_n2000_mc20_20260831\connectivity\point_02,KF-DPC,67,3.35,-0.02731454636930981,0.14322404571410524
connectivity,0.002,p=0.002,2,D:\git\sim\outputs\sweep_n_fc_connectivity_n2000_mc20_20260831\connectivity\point_02,KF-DPC,68,3.4000000000000004,-0.02703817400446689,0.1416862541996608
connectivity,0.002,p=0.002,2,D:\git\sim\outputs\sweep_n_fc_connectivity_n2000_mc20_20260831\connectivity\point_02,KF-DPC,69,3.45,-0.02683614916125953,0.1406285368525478
connectivity,0.002,p=0.002,2,D:\git\sim\outputs\sweep_n_fc_connectivity_n2000_mc20_20260831\connectivity\point_02,KF-DPC,70,3.5,-0.02648890925923571,0.1391781541306775
connectivity,0.002,p=0.002,2,D:\git\sim\outputs\sweep_n_fc_connectivity_n2000_mc20_20260831\connectivity\point_02,KF-DPC,71,3.5500000000000003,-0.02626122060160722,0.13803595059827348
connectivity,0.002,p=0.002,2,D:\git\sim\outputs\sweep_n_fc_connectivity_n2000_mc20_20260831\connectivity\point_02,KF-DPC,72,3.6,-0.026122814437002866,0.13705783755713702
connectivity,0.002,p=0.002,2,D:\git\sim\outputs\sweep_n_fc_connectivity_n2000_mc20_20260831\connectivity\point_02,KF-DPC,73,3.6500000000000004,-0.025862328138630347,0.1358385468497258
connectivity,0.002,p=0.002,2,D:\git\sim\outputs\sweep_n_fc_connectivity_n2000_mc20_20260831\connectivity\point_02,KF-DPC,74,3.7,-0.02563517867148394,0.13481797508492466
connectivity,0.002,p=0.002,2,D:\git\sim\outputs\sweep_n_fc_connectivity_n2000_mc20_20260831\connectivity\point_02,KF-DPC,75,3.75,-0.025452416712927993,0.1339250657993582
connectivity,0.002,p=0.002,2,D:\git\sim\outputs\sweep_n_fc_connectivity_n2000_mc20_20260831\connectivity\point_02,KF-DPC,76,3.8000000000000003,-0.02524346169636942,0.1329482593411096
connectivity,0.002,p=0.002,2,D:\git\sim\outputs\sweep_n_fc_connectivity_n2000_mc20_20260831\connectivity\point_02,KF-DPC,77,3.85,-0.025013078150630454,0.13164156654981354
connectivity,0.002,p=0.002,2,D:\git\sim\outputs\sweep_n_fc_connectivity_n2000_mc20_20260831\connectivity\point_02,KF-DPC,78,3.9000000000000004,-0.02479309447060287,0.1305075698015767
connectivity,0.002,p=0.002,2,D:\git\sim\outputs\sweep_n_fc_connectivity_n2000_mc20_20260831\connectivity\point_02,KF-DPC,79,3.95,-0.024597111465864498,0.12955645071630462
connectivity,0.002,p=0.002,2,D:\git\sim\outputs\sweep_n_fc_connectivity_n2000_mc20_20260831\connectivity\point_02,KF-DPC,80,4.0,-0.024398170504072964,0.12878601787986343
connectivity,0.002,p=0.002,2,D:\git\sim\outputs\sweep_n_fc_connectivity_n2000_mc20_20260831\connectivity\point_02,KF-DPC,81,4.05,-0.024166744425207016,0.12749032663190737
connectivity,0.002,p=0.002,2,D:\git\sim\outputs\sweep_n_fc_connectivity_n2000_mc20_20260831\connectivity\point_02,KF-DPC,82,4.1000000000000005,-0.024020438380164134,0.12677612104096705
connectivity,0.002,p=0.002,2,D:\git\sim\outputs\sweep_n_fc_connectivity_n2000_mc20_20260831\connectivity\point_02,KF-DPC,83,4.15,-0.023742983154553202,0.1257144034530811
connectivity,0.002,p=0.002,2,D:\git\sim\outputs\sweep_n_fc_connectivity_n2000_mc20_20260831\connectivity\point_02,KF-DPC,84,4.2,-0.023639262219282815,0.12496025417696914
connectivity,0.002,p=0.002,2,D:\git\sim\outputs\sweep_n_fc_connectivity_n2000_mc20_20260831\connectivity\point_02,KF-DPC,85,4.25,-0.023423067260572243,0.12370318586564621
connectivity,0.002,p=0.002,2,D:\git\sim\outputs\sweep_n_fc_connectivity_n2000_mc20_20260831\connectivity\point_02,KF-DPC,86,4.3,-0.02331090081258206,0.12307281163615953
connectivity,0.002,p=0.002,2,D:\git\sim\outputs\sweep_n_fc_connectivity_n2000_mc20_20260831\connectivity\point_02,KF-DPC,87,4.3500000000000005,-0.02314654138008683,0.12206069877596346
connectivity,0.002,p=0.002,2,D:\git\sim\outputs\sweep_n_fc_connectivity_n2000_mc20_20260831\connectivity\point_02,KF-DPC,88,4.4,-0.022965279316098992,0.12125255693925965
connectivity,0.002,p=0.002,2,D:\git\sim\outputs\sweep_n_fc_connectivity_n2000_mc20_20260831\connectivity\point_02,KF-DPC,89,4.45,-0.02269590872193701,0.12010833479165225
connectivity,0.002,p=0.002,2,D:\git\sim\outputs\sweep_n_fc_connectivity_n2000_mc20_20260831\connectivity\point_02,KF-DPC,90,4.5,-0.02266744581038876,0.11979362619702419
connectivity,0.002,p=0.002,2,D:\git\sim\outputs\sweep_n_fc_connectivity_n2000_mc20_20260831\connectivity\point_02,KF-DPC,91,4.55,-0.022522742612293766,0.11896136237340904
connectivity,0.002,p=0.002,2,D:\git\sim\outputs\sweep_n_fc_connectivity_n2000_mc20_20260831\connectivity\point_02,KF-DPC,92,4.6000000000000005,-0.022447075814299944,0.11834163211190737
connectivity,0.002,p=0.002,2,D:\git\sim\outputs\sweep_n_fc_connectivity_n2000_mc20_20260831\connectivity\point_02,KF-DPC,93,4.65,-0.022254068955764417,0.11750117578957579
connectivity,0.002,p=0.002,2,D:\git\sim\outputs\sweep_n_fc_connectivity_n2000_mc20_20260831\connectivity\point_02,KF-DPC,94,4.7,-0.022081835865606667,0.11641794148419657
connectivity,0.002,p=0.002,2,D:\git\sim\outputs\sweep_n_fc_connectivity_n2000_mc20_20260831\connectivity\point_02,KF-DPC,95,4.75,-0.021967559811449416,0.11596975402964083
connectivity,0.002,p=0.002,2,D:\git\sim\outputs\sweep_n_fc_connectivity_n2000_mc20_20260831\connectivity\point_02,KF-DPC,96,4.800000000000001,-0.021804173778327086,0.11507720195005273
connectivity,0.002,p=0.002,2,D:\git\sim\outputs\sweep_n_fc_connectivity_n2000_mc20_20260831\connectivity\point_02,KF-DPC,97,4.8500000000000005,-0.021733436859599907,0.1144759304190037
connectivity,0.002,p=0.002,2,D:\git\sim\outputs\sweep_n_fc_connectivity_n2000_mc20_20260831\connectivity\point_02,KF-DPC,98,4.9,-0.021692029336209208,0.11414422973976006
connectivity,0.002,p=0.002,2,D:\git\sim\outputs\sweep_n_fc_connectivity_n2000_mc20_20260831\connectivity\point_02,KF-DPC,99,4.95,-0.02159576560180476,0.1135243718560018
connectivity,0.002,p=0.002,2,D:\git\sim\outputs\sweep_n_fc_connectivity_n2000_mc20_20260831\connectivity\point_02,KF-DPC,100,5.0,-0.021461624263927333,0.11286485133414248
connectivity,0.002,p=0.002,2,D:\git\sim\outputs\sweep_n_fc_connectivity_n2000_mc20_20260831\connectivity\point_02,KF-DPC,101,5.050000000000001,-0.021362537224442972,0.11215995807116538
connectivity,0.002,p=0.002,2,D:\git\sim\outputs\sweep_n_fc_connectivity_n2000_mc20_20260831\connectivity\point_02,KF-DPC,102,5.1000000000000005,-0.021316090550050758,0.11171188748424236
connectivity,0.002,p=0.002,2,D:\git\sim\outputs\sweep_n_fc_connectivity_n2000_mc20_20260831\connectivity\point_02,KF-DPC,103,5.15,-0.021180129440982375,0.11108618936695755
connectivity,0.002,p=0.002,2,D:\git\sim\outputs\sweep_n_fc_connectivity_n2000_mc20_20260831\connectivity\point_02,KF-DPC,104,5.2,-0.02099259026722257,0.11032236290238182
connectivity,0.002,p=0.002,2,D:\git\sim\outputs\sweep_n_fc_connectivity_n2000_mc20_20260831\connectivity\point_02,KF-DPC,105,5.25,-0.021001921517513927,0.11012757350791388
connectivity,0.002,p=0.002,2,D:\git\sim\outputs\sweep_n_fc_connectivity_n2000_mc20_20260831\connectivity\point_02,KF-DPC,106,5.300000000000001,-0.020835852647212133,0.10935464049823992
connectivity,0.002,p=0.002,2,D:\git\sim\outputs\sweep_n_fc_connectivity_n2000_mc20_20260831\connectivity\point_02,KF-DPC,107,5.3500000000000005,-0.02074181703385858,0.10876016826186383
connectivity,0.002,p=0.002,2,D:\git\sim\outputs\sweep_n_fc_connectivity_n2000_mc20_20260831\connectivity\point_02,KF-DPC,108,5.4,-0.020588321909204732,0.10804982324418981
connectivity,0.002,p=0.002,2,D:\git\sim\outputs\sweep_n_fc_connectivity_n2000_mc20_20260831\connectivity\point_02,KF-DPC,109,5.45,-0.020535520941059694,0.10741140018955361
connectivity,0.002,p=0.002,2,D:\git\sim\outputs\sweep_n_fc_connectivity_n2000_mc20_20260831\connectivity\point_02,KF-DPC,110,5.5,-0.020552051907088545,0.10725150858045532
connectivity,0.002,p=0.002,2,D:\git\sim\outputs\sweep_n_fc_connectivity_n2000_mc20_20260831\connectivity\point_02,KF-DPC,111,5.550000000000001,-0.02038143019289986,0.10654705693954938
connectivity,0.002,p=0.002,2,D:\git\sim\outputs\sweep_n_fc_connectivity_n2000_mc20_20260831\connectivity\point_02,KF-DPC,112,5.6000000000000005,-0.020271835407035088,0.10607404780235648
connectivity,0.002,p=0.002,2,D:\git\sim\outputs\sweep_n_fc_connectivity_n2000_mc20_20260831\connectivity\point_02,KF-DPC,113,5.65,-0.02020567060229679,0.10554412545030298
connectivity,0.002,p=0.002,2,D:\git\sim\outputs\sweep_n_fc_connectivity_n2000_mc20_20260831\connectivity\point_02,KF-DPC,114,5.7,-0.02008394846622058,0.10495415443600267
connectivity,0.002,p=0.002,2,D:\git\sim\outputs\sweep_n_fc_connectivity_n2000_mc20_20260831\connectivity\point_02,KF-DPC,115,5.75,-0.020049187556637652,0.10470219835655617
connectivity,0.002,p=0.002,2,D:\git\sim\outputs\sweep_n_fc_connectivity_n2000_mc20_20260831\connectivity\point_02,KF-DPC,116,5.800000000000001,-0.0200637518317452,0.10424246628216556
connectivity,0.002,p=0.002,2,D:\git\sim\outputs\sweep_n_fc_connectivity_n2000_mc20_20260831\connectivity\point_02,KF-DPC,117,5.8500000000000005,-0.01989515738213922,0.10363983863119992
connectivity,0.002,p=0.002,2,D:\git\sim\outputs\sweep_n_fc_connectivity_n2000_mc20_20260831\connectivity\point_02,KF-DPC,118,5.9,-0.019790128353160075,0.10317911788547407
connectivity,0.002,p=0.002,2,D:\git\sim\outputs\sweep_n_fc_connectivity_n2000_mc20_20260831\connectivity\point_02,KF-DPC,119,5.95,-0.019713068731995517,0.10223250348598434
connectivity,0.002,p=0.002,2,D:\git\sim\outputs\sweep_n_fc_connectivity_n2000_mc20_20260831\connectivity\point_02,KF-DPC,120,6.0,-0.019724136078847942,0.1020898173797826
connectivity,0.002,p=0.002,2,D:\git\sim\outputs\sweep_n_fc_connectivity_n2000_mc20_20260831\connectivity\point_02,KF-DPC,121,6.050000000000001,-0.019615876550257233,0.10183715002519311
connectivity,0.002,p=0.002,2,D:\git\sim\outputs\sweep_n_fc_connectivity_n2000_mc20_20260831\connectivity\point_02,KF-DPC,122,6.1000000000000005,-0.019516102057098507,0.10097028610307288
connectivity,0.002,p=0.002,2,D:\git\sim\outputs\sweep_n_fc_connectivity_n2000_mc20_20260831\connectivity\point_02,KF-DPC,123,6.15,-0.019448542203705087,0.10079552341794659
connectivity,0.002,p=0.002,2,D:\git\sim\outputs\sweep_n_fc_connectivity_n2000_mc20_20260831\connectivity\point_02,KF-DPC,124,6.2,-0.01937368809600326,0.1001901695404783
connectivity,0.002,p=0.002,2,D:\git\sim\outputs\sweep_n_fc_connectivity_n2000_mc20_20260831\connectivity\point_02,KF-DPC,125,6.25,-0.019260036762901226,0.09990631706684991
connectivity,0.002,p=0.002,2,D:\git\sim\outputs\sweep_n_fc_connectivity_n2000_mc20_20260831\connectivity\point_02,KF-DPC,126,6.300000000000001,-0.01922803323011375,0.09972000484544602
connectivity,0.002,p=0.002,2,D:\git\sim\outputs\sweep_n_fc_connectivity_n2000_mc20_20260831\connectivity\point_02,KF-DPC,127,6.3500000000000005,-0.019137307871444523,0.09912065651574493
connectivity,0.002,p=0.002,2,D:\git\sim\outputs\sweep_n_fc_connectivity_n2000_mc20_20260831\connectivity\point_02,KF-DPC,128,6.4,-0.019170189856438292,0.09903863248470356
connectivity,0.002,p=0.002,2,D:\git\sim\outputs\sweep_n_fc_connectivity_n2000_mc20_20260831\connectivity\point_02,KF-DPC,129,6.45,-0.01907691119113533,0.09829976899702383
connectivity,0.002,p=0.002,2,D:\git\sim\outputs\sweep_n_fc_connectivity_n2000_mc20_20260831\connectivity\point_02,KF-DPC,130,6.5,-0.018983615075340382,0.09806788433939154
connectivity,0.002,p=0.002,2,D:\git\sim\outputs\sweep_n_fc_connectivity_n2000_mc20_20260831\connectivity\point_02,KF-DPC,131,6.550000000000001,-0.01889122933717791,0.0973054374602855
connectivity,0.002,p=0.002,2,D:\git\sim\outputs\sweep_n_fc_connectivity_n2000_mc20_20260831\connectivity\point_02,KF-DPC,132,6.6000000000000005,-0.018842643937972487,0.09699568779597836
connectivity,0.002,p=0.002,2,D:\git\sim\outputs\sweep_n_fc_connectivity_n2000_mc20_20260831\connectivity\point_02,KF-DPC,133,6.65,-0.01876646364428829,0.09660649992634299
connectivity,0.002,p=0.002,2,D:\git\sim\outputs\sweep_n_fc_connectivity_n2000_mc20_20260831\connectivity\point_02,KF-DPC,134,6.7,-0.01879000584739709,0.09656069585026432
connectivity,0.002,p=0.002,2,D:\git\sim\outputs\sweep_n_fc_connectivity_n2000_mc20_20260831\connectivity\point_02,KF-DPC,135,6.75,-0.01874481930249261,0.0960849252079952
connectivity,0.002,p=0.002,2,D:\git\sim\outputs\sweep_n_fc_connectivity_n2000_mc20_20260831\connectivity\point_02,KF-DPC,136,6.800000000000001,-0.018595053508605235,0.09549609123890185
connectivity,0.002,p=0.002,2,D:\git\sim\outputs\sweep_n_fc_connectivity_n2000_mc20_20260831\connectivity\point_02,KF-DPC,137,6.8500000000000005,-0.01857382593084233,0.09537951216429205
connectivity,0.002,p=0.002,2,D:\git\sim\outputs\sweep_n_fc_connectivity_n2000_mc20_20260831\connectivity\point_02,KF-DPC,138,6.9,-0.01855920171981308,0.09502424785815566
connectivity,0.002,p=0.002,2,D:\git\sim\outputs\sweep_n_fc_connectivity_n2000_mc20_20260831\connectivity\point_02,KF-DPC,139,6.95,-0.018499428508661056,0.09473455608084919
connectivity,0.002,p=0.002,2,D:\git\sim\outputs\sweep_n_fc_connectivity_n2000_mc20_20260831\connectivity\point_02,KF-DPC,140,7.0,-0.018419585977959573,0.09420660034679858
connectivity,0.002,p=0.002,2,D:\git\sim\outputs\sweep_n_fc_connectivity_n2000_mc20_20260831\connectivity\point_02,KF-DPC,141,7.050000000000001,-0.01844121261243066,0.09411217324638461
connectivity,0.002,p=0.002,2,D:\git\sim\outputs\sweep_n_fc_connectivity_n2000_mc20_20260831\connectivity\point_02,KF-DPC,142,7.1000000000000005,-0.018274139922270578,0.09341305661141627
connectivity,0.002,p=0.002,2,D:\git\sim\outputs\sweep_n_fc_connectivity_n2000_mc20_20260831\connectivity\point_02,KF-DPC,143,7.15,-0.018256872204955685,0.09314102157007598
connectivity,0.002,p=0.002,2,D:\git\sim\outputs\sweep_n_fc_connectivity_n2000_mc20_20260831\connectivity\point_02,KF-DPC,144,7.2,-0.01822979291817127,0.09307871838770455
connectivity,0.002,p=0.002,2,D:\git\sim\outputs\sweep_n_fc_connectivity_n2000_mc20_20260831\connectivity\point_02,KF-DPC,145,7.25,-0.018178195217902673,0.09259715325684112
connectivity,0.002,p=0.002,2,D:\git\sim\outputs\sweep_n_fc_connectivity_n2000_mc20_20260831\connectivity\point_02,KF-DPC,146,7.300000000000001,-0.018155471880971386,0.09216268758585572
connectivity,0.002,p=0.002,2,D:\git\sim\outputs\sweep_n_fc_connectivity_n2000_mc20_20260831\connectivity\point_02,KF-DPC,147,7.3500000000000005,-0.018090177851255,0.09202891162296636
connectivity,0.002,p=0.002,2,D:\git\sim\outputs\sweep_n_fc_connectivity_n2000_mc20_20260831\connectivity\point_02,KF-DPC,148,7.4,-0.018035046541634174,0.09159510046526756
connectivity,0.002,p=0.002,2,D:\git\sim\outputs\sweep_n_fc_connectivity_n2000_mc20_20260831\connectivity\point_02,KF-DPC,149,7.45,-0.01798301125240876,0.0912744986422132
connectivity,0.002,p=0.002,2,D:\git\sim\outputs\sweep_n_fc_connectivity_n2000_mc20_20260831\connectivity\point_02,KF-DPC,150,7.5,-0.017948347751516817,0.09103797722764874
connectivity,0.002,p=0.002,2,D:\git\sim\outputs\sweep_n_fc_connectivity_n2000_mc20_20260831\connectivity\point_02,KF-DPC,151,7.550000000000001,-0.017963828717886092,0.09084566024683623
connectivity,0.002,p=0.002,2,D:\git\sim\outputs\sweep_n_fc_connectivity_n2000_mc20_20260831\connectivity\point_02,KF-DPC,152,7.6000000000000005,-0.017839835798528457,0.09037009053469681
connectivity,0.002,p=0.002,2,D:\git\sim\outputs\sweep_n_fc_connectivity_n2000_mc20_20260831\connectivity\point_02,KF-DPC,153,7.65,-0.017866612775902166,0.09023500777374874
connectivity,0.002,p=0.002,2,D:\git\sim\outputs\sweep_n_fc_connectivity_n2000_mc20_20260831\connectivity\point_02,KF-DPC,154,7.7,-0.017868124441879348,0.08996873348103218
connectivity,0.002,p=0.002,2,D:\git\sim\outputs\sweep_n_fc_connectivity_n2000_mc20_20260831\connectivity\point_02,KF-DPC,155,7.75,-0.017722382527326684,0.08948861689965769
connectivity,0.002,p=0.002,2,D:\git\sim\outputs\sweep_n_fc_connectivity_n2000_mc20_20260831\connectivity\point_02,KF-DPC,156,7.800000000000001,-0.017801778017041223,0.08962524571044017
connectivity,0.002,p=0.002,2,D:\git\sim\outputs\sweep_n_fc_connectivity_n2000_mc20_20260831\connectivity\point_02,KF-DPC,157,7.8500000000000005,-0.017737237713562906,0.08917811370975162
connectivity,0.002,p=0.002,2,D:\git\sim\outputs\sweep_n_fc_connectivity_n2000_mc20_20260831\connectivity\point_02,KF-DPC,158,7.9,-0.017685787200372678,0.08901267395306192
connectivity,0.002,p=0.002,2,D:\git\sim\outputs\sweep_n_fc_connectivity_n2000_mc20_20260831\connectivity\point_02,KF-DPC,159,7.95,-0.017652172821749777,0.08887678329898595
connectivity,0.002,p=0.002,2,D:\git\sim\outputs\sweep_n_fc_connectivity_n2000_mc20_20260831\connectivity\point_02,KF-DPC,160,8.0,-0.017620166211857184,0.08856384968185702
connectivity,0.002,p=0.002,2,D:\git\sim\outputs\sweep_n_fc_connectivity_n2000_mc20_20260831\connectivity\point_02,KF-DPC,161,8.05,-0.01755383703152483,0.08812624085708003
connectivity,0.002,p=0.002,2,D:\git\sim\outputs\sweep_n_fc_connectivity_n2000_mc20_20260831\connectivity\point_02,KF-DPC,162,8.1,-0.017605885992113508,0.08802472314747362
connectivity,0.002,p=0.002,2,D:\git\sim\outputs\sweep_n_fc_connectivity_n2000_mc20_20260831\connectivity\point_02,KF-DPC,163,8.15,-0.01751065477751034,0.08767564766573004
connectivity,0.002,p=0.002,2,D:\git\sim\outputs\sweep_n_fc_connectivity_n2000_mc20_20260831\connectivity\point_02,KF-DPC,164,8.200000000000001,-0.017518244713709722,0.08737179641415758
connectivity,0.002,p=0.002,2,D:\git\sim\outputs\sweep_n_fc_connectivity_n2000_mc20_20260831\connectivity\point_02,KF-DPC,165,8.25,-0.017481667295345744,0.08733571791659187
connectivity,0.002,p=0.002,2,D:\git\sim\outputs\sweep_n_fc_connectivity_n2000_mc20_20260831\connectivity\point_02,KF-DPC,166,8.3,-0.01746316724184446,0.08735393721351312
connectivity,0.002,p=0.002,2,D:\git\sim\outputs\sweep_n_fc_connectivity_n2000_mc20_20260831\connectivity\point_02,KF-DPC,167,8.35,-0.01745904240927883,0.0870854911066285
connectivity,0.002,p=0.002,2,D:\git\sim\outputs\sweep_n_fc_connectivity_n2000_mc20_20260831\connectivity\point_02,KF-DPC,168,8.4,-0.017361219792525036,0.08659852759899339
connectivity,0.002,p=0.002,2,D:\git\sim\outputs\sweep_n_fc_connectivity_n2000_mc20_20260831\connectivity\point_02,KF-DPC,169,8.450000000000001,-0.017334093237041784,0.08639200578133326
connectivity,0.002,p=0.002,2,D:\git\sim\outputs\sweep_n_fc_connectivity_n2000_mc20_20260831\connectivity\point_02,KF-DPC,170,8.5,-0.017352071640280138,0.08634442123362354
connectivity,0.002,p=0.002,2,D:\git\sim\outputs\sweep_n_fc_connectivity_n2000_mc20_20260831\connectivity\point_02,KF-DPC,171,8.55,-0.017319675960763795,0.08609554699352973
connectivity,0.002,p=0.002,2,D:\git\sim\outputs\sweep_n_fc_connectivity_n2000_mc20_20260831\connectivity\point_02,KF-DPC,172,8.6,-0.017296904829073943,0.08598557101441826
connectivity,0.002,p=0.002,2,D:\git\sim\outputs\sweep_n_fc_connectivity_n2000_mc20_20260831\connectivity\point_02,KF-DPC,173,8.65,-0.017188334596010768,0.08549113297693071
connectivity,0.002,p=0.002,2,D:\git\sim\outputs\sweep_n_fc_connectivity_n2000_mc20_20260831\connectivity\point_02,KF-DPC,174,8.700000000000001,-0.017192211476675504,0.08524339321706678
connectivity,0.002,p=0.002,2,D:\git\sim\outputs\sweep_n_fc_connectivity_n2000_mc20_20260831\connectivity\point_02,KF-DPC,175,8.75,-0.01718472404030604,0.08510427924261768
connectivity,0.002,p=0.002,2,D:\git\sim\outputs\sweep_n_fc_connectivity_n2000_mc20_20260831\connectivity\point_02,KF-DPC,176,8.8,-0.017148682685732653,0.08505427769783878
connectivity,0.002,p=0.002,2,D:\git\sim\outputs\sweep_n_fc_connectivity_n2000_mc20_20260831\connectivity\point_02,KF-DPC,177,8.85,-0.017122832038999863,0.08467223061502968
connectivity,0.002,p=0.002,2,D:\git\sim\outputs\sweep_n_fc_connectivity_n2000_mc20_20260831\connectivity\point_02,KF-DPC,178,8.9,-0.017086662334880747,0.0846816066652676
connectivity,0.002,p=0.002,2,D:\git\sim\outputs\sweep_n_fc_connectivity_n2000_mc20_20260831\connectivity\point_02,KF-DPC,179,8.950000000000001,-0.017030415249540718,0.08430484861770685
connectivity,0.002,p=0.002,2,D:\git\sim\outputs\sweep_n_fc_connectivity_n2000_mc20_20260831\connectivity\point_02,KF-DPC,180,9.0,-0.01707550277567294,0.08425812231091198
connectivity,0.002,p=0.002,2,D:\git\sim\outputs\sweep_n_fc_connectivity_n2000_mc20_20260831\connectivity\point_02,KF-DPC,181,9.05,-0.01702509097589479,0.08400457320355982
connectivity,0.002,p=0.002,2,D:\git\sim\outputs\sweep_n_fc_connectivity_n2000_mc20_20260831\connectivity\point_02,KF-DPC,182,9.1,-0.017070694430699918,0.08368318037428137
connectivity,0.002,p=0.002,2,D:\git\sim\outputs\sweep_n_fc_connectivity_n2000_mc20_20260831\connectivity\point_02,KF-DPC,183,9.15,-0.017014985016754997,0.08371064053920199
connectivity,0.002,p=0.002,2,D:\git\sim\outputs\sweep_n_fc_connectivity_n2000_mc20_20260831\connectivity\point_02,KF-DPC,184,9.200000000000001,-0.016949808334799293,0.08331777332186643
connectivity,0.002,p=0.002,2,D:\git\sim\outputs\sweep_n_fc_connectivity_n2000_mc20_20260831\connectivity\point_02,KF-DPC,185,9.25,-0.016913035089173023,0.08328842097788078
connectivity,0.002,p=0.002,2,D:\git\sim\outputs\sweep_n_fc_connectivity_n2000_mc20_20260831\connectivity\point_02,KF-DPC,186,9.3,-0.016901505344009093,0.08296173045125435
connectivity,0.002,p=0.002,2,D:\git\sim\outputs\sweep_n_fc_connectivity_n2000_mc20_20260831\connectivity\point_02,KF-DPC,187,9.35,-0.01688169775988638,0.08281067014751804
connectivity,0.002,p=0.002,2,D:\git\sim\outputs\sweep_n_fc_connectivity_n2000_mc20_20260831\connectivity\point_02,KF-DPC,188,9.4,-0.016863946506774925,0.08290864354173033
connectivity,0.002,p=0.002,2,D:\git\sim\outputs\sweep_n_fc_connectivity_n2000_mc20_20260831\connectivity\point_02,KF-DPC,189,9.450000000000001,-0.016860173832943755,0.08270855026939133
connectivity,0.002,p=0.002,2,D:\git\sim\outputs\sweep_n_fc_connectivity_n2000_mc20_20260831\connectivity\point_02,KF-DPC,190,9.5,-0.01684200534205297,0.08263401372247743
connectivity,0.002,p=0.002,2,D:\git\sim\outputs\sweep_n_fc_connectivity_n2000_mc20_20260831\connectivity\point_02,KF-DPC,191,9.55,-0.01678547558942088,0.08237496200599723
connectivity,0.002,p=0.002,2,D:\git\sim\outputs\sweep_n_fc_connectivity_n2000_mc20_20260831\connectivity\point_02,KF-DPC,192,9.600000000000001,-0.0167869295880296,0.08225747893988308
connectivity,0.002,p=0.002,2,D:\git\sim\outputs\sweep_n_fc_connectivity_n2000_mc20_20260831\connectivity\point_02,KF-DPC,193,9.65,-0.01672801689146582,0.08217169951870658
connectivity,0.002,p=0.002,2,D:\git\sim\outputs\sweep_n_fc_connectivity_n2000_mc20_20260831\connectivity\point_02,KF-DPC,194,9.700000000000001,-0.016703871010223303,0.08165143854334969
connectivity,0.002,p=0.002,2,D:\git\sim\outputs\sweep_n_fc_connectivity_n2000_mc20_20260831\connectivity\point_02,KF-DPC,195,9.75,-0.016698673943498756,0.08161293960198682
connectivity,0.002,p=0.002,2,D:\git\sim\outputs\sweep_n_fc_connectivity_n2000_mc20_20260831\connectivity\point_02,KF-DPC,196,9.8,-0.016693790306892893,0.0815842272318508
connectivity,0.002,p=0.002,2,D:\git\sim\outputs\sweep_n_fc_connectivity_n2000_mc20_20260831\connectivity\point_02,KF-DPC,197,9.850000000000001,-0.016621479041550116,0.08113626651103797
connectivity,0.002,p=0.002,2,D:\git\sim\outputs\sweep_n_fc_connectivity_n2000_mc20_20260831\connectivity\point_02,KF-DPC,198,9.9,-0.0166673939256879,0.08128238640863351
connectivity,0.002,p=0.002,2,D:\git\sim\outputs\sweep_n_fc_connectivity_n2000_mc20_20260831\connectivity\point_02,KF-DPC,199,9.950000000000001,-0.0166393192241762,0.08123971134265431
connectivity,0.002,p=0.002,2,D:\git\sim\outputs\sweep_n_fc_connectivity_n2000_mc20_20260831\connectivity\point_02,KF-DPC,200,10.0,-0.01664081262454678,0.08095674615720702
connectivity,0.002,p=0.002,2,D:\git\sim\outputs\sweep_n_fc_connectivity_n2000_mc20_20260831\connectivity\point_02,KF-DPC,201,10.05,-0.01655093673843017,0.08066445359300564
connectivity,0.002,p=0.002,2,D:\git\sim\outputs\sweep_n_fc_connectivity_n2000_mc20_20260831\connectivity\point_02,KF-DPC,202,10.100000000000001,-0.016579509557754557,0.08081193796802792
connectivity,0.002,p=0.002,2,D:\git\sim\outputs\sweep_n_fc_connectivity_n2000_mc20_20260831\connectivity\point_02,KF-DPC,203,10.15,-0.01658506546221252,0.08045575931575154
connectivity,0.002,p=0.002,2,D:\git\sim\outputs\sweep_n_fc_connectivity_n2000_mc20_20260831\connectivity\point_02,KF-DPC,204,10.200000000000001,-0.016638881383820636,0.0807651936769089
connectivity,0.002,p=0.002,2,D:\git\sim\outputs\sweep_n_fc_connectivity_n2000_mc20_20260831\connectivity\point_02,KF-DPC,205,10.25,-0.016568488866109,0.08042864097202646
connectivity,0.002,p=0.002,2,D:\git\sim\outputs\sweep_n_fc_connectivity_n2000_mc20_20260831\connectivity\point_02,KF-DPC,206,10.3,-0.01650674160089412,0.07990700643964409
connectivity,0.002,p=0.002,2,D:\git\sim\outputs\sweep_n_fc_connectivity_n2000_mc20_20260831\connectivity\point_02,KF-DPC,207,10.350000000000001,-0.016527084345785766,0.07996197088735942
connectivity,0.002,p=0.002,2,D:\git\sim\outputs\sweep_n_fc_connectivity_n2000_mc20_20260831\connectivity\point_02,KF-DPC,208,10.4,-0.01650885105421772,0.07993812250043825
connectivity,0.002,p=0.002,2,D:\git\sim\outputs\sweep_n_fc_connectivity_n2000_mc20_20260831\connectivity\point_02,KF-DPC,209,10.450000000000001,-0.01650556215205549,0.07965677160460943
connectivity,0.002,p=0.002,2,D:\git\sim\outputs\sweep_n_fc_connectivity_n2000_mc20_20260831\connectivity\point_02,KF-DPC,210,10.5,-0.016474019543127463,0.07962288437436786
connectivity,0.002,p=0.002,2,D:\git\sim\outputs\sweep_n_fc_connectivity_n2000_mc20_20260831\connectivity\point_02,KF-DPC,211,10.55,-0.016474134164664235,0.07944042650726633
connectivity,0.002,p=0.002,2,D:\git\sim\outputs\sweep_n_fc_connectivity_n2000_mc20_20260831\connectivity\point_02,KF-DPC,212,10.600000000000001,-0.01647113421305977,0.07950112806921339
connectivity,0.002,p=0.002,2,D:\git\sim\outputs\sweep_n_fc_connectivity_n2000_mc20_20260831\connectivity\point_02,KF-DPC,213,10.65,-0.01647411904819332,0.07948242565479105
connectivity,0.002,p=0.002,2,D:\git\sim\outputs\sweep_n_fc_connectivity_n2000_mc20_20260831\connectivity\point_02,KF-DPC,214,10.700000000000001,-0.01642399175262634,0.07912980053219534
connectivity,0.002,p=0.002,2,D:\git\sim\outputs\sweep_n_fc_connectivity_n2000_mc20_20260831\connectivity\point_02,KF-DPC,215,10.75,-0.016408112488468133,0.07912200601887784
connectivity,0.002,p=0.002,2,D:\git\sim\outputs\sweep_n_fc_connectivity_n2000_mc20_20260831\connectivity\point_02,KF-DPC,216,10.8,-0.016385171444409992,0.07899207341265276
connectivity,0.002,p=0.002,2,D:\git\sim\outputs\sweep_n_fc_connectivity_n2000_mc20_20260831\connectivity\point_02,KF-DPC,217,10.850000000000001,-0.016365463259333517,0.0786970899159128
connectivity,0.002,p=0.002,2,D:\git\sim\outputs\sweep_n_fc_connectivity_n2000_mc20_20260831\connectivity\point_02,KF-DPC,218,10.9,-0.016328179509067505,0.07881109096825799
connectivity,0.002,p=0.002,2,D:\git\sim\outputs\sweep_n_fc_connectivity_n2000_mc20_20260831\connectivity\point_02,KF-DPC,219,10.950000000000001,-0.01634825152384422,0.07864105977416853
connectivity,0.002,p=0.002,2,D:\git\sim\outputs\sweep_n_fc_connectivity_n2000_mc20_20260831\connectivity\point_02,KF-DPC,220,11.0,-0.016345465528537568,0.07849245012837283
connectivity,0.002,p=0.002,2,D:\git\sim\outputs\sweep_n_fc_connectivity_n2000_mc20_20260831\connectivity\point_02,KF-DPC,221,11.05,-0.016418669288634738,0.07873222422019152
connectivity,0.002,p=0.002,2,D:\git\sim\outputs\sweep_n_fc_connectivity_n2000_mc20_20260831\connectivity\point_02,KF-DPC,222,11.100000000000001,-0.016388715611513626,0.07852918585477144
connectivity,0.002,p=0.002,2,D:\git\sim\outputs\sweep_n_fc_connectivity_n2000_mc20_20260831\connectivity\point_02,KF-DPC,223,11.15,-0.016345969142124456,0.07834350405283408
connectivity,0.002,p=0.002,2,D:\git\sim\outputs\sweep_n_fc_connectivity_n2000_mc20_20260831\connectivity\point_02,KF-DPC,224,11.200000000000001,-0.016335164492606993,0.0783658865907826
connectivity,0.002,p=0.002,2,D:\git\sim\outputs\sweep_n_fc_connectivity_n2000_mc20_20260831\connectivity\point_02,KF-DPC,225,11.25,-0.016288970399570727,0.07808651914659352
connectivity,0.002,p=0.002,2,D:\git\sim\outputs\sweep_n_fc_connectivity_n2000_mc20_20260831\connectivity\point_02,KF-DPC,226,11.3,-0.016305535305541012,0.07809791316866489
connectivity,0.002,p=0.002,2,D:\git\sim\outputs\sweep_n_fc_connectivity_n2000_mc20_20260831\connectivity\point_02,KF-DPC,227,11.350000000000001,-0.016280509510273822,0.07807372314865232
connectivity,0.002,p=0.002,2,D:\git\sim\outputs\sweep_n_fc_connectivity_n2000_mc20_20260831\connectivity\point_02,KF-DPC,228,11.4,-0.016265801474730376,0.07785484526398945
connectivity,0.002,p=0.002,2,D:\git\sim\outputs\sweep_n_fc_connectivity_n2000_mc20_20260831\connectivity\point_02,KF-DPC,229,11.450000000000001,-0.016309384268022212,0.07802258941007938
connectivity,0.002,p=0.002,2,D:\git\sim\outputs\sweep_n_fc_connectivity_n2000_mc20_20260831\connectivity\point_02,KF-DPC,230,11.5,-0.016251105531801972,0.07775973548221708
connectivity,0.002,p=0.002,2,D:\git\sim\outputs\sweep_n_fc_connectivity_n2000_mc20_20260831\connectivity\point_02,KF-DPC,231,11.55,-0.01633937173276517,0.07800664730795263
connectivity,0.002,p=0.002,2,D:\git\sim\outputs\sweep_n_fc_connectivity_n2000_mc20_20260831\connectivity\point_02,KF-DPC,232,11.600000000000001,-0.01623683037855278,0.07765433903843713
connectivity,0.002,p=0.002,2,D:\git\sim\outputs\sweep_n_fc_connectivity_n2000_mc20_20260831\connectivity\point_02,KF-DPC,233,11.65,-0.016258248202490902,0.07765025646019454
connectivity,0.002,p=0.002,2,D:\git\sim\outputs\sweep_n_fc_connectivity_n2000_mc20_20260831\connectivity\point_02,KF-DPC,234,11.700000000000001,-0.01622151568011703,0.07744374926706438
connectivity,0.002,p=0.002,2,D:\git\sim\outputs\sweep_n_fc_connectivity_n2000_mc20_20260831\connectivity\point_02,KF-DPC,235,11.75,-0.016238848488265813,0.07725320698566437
connectivity,0.002,p=0.002,2,D:\git\sim\outputs\sweep_n_fc_connectivity_n2000_mc20_20260831\connectivity\point_02,KF-DPC,236,11.8,-0.01623882843038741,0.07745636182277973
connectivity,0.002,p=0.002,2,D:\git\sim\outputs\sweep_n_fc_connectivity_n2000_mc20_20260831\connectivity\point_02,KF-DPC,237,11.850000000000001,-0.0162047082064623,0.07712601692565615
connectivity,0.002,p=0.002,2,D:\git\sim\outputs\sweep_n_fc_connectivity_n2000_mc20_20260831\connectivity\point_02,KF-DPC,238,11.9,-0.016208554488532197,0.07728680695429464
connectivity,0.002,p=0.002,2,D:\git\sim\outputs\sweep_n_fc_connectivity_n2000_mc20_20260831\connectivity\point_02,KF-DPC,239,11.950000000000001,-0.016184720038974067,0.07721552437406276
connectivity,0.005,p=0.005,3,D:\git\sim\outputs\sweep_n_fc_connectivity_n2000_mc20_20260831\connectivity\point_03,DPC,0,0.0,-1.48194754562645,1.4197389936408134
connectivity,0.005,p=0.005,3,D:\git\sim\outputs\sweep_n_fc_connectivity_n2000_mc20_20260831\connectivity\point_03,DPC,1,0.05,-1.4769404613100126,1.418449295465223
connectivity,0.005,p=0.005,3,D:\git\sim\outputs\sweep_n_fc_connectivity_n2000_mc20_20260831\connectivity\point_03,DPC,2,0.1,-1.3759308132872197,1.3613300540382567
connectivity,0.005,p=0.005,3,D:\git\sim\outputs\sweep_n_fc_connectivity_n2000_mc20_20260831\connectivity\point_03,DPC,3,0.15000000000000002,-1.2914500457085283,1.3131048711585223
connectivity,0.005,p=0.005,3,D:\git\sim\outputs\sweep_n_fc_connectivity_n2000_mc20_20260831\connectivity\point_03,DPC,4,0.2,-1.2202110439548421,1.2722991465236098
connectivity,0.005,p=0.005,3,D:\git\sim\outputs\sweep_n_fc_connectivity_n2000_mc20_20260831\connectivity\point_03,DPC,5,0.25,-1.1581534309728772,1.2369850468442511
connectivity,0.005,p=0.005,3,D:\git\sim\outputs\sweep_n_fc_connectivity_n2000_mc20_20260831\connectivity\point_03,DPC,6,0.30000000000000004,-1.1393162180850973,1.2241965169019244
connectivity,0.005,p=0.005,3,D:\git\sim\outputs\sweep_n_fc_connectivity_n2000_mc20_20260831\connectivity\point_03,DPC,7,0.35000000000000003,-1.0814596964862433,1.191470468911702
connectivity,0.005,p=0.005,3,D:\git\sim\outputs\sweep_n_fc_connectivity_n2000_mc20_20260831\connectivity\point_03,DPC,8,0.4,-1.0542370548191402,1.1747456199035602
connectivity,0.005,p=0.005,3,D:\git\sim\outputs\sweep_n_fc_connectivity_n2000_mc20_20260831\connectivity\point_03,DPC,9,0.45,-1.034511919930295,1.1609087507461946
connectivity,0.005,p=0.005,3,D:\git\sim\outputs\sweep_n_fc_connectivity_n2000_mc20_20260831\connectivity\point_03,DPC,10,0.5,-1.0243534652510435,1.1567577012384926
connectivity,0.005,p=0.005,3,D:\git\sim\outputs\sweep_n_fc_connectivity_n2000_mc20_20260831\connectivity\point_03,DPC,11,0.55,-0.9928226309116023,1.137289626535992
connectivity,0.005,p=0.005,3,D:\git\sim\outputs\sweep_n_fc_connectivity_n2000_mc20_20260831\connectivity\point_03,DPC,12,0.6000000000000001,-0.9804519196865275,1.1292616605212593
connectivity,0.005,p=0.005,3,D:\git\sim\outputs\sweep_n_fc_connectivity_n2000_mc20_20260831\connectivity\point_03,DPC,13,0.65,-0.9643203105512643,1.120572746550036
connectivity,0.005,p=0.005,3,D:\git\sim\outputs\sweep_n_fc_connectivity_n2000_mc20_20260831\connectivity\point_03,DPC,14,0.7000000000000001,-0.9598634480842811,1.1196181562806147
connectivity,0.005,p=0.005,3,D:\git\sim\outputs\sweep_n_fc_connectivity_n2000_mc20_20260831\connectivity\point_03,DPC,15,0.75,-0.9341388226644655,1.1038698621309109
connectivity,0.005,p=0.005,3,D:\git\sim\outputs\sweep_n_fc_connectivity_n2000_mc20_20260831\connectivity\point_03,DPC,16,0.8,-0.9423447124910251,1.1064172421246101
connectivity,0.005,p=0.005,3,D:\git\sim\outputs\sweep_n_fc_connectivity_n2000_mc20_20260831\connectivity\point_03,DPC,17,0.8500000000000001,-0.9294911927045573,1.0994269839472932
connectivity,0.005,p=0.005,3,D:\git\sim\outputs\sweep_n_fc_connectivity_n2000_mc20_20260831\connectivity\point_03,DPC,18,0.9,-0.9176050393991728,1.0912472323167388
connectivity,0.005,p=0.005,3,D:\git\sim\outputs\sweep_n_fc_connectivity_n2000_mc20_20260831\connectivity\point_03,DPC,19,0.9500000000000001,-0.9184385860261259,1.0929992027057605
connectivity,0.005,p=0.005,3,D:\git\sim\outputs\sweep_n_fc_connectivity_n2000_mc20_20260831\connectivity\point_03,DPC,20,1.0,-0.9069949838394529,1.0854210167703957
connectivity,0.005,p=0.005,3,D:\git\sim\outputs\sweep_n_fc_connectivity_n2000_mc20_20260831\connectivity\point_03,DPC,21,1.05,-0.9010300943356815,1.0814361188451784
connectivity,0.005,p=0.005,3,D:\git\sim\outputs\sweep_n_fc_connectivity_n2000_mc20_20260831\connectivity\point_03,DPC,22,1.1,-0.89962266074896,1.0805812860284074
connectivity,0.005,p=0.005,3,D:\git\sim\outputs\sweep_n_fc_connectivity_n2000_mc20_20260831\connectivity\point_03,DPC,23,1.1500000000000001,-0.8985541556806727,1.081177364319024
connectivity,0.005,p=0.005,3,D:\git\sim\outputs\sweep_n_fc_connectivity_n2000_mc20_20260831\connectivity\point_03,DPC,24,1.2000000000000002,-0.8839172354936026,1.0720938451505073
connectivity,0.005,p=0.005,3,D:\git\sim\outputs\sweep_n_fc_connectivity_n2000_mc20_20260831\connectivity\point_03,DPC,25,1.25,-0.880653477128734,1.069817095686317
connectivity,0.005,p=0.005,3,D:\git\sim\outputs\sweep_n_fc_connectivity_n2000_mc20_20260831\connectivity\point_03,DPC,26,1.3,-0.8780453842970719,1.067793789417815
connectivity,0.005,p=0.005,3,D:\git\sim\outputs\sweep_n_fc_connectivity_n2000_mc20_20260831\connectivity\point_03,DPC,27,1.35,-0.8829018226887366,1.070155754342145
connectivity,0.005,p=0.005,3,D:\git\sim\outputs\sweep_n_fc_connectivity_n2000_mc20_20260831\connectivity\point_03,DPC,28,1.4000000000000001,-0.8712834354737863,1.063486882678927
connectivity,0.005,p=0.005,3,D:\git\sim\outputs\sweep_n_fc_connectivity_n2000_mc20_20260831\connectivity\point_03,DPC,29,1.4500000000000002,-0.8647580627458893,1.0589962836120326
connectivity,0.005,p=0.005,3,D:\git\sim\outputs\sweep_n_fc_connectivity_n2000_mc20_20260831\connectivity\point_03,DPC,30,1.5,-0.8768891033039554,1.0657445634660196
connectivity,0.005,p=0.005,3,D:\git\sim\outputs\sweep_n_fc_connectivity_n2000_mc20_20260831\connectivity\point_03,DPC,31,1.55,-0.8676972441090276,1.0599750448258114
connectivity,0.005,p=0.005,3,D:\git\sim\outputs\sweep_n_fc_connectivity_n2000_mc20_20260831\connectivity\point_03,DPC,32,1.6,-0.8621814991566713,1.0576575570972602
connectivity,0.005,p=0.005,3,D:\git\sim\outputs\sweep_n_fc_connectivity_n2000_mc20_20260831\connectivity\point_03,DPC,33,1.6500000000000001,-0.8567221047019703,1.053588040083959
connectivity,0.005,p=0.005,3,D:\git\sim\outputs\sweep_n_fc_connectivity_n2000_mc20_20260831\connectivity\point_03,DPC,34,1.7000000000000002,-0.8563101419716203,1.054006185050341
connectivity,0.005,p=0.005,3,D:\git\sim\outputs\sweep_n_fc_connectivity_n2000_mc20_20260831\connectivity\point_03,DPC,35,1.75,-0.8497393835617589,1.0500807465681716
connectivity,0.005,p=0.005,3,D:\git\sim\outputs\sweep_n_fc_connectivity_n2000_mc20_20260831\connectivity\point_03,DPC,36,1.8,-0.8514691444504147,1.0503278514535823
connectivity,0.005,p=0.005,3,D:\git\sim\outputs\sweep_n_fc_connectivity_n2000_mc20_20260831\connectivity\point_03,DPC,37,1.85,-0.8504354704476434,1.050408140227292
connectivity,0.005,p=0.005,3,D:\git\sim\outputs\sweep_n_fc_connectivity_n2000_mc20_20260831\connectivity\point_03,DPC,38,1.9000000000000001,-0.8458487558485508,1.046977131115864
connectivity,0.005,p=0.005,3,D:\git\sim\outputs\sweep_n_fc_connectivity_n2000_mc20_20260831\connectivity\point_03,DPC,39,1.9500000000000002,-0.8358020059805653,1.0416042329379953
connectivity,0.005,p=0.005,3,D:\git\sim\outputs\sweep_n_fc_connectivity_n2000_mc20_20260831\connectivity\point_03,DPC,40,2.0,-0.8394761696318841,1.042131021350026
connectivity,0.005,p=0.005,3,D:\git\sim\outputs\sweep_n_fc_connectivity_n2000_mc20_20260831\connectivity\point_03,DPC,41,2.0500000000000003,-0.8335976120132165,1.0394636019143149
connectivity,0.005,p=0.005,3,D:\git\sim\outputs\sweep_n_fc_connectivity_n2000_mc20_20260831\connectivity\point_03,DPC,42,2.1,-0.8504595612088107,1.0496017600248149
connectivity,0.005,p=0.005,3,D:\git\sim\outputs\sweep_n_fc_connectivity_n2000_mc20_20260831\connectivity\point_03,DPC,43,2.15,-0.8398314569420839,1.0449794787007283
connectivity,0.005,p=0.005,3,D:\git\sim\outputs\sweep_n_fc_connectivity_n2000_mc20_20260831\connectivity\point_03,DPC,44,2.2,-0.8392434185374418,1.0428388787200977
connectivity,0.005,p=0.005,3,D:\git\sim\outputs\sweep_n_fc_connectivity_n2000_mc20_20260831\connectivity\point_03,DPC,45,2.25,-0.8304808573504094,1.0367338402321609
connectivity,0.005,p=0.005,3,D:\git\sim\outputs\sweep_n_fc_connectivity_n2000_mc20_20260831\connectivity\point_03,DPC,46,2.3000000000000003,-0.8272550905944999,1.0356144048655382
connectivity,0.005,p=0.005,3,D:\git\sim\outputs\sweep_n_fc_connectivity_n2000_mc20_20260831\connectivity\point_03,DPC,47,2.35,-0.8359494957039935,1.0405393757663661
connectivity,0.005,p=0.005,3,D:\git\sim\outputs\sweep_n_fc_connectivity_n2000_mc20_20260831\connectivity\point_03,DPC,48,2.4000000000000004,-0.840084267891319,1.0438958777883782
connectivity,0.005,p=0.005,3,D:\git\sim\outputs\sweep_n_fc_connectivity_n2000_mc20_20260831\connectivity\point_03,DPC,49,2.45,-0.8277488626933281,1.0352014462442511
connectivity,0.005,p=0.005,3,D:\git\sim\outputs\sweep_n_fc_connectivity_n2000_mc20_20260831\connectivity\point_03,DPC,50,2.5,-0.8341056332145701,1.038557012645617
connectivity,0.005,p=0.005,3,D:\git\sim\outputs\sweep_n_fc_connectivity_n2000_mc20_20260831\connectivity\point_03,DPC,51,2.5500000000000003,-0.8295335936452022,1.036875400960347
connectivity,0.005,p=0.005,3,D:\git\sim\outputs\sweep_n_fc_connectivity_n2000_mc20_20260831\connectivity\point_03,DPC,52,2.6,-0.8315365246086934,1.0380642106393783
connectivity,0.005,p=0.005,3,D:\git\sim\outputs\sweep_n_fc_connectivity_n2000_mc20_20260831\connectivity\point_03,DPC,53,2.6500000000000004,-0.8230397311856512,1.0321537073022375
connectivity,0.005,p=0.005,3,D:\git\sim\outputs\sweep_n_fc_connectivity_n2000_mc20_20260831\connectivity\point_03,DPC,54,2.7,-0.8270819714639531,1.034936976693444
connectivity,0.005,p=0.005,3,D:\git\sim\outputs\sweep_n_fc_connectivity_n2000_mc20_20260831\connectivity\point_03,DPC,55,2.75,-0.8144326441472699,1.0270415633225292
connectivity,0.005,p=0.005,3,D:\git\sim\outputs\sweep_n_fc_connectivity_n2000_mc20_20260831\connectivity\point_03,DPC,56,2.8000000000000003,-0.8323332804184725,1.0373612001183354
connectivity,0.005,p=0.005,3,D:\git\sim\outputs\sweep_n_fc_connectivity_n2000_mc20_20260831\connectivity\point_03,DPC,57,2.85,-0.8231868864509445,1.0319313007480244
connectivity,0.005,p=0.005,3,D:\git\sim\outputs\sweep_n_fc_connectivity_n2000_mc20_20260831\connectivity\point_03,DPC,58,2.9000000000000004,-0.8264740490343712,1.035009957193316
connectivity,0.005,p=0.005,3,D:\git\sim\outputs\sweep_n_fc_connectivity_n2000_mc20_20260831\connectivity\point_03,DPC,59,2.95,-0.8263556798059748,1.034626207245432
connectivity,0.005,p=0.005,3,D:\git\sim\outputs\sweep_n_fc_connectivity_n2000_mc20_20260831\connectivity\point_03,DPC,60,3.0,-0.8171264509083207,1.029434530536139
connectivity,0.005,p=0.005,3,D:\git\sim\outputs\sweep_n_fc_connectivity_n2000_mc20_20260831\connectivity\point_03,DPC,61,3.0500000000000003,-0.8281187959680776,1.035257974714161
connectivity,0.005,p=0.005,3,D:\git\sim\outputs\sweep_n_fc_connectivity_n2000_mc20_20260831\connectivity\point_03,DPC,62,3.1,-0.8243489591901798,1.0331241460581984
connectivity,0.005,p=0.005,3,D:\git\sim\outputs\sweep_n_fc_connectivity_n2000_mc20_20260831\connectivity\point_03,DPC,63,3.1500000000000004,-0.8111727614165205,1.024808751539681
connectivity,0.005,p=0.005,3,D:\git\sim\outputs\sweep_n_fc_connectivity_n2000_mc20_20260831\connectivity\point_03,DPC,64,3.2,-0.8254497553430071,1.0335598997949256
connectivity,0.005,p=0.005,3,D:\git\sim\outputs\sweep_n_fc_connectivity_n2000_mc20_20260831\connectivity\point_03,DPC,65,3.25,-0.8220791099904713,1.0305998098432327
connectivity,0.005,p=0.005,3,D:\git\sim\outputs\sweep_n_fc_connectivity_n2000_mc20_20260831\connectivity\point_03,DPC,66,3.3000000000000003,-0.812607562206253,1.0257495147335478
connectivity,0.005,p=0.005,3,D:\git\sim\outputs\sweep_n_fc_connectivity_n2000_mc20_20260831\connectivity\point_03,DPC,67,3.35,-0.818083702106633,1.0294632821719127
connectivity,0.005,p=0.005,3,D:\git\sim\outputs\sweep_n_fc_connectivity_n2000_mc20_20260831\connectivity\point_03,DPC,68,3.4000000000000004,-0.8163942409299298,1.0265894801351172
connectivity,0.005,p=0.005,3,D:\git\sim\outputs\sweep_n_fc_connectivity_n2000_mc20_20260831\connectivity\point_03,DPC,69,3.45,-0.8171223371928662,1.0281550213052717
connectivity,0.005,p=0.005,3,D:\git\sim\outputs\sweep_n_fc_connectivity_n2000_mc20_20260831\connectivity\point_03,DPC,70,3.5,-0.8209856980824393,1.0314324457301647
connectivity,0.005,p=0.005,3,D:\git\sim\outputs\sweep_n_fc_connectivity_n2000_mc20_20260831\connectivity\point_03,DPC,71,3.5500000000000003,-0.8161073615976546,1.0277795090052864
connectivity,0.005,p=0.005,3,D:\git\sim\outputs\sweep_n_fc_connectivity_n2000_mc20_20260831\connectivity\point_03,DPC,72,3.6,-0.8140550644009434,1.0262175295477856
connectivity,0.005,p=0.005,3,D:\git\sim\outputs\sweep_n_fc_connectivity_n2000_mc20_20260831\connectivity\point_03,DPC,73,3.6500000000000004,-0.8117750915727002,1.0253693655730938
connectivity,0.005,p=0.005,3,D:\git\sim\outputs\sweep_n_fc_connectivity_n2000_mc20_20260831\connectivity\point_03,DPC,74,3.7,-0.8167382903941468,1.0278768740639244
connectivity,0.005,p=0.005,3,D:\git\sim\outputs\sweep_n_fc_connectivity_n2000_mc20_20260831\connectivity\point_03,DPC,75,3.75,-0.8242683659240396,1.032780025548429
connectivity,0.005,p=0.005,3,D:\git\sim\outputs\sweep_n_fc_connectivity_n2000_mc20_20260831\connectivity\point_03,DPC,76,3.8000000000000003,-0.8041059882320933,1.0209339781765596
connectivity,0.005,p=0.005,3,D:\git\sim\outputs\sweep_n_fc_connectivity_n2000_mc20_20260831\connectivity\point_03,DPC,77,3.85,-0.8106397879934082,1.0229270471818148
connectivity,0.005,p=0.005,3,D:\git\sim\outputs\sweep_n_fc_connectivity_n2000_mc20_20260831\connectivity\point_03,DPC,78,3.9000000000000004,-0.8059122438716805,1.0214320876954752
connectivity,0.005,p=0.005,3,D:\git\sim\outputs\sweep_n_fc_connectivity_n2000_mc20_20260831\connectivity\point_03,DPC,79,3.95,-0.8039886285607885,1.020737634114953
connectivity,0.005,p=0.005,3,D:\git\sim\outputs\sweep_n_fc_connectivity_n2000_mc20_20260831\connectivity\point_03,DPC,80,4.0,-0.7958595462636014,1.0167208828276835
connectivity,0.005,p=0.005,3,D:\git\sim\outputs\sweep_n_fc_connectivity_n2000_mc20_20260831\connectivity\point_03,DPC,81,4.05,-0.8110984707996225,1.0255623581186215
connectivity,0.005,p=0.005,3,D:\git\sim\outputs\sweep_n_fc_connectivity_n2000_mc20_20260831\connectivity\point_03,DPC,82,4.1000000000000005,-0.8116481105836881,1.0258100571738482
connectivity,0.005,p=0.005,3,D:\git\sim\outputs\sweep_n_fc_connectivity_n2000_mc20_20260831\connectivity\point_03,DPC,83,4.15,-0.8025805993503604,1.0200131478266523
connectivity,0.005,p=0.005,3,D:\git\sim\outputs\sweep_n_fc_connectivity_n2000_mc20_20260831\connectivity\point_03,DPC,84,4.2,-0.8169387508344135,1.0279885814640517
connectivity,0.005,p=0.005,3,D:\git\sim\outputs\sweep_n_fc_connectivity_n2000_mc20_20260831\connectivity\point_03,DPC,85,4.25,-0.8100729224967795,1.0239547620781337
connectivity,0.005,p=0.005,3,D:\git\sim\outputs\sweep_n_fc_connectivity_n2000_mc20_20260831\connectivity\point_03,DPC,86,4.3,-0.8039943303219121,1.0193572275385676
connectivity,0.005,p=0.005,3,D:\git\sim\outputs\sweep_n_fc_connectivity_n2000_mc20_20260831\connectivity\point_03,DPC,87,4.3500000000000005,-0.808871276742667,1.0230319324483337
connectivity,0.005,p=0.005,3,D:\git\sim\outputs\sweep_n_fc_connectivity_n2000_mc20_20260831\connectivity\point_03,DPC,88,4.4,-0.796669163599312,1.016418791915896
connectivity,0.005,p=0.005,3,D:\git\sim\outputs\sweep_n_fc_connectivity_n2000_mc20_20260831\connectivity\point_03,DPC,89,4.45,-0.8048558008999869,1.021728975424238
connectivity,0.005,p=0.005,3,D:\git\sim\outputs\sweep_n_fc_connectivity_n2000_mc20_20260831\connectivity\point_03,DPC,90,4.5,-0.8133311939147464,1.0262818178800832
connectivity,0.005,p=0.005,3,D:\git\sim\outputs\sweep_n_fc_connectivity_n2000_mc20_20260831\connectivity\point_03,DPC,91,4.55,-0.8105872910949592,1.0229127940470382
connectivity,0.005,p=0.005,3,D:\git\sim\outputs\sweep_n_fc_connectivity_n2000_mc20_20260831\connectivity\point_03,DPC,92,4.6000000000000005,-0.8001616029036487,1.0177292751180391
connectivity,0.005,p=0.005,3,D:\git\sim\outputs\sweep_n_fc_connectivity_n2000_mc20_20260831\connectivity\point_03,DPC,93,4.65,-0.8121272350115374,1.0253527238957267
connectivity,0.005,p=0.005,3,D:\git\sim\outputs\sweep_n_fc_connectivity_n2000_mc20_20260831\connectivity\point_03,DPC,94,4.7,-0.8089022901178395,1.023470667911735
connectivity,0.005,p=0.005,3,D:\git\sim\outputs\sweep_n_fc_connectivity_n2000_mc20_20260831\connectivity\point_03,DPC,95,4.75,-0.8009265268262626,1.0181443474467127
connectivity,0.005,p=0.005,3,D:\git\sim\outputs\sweep_n_fc_connectivity_n2000_mc20_20260831\connectivity\point_03,DPC,96,4.800000000000001,-0.8042070152084289,1.020292391094184
connectivity,0.005,p=0.005,3,D:\git\sim\outputs\sweep_n_fc_connectivity_n2000_mc20_20260831\connectivity\point_03,DPC,97,4.8500000000000005,-0.806583994726966,1.021388806621156
connectivity,0.005,p=0.005,3,D:\git\sim\outputs\sweep_n_fc_connectivity_n2000_mc20_20260831\connectivity\point_03,DPC,98,4.9,-0.7951439042871854,1.0133755561226496
connectivity,0.005,p=0.005,3,D:\git\sim\outputs\sweep_n_fc_connectivity_n2000_mc20_20260831\connectivity\point_03,DPC,99,4.95,-0.8104484907658689,1.022916201882176
connectivity,0.005,p=0.005,3,D:\git\sim\outputs\sweep_n_fc_connectivity_n2000_mc20_20260831\connectivity\point_03,DPC,100,5.0,-0.797165861312722,1.0154302542331326
connectivity,0.005,p=0.005,3,D:\git\sim\outputs\sweep_n_fc_connectivity_n2000_mc20_20260831\connectivity\point_03,DPC,101,5.050000000000001,-0.7987443287760637,1.0152877403893696
connectivity,0.005,p=0.005,3,D:\git\sim\outputs\sweep_n_fc_connectivity_n2000_mc20_20260831\connectivity\point_03,DPC,102,5.1000000000000005,-0.8091560507850528,1.0235053704244133
connectivity,0.005,p=0.005,3,D:\git\sim\outputs\sweep_n_fc_connectivity_n2000_mc20_20260831\connectivity\point_03,DPC,103,5.15,-0.8066212576505805,1.0225064761813378
connectivity,0.005,p=0.005,3,D:\git\sim\outputs\sweep_n_fc_connectivity_n2000_mc20_20260831\connectivity\point_03,DPC,104,5.2,-0.8028385300547153,1.0196820780621567
connectivity,0.005,p=0.005,3,D:\git\sim\outputs\sweep_n_fc_connectivity_n2000_mc20_20260831\connectivity\point_03,DPC,105,5.25,-0.797143161444752,1.017208430382782
connectivity,0.005,p=0.005,3,D:\git\sim\outputs\sweep_n_fc_connectivity_n2000_mc20_20260831\connectivity\point_03,DPC,106,5.300000000000001,-0.7940599282575869,1.0142701097554143
connectivity,0.005,p=0.005,3,D:\git\sim\outputs\sweep_n_fc_connectivity_n2000_mc20_20260831\connectivity\point_03,DPC,107,5.3500000000000005,-0.8086452236383743,1.0220580713455623
connectivity,0.005,p=0.005,3,D:\git\sim\outputs\sweep_n_fc_connectivity_n2000_mc20_20260831\connectivity\point_03,DPC,108,5.4,-0.7990715405916435,1.0168524993041308
connectivity,0.005,p=0.005,3,D:\git\sim\outputs\sweep_n_fc_connectivity_n2000_mc20_20260831\connectivity\point_03,DPC,109,5.45,-0.8048798839404314,1.0206022920595288
connectivity,0.005,p=0.005,3,D:\git\sim\outputs\sweep_n_fc_connectivity_n2000_mc20_20260831\connectivity\point_03,DPC,110,5.5,-0.8043163895304748,1.019828505459109
connectivity,0.005,p=0.005,3,D:\git\sim\outputs\sweep_n_fc_connectivity_n2000_mc20_20260831\connectivity\point_03,DPC,111,5.550000000000001,-0.7875403156187932,1.0090733113543946
connectivity,0.005,p=0.005,3,D:\git\sim\outputs\sweep_n_fc_connectivity_n2000_mc20_20260831\connectivity\point_03,DPC,112,5.6000000000000005,-0.798951504241868,1.0167097801247231
connectivity,0.005,p=0.005,3,D:\git\sim\outputs\sweep_n_fc_connectivity_n2000_mc20_20260831\connectivity\point_03,DPC,113,5.65,-0.8054065403595294,1.0201815703477992
connectivity,0.005,p=0.005,3,D:\git\sim\outputs\sweep_n_fc_connectivity_n2000_mc20_20260831\connectivity\point_03,DPC,114,5.7,-0.7957480081823763,1.0153040086220095
connectivity,0.005,p=0.005,3,D:\git\sim\outputs\sweep_n_fc_connectivity_n2000_mc20_20260831\connectivity\point_03,DPC,115,5.75,-0.7915497585477166,1.0121107539946874
connectivity,0.005,p=0.005,3,D:\git\sim\outputs\sweep_n_fc_connectivity_n2000_mc20_20260831\connectivity\point_03,DPC,116,5.800000000000001,-0.8019509435477903,1.0170586262351209
connectivity,0.005,p=0.005,3,D:\git\sim\outputs\sweep_n_fc_connectivity_n2000_mc20_20260831\connectivity\point_03,DPC,117,5.8500000000000005,-0.7902047645875987,1.011374021539408
connectivity,0.005,p=0.005,3,D:\git\sim\outputs\sweep_n_fc_connectivity_n2000_mc20_20260831\connectivity\point_03,DPC,118,5.9,-0.7934783385641198,1.0135988042294777
connectivity,0.005,p=0.005,3,D:\git\sim\outputs\sweep_n_fc_connectivity_n2000_mc20_20260831\connectivity\point_03,DPC,119,5.95,-0.7964211736789352,1.015475540751353
connectivity,0.005,p=0.005,3,D:\git\sim\outputs\sweep_n_fc_connectivity_n2000_mc20_20260831\connectivity\point_03,DPC,120,6.0,-0.7822193857439492,1.0046596714637648
connectivity,0.005,p=0.005,3,D:\git\sim\outputs\sweep_n_fc_connectivity_n2000_mc20_20260831\connectivity\point_03,DPC,121,6.050000000000001,-0.7995931147208591,1.0165333041772961
connectivity,0.005,p=0.005,3,D:\git\sim\outputs\sweep_n_fc_connectivity_n2000_mc20_20260831\connectivity\point_03,DPC,122,6.1000000000000005,-0.8039445161520022,1.020162332249392
connectivity,0.005,p=0.005,3,D:\git\sim\outputs\sweep_n_fc_connectivity_n2000_mc20_20260831\connectivity\point_03,DPC,123,6.15,-0.7942765320554667,1.0144739237982594
connectivity,0.005,p=0.005,3,D:\git\sim\outputs\sweep_n_fc_connectivity_n2000_mc20_20260831\connectivity\point_03,DPC,124,6.2,-0.7939296988309185,1.0134782927179038
connectivity,0.005,p=0.005,3,D:\git\sim\outputs\sweep_n_fc_connectivity_n2000_mc20_20260831\connectivity\point_03,DPC,125,6.25,-0.790917336817331,1.0127718052570718
connectivity,0.005,p=0.005,3,D:\git\sim\outputs\sweep_n_fc_connectivity_n2000_mc20_20260831\connectivity\point_03,DPC,126,6.300000000000001,-0.8001664421134047,1.0185753229800159
connectivity,0.005,p=0.005,3,D:\git\sim\outputs\sweep_n_fc_connectivity_n2000_mc20_20260831\connectivity\point_03,DPC,127,6.3500000000000005,-0.7930519553862271,1.0128088980759933
connectivity,0.005,p=0.005,3,D:\git\sim\outputs\sweep_n_fc_connectivity_n2000_mc20_20260831\connectivity\point_03,DPC,128,6.4,-0.7975455731122066,1.0167345245668487
connectivity,0.005,p=0.005,3,D:\git\sim\outputs\sweep_n_fc_connectivity_n2000_mc20_20260831\connectivity\point_03,DPC,129,6.45,-0.796033204505824,1.0138570278961514
connectivity,0.005,p=0.005,3,D:\git\sim\outputs\sweep_n_fc_connectivity_n2000_mc20_20260831\connectivity\point_03,DPC,130,6.5,-0.8054051229631581,1.021834574354152
connectivity,0.005,p=0.005,3,D:\git\sim\outputs\sweep_n_fc_connectivity_n2000_mc20_20260831\connectivity\point_03,DPC,131,6.550000000000001,-0.7982335078156605,1.0172154707914018
connectivity,0.005,p=0.005,3,D:\git\sim\outputs\sweep_n_fc_connectivity_n2000_mc20_20260831\connectivity\point_03,DPC,132,6.6000000000000005,-0.7896548524735069,1.0113553305470464
connectivity,0.005,p=0.005,3,D:\git\sim\outputs\sweep_n_fc_connectivity_n2000_mc20_20260831\connectivity\point_03,DPC,133,6.65,-0.7982047223899011,1.016164745995733
connectivity,0.005,p=0.005,3,D:\git\sim\outputs\sweep_n_fc_connectivity_n2000_mc20_20260831\connectivity\point_03,DPC,134,6.7,-0.7967136493665011,1.0147932298513784
connectivity,0.005,p=0.005,3,D:\git\sim\outputs\sweep_n_fc_connectivity_n2000_mc20_20260831\connectivity\point_03,DPC,135,6.75,-0.7877706117228307,1.0092458479805764
connectivity,0.005,p=0.005,3,D:\git\sim\outputs\sweep_n_fc_connectivity_n2000_mc20_20260831\connectivity\point_03,DPC,136,6.800000000000001,-0.786630249806052,1.0087953755395058
connectivity,0.005,p=0.005,3,D:\git\sim\outputs\sweep_n_fc_connectivity_n2000_mc20_20260831\connectivity\point_03,DPC,137,6.8500000000000005,-0.7868860783704328,1.0100567412855928
connectivity,0.005,p=0.005,3,D:\git\sim\outputs\sweep_n_fc_connectivity_n2000_mc20_20260831\connectivity\point_03,DPC,138,6.9,-0.801180989000173,1.018084176522137
connectivity,0.005,p=0.005,3,D:\git\sim\outputs\sweep_n_fc_connectivity_n2000_mc20_20260831\connectivity\point_03,DPC,139,6.95,-0.800592396027644,1.0181283909719743
connectivity,0.005,p=0.005,3,D:\git\sim\outputs\sweep_n_fc_connectivity_n2000_mc20_20260831\connectivity\point_03,DPC,140,7.0,-0.7950861478738693,1.0145102912157866
connectivity,0.005,p=0.005,3,D:\git\sim\outputs\sweep_n_fc_connectivity_n2000_mc20_20260831\connectivity\point_03,DPC,141,7.050000000000001,-0.7965458321832876,1.0150381526354946
connectivity,0.005,p=0.005,3,D:\git\sim\outputs\sweep_n_fc_connectivity_n2000_mc20_20260831\connectivity\point_03,DPC,142,7.1000000000000005,-0.793019252209723,1.013057692579007
connectivity,0.005,p=0.005,3,D:\git\sim\outputs\sweep_n_fc_connectivity_n2000_mc20_20260831\connectivity\point_03,DPC,143,7.15,-0.7875282022994718,1.009524137049849
connectivity,0.005,p=0.005,3,D:\git\sim\outputs\sweep_n_fc_connectivity_n2000_mc20_20260831\connectivity\point_03,DPC,144,7.2,-0.7935545099564076,1.0137271520529914
connectivity,0.005,p=0.005,3,D:\git\sim\outputs\sweep_n_fc_connectivity_n2000_mc20_20260831\connectivity\point_03,DPC,145,7.25,-0.7994527960007414,1.015887252010852
connectivity,0.005,p=0.005,3,D:\git\sim\outputs\sweep_n_fc_connectivity_n2000_mc20_20260831\connectivity\point_03,DPC,146,7.300000000000001,-0.7974365761516399,1.0161652234214418
connectivity,0.005,p=0.005,3,D:\git\sim\outputs\sweep_n_fc_connectivity_n2000_mc20_20260831\connectivity\point_03,DPC,147,7.3500000000000005,-0.7916672042625885,1.011746996521214
connectivity,0.005,p=0.005,3,D:\git\sim\outputs\sweep_n_fc_connectivity_n2000_mc20_20260831\connectivity\point_03,DPC,148,7.4,-0.8031561970814474,1.0194666695643526
connectivity,0.005,p=0.005,3,D:\git\sim\outputs\sweep_n_fc_connectivity_n2000_mc20_20260831\connectivity\point_03,DPC,149,7.45,-0.7898454501226692,1.0113840630195172
connectivity,0.005,p=0.005,3,D:\git\sim\outputs\sweep_n_fc_connectivity_n2000_mc20_20260831\connectivity\point_03,DPC,150,7.5,-0.794324001763161,1.0131439321603501
connectivity,0.005,p=0.005,3,D:\git\sim\outputs\sweep_n_fc_connectivity_n2000_mc20_20260831\connectivity\point_03,DPC,151,7.550000000000001,-0.7952827817934643,1.0141776066344135
connectivity,0.005,p=0.005,3,D:\git\sim\outputs\sweep_n_fc_connectivity_n2000_mc20_20260831\connectivity\point_03,DPC,152,7.6000000000000005,-0.7924954908441538,1.0127095988364236
connectivity,0.005,p=0.005,3,D:\git\sim\outputs\sweep_n_fc_connectivity_n2000_mc20_20260831\connectivity\point_03,DPC,153,7.65,-0.7972903551662882,1.0144440522181326
connectivity,0.005,p=0.005,3,D:\git\sim\outputs\sweep_n_fc_connectivity_n2000_mc20_20260831\connectivity\point_03,DPC,154,7.7,-0.7887182817815136,1.0106048206844238
connectivity,0.005,p=0.005,3,D:\git\sim\outputs\sweep_n_fc_connectivity_n2000_mc20_20260831\connectivity\point_03,DPC,155,7.75,-0.7937948639427654,1.0135789655331695
connectivity,0.005,p=0.005,3,D:\git\sim\outputs\sweep_n_fc_connectivity_n2000_mc20_20260831\connectivity\point_03,DPC,156,7.800000000000001,-0.7949732149980546,1.0147179364418855
connectivity,0.005,p=0.005,3,D:\git\sim\outputs\sweep_n_fc_connectivity_n2000_mc20_20260831\connectivity\point_03,DPC,157,7.8500000000000005,-0.7873881926154167,1.0083366140325478
connectivity,0.005,p=0.005,3,D:\git\sim\outputs\sweep_n_fc_connectivity_n2000_mc20_20260831\connectivity\point_03,DPC,158,7.9,-0.7943539072976378,1.0132244628486693
connectivity,0.005,p=0.005,3,D:\git\sim\outputs\sweep_n_fc_connectivity_n2000_mc20_20260831\connectivity\point_03,DPC,159,7.95,-0.7907828777311816,1.011528043723577
connectivity,0.005,p=0.005,3,D:\git\sim\outputs\sweep_n_fc_connectivity_n2000_mc20_20260831\connectivity\point_03,DPC,160,8.0,-0.7933248228797432,1.013013210303268
connectivity,0.005,p=0.005,3,D:\git\sim\outputs\sweep_n_fc_connectivity_n2000_mc20_20260831\connectivity\point_03,DPC,161,8.05,-0.7941100355022529,1.0137421084414269
connectivity,0.005,p=0.005,3,D:\git\sim\outputs\sweep_n_fc_connectivity_n2000_mc20_20260831\connectivity\point_03,DPC,162,8.1,-0.7945313804231573,1.0149202459360864
connectivity,0.005,p=0.005,3,D:\git\sim\outputs\sweep_n_fc_connectivity_n2000_mc20_20260831\connectivity\point_03,DPC,163,8.15,-0.7892141195011584,1.0098880330136728
connectivity,0.005,p=0.005,3,D:\git\sim\outputs\sweep_n_fc_connectivity_n2000_mc20_20260831\connectivity\point_03,DPC,164,8.200000000000001,-0.7840642771183424,1.007546090177462
connectivity,0.005,p=0.005,3,D:\git\sim\outputs\sweep_n_fc_connectivity_n2000_mc20_20260831\connectivity\point_03,DPC,165,8.25,-0.8005970809610121,1.0180670423980656
connectivity,0.005,p=0.005,3,D:\git\sim\outputs\sweep_n_fc_connectivity_n2000_mc20_20260831\connectivity\point_03,DPC,166,8.3,-0.7913487856856269,1.012049191071142
connectivity,0.005,p=0.005,3,D:\git\sim\outputs\sweep_n_fc_connectivity_n2000_mc20_20260831\connectivity\point_03,DPC,167,8.35,-0.7967967713130374,1.0142197412988838
connectivity,0.005,p=0.005,3,D:\git\sim\outputs\sweep_n_fc_connectivity_n2000_mc20_20260831\connectivity\point_03,DPC,168,8.4,-0.7957220710713329,1.0155043506319328
connectivity,0.005,p=0.005,3,D:\git\sim\outputs\sweep_n_fc_connectivity_n2000_mc20_20260831\connectivity\point_03,DPC,169,8.450000000000001,-0.7912661723143679,1.0111055248570464
connectivity,0.005,p=0.005,3,D:\git\sim\outputs\sweep_n_fc_connectivity_n2000_mc20_20260831\connectivity\point_03,DPC,170,8.5,-0.7931793547156998,1.0137580788408385
connectivity,0.005,p=0.005,3,D:\git\sim\outputs\sweep_n_fc_connectivity_n2000_mc20_20260831\connectivity\point_03,DPC,171,8.55,-0.7984082040545497,1.0162308296800595
connectivity,0.005,p=0.005,3,D:\git\sim\outputs\sweep_n_fc_connectivity_n2000_mc20_20260831\connectivity\point_03,DPC,172,8.6,-0.7840993608411962,1.0065734461776672
connectivity,0.005,p=0.005,3,D:\git\sim\outputs\sweep_n_fc_connectivity_n2000_mc20_20260831\connectivity\point_03,DPC,173,8.65,-0.7829266768295913,1.0070716066896819
connectivity,0.005,p=0.005,3,D:\git\sim\outputs\sweep_n_fc_connectivity_n2000_mc20_20260831\connectivity\point_03,DPC,174,8.700000000000001,-0.7947302994644159,1.0144384871364696
connectivity,0.005,p=0.005,3,D:\git\sim\outputs\sweep_n_fc_connectivity_n2000_mc20_20260831\connectivity\point_03,DPC,175,8.75,-0.7994808685062247,1.0170834413230043
connectivity,0.005,p=0.005,3,D:\git\sim\outputs\sweep_n_fc_connectivity_n2000_mc20_20260831\connectivity\point_03,DPC,176,8.8,-0.7894111478818917,1.01105667915531
connectivity,0.005,p=0.005,3,D:\git\sim\outputs\sweep_n_fc_connectivity_n2000_mc20_20260831\connectivity\point_03,DPC,177,8.85,-0.7961912548595667,1.0145691401360868
connectivity,0.005,p=0.005,3,D:\git\sim\outputs\sweep_n_fc_connectivity_n2000_mc20_20260831\connectivity\point_03,DPC,178,8.9,-0.7955673658013087,1.0155431621224598
connectivity,0.005,p=0.005,3,D:\git\sim\outputs\sweep_n_fc_connectivity_n2000_mc20_20260831\connectivity\point_03,DPC,179,8.950000000000001,-0.7782431286994227,1.0043747485439307
connectivity,0.005,p=0.005,3,D:\git\sim\outputs\sweep_n_fc_connectivity_n2000_mc20_20260831\connectivity\point_03,DPC,180,9.0,-0.7832376148807938,1.0058869245405824
connectivity,0.005,p=0.005,3,D:\git\sim\outputs\sweep_n_fc_connectivity_n2000_mc20_20260831\connectivity\point_03,DPC,181,9.05,-0.7849976894278442,1.0080084972977688
connectivity,0.005,p=0.005,3,D:\git\sim\outputs\sweep_n_fc_connectivity_n2000_mc20_20260831\connectivity\point_03,DPC,182,9.1,-0.7950549371352091,1.013301714545222
connectivity,0.005,p=0.005,3,D:\git\sim\outputs\sweep_n_fc_connectivity_n2000_mc20_20260831\connectivity\point_03,DPC,183,9.15,-0.7941684216862593,1.0131267875984478
connectivity,0.005,p=0.005,3,D:\git\sim\outputs\sweep_n_fc_connectivity_n2000_mc20_20260831\connectivity\point_03,DPC,184,9.200000000000001,-0.7962110339735613,1.015359286679251
connectivity,0.005,p=0.005,3,D:\git\sim\outputs\sweep_n_fc_connectivity_n2000_mc20_20260831\connectivity\point_03,DPC,185,9.25,-0.7880957649153588,1.0108171467434943
connectivity,0.005,p=0.005,3,D:\git\sim\outputs\sweep_n_fc_connectivity_n2000_mc20_20260831\connectivity\point_03,DPC,186,9.3,-0.7827720180970552,1.0065674198389227
connectivity,0.005,p=0.005,3,D:\git\sim\outputs\sweep_n_fc_connectivity_n2000_mc20_20260831\connectivity\point_03,DPC,187,9.35,-0.7905546772173242,1.012292683026675
connectivity,0.005,p=0.005,3,D:\git\sim\outputs\sweep_n_fc_connectivity_n2000_mc20_20260831\connectivity\point_03,DPC,188,9.4,-0.7899824440048073,1.0106254319248165
connectivity,0.005,p=0.005,3,D:\git\sim\outputs\sweep_n_fc_connectivity_n2000_mc20_20260831\connectivity\point_03,DPC,189,9.450000000000001,-0.7858143241166227,1.009542177164923
connectivity,0.005,p=0.005,3,D:\git\sim\outputs\sweep_n_fc_connectivity_n2000_mc20_20260831\connectivity\point_03,DPC,190,9.5,-0.798691000076259,1.016668381983612
connectivity,0.005,p=0.005,3,D:\git\sim\outputs\sweep_n_fc_connectivity_n2000_mc20_20260831\connectivity\point_03,DPC,191,9.55,-0.7936351838526011,1.014597758992506
connectivity,0.005,p=0.005,3,D:\git\sim\outputs\sweep_n_fc_connectivity_n2000_mc20_20260831\connectivity\point_03,DPC,192,9.600000000000001,-0.7917748999781503,1.0125935313743437
connectivity,0.005,p=0.005,3,D:\git\sim\outputs\sweep_n_fc_connectivity_n2000_mc20_20260831\connectivity\point_03,DPC,193,9.65,-0.7875634946512383,1.010088741391338
connectivity,0.005,p=0.005,3,D:\git\sim\outputs\sweep_n_fc_connectivity_n2000_mc20_20260831\connectivity\point_03,DPC,194,9.700000000000001,-0.7897452008140957,1.0099590725538377
connectivity,0.005,p=0.005,3,D:\git\sim\outputs\sweep_n_fc_connectivity_n2000_mc20_20260831\connectivity\point_03,DPC,195,9.75,-0.7842265993076135,1.0075957897256633
connectivity,0.005,p=0.005,3,D:\git\sim\outputs\sweep_n_fc_connectivity_n2000_mc20_20260831\connectivity\point_03,DPC,196,9.8,-0.7897619679953085,1.0103432459113408
connectivity,0.005,p=0.005,3,D:\git\sim\outputs\sweep_n_fc_connectivity_n2000_mc20_20260831\connectivity\point_03,DPC,197,9.850000000000001,-0.7942536130889575,1.013951172900415
connectivity,0.005,p=0.005,3,D:\git\sim\outputs\sweep_n_fc_connectivity_n2000_mc20_20260831\connectivity\point_03,DPC,198,9.9,-0.7887759722124341,1.0105871486020255
connectivity,0.005,p=0.005,3,D:\git\sim\outputs\sweep_n_fc_connectivity_n2000_mc20_20260831\connectivity\point_03,DPC,199,9.950000000000001,-0.7959225050782425,1.0146452817222495
connectivity,0.005,p=0.005,3,D:\git\sim\outputs\sweep_n_fc_connectivity_n2000_mc20_20260831\connectivity\point_03,DPC,200,10.0,-0.7888030371055744,1.0107375820007125
connectivity,0.005,p=0.005,3,D:\git\sim\outputs\sweep_n_fc_connectivity_n2000_mc20_20260831\connectivity\point_03,DPC,201,10.05,-0.782929882061122,1.0060685337982118
connectivity,0.005,p=0.005,3,D:\git\sim\outputs\sweep_n_fc_connectivity_n2000_mc20_20260831\connectivity\point_03,DPC,202,10.100000000000001,-0.7884845955198361,1.009914712877393
connectivity,0.005,p=0.005,3,D:\git\sim\outputs\sweep_n_fc_connectivity_n2000_mc20_20260831\connectivity\point_03,DPC,203,10.15,-0.7826420660750626,1.0067780398595365
connectivity,0.005,p=0.005,3,D:\git\sim\outputs\sweep_n_fc_connectivity_n2000_mc20_20260831\connectivity\point_03,DPC,204,10.200000000000001,-0.785665394449268,1.0080104212507113
connectivity,0.005,p=0.005,3,D:\git\sim\outputs\sweep_n_fc_connectivity_n2000_mc20_20260831\connectivity\point_03,DPC,205,10.25,-0.7930972948466282,1.012600411427472
connectivity,0.005,p=0.005,3,D:\git\sim\outputs\sweep_n_fc_connectivity_n2000_mc20_20260831\connectivity\point_03,DPC,206,10.3,-0.7916472304094151,1.0118163921683536
connectivity,0.005,p=0.005,3,D:\git\sim\outputs\sweep_n_fc_connectivity_n2000_mc20_20260831\connectivity\point_03,DPC,207,10.350000000000001,-0.7887147662689316,1.010415184032568
connectivity,0.005,p=0.005,3,D:\git\sim\outputs\sweep_n_fc_connectivity_n2000_mc20_20260831\connectivity\point_03,DPC,208,10.4,-0.7833510721952874,1.0070588185885123
connectivity,0.005,p=0.005,3,D:\git\sim\outputs\sweep_n_fc_connectivity_n2000_mc20_20260831\connectivity\point_03,DPC,209,10.450000000000001,-0.7880716484138546,1.009735990235584
connectivity,0.005,p=0.005,3,D:\git\sim\outputs\sweep_n_fc_connectivity_n2000_mc20_20260831\connectivity\point_03,DPC,210,10.5,-0.7839553059062796,1.0062707560096669
connectivity,0.005,p=0.005,3,D:\git\sim\outputs\sweep_n_fc_connectivity_n2000_mc20_20260831\connectivity\point_03,DPC,211,10.55,-0.7891192270314739,1.0103202246575607
connectivity,0.005,p=0.005,3,D:\git\sim\outputs\sweep_n_fc_connectivity_n2000_mc20_20260831\connectivity\point_03,DPC,212,10.600000000000001,-0.7833069127957757,1.006787898572102
connectivity,0.005,p=0.005,3,D:\git\sim\outputs\sweep_n_fc_connectivity_n2000_mc20_20260831\connectivity\point_03,DPC,213,10.65,-0.7915113978117766,1.0119737306455874
connectivity,0.005,p=0.005,3,D:\git\sim\outputs\sweep_n_fc_connectivity_n2000_mc20_20260831\connectivity\point_03,DPC,214,10.700000000000001,-0.7871825020808448,1.0086242208270804
connectivity,0.005,p=0.005,3,D:\git\sim\outputs\sweep_n_fc_connectivity_n2000_mc20_20260831\connectivity\point_03,DPC,215,10.75,-0.7758452530093297,1.0018640465546693
connectivity,0.005,p=0.005,3,D:\git\sim\outputs\sweep_n_fc_connectivity_n2000_mc20_20260831\connectivity\point_03,DPC,216,10.8,-0.7947119603843209,1.0140736083985382
connectivity,0.005,p=0.005,3,D:\git\sim\outputs\sweep_n_fc_connectivity_n2000_mc20_20260831\connectivity\point_03,DPC,217,10.850000000000001,-0.7801176484024736,1.0047993780315003
connectivity,0.005,p=0.005,3,D:\git\sim\outputs\sweep_n_fc_connectivity_n2000_mc20_20260831\connectivity\point_03,DPC,218,10.9,-0.791236921986937,1.0130195716213992
connectivity,0.005,p=0.005,3,D:\git\sim\outputs\sweep_n_fc_connectivity_n2000_mc20_20260831\connectivity\point_03,DPC,219,10.950000000000001,-0.7878620676641074,1.0099922753748634
connectivity,0.005,p=0.005,3,D:\git\sim\outputs\sweep_n_fc_connectivity_n2000_mc20_20260831\connectivity\point_03,DPC,220,11.0,-0.7943856432266422,1.0135638075459295
connectivity,0.005,p=0.005,3,D:\git\sim\outputs\sweep_n_fc_connectivity_n2000_mc20_20260831\connectivity\point_03,DPC,221,11.05,-0.7845566506598258,1.0077280759553078
connectivity,0.005,p=0.005,3,D:\git\sim\outputs\sweep_n_fc_connectivity_n2000_mc20_20260831\connectivity\point_03,DPC,222,11.100000000000001,-0.79037321802977,1.0107177659121735
connectivity,0.005,p=0.005,3,D:\git\sim\outputs\sweep_n_fc_connectivity_n2000_mc20_20260831\connectivity\point_03,DPC,223,11.15,-0.7902964542098055,1.011533280638471
connectivity,0.005,p=0.005,3,D:\git\sim\outputs\sweep_n_fc_connectivity_n2000_mc20_20260831\connectivity\point_03,DPC,224,11.200000000000001,-0.7895264442199226,1.0118016666220067
connectivity,0.005,p=0.005,3,D:\git\sim\outputs\sweep_n_fc_connectivity_n2000_mc20_20260831\connectivity\point_03,DPC,225,11.25,-0.7908887333299441,1.0112590716518202
connectivity,0.005,p=0.005,3,D:\git\sim\outputs\sweep_n_fc_connectivity_n2000_mc20_20260831\connectivity\point_03,DPC,226,11.3,-0.7969215752606272,1.01507179471279
connectivity,0.005,p=0.005,3,D:\git\sim\outputs\sweep_n_fc_connectivity_n2000_mc20_20260831\connectivity\point_03,DPC,227,11.350000000000001,-0.7813169740554458,1.0052502873861935
connectivity,0.005,p=0.005,3,D:\git\sim\outputs\sweep_n_fc_connectivity_n2000_mc20_20260831\connectivity\point_03,DPC,228,11.4,-0.7921871192512351,1.0122989546014662
connectivity,0.005,p=0.005,3,D:\git\sim\outputs\sweep_n_fc_connectivity_n2000_mc20_20260831\connectivity\point_03,DPC,229,11.450000000000001,-0.7851005284541286,1.008183441526601
connectivity,0.005,p=0.005,3,D:\git\sim\outputs\sweep_n_fc_connectivity_n2000_mc20_20260831\connectivity\point_03,DPC,230,11.5,-0.7992560317046239,1.015697021882338
connectivity,0.005,p=0.005,3,D:\git\sim\outputs\sweep_n_fc_connectivity_n2000_mc20_20260831\connectivity\point_03,DPC,231,11.55,-0.7884103674536057,1.0097001460512915
connectivity,0.005,p=0.005,3,D:\git\sim\outputs\sweep_n_fc_connectivity_n2000_mc20_20260831\connectivity\point_03,DPC,232,11.600000000000001,-0.7719962351986487,0.9993135996052398
connectivity,0.005,p=0.005,3,D:\git\sim\outputs\sweep_n_fc_connectivity_n2000_mc20_20260831\connectivity\point_03,DPC,233,11.65,-0.7864787157329423,1.0093365050539478
connectivity,0.005,p=0.005,3,D:\git\sim\outputs\sweep_n_fc_connectivity_n2000_mc20_20260831\connectivity\point_03,DPC,234,11.700000000000001,-0.7881819647865715,1.0097957507587534
connectivity,0.005,p=0.005,3,D:\git\sim\outputs\sweep_n_fc_connectivity_n2000_mc20_20260831\connectivity\point_03,DPC,235,11.75,-0.7810880316139981,1.0056606918799882
connectivity,0.005,p=0.005,3,D:\git\sim\outputs\sweep_n_fc_connectivity_n2000_mc20_20260831\connectivity\point_03,DPC,236,11.8,-0.7843750166585927,1.007386040156397
connectivity,0.005,p=0.005,3,D:\git\sim\outputs\sweep_n_fc_connectivity_n2000_mc20_20260831\connectivity\point_03,DPC,237,11.850000000000001,-0.7855831997349176,1.0076565837806786
connectivity,0.005,p=0.005,3,D:\git\sim\outputs\sweep_n_fc_connectivity_n2000_mc20_20260831\connectivity\point_03,DPC,238,11.9,-0.7875930041353487,1.009953880695493
connectivity,0.005,p=0.005,3,D:\git\sim\outputs\sweep_n_fc_connectivity_n2000_mc20_20260831\connectivity\point_03,DPC,239,11.950000000000001,-0.7831598912298959,1.0056992881782298
connectivity,0.005,p=0.005,3,D:\git\sim\outputs\sweep_n_fc_connectivity_n2000_mc20_20260831\connectivity\point_03,KF-DPC,0,0.0,-1.48194754562645,1.4197389936408134
connectivity,0.005,p=0.005,3,D:\git\sim\outputs\sweep_n_fc_connectivity_n2000_mc20_20260831\connectivity\point_03,KF-DPC,1,0.05,-0.6825310385196183,0.98711057369992
connectivity,0.005,p=0.005,3,D:\git\sim\outputs\sweep_n_fc_connectivity_n2000_mc20_20260831\connectivity\point_03,KF-DPC,2,0.1,-0.49063669768172213,0.923723469683573
connectivity,0.005,p=0.005,3,D:\git\sim\outputs\sweep_n_fc_connectivity_n2000_mc20_20260831\connectivity\point_03,KF-DPC,3,0.15000000000000002,-0.4317904031031954,0.8731478528344487
connectivity,0.005,p=0.005,3,D:\git\sim\outputs\sweep_n_fc_connectivity_n2000_mc20_20260831\connectivity\point_03,KF-DPC,4,0.2,-0.3844069912225955,0.7890435388968818
connectivity,0.005,p=0.005,3,D:\git\sim\outputs\sweep_n_fc_connectivity_n2000_mc20_20260831\connectivity\point_03,KF-DPC,5,0.25,-0.33068908192027224,0.7006868610914184
connectivity,0.005,p=0.005,3,D:\git\sim\outputs\sweep_n_fc_connectivity_n2000_mc20_20260831\connectivity\point_03,KF-DPC,6,0.30000000000000004,-0.2817563297865547,0.6269241404836591
connectivity,0.005,p=0.005,3,D:\git\sim\outputs\sweep_n_fc_connectivity_n2000_mc20_20260831\connectivity\point_03,KF-DPC,7,0.35000000000000003,-0.24022650203400192,0.5656294755899007
connectivity,0.005,p=0.005,3,D:\git\sim\outputs\sweep_n_fc_connectivity_n2000_mc20_20260831\connectivity\point_03,KF-DPC,8,0.4,-0.2063886785049424,0.516690267355926
connectivity,0.005,p=0.005,3,D:\git\sim\outputs\sweep_n_fc_connectivity_n2000_mc20_20260831\connectivity\point_03,KF-DPC,9,0.45,-0.17878812762887772,0.47512412321027886
connectivity,0.005,p=0.005,3,D:\git\sim\outputs\sweep_n_fc_connectivity_n2000_mc20_20260831\connectivity\point_03,KF-DPC,10,0.5,-0.15768336601234462,0.44257443904904337
connectivity,0.005,p=0.005,3,D:\git\sim\outputs\sweep_n_fc_connectivity_n2000_mc20_20260831\connectivity\point_03,KF-DPC,11,0.55,-0.13918816418435323,0.4124384029204998
connectivity,0.005,p=0.005,3,D:\git\sim\outputs\sweep_n_fc_connectivity_n2000_mc20_20260831\connectivity\point_03,KF-DPC,12,0.6000000000000001,-0.12426429919606749,0.38648131156140086
connectivity,0.005,p=0.005,3,D:\git\sim\outputs\sweep_n_fc_connectivity_n2000_mc20_20260831\connectivity\point_03,KF-DPC,13,0.65,-0.11212267422282962,0.3644506967270835
connectivity,0.005,p=0.005,3,D:\git\sim\outputs\sweep_n_fc_connectivity_n2000_mc20_20260831\connectivity\point_03,KF-DPC,14,0.7000000000000001,-0.10236684701308943,0.3461740356055847
connectivity,0.005,p=0.005,3,D:\git\sim\outputs\sweep_n_fc_connectivity_n2000_mc20_20260831\connectivity\point_03,KF-DPC,15,0.75,-0.09375639627887028,0.3293245072541787
connectivity,0.005,p=0.005,3,D:\git\sim\outputs\sweep_n_fc_connectivity_n2000_mc20_20260831\connectivity\point_03,KF-DPC,16,0.8,-0.08674802981515428,0.3149196973146108
connectivity,0.005,p=0.005,3,D:\git\sim\outputs\sweep_n_fc_connectivity_n2000_mc20_20260831\connectivity\point_03,KF-DPC,17,0.8500000000000001,-0.0808771216007324,0.302228159221604
connectivity,0.005,p=0.005,3,D:\git\sim\outputs\sweep_n_fc_connectivity_n2000_mc20_20260831\connectivity\point_03,KF-DPC,18,0.9,-0.07559297464014642,0.29036248236445517
connectivity,0.005,p=0.005,3,D:\git\sim\outputs\sweep_n_fc_connectivity_n2000_mc20_20260831\connectivity\point_03,KF-DPC,19,0.9500000000000001,-0.07082697897152274,0.2795454166429955
connectivity,0.005,p=0.005,3,D:\git\sim\outputs\sweep_n_fc_connectivity_n2000_mc20_20260831\connectivity\point_03,KF-DPC,20,1.0,-0.06680185314128276,0.26987058719202417
connectivity,0.005,p=0.005,3,D:\git\sim\outputs\sweep_n_fc_connectivity_n2000_mc20_20260831\connectivity\point_03,KF-DPC,21,1.05,-0.06310264350093014,0.2605833945317696
connectivity,0.005,p=0.005,3,D:\git\sim\outputs\sweep_n_fc_connectivity_n2000_mc20_20260831\connectivity\point_03,KF-DPC,22,1.1,-0.060054399994504806,0.2527607952846544
connectivity,0.005,p=0.005,3,D:\git\sim\outputs\sweep_n_fc_connectivity_n2000_mc20_20260831\connectivity\point_03,KF-DPC,23,1.1500000000000001,-0.05715145374298111,0.24510631946942474
connectivity,0.005,p=0.005,3,D:\git\sim\outputs\sweep_n_fc_connectivity_n2000_mc20_20260831\connectivity\point_03,KF-DPC,24,1.2000000000000002,-0.054615099885722274,0.2381357650543988
connectivity,0.005,p=0.005,3,D:\git\sim\outputs\sweep_n_fc_connectivity_n2000_mc20_20260831\connectivity\point_03,KF-DPC,25,1.25,-0.05237795347615978,0.23178938070023275
connectivity,0.005,p=0.005,3,D:\git\sim\outputs\sweep_n_fc_connectivity_n2000_mc20_20260831\connectivity\point_03,KF-DPC,26,1.3,-0.05034218116100248,0.22582478757244334
connectivity,0.005,p=0.005,3,D:\git\sim\outputs\sweep_n_fc_connectivity_n2000_mc20_20260831\connectivity\point_03,KF-DPC,27,1.35,-0.04853821755347697,0.2205421576687276
connectivity,0.005,p=0.005,3,D:\git\sim\outputs\sweep_n_fc_connectivity_n2000_mc20_20260831\connectivity\point_03,KF-DPC,28,1.4000000000000001,-0.046945595268746365,0.21574314158271068
connectivity,0.005,p=0.005,3,D:\git\sim\outputs\sweep_n_fc_connectivity_n2000_mc20_20260831\connectivity\point_03,KF-DPC,29,1.4500000000000002,-0.045329968683172704,0.21079116993914346
connectivity,0.005,p=0.005,3,D:\git\sim\outputs\sweep_n_fc_connectivity_n2000_mc20_20260831\connectivity\point_03,KF-DPC,30,1.5,-0.04402080901571287,0.20645383279884144
connectivity,0.005,p=0.005,3,D:\git\sim\outputs\sweep_n_fc_connectivity_n2000_mc20_20260831\connectivity\point_03,KF-DPC,31,1.55,-0.0427711902525003,0.20234500193577346
connectivity,0.005,p=0.005,3,D:\git\sim\outputs\sweep_n_fc_connectivity_n2000_mc20_20260831\connectivity\point_03,KF-DPC,32,1.6,-0.04155811156840529,0.19832255619117678
connectivity,0.005,p=0.005,3,D:\git\sim\outputs\sweep_n_fc_connectivity_n2000_mc20_20260831\connectivity\point_03,KF-DPC,33,1.6500000000000001,-0.04038372192219385,0.19448050973550504
connectivity,0.005,p=0.005,3,D:\git\sim\outputs\sweep_n_fc_connectivity_n2000_mc20_20260831\connectivity\point_03,KF-DPC,34,1.7000000000000002,-0.03937905150098915,0.1910807498573949
connectivity,0.005,p=0.005,3,D:\git\sim\outputs\sweep_n_fc_connectivity_n2000_mc20_20260831\connectivity\point_03,KF-DPC,35,1.75,-0.0385192038250616,0.18802932717254678
connectivity,0.005,p=0.005,3,D:\git\sim\outputs\sweep_n_fc_connectivity_n2000_mc20_20260831\connectivity\point_03,KF-DPC,36,1.8,-0.037707660956006514,0.18496709073264234
connectivity,0.005,p=0.005,3,D:\git\sim\outputs\sweep_n_fc_connectivity_n2000_mc20_20260831\connectivity\point_03,KF-DPC,37,1.85,-0.03693749489721984,0.18211681357398496
connectivity,0.005,p=0.005,3,D:\git\sim\outputs\sweep_n_fc_connectivity_n2000_mc20_20260831\connectivity\point_03,KF-DPC,38,1.9000000000000001,-0.036132973474207124,0.17920049545305122
connectivity,0.005,p=0.005,3,D:\git\sim\outputs\sweep_n_fc_connectivity_n2000_mc20_20260831\connectivity\point_03,KF-DPC,39,1.9500000000000002,-0.03541452094488601,0.17663993544994072
connectivity,0.005,p=0.005,3,D:\git\sim\outputs\sweep_n_fc_connectivity_n2000_mc20_20260831\connectivity\point_03,KF-DPC,40,2.0,-0.034715404775938825,0.17399001924597013
connectivity,0.005,p=0.005,3,D:\git\sim\outputs\sweep_n_fc_connectivity_n2000_mc20_20260831\connectivity\point_03,KF-DPC,41,2.0500000000000003,-0.03410963478846782,0.1715799946487378
connectivity,0.005,p=0.005,3,D:\git\sim\outputs\sweep_n_fc_connectivity_n2000_mc20_20260831\connectivity\point_03,KF-DPC,42,2.1,-0.033531895502721495,0.1694656729904583
connectivity,0.005,p=0.005,3,D:\git\sim\outputs\sweep_n_fc_connectivity_n2000_mc20_20260831\connectivity\point_03,KF-DPC,43,2.15,-0.03296453798259414,0.16700483963978593
connectivity,0.005,p=0.005,3,D:\git\sim\outputs\sweep_n_fc_connectivity_n2000_mc20_20260831\connectivity\point_03,KF-DPC,44,2.2,-0.03229689936398422,0.16460208736181922
connectivity,0.005,p=0.005,3,D:\git\sim\outputs\sweep_n_fc_connectivity_n2000_mc20_20260831\connectivity\point_03,KF-DPC,45,2.25,-0.03186705043552654,0.16270126769015675
connectivity,0.005,p=0.005,3,D:\git\sim\outputs\sweep_n_fc_connectivity_n2000_mc20_20260831\connectivity\point_03,KF-DPC,46,2.3000000000000003,-0.03137953483729654,0.160831623294141
connectivity,0.005,p=0.005,3,D:\git\sim\outputs\sweep_n_fc_connectivity_n2000_mc20_20260831\connectivity\point_03,KF-DPC,47,2.35,-0.03079268914562356,0.15850176613929404
connectivity,0.005,p=0.005,3,D:\git\sim\outputs\sweep_n_fc_connectivity_n2000_mc20_20260831\connectivity\point_03,KF-DPC,48,2.4000000000000004,-0.030403235467668776,0.15671392940641451
connectivity,0.005,p=0.005,3,D:\git\sim\outputs\sweep_n_fc_connectivity_n2000_mc20_20260831\connectivity\point_03,KF-DPC,49,2.45,-0.029920203910153993,0.15487849383018762
connectivity,0.005,p=0.005,3,D:\git\sim\outputs\sweep_n_fc_connectivity_n2000_mc20_20260831\connectivity\point_03,KF-DPC,50,2.5,-0.029489227814979806,0.1531874205399208
connectivity,0.005,p=0.005,3,D:\git\sim\outputs\sweep_n_fc_connectivity_n2000_mc20_20260831\connectivity\point_03,KF-DPC,51,2.5500000000000003,-0.029167321228336686,0.1515385097182143
connectivity,0.005,p=0.005,3,D:\git\sim\outputs\sweep_n_fc_connectivity_n2000_mc20_20260831\connectivity\point_03,KF-DPC,52,2.6,-0.02883595188445841,0.15031094206458034
connectivity,0.005,p=0.005,3,D:\git\sim\outputs\sweep_n_fc_connectivity_n2000_mc20_20260831\connectivity\point_03,KF-DPC,53,2.6500000000000004,-0.028492666138322097,0.1486021607779386
connectivity,0.005,p=0.005,3,D:\git\sim\outputs\sweep_n_fc_connectivity_n2000_mc20_20260831\connectivity\point_03,KF-DPC,54,2.7,-0.02811801622998368,0.14686075497300338
connectivity,0.005,p=0.005,3,D:\git\sim\outputs\sweep_n_fc_connectivity_n2000_mc20_20260831\connectivity\point_03,KF-DPC,55,2.75,-0.02784128632804961,0.14585601460578707
connectivity,0.005,p=0.005,3,D:\git\sim\outputs\sweep_n_fc_connectivity_n2000_mc20_20260831\connectivity\point_03,KF-DPC,56,2.8000000000000003,-0.027491014840712796,0.14399971839219994
connectivity,0.005,p=0.005,3,D:\git\sim\outputs\sweep_n_fc_connectivity_n2000_mc20_20260831\connectivity\point_03,KF-DPC,57,2.85,-0.027267126444620197,0.14276054829420198
connectivity,0.005,p=0.005,3,D:\git\sim\outputs\sweep_n_fc_connectivity_n2000_mc20_20260831\connectivity\point_03,KF-DPC,58,2.9000000000000004,-0.026965080187277994,0.14143019166003357
connectivity,0.005,p=0.005,3,D:\git\sim\outputs\sweep_n_fc_connectivity_n2000_mc20_20260831\connectivity\point_03,KF-DPC,59,2.95,-0.02665797014145797,0.14014455162541078
connectivity,0.005,p=0.005,3,D:\git\sim\outputs\sweep_n_fc_connectivity_n2000_mc20_20260831\connectivity\point_03,KF-DPC,60,3.0,-0.026410204708439397,0.1389405339007713
connectivity,0.005,p=0.005,3,D:\git\sim\outputs\sweep_n_fc_connectivity_n2000_mc20_20260831\connectivity\point_03,KF-DPC,61,3.0500000000000003,-0.026101048952443372,0.1376218196592177
connectivity,0.005,p=0.005,3,D:\git\sim\outputs\sweep_n_fc_connectivity_n2000_mc20_20260831\connectivity\point_03,KF-DPC,62,3.1,-0.02585722392164068,0.13617931328001567
connectivity,0.005,p=0.005,3,D:\git\sim\outputs\sweep_n_fc_connectivity_n2000_mc20_20260831\connectivity\point_03,KF-DPC,63,3.1500000000000004,-0.025620282131858657,0.13499250046146777
connectivity,0.005,p=0.005,3,D:\git\sim\outputs\sweep_n_fc_connectivity_n2000_mc20_20260831\connectivity\point_03,KF-DPC,64,3.2,-0.02543999321517345,0.1341395405424517
connectivity,0.005,p=0.005,3,D:\git\sim\outputs\sweep_n_fc_connectivity_n2000_mc20_20260831\connectivity\point_03,KF-DPC,65,3.25,-0.025303603878698712,0.1332361413577565
connectivity,0.005,p=0.005,3,D:\git\sim\outputs\sweep_n_fc_connectivity_n2000_mc20_20260831\connectivity\point_03,KF-DPC,66,3.3000000000000003,-0.02497305054302745,0.13178404732211482
connectivity,0.005,p=0.005,3,D:\git\sim\outputs\sweep_n_fc_connectivity_n2000_mc20_20260831\connectivity\point_03,KF-DPC,67,3.35,-0.02477373908741222,0.13095213799417002
connectivity,0.005,p=0.005,3,D:\git\sim\outputs\sweep_n_fc_connectivity_n2000_mc20_20260831\connectivity\point_03,KF-DPC,68,3.4000000000000004,-0.02459049413534766,0.12978530802539254
connectivity,0.005,p=0.005,3,D:\git\sim\outputs\sweep_n_fc_connectivity_n2000_mc20_20260831\connectivity\point_03,KF-DPC,69,3.45,-0.02445203959278791,0.12897730787926817
connectivity,0.005,p=0.005,3,D:\git\sim\outputs\sweep_n_fc_connectivity_n2000_mc20_20260831\connectivity\point_03,KF-DPC,70,3.5,-0.024207223060174126,0.12792745983510376
connectivity,0.005,p=0.005,3,D:\git\sim\outputs\sweep_n_fc_connectivity_n2000_mc20_20260831\connectivity\point_03,KF-DPC,71,3.5500000000000003,-0.02404908426713749,0.1270628235782447
connectivity,0.005,p=0.005,3,D:\git\sim\outputs\sweep_n_fc_connectivity_n2000_mc20_20260831\connectivity\point_03,KF-DPC,72,3.6,-0.02394188579761779,0.1261917063658909
connectivity,0.005,p=0.005,3,D:\git\sim\outputs\sweep_n_fc_connectivity_n2000_mc20_20260831\connectivity\point_03,KF-DPC,73,3.6500000000000004,-0.023743358324320923,0.12521443165357243
connectivity,0.005,p=0.005,3,D:\git\sim\outputs\sweep_n_fc_connectivity_n2000_mc20_20260831\connectivity\point_03,KF-DPC,74,3.7,-0.023579065592045444,0.12443099780331321
connectivity,0.005,p=0.005,3,D:\git\sim\outputs\sweep_n_fc_connectivity_n2000_mc20_20260831\connectivity\point_03,KF-DPC,75,3.75,-0.023429714803439843,0.12364477291077258
connectivity,0.005,p=0.005,3,D:\git\sim\outputs\sweep_n_fc_connectivity_n2000_mc20_20260831\connectivity\point_03,KF-DPC,76,3.8000000000000003,-0.023300599349223888,0.12303501647674224
connectivity,0.005,p=0.005,3,D:\git\sim\outputs\sweep_n_fc_connectivity_n2000_mc20_20260831\connectivity\point_03,KF-DPC,77,3.85,-0.023117421067975548,0.12190260674565412
connectivity,0.005,p=0.005,3,D:\git\sim\outputs\sweep_n_fc_connectivity_n2000_mc20_20260831\connectivity\point_03,KF-DPC,78,3.9000000000000004,-0.022932379924591115,0.12090605787549105
connectivity,0.005,p=0.005,3,D:\git\sim\outputs\sweep_n_fc_connectivity_n2000_mc20_20260831\connectivity\point_03,KF-DPC,79,3.95,-0.022787082098571294,0.12018343803791057
connectivity,0.005,p=0.005,3,D:\git\sim\outputs\sweep_n_fc_connectivity_n2000_mc20_20260831\connectivity\point_03,KF-DPC,80,4.0,-0.022645777382673083,0.11967157500244205
connectivity,0.005,p=0.005,3,D:\git\sim\outputs\sweep_n_fc_connectivity_n2000_mc20_20260831\connectivity\point_03,KF-DPC,81,4.05,-0.02247378040125838,0.11861505732893785
connectivity,0.005,p=0.005,3,D:\git\sim\outputs\sweep_n_fc_connectivity_n2000_mc20_20260831\connectivity\point_03,KF-DPC,82,4.1000000000000005,-0.02237494843138229,0.11811292733206016
connectivity,0.005,p=0.005,3,D:\git\sim\outputs\sweep_n_fc_connectivity_n2000_mc20_20260831\connectivity\point_03,KF-DPC,83,4.15,-0.02215424756012739,0.11729571227272481
connectivity,0.005,p=0.005,3,D:\git\sim\outputs\sweep_n_fc_connectivity_n2000_mc20_20260831\connectivity\point_03,KF-DPC,84,4.2,-0.022092794498455273,0.11671454950395135
connectivity,0.005,p=0.005,3,D:\git\sim\outputs\sweep_n_fc_connectivity_n2000_mc20_20260831\connectivity\point_03,KF-DPC,85,4.25,-0.02192484987188747,0.11565296761018562
connectivity,0.005,p=0.005,3,D:\git\sim\outputs\sweep_n_fc_connectivity_n2000_mc20_20260831\connectivity\point_03,KF-DPC,86,4.3,-0.021835372091408317,0.11513164995182953
connectivity,0.005,p=0.005,3,D:\git\sim\outputs\sweep_n_fc_connectivity_n2000_mc20_20260831\connectivity\point_03,KF-DPC,87,4.3500000000000005,-0.021703637149912653,0.11424690357785203
connectivity,0.005,p=0.005,3,D:\git\sim\outputs\sweep_n_fc_connectivity_n2000_mc20_20260831\connectivity\point_03,KF-DPC,88,4.4,-0.021557547114020546,0.11359750133355884
connectivity,0.005,p=0.005,3,D:\git\sim\outputs\sweep_n_fc_connectivity_n2000_mc20_20260831\connectivity\point_03,KF-DPC,89,4.45,-0.02134138471733442,0.11267521899817498
connectivity,0.005,p=0.005,3,D:\git\sim\outputs\sweep_n_fc_connectivity_n2000_mc20_20260831\connectivity\point_03,KF-DPC,90,4.5,-0.02134141607404247,0.11249192243164871
connectivity,0.005,p=0.005,3,D:\git\sim\outputs\sweep_n_fc_connectivity_n2000_mc20_20260831\connectivity\point_03,KF-DPC,91,4.55,-0.021233956046602043,0.11181395174931048
connectivity,0.005,p=0.005,3,D:\git\sim\outputs\sweep_n_fc_connectivity_n2000_mc20_20260831\connectivity\point_03,KF-DPC,92,4.6000000000000005,-0.02118913643923604,0.11134116453996204
connectivity,0.005,p=0.005,3,D:\git\sim\outputs\sweep_n_fc_connectivity_n2000_mc20_20260831\connectivity\point_03,KF-DPC,93,4.65,-0.021044571105835082,0.11072464405478281
connectivity,0.005,p=0.005,3,D:\git\sim\outputs\sweep_n_fc_connectivity_n2000_mc20_20260831\connectivity\point_03,KF-DPC,94,4.7,-0.020910272051240138,0.10979130343182772
connectivity,0.005,p=0.005,3,D:\git\sim\outputs\sweep_n_fc_connectivity_n2000_mc20_20260831\connectivity\point_03,KF-DPC,95,4.75,-0.02081736941813788,0.10945753810659167
connectivity,0.005,p=0.005,3,D:\git\sim\outputs\sweep_n_fc_connectivity_n2000_mc20_20260831\connectivity\point_03,KF-DPC,96,4.800000000000001,-0.02069189580287218,0.10873742893446077
connectivity,0.005,p=0.005,3,D:\git\sim\outputs\sweep_n_fc_connectivity_n2000_mc20_20260831\connectivity\point_03,KF-DPC,97,4.8500000000000005,-0.020650274830959114,0.10828111841144561
connectivity,0.005,p=0.005,3,D:\git\sim\outputs\sweep_n_fc_connectivity_n2000_mc20_20260831\connectivity\point_03,KF-DPC,98,4.9,-0.020620577603157733,0.1079979138094406
connectivity,0.005,p=0.005,3,D:\git\sim\outputs\sweep_n_fc_connectivity_n2000_mc20_20260831\connectivity\point_03,KF-DPC,99,4.95,-0.02055882410799871,0.10754203315597022
connectivity,0.005,p=0.005,3,D:\git\sim\outputs\sweep_n_fc_connectivity_n2000_mc20_20260831\connectivity\point_03,KF-DPC,100,5.0,-0.020466259778192955,0.10708719092710746
connectivity,0.005,p=0.005,3,D:\git\sim\outputs\sweep_n_fc_connectivity_n2000_mc20_20260831\connectivity\point_03,KF-DPC,101,5.050000000000001,-0.020400204776302448,0.10654703769064566
connectivity,0.005,p=0.005,3,D:\git\sim\outputs\sweep_n_fc_connectivity_n2000_mc20_20260831\connectivity\point_03,KF-DPC,102,5.1000000000000005,-0.020366197530497634,0.10615292927862137
connectivity,0.005,p=0.005,3,D:\git\sim\outputs\sweep_n_fc_connectivity_n2000_mc20_20260831\connectivity\point_03,KF-DPC,103,5.15,-0.02026091414233465,0.10569343558245867
connectivity,0.005,p=0.005,3,D:\git\sim\outputs\sweep_n_fc_connectivity_n2000_mc20_20260831\connectivity\point_03,KF-DPC,104,5.2,-0.02009518230567435,0.10502207281399686
connectivity,0.005,p=0.005,3,D:\git\sim\outputs\sweep_n_fc_connectivity_n2000_mc20_20260831\connectivity\point_03,KF-DPC,105,5.25,-0.020127874283505102,0.10495854955818107
connectivity,0.005,p=0.005,3,D:\git\sim\outputs\sweep_n_fc_connectivity_n2000_mc20_20260831\connectivity\point_03,KF-DPC,106,5.300000000000001,-0.019991579824559916,0.10431531144367094
connectivity,0.005,p=0.005,3,D:\git\sim\outputs\sweep_n_fc_connectivity_n2000_mc20_20260831\connectivity\point_03,KF-DPC,107,5.3500000000000005,-0.019918739476230653,0.10382749829471946
connectivity,0.005,p=0.005,3,D:\git\sim\outputs\sweep_n_fc_connectivity_n2000_mc20_20260831\connectivity\point_03,KF-DPC,108,5.4,-0.019787812877706347,0.10322339863248517
connectivity,0.005,p=0.005,3,D:\git\sim\outputs\sweep_n_fc_connectivity_n2000_mc20_20260831\connectivity\point_03,KF-DPC,109,5.45,-0.01976095351308544,0.10271959529121892
connectivity,0.005,p=0.005,3,D:\git\sim\outputs\sweep_n_fc_connectivity_n2000_mc20_20260831\connectivity\point_03,KF-DPC,110,5.5,-0.019782511008141213,0.10258700911960843
connectivity,0.005,p=0.005,3,D:\git\sim\outputs\sweep_n_fc_connectivity_n2000_mc20_20260831\connectivity\point_03,KF-DPC,111,5.550000000000001,-0.019630444376640223,0.10196546235108558
connectivity,0.005,p=0.005,3,D:\git\sim\outputs\sweep_n_fc_connectivity_n2000_mc20_20260831\connectivity\point_03,KF-DPC,112,5.6000000000000005,-0.019540443450429414,0.10158351459708308
connectivity,0.005,p=0.005,3,D:\git\sim\outputs\sweep_n_fc_connectivity_n2000_mc20_20260831\connectivity\point_03,KF-DPC,113,5.65,-0.019499764898720604,0.10119939229793433
connectivity,0.005,p=0.005,3,D:\git\sim\outputs\sweep_n_fc_connectivity_n2000_mc20_20260831\connectivity\point_03,KF-DPC,114,5.7,-0.019390316107956235,0.10067245476411643
connectivity,0.005,p=0.005,3,D:\git\sim\outputs\sweep_n_fc_connectivity_n2000_mc20_20260831\connectivity\point_03,KF-DPC,115,5.75,-0.01937044359683214,0.10051068405493051
connectivity,0.005,p=0.005,3,D:\git\sim\outputs\sweep_n_fc_connectivity_n2000_mc20_20260831\connectivity\point_03,KF-DPC,116,5.800000000000001,-0.01939736129406621,0.10011487667046008
connectivity,0.005,p=0.005,3,D:\git\sim\outputs\sweep_n_fc_connectivity_n2000_mc20_20260831\connectivity\point_03,KF-DPC,117,5.8500000000000005,-0.01924527310248496,0.09959655336675026
connectivity,0.005,p=0.005,3,D:\git\sim\outputs\sweep_n_fc_connectivity_n2000_mc20_20260831\connectivity\point_03,KF-DPC,118,5.9,-0.019144541342309782,0.09916336386507099
connectivity,0.005,p=0.005,3,D:\git\sim\outputs\sweep_n_fc_connectivity_n2000_mc20_20260831\connectivity\point_03,KF-DPC,119,5.95,-0.019087531617766898,0.09832330157200082
connectivity,0.005,p=0.005,3,D:\git\sim\outputs\sweep_n_fc_connectivity_n2000_mc20_20260831\connectivity\point_03,KF-DPC,120,6.0,-0.01911465132192055,0.09830039776639932
connectivity,0.005,p=0.005,3,D:\git\sim\outputs\sweep_n_fc_connectivity_n2000_mc20_20260831\connectivity\point_03,KF-DPC,121,6.050000000000001,-0.019010492350421418,0.09807265128791354
connectivity,0.005,p=0.005,3,D:\git\sim\outputs\sweep_n_fc_connectivity_n2000_mc20_20260831\connectivity\point_03,KF-DPC,122,6.1000000000000005,-0.018924941007983854,0.09726415504073399
connectivity,0.005,p=0.005,3,D:\git\sim\outputs\sweep_n_fc_connectivity_n2000_mc20_20260831\connectivity\point_03,KF-DPC,123,6.15,-0.018861897634633026,0.09711450405660696
connectivity,0.005,p=0.005,3,D:\git\sim\outputs\sweep_n_fc_connectivity_n2000_mc20_20260831\connectivity\point_03,KF-DPC,124,6.2,-0.018796680869928164,0.09655183724809585
connectivity,0.005,p=0.005,3,D:\git\sim\outputs\sweep_n_fc_connectivity_n2000_mc20_20260831\connectivity\point_03,KF-DPC,125,6.25,-0.0187074065660038,0.09642376483847277
connectivity,0.005,p=0.005,3,D:\git\sim\outputs\sweep_n_fc_connectivity_n2000_mc20_20260831\connectivity\point_03,KF-DPC,126,6.300000000000001,-0.01867528737029245,0.09622408573909189
connectivity,0.005,p=0.005,3,D:\git\sim\outputs\sweep_n_fc_connectivity_n2000_mc20_20260831\connectivity\point_03,KF-DPC,127,6.3500000000000005,-0.018593110904869616,0.0956608186235722
connectivity,0.005,p=0.005,3,D:\git\sim\outputs\sweep_n_fc_connectivity_n2000_mc20_20260831\connectivity\point_03,KF-DPC,128,6.4,-0.018630713076688073,0.09560220974976172
connectivity,0.005,p=0.005,3,D:\git\sim\outputs\sweep_n_fc_connectivity_n2000_mc20_20260831\connectivity\point_03,KF-DPC,129,6.45,-0.018561696647158468,0.09499905112593739
connectivity,0.005,p=0.005,3,D:\git\sim\outputs\sweep_n_fc_connectivity_n2000_mc20_20260831\connectivity\point_03,KF-DPC,130,6.5,-0.018462475253926032,0.09471591857403117
connectivity,0.005,p=0.005,3,D:\git\sim\outputs\sweep_n_fc_connectivity_n2000_mc20_20260831\connectivity\point_03,KF-DPC,131,6.550000000000001,-0.01838419083958611,0.09402184538034455
connectivity,0.005,p=0.005,3,D:\git\sim\outputs\sweep_n_fc_connectivity_n2000_mc20_20260831\connectivity\point_03,KF-DPC,132,6.6000000000000005,-0.018345257782919025,0.0937625186217281
connectivity,0.005,p=0.005,3,D:\git\sim\outputs\sweep_n_fc_connectivity_n2000_mc20_20260831\connectivity\point_03,KF-DPC,133,6.65,-0.018279094138115327,0.09342217831999722
connectivity,0.005,p=0.005,3,D:\git\sim\outputs\sweep_n_fc_connectivity_n2000_mc20_20260831\connectivity\point_03,KF-DPC,134,6.7,-0.01831074445073336,0.09343074180453412
connectivity,0.005,p=0.005,3,D:\git\sim\outputs\sweep_n_fc_connectivity_n2000_mc20_20260831\connectivity\point_03,KF-DPC,135,6.75,-0.018271121860362654,0.09297995374460118
connectivity,0.005,p=0.005,3,D:\git\sim\outputs\sweep_n_fc_connectivity_n2000_mc20_20260831\connectivity\point_03,KF-DPC,136,6.800000000000001,-0.018136366404529505,0.09248096704536382
connectivity,0.005,p=0.005,3,D:\git\sim\outputs\sweep_n_fc_connectivity_n2000_mc20_20260831\connectivity\point_03,KF-DPC,137,6.8500000000000005,-0.01812308008523037,0.09242808528463395
connectivity,0.005,p=0.005,3,D:\git\sim\outputs\sweep_n_fc_connectivity_n2000_mc20_20260831\connectivity\point_03,KF-DPC,138,6.9,-0.018111689499094467,0.09209227303382778
connectivity,0.005,p=0.005,3,D:\git\sim\outputs\sweep_n_fc_connectivity_n2000_mc20_20260831\connectivity\point_03,KF-DPC,139,6.95,-0.018054116401030204,0.0918054674263947
connectivity,0.005,p=0.005,3,D:\git\sim\outputs\sweep_n_fc_connectivity_n2000_mc20_20260831\connectivity\point_03,KF-DPC,140,7.0,-0.017979662234743385,0.09130868255464464
connectivity,0.005,p=0.005,3,D:\git\sim\outputs\sweep_n_fc_connectivity_n2000_mc20_20260831\connectivity\point_03,KF-DPC,141,7.050000000000001,-0.018013085057443867,0.09130409105207074
connectivity,0.005,p=0.005,3,D:\git\sim\outputs\sweep_n_fc_connectivity_n2000_mc20_20260831\connectivity\point_03,KF-DPC,142,7.1000000000000005,-0.017864190747182443,0.090714961102984
connectivity,0.005,p=0.005,3,D:\git\sim\outputs\sweep_n_fc_connectivity_n2000_mc20_20260831\connectivity\point_03,KF-DPC,143,7.15,-0.01784963368518685,0.09044767370198988
connectivity,0.005,p=0.005,3,D:\git\sim\outputs\sweep_n_fc_connectivity_n2000_mc20_20260831\connectivity\point_03,KF-DPC,144,7.2,-0.017840240762445867,0.09050490513699605
connectivity,0.005,p=0.005,3,D:\git\sim\outputs\sweep_n_fc_connectivity_n2000_mc20_20260831\connectivity\point_03,KF-DPC,145,7.25,-0.017787903633232082,0.08998598632394014
connectivity,0.005,p=0.005,3,D:\git\sim\outputs\sweep_n_fc_connectivity_n2000_mc20_20260831\connectivity\point_03,KF-DPC,146,7.300000000000001,-0.017775650603925195,0.08960044940078538
connectivity,0.005,p=0.005,3,D:\git\sim\outputs\sweep_n_fc_connectivity_n2000_mc20_20260831\connectivity\point_03,KF-DPC,147,7.3500000000000005,-0.017712983321144946,0.08947422437879766
connectivity,0.005,p=0.005,3,D:\git\sim\outputs\sweep_n_fc_connectivity_n2000_mc20_20260831\connectivity\point_03,KF-DPC,148,7.4,-0.01766777999715611,0.08910207562796024
connectivity,0.005,p=0.005,3,D:\git\sim\outputs\sweep_n_fc_connectivity_n2000_mc20_20260831\connectivity\point_03,KF-DPC,149,7.45,-0.017616313489783042,0.08877344722525832
connectivity,0.005,p=0.005,3,D:\git\sim\outputs\sweep_n_fc_connectivity_n2000_mc20_20260831\connectivity\point_03,KF-DPC,150,7.5,-0.017591475602283763,0.08860742865484554
connectivity,0.005,p=0.005,3,D:\git\sim\outputs\sweep_n_fc_connectivity_n2000_mc20_20260831\connectivity\point_03,KF-DPC,151,7.550000000000001,-0.01761739414340853,0.08848252257422293
connectivity,0.005,p=0.005,3,D:\git\sim\outputs\sweep_n_fc_connectivity_n2000_mc20_20260831\connectivity\point_03,KF-DPC,152,7.6000000000000005,-0.017498219184755793,0.08802876407151025
connectivity,0.005,p=0.005,3,D:\git\sim\outputs\sweep_n_fc_connectivity_n2000_mc20_20260831\connectivity\point_03,KF-DPC,153,7.65,-0.01752961716813456,0.08792347996993258
connectivity,0.005,p=0.005,3,D:\git\sim\outputs\sweep_n_fc_connectivity_n2000_mc20_20260831\connectivity\point_03,KF-DPC,154,7.7,-0.017532409402526032,0.0876563418403809
connectivity,0.005,p=0.005,3,D:\git\sim\outputs\sweep_n_fc_connectivity_n2000_mc20_20260831\connectivity\point_03,KF-DPC,155,7.75,-0.017404787272799264,0.08729899062179751
connectivity,0.005,p=0.005,3,D:\git\sim\outputs\sweep_n_fc_connectivity_n2000_mc20_20260831\connectivity\point_03,KF-DPC,156,7.800000000000001,-0.01748680407945765,0.08745453436177567
connectivity,0.005,p=0.005,3,D:\git\sim\outputs\sweep_n_fc_connectivity_n2000_mc20_20260831\connectivity\point_03,KF-DPC,157,7.8500000000000005,-0.017422784869424106,0.08699658172487137
connectivity,0.005,p=0.005,3,D:\git\sim\outputs\sweep_n_fc_connectivity_n2000_mc20_20260831\connectivity\point_03,KF-DPC,158,7.9,-0.017384180964604836,0.08690939370824194
connectivity,0.005,p=0.005,3,D:\git\sim\outputs\sweep_n_fc_connectivity_n2000_mc20_20260831\connectivity\point_03,KF-DPC,159,7.95,-0.017354908846540652,0.08679578844829186
connectivity,0.005,p=0.005,3,D:\git\sim\outputs\sweep_n_fc_connectivity_n2000_mc20_20260831\connectivity\point_03,KF-DPC,160,8.0,-0.017332510480227256,0.08654559164089345
connectivity,0.005,p=0.005,3,D:\git\sim\outputs\sweep_n_fc_connectivity_n2000_mc20_20260831\connectivity\point_03,KF-DPC,161,8.05,-0.017267856239609497,0.08610632270604607
connectivity,0.005,p=0.005,3,D:\git\sim\outputs\sweep_n_fc_connectivity_n2000_mc20_20260831\connectivity\point_03,KF-DPC,162,8.1,-0.017317563457351054,0.08597920514512533
connectivity,0.005,p=0.005,3,D:\git\sim\outputs\sweep_n_fc_connectivity_n2000_mc20_20260831\connectivity\point_03,KF-DPC,163,8.15,-0.017237330750002566,0.08572635559833788
connectivity,0.005,p=0.005,3,D:\git\sim\outputs\sweep_n_fc_connectivity_n2000_mc20_20260831\connectivity\point_03,KF-DPC,164,8.200000000000001,-0.017244609689849758,0.08539707813579928
connectivity,0.005,p=0.005,3,D:\git\sim\outputs\sweep_n_fc_connectivity_n2000_mc20_20260831\connectivity\point_03,KF-DPC,165,8.25,-0.017216632285080358,0.08541825219488339
connectivity,0.005,p=0.005,3,D:\git\sim\outputs\sweep_n_fc_connectivity_n2000_mc20_20260831\connectivity\point_03,KF-DPC,166,8.3,-0.01719701953859978,0.0854189542338041
connectivity,0.005,p=0.005,3,D:\git\sim\outputs\sweep_n_fc_connectivity_n2000_mc20_20260831\connectivity\point_03,KF-DPC,167,8.35,-0.017201953071952842,0.08520804264150923
connectivity,0.005,p=0.005,3,D:\git\sim\outputs\sweep_n_fc_connectivity_n2000_mc20_20260831\connectivity\point_03,KF-DPC,168,8.4,-0.017109753155424595,0.08474277018354541
connectivity,0.005,p=0.005,3,D:\git\sim\outputs\sweep_n_fc_connectivity_n2000_mc20_20260831\connectivity\point_03,KF-DPC,169,8.450000000000001,-0.017087499234928666,0.08455987401427247
connectivity,0.005,p=0.005,3,D:\git\sim\outputs\sweep_n_fc_connectivity_n2000_mc20_20260831\connectivity\point_03,KF-DPC,170,8.5,-0.01711528988626621,0.08457370711467185
connectivity,0.005,p=0.005,3,D:\git\sim\outputs\sweep_n_fc_connectivity_n2000_mc20_20260831\connectivity\point_03,KF-DPC,171,8.55,-0.017085765396782186,0.08433319261742277
connectivity,0.005,p=0.005,3,D:\git\sim\outputs\sweep_n_fc_connectivity_n2000_mc20_20260831\connectivity\point_03,KF-DPC,172,8.6,-0.017071496089196562,0.08427894245977817
connectivity,0.005,p=0.005,3,D:\git\sim\outputs\sweep_n_fc_connectivity_n2000_mc20_20260831\connectivity\point_03,KF-DPC,173,8.65,-0.016962227157067036,0.08376721523580505
connectivity,0.005,p=0.005,3,D:\git\sim\outputs\sweep_n_fc_connectivity_n2000_mc20_20260831\connectivity\point_03,KF-DPC,174,8.700000000000001,-0.016970846706857695,0.08354399030184372
connectivity,0.005,p=0.005,3,D:\git\sim\outputs\sweep_n_fc_connectivity_n2000_mc20_20260831\connectivity\point_03,KF-DPC,175,8.75,-0.016964601867185174,0.08341127297622716
connectivity,0.005,p=0.005,3,D:\git\sim\outputs\sweep_n_fc_connectivity_n2000_mc20_20260831\connectivity\point_03,KF-DPC,176,8.8,-0.01693760482367763,0.08342687820321006
connectivity,0.005,p=0.005,3,D:\git\sim\outputs\sweep_n_fc_connectivity_n2000_mc20_20260831\connectivity\point_03,KF-DPC,177,8.85,-0.016905021705425197,0.08298338247875228
connectivity,0.005,p=0.005,3,D:\git\sim\outputs\sweep_n_fc_connectivity_n2000_mc20_20260831\connectivity\point_03,KF-DPC,178,8.9,-0.016881805988544805,0.08309671466871733
connectivity,0.005,p=0.005,3,D:\git\sim\outputs\sweep_n_fc_connectivity_n2000_mc20_20260831\connectivity\point_03,KF-DPC,179,8.950000000000001,-0.016827205892594475,0.08271699723406464
connectivity,0.005,p=0.005,3,D:\git\sim\outputs\sweep_n_fc_connectivity_n2000_mc20_20260831\connectivity\point_03,KF-DPC,180,9.0,-0.016877235932105356,0.08270771917420698
connectivity,0.005,p=0.005,3,D:\git\sim\outputs\sweep_n_fc_connectivity_n2000_mc20_20260831\connectivity\point_03,KF-DPC,181,9.05,-0.01682479642209594,0.08242473268057245
connectivity,0.005,p=0.005,3,D:\git\sim\outputs\sweep_n_fc_connectivity_n2000_mc20_20260831\connectivity\point_03,KF-DPC,182,9.1,-0.016877422700530303,0.08215159879923126
connectivity,0.005,p=0.005,3,D:\git\sim\outputs\sweep_n_fc_connectivity_n2000_mc20_20260831\connectivity\point_03,KF-DPC,183,9.15,-0.01682122410687836,0.08218391337973932
connectivity,0.005,p=0.005,3,D:\git\sim\outputs\sweep_n_fc_connectivity_n2000_mc20_20260831\connectivity\point_03,KF-DPC,184,9.200000000000001,-0.01675847584131786,0.08181257157958809
connectivity,0.005,p=0.005,3,D:\git\sim\outputs\sweep_n_fc_connectivity_n2000_mc20_20260831\connectivity\point_03,KF-DPC,185,9.25,-0.016721056054940564,0.08178814744469412
connectivity,0.005,p=0.005,3,D:\git\sim\outputs\sweep_n_fc_connectivity_n2000_mc20_20260831\connectivity\point_03,KF-DPC,186,9.3,-0.016715958787615778,0.08150745936622092
connectivity,0.005,p=0.005,3,D:\git\sim\outputs\sweep_n_fc_connectivity_n2000_mc20_20260831\connectivity\point_03,KF-DPC,187,9.35,-0.016696581679049985,0.08135898314720677
connectivity,0.005,p=0.005,3,D:\git\sim\outputs\sweep_n_fc_connectivity_n2000_mc20_20260831\connectivity\point_03,KF-DPC,188,9.4,-0.016678736623047644,0.0814579483241608
connectivity,0.005,p=0.005,3,D:\git\sim\outputs\sweep_n_fc_connectivity_n2000_mc20_20260831\connectivity\point_03,KF-DPC,189,9.450000000000001,-0.016673743546625906,0.0812451243729295
connectivity,0.005,p=0.005,3,D:\git\sim\outputs\sweep_n_fc_connectivity_n2000_mc20_20260831\connectivity\point_03,KF-DPC,190,9.5,-0.016657697571786752,0.08118817210294053
connectivity,0.005,p=0.005,3,D:\git\sim\outputs\sweep_n_fc_connectivity_n2000_mc20_20260831\connectivity\point_03,KF-DPC,191,9.55,-0.016605156615399172,0.0809561074627115
connectivity,0.005,p=0.005,3,D:\git\sim\outputs\sweep_n_fc_connectivity_n2000_mc20_20260831\connectivity\point_03,KF-DPC,192,9.600000000000001,-0.016609171979119316,0.08085691109460183
connectivity,0.005,p=0.005,3,D:\git\sim\outputs\sweep_n_fc_connectivity_n2000_mc20_20260831\connectivity\point_03,KF-DPC,193,9.65,-0.016551606081555998,0.08078136268698016
connectivity,0.005,p=0.005,3,D:\git\sim\outputs\sweep_n_fc_connectivity_n2000_mc20_20260831\connectivity\point_03,KF-DPC,194,9.700000000000001,-0.016530646204084294,0.08027445617899062
connectivity,0.005,p=0.005,3,D:\git\sim\outputs\sweep_n_fc_connectivity_n2000_mc20_20260831\connectivity\point_03,KF-DPC,195,9.75,-0.01652467660773551,0.08023585645148881
connectivity,0.005,p=0.005,3,D:\git\sim\outputs\sweep_n_fc_connectivity_n2000_mc20_20260831\connectivity\point_03,KF-DPC,196,9.8,-0.016522553960804303,0.08022856052027949
connectivity,0.005,p=0.005,3,D:\git\sim\outputs\sweep_n_fc_connectivity_n2000_mc20_20260831\connectivity\point_03,KF-DPC,197,9.850000000000001,-0.016454598046272133,0.07980846708595944
connectivity,0.005,p=0.005,3,D:\git\sim\outputs\sweep_n_fc_connectivity_n2000_mc20_20260831\connectivity\point_03,KF-DPC,198,9.9,-0.016499723906932905,0.07995156756780512
connectivity,0.005,p=0.005,3,D:\git\sim\outputs\sweep_n_fc_connectivity_n2000_mc20_20260831\connectivity\point_03,KF-DPC,199,9.950000000000001,-0.016469599080462635,0.07988403227741873
connectivity,0.005,p=0.005,3,D:\git\sim\outputs\sweep_n_fc_connectivity_n2000_mc20_20260831\connectivity\point_03,KF-DPC,200,10.0,-0.01647520488422541,0.07962534783848481
connectivity,0.005,p=0.005,3,D:\git\sim\outputs\sweep_n_fc_connectivity_n2000_mc20_20260831\connectivity\point_03,KF-DPC,201,10.05,-0.016385383417999225,0.07932980789010383
connectivity,0.005,p=0.005,3,D:\git\sim\outputs\sweep_n_fc_connectivity_n2000_mc20_20260831\connectivity\point_03,KF-DPC,202,10.100000000000001,-0.016417911383756773,0.07950886417813632
connectivity,0.005,p=0.005,3,D:\git\sim\outputs\sweep_n_fc_connectivity_n2000_mc20_20260831\connectivity\point_03,KF-DPC,203,10.15,-0.016427386465514553,0.079174081750259
connectivity,0.005,p=0.005,3,D:\git\sim\outputs\sweep_n_fc_connectivity_n2000_mc20_20260831\connectivity\point_03,KF-DPC,204,10.200000000000001,-0.01648102207353471,0.07948417263665743
connectivity,0.005,p=0.005,3,D:\git\sim\outputs\sweep_n_fc_connectivity_n2000_mc20_20260831\connectivity\point_03,KF-DPC,205,10.25,-0.016419109104325293,0.07920763207688708
connectivity,0.005,p=0.005,3,D:\git\sim\outputs\sweep_n_fc_connectivity_n2000_mc20_20260831\connectivity\point_03,KF-DPC,206,10.3,-0.016356339467269578,0.0786606252057717
connectivity,0.005,p=0.005,3,D:\git\sim\outputs\sweep_n_fc_connectivity_n2000_mc20_20260831\connectivity\point_03,KF-DPC,207,10.350000000000001,-0.016380788661623395,0.07874636944941389
connectivity,0.005,p=0.005,3,D:\git\sim\outputs\sweep_n_fc_connectivity_n2000_mc20_20260831\connectivity\point_03,KF-DPC,208,10.4,-0.016361237867669874,0.07870503769880802
connectivity,0.005,p=0.005,3,D:\git\sim\outputs\sweep_n_fc_connectivity_n2000_mc20_20260831\connectivity\point_03,KF-DPC,209,10.450000000000001,-0.01636273330319849,0.07845600046736548
connectivity,0.005,p=0.005,3,D:\git\sim\outputs\sweep_n_fc_connectivity_n2000_mc20_20260831\connectivity\point_03,KF-DPC,210,10.5,-0.016330804857924187,0.07841696986389401
connectivity,0.005,p=0.005,3,D:\git\sim\outputs\sweep_n_fc_connectivity_n2000_mc20_20260831\connectivity\point_03,KF-DPC,211,10.55,-0.016332020628882473,0.07824160021922576
connectivity,0.005,p=0.005,3,D:\git\sim\outputs\sweep_n_fc_connectivity_n2000_mc20_20260831\connectivity\point_03,KF-DPC,212,10.600000000000001,-0.016333413110812715,0.07833727355925868
connectivity,0.005,p=0.005,3,D:\git\sim\outputs\sweep_n_fc_connectivity_n2000_mc20_20260831\connectivity\point_03,KF-DPC,213,10.65,-0.016336359745698872,0.07831808060122028
connectivity,0.005,p=0.005,3,D:\git\sim\outputs\sweep_n_fc_connectivity_n2000_mc20_20260831\connectivity\point_03,KF-DPC,214,10.700000000000001,-0.016288719167571252,0.07797427062976182
connectivity,0.005,p=0.005,3,D:\git\sim\outputs\sweep_n_fc_connectivity_n2000_mc20_20260831\connectivity\point_03,KF-DPC,215,10.75,-0.016278226100928404,0.0780058712865234
connectivity,0.005,p=0.005,3,D:\git\sim\outputs\sweep_n_fc_connectivity_n2000_mc20_20260831\connectivity\point_03,KF-DPC,216,10.8,-0.016253335711652456,0.07785669741727422
connectivity,0.005,p=0.005,3,D:\git\sim\outputs\sweep_n_fc_connectivity_n2000_mc20_20260831\connectivity\point_03,KF-DPC,217,10.850000000000001,-0.016239335774006193,0.07760252976906264
connectivity,0.005,p=0.005,3,D:\git\sim\outputs\sweep_n_fc_connectivity_n2000_mc20_20260831\connectivity\point_03,KF-DPC,218,10.9,-0.016201411373678812,0.07771511025382825
connectivity,0.005,p=0.005,3,D:\git\sim\outputs\sweep_n_fc_connectivity_n2000_mc20_20260831\connectivity\point_03,KF-DPC,219,10.950000000000001,-0.016221808105387522,0.0775506321709499
connectivity,0.005,p=0.005,3,D:\git\sim\outputs\sweep_n_fc_connectivity_n2000_mc20_20260831\connectivity\point_03,KF-DPC,220,11.0,-0.016216720057012374,0.0773842363443247
connectivity,0.005,p=0.005,3,D:\git\sim\outputs\sweep_n_fc_connectivity_n2000_mc20_20260831\connectivity\point_03,KF-DPC,221,11.05,-0.01629363560377897,0.07766263881420063
connectivity,0.005,p=0.005,3,D:\git\sim\outputs\sweep_n_fc_connectivity_n2000_mc20_20260831\connectivity\point_03,KF-DPC,222,11.100000000000001,-0.016263796706996465,0.0774574204589953
connectivity,0.005,p=0.005,3,D:\git\sim\outputs\sweep_n_fc_connectivity_n2000_mc20_20260831\connectivity\point_03,KF-DPC,223,11.15,-0.016219831703348384,0.07726489657863841
connectivity,0.005,p=0.005,3,D:\git\sim\outputs\sweep_n_fc_connectivity_n2000_mc20_20260831\connectivity\point_03,KF-DPC,224,11.200000000000001,-0.016210165005496987,0.07730138891784284
connectivity,0.005,p=0.005,3,D:\git\sim\outputs\sweep_n_fc_connectivity_n2000_mc20_20260831\connectivity\point_03,KF-DPC,225,11.25,-0.016171350269986243,0.07708250022627708
connectivity,0.005,p=0.005,3,D:\git\sim\outputs\sweep_n_fc_connectivity_n2000_mc20_20260831\connectivity\point_03,KF-DPC,226,11.3,-0.01618243336108244,0.07704826266730698
connectivity,0.005,p=0.005,3,D:\git\sim\outputs\sweep_n_fc_connectivity_n2000_mc20_20260831\connectivity\point_03,KF-DPC,227,11.350000000000001,-0.016162400554354566,0.0770685802095421
connectivity,0.005,p=0.005,3,D:\git\sim\outputs\sweep_n_fc_connectivity_n2000_mc20_20260831\connectivity\point_03,KF-DPC,228,11.4,-0.016154667139439093,0.07690460249468102
connectivity,0.005,p=0.005,3,D:\git\sim\outputs\sweep_n_fc_connectivity_n2000_mc20_20260831\connectivity\point_03,KF-DPC,229,11.450000000000001,-0.016198416329726815,0.0770707537349468
connectivity,0.005,p=0.005,3,D:\git\sim\outputs\sweep_n_fc_connectivity_n2000_mc20_20260831\connectivity\point_03,KF-DPC,230,11.5,-0.01613970584439006,0.07680194996738846
connectivity,0.005,p=0.005,3,D:\git\sim\outputs\sweep_n_fc_connectivity_n2000_mc20_20260831\connectivity\point_03,KF-DPC,231,11.55,-0.016226482160811195,0.07703999511502854
connectivity,0.005,p=0.005,3,D:\git\sim\outputs\sweep_n_fc_connectivity_n2000_mc20_20260831\connectivity\point_03,KF-DPC,232,11.600000000000001,-0.016128240340865373,0.07671884733025588
connectivity,0.005,p=0.005,3,D:\git\sim\outputs\sweep_n_fc_connectivity_n2000_mc20_20260831\connectivity\point_03,KF-DPC,233,11.65,-0.016147973541619766,0.07669685252248319
connectivity,0.005,p=0.005,3,D:\git\sim\outputs\sweep_n_fc_connectivity_n2000_mc20_20260831\connectivity\point_03,KF-DPC,234,11.700000000000001,-0.016112672038362013,0.07649348125507918
connectivity,0.005,p=0.005,3,D:\git\sim\outputs\sweep_n_fc_connectivity_n2000_mc20_20260831\connectivity\point_03,KF-DPC,235,11.75,-0.016135890072281268,0.07634867342022837
connectivity,0.005,p=0.005,3,D:\git\sim\outputs\sweep_n_fc_connectivity_n2000_mc20_20260831\connectivity\point_03,KF-DPC,236,11.8,-0.01613804379551825,0.07657032928588502
connectivity,0.005,p=0.005,3,D:\git\sim\outputs\sweep_n_fc_connectivity_n2000_mc20_20260831\connectivity\point_03,KF-DPC,237,11.850000000000001,-0.01610009264706643,0.07620261658041161
connectivity,0.005,p=0.005,3,D:\git\sim\outputs\sweep_n_fc_connectivity_n2000_mc20_20260831\connectivity\point_03,KF-DPC,238,11.9,-0.01610740201384578,0.07639361987472934
connectivity,0.005,p=0.005,3,D:\git\sim\outputs\sweep_n_fc_connectivity_n2000_mc20_20260831\connectivity\point_03,KF-DPC,239,11.950000000000001,-0.016086463797631362,0.07634834592489234
connectivity,0.01,p=0.01,4,D:\git\sim\outputs\sweep_n_fc_connectivity_n2000_mc20_20260831\connectivity\point_04,DPC,0,0.0,-1.2072088645065342,1.2642671157610157
connectivity,0.01,p=0.01,4,D:\git\sim\outputs\sweep_n_fc_connectivity_n2000_mc20_20260831\connectivity\point_04,DPC,1,0.05,-1.2054786141304676,1.2622419965183609
connectivity,0.01,p=0.01,4,D:\git\sim\outputs\sweep_n_fc_connectivity_n2000_mc20_20260831\connectivity\point_04,DPC,2,0.1,-1.1316608742648566,1.2208571909540074
connectivity,0.01,p=0.01,4,D:\git\sim\outputs\sweep_n_fc_connectivity_n2000_mc20_20260831\connectivity\point_04,DPC,3,0.15000000000000002,-1.0798886261247982,1.1898703600362643
connectivity,0.01,p=0.01,4,D:\git\sim\outputs\sweep_n_fc_connectivity_n2000_mc20_20260831\connectivity\point_04,DPC,4,0.2,-1.0418774313286439,1.1676937206111364
connectivity,0.01,p=0.01,4,D:\git\sim\outputs\sweep_n_fc_connectivity_n2000_mc20_20260831\connectivity\point_04,DPC,5,0.25,-0.9997594472710486,1.1431587484018548
connectivity,0.01,p=0.01,4,D:\git\sim\outputs\sweep_n_fc_connectivity_n2000_mc20_20260831\connectivity\point_04,DPC,6,0.30000000000000004,-0.9915129067511602,1.1372371342405194
connectivity,0.01,p=0.01,4,D:\git\sim\outputs\sweep_n_fc_connectivity_n2000_mc20_20260831\connectivity\point_04,DPC,7,0.35000000000000003,-0.9595384424703824,1.1173817338180136
connectivity,0.01,p=0.01,4,D:\git\sim\outputs\sweep_n_fc_connectivity_n2000_mc20_20260831\connectivity\point_04,DPC,8,0.4,-0.9338333579773451,1.1029206569317602
connectivity,0.01,p=0.01,4,D:\git\sim\outputs\sweep_n_fc_connectivity_n2000_mc20_20260831\connectivity\point_04,DPC,9,0.45,-0.9316304803736333,1.099115561087684
connectivity,0.01,p=0.01,4,D:\git\sim\outputs\sweep_n_fc_connectivity_n2000_mc20_20260831\connectivity\point_04,DPC,10,0.5,-0.9166608255330071,1.0920071149900143
connectivity,0.01,p=0.01,4,D:\git\sim\outputs\sweep_n_fc_connectivity_n2000_mc20_20260831\connectivity\point_04,DPC,11,0.55,-0.8989520311544912,1.080844500784137
connectivity,0.01,p=0.01,4,D:\git\sim\outputs\sweep_n_fc_connectivity_n2000_mc20_20260831\connectivity\point_04,DPC,12,0.6000000000000001,-0.8956659970039439,1.0779358953535012
connectivity,0.01,p=0.01,4,D:\git\sim\outputs\sweep_n_fc_connectivity_n2000_mc20_20260831\connectivity\point_04,DPC,13,0.65,-0.8895705246242118,1.0744689384133497
connectivity,0.01,p=0.01,4,D:\git\sim\outputs\sweep_n_fc_connectivity_n2000_mc20_20260831\connectivity\point_04,DPC,14,0.7000000000000001,-0.8839898622272293,1.0728556678047634
connectivity,0.01,p=0.01,4,D:\git\sim\outputs\sweep_n_fc_connectivity_n2000_mc20_20260831\connectivity\point_04,DPC,15,0.75,-0.868273321406954,1.0628162012810227
connectivity,0.01,p=0.01,4,D:\git\sim\outputs\sweep_n_fc_connectivity_n2000_mc20_20260831\connectivity\point_04,DPC,16,0.8,-0.8760235194729503,1.0651499493157064
connectivity,0.01,p=0.01,4,D:\git\sim\outputs\sweep_n_fc_connectivity_n2000_mc20_20260831\connectivity\point_04,DPC,17,0.8500000000000001,-0.8628854223754667,1.0580989987503986
connectivity,0.01,p=0.01,4,D:\git\sim\outputs\sweep_n_fc_connectivity_n2000_mc20_20260831\connectivity\point_04,DPC,18,0.9,-0.8575965410897918,1.0538612409512338
connectivity,0.01,p=0.01,4,D:\git\sim\outputs\sweep_n_fc_connectivity_n2000_mc20_20260831\connectivity\point_04,DPC,19,0.9500000000000001,-0.863375521725738,1.0586599480776777
connectivity,0.01,p=0.01,4,D:\git\sim\outputs\sweep_n_fc_connectivity_n2000_mc20_20260831\connectivity\point_04,DPC,20,1.0,-0.8483198905866656,1.0488117060939621
connectivity,0.01,p=0.01,4,D:\git\sim\outputs\sweep_n_fc_connectivity_n2000_mc20_20260831\connectivity\point_04,DPC,21,1.05,-0.8500267967949587,1.0491569073423925
connectivity,0.01,p=0.01,4,D:\git\sim\outputs\sweep_n_fc_connectivity_n2000_mc20_20260831\connectivity\point_04,DPC,22,1.1,-0.8485385055191351,1.0485468734471726
connectivity,0.01,p=0.01,4,D:\git\sim\outputs\sweep_n_fc_connectivity_n2000_mc20_20260831\connectivity\point_04,DPC,23,1.1500000000000001,-0.8450656230730197,1.0475983542034477
connectivity,0.01,p=0.01,4,D:\git\sim\outputs\sweep_n_fc_connectivity_n2000_mc20_20260831\connectivity\point_04,DPC,24,1.2000000000000002,-0.8396328184283237,1.0439143269800029
connectivity,0.01,p=0.01,4,D:\git\sim\outputs\sweep_n_fc_connectivity_n2000_mc20_20260831\connectivity\point_04,DPC,25,1.25,-0.83363212636547,1.0400573227977405
connectivity,0.01,p=0.01,4,D:\git\sim\outputs\sweep_n_fc_connectivity_n2000_mc20_20260831\connectivity\point_04,DPC,26,1.3,-0.8363328957631132,1.0410500395503282
connectivity,0.01,p=0.01,4,D:\git\sim\outputs\sweep_n_fc_connectivity_n2000_mc20_20260831\connectivity\point_04,DPC,27,1.35,-0.8385894111200181,1.042085017537576
connectivity,0.01,p=0.01,4,D:\git\sim\outputs\sweep_n_fc_connectivity_n2000_mc20_20260831\connectivity\point_04,DPC,28,1.4000000000000001,-0.8267783379799976,1.0352583912082929
connectivity,0.01,p=0.01,4,D:\git\sim\outputs\sweep_n_fc_connectivity_n2000_mc20_20260831\connectivity\point_04,DPC,29,1.4500000000000002,-0.8254826935669906,1.0342139989433874
connectivity,0.01,p=0.01,4,D:\git\sim\outputs\sweep_n_fc_connectivity_n2000_mc20_20260831\connectivity\point_04,DPC,30,1.5,-0.8355365892057636,1.0398237146153964
connectivity,0.01,p=0.01,4,D:\git\sim\outputs\sweep_n_fc_connectivity_n2000_mc20_20260831\connectivity\point_04,DPC,31,1.55,-0.8296262154551605,1.035927173329424
connectivity,0.01,p=0.01,4,D:\git\sim\outputs\sweep_n_fc_connectivity_n2000_mc20_20260831\connectivity\point_04,DPC,32,1.6,-0.8249249194119478,1.0341694996592918
connectivity,0.01,p=0.01,4,D:\git\sim\outputs\sweep_n_fc_connectivity_n2000_mc20_20260831\connectivity\point_04,DPC,33,1.6500000000000001,-0.8216136621573246,1.031388417453417
connectivity,0.01,p=0.01,4,D:\git\sim\outputs\sweep_n_fc_connectivity_n2000_mc20_20260831\connectivity\point_04,DPC,34,1.7000000000000002,-0.822142495237441,1.032107966284976
connectivity,0.01,p=0.01,4,D:\git\sim\outputs\sweep_n_fc_connectivity_n2000_mc20_20260831\connectivity\point_04,DPC,35,1.75,-0.81663579487548,1.0290204425887364
connectivity,0.01,p=0.01,4,D:\git\sim\outputs\sweep_n_fc_connectivity_n2000_mc20_20260831\connectivity\point_04,DPC,36,1.8,-0.8182860040036859,1.0290971229302122
connectivity,0.01,p=0.01,4,D:\git\sim\outputs\sweep_n_fc_connectivity_n2000_mc20_20260831\connectivity\point_04,DPC,37,1.85,-0.8169597646188693,1.029043205816131
connectivity,0.01,p=0.01,4,D:\git\sim\outputs\sweep_n_fc_connectivity_n2000_mc20_20260831\connectivity\point_04,DPC,38,1.9000000000000001,-0.8142024220007898,1.0268663345843796
connectivity,0.01,p=0.01,4,D:\git\sim\outputs\sweep_n_fc_connectivity_n2000_mc20_20260831\connectivity\point_04,DPC,39,1.9500000000000002,-0.8049984721589507,1.0219256334080293
connectivity,0.01,p=0.01,4,D:\git\sim\outputs\sweep_n_fc_connectivity_n2000_mc20_20260831\connectivity\point_04,DPC,40,2.0,-0.8093122941431297,1.0228228113681737
connectivity,0.01,p=0.01,4,D:\git\sim\outputs\sweep_n_fc_connectivity_n2000_mc20_20260831\connectivity\point_04,DPC,41,2.0500000000000003,-0.8052783345380163,1.0211738836165405
connectivity,0.01,p=0.01,4,D:\git\sim\outputs\sweep_n_fc_connectivity_n2000_mc20_20260831\connectivity\point_04,DPC,42,2.1,-0.8222903869047589,1.031611748071607
connectivity,0.01,p=0.01,4,D:\git\sim\outputs\sweep_n_fc_connectivity_n2000_mc20_20260831\connectivity\point_04,DPC,43,2.15,-0.8134059052271247,1.0281490335017738
connectivity,0.01,p=0.01,4,D:\git\sim\outputs\sweep_n_fc_connectivity_n2000_mc20_20260831\connectivity\point_04,DPC,44,2.2,-0.8111707042785206,1.0249069556638084
connectivity,0.01,p=0.01,4,D:\git\sim\outputs\sweep_n_fc_connectivity_n2000_mc20_20260831\connectivity\point_04,DPC,45,2.25,-0.8034962966667583,1.0194135396458188
connectivity,0.01,p=0.01,4,D:\git\sim\outputs\sweep_n_fc_connectivity_n2000_mc20_20260831\connectivity\point_04,DPC,46,2.3000000000000003,-0.8000955932183408,1.018096581318921
connectivity,0.01,p=0.01,4,D:\git\sim\outputs\sweep_n_fc_connectivity_n2000_mc20_20260831\connectivity\point_04,DPC,47,2.35,-0.810618146381923,1.0244476760877739
connectivity,0.01,p=0.01,4,D:\git\sim\outputs\sweep_n_fc_connectivity_n2000_mc20_20260831\connectivity\point_04,DPC,48,2.4000000000000004,-0.8142770344450988,1.0273852110821142
connectivity,0.01,p=0.01,4,D:\git\sim\outputs\sweep_n_fc_connectivity_n2000_mc20_20260831\connectivity\point_04,DPC,49,2.45,-0.8034877125959777,1.019763599535882
connectivity,0.01,p=0.01,4,D:\git\sim\outputs\sweep_n_fc_connectivity_n2000_mc20_20260831\connectivity\point_04,DPC,50,2.5,-0.8131294967240053,1.025162447898953
connectivity,0.01,p=0.01,4,D:\git\sim\outputs\sweep_n_fc_connectivity_n2000_mc20_20260831\connectivity\point_04,DPC,51,2.5500000000000003,-0.8045770075833357,1.0209273561659886
connectivity,0.01,p=0.01,4,D:\git\sim\outputs\sweep_n_fc_connectivity_n2000_mc20_20260831\connectivity\point_04,DPC,52,2.6,-0.8074756781302588,1.0227362301184129
connectivity,0.01,p=0.01,4,D:\git\sim\outputs\sweep_n_fc_connectivity_n2000_mc20_20260831\connectivity\point_04,DPC,53,2.6500000000000004,-0.8014310580362889,1.0183732279705382
connectivity,0.01,p=0.01,4,D:\git\sim\outputs\sweep_n_fc_connectivity_n2000_mc20_20260831\connectivity\point_04,DPC,54,2.7,-0.8043825762036173,1.0204411002590124
connectivity,0.01,p=0.01,4,D:\git\sim\outputs\sweep_n_fc_connectivity_n2000_mc20_20260831\connectivity\point_04,DPC,55,2.75,-0.7933833722937997,1.013205975075365
connectivity,0.01,p=0.01,4,D:\git\sim\outputs\sweep_n_fc_connectivity_n2000_mc20_20260831\connectivity\point_04,DPC,56,2.8000000000000003,-0.8113737898036615,1.0239751246422748
connectivity,0.01,p=0.01,4,D:\git\sim\outputs\sweep_n_fc_connectivity_n2000_mc20_20260831\connectivity\point_04,DPC,57,2.85,-0.8044259285319373,1.0197834678456121
connectivity,0.01,p=0.01,4,D:\git\sim\outputs\sweep_n_fc_connectivity_n2000_mc20_20260831\connectivity\point_04,DPC,58,2.9000000000000004,-0.8046722095275815,1.0209423382326137
connectivity,0.01,p=0.01,4,D:\git\sim\outputs\sweep_n_fc_connectivity_n2000_mc20_20260831\connectivity\point_04,DPC,59,2.95,-0.8057925252412507,1.0214312237962073
connectivity,0.01,p=0.01,4,D:\git\sim\outputs\sweep_n_fc_connectivity_n2000_mc20_20260831\connectivity\point_04,DPC,60,3.0,-0.7985166757426088,1.0173178566683725
connectivity,0.01,p=0.01,4,D:\git\sim\outputs\sweep_n_fc_connectivity_n2000_mc20_20260831\connectivity\point_04,DPC,61,3.0500000000000003,-0.807083129580075,1.0217654900459219
connectivity,0.01,p=0.01,4,D:\git\sim\outputs\sweep_n_fc_connectivity_n2000_mc20_20260831\connectivity\point_04,DPC,62,3.1,-0.8051652868021155,1.02063611702931
connectivity,0.01,p=0.01,4,D:\git\sim\outputs\sweep_n_fc_connectivity_n2000_mc20_20260831\connectivity\point_04,DPC,63,3.1500000000000004,-0.7936341964210312,1.013430974822229
connectivity,0.01,p=0.01,4,D:\git\sim\outputs\sweep_n_fc_connectivity_n2000_mc20_20260831\connectivity\point_04,DPC,64,3.2,-0.8067774064213883,1.0215180490529812
connectivity,0.01,p=0.01,4,D:\git\sim\outputs\sweep_n_fc_connectivity_n2000_mc20_20260831\connectivity\point_04,DPC,65,3.25,-0.8053980736962065,1.0199797923557745
connectivity,0.01,p=0.01,4,D:\git\sim\outputs\sweep_n_fc_connectivity_n2000_mc20_20260831\connectivity\point_04,DPC,66,3.3000000000000003,-0.7907859936724192,1.0115620161953918
connectivity,0.01,p=0.01,4,D:\git\sim\outputs\sweep_n_fc_connectivity_n2000_mc20_20260831\connectivity\point_04,DPC,67,3.35,-0.8000603986420313,1.017955103749884
connectivity,0.01,p=0.01,4,D:\git\sim\outputs\sweep_n_fc_connectivity_n2000_mc20_20260831\connectivity\point_04,DPC,68,3.4000000000000004,-0.7975768226500768,1.0145907719456393
connectivity,0.01,p=0.01,4,D:\git\sim\outputs\sweep_n_fc_connectivity_n2000_mc20_20260831\connectivity\point_04,DPC,69,3.45,-0.8005283680788571,1.0176804830633592
connectivity,0.01,p=0.01,4,D:\git\sim\outputs\sweep_n_fc_connectivity_n2000_mc20_20260831\connectivity\point_04,DPC,70,3.5,-0.8023372506664944,1.0193677316606458
connectivity,0.01,p=0.01,4,D:\git\sim\outputs\sweep_n_fc_connectivity_n2000_mc20_20260831\connectivity\point_04,DPC,71,3.5500000000000003,-0.7981148835126196,1.0162905514735416
connectivity,0.01,p=0.01,4,D:\git\sim\outputs\sweep_n_fc_connectivity_n2000_mc20_20260831\connectivity\point_04,DPC,72,3.6,-0.7964616460468346,1.0148683228439896
connectivity,0.01,p=0.01,4,D:\git\sim\outputs\sweep_n_fc_connectivity_n2000_mc20_20260831\connectivity\point_04,DPC,73,3.6500000000000004,-0.7923418361940584,1.0127043493172398
connectivity,0.01,p=0.01,4,D:\git\sim\outputs\sweep_n_fc_connectivity_n2000_mc20_20260831\connectivity\point_04,DPC,74,3.7,-0.7997514330420339,1.0169278117190959
connectivity,0.01,p=0.01,4,D:\git\sim\outputs\sweep_n_fc_connectivity_n2000_mc20_20260831\connectivity\point_04,DPC,75,3.75,-0.807580244737347,1.0219898367593647
connectivity,0.01,p=0.01,4,D:\git\sim\outputs\sweep_n_fc_connectivity_n2000_mc20_20260831\connectivity\point_04,DPC,76,3.8000000000000003,-0.7876617136992978,1.010216728326896
connectivity,0.01,p=0.01,4,D:\git\sim\outputs\sweep_n_fc_connectivity_n2000_mc20_20260831\connectivity\point_04,DPC,77,3.85,-0.7942773536496484,1.0122848211668838
connectivity,0.01,p=0.01,4,D:\git\sim\outputs\sweep_n_fc_connectivity_n2000_mc20_20260831\connectivity\point_04,DPC,78,3.9000000000000004,-0.7914722948732895,1.012080304410072
connectivity,0.01,p=0.01,4,D:\git\sim\outputs\sweep_n_fc_connectivity_n2000_mc20_20260831\connectivity\point_04,DPC,79,3.95,-0.7877920726784533,1.0102093706174502
connectivity,0.01,p=0.01,4,D:\git\sim\outputs\sweep_n_fc_connectivity_n2000_mc20_20260831\connectivity\point_04,DPC,80,4.0,-0.7811822173090015,1.0073117794145376
connectivity,0.01,p=0.01,4,D:\git\sim\outputs\sweep_n_fc_connectivity_n2000_mc20_20260831\connectivity\point_04,DPC,81,4.05,-0.7965433393173227,1.0161871022323312
connectivity,0.01,p=0.01,4,D:\git\sim\outputs\sweep_n_fc_connectivity_n2000_mc20_20260831\connectivity\point_04,DPC,82,4.1000000000000005,-0.796775972807125,1.0162889035356115
connectivity,0.01,p=0.01,4,D:\git\sim\outputs\sweep_n_fc_connectivity_n2000_mc20_20260831\connectivity\point_04,DPC,83,4.15,-0.7886577087137294,1.01109461473663
connectivity,0.01,p=0.01,4,D:\git\sim\outputs\sweep_n_fc_connectivity_n2000_mc20_20260831\connectivity\point_04,DPC,84,4.2,-0.8015850221149361,1.0179638453503412
connectivity,0.01,p=0.01,4,D:\git\sim\outputs\sweep_n_fc_connectivity_n2000_mc20_20260831\connectivity\point_04,DPC,85,4.25,-0.7948899948342543,1.0142324107755671
connectivity,0.01,p=0.01,4,D:\git\sim\outputs\sweep_n_fc_connectivity_n2000_mc20_20260831\connectivity\point_04,DPC,86,4.3,-0.7908456483989144,1.0109287164558327
connectivity,0.01,p=0.01,4,D:\git\sim\outputs\sweep_n_fc_connectivity_n2000_mc20_20260831\connectivity\point_04,DPC,87,4.3500000000000005,-0.7976916103418659,1.0157608826353264
connectivity,0.01,p=0.01,4,D:\git\sim\outputs\sweep_n_fc_connectivity_n2000_mc20_20260831\connectivity\point_04,DPC,88,4.4,-0.78243994659333,1.0071239533136105
connectivity,0.01,p=0.01,4,D:\git\sim\outputs\sweep_n_fc_connectivity_n2000_mc20_20260831\connectivity\point_04,DPC,89,4.45,-0.7912250073610593,1.0129130036759797
connectivity,0.01,p=0.01,4,D:\git\sim\outputs\sweep_n_fc_connectivity_n2000_mc20_20260831\connectivity\point_04,DPC,90,4.5,-0.7969833012257453,1.0159817054365154
connectivity,0.01,p=0.01,4,D:\git\sim\outputs\sweep_n_fc_connectivity_n2000_mc20_20260831\connectivity\point_04,DPC,91,4.55,-0.7962956522860782,1.0138205094790371
connectivity,0.01,p=0.01,4,D:\git\sim\outputs\sweep_n_fc_connectivity_n2000_mc20_20260831\connectivity\point_04,DPC,92,4.6000000000000005,-0.7863155469757563,1.008705138333424
connectivity,0.01,p=0.01,4,D:\git\sim\outputs\sweep_n_fc_connectivity_n2000_mc20_20260831\connectivity\point_04,DPC,93,4.65,-0.8013765376542835,1.01854652308359
connectivity,0.01,p=0.01,4,D:\git\sim\outputs\sweep_n_fc_connectivity_n2000_mc20_20260831\connectivity\point_04,DPC,94,4.7,-0.7948463625810092,1.0141856403147367
connectivity,0.01,p=0.01,4,D:\git\sim\outputs\sweep_n_fc_connectivity_n2000_mc20_20260831\connectivity\point_04,DPC,95,4.75,-0.7886319267453126,1.0103398997494089
connectivity,0.01,p=0.01,4,D:\git\sim\outputs\sweep_n_fc_connectivity_n2000_mc20_20260831\connectivity\point_04,DPC,96,4.800000000000001,-0.7906365343631648,1.011454914321734
connectivity,0.01,p=0.01,4,D:\git\sim\outputs\sweep_n_fc_connectivity_n2000_mc20_20260831\connectivity\point_04,DPC,97,4.8500000000000005,-0.7933106890678238,1.0125712282437824
connectivity,0.01,p=0.01,4,D:\git\sim\outputs\sweep_n_fc_connectivity_n2000_mc20_20260831\connectivity\point_04,DPC,98,4.9,-0.7828155136449191,1.0054394469657544
connectivity,0.01,p=0.01,4,D:\git\sim\outputs\sweep_n_fc_connectivity_n2000_mc20_20260831\connectivity\point_04,DPC,99,4.95,-0.79811806199742,1.0148989488761808
connectivity,0.01,p=0.01,4,D:\git\sim\outputs\sweep_n_fc_connectivity_n2000_mc20_20260831\connectivity\point_04,DPC,100,5.0,-0.7843461833042491,1.0070599710460086
connectivity,0.01,p=0.01,4,D:\git\sim\outputs\sweep_n_fc_connectivity_n2000_mc20_20260831\connectivity\point_04,DPC,101,5.050000000000001,-0.7866595383578383,1.0074526972444764
connectivity,0.01,p=0.01,4,D:\git\sim\outputs\sweep_n_fc_connectivity_n2000_mc20_20260831\connectivity\point_04,DPC,102,5.1000000000000005,-0.7970436846773509,1.0157034207686846
connectivity,0.01,p=0.01,4,D:\git\sim\outputs\sweep_n_fc_connectivity_n2000_mc20_20260831\connectivity\point_04,DPC,103,5.15,-0.7940352042221394,1.0143537450379032
connectivity,0.01,p=0.01,4,D:\git\sim\outputs\sweep_n_fc_connectivity_n2000_mc20_20260831\connectivity\point_04,DPC,104,5.2,-0.7906425567085285,1.0117892525367087
connectivity,0.01,p=0.01,4,D:\git\sim\outputs\sweep_n_fc_connectivity_n2000_mc20_20260831\connectivity\point_04,DPC,105,5.25,-0.7849876274313148,1.0093789921092826
connectivity,0.01,p=0.01,4,D:\git\sim\outputs\sweep_n_fc_connectivity_n2000_mc20_20260831\connectivity\point_04,DPC,106,5.300000000000001,-0.783225514692447,1.0071236940903057
connectivity,0.01,p=0.01,4,D:\git\sim\outputs\sweep_n_fc_connectivity_n2000_mc20_20260831\connectivity\point_04,DPC,107,5.3500000000000005,-0.7960068996594295,1.0138239541820395
connectivity,0.01,p=0.01,4,D:\git\sim\outputs\sweep_n_fc_connectivity_n2000_mc20_20260831\connectivity\point_04,DPC,108,5.4,-0.7859030906518388,1.008447045394969
connectivity,0.01,p=0.01,4,D:\git\sim\outputs\sweep_n_fc_connectivity_n2000_mc20_20260831\connectivity\point_04,DPC,109,5.45,-0.7919898042226265,1.0122123264593323
connectivity,0.01,p=0.01,4,D:\git\sim\outputs\sweep_n_fc_connectivity_n2000_mc20_20260831\connectivity\point_04,DPC,110,5.5,-0.7927658805209603,1.01245938248203
connectivity,0.01,p=0.01,4,D:\git\sim\outputs\sweep_n_fc_connectivity_n2000_mc20_20260831\connectivity\point_04,DPC,111,5.550000000000001,-0.7760167851845645,1.0015396201534597
connectivity,0.01,p=0.01,4,D:\git\sim\outputs\sweep_n_fc_connectivity_n2000_mc20_20260831\connectivity\point_04,DPC,112,5.6000000000000005,-0.7868821413991494,1.009085803821257
connectivity,0.01,p=0.01,4,D:\git\sim\outputs\sweep_n_fc_connectivity_n2000_mc20_20260831\connectivity\point_04,DPC,113,5.65,-0.792127761800234,1.0116543142232264
connectivity,0.01,p=0.01,4,D:\git\sim\outputs\sweep_n_fc_connectivity_n2000_mc20_20260831\connectivity\point_04,DPC,114,5.7,-0.7844928754886378,1.008099067511031
connectivity,0.01,p=0.01,4,D:\git\sim\outputs\sweep_n_fc_connectivity_n2000_mc20_20260831\connectivity\point_04,DPC,115,5.75,-0.7804284291901511,1.0050236755215
connectivity,0.01,p=0.01,4,D:\git\sim\outputs\sweep_n_fc_connectivity_n2000_mc20_20260831\connectivity\point_04,DPC,116,5.800000000000001,-0.7915348775598297,1.0103254928307548
connectivity,0.01,p=0.01,4,D:\git\sim\outputs\sweep_n_fc_connectivity_n2000_mc20_20260831\connectivity\point_04,DPC,117,5.8500000000000005,-0.7792450487145648,1.004145779091838
connectivity,0.01,p=0.01,4,D:\git\sim\outputs\sweep_n_fc_connectivity_n2000_mc20_20260831\connectivity\point_04,DPC,118,5.9,-0.7837991109862259,1.0074226455709347
connectivity,0.01,p=0.01,4,D:\git\sim\outputs\sweep_n_fc_connectivity_n2000_mc20_20260831\connectivity\point_04,DPC,119,5.95,-0.7864412682351261,1.009017680999108
connectivity,0.01,p=0.01,4,D:\git\sim\outputs\sweep_n_fc_connectivity_n2000_mc20_20260831\connectivity\point_04,DPC,120,6.0,-0.7721649605921921,0.9982237520935616
connectivity,0.01,p=0.01,4,D:\git\sim\outputs\sweep_n_fc_connectivity_n2000_mc20_20260831\connectivity\point_04,DPC,121,6.050000000000001,-0.7887281929779644,1.0096841873823577
connectivity,0.01,p=0.01,4,D:\git\sim\outputs\sweep_n_fc_connectivity_n2000_mc20_20260831\connectivity\point_04,DPC,122,6.1000000000000005,-0.7943864891461292,1.0140277396431503
connectivity,0.01,p=0.01,4,D:\git\sim\outputs\sweep_n_fc_connectivity_n2000_mc20_20260831\connectivity\point_04,DPC,123,6.15,-0.7829339692510247,1.0071917021384835
connectivity,0.01,p=0.01,4,D:\git\sim\outputs\sweep_n_fc_connectivity_n2000_mc20_20260831\connectivity\point_04,DPC,124,6.2,-0.7834131728887427,1.0066360765529607
connectivity,0.01,p=0.01,4,D:\git\sim\outputs\sweep_n_fc_connectivity_n2000_mc20_20260831\connectivity\point_04,DPC,125,6.25,-0.7815307407440303,1.0067910153850805
connectivity,0.01,p=0.01,4,D:\git\sim\outputs\sweep_n_fc_connectivity_n2000_mc20_20260831\connectivity\point_04,DPC,126,6.300000000000001,-0.7892615481587617,1.011542443455077
connectivity,0.01,p=0.01,4,D:\git\sim\outputs\sweep_n_fc_connectivity_n2000_mc20_20260831\connectivity\point_04,DPC,127,6.3500000000000005,-0.7830977841847349,1.006340143653833
connectivity,0.01,p=0.01,4,D:\git\sim\outputs\sweep_n_fc_connectivity_n2000_mc20_20260831\connectivity\point_04,DPC,128,6.4,-0.7871984038130471,1.0101378303403996
connectivity,0.01,p=0.01,4,D:\git\sim\outputs\sweep_n_fc_connectivity_n2000_mc20_20260831\connectivity\point_04,DPC,129,6.45,-0.7880091271854716,1.0086274383005105
connectivity,0.01,p=0.01,4,D:\git\sim\outputs\sweep_n_fc_connectivity_n2000_mc20_20260831\connectivity\point_04,DPC,130,6.5,-0.7951908121852079,1.0152999390917754
connectivity,0.01,p=0.01,4,D:\git\sim\outputs\sweep_n_fc_connectivity_n2000_mc20_20260831\connectivity\point_04,DPC,131,6.550000000000001,-0.7887873023688912,1.0111030135267343
connectivity,0.01,p=0.01,4,D:\git\sim\outputs\sweep_n_fc_connectivity_n2000_mc20_20260831\connectivity\point_04,DPC,132,6.6000000000000005,-0.7803589336777185,1.0053085496880079
connectivity,0.01,p=0.01,4,D:\git\sim\outputs\sweep_n_fc_connectivity_n2000_mc20_20260831\connectivity\point_04,DPC,133,6.65,-0.7892578723569181,1.0103924220700027
connectivity,0.01,p=0.01,4,D:\git\sim\outputs\sweep_n_fc_connectivity_n2000_mc20_20260831\connectivity\point_04,DPC,134,6.7,-0.7880477664561376,1.0092334759906199
connectivity,0.01,p=0.01,4,D:\git\sim\outputs\sweep_n_fc_connectivity_n2000_mc20_20260831\connectivity\point_04,DPC,135,6.75,-0.779143313654891,1.0037602489672843
connectivity,0.01,p=0.01,4,D:\git\sim\outputs\sweep_n_fc_connectivity_n2000_mc20_20260831\connectivity\point_04,DPC,136,6.800000000000001,-0.777564714209818,1.0029110893907727
connectivity,0.01,p=0.01,4,D:\git\sim\outputs\sweep_n_fc_connectivity_n2000_mc20_20260831\connectivity\point_04,DPC,137,6.8500000000000005,-0.7778822822288569,1.0042622837933826
connectivity,0.01,p=0.01,4,D:\git\sim\outputs\sweep_n_fc_connectivity_n2000_mc20_20260831\connectivity\point_04,DPC,138,6.9,-0.791287332632066,1.011702125227138
connectivity,0.01,p=0.01,4,D:\git\sim\outputs\sweep_n_fc_connectivity_n2000_mc20_20260831\connectivity\point_04,DPC,139,6.95,-0.7903313092917313,1.0114843369681656
connectivity,0.01,p=0.01,4,D:\git\sim\outputs\sweep_n_fc_connectivity_n2000_mc20_20260831\connectivity\point_04,DPC,140,7.0,-0.7853857682047845,1.0082838954753517
connectivity,0.01,p=0.01,4,D:\git\sim\outputs\sweep_n_fc_connectivity_n2000_mc20_20260831\connectivity\point_04,DPC,141,7.050000000000001,-0.7883225271790502,1.009708509338699
connectivity,0.01,p=0.01,4,D:\git\sim\outputs\sweep_n_fc_connectivity_n2000_mc20_20260831\connectivity\point_04,DPC,142,7.1000000000000005,-0.7834849132497966,1.0069501528315354
connectivity,0.01,p=0.01,4,D:\git\sim\outputs\sweep_n_fc_connectivity_n2000_mc20_20260831\connectivity\point_04,DPC,143,7.15,-0.7779784136932424,1.0033648984710015
connectivity,0.01,p=0.01,4,D:\git\sim\outputs\sweep_n_fc_connectivity_n2000_mc20_20260831\connectivity\point_04,DPC,144,7.2,-0.7841383205259073,1.0076206763263058
connectivity,0.01,p=0.01,4,D:\git\sim\outputs\sweep_n_fc_connectivity_n2000_mc20_20260831\connectivity\point_04,DPC,145,7.25,-0.7909144539139852,1.0103930297473112
connectivity,0.01,p=0.01,4,D:\git\sim\outputs\sweep_n_fc_connectivity_n2000_mc20_20260831\connectivity\point_04,DPC,146,7.300000000000001,-0.788080399167066,1.010101761537237
connectivity,0.01,p=0.01,4,D:\git\sim\outputs\sweep_n_fc_connectivity_n2000_mc20_20260831\connectivity\point_04,DPC,147,7.3500000000000005,-0.782412335250281,1.0057101391936754
connectivity,0.01,p=0.01,4,D:\git\sim\outputs\sweep_n_fc_connectivity_n2000_mc20_20260831\connectivity\point_04,DPC,148,7.4,-0.7933081488364375,1.0132079590991985
connectivity,0.01,p=0.01,4,D:\git\sim\outputs\sweep_n_fc_connectivity_n2000_mc20_20260831\connectivity\point_04,DPC,149,7.45,-0.7827761664669282,1.0067985993557378
connectivity,0.01,p=0.01,4,D:\git\sim\outputs\sweep_n_fc_connectivity_n2000_mc20_20260831\connectivity\point_04,DPC,150,7.5,-0.7843391537179301,1.0066688524271696
connectivity,0.01,p=0.01,4,D:\git\sim\outputs\sweep_n_fc_connectivity_n2000_mc20_20260831\connectivity\point_04,DPC,151,7.550000000000001,-0.7861870416731824,1.008305334077033
connectivity,0.01,p=0.01,4,D:\git\sim\outputs\sweep_n_fc_connectivity_n2000_mc20_20260831\connectivity\point_04,DPC,152,7.6000000000000005,-0.7830874036158513,1.0066961060167747
connectivity,0.01,p=0.01,4,D:\git\sim\outputs\sweep_n_fc_connectivity_n2000_mc20_20260831\connectivity\point_04,DPC,153,7.65,-0.7887265180344254,1.008846979513915
connectivity,0.01,p=0.01,4,D:\git\sim\outputs\sweep_n_fc_connectivity_n2000_mc20_20260831\connectivity\point_04,DPC,154,7.7,-0.7795415134959193,1.0046848799675618
connectivity,0.01,p=0.01,4,D:\git\sim\outputs\sweep_n_fc_connectivity_n2000_mc20_20260831\connectivity\point_04,DPC,155,7.75,-0.7860011371900224,1.0085307376705672
connectivity,0.01,p=0.01,4,D:\git\sim\outputs\sweep_n_fc_connectivity_n2000_mc20_20260831\connectivity\point_04,DPC,156,7.800000000000001,-0.7856329500272642,1.0088164838895302
connectivity,0.01,p=0.01,4,D:\git\sim\outputs\sweep_n_fc_connectivity_n2000_mc20_20260831\connectivity\point_04,DPC,157,7.8500000000000005,-0.780617877341418,1.003929246252229
connectivity,0.01,p=0.01,4,D:\git\sim\outputs\sweep_n_fc_connectivity_n2000_mc20_20260831\connectivity\point_04,DPC,158,7.9,-0.7856645540140381,1.0077143458246978
connectivity,0.01,p=0.01,4,D:\git\sim\outputs\sweep_n_fc_connectivity_n2000_mc20_20260831\connectivity\point_04,DPC,159,7.95,-0.782296527062778,1.005878458679812
connectivity,0.01,p=0.01,4,D:\git\sim\outputs\sweep_n_fc_connectivity_n2000_mc20_20260831\connectivity\point_04,DPC,160,8.0,-0.7848734624119975,1.0075153973853055
connectivity,0.01,p=0.01,4,D:\git\sim\outputs\sweep_n_fc_connectivity_n2000_mc20_20260831\connectivity\point_04,DPC,161,8.05,-0.7855433422010581,1.008234411798582
connectivity,0.01,p=0.01,4,D:\git\sim\outputs\sweep_n_fc_connectivity_n2000_mc20_20260831\connectivity\point_04,DPC,162,8.1,-0.7871835526080156,1.0101907842277644
connectivity,0.01,p=0.01,4,D:\git\sim\outputs\sweep_n_fc_connectivity_n2000_mc20_20260831\connectivity\point_04,DPC,163,8.15,-0.7813278516372774,1.0048525684403657
connectivity,0.01,p=0.01,4,D:\git\sim\outputs\sweep_n_fc_connectivity_n2000_mc20_20260831\connectivity\point_04,DPC,164,8.200000000000001,-0.7763428254258264,1.0023814032631917
connectivity,0.01,p=0.01,4,D:\git\sim\outputs\sweep_n_fc_connectivity_n2000_mc20_20260831\connectivity\point_04,DPC,165,8.25,-0.7922470944657694,1.0127377450227548
connectivity,0.01,p=0.01,4,D:\git\sim\outputs\sweep_n_fc_connectivity_n2000_mc20_20260831\connectivity\point_04,DPC,166,8.3,-0.7844661279750154,1.0075472419231373
connectivity,0.01,p=0.01,4,D:\git\sim\outputs\sweep_n_fc_connectivity_n2000_mc20_20260831\connectivity\point_04,DPC,167,8.35,-0.7892976368228968,1.0092895075588326
connectivity,0.01,p=0.01,4,D:\git\sim\outputs\sweep_n_fc_connectivity_n2000_mc20_20260831\connectivity\point_04,DPC,168,8.4,-0.7872063030820259,1.0099346423047462
connectivity,0.01,p=0.01,4,D:\git\sim\outputs\sweep_n_fc_connectivity_n2000_mc20_20260831\connectivity\point_04,DPC,169,8.450000000000001,-0.7827848905565636,1.0056345803492477
connectivity,0.01,p=0.01,4,D:\git\sim\outputs\sweep_n_fc_connectivity_n2000_mc20_20260831\connectivity\point_04,DPC,170,8.5,-0.7861860835632819,1.00927545380056
connectivity,0.01,p=0.01,4,D:\git\sim\outputs\sweep_n_fc_connectivity_n2000_mc20_20260831\connectivity\point_04,DPC,171,8.55,-0.7913967681202425,1.0117720122262406
connectivity,0.01,p=0.01,4,D:\git\sim\outputs\sweep_n_fc_connectivity_n2000_mc20_20260831\connectivity\point_04,DPC,172,8.6,-0.7767086783794784,1.0018243836220209
connectivity,0.01,p=0.01,4,D:\git\sim\outputs\sweep_n_fc_connectivity_n2000_mc20_20260831\connectivity\point_04,DPC,173,8.65,-0.7751885071875866,1.0019484568323815
connectivity,0.01,p=0.01,4,D:\git\sim\outputs\sweep_n_fc_connectivity_n2000_mc20_20260831\connectivity\point_04,DPC,174,8.700000000000001,-0.787355600363952,1.0097016783284394
connectivity,0.01,p=0.01,4,D:\git\sim\outputs\sweep_n_fc_connectivity_n2000_mc20_20260831\connectivity\point_04,DPC,175,8.75,-0.7907204399855945,1.011362030596319
connectivity,0.01,p=0.01,4,D:\git\sim\outputs\sweep_n_fc_connectivity_n2000_mc20_20260831\connectivity\point_04,DPC,176,8.8,-0.7830918458495004,1.0068395531337042
connectivity,0.01,p=0.01,4,D:\git\sim\outputs\sweep_n_fc_connectivity_n2000_mc20_20260831\connectivity\point_04,DPC,177,8.85,-0.7894033826975073,1.0103011675964881
connectivity,0.01,p=0.01,4,D:\git\sim\outputs\sweep_n_fc_connectivity_n2000_mc20_20260831\connectivity\point_04,DPC,178,8.9,-0.7871987939995857,1.0101381704626553
connectivity,0.01,p=0.01,4,D:\git\sim\outputs\sweep_n_fc_connectivity_n2000_mc20_20260831\connectivity\point_04,DPC,179,8.950000000000001,-0.7713075497268672,0.9998357314730362
connectivity,0.01,p=0.01,4,D:\git\sim\outputs\sweep_n_fc_connectivity_n2000_mc20_20260831\connectivity\point_04,DPC,180,9.0,-0.7753557525872972,1.0007981669157404
connectivity,0.01,p=0.01,4,D:\git\sim\outputs\sweep_n_fc_connectivity_n2000_mc20_20260831\connectivity\point_04,DPC,181,9.05,-0.7782616203939283,1.0035736866305904
connectivity,0.01,p=0.01,4,D:\git\sim\outputs\sweep_n_fc_connectivity_n2000_mc20_20260831\connectivity\point_04,DPC,182,9.1,-0.7887407178116089,1.009154797117007
connectivity,0.01,p=0.01,4,D:\git\sim\outputs\sweep_n_fc_connectivity_n2000_mc20_20260831\connectivity\point_04,DPC,183,9.15,-0.7879491424224947,1.0091286001924797
connectivity,0.01,p=0.01,4,D:\git\sim\outputs\sweep_n_fc_connectivity_n2000_mc20_20260831\connectivity\point_04,DPC,184,9.200000000000001,-0.7885649701963906,1.010397894877127
connectivity,0.01,p=0.01,4,D:\git\sim\outputs\sweep_n_fc_connectivity_n2000_mc20_20260831\connectivity\point_04,DPC,185,9.25,-0.7811102234788864,1.006281240524839
connectivity,0.01,p=0.01,4,D:\git\sim\outputs\sweep_n_fc_connectivity_n2000_mc20_20260831\connectivity\point_04,DPC,186,9.3,-0.7756624512549742,1.001935960990215
connectivity,0.01,p=0.01,4,D:\git\sim\outputs\sweep_n_fc_connectivity_n2000_mc20_20260831\connectivity\point_04,DPC,187,9.35,-0.7829801995829594,1.0074108273950422
connectivity,0.01,p=0.01,4,D:\git\sim\outputs\sweep_n_fc_connectivity_n2000_mc20_20260831\connectivity\point_04,DPC,188,9.4,-0.7827262458239166,1.0059162727706354
connectivity,0.01,p=0.01,4,D:\git\sim\outputs\sweep_n_fc_connectivity_n2000_mc20_20260831\connectivity\point_04,DPC,189,9.450000000000001,-0.7783704694466621,1.0046388520598035
connectivity,0.01,p=0.01,4,D:\git\sim\outputs\sweep_n_fc_connectivity_n2000_mc20_20260831\connectivity\point_04,DPC,190,9.5,-0.7910183778427491,1.0117205955771322
connectivity,0.01,p=0.01,4,D:\git\sim\outputs\sweep_n_fc_connectivity_n2000_mc20_20260831\connectivity\point_04,DPC,191,9.55,-0.786587826283302,1.0100822983784385
connectivity,0.01,p=0.01,4,D:\git\sim\outputs\sweep_n_fc_connectivity_n2000_mc20_20260831\connectivity\point_04,DPC,192,9.600000000000001,-0.7850874811540092,1.0081867967198899
connectivity,0.01,p=0.01,4,D:\git\sim\outputs\sweep_n_fc_connectivity_n2000_mc20_20260831\connectivity\point_04,DPC,193,9.65,-0.7816968636155699,1.0063190833933162
connectivity,0.01,p=0.01,4,D:\git\sim\outputs\sweep_n_fc_connectivity_n2000_mc20_20260831\connectivity\point_04,DPC,194,9.700000000000001,-0.781831277553226,1.004884475308041
connectivity,0.01,p=0.01,4,D:\git\sim\outputs\sweep_n_fc_connectivity_n2000_mc20_20260831\connectivity\point_04,DPC,195,9.75,-0.7772617988052322,1.003133096680956
connectivity,0.01,p=0.01,4,D:\git\sim\outputs\sweep_n_fc_connectivity_n2000_mc20_20260831\connectivity\point_04,DPC,196,9.8,-0.7839523806401776,1.0065404552845014
connectivity,0.01,p=0.01,4,D:\git\sim\outputs\sweep_n_fc_connectivity_n2000_mc20_20260831\connectivity\point_04,DPC,197,9.850000000000001,-0.78734359341686,1.0096072966193974
connectivity,0.01,p=0.01,4,D:\git\sim\outputs\sweep_n_fc_connectivity_n2000_mc20_20260831\connectivity\point_04,DPC,198,9.9,-0.7831936572459592,1.0070596208206255
connectivity,0.01,p=0.01,4,D:\git\sim\outputs\sweep_n_fc_connectivity_n2000_mc20_20260831\connectivity\point_04,DPC,199,9.950000000000001,-0.7885619138981159,1.0098931863486915
connectivity,0.01,p=0.01,4,D:\git\sim\outputs\sweep_n_fc_connectivity_n2000_mc20_20260831\connectivity\point_04,DPC,200,10.0,-0.7823215664047134,1.0065858138087924
connectivity,0.01,p=0.01,4,D:\git\sim\outputs\sweep_n_fc_connectivity_n2000_mc20_20260831\connectivity\point_04,DPC,201,10.05,-0.7770863210808805,1.0022302646115084
connectivity,0.01,p=0.01,4,D:\git\sim\outputs\sweep_n_fc_connectivity_n2000_mc20_20260831\connectivity\point_04,DPC,202,10.100000000000001,-0.7824710833522139,1.0059891338563542
connectivity,0.01,p=0.01,4,D:\git\sim\outputs\sweep_n_fc_connectivity_n2000_mc20_20260831\connectivity\point_04,DPC,203,10.15,-0.7772072810434352,1.0032204216527516
connectivity,0.01,p=0.01,4,D:\git\sim\outputs\sweep_n_fc_connectivity_n2000_mc20_20260831\connectivity\point_04,DPC,204,10.200000000000001,-0.7796183985929968,1.0041492957923344
connectivity,0.01,p=0.01,4,D:\git\sim\outputs\sweep_n_fc_connectivity_n2000_mc20_20260831\connectivity\point_04,DPC,205,10.25,-0.7861683242047353,1.008176264340693
connectivity,0.01,p=0.01,4,D:\git\sim\outputs\sweep_n_fc_connectivity_n2000_mc20_20260831\connectivity\point_04,DPC,206,10.3,-0.7863296917885818,1.0084505830953772
connectivity,0.01,p=0.01,4,D:\git\sim\outputs\sweep_n_fc_connectivity_n2000_mc20_20260831\connectivity\point_04,DPC,207,10.350000000000001,-0.7826811713429158,1.006493676679248
connectivity,0.01,p=0.01,4,D:\git\sim\outputs\sweep_n_fc_connectivity_n2000_mc20_20260831\connectivity\point_04,DPC,208,10.4,-0.7770250335161231,1.002945411542823
connectivity,0.01,p=0.01,4,D:\git\sim\outputs\sweep_n_fc_connectivity_n2000_mc20_20260831\connectivity\point_04,DPC,209,10.450000000000001,-0.7826337405834649,1.0062462736529796
connectivity,0.01,p=0.01,4,D:\git\sim\outputs\sweep_n_fc_connectivity_n2000_mc20_20260831\connectivity\point_04,DPC,210,10.5,-0.7770574747968582,1.0016981448565274
connectivity,0.01,p=0.01,4,D:\git\sim\outputs\sweep_n_fc_connectivity_n2000_mc20_20260831\connectivity\point_04,DPC,211,10.55,-0.7829571064703733,1.006335830578249
connectivity,0.01,p=0.01,4,D:\git\sim\outputs\sweep_n_fc_connectivity_n2000_mc20_20260831\connectivity\point_04,DPC,212,10.600000000000001,-0.7771351355075834,1.0026296301943507
connectivity,0.01,p=0.01,4,D:\git\sim\outputs\sweep_n_fc_connectivity_n2000_mc20_20260831\connectivity\point_04,DPC,213,10.65,-0.785636439566376,1.008291266139023
connectivity,0.01,p=0.01,4,D:\git\sim\outputs\sweep_n_fc_connectivity_n2000_mc20_20260831\connectivity\point_04,DPC,214,10.700000000000001,-0.7806865657788686,1.0043618600918456
connectivity,0.01,p=0.01,4,D:\git\sim\outputs\sweep_n_fc_connectivity_n2000_mc20_20260831\connectivity\point_04,DPC,215,10.75,-0.7704982188091867,0.9984217839684744
connectivity,0.01,p=0.01,4,D:\git\sim\outputs\sweep_n_fc_connectivity_n2000_mc20_20260831\connectivity\point_04,DPC,216,10.8,-0.7890531373103188,1.0104982064326564
connectivity,0.01,p=0.01,4,D:\git\sim\outputs\sweep_n_fc_connectivity_n2000_mc20_20260831\connectivity\point_04,DPC,217,10.850000000000001,-0.7739950736862702,1.0008247157218204
connectivity,0.01,p=0.01,4,D:\git\sim\outputs\sweep_n_fc_connectivity_n2000_mc20_20260831\connectivity\point_04,DPC,218,10.9,-0.7850721488488999,1.009046554472115
connectivity,0.01,p=0.01,4,D:\git\sim\outputs\sweep_n_fc_connectivity_n2000_mc20_20260831\connectivity\point_04,DPC,219,10.950000000000001,-0.7815663116300038,1.0058854393259993
connectivity,0.01,p=0.01,4,D:\git\sim\outputs\sweep_n_fc_connectivity_n2000_mc20_20260831\connectivity\point_04,DPC,220,11.0,-0.7875173361649128,1.0091069899456182
connectivity,0.01,p=0.01,4,D:\git\sim\outputs\sweep_n_fc_connectivity_n2000_mc20_20260831\connectivity\point_04,DPC,221,11.05,-0.7786811770759723,1.0039350425163243
connectivity,0.01,p=0.01,4,D:\git\sim\outputs\sweep_n_fc_connectivity_n2000_mc20_20260831\connectivity\point_04,DPC,222,11.100000000000001,-0.7844850279315384,1.00691555970737
connectivity,0.01,p=0.01,4,D:\git\sim\outputs\sweep_n_fc_connectivity_n2000_mc20_20260831\connectivity\point_04,DPC,223,11.15,-0.7843443732754505,1.007643305395519
connectivity,0.01,p=0.01,4,D:\git\sim\outputs\sweep_n_fc_connectivity_n2000_mc20_20260831\connectivity\point_04,DPC,224,11.200000000000001,-0.7833226225113192,1.0077764357416952
connectivity,0.01,p=0.01,4,D:\git\sim\outputs\sweep_n_fc_connectivity_n2000_mc20_20260831\connectivity\point_04,DPC,225,11.25,-0.7852514519779202,1.0076297125192548
connectivity,0.01,p=0.01,4,D:\git\sim\outputs\sweep_n_fc_connectivity_n2000_mc20_20260831\connectivity\point_04,DPC,226,11.3,-0.7918100818582762,1.0117770799779258
connectivity,0.01,p=0.01,4,D:\git\sim\outputs\sweep_n_fc_connectivity_n2000_mc20_20260831\connectivity\point_04,DPC,227,11.350000000000001,-0.7765806821946828,1.0021430384625127
connectivity,0.01,p=0.01,4,D:\git\sim\outputs\sweep_n_fc_connectivity_n2000_mc20_20260831\connectivity\point_04,DPC,228,11.4,-0.787007243233131,1.0090098706126598
connectivity,0.01,p=0.01,4,D:\git\sim\outputs\sweep_n_fc_connectivity_n2000_mc20_20260831\connectivity\point_04,DPC,229,11.450000000000001,-0.7805433790325468,1.0051174611791687
connectivity,0.01,p=0.01,4,D:\git\sim\outputs\sweep_n_fc_connectivity_n2000_mc20_20260831\connectivity\point_04,DPC,230,11.5,-0.7934236711647041,1.0119438869667026
connectivity,0.01,p=0.01,4,D:\git\sim\outputs\sweep_n_fc_connectivity_n2000_mc20_20260831\connectivity\point_04,DPC,231,11.55,-0.781990779646225,1.0054755976684593
connectivity,0.01,p=0.01,4,D:\git\sim\outputs\sweep_n_fc_connectivity_n2000_mc20_20260831\connectivity\point_04,DPC,232,11.600000000000001,-0.7670741492652002,0.9960964966850281
connectivity,0.01,p=0.01,4,D:\git\sim\outputs\sweep_n_fc_connectivity_n2000_mc20_20260831\connectivity\point_04,DPC,233,11.65,-0.7812991449809286,1.0059502226648636
connectivity,0.01,p=0.01,4,D:\git\sim\outputs\sweep_n_fc_connectivity_n2000_mc20_20260831\connectivity\point_04,DPC,234,11.700000000000001,-0.7837735706679428,1.006898318213754
connectivity,0.01,p=0.01,4,D:\git\sim\outputs\sweep_n_fc_connectivity_n2000_mc20_20260831\connectivity\point_04,DPC,235,11.75,-0.7756584265098048,1.0021368870611065
connectivity,0.01,p=0.01,4,D:\git\sim\outputs\sweep_n_fc_connectivity_n2000_mc20_20260831\connectivity\point_04,DPC,236,11.8,-0.7784588322665875,1.0035069912861965
connectivity,0.01,p=0.01,4,D:\git\sim\outputs\sweep_n_fc_connectivity_n2000_mc20_20260831\connectivity\point_04,DPC,237,11.850000000000001,-0.7790825042491639,1.0034068515600179
connectivity,0.01,p=0.01,4,D:\git\sim\outputs\sweep_n_fc_connectivity_n2000_mc20_20260831\connectivity\point_04,DPC,238,11.9,-0.7827139797609883,1.0068117234719773
connectivity,0.01,p=0.01,4,D:\git\sim\outputs\sweep_n_fc_connectivity_n2000_mc20_20260831\connectivity\point_04,DPC,239,11.950000000000001,-0.7781186616122121,1.002331928942061
connectivity,0.01,p=0.01,4,D:\git\sim\outputs\sweep_n_fc_connectivity_n2000_mc20_20260831\connectivity\point_04,KF-DPC,0,0.0,-1.2072088645065342,1.2642671157610157
connectivity,0.01,p=0.01,4,D:\git\sim\outputs\sweep_n_fc_connectivity_n2000_mc20_20260831\connectivity\point_04,KF-DPC,1,0.05,-0.5596555756443643,0.9006742071077118
connectivity,0.01,p=0.01,4,D:\git\sim\outputs\sweep_n_fc_connectivity_n2000_mc20_20260831\connectivity\point_04,KF-DPC,2,0.1,-0.41441682352932385,0.8676778359267583
connectivity,0.01,p=0.01,4,D:\git\sim\outputs\sweep_n_fc_connectivity_n2000_mc20_20260831\connectivity\point_04,KF-DPC,3,0.15000000000000002,-0.35028002945116316,0.809062061013843
connectivity,0.01,p=0.01,4,D:\git\sim\outputs\sweep_n_fc_connectivity_n2000_mc20_20260831\connectivity\point_04,KF-DPC,4,0.2,-0.29491279349962773,0.7092472505421256
connectivity,0.01,p=0.01,4,D:\git\sim\outputs\sweep_n_fc_connectivity_n2000_mc20_20260831\connectivity\point_04,KF-DPC,5,0.25,-0.24460806743980135,0.6133037168949195
connectivity,0.01,p=0.01,4,D:\git\sim\outputs\sweep_n_fc_connectivity_n2000_mc20_20260831\connectivity\point_04,KF-DPC,6,0.30000000000000004,-0.2051455094260516,0.5397146935904324
connectivity,0.01,p=0.01,4,D:\git\sim\outputs\sweep_n_fc_connectivity_n2000_mc20_20260831\connectivity\point_04,KF-DPC,7,0.35000000000000003,-0.17453453498156102,0.4822428179825902
connectivity,0.01,p=0.01,4,D:\git\sim\outputs\sweep_n_fc_connectivity_n2000_mc20_20260831\connectivity\point_04,KF-DPC,8,0.4,-0.14954766738812342,0.4376074433667414
connectivity,0.01,p=0.01,4,D:\git\sim\outputs\sweep_n_fc_connectivity_n2000_mc20_20260831\connectivity\point_04,KF-DPC,9,0.45,-0.13048925464886788,0.40215913371602535
connectivity,0.01,p=0.01,4,D:\git\sim\outputs\sweep_n_fc_connectivity_n2000_mc20_20260831\connectivity\point_04,KF-DPC,10,0.5,-0.11624204427255647,0.37539991436905085
connectivity,0.01,p=0.01,4,D:\git\sim\outputs\sweep_n_fc_connectivity_n2000_mc20_20260831\connectivity\point_04,KF-DPC,11,0.55,-0.10403064981538385,0.3514793792203036
connectivity,0.01,p=0.01,4,D:\git\sim\outputs\sweep_n_fc_connectivity_n2000_mc20_20260831\connectivity\point_04,KF-DPC,12,0.6000000000000001,-0.09465125947497764,0.3319489155888228
connectivity,0.01,p=0.01,4,D:\git\sim\outputs\sweep_n_fc_connectivity_n2000_mc20_20260831\connectivity\point_04,KF-DPC,13,0.65,-0.08720487480260128,0.3160401744019221
connectivity,0.01,p=0.01,4,D:\git\sim\outputs\sweep_n_fc_connectivity_n2000_mc20_20260831\connectivity\point_04,KF-DPC,14,0.7000000000000001,-0.08072962505970085,0.3021265655906931
connectivity,0.01,p=0.01,4,D:\git\sim\outputs\sweep_n_fc_connectivity_n2000_mc20_20260831\connectivity\point_04,KF-DPC,15,0.75,-0.07493429537810324,0.28912159081459365
connectivity,0.01,p=0.01,4,D:\git\sim\outputs\sweep_n_fc_connectivity_n2000_mc20_20260831\connectivity\point_04,KF-DPC,16,0.8,-0.07010681344865351,0.2777828576224752
connectivity,0.01,p=0.01,4,D:\git\sim\outputs\sweep_n_fc_connectivity_n2000_mc20_20260831\connectivity\point_04,KF-DPC,17,0.8500000000000001,-0.06604168342608822,0.2677543700362163
connectivity,0.01,p=0.01,4,D:\git\sim\outputs\sweep_n_fc_connectivity_n2000_mc20_20260831\connectivity\point_04,KF-DPC,18,0.9,-0.062395874075319185,0.25858759641695855
connectivity,0.01,p=0.01,4,D:\git\sim\outputs\sweep_n_fc_connectivity_n2000_mc20_20260831\connectivity\point_04,KF-DPC,19,0.9500000000000001,-0.05906875464773298,0.2502653643670582
connectivity,0.01,p=0.01,4,D:\git\sim\outputs\sweep_n_fc_connectivity_n2000_mc20_20260831\connectivity\point_04,KF-DPC,20,1.0,-0.056299272684042646,0.2428044439548196
connectivity,0.01,p=0.01,4,D:\git\sim\outputs\sweep_n_fc_connectivity_n2000_mc20_20260831\connectivity\point_04,KF-DPC,21,1.05,-0.053730912674567,0.23553306994753043
connectivity,0.01,p=0.01,4,D:\git\sim\outputs\sweep_n_fc_connectivity_n2000_mc20_20260831\connectivity\point_04,KF-DPC,22,1.1,-0.0516576339300169,0.22960297094527388
connectivity,0.01,p=0.01,4,D:\git\sim\outputs\sweep_n_fc_connectivity_n2000_mc20_20260831\connectivity\point_04,KF-DPC,23,1.1500000000000001,-0.04957711211070858,0.22358084837499867
connectivity,0.01,p=0.01,4,D:\git\sim\outputs\sweep_n_fc_connectivity_n2000_mc20_20260831\connectivity\point_04,KF-DPC,24,1.2000000000000002,-0.04777413067967341,0.21817079238323261
connectivity,0.01,p=0.01,4,D:\git\sim\outputs\sweep_n_fc_connectivity_n2000_mc20_20260831\connectivity\point_04,KF-DPC,25,1.25,-0.04612664870619231,0.2130292441088201
connectivity,0.01,p=0.01,4,D:\git\sim\outputs\sweep_n_fc_connectivity_n2000_mc20_20260831\connectivity\point_04,KF-DPC,26,1.3,-0.044593397481857755,0.2081556620186155
connectivity,0.01,p=0.01,4,D:\git\sim\outputs\sweep_n_fc_connectivity_n2000_mc20_20260831\connectivity\point_04,KF-DPC,27,1.35,-0.04329659087779741,0.20398533676531172
connectivity,0.01,p=0.01,4,D:\git\sim\outputs\sweep_n_fc_connectivity_n2000_mc20_20260831\connectivity\point_04,KF-DPC,28,1.4000000000000001,-0.04207930065251757,0.20008023594625693
connectivity,0.01,p=0.01,4,D:\git\sim\outputs\sweep_n_fc_connectivity_n2000_mc20_20260831\connectivity\point_04,KF-DPC,29,1.4500000000000002,-0.04087906427459373,0.19613294602246434
connectivity,0.01,p=0.01,4,D:\git\sim\outputs\sweep_n_fc_connectivity_n2000_mc20_20260831\connectivity\point_04,KF-DPC,30,1.5,-0.039909945350029626,0.19265224300971545
connectivity,0.01,p=0.01,4,D:\git\sim\outputs\sweep_n_fc_connectivity_n2000_mc20_20260831\connectivity\point_04,KF-DPC,31,1.55,-0.03899574851294899,0.1894181900175726
connectivity,0.01,p=0.01,4,D:\git\sim\outputs\sweep_n_fc_connectivity_n2000_mc20_20260831\connectivity\point_04,KF-DPC,32,1.6,-0.03804379700362956,0.18608745468111765
connectivity,0.01,p=0.01,4,D:\git\sim\outputs\sweep_n_fc_connectivity_n2000_mc20_20260831\connectivity\point_04,KF-DPC,33,1.6500000000000001,-0.0371514932362585,0.18296318695162023
connectivity,0.01,p=0.01,4,D:\git\sim\outputs\sweep_n_fc_connectivity_n2000_mc20_20260831\connectivity\point_04,KF-DPC,34,1.7000000000000002,-0.0363561086913369,0.18012199437612714
connectivity,0.01,p=0.01,4,D:\git\sim\outputs\sweep_n_fc_connectivity_n2000_mc20_20260831\connectivity\point_04,KF-DPC,35,1.75,-0.03571871882336627,0.17775134624844835
connectivity,0.01,p=0.01,4,D:\git\sim\outputs\sweep_n_fc_connectivity_n2000_mc20_20260831\connectivity\point_04,KF-DPC,36,1.8,-0.03506205651656769,0.17514758318983786
connectivity,0.01,p=0.01,4,D:\git\sim\outputs\sweep_n_fc_connectivity_n2000_mc20_20260831\connectivity\point_04,KF-DPC,37,1.85,-0.03443005709368624,0.17270948861341118
connectivity,0.01,p=0.01,4,D:\git\sim\outputs\sweep_n_fc_connectivity_n2000_mc20_20260831\connectivity\point_04,KF-DPC,38,1.9000000000000001,-0.03382317232433668,0.17042997865731802
connectivity,0.01,p=0.01,4,D:\git\sim\outputs\sweep_n_fc_connectivity_n2000_mc20_20260831\connectivity\point_04,KF-DPC,39,1.9500000000000002,-0.03321712630681038,0.16818226823412352
connectivity,0.01,p=0.01,4,D:\git\sim\outputs\sweep_n_fc_connectivity_n2000_mc20_20260831\connectivity\point_04,KF-DPC,40,2.0,-0.03265906499786032,0.16594603173784403
connectivity,0.01,p=0.01,4,D:\git\sim\outputs\sweep_n_fc_connectivity_n2000_mc20_20260831\connectivity\point_04,KF-DPC,41,2.0500000000000003,-0.032172599730165556,0.16390211376724964
connectivity,0.01,p=0.01,4,D:\git\sim\outputs\sweep_n_fc_connectivity_n2000_mc20_20260831\connectivity\point_04,KF-DPC,42,2.1,-0.031705229817207824,0.1621281207236223
connectivity,0.01,p=0.01,4,D:\git\sim\outputs\sweep_n_fc_connectivity_n2000_mc20_20260831\connectivity\point_04,KF-DPC,43,2.15,-0.031243545159824745,0.15998556514845658
connectivity,0.01,p=0.01,4,D:\git\sim\outputs\sweep_n_fc_connectivity_n2000_mc20_20260831\connectivity\point_04,KF-DPC,44,2.2,-0.030671338842990885,0.1578599514830758
connectivity,0.01,p=0.01,4,D:\git\sim\outputs\sweep_n_fc_connectivity_n2000_mc20_20260831\connectivity\point_04,KF-DPC,45,2.25,-0.030337156609683294,0.156309692326517
connectivity,0.01,p=0.01,4,D:\git\sim\outputs\sweep_n_fc_connectivity_n2000_mc20_20260831\connectivity\point_04,KF-DPC,46,2.3000000000000003,-0.02992320724945794,0.15467438927392835
connectivity,0.01,p=0.01,4,D:\git\sim\outputs\sweep_n_fc_connectivity_n2000_mc20_20260831\connectivity\point_04,KF-DPC,47,2.35,-0.02942335116763645,0.15264883314386105
connectivity,0.01,p=0.01,4,D:\git\sim\outputs\sweep_n_fc_connectivity_n2000_mc20_20260831\connectivity\point_04,KF-DPC,48,2.4000000000000004,-0.029115418847406052,0.15112160198763896
connectivity,0.01,p=0.01,4,D:\git\sim\outputs\sweep_n_fc_connectivity_n2000_mc20_20260831\connectivity\point_04,KF-DPC,49,2.45,-0.02869007475413765,0.14943666292393643
connectivity,0.01,p=0.01,4,D:\git\sim\outputs\sweep_n_fc_connectivity_n2000_mc20_20260831\connectivity\point_04,KF-DPC,50,2.5,-0.028328067441599592,0.1479921075688127
connectivity,0.01,p=0.01,4,D:\git\sim\outputs\sweep_n_fc_connectivity_n2000_mc20_20260831\connectivity\point_04,KF-DPC,51,2.5500000000000003,-0.02807046028243363,0.14658826933777452
connectivity,0.01,p=0.01,4,D:\git\sim\outputs\sweep_n_fc_connectivity_n2000_mc20_20260831\connectivity\point_04,KF-DPC,52,2.6,-0.02777903182857958,0.1455037672696347
connectivity,0.01,p=0.01,4,D:\git\sim\outputs\sweep_n_fc_connectivity_n2000_mc20_20260831\connectivity\point_04,KF-DPC,53,2.6500000000000004,-0.027489080580602034,0.14400199905809327
connectivity,0.01,p=0.01,4,D:\git\sim\outputs\sweep_n_fc_connectivity_n2000_mc20_20260831\connectivity\point_04,KF-DPC,54,2.7,-0.027166917045223324,0.14245332189766818
connectivity,0.01,p=0.01,4,D:\git\sim\outputs\sweep_n_fc_connectivity_n2000_mc20_20260831\connectivity\point_04,KF-DPC,55,2.75,-0.0269201221765486,0.14158121476165356
connectivity,0.01,p=0.01,4,D:\git\sim\outputs\sweep_n_fc_connectivity_n2000_mc20_20260831\connectivity\point_04,KF-DPC,56,2.8000000000000003,-0.026625568568844772,0.13993824055180765
connectivity,0.01,p=0.01,4,D:\git\sim\outputs\sweep_n_fc_connectivity_n2000_mc20_20260831\connectivity\point_04,KF-DPC,57,2.85,-0.026429088387959154,0.13880187228044433
connectivity,0.01,p=0.01,4,D:\git\sim\outputs\sweep_n_fc_connectivity_n2000_mc20_20260831\connectivity\point_04,KF-DPC,58,2.9000000000000004,-0.026172360538455876,0.13764435079868012
connectivity,0.01,p=0.01,4,D:\git\sim\outputs\sweep_n_fc_connectivity_n2000_mc20_20260831\connectivity\point_04,KF-DPC,59,2.95,-0.025897992505268926,0.136487752047541
connectivity,0.01,p=0.01,4,D:\git\sim\outputs\sweep_n_fc_connectivity_n2000_mc20_20260831\connectivity\point_04,KF-DPC,60,3.0,-0.025678570368274662,0.13541603139274955
connectivity,0.01,p=0.01,4,D:\git\sim\outputs\sweep_n_fc_connectivity_n2000_mc20_20260831\connectivity\point_04,KF-DPC,61,3.0500000000000003,-0.025407393408711246,0.13426833968236385
connectivity,0.01,p=0.01,4,D:\git\sim\outputs\sweep_n_fc_connectivity_n2000_mc20_20260831\connectivity\point_04,KF-DPC,62,3.1,-0.025178125086462118,0.1328647811849347
connectivity,0.01,p=0.01,4,D:\git\sim\outputs\sweep_n_fc_connectivity_n2000_mc20_20260831\connectivity\point_04,KF-DPC,63,3.1500000000000004,-0.024965182136828412,0.13176001137401744
connectivity,0.01,p=0.01,4,D:\git\sim\outputs\sweep_n_fc_connectivity_n2000_mc20_20260831\connectivity\point_04,KF-DPC,64,3.2,-0.024809460930145282,0.1310303936647074
connectivity,0.01,p=0.01,4,D:\git\sim\outputs\sweep_n_fc_connectivity_n2000_mc20_20260831\connectivity\point_04,KF-DPC,65,3.25,-0.024695063232270668,0.1302341404658565
connectivity,0.01,p=0.01,4,D:\git\sim\outputs\sweep_n_fc_connectivity_n2000_mc20_20260831\connectivity\point_04,KF-DPC,66,3.3000000000000003,-0.0243751004569257,0.1288081340923724
connectivity,0.01,p=0.01,4,D:\git\sim\outputs\sweep_n_fc_connectivity_n2000_mc20_20260831\connectivity\point_04,KF-DPC,67,3.35,-0.024206446674652143,0.1281109036413795
connectivity,0.01,p=0.01,4,D:\git\sim\outputs\sweep_n_fc_connectivity_n2000_mc20_20260831\connectivity\point_04,KF-DPC,68,3.4000000000000004,-0.02404571559855164,0.12703777822255077
connectivity,0.01,p=0.01,4,D:\git\sim\outputs\sweep_n_fc_connectivity_n2000_mc20_20260831\connectivity\point_04,KF-DPC,69,3.45,-0.02392738272841318,0.12630912475926953
connectivity,0.01,p=0.01,4,D:\git\sim\outputs\sweep_n_fc_connectivity_n2000_mc20_20260831\connectivity\point_04,KF-DPC,70,3.5,-0.023691892346412974,0.1252796827059268
connectivity,0.01,p=0.01,4,D:\git\sim\outputs\sweep_n_fc_connectivity_n2000_mc20_20260831\connectivity\point_04,KF-DPC,71,3.5500000000000003,-0.0235512357080422,0.12449408597381033
connectivity,0.01,p=0.01,4,D:\git\sim\outputs\sweep_n_fc_connectivity_n2000_mc20_20260831\connectivity\point_04,KF-DPC,72,3.6,-0.023450264702816498,0.12362331779758677
connectivity,0.01,p=0.01,4,D:\git\sim\outputs\sweep_n_fc_connectivity_n2000_mc20_20260831\connectivity\point_04,KF-DPC,73,3.6500000000000004,-0.023264826964462786,0.12270715416976578
connectivity,0.01,p=0.01,4,D:\git\sim\outputs\sweep_n_fc_connectivity_n2000_mc20_20260831\connectivity\point_04,KF-DPC,74,3.7,-0.02311150967960172,0.12197192854342447
connectivity,0.01,p=0.01,4,D:\git\sim\outputs\sweep_n_fc_connectivity_n2000_mc20_20260831\connectivity\point_04,KF-DPC,75,3.75,-0.022970929191426657,0.12122296700544873
connectivity,0.01,p=0.01,4,D:\git\sim\outputs\sweep_n_fc_connectivity_n2000_mc20_20260831\connectivity\point_04,KF-DPC,76,3.8000000000000003,-0.0228489758310914,0.12065954375160977
connectivity,0.01,p=0.01,4,D:\git\sim\outputs\sweep_n_fc_connectivity_n2000_mc20_20260831\connectivity\point_04,KF-DPC,77,3.85,-0.02268649047905598,0.11960776182268755
connectivity,0.01,p=0.01,4,D:\git\sim\outputs\sweep_n_fc_connectivity_n2000_mc20_20260831\connectivity\point_04,KF-DPC,78,3.9000000000000004,-0.022512444373239814,0.1186500739203116
connectivity,0.01,p=0.01,4,D:\git\sim\outputs\sweep_n_fc_connectivity_n2000_mc20_20260831\connectivity\point_04,KF-DPC,79,3.95,-0.02237987235584904,0.11798784602613177
connectivity,0.01,p=0.01,4,D:\git\sim\outputs\sweep_n_fc_connectivity_n2000_mc20_20260831\connectivity\point_04,KF-DPC,80,4.0,-0.022245366234854583,0.1175132024533132
connectivity,0.01,p=0.01,4,D:\git\sim\outputs\sweep_n_fc_connectivity_n2000_mc20_20260831\connectivity\point_04,KF-DPC,81,4.05,-0.02207754827419872,0.11647912059292245
connectivity,0.01,p=0.01,4,D:\git\sim\outputs\sweep_n_fc_connectivity_n2000_mc20_20260831\connectivity\point_04,KF-DPC,82,4.1000000000000005,-0.021989549125248455,0.11603225331547613
connectivity,0.01,p=0.01,4,D:\git\sim\outputs\sweep_n_fc_connectivity_n2000_mc20_20260831\connectivity\point_04,KF-DPC,83,4.15,-0.02178187303650378,0.11526867196125254
connectivity,0.01,p=0.01,4,D:\git\sim\outputs\sweep_n_fc_connectivity_n2000_mc20_20260831\connectivity\point_04,KF-DPC,84,4.2,-0.02172806758494088,0.11473658803236912
connectivity,0.01,p=0.01,4,D:\git\sim\outputs\sweep_n_fc_connectivity_n2000_mc20_20260831\connectivity\point_04,KF-DPC,85,4.25,-0.021580149170229535,0.11378282760758647
connectivity,0.01,p=0.01,4,D:\git\sim\outputs\sweep_n_fc_connectivity_n2000_mc20_20260831\connectivity\point_04,KF-DPC,86,4.3,-0.02149846161572551,0.11328946391503433
connectivity,0.01,p=0.01,4,D:\git\sim\outputs\sweep_n_fc_connectivity_n2000_mc20_20260831\connectivity\point_04,KF-DPC,87,4.3500000000000005,-0.021382927293036067,0.1124730290925798
connectivity,0.01,p=0.01,4,D:\git\sim\outputs\sweep_n_fc_connectivity_n2000_mc20_20260831\connectivity\point_04,KF-DPC,88,4.4,-0.02124249722745738,0.11184419956145937
connectivity,0.01,p=0.01,4,D:\git\sim\outputs\sweep_n_fc_connectivity_n2000_mc20_20260831\connectivity\point_04,KF-DPC,89,4.45,-0.02104656361793465,0.11101944673366013
connectivity,0.01,p=0.01,4,D:\git\sim\outputs\sweep_n_fc_connectivity_n2000_mc20_20260831\connectivity\point_04,KF-DPC,90,4.5,-0.02104646448889975,0.11083154236173025
connectivity,0.01,p=0.01,4,D:\git\sim\outputs\sweep_n_fc_connectivity_n2000_mc20_20260831\connectivity\point_04,KF-DPC,91,4.55,-0.020945521431284767,0.11019391159127252
connectivity,0.01,p=0.01,4,D:\git\sim\outputs\sweep_n_fc_connectivity_n2000_mc20_20260831\connectivity\point_04,KF-DPC,92,4.6000000000000005,-0.020902781281954864,0.10972710492644318
connectivity,0.01,p=0.01,4,D:\git\sim\outputs\sweep_n_fc_connectivity_n2000_mc20_20260831\connectivity\point_04,KF-DPC,93,4.65,-0.020777636054996936,0.10921372198760444
connectivity,0.01,p=0.01,4,D:\git\sim\outputs\sweep_n_fc_connectivity_n2000_mc20_20260831\connectivity\point_04,KF-DPC,94,4.7,-0.020648376102073207,0.10829220719980175
connectivity,0.01,p=0.01,4,D:\git\sim\outputs\sweep_n_fc_connectivity_n2000_mc20_20260831\connectivity\point_04,KF-DPC,95,4.75,-0.020559534715773722,0.10798454925086631
connectivity,0.01,p=0.01,4,D:\git\sim\outputs\sweep_n_fc_connectivity_n2000_mc20_20260831\connectivity\point_04,KF-DPC,96,4.800000000000001,-0.020439859144328314,0.10729245208905258
connectivity,0.01,p=0.01,4,D:\git\sim\outputs\sweep_n_fc_connectivity_n2000_mc20_20260831\connectivity\point_04,KF-DPC,97,4.8500000000000005,-0.020400090121952503,0.10683562090006474
connectivity,0.01,p=0.01,4,D:\git\sim\outputs\sweep_n_fc_connectivity_n2000_mc20_20260831\connectivity\point_04,KF-DPC,98,4.9,-0.02037541766139565,0.10658335099103897
connectivity,0.01,p=0.01,4,D:\git\sim\outputs\sweep_n_fc_connectivity_n2000_mc20_20260831\connectivity\point_04,KF-DPC,99,4.95,-0.0203233139034824,0.10618906621407014
connectivity,0.01,p=0.01,4,D:\git\sim\outputs\sweep_n_fc_connectivity_n2000_mc20_20260831\connectivity\point_04,KF-DPC,100,5.0,-0.020235904515131922,0.10576101288374078
connectivity,0.01,p=0.01,4,D:\git\sim\outputs\sweep_n_fc_connectivity_n2000_mc20_20260831\connectivity\point_04,KF-DPC,101,5.050000000000001,-0.020175820035038837,0.105262423179039
connectivity,0.01,p=0.01,4,D:\git\sim\outputs\sweep_n_fc_connectivity_n2000_mc20_20260831\connectivity\point_04,KF-DPC,102,5.1000000000000005,-0.020148266886924594,0.1049136569670858
connectivity,0.01,p=0.01,4,D:\git\sim\outputs\sweep_n_fc_connectivity_n2000_mc20_20260831\connectivity\point_04,KF-DPC,103,5.15,-0.0200494222030247,0.10448857884832155
connectivity,0.01,p=0.01,4,D:\git\sim\outputs\sweep_n_fc_connectivity_n2000_mc20_20260831\connectivity\point_04,KF-DPC,104,5.2,-0.01988895508573407,0.10384664827126086
connectivity,0.01,p=0.01,4,D:\git\sim\outputs\sweep_n_fc_connectivity_n2000_mc20_20260831\connectivity\point_04,KF-DPC,105,5.25,-0.019926075178108342,0.10380432656632159
connectivity,0.01,p=0.01,4,D:\git\sim\outputs\sweep_n_fc_connectivity_n2000_mc20_20260831\connectivity\point_04,KF-DPC,106,5.300000000000001,-0.01979632397648228,0.10318632418451057
connectivity,0.01,p=0.01,4,D:\git\sim\outputs\sweep_n_fc_connectivity_n2000_mc20_20260831\connectivity\point_04,KF-DPC,107,5.3500000000000005,-0.019725266079996535,0.10270423357453067
connectivity,0.01,p=0.01,4,D:\git\sim\outputs\sweep_n_fc_connectivity_n2000_mc20_20260831\connectivity\point_04,KF-DPC,108,5.4,-0.019596052574638374,0.1021190516803739
connectivity,0.01,p=0.01,4,D:\git\sim\outputs\sweep_n_fc_connectivity_n2000_mc20_20260831\connectivity\point_04,KF-DPC,109,5.45,-0.019566696202786553,0.10161246967028459
connectivity,0.01,p=0.01,4,D:\git\sim\outputs\sweep_n_fc_connectivity_n2000_mc20_20260831\connectivity\point_04,KF-DPC,110,5.5,-0.01959437890265047,0.1015194716160878
connectivity,0.01,p=0.01,4,D:\git\sim\outputs\sweep_n_fc_connectivity_n2000_mc20_20260831\connectivity\point_04,KF-DPC,111,5.550000000000001,-0.019441703245548142,0.10089354162916844
connectivity,0.01,p=0.01,4,D:\git\sim\outputs\sweep_n_fc_connectivity_n2000_mc20_20260831\connectivity\point_04,KF-DPC,112,5.6000000000000005,-0.01935906532592065,0.10056215478850491
connectivity,0.01,p=0.01,4,D:\git\sim\outputs\sweep_n_fc_connectivity_n2000_mc20_20260831\connectivity\point_04,KF-DPC,113,5.65,-0.019320867522893345,0.10019638660325096
connectivity,0.01,p=0.01,4,D:\git\sim\outputs\sweep_n_fc_connectivity_n2000_mc20_20260831\connectivity\point_04,KF-DPC,114,5.7,-0.01921731678867496,0.09970577757573082
connectivity,0.01,p=0.01,4,D:\git\sim\outputs\sweep_n_fc_connectivity_n2000_mc20_20260831\connectivity\point_04,KF-DPC,115,5.75,-0.019199668346152388,0.09955124684378175
connectivity,0.01,p=0.01,4,D:\git\sim\outputs\sweep_n_fc_connectivity_n2000_mc20_20260831\connectivity\point_04,KF-DPC,116,5.800000000000001,-0.019230195372044928,0.09917292299177757
connectivity,0.01,p=0.01,4,D:\git\sim\outputs\sweep_n_fc_connectivity_n2000_mc20_20260831\connectivity\point_04,KF-DPC,117,5.8500000000000005,-0.019083718793744153,0.0986796112702911
connectivity,0.01,p=0.01,4,D:\git\sim\outputs\sweep_n_fc_connectivity_n2000_mc20_20260831\connectivity\point_04,KF-DPC,118,5.9,-0.018987345912450423,0.09826991461595973
connectivity,0.01,p=0.01,4,D:\git\sim\outputs\sweep_n_fc_connectivity_n2000_mc20_20260831\connectivity\point_04,KF-DPC,119,5.95,-0.018932102362040282,0.09743605205609093
connectivity,0.01,p=0.01,4,D:\git\sim\outputs\sweep_n_fc_connectivity_n2000_mc20_20260831\connectivity\point_04,KF-DPC,120,6.0,-0.01896284997793932,0.09743879595584468
connectivity,0.01,p=0.01,4,D:\git\sim\outputs\sweep_n_fc_connectivity_n2000_mc20_20260831\connectivity\point_04,KF-DPC,121,6.050000000000001,-0.018859824900484566,0.0972127135850168
connectivity,0.01,p=0.01,4,D:\git\sim\outputs\sweep_n_fc_connectivity_n2000_mc20_20260831\connectivity\point_04,KF-DPC,122,6.1000000000000005,-0.018780354656389487,0.09643407157245137
connectivity,0.01,p=0.01,4,D:\git\sim\outputs\sweep_n_fc_connectivity_n2000_mc20_20260831\connectivity\point_04,KF-DPC,123,6.15,-0.01871751125156665,0.09627230536940189
connectivity,0.01,p=0.01,4,D:\git\sim\outputs\sweep_n_fc_connectivity_n2000_mc20_20260831\connectivity\point_04,KF-DPC,124,6.2,-0.01865681487036256,0.09572969636957582
connectivity,0.01,p=0.01,4,D:\git\sim\outputs\sweep_n_fc_connectivity_n2000_mc20_20260831\connectivity\point_04,KF-DPC,125,6.25,-0.018574619041670605,0.09563711740201022
connectivity,0.01,p=0.01,4,D:\git\sim\outputs\sweep_n_fc_connectivity_n2000_mc20_20260831\connectivity\point_04,KF-DPC,126,6.300000000000001,-0.018542214839547155,0.09542766703990437
connectivity,0.01,p=0.01,4,D:\git\sim\outputs\sweep_n_fc_connectivity_n2000_mc20_20260831\connectivity\point_04,KF-DPC,127,6.3500000000000005,-0.01846568888136405,0.09489943236943775
connectivity,0.01,p=0.01,4,D:\git\sim\outputs\sweep_n_fc_connectivity_n2000_mc20_20260831\connectivity\point_04,KF-DPC,128,6.4,-0.018506184832964036,0.09486080905034615
connectivity,0.01,p=0.01,4,D:\git\sim\outputs\sweep_n_fc_connectivity_n2000_mc20_20260831\connectivity\point_04,KF-DPC,129,6.45,-0.018442638911406795,0.09429087942084292
connectivity,0.01,p=0.01,4,D:\git\sim\outputs\sweep_n_fc_connectivity_n2000_mc20_20260831\connectivity\point_04,KF-DPC,130,6.5,-0.01834481025915028,0.09400720350163139
connectivity,0.01,p=0.01,4,D:\git\sim\outputs\sweep_n_fc_connectivity_n2000_mc20_20260831\connectivity\point_04,KF-DPC,131,6.550000000000001,-0.0182711201475698,0.09333282385112052
connectivity,0.01,p=0.01,4,D:\git\sim\outputs\sweep_n_fc_connectivity_n2000_mc20_20260831\connectivity\point_04,KF-DPC,132,6.6000000000000005,-0.01823357395893459,0.09307769053319134
connectivity,0.01,p=0.01,4,D:\git\sim\outputs\sweep_n_fc_connectivity_n2000_mc20_20260831\connectivity\point_04,KF-DPC,133,6.65,-0.018173782144154323,0.09277465731247618
connectivity,0.01,p=0.01,4,D:\git\sim\outputs\sweep_n_fc_connectivity_n2000_mc20_20260831\connectivity\point_04,KF-DPC,134,6.7,-0.01820626252052474,0.0927839532447035
connectivity,0.01,p=0.01,4,D:\git\sim\outputs\sweep_n_fc_connectivity_n2000_mc20_20260831\connectivity\point_04,KF-DPC,135,6.75,-0.01817185668722859,0.09237209480387623
connectivity,0.01,p=0.01,4,D:\git\sim\outputs\sweep_n_fc_connectivity_n2000_mc20_20260831\connectivity\point_04,KF-DPC,136,6.800000000000001,-0.01803859088463811,0.09187813549574801
connectivity,0.01,p=0.01,4,D:\git\sim\outputs\sweep_n_fc_connectivity_n2000_mc20_20260831\connectivity\point_04,KF-DPC,137,6.8500000000000005,-0.018024006442451994,0.09180724260966963
connectivity,0.01,p=0.01,4,D:\git\sim\outputs\sweep_n_fc_connectivity_n2000_mc20_20260831\connectivity\point_04,KF-DPC,138,6.9,-0.018016132827902383,0.09149287907069076
connectivity,0.01,p=0.01,4,D:\git\sim\outputs\sweep_n_fc_connectivity_n2000_mc20_20260831\connectivity\point_04,KF-DPC,139,6.95,-0.01795925344441289,0.09121653446306383
connectivity,0.01,p=0.01,4,D:\git\sim\outputs\sweep_n_fc_connectivity_n2000_mc20_20260831\connectivity\point_04,KF-DPC,140,7.0,-0.01788130485794084,0.09069989020864426
connectivity,0.01,p=0.01,4,D:\git\sim\outputs\sweep_n_fc_connectivity_n2000_mc20_20260831\connectivity\point_04,KF-DPC,141,7.050000000000001,-0.017914423359074557,0.09069628446357077
connectivity,0.01,p=0.01,4,D:\git\sim\outputs\sweep_n_fc_connectivity_n2000_mc20_20260831\connectivity\point_04,KF-DPC,142,7.1000000000000005,-0.017771334689502333,0.09014826016614745
connectivity,0.01,p=0.01,4,D:\git\sim\outputs\sweep_n_fc_connectivity_n2000_mc20_20260831\connectivity\point_04,KF-DPC,143,7.15,-0.017757793502889765,0.0898861590692283
connectivity,0.01,p=0.01,4,D:\git\sim\outputs\sweep_n_fc_connectivity_n2000_mc20_20260831\connectivity\point_04,KF-DPC,144,7.2,-0.017748985209771126,0.08994133885549768
connectivity,0.01,p=0.01,4,D:\git\sim\outputs\sweep_n_fc_connectivity_n2000_mc20_20260831\connectivity\point_04,KF-DPC,145,7.25,-0.01769854511203002,0.0894344473833032
connectivity,0.01,p=0.01,4,D:\git\sim\outputs\sweep_n_fc_connectivity_n2000_mc20_20260831\connectivity\point_04,KF-DPC,146,7.300000000000001,-0.017689930399677763,0.08907087171681664
connectivity,0.01,p=0.01,4,D:\git\sim\outputs\sweep_n_fc_connectivity_n2000_mc20_20260831\connectivity\point_04,KF-DPC,147,7.3500000000000005,-0.01762709348518664,0.08893308782552664
connectivity,0.01,p=0.01,4,D:\git\sim\outputs\sweep_n_fc_connectivity_n2000_mc20_20260831\connectivity\point_04,KF-DPC,148,7.4,-0.017580634331429385,0.08854642361327833
connectivity,0.01,p=0.01,4,D:\git\sim\outputs\sweep_n_fc_connectivity_n2000_mc20_20260831\connectivity\point_04,KF-DPC,149,7.45,-0.01753135883531564,0.08823379690019964
connectivity,0.01,p=0.01,4,D:\git\sim\outputs\sweep_n_fc_connectivity_n2000_mc20_20260831\connectivity\point_04,KF-DPC,150,7.5,-0.01750801459032209,0.08807764082356802
connectivity,0.01,p=0.01,4,D:\git\sim\outputs\sweep_n_fc_connectivity_n2000_mc20_20260831\connectivity\point_04,KF-DPC,151,7.550000000000001,-0.017533082520208527,0.08794337238302645
connectivity,0.01,p=0.01,4,D:\git\sim\outputs\sweep_n_fc_connectivity_n2000_mc20_20260831\connectivity\point_04,KF-DPC,152,7.6000000000000005,-0.01742025490298956,0.08753802083497854
connectivity,0.01,p=0.01,4,D:\git\sim\outputs\sweep_n_fc_connectivity_n2000_mc20_20260831\connectivity\point_04,KF-DPC,153,7.65,-0.017453144207056685,0.08743905495731168
connectivity,0.01,p=0.01,4,D:\git\sim\outputs\sweep_n_fc_connectivity_n2000_mc20_20260831\connectivity\point_04,KF-DPC,154,7.7,-0.017452703930112383,0.08713863316538117
connectivity,0.01,p=0.01,4,D:\git\sim\outputs\sweep_n_fc_connectivity_n2000_mc20_20260831\connectivity\point_04,KF-DPC,155,7.75,-0.017330855319860373,0.08681356924933237
connectivity,0.01,p=0.01,4,D:\git\sim\outputs\sweep_n_fc_connectivity_n2000_mc20_20260831\connectivity\point_04,KF-DPC,156,7.800000000000001,-0.017413199131144565,0.08696121259643338
connectivity,0.01,p=0.01,4,D:\git\sim\outputs\sweep_n_fc_connectivity_n2000_mc20_20260831\connectivity\point_04,KF-DPC,157,7.8500000000000005,-0.017351912954831624,0.08651336954421221
connectivity,0.01,p=0.01,4,D:\git\sim\outputs\sweep_n_fc_connectivity_n2000_mc20_20260831\connectivity\point_04,KF-DPC,158,7.9,-0.017316362138022116,0.0864473272695062
connectivity,0.01,p=0.01,4,D:\git\sim\outputs\sweep_n_fc_connectivity_n2000_mc20_20260831\connectivity\point_04,KF-DPC,159,7.95,-0.01728703041786618,0.0863322352448067
connectivity,0.01,p=0.01,4,D:\git\sim\outputs\sweep_n_fc_connectivity_n2000_mc20_20260831\connectivity\point_04,KF-DPC,160,8.0,-0.017267960541095258,0.08610399542010085
connectivity,0.01,p=0.01,4,D:\git\sim\outputs\sweep_n_fc_connectivity_n2000_mc20_20260831\connectivity\point_04,KF-DPC,161,8.05,-0.01720096851031829,0.08564920071320821
connectivity,0.01,p=0.01,4,D:\git\sim\outputs\sweep_n_fc_connectivity_n2000_mc20_20260831\connectivity\point_04,KF-DPC,162,8.1,-0.017253529832821766,0.08554395088038064
connectivity,0.01,p=0.01,4,D:\git\sim\outputs\sweep_n_fc_connectivity_n2000_mc20_20260831\connectivity\point_04,KF-DPC,163,8.15,-0.01717619444081852,0.08530381856471723
connectivity,0.01,p=0.01,4,D:\git\sim\outputs\sweep_n_fc_connectivity_n2000_mc20_20260831\connectivity\point_04,KF-DPC,164,8.200000000000001,-0.01718323050017251,0.0849697850659221
connectivity,0.01,p=0.01,4,D:\git\sim\outputs\sweep_n_fc_connectivity_n2000_mc20_20260831\connectivity\point_04,KF-DPC,165,8.25,-0.017154187710239573,0.08497910356020044
connectivity,0.01,p=0.01,4,D:\git\sim\outputs\sweep_n_fc_connectivity_n2000_mc20_20260831\connectivity\point_04,KF-DPC,166,8.3,-0.017138511947758388,0.08500872239705687
connectivity,0.01,p=0.01,4,D:\git\sim\outputs\sweep_n_fc_connectivity_n2000_mc20_20260831\connectivity\point_04,KF-DPC,167,8.35,-0.017143427591719267,0.0847916032469809
connectivity,0.01,p=0.01,4,D:\git\sim\outputs\sweep_n_fc_connectivity_n2000_mc20_20260831\connectivity\point_04,KF-DPC,168,8.4,-0.017053336374513457,0.08433661298415737
connectivity,0.01,p=0.01,4,D:\git\sim\outputs\sweep_n_fc_connectivity_n2000_mc20_20260831\connectivity\point_04,KF-DPC,169,8.450000000000001,-0.01703117563334274,0.08415572626942204
connectivity,0.01,p=0.01,4,D:\git\sim\outputs\sweep_n_fc_connectivity_n2000_mc20_20260831\connectivity\point_04,KF-DPC,170,8.5,-0.017057228789753544,0.08415877841053425
connectivity,0.01,p=0.01,4,D:\git\sim\outputs\sweep_n_fc_connectivity_n2000_mc20_20260831\connectivity\point_04,KF-DPC,171,8.55,-0.017029024066477192,0.08392929804966327
connectivity,0.01,p=0.01,4,D:\git\sim\outputs\sweep_n_fc_connectivity_n2000_mc20_20260831\connectivity\point_04,KF-DPC,172,8.6,-0.01701827676775994,0.08390643543743068
connectivity,0.01,p=0.01,4,D:\git\sim\outputs\sweep_n_fc_connectivity_n2000_mc20_20260831\connectivity\point_04,KF-DPC,173,8.65,-0.016906956834229016,0.08337809621196114
connectivity,0.01,p=0.01,4,D:\git\sim\outputs\sweep_n_fc_connectivity_n2000_mc20_20260831\connectivity\point_04,KF-DPC,174,8.700000000000001,-0.016917844225903193,0.08317436057334518
connectivity,0.01,p=0.01,4,D:\git\sim\outputs\sweep_n_fc_connectivity_n2000_mc20_20260831\connectivity\point_04,KF-DPC,175,8.75,-0.016911017565554826,0.08303672599953751
connectivity,0.01,p=0.01,4,D:\git\sim\outputs\sweep_n_fc_connectivity_n2000_mc20_20260831\connectivity\point_04,KF-DPC,176,8.8,-0.0168894371420414,0.08309348203963253
connectivity,0.01,p=0.01,4,D:\git\sim\outputs\sweep_n_fc_connectivity_n2000_mc20_20260831\connectivity\point_04,KF-DPC,177,8.85,-0.016852420533908292,0.08261071503764764
connectivity,0.01,p=0.01,4,D:\git\sim\outputs\sweep_n_fc_connectivity_n2000_mc20_20260831\connectivity\point_04,KF-DPC,178,8.9,-0.016831320167864174,0.0827407386978235
connectivity,0.01,p=0.01,4,D:\git\sim\outputs\sweep_n_fc_connectivity_n2000_mc20_20260831\connectivity\point_04,KF-DPC,179,8.950000000000001,-0.016779246045164873,0.08238028470398469
connectivity,0.01,p=0.01,4,D:\git\sim\outputs\sweep_n_fc_connectivity_n2000_mc20_20260831\connectivity\point_04,KF-DPC,180,9.0,-0.01682837303738279,0.08236813894175109
connectivity,0.01,p=0.01,4,D:\git\sim\outputs\sweep_n_fc_connectivity_n2000_mc20_20260831\connectivity\point_04,KF-DPC,181,9.05,-0.01677475121707693,0.08207692895493533
connectivity,0.01,p=0.01,4,D:\git\sim\outputs\sweep_n_fc_connectivity_n2000_mc20_20260831\connectivity\point_04,KF-DPC,182,9.1,-0.016827988382628906,0.08181076184019244
connectivity,0.01,p=0.01,4,D:\git\sim\outputs\sweep_n_fc_connectivity_n2000_mc20_20260831\connectivity\point_04,KF-DPC,183,9.15,-0.016772945356276825,0.08185361915238806
connectivity,0.01,p=0.01,4,D:\git\sim\outputs\sweep_n_fc_connectivity_n2000_mc20_20260831\connectivity\point_04,KF-DPC,184,9.200000000000001,-0.0167115633949077,0.08149342242192585
connectivity,0.01,p=0.01,4,D:\git\sim\outputs\sweep_n_fc_connectivity_n2000_mc20_20260831\connectivity\point_04,KF-DPC,185,9.25,-0.016673384315162475,0.08146307046335624
connectivity,0.01,p=0.01,4,D:\git\sim\outputs\sweep_n_fc_connectivity_n2000_mc20_20260831\connectivity\point_04,KF-DPC,186,9.3,-0.016670078623099494,0.08119267560080975
connectivity,0.01,p=0.01,4,D:\git\sim\outputs\sweep_n_fc_connectivity_n2000_mc20_20260831\connectivity\point_04,KF-DPC,187,9.35,-0.016651457741421752,0.08104280092866326
connectivity,0.01,p=0.01,4,D:\git\sim\outputs\sweep_n_fc_connectivity_n2000_mc20_20260831\connectivity\point_04,KF-DPC,188,9.4,-0.016633195611270465,0.08113786906275235
connectivity,0.01,p=0.01,4,D:\git\sim\outputs\sweep_n_fc_connectivity_n2000_mc20_20260831\connectivity\point_04,KF-DPC,189,9.450000000000001,-0.01662687462315748,0.08091262360145263
connectivity,0.01,p=0.01,4,D:\git\sim\outputs\sweep_n_fc_connectivity_n2000_mc20_20260831\connectivity\point_04,KF-DPC,190,9.5,-0.016610816578868478,0.08085611487540334
connectivity,0.01,p=0.01,4,D:\git\sim\outputs\sweep_n_fc_connectivity_n2000_mc20_20260831\connectivity\point_04,KF-DPC,191,9.55,-0.016560933877951864,0.08064469319191081
connectivity,0.01,p=0.01,4,D:\git\sim\outputs\sweep_n_fc_connectivity_n2000_mc20_20260831\connectivity\point_04,KF-DPC,192,9.600000000000001,-0.016565845387436974,0.08054833312535516
connectivity,0.01,p=0.01,4,D:\git\sim\outputs\sweep_n_fc_connectivity_n2000_mc20_20260831\connectivity\point_04,KF-DPC,193,9.65,-0.016509582476013276,0.08048307380199993
connectivity,0.01,p=0.01,4,D:\git\sim\outputs\sweep_n_fc_connectivity_n2000_mc20_20260831\connectivity\point_04,KF-DPC,194,9.700000000000001,-0.016487892434252582,0.07997207771446682
connectivity,0.01,p=0.01,4,D:\git\sim\outputs\sweep_n_fc_connectivity_n2000_mc20_20260831\connectivity\point_04,KF-DPC,195,9.75,-0.016484765910482774,0.07996060222916541
connectivity,0.01,p=0.01,4,D:\git\sim\outputs\sweep_n_fc_connectivity_n2000_mc20_20260831\connectivity\point_04,KF-DPC,196,9.8,-0.016480971639390076,0.07994077209736657
connectivity,0.01,p=0.01,4,D:\git\sim\outputs\sweep_n_fc_connectivity_n2000_mc20_20260831\connectivity\point_04,KF-DPC,197,9.850000000000001,-0.01641607162283208,0.07954515996608118
connectivity,0.01,p=0.01,4,D:\git\sim\outputs\sweep_n_fc_connectivity_n2000_mc20_20260831\connectivity\point_04,KF-DPC,198,9.9,-0.016461196596638798,0.07968930012760819
connectivity,0.01,p=0.01,4,D:\git\sim\outputs\sweep_n_fc_connectivity_n2000_mc20_20260831\connectivity\point_04,KF-DPC,199,9.950000000000001,-0.016429369659973814,0.07960796998977603
connectivity,0.01,p=0.01,4,D:\git\sim\outputs\sweep_n_fc_connectivity_n2000_mc20_20260831\connectivity\point_04,KF-DPC,200,10.0,-0.016436116484956523,0.07935575268249555
connectivity,0.01,p=0.01,4,D:\git\sim\outputs\sweep_n_fc_connectivity_n2000_mc20_20260831\connectivity\point_04,KF-DPC,201,10.05,-0.016345293620756287,0.07905031509676472
connectivity,0.01,p=0.01,4,D:\git\sim\outputs\sweep_n_fc_connectivity_n2000_mc20_20260831\connectivity\point_04,KF-DPC,202,10.100000000000001,-0.016379144424588103,0.07923732698389514
connectivity,0.01,p=0.01,4,D:\git\sim\outputs\sweep_n_fc_connectivity_n2000_mc20_20260831\connectivity\point_04,KF-DPC,203,10.15,-0.01638948218950986,0.07890861977658256
connectivity,0.01,p=0.01,4,D:\git\sim\outputs\sweep_n_fc_connectivity_n2000_mc20_20260831\connectivity\point_04,KF-DPC,204,10.200000000000001,-0.016443193718352928,0.07921818457649211
connectivity,0.01,p=0.01,4,D:\git\sim\outputs\sweep_n_fc_connectivity_n2000_mc20_20260831\connectivity\point_04,KF-DPC,205,10.25,-0.01638377649830596,0.07896201246482124
connectivity,0.01,p=0.01,4,D:\git\sim\outputs\sweep_n_fc_connectivity_n2000_mc20_20260831\connectivity\point_04,KF-DPC,206,10.3,-0.01632123807883276,0.07841392735167917
connectivity,0.01,p=0.01,4,D:\git\sim\outputs\sweep_n_fc_connectivity_n2000_mc20_20260831\connectivity\point_04,KF-DPC,207,10.350000000000001,-0.016346322627384988,0.07850548982918046
connectivity,0.01,p=0.01,4,D:\git\sim\outputs\sweep_n_fc_connectivity_n2000_mc20_20260831\connectivity\point_04,KF-DPC,208,10.4,-0.01632619733290224,0.0784592705480058
connectivity,0.01,p=0.01,4,D:\git\sim\outputs\sweep_n_fc_connectivity_n2000_mc20_20260831\connectivity\point_04,KF-DPC,209,10.450000000000001,-0.016326364365601226,0.0782034924391242
connectivity,0.01,p=0.01,4,D:\git\sim\outputs\sweep_n_fc_connectivity_n2000_mc20_20260831\connectivity\point_04,KF-DPC,210,10.5,-0.016295151903558854,0.07817611791549155
connectivity,0.01,p=0.01,4,D:\git\sim\outputs\sweep_n_fc_connectivity_n2000_mc20_20260831\connectivity\point_04,KF-DPC,211,10.55,-0.01629370267024849,0.07797760976591571
connectivity,0.01,p=0.01,4,D:\git\sim\outputs\sweep_n_fc_connectivity_n2000_mc20_20260831\connectivity\point_04,KF-DPC,212,10.600000000000001,-0.016300397441343678,0.0781155066805238
connectivity,0.01,p=0.01,4,D:\git\sim\outputs\sweep_n_fc_connectivity_n2000_mc20_20260831\connectivity\point_04,KF-DPC,213,10.65,-0.01630211435643661,0.07808637005256144
connectivity,0.01,p=0.01,4,D:\git\sim\outputs\sweep_n_fc_connectivity_n2000_mc20_20260831\connectivity\point_04,KF-DPC,214,10.700000000000001,-0.0162536136567314,0.07773388229098994
connectivity,0.01,p=0.01,4,D:\git\sim\outputs\sweep_n_fc_connectivity_n2000_mc20_20260831\connectivity\point_04,KF-DPC,215,10.75,-0.016243344904089792,0.07776911185863697
connectivity,0.01,p=0.01,4,D:\git\sim\outputs\sweep_n_fc_connectivity_n2000_mc20_20260831\connectivity\point_04,KF-DPC,216,10.8,-0.01622052370601331,0.07763275736356376
connectivity,0.01,p=0.01,4,D:\git\sim\outputs\sweep_n_fc_connectivity_n2000_mc20_20260831\connectivity\point_04,KF-DPC,217,10.850000000000001,-0.016205516148297194,0.07736670884859073
connectivity,0.01,p=0.01,4,D:\git\sim\outputs\sweep_n_fc_connectivity_n2000_mc20_20260831\connectivity\point_04,KF-DPC,218,10.9,-0.016169598404474413,0.07749166462621046
connectivity,0.01,p=0.01,4,D:\git\sim\outputs\sweep_n_fc_connectivity_n2000_mc20_20260831\connectivity\point_04,KF-DPC,219,10.950000000000001,-0.016187942916236136,0.07731053610536691
connectivity,0.01,p=0.01,4,D:\git\sim\outputs\sweep_n_fc_connectivity_n2000_mc20_20260831\connectivity\point_04,KF-DPC,220,11.0,-0.016185736037668118,0.07716901590442343
connectivity,0.01,p=0.01,4,D:\git\sim\outputs\sweep_n_fc_connectivity_n2000_mc20_20260831\connectivity\point_04,KF-DPC,221,11.05,-0.016263184330994888,0.07744972784438689
connectivity,0.01,p=0.01,4,D:\git\sim\outputs\sweep_n_fc_connectivity_n2000_mc20_20260831\connectivity\point_04,KF-DPC,222,11.100000000000001,-0.01623245872896499,0.0772348192450307
connectivity,0.01,p=0.01,4,D:\git\sim\outputs\sweep_n_fc_connectivity_n2000_mc20_20260831\connectivity\point_04,KF-DPC,223,11.15,-0.01618930429756016,0.07704210953132547
connectivity,0.01,p=0.01,4,D:\git\sim\outputs\sweep_n_fc_connectivity_n2000_mc20_20260831\connectivity\point_04,KF-DPC,224,11.200000000000001,-0.016179453903506447,0.07707542092149214
connectivity,0.01,p=0.01,4,D:\git\sim\outputs\sweep_n_fc_connectivity_n2000_mc20_20260831\connectivity\point_04,KF-DPC,225,11.25,-0.01614388740695236,0.07688376110025216
connectivity,0.01,p=0.01,4,D:\git\sim\outputs\sweep_n_fc_connectivity_n2000_mc20_20260831\connectivity\point_04,KF-DPC,226,11.3,-0.016153354070878468,0.07683278301876845
connectivity,0.01,p=0.01,4,D:\git\sim\outputs\sweep_n_fc_connectivity_n2000_mc20_20260831\connectivity\point_04,KF-DPC,227,11.350000000000001,-0.016134048454993243,0.07685928415405797
connectivity,0.01,p=0.01,4,D:\git\sim\outputs\sweep_n_fc_connectivity_n2000_mc20_20260831\connectivity\point_04,KF-DPC,228,11.4,-0.016129032107313583,0.07671644644073262
connectivity,0.01,p=0.01,4,D:\git\sim\outputs\sweep_n_fc_connectivity_n2000_mc20_20260831\connectivity\point_04,KF-DPC,229,11.450000000000001,-0.016173197537631315,0.07688337839871509
connectivity,0.01,p=0.01,4,D:\git\sim\outputs\sweep_n_fc_connectivity_n2000_mc20_20260831\connectivity\point_04,KF-DPC,230,11.5,-0.016113989395937584,0.07660762291722993
connectivity,0.01,p=0.01,4,D:\git\sim\outputs\sweep_n_fc_connectivity_n2000_mc20_20260831\connectivity\point_04,KF-DPC,231,11.55,-0.01620066528948342,0.07684211351829187
connectivity,0.01,p=0.01,4,D:\git\sim\outputs\sweep_n_fc_connectivity_n2000_mc20_20260831\connectivity\point_04,KF-DPC,232,11.600000000000001,-0.016102624454005145,0.07652202874398643
connectivity,0.01,p=0.01,4,D:\git\sim\outputs\sweep_n_fc_connectivity_n2000_mc20_20260831\connectivity\point_04,KF-DPC,233,11.65,-0.016123162513089453,0.0765073360902455
connectivity,0.01,p=0.01,4,D:\git\sim\outputs\sweep_n_fc_connectivity_n2000_mc20_20260831\connectivity\point_04,KF-DPC,234,11.700000000000001,-0.0160875858100301,0.07629910080206631
connectivity,0.01,p=0.01,4,D:\git\sim\outputs\sweep_n_fc_connectivity_n2000_mc20_20260831\connectivity\point_04,KF-DPC,235,11.75,-0.01611450085889559,0.07618636702324637
connectivity,0.01,p=0.01,4,D:\git\sim\outputs\sweep_n_fc_connectivity_n2000_mc20_20260831\connectivity\point_04,KF-DPC,236,11.8,-0.016114036784363395,0.07638550465117615
connectivity,0.01,p=0.01,4,D:\git\sim\outputs\sweep_n_fc_connectivity_n2000_mc20_20260831\connectivity\point_04,KF-DPC,237,11.850000000000001,-0.016075710360964748,0.0760124601205181
connectivity,0.01,p=0.01,4,D:\git\sim\outputs\sweep_n_fc_connectivity_n2000_mc20_20260831\connectivity\point_04,KF-DPC,238,11.9,-0.0160828731205227,0.07619924352370663
connectivity,0.01,p=0.01,4,D:\git\sim\outputs\sweep_n_fc_connectivity_n2000_mc20_20260831\connectivity\point_04,KF-DPC,239,11.950000000000001,-0.0160633672550208,0.07616537749855007
connectivity,0.02,p=0.02,5,D:\git\sim\outputs\sweep_n_fc_connectivity_n2000_mc20_20260831\connectivity\point_05,DPC,0,0.0,-1.0163511146734268,1.1525152210465506
connectivity,0.02,p=0.02,5,D:\git\sim\outputs\sweep_n_fc_connectivity_n2000_mc20_20260831\connectivity\point_05,DPC,1,0.05,-1.015374839509434,1.1516019616435005
connectivity,0.02,p=0.02,5,D:\git\sim\outputs\sweep_n_fc_connectivity_n2000_mc20_20260831\connectivity\point_05,DPC,2,0.1,-0.9740036104766254,1.127666293384728
connectivity,0.02,p=0.02,5,D:\git\sim\outputs\sweep_n_fc_connectivity_n2000_mc20_20260831\connectivity\point_05,DPC,3,0.15000000000000002,-0.9417851722396066,1.1077923814762212
connectivity,0.02,p=0.02,5,D:\git\sim\outputs\sweep_n_fc_connectivity_n2000_mc20_20260831\connectivity\point_05,DPC,4,0.2,-0.9279896970516972,1.0991383387025135
connectivity,0.02,p=0.02,5,D:\git\sim\outputs\sweep_n_fc_connectivity_n2000_mc20_20260831\connectivity\point_05,DPC,5,0.25,-0.90035861193701,1.0809016024522715
connectivity,0.02,p=0.02,5,D:\git\sim\outputs\sweep_n_fc_connectivity_n2000_mc20_20260831\connectivity\point_05,DPC,6,0.30000000000000004,-0.8971437179125065,1.0793306990115614
connectivity,0.02,p=0.02,5,D:\git\sim\outputs\sweep_n_fc_connectivity_n2000_mc20_20260831\connectivity\point_05,DPC,7,0.35000000000000003,-0.8749559012806797,1.065161816297442
connectivity,0.02,p=0.02,5,D:\git\sim\outputs\sweep_n_fc_connectivity_n2000_mc20_20260831\connectivity\point_05,DPC,8,0.4,-0.8570593594240244,1.0551326400028755
connectivity,0.02,p=0.02,5,D:\git\sim\outputs\sweep_n_fc_connectivity_n2000_mc20_20260831\connectivity\point_05,DPC,9,0.45,-0.8606735353705675,1.0552269496766695
connectivity,0.02,p=0.02,5,D:\git\sim\outputs\sweep_n_fc_connectivity_n2000_mc20_20260831\connectivity\point_05,DPC,10,0.5,-0.8545679543125985,1.0526872055691647
connectivity,0.02,p=0.02,5,D:\git\sim\outputs\sweep_n_fc_connectivity_n2000_mc20_20260831\connectivity\point_05,DPC,11,0.55,-0.8429217943519473,1.0449830947584458
connectivity,0.02,p=0.02,5,D:\git\sim\outputs\sweep_n_fc_connectivity_n2000_mc20_20260831\connectivity\point_05,DPC,12,0.6000000000000001,-0.8417882410722343,1.0433319198312776
connectivity,0.02,p=0.02,5,D:\git\sim\outputs\sweep_n_fc_connectivity_n2000_mc20_20260831\connectivity\point_05,DPC,13,0.65,-0.8357468274219965,1.0402536799746116
connectivity,0.02,p=0.02,5,D:\git\sim\outputs\sweep_n_fc_connectivity_n2000_mc20_20260831\connectivity\point_05,DPC,14,0.7000000000000001,-0.8347223077871112,1.041175390145924
connectivity,0.02,p=0.02,5,D:\git\sim\outputs\sweep_n_fc_connectivity_n2000_mc20_20260831\connectivity\point_05,DPC,15,0.75,-0.8226236937711201,1.0336597669516694
connectivity,0.02,p=0.02,5,D:\git\sim\outputs\sweep_n_fc_connectivity_n2000_mc20_20260831\connectivity\point_05,DPC,16,0.8,-0.833527600158315,1.0380423472383218
connectivity,0.02,p=0.02,5,D:\git\sim\outputs\sweep_n_fc_connectivity_n2000_mc20_20260831\connectivity\point_05,DPC,17,0.8500000000000001,-0.8218654979242996,1.031643144765319
connectivity,0.02,p=0.02,5,D:\git\sim\outputs\sweep_n_fc_connectivity_n2000_mc20_20260831\connectivity\point_05,DPC,18,0.9,-0.8178310267715663,1.0283287679663538
connectivity,0.02,p=0.02,5,D:\git\sim\outputs\sweep_n_fc_connectivity_n2000_mc20_20260831\connectivity\point_05,DPC,19,0.9500000000000001,-0.8259600326062227,1.034656359427356
connectivity,0.02,p=0.02,5,D:\git\sim\outputs\sweep_n_fc_connectivity_n2000_mc20_20260831\connectivity\point_05,DPC,20,1.0,-0.8132213063403089,1.0259280391744527
connectivity,0.02,p=0.02,5,D:\git\sim\outputs\sweep_n_fc_connectivity_n2000_mc20_20260831\connectivity\point_05,DPC,21,1.05,-0.8162561718417928,1.0273172802438495
connectivity,0.02,p=0.02,5,D:\git\sim\outputs\sweep_n_fc_connectivity_n2000_mc20_20260831\connectivity\point_05,DPC,22,1.1,-0.8150073434102003,1.026863451391582
connectivity,0.02,p=0.02,5,D:\git\sim\outputs\sweep_n_fc_connectivity_n2000_mc20_20260831\connectivity\point_05,DPC,23,1.1500000000000001,-0.8124986132647851,1.0266977093429026
connectivity,0.02,p=0.02,5,D:\git\sim\outputs\sweep_n_fc_connectivity_n2000_mc20_20260831\connectivity\point_05,DPC,24,1.2000000000000002,-0.8087146758571309,1.023927077124707
connectivity,0.02,p=0.02,5,D:\git\sim\outputs\sweep_n_fc_connectivity_n2000_mc20_20260831\connectivity\point_05,DPC,25,1.25,-0.8058537385274054,1.021789470493697
connectivity,0.02,p=0.02,5,D:\git\sim\outputs\sweep_n_fc_connectivity_n2000_mc20_20260831\connectivity\point_05,DPC,26,1.3,-0.8088182844899732,1.022987397825868
connectivity,0.02,p=0.02,5,D:\git\sim\outputs\sweep_n_fc_connectivity_n2000_mc20_20260831\connectivity\point_05,DPC,27,1.35,-0.8128127645832285,1.025377549027666
connectivity,0.02,p=0.02,5,D:\git\sim\outputs\sweep_n_fc_connectivity_n2000_mc20_20260831\connectivity\point_05,DPC,28,1.4000000000000001,-0.7999335526813932,1.0178671605285523
connectivity,0.02,p=0.02,5,D:\git\sim\outputs\sweep_n_fc_connectivity_n2000_mc20_20260831\connectivity\point_05,DPC,29,1.4500000000000002,-0.7990264562308014,1.0171837062028808
connectivity,0.02,p=0.02,5,D:\git\sim\outputs\sweep_n_fc_connectivity_n2000_mc20_20260831\connectivity\point_05,DPC,30,1.5,-0.8109573522271512,1.0240105139309412
connectivity,0.02,p=0.02,5,D:\git\sim\outputs\sweep_n_fc_connectivity_n2000_mc20_20260831\connectivity\point_05,DPC,31,1.55,-0.8070305158644709,1.021343546995594
connectivity,0.02,p=0.02,5,D:\git\sim\outputs\sweep_n_fc_connectivity_n2000_mc20_20260831\connectivity\point_05,DPC,32,1.6,-0.8018703420531376,1.0192734860800416
connectivity,0.02,p=0.02,5,D:\git\sim\outputs\sweep_n_fc_connectivity_n2000_mc20_20260831\connectivity\point_05,DPC,33,1.6500000000000001,-0.7986640092577706,1.016468120813466
connectivity,0.02,p=0.02,5,D:\git\sim\outputs\sweep_n_fc_connectivity_n2000_mc20_20260831\connectivity\point_05,DPC,34,1.7000000000000002,-0.7992045547362008,1.0172569336435922
connectivity,0.02,p=0.02,5,D:\git\sim\outputs\sweep_n_fc_connectivity_n2000_mc20_20260831\connectivity\point_05,DPC,35,1.75,-0.7938607890903627,1.0142686689048217
connectivity,0.02,p=0.02,5,D:\git\sim\outputs\sweep_n_fc_connectivity_n2000_mc20_20260831\connectivity\point_05,DPC,36,1.8,-0.7980248443570682,1.016006765039378
connectivity,0.02,p=0.02,5,D:\git\sim\outputs\sweep_n_fc_connectivity_n2000_mc20_20260831\connectivity\point_05,DPC,37,1.85,-0.7939775953368023,1.0143022769239363
connectivity,0.02,p=0.02,5,D:\git\sim\outputs\sweep_n_fc_connectivity_n2000_mc20_20260831\connectivity\point_05,DPC,38,1.9000000000000001,-0.7951593087042526,1.0145163383458826
connectivity,0.02,p=0.02,5,D:\git\sim\outputs\sweep_n_fc_connectivity_n2000_mc20_20260831\connectivity\point_05,DPC,39,1.9500000000000002,-0.7856028826152489,1.0092393564854327
connectivity,0.02,p=0.02,5,D:\git\sim\outputs\sweep_n_fc_connectivity_n2000_mc20_20260831\connectivity\point_05,DPC,40,2.0,-0.7906949094492872,1.0108090061509964
connectivity,0.02,p=0.02,5,D:\git\sim\outputs\sweep_n_fc_connectivity_n2000_mc20_20260831\connectivity\point_05,DPC,41,2.0500000000000003,-0.7858152232868609,1.0084851867567095
connectivity,0.02,p=0.02,5,D:\git\sim\outputs\sweep_n_fc_connectivity_n2000_mc20_20260831\connectivity\point_05,DPC,42,2.1,-0.8030518667137931,1.0193048346982025
connectivity,0.02,p=0.02,5,D:\git\sim\outputs\sweep_n_fc_connectivity_n2000_mc20_20260831\connectivity\point_05,DPC,43,2.15,-0.796112228729476,1.0169435063103962
connectivity,0.02,p=0.02,5,D:\git\sim\outputs\sweep_n_fc_connectivity_n2000_mc20_20260831\connectivity\point_05,DPC,44,2.2,-0.7928978159869369,1.0132532576330822
connectivity,0.02,p=0.02,5,D:\git\sim\outputs\sweep_n_fc_connectivity_n2000_mc20_20260831\connectivity\point_05,DPC,45,2.25,-0.7860991996123143,1.0082187380686318
connectivity,0.02,p=0.02,5,D:\git\sim\outputs\sweep_n_fc_connectivity_n2000_mc20_20260831\connectivity\point_05,DPC,46,2.3000000000000003,-0.7828538246692387,1.0069615327254757
connectivity,0.02,p=0.02,5,D:\git\sim\outputs\sweep_n_fc_connectivity_n2000_mc20_20260831\connectivity\point_05,DPC,47,2.35,-0.7939026951777982,1.0137093272787252
connectivity,0.02,p=0.02,5,D:\git\sim\outputs\sweep_n_fc_connectivity_n2000_mc20_20260831\connectivity\point_05,DPC,48,2.4000000000000004,-0.7980267047810131,1.0169187500786259
connectivity,0.02,p=0.02,5,D:\git\sim\outputs\sweep_n_fc_connectivity_n2000_mc20_20260831\connectivity\point_05,DPC,49,2.45,-0.78666312527418,1.0089961022752303
connectivity,0.02,p=0.02,5,D:\git\sim\outputs\sweep_n_fc_connectivity_n2000_mc20_20260831\connectivity\point_05,DPC,50,2.5,-0.795977294824899,1.0142560096395947
connectivity,0.02,p=0.02,5,D:\git\sim\outputs\sweep_n_fc_connectivity_n2000_mc20_20260831\connectivity\point_05,DPC,51,2.5500000000000003,-0.7882291258380081,1.0103869194388988
connectivity,0.02,p=0.02,5,D:\git\sim\outputs\sweep_n_fc_connectivity_n2000_mc20_20260831\connectivity\point_05,DPC,52,2.6,-0.7931577490222412,1.0134430500714617
connectivity,0.02,p=0.02,5,D:\git\sim\outputs\sweep_n_fc_connectivity_n2000_mc20_20260831\connectivity\point_05,DPC,53,2.6500000000000004,-0.7864521596415435,1.0086132713696732
connectivity,0.02,p=0.02,5,D:\git\sim\outputs\sweep_n_fc_connectivity_n2000_mc20_20260831\connectivity\point_05,DPC,54,2.7,-0.7889844527929247,1.010484183943408
connectivity,0.02,p=0.02,5,D:\git\sim\outputs\sweep_n_fc_connectivity_n2000_mc20_20260831\connectivity\point_05,DPC,55,2.75,-0.776774856505526,1.0025340138665704
connectivity,0.02,p=0.02,5,D:\git\sim\outputs\sweep_n_fc_connectivity_n2000_mc20_20260831\connectivity\point_05,DPC,56,2.8000000000000003,-0.7973939481401583,1.0149282029722964
connectivity,0.02,p=0.02,5,D:\git\sim\outputs\sweep_n_fc_connectivity_n2000_mc20_20260831\connectivity\point_05,DPC,57,2.85,-0.7899892647416824,1.010478499639783
connectivity,0.02,p=0.02,5,D:\git\sim\outputs\sweep_n_fc_connectivity_n2000_mc20_20260831\connectivity\point_05,DPC,58,2.9000000000000004,-0.7900503739546465,1.011549347394004
connectivity,0.02,p=0.02,5,D:\git\sim\outputs\sweep_n_fc_connectivity_n2000_mc20_20260831\connectivity\point_05,DPC,59,2.95,-0.7903261079341516,1.0114736091045953
connectivity,0.02,p=0.02,5,D:\git\sim\outputs\sweep_n_fc_connectivity_n2000_mc20_20260831\connectivity\point_05,DPC,60,3.0,-0.784793675844635,1.008388711285113
connectivity,0.02,p=0.02,5,D:\git\sim\outputs\sweep_n_fc_connectivity_n2000_mc20_20260831\connectivity\point_05,DPC,61,3.0500000000000003,-0.7922714222526044,1.0122431115230466
connectivity,0.02,p=0.02,5,D:\git\sim\outputs\sweep_n_fc_connectivity_n2000_mc20_20260831\connectivity\point_05,DPC,62,3.1,-0.7910114065166447,1.011511587388505
connectivity,0.02,p=0.02,5,D:\git\sim\outputs\sweep_n_fc_connectivity_n2000_mc20_20260831\connectivity\point_05,DPC,63,3.1500000000000004,-0.7806695838690245,1.0049466891978267
connectivity,0.02,p=0.02,5,D:\git\sim\outputs\sweep_n_fc_connectivity_n2000_mc20_20260831\connectivity\point_05,DPC,64,3.2,-0.7942569294646988,1.013562210972633
connectivity,0.02,p=0.02,5,D:\git\sim\outputs\sweep_n_fc_connectivity_n2000_mc20_20260831\connectivity\point_05,DPC,65,3.25,-0.7927627567795571,1.0118340545801263
connectivity,0.02,p=0.02,5,D:\git\sim\outputs\sweep_n_fc_connectivity_n2000_mc20_20260831\connectivity\point_05,DPC,66,3.3000000000000003,-0.7794643209951742,1.0042009135722436
connectivity,0.02,p=0.02,5,D:\git\sim\outputs\sweep_n_fc_connectivity_n2000_mc20_20260831\connectivity\point_05,DPC,67,3.35,-0.7876778212953723,1.0099185895423246
connectivity,0.02,p=0.02,5,D:\git\sim\outputs\sweep_n_fc_connectivity_n2000_mc20_20260831\connectivity\point_05,DPC,68,3.4000000000000004,-0.7848599842889565,1.0062845602723023
connectivity,0.02,p=0.02,5,D:\git\sim\outputs\sweep_n_fc_connectivity_n2000_mc20_20260831\connectivity\point_05,DPC,69,3.45,-0.7882971458655318,1.0098610177332963
connectivity,0.02,p=0.02,5,D:\git\sim\outputs\sweep_n_fc_connectivity_n2000_mc20_20260831\connectivity\point_05,DPC,70,3.5,-0.7911820807233387,1.0122588459881046
connectivity,0.02,p=0.02,5,D:\git\sim\outputs\sweep_n_fc_connectivity_n2000_mc20_20260831\connectivity\point_05,DPC,71,3.5500000000000003,-0.7873754398302133,1.0094105800227038
connectivity,0.02,p=0.02,5,D:\git\sim\outputs\sweep_n_fc_connectivity_n2000_mc20_20260831\connectivity\point_05,DPC,72,3.6,-0.7846853931745263,1.0072934736284997
connectivity,0.02,p=0.02,5,D:\git\sim\outputs\sweep_n_fc_connectivity_n2000_mc20_20260831\connectivity\point_05,DPC,73,3.6500000000000004,-0.7804847798311607,1.0050525467225768
connectivity,0.02,p=0.02,5,D:\git\sim\outputs\sweep_n_fc_connectivity_n2000_mc20_20260831\connectivity\point_05,DPC,74,3.7,-0.7886468787066168,1.009662047115657
connectivity,0.02,p=0.02,5,D:\git\sim\outputs\sweep_n_fc_connectivity_n2000_mc20_20260831\connectivity\point_05,DPC,75,3.75,-0.7967639500376483,1.0149693984945842
connectivity,0.02,p=0.02,5,D:\git\sim\outputs\sweep_n_fc_connectivity_n2000_mc20_20260831\connectivity\point_05,DPC,76,3.8000000000000003,-0.775988669138742,1.002693461790163
connectivity,0.02,p=0.02,5,D:\git\sim\outputs\sweep_n_fc_connectivity_n2000_mc20_20260831\connectivity\point_05,DPC,77,3.85,-0.7839220224365772,1.005681002395868
connectivity,0.02,p=0.02,5,D:\git\sim\outputs\sweep_n_fc_connectivity_n2000_mc20_20260831\connectivity\point_05,DPC,78,3.9000000000000004,-0.7812573301697245,1.0053209172345325
connectivity,0.02,p=0.02,5,D:\git\sim\outputs\sweep_n_fc_connectivity_n2000_mc20_20260831\connectivity\point_05,DPC,79,3.95,-0.7776526346641333,1.00363923374934
connectivity,0.02,p=0.02,5,D:\git\sim\outputs\sweep_n_fc_connectivity_n2000_mc20_20260831\connectivity\point_05,DPC,80,4.0,-0.7706342558979685,1.000449542927942
connectivity,0.02,p=0.02,5,D:\git\sim\outputs\sweep_n_fc_connectivity_n2000_mc20_20260831\connectivity\point_05,DPC,81,4.05,-0.7863612208280929,1.0096397519788143
connectivity,0.02,p=0.02,5,D:\git\sim\outputs\sweep_n_fc_connectivity_n2000_mc20_20260831\connectivity\point_05,DPC,82,4.1000000000000005,-0.7860382199332512,1.0093580719342168
connectivity,0.02,p=0.02,5,D:\git\sim\outputs\sweep_n_fc_connectivity_n2000_mc20_20260831\connectivity\point_05,DPC,83,4.15,-0.7779410127615936,1.004245178366912
connectivity,0.02,p=0.02,5,D:\git\sim\outputs\sweep_n_fc_connectivity_n2000_mc20_20260831\connectivity\point_05,DPC,84,4.2,-0.7924972009407774,1.012213387662509
connectivity,0.02,p=0.02,5,D:\git\sim\outputs\sweep_n_fc_connectivity_n2000_mc20_20260831\connectivity\point_05,DPC,85,4.25,-0.7853793372651376,1.0081418713219037
connectivity,0.02,p=0.02,5,D:\git\sim\outputs\sweep_n_fc_connectivity_n2000_mc20_20260831\connectivity\point_05,DPC,86,4.3,-0.7798699342569666,1.0039217733405068
connectivity,0.02,p=0.02,5,D:\git\sim\outputs\sweep_n_fc_connectivity_n2000_mc20_20260831\connectivity\point_05,DPC,87,4.3500000000000005,-0.7890362715218384,1.0103000065447394
connectivity,0.02,p=0.02,5,D:\git\sim\outputs\sweep_n_fc_connectivity_n2000_mc20_20260831\connectivity\point_05,DPC,88,4.4,-0.7733292535769678,1.0013474235200281
connectivity,0.02,p=0.02,5,D:\git\sim\outputs\sweep_n_fc_connectivity_n2000_mc20_20260831\connectivity\point_05,DPC,89,4.45,-0.7817693073656118,1.006857045834278
connectivity,0.02,p=0.02,5,D:\git\sim\outputs\sweep_n_fc_connectivity_n2000_mc20_20260831\connectivity\point_05,DPC,90,4.5,-0.7871684984460907,1.0096692780615668
connectivity,0.02,p=0.02,5,D:\git\sim\outputs\sweep_n_fc_connectivity_n2000_mc20_20260831\connectivity\point_05,DPC,91,4.55,-0.7866000936337159,1.0076746114903774
connectivity,0.02,p=0.02,5,D:\git\sim\outputs\sweep_n_fc_connectivity_n2000_mc20_20260831\connectivity\point_05,DPC,92,4.6000000000000005,-0.7783598529002242,1.0035448610401632
connectivity,0.02,p=0.02,5,D:\git\sim\outputs\sweep_n_fc_connectivity_n2000_mc20_20260831\connectivity\point_05,DPC,93,4.65,-0.7909516646747893,1.011891244671912
connectivity,0.02,p=0.02,5,D:\git\sim\outputs\sweep_n_fc_connectivity_n2000_mc20_20260831\connectivity\point_05,DPC,94,4.7,-0.7862401245783962,1.0087800872590504
connectivity,0.02,p=0.02,5,D:\git\sim\outputs\sweep_n_fc_connectivity_n2000_mc20_20260831\connectivity\point_05,DPC,95,4.75,-0.781060585427682,1.0055221017544018
connectivity,0.02,p=0.02,5,D:\git\sim\outputs\sweep_n_fc_connectivity_n2000_mc20_20260831\connectivity\point_05,DPC,96,4.800000000000001,-0.7820147502145376,1.0060255554202338
connectivity,0.02,p=0.02,5,D:\git\sim\outputs\sweep_n_fc_connectivity_n2000_mc20_20260831\connectivity\point_05,DPC,97,4.8500000000000005,-0.7829845813508469,1.0060371824776388
connectivity,0.02,p=0.02,5,D:\git\sim\outputs\sweep_n_fc_connectivity_n2000_mc20_20260831\connectivity\point_05,DPC,98,4.9,-0.7745314018762779,1.0001365218385012
connectivity,0.02,p=0.02,5,D:\git\sim\outputs\sweep_n_fc_connectivity_n2000_mc20_20260831\connectivity\point_05,DPC,99,4.95,-0.789436110299613,1.0094440208065745
connectivity,0.02,p=0.02,5,D:\git\sim\outputs\sweep_n_fc_connectivity_n2000_mc20_20260831\connectivity\point_05,DPC,100,5.0,-0.7755344254490083,1.0013250883521168
connectivity,0.02,p=0.02,5,D:\git\sim\outputs\sweep_n_fc_connectivity_n2000_mc20_20260831\connectivity\point_05,DPC,101,5.050000000000001,-0.7787005888365016,1.002322879377776
connectivity,0.02,p=0.02,5,D:\git\sim\outputs\sweep_n_fc_connectivity_n2000_mc20_20260831\connectivity\point_05,DPC,102,5.1000000000000005,-0.7890578534759746,1.0106719790663337
connectivity,0.02,p=0.02,5,D:\git\sim\outputs\sweep_n_fc_connectivity_n2000_mc20_20260831\connectivity\point_05,DPC,103,5.15,-0.7869680418118918,1.0097782286048438
connectivity,0.02,p=0.02,5,D:\git\sim\outputs\sweep_n_fc_connectivity_n2000_mc20_20260831\connectivity\point_05,DPC,104,5.2,-0.7825975014746303,1.0067176133053652
connectivity,0.02,p=0.02,5,D:\git\sim\outputs\sweep_n_fc_connectivity_n2000_mc20_20260831\connectivity\point_05,DPC,105,5.25,-0.7768268773791275,1.0041425109813287
connectivity,0.02,p=0.02,5,D:\git\sim\outputs\sweep_n_fc_connectivity_n2000_mc20_20260831\connectivity\point_05,DPC,106,5.300000000000001,-0.7743958242551209,1.001404663809742
connectivity,0.02,p=0.02,5,D:\git\sim\outputs\sweep_n_fc_connectivity_n2000_mc20_20260831\connectivity\point_05,DPC,107,5.3500000000000005,-0.78781403041163,1.0086651142584704
connectivity,0.02,p=0.02,5,D:\git\sim\outputs\sweep_n_fc_connectivity_n2000_mc20_20260831\connectivity\point_05,DPC,108,5.4,-0.7790062737860128,1.0040507206510285
connectivity,0.02,p=0.02,5,D:\git\sim\outputs\sweep_n_fc_connectivity_n2000_mc20_20260831\connectivity\point_05,DPC,109,5.45,-0.7833871970501548,1.006651215856517
connectivity,0.02,p=0.02,5,D:\git\sim\outputs\sweep_n_fc_connectivity_n2000_mc20_20260831\connectivity\point_05,DPC,110,5.5,-0.7840218286567812,1.0067795626150702
connectivity,0.02,p=0.02,5,D:\git\sim\outputs\sweep_n_fc_connectivity_n2000_mc20_20260831\connectivity\point_05,DPC,111,5.550000000000001,-0.7686527277757217,0.996820512644371
connectivity,0.02,p=0.02,5,D:\git\sim\outputs\sweep_n_fc_connectivity_n2000_mc20_20260831\connectivity\point_05,DPC,112,5.6000000000000005,-0.7800344349607902,1.0047625701191107
connectivity,0.02,p=0.02,5,D:\git\sim\outputs\sweep_n_fc_connectivity_n2000_mc20_20260831\connectivity\point_05,DPC,113,5.65,-0.7857137732943194,1.0075446847194354
connectivity,0.02,p=0.02,5,D:\git\sim\outputs\sweep_n_fc_connectivity_n2000_mc20_20260831\connectivity\point_05,DPC,114,5.7,-0.7785629190372441,1.0043647875767512
connectivity,0.02,p=0.02,5,D:\git\sim\outputs\sweep_n_fc_connectivity_n2000_mc20_20260831\connectivity\point_05,DPC,115,5.75,-0.7731706787634606,1.0003663953445912
connectivity,0.02,p=0.02,5,D:\git\sim\outputs\sweep_n_fc_connectivity_n2000_mc20_20260831\connectivity\point_05,DPC,116,5.800000000000001,-0.783186689692411,1.0049962922476392
connectivity,0.02,p=0.02,5,D:\git\sim\outputs\sweep_n_fc_connectivity_n2000_mc20_20260831\connectivity\point_05,DPC,117,5.8500000000000005,-0.7727342320527796,0.9999656810736323
connectivity,0.02,p=0.02,5,D:\git\sim\outputs\sweep_n_fc_connectivity_n2000_mc20_20260831\connectivity\point_05,DPC,118,5.9,-0.7762678723390021,1.0025217554171733
connectivity,0.02,p=0.02,5,D:\git\sim\outputs\sweep_n_fc_connectivity_n2000_mc20_20260831\connectivity\point_05,DPC,119,5.95,-0.7799153593044386,1.004898179674465
connectivity,0.02,p=0.02,5,D:\git\sim\outputs\sweep_n_fc_connectivity_n2000_mc20_20260831\connectivity\point_05,DPC,120,6.0,-0.7657201376485813,0.9939932085880148
connectivity,0.02,p=0.02,5,D:\git\sim\outputs\sweep_n_fc_connectivity_n2000_mc20_20260831\connectivity\point_05,DPC,121,6.050000000000001,-0.7827110021574999,1.0057941496403635
connectivity,0.02,p=0.02,5,D:\git\sim\outputs\sweep_n_fc_connectivity_n2000_mc20_20260831\connectivity\point_05,DPC,122,6.1000000000000005,-0.7869685059632253,1.0092472733405073
connectivity,0.02,p=0.02,5,D:\git\sim\outputs\sweep_n_fc_connectivity_n2000_mc20_20260831\connectivity\point_05,DPC,123,6.15,-0.7767892751974395,1.0031595180046888
connectivity,0.02,p=0.02,5,D:\git\sim\outputs\sweep_n_fc_connectivity_n2000_mc20_20260831\connectivity\point_05,DPC,124,6.2,-0.7760892538036595,1.001834803414181
connectivity,0.02,p=0.02,5,D:\git\sim\outputs\sweep_n_fc_connectivity_n2000_mc20_20260831\connectivity\point_05,DPC,125,6.25,-0.774865019040176,1.002483779105681
connectivity,0.02,p=0.02,5,D:\git\sim\outputs\sweep_n_fc_connectivity_n2000_mc20_20260831\connectivity\point_05,DPC,126,6.300000000000001,-0.7827527281880067,1.007318910912757
connectivity,0.02,p=0.02,5,D:\git\sim\outputs\sweep_n_fc_connectivity_n2000_mc20_20260831\connectivity\point_05,DPC,127,6.3500000000000005,-0.776764547517132,1.0021986686621003
connectivity,0.02,p=0.02,5,D:\git\sim\outputs\sweep_n_fc_connectivity_n2000_mc20_20260831\connectivity\point_05,DPC,128,6.4,-0.7815484486546933,1.0064755253619304
connectivity,0.02,p=0.02,5,D:\git\sim\outputs\sweep_n_fc_connectivity_n2000_mc20_20260831\connectivity\point_05,DPC,129,6.45,-0.7823635924316654,1.004916750083072
connectivity,0.02,p=0.02,5,D:\git\sim\outputs\sweep_n_fc_connectivity_n2000_mc20_20260831\connectivity\point_05,DPC,130,6.5,-0.7880567379941488,1.0105789431154026
connectivity,0.02,p=0.02,5,D:\git\sim\outputs\sweep_n_fc_connectivity_n2000_mc20_20260831\connectivity\point_05,DPC,131,6.550000000000001,-0.7820265123276637,1.0066492461462302
connectivity,0.02,p=0.02,5,D:\git\sim\outputs\sweep_n_fc_connectivity_n2000_mc20_20260831\connectivity\point_05,DPC,132,6.6000000000000005,-0.7746447096114226,1.001528554971468
connectivity,0.02,p=0.02,5,D:\git\sim\outputs\sweep_n_fc_connectivity_n2000_mc20_20260831\connectivity\point_05,DPC,133,6.65,-0.7833281678033193,1.0064369704405813
connectivity,0.02,p=0.02,5,D:\git\sim\outputs\sweep_n_fc_connectivity_n2000_mc20_20260831\connectivity\point_05,DPC,134,6.7,-0.7820889180109163,1.0054004555136309
connectivity,0.02,p=0.02,5,D:\git\sim\outputs\sweep_n_fc_connectivity_n2000_mc20_20260831\connectivity\point_05,DPC,135,6.75,-0.771977837640281,0.9991192045692199
connectivity,0.02,p=0.02,5,D:\git\sim\outputs\sweep_n_fc_connectivity_n2000_mc20_20260831\connectivity\point_05,DPC,136,6.800000000000001,-0.7708844746446388,0.9985792347645459
connectivity,0.02,p=0.02,5,D:\git\sim\outputs\sweep_n_fc_connectivity_n2000_mc20_20260831\connectivity\point_05,DPC,137,6.8500000000000005,-0.7718523054791443,1.000367644700225
connectivity,0.02,p=0.02,5,D:\git\sim\outputs\sweep_n_fc_connectivity_n2000_mc20_20260831\connectivity\point_05,DPC,138,6.9,-0.7837796662971085,1.0068099797442702
connectivity,0.02,p=0.02,5,D:\git\sim\outputs\sweep_n_fc_connectivity_n2000_mc20_20260831\connectivity\point_05,DPC,139,6.95,-0.7840684399533827,1.0074103609754994
connectivity,0.02,p=0.02,5,D:\git\sim\outputs\sweep_n_fc_connectivity_n2000_mc20_20260831\connectivity\point_05,DPC,140,7.0,-0.7798763620566027,1.004714336979505
connectivity,0.02,p=0.02,5,D:\git\sim\outputs\sweep_n_fc_connectivity_n2000_mc20_20260831\connectivity\point_05,DPC,141,7.050000000000001,-0.7824241731156221,1.0059253463620876
connectivity,0.02,p=0.02,5,D:\git\sim\outputs\sweep_n_fc_connectivity_n2000_mc20_20260831\connectivity\point_05,DPC,142,7.1000000000000005,-0.7774452511261126,1.002948196637894
connectivity,0.02,p=0.02,5,D:\git\sim\outputs\sweep_n_fc_connectivity_n2000_mc20_20260831\connectivity\point_05,DPC,143,7.15,-0.7730577441275408,1.0001420606594804
connectivity,0.02,p=0.02,5,D:\git\sim\outputs\sweep_n_fc_connectivity_n2000_mc20_20260831\connectivity\point_05,DPC,144,7.2,-0.7797250757862794,1.0047063743417621
connectivity,0.02,p=0.02,5,D:\git\sim\outputs\sweep_n_fc_connectivity_n2000_mc20_20260831\connectivity\point_05,DPC,145,7.25,-0.7860723280181103,1.0072278249160338
connectivity,0.02,p=0.02,5,D:\git\sim\outputs\sweep_n_fc_connectivity_n2000_mc20_20260831\connectivity\point_05,DPC,146,7.300000000000001,-0.7832153664884931,1.0069281011510536
connectivity,0.02,p=0.02,5,D:\git\sim\outputs\sweep_n_fc_connectivity_n2000_mc20_20260831\connectivity\point_05,DPC,147,7.3500000000000005,-0.7769713871788679,1.0021181829492196
connectivity,0.02,p=0.02,5,D:\git\sim\outputs\sweep_n_fc_connectivity_n2000_mc20_20260831\connectivity\point_05,DPC,148,7.4,-0.7874742850417107,1.0094095897122792
connectivity,0.02,p=0.02,5,D:\git\sim\outputs\sweep_n_fc_connectivity_n2000_mc20_20260831\connectivity\point_05,DPC,149,7.45,-0.7765008225144607,1.0026912173733062
connectivity,0.02,p=0.02,5,D:\git\sim\outputs\sweep_n_fc_connectivity_n2000_mc20_20260831\connectivity\point_05,DPC,150,7.5,-0.7782098818720711,1.0027151611039862
connectivity,0.02,p=0.02,5,D:\git\sim\outputs\sweep_n_fc_connectivity_n2000_mc20_20260831\connectivity\point_05,DPC,151,7.550000000000001,-0.7808502286527534,1.0047672468157938
connectivity,0.02,p=0.02,5,D:\git\sim\outputs\sweep_n_fc_connectivity_n2000_mc20_20260831\connectivity\point_05,DPC,152,7.6000000000000005,-0.778138552533711,1.003427852233421
connectivity,0.02,p=0.02,5,D:\git\sim\outputs\sweep_n_fc_connectivity_n2000_mc20_20260831\connectivity\point_05,DPC,153,7.65,-0.783758056549042,1.0055117072358217
connectivity,0.02,p=0.02,5,D:\git\sim\outputs\sweep_n_fc_connectivity_n2000_mc20_20260831\connectivity\point_05,DPC,154,7.7,-0.7734827791410331,1.0006449338798467
connectivity,0.02,p=0.02,5,D:\git\sim\outputs\sweep_n_fc_connectivity_n2000_mc20_20260831\connectivity\point_05,DPC,155,7.75,-0.7795332736871698,1.0042349266921122
connectivity,0.02,p=0.02,5,D:\git\sim\outputs\sweep_n_fc_connectivity_n2000_mc20_20260831\connectivity\point_05,DPC,156,7.800000000000001,-0.7807334495133227,1.0055594635956566
connectivity,0.02,p=0.02,5,D:\git\sim\outputs\sweep_n_fc_connectivity_n2000_mc20_20260831\connectivity\point_05,DPC,157,7.8500000000000005,-0.7749949510010373,1.0001411992406524
connectivity,0.02,p=0.02,5,D:\git\sim\outputs\sweep_n_fc_connectivity_n2000_mc20_20260831\connectivity\point_05,DPC,158,7.9,-0.7802822555632011,1.00412510426095
connectivity,0.02,p=0.02,5,D:\git\sim\outputs\sweep_n_fc_connectivity_n2000_mc20_20260831\connectivity\point_05,DPC,159,7.95,-0.7779599216546617,1.0029589572845075
connectivity,0.02,p=0.02,5,D:\git\sim\outputs\sweep_n_fc_connectivity_n2000_mc20_20260831\connectivity\point_05,DPC,160,8.0,-0.7796069863305144,1.004041759334512
connectivity,0.02,p=0.02,5,D:\git\sim\outputs\sweep_n_fc_connectivity_n2000_mc20_20260831\connectivity\point_05,DPC,161,8.05,-0.7808126241349884,1.0050317142908431
connectivity,0.02,p=0.02,5,D:\git\sim\outputs\sweep_n_fc_connectivity_n2000_mc20_20260831\connectivity\point_05,DPC,162,8.1,-0.7830938650387691,1.0074251215995365
connectivity,0.02,p=0.02,5,D:\git\sim\outputs\sweep_n_fc_connectivity_n2000_mc20_20260831\connectivity\point_05,DPC,163,8.15,-0.7760846543703327,1.001363586645533
connectivity,0.02,p=0.02,5,D:\git\sim\outputs\sweep_n_fc_connectivity_n2000_mc20_20260831\connectivity\point_05,DPC,164,8.200000000000001,-0.7709749713599013,0.998823148774519
connectivity,0.02,p=0.02,5,D:\git\sim\outputs\sweep_n_fc_connectivity_n2000_mc20_20260831\connectivity\point_05,DPC,165,8.25,-0.7869738849955039,1.0092243854869936
connectivity,0.02,p=0.02,5,D:\git\sim\outputs\sweep_n_fc_connectivity_n2000_mc20_20260831\connectivity\point_05,DPC,166,8.3,-0.7801942784639215,1.004716950804958
connectivity,0.02,p=0.02,5,D:\git\sim\outputs\sweep_n_fc_connectivity_n2000_mc20_20260831\connectivity\point_05,DPC,167,8.35,-0.7845236541595872,1.0061766054098378
connectivity,0.02,p=0.02,5,D:\git\sim\outputs\sweep_n_fc_connectivity_n2000_mc20_20260831\connectivity\point_05,DPC,168,8.4,-0.7824935850330351,1.0067366851043071
connectivity,0.02,p=0.02,5,D:\git\sim\outputs\sweep_n_fc_connectivity_n2000_mc20_20260831\connectivity\point_05,DPC,169,8.450000000000001,-0.7781486080537604,1.0025558732942972
connectivity,0.02,p=0.02,5,D:\git\sim\outputs\sweep_n_fc_connectivity_n2000_mc20_20260831\connectivity\point_05,DPC,170,8.5,-0.7819408336908752,1.0064116462420936
connectivity,0.02,p=0.02,5,D:\git\sim\outputs\sweep_n_fc_connectivity_n2000_mc20_20260831\connectivity\point_05,DPC,171,8.55,-0.7864366299825483,1.0084634441219869
connectivity,0.02,p=0.02,5,D:\git\sim\outputs\sweep_n_fc_connectivity_n2000_mc20_20260831\connectivity\point_05,DPC,172,8.6,-0.7725269286442391,0.9990352387129191
connectivity,0.02,p=0.02,5,D:\git\sim\outputs\sweep_n_fc_connectivity_n2000_mc20_20260831\connectivity\point_05,DPC,173,8.65,-0.7709329510192307,0.9991629892186344
connectivity,0.02,p=0.02,5,D:\git\sim\outputs\sweep_n_fc_connectivity_n2000_mc20_20260831\connectivity\point_05,DPC,174,8.700000000000001,-0.7830252893174378,1.00682864492002
connectivity,0.02,p=0.02,5,D:\git\sim\outputs\sweep_n_fc_connectivity_n2000_mc20_20260831\connectivity\point_05,DPC,175,8.75,-0.786699542487463,1.0087437594633557
connectivity,0.02,p=0.02,5,D:\git\sim\outputs\sweep_n_fc_connectivity_n2000_mc20_20260831\connectivity\point_05,DPC,176,8.8,-0.777979107700414,1.0034807128624261
connectivity,0.02,p=0.02,5,D:\git\sim\outputs\sweep_n_fc_connectivity_n2000_mc20_20260831\connectivity\point_05,DPC,177,8.85,-0.7841607878520412,1.00683346860732
connectivity,0.02,p=0.02,5,D:\git\sim\outputs\sweep_n_fc_connectivity_n2000_mc20_20260831\connectivity\point_05,DPC,178,8.9,-0.7826702186883201,1.007239575523462
connectivity,0.02,p=0.02,5,D:\git\sim\outputs\sweep_n_fc_connectivity_n2000_mc20_20260831\connectivity\point_05,DPC,179,8.950000000000001,-0.7668496627659234,0.9968490273376425
connectivity,0.02,p=0.02,5,D:\git\sim\outputs\sweep_n_fc_connectivity_n2000_mc20_20260831\connectivity\point_05,DPC,180,9.0,-0.770223075837485,0.997420402553125
connectivity,0.02,p=0.02,5,D:\git\sim\outputs\sweep_n_fc_connectivity_n2000_mc20_20260831\connectivity\point_05,DPC,181,9.05,-0.7739927459644942,1.000826648191941
connectivity,0.02,p=0.02,5,D:\git\sim\outputs\sweep_n_fc_connectivity_n2000_mc20_20260831\connectivity\point_05,DPC,182,9.1,-0.7851297729408347,1.0067671868815493
connectivity,0.02,p=0.02,5,D:\git\sim\outputs\sweep_n_fc_connectivity_n2000_mc20_20260831\connectivity\point_05,DPC,183,9.15,-0.7824305155934914,1.005520133306041
connectivity,0.02,p=0.02,5,D:\git\sim\outputs\sweep_n_fc_connectivity_n2000_mc20_20260831\connectivity\point_05,DPC,184,9.200000000000001,-0.7843042414509378,1.007585958217931
connectivity,0.02,p=0.02,5,D:\git\sim\outputs\sweep_n_fc_connectivity_n2000_mc20_20260831\connectivity\point_05,DPC,185,9.25,-0.7760447451291076,1.0029381400647932
connectivity,0.02,p=0.02,5,D:\git\sim\outputs\sweep_n_fc_connectivity_n2000_mc20_20260831\connectivity\point_05,DPC,186,9.3,-0.7709001381760479,0.9988283037984113
connectivity,0.02,p=0.02,5,D:\git\sim\outputs\sweep_n_fc_connectivity_n2000_mc20_20260831\connectivity\point_05,DPC,187,9.35,-0.7780737998960685,1.0042542984855494
connectivity,0.02,p=0.02,5,D:\git\sim\outputs\sweep_n_fc_connectivity_n2000_mc20_20260831\connectivity\point_05,DPC,188,9.4,-0.777934528714347,1.0027063186672593
connectivity,0.02,p=0.02,5,D:\git\sim\outputs\sweep_n_fc_connectivity_n2000_mc20_20260831\connectivity\point_05,DPC,189,9.450000000000001,-0.7737894973885546,1.0016025092458867
connectivity,0.02,p=0.02,5,D:\git\sim\outputs\sweep_n_fc_connectivity_n2000_mc20_20260831\connectivity\point_05,DPC,190,9.5,-0.7865046086487554,1.0087493489797283
connectivity,0.02,p=0.02,5,D:\git\sim\outputs\sweep_n_fc_connectivity_n2000_mc20_20260831\connectivity\point_05,DPC,191,9.55,-0.7828653047349132,1.0076639477903506
connectivity,0.02,p=0.02,5,D:\git\sim\outputs\sweep_n_fc_connectivity_n2000_mc20_20260831\connectivity\point_05,DPC,192,9.600000000000001,-0.7810869962875377,1.0055817178134716
connectivity,0.02,p=0.02,5,D:\git\sim\outputs\sweep_n_fc_connectivity_n2000_mc20_20260831\connectivity\point_05,DPC,193,9.65,-0.7770191918479805,1.0032148945024102
connectivity,0.02,p=0.02,5,D:\git\sim\outputs\sweep_n_fc_connectivity_n2000_mc20_20260831\connectivity\point_05,DPC,194,9.700000000000001,-0.7779332718003633,1.0023480251024603
connectivity,0.02,p=0.02,5,D:\git\sim\outputs\sweep_n_fc_connectivity_n2000_mc20_20260831\connectivity\point_05,DPC,195,9.75,-0.77400946433278,1.0009165667354867
connectivity,0.02,p=0.02,5,D:\git\sim\outputs\sweep_n_fc_connectivity_n2000_mc20_20260831\connectivity\point_05,DPC,196,9.8,-0.7801550639757793,1.0040337796732424
connectivity,0.02,p=0.02,5,D:\git\sim\outputs\sweep_n_fc_connectivity_n2000_mc20_20260831\connectivity\point_05,DPC,197,9.850000000000001,-0.7835639492413284,1.0070707838383566
connectivity,0.02,p=0.02,5,D:\git\sim\outputs\sweep_n_fc_connectivity_n2000_mc20_20260831\connectivity\point_05,DPC,198,9.9,-0.7773932542673291,1.0031941571570095
connectivity,0.02,p=0.02,5,D:\git\sim\outputs\sweep_n_fc_connectivity_n2000_mc20_20260831\connectivity\point_05,DPC,199,9.950000000000001,-0.7839952002571557,1.0069172508744373
connectivity,0.02,p=0.02,5,D:\git\sim\outputs\sweep_n_fc_connectivity_n2000_mc20_20260831\connectivity\point_05,DPC,200,10.0,-0.7788340130627085,1.0042537890251506
connectivity,0.02,p=0.02,5,D:\git\sim\outputs\sweep_n_fc_connectivity_n2000_mc20_20260831\connectivity\point_05,DPC,201,10.05,-0.7733091365395521,0.9996890359815296
connectivity,0.02,p=0.02,5,D:\git\sim\outputs\sweep_n_fc_connectivity_n2000_mc20_20260831\connectivity\point_05,DPC,202,10.100000000000001,-0.7788421210850696,1.003553431136034
connectivity,0.02,p=0.02,5,D:\git\sim\outputs\sweep_n_fc_connectivity_n2000_mc20_20260831\connectivity\point_05,DPC,203,10.15,-0.7730202321772519,1.0004881377238564
connectivity,0.02,p=0.02,5,D:\git\sim\outputs\sweep_n_fc_connectivity_n2000_mc20_20260831\connectivity\point_05,DPC,204,10.200000000000001,-0.7755310491555987,1.0014517592835568
connectivity,0.02,p=0.02,5,D:\git\sim\outputs\sweep_n_fc_connectivity_n2000_mc20_20260831\connectivity\point_05,DPC,205,10.25,-0.7822035678810437,1.0056515533328692
connectivity,0.02,p=0.02,5,D:\git\sim\outputs\sweep_n_fc_connectivity_n2000_mc20_20260831\connectivity\point_05,DPC,206,10.3,-0.7821691759968564,1.005704017658654
connectivity,0.02,p=0.02,5,D:\git\sim\outputs\sweep_n_fc_connectivity_n2000_mc20_20260831\connectivity\point_05,DPC,207,10.350000000000001,-0.7786707401930084,1.0038598201672841
connectivity,0.02,p=0.02,5,D:\git\sim\outputs\sweep_n_fc_connectivity_n2000_mc20_20260831\connectivity\point_05,DPC,208,10.4,-0.7727295036165729,1.0000893378079925
connectivity,0.02,p=0.02,5,D:\git\sim\outputs\sweep_n_fc_connectivity_n2000_mc20_20260831\connectivity\point_05,DPC,209,10.450000000000001,-0.7789252085618896,1.0037680435633773
connectivity,0.02,p=0.02,5,D:\git\sim\outputs\sweep_n_fc_connectivity_n2000_mc20_20260831\connectivity\point_05,DPC,210,10.5,-0.7726654422365622,0.9987937321611706
connectivity,0.02,p=0.02,5,D:\git\sim\outputs\sweep_n_fc_connectivity_n2000_mc20_20260831\connectivity\point_05,DPC,211,10.55,-0.7790373901765366,1.0037671618557482
connectivity,0.02,p=0.02,5,D:\git\sim\outputs\sweep_n_fc_connectivity_n2000_mc20_20260831\connectivity\point_05,DPC,212,10.600000000000001,-0.7741902556593251,1.0006756969849893
connectivity,0.02,p=0.02,5,D:\git\sim\outputs\sweep_n_fc_connectivity_n2000_mc20_20260831\connectivity\point_05,DPC,213,10.65,-0.7823774930269051,1.00620460745747
connectivity,0.02,p=0.02,5,D:\git\sim\outputs\sweep_n_fc_connectivity_n2000_mc20_20260831\connectivity\point_05,DPC,214,10.700000000000001,-0.7773299399034768,1.0021140035865868
connectivity,0.02,p=0.02,5,D:\git\sim\outputs\sweep_n_fc_connectivity_n2000_mc20_20260831\connectivity\point_05,DPC,215,10.75,-0.7665786859415197,0.9958005199390481
connectivity,0.02,p=0.02,5,D:\git\sim\outputs\sweep_n_fc_connectivity_n2000_mc20_20260831\connectivity\point_05,DPC,216,10.8,-0.7848531822444722,1.007756347073901
connectivity,0.02,p=0.02,5,D:\git\sim\outputs\sweep_n_fc_connectivity_n2000_mc20_20260831\connectivity\point_05,DPC,217,10.850000000000001,-0.7698833696584784,0.9980858681578001
connectivity,0.02,p=0.02,5,D:\git\sim\outputs\sweep_n_fc_connectivity_n2000_mc20_20260831\connectivity\point_05,DPC,218,10.9,-0.7810047734676133,1.0063734159416398
connectivity,0.02,p=0.02,5,D:\git\sim\outputs\sweep_n_fc_connectivity_n2000_mc20_20260831\connectivity\point_05,DPC,219,10.950000000000001,-0.7774111121303062,1.003170616407108
connectivity,0.02,p=0.02,5,D:\git\sim\outputs\sweep_n_fc_connectivity_n2000_mc20_20260831\connectivity\point_05,DPC,220,11.0,-0.7832086572902506,1.006337556887464
connectivity,0.02,p=0.02,5,D:\git\sim\outputs\sweep_n_fc_connectivity_n2000_mc20_20260831\connectivity\point_05,DPC,221,11.05,-0.7754129556068778,1.0018735836688957
connectivity,0.02,p=0.02,5,D:\git\sim\outputs\sweep_n_fc_connectivity_n2000_mc20_20260831\connectivity\point_05,DPC,222,11.100000000000001,-0.7806583827537954,1.0044666481394404
connectivity,0.02,p=0.02,5,D:\git\sim\outputs\sweep_n_fc_connectivity_n2000_mc20_20260831\connectivity\point_05,DPC,223,11.15,-0.7796961369305168,1.0045891850121456
connectivity,0.02,p=0.02,5,D:\git\sim\outputs\sweep_n_fc_connectivity_n2000_mc20_20260831\connectivity\point_05,DPC,224,11.200000000000001,-0.7798473652449894,1.0054907807058986
connectivity,0.02,p=0.02,5,D:\git\sim\outputs\sweep_n_fc_connectivity_n2000_mc20_20260831\connectivity\point_05,DPC,225,11.25,-0.7814164229307037,1.0051779470248643
connectivity,0.02,p=0.02,5,D:\git\sim\outputs\sweep_n_fc_connectivity_n2000_mc20_20260831\connectivity\point_05,DPC,226,11.3,-0.7880794779481706,1.0093642930364612
connectivity,0.02,p=0.02,5,D:\git\sim\outputs\sweep_n_fc_connectivity_n2000_mc20_20260831\connectivity\point_05,DPC,227,11.350000000000001,-0.7731246751513337,0.9999088347941353
connectivity,0.02,p=0.02,5,D:\git\sim\outputs\sweep_n_fc_connectivity_n2000_mc20_20260831\connectivity\point_05,DPC,228,11.4,-0.7838612277696582,1.006969388879556
connectivity,0.02,p=0.02,5,D:\git\sim\outputs\sweep_n_fc_connectivity_n2000_mc20_20260831\connectivity\point_05,DPC,229,11.450000000000001,-0.7770726860515556,1.0027807492915577
connectivity,0.02,p=0.02,5,D:\git\sim\outputs\sweep_n_fc_connectivity_n2000_mc20_20260831\connectivity\point_05,DPC,230,11.5,-0.7895949132059678,1.0095203175699354
connectivity,0.02,p=0.02,5,D:\git\sim\outputs\sweep_n_fc_connectivity_n2000_mc20_20260831\connectivity\point_05,DPC,231,11.55,-0.7779793704641065,1.002873827234069
connectivity,0.02,p=0.02,5,D:\git\sim\outputs\sweep_n_fc_connectivity_n2000_mc20_20260831\connectivity\point_05,DPC,232,11.600000000000001,-0.7635799845445848,0.9937640202004342
connectivity,0.02,p=0.02,5,D:\git\sim\outputs\sweep_n_fc_connectivity_n2000_mc20_20260831\connectivity\point_05,DPC,233,11.65,-0.777956966281985,1.0036917427428271
connectivity,0.02,p=0.02,5,D:\git\sim\outputs\sweep_n_fc_connectivity_n2000_mc20_20260831\connectivity\point_05,DPC,234,11.700000000000001,-0.7803995279784364,1.0047146056822585
connectivity,0.02,p=0.02,5,D:\git\sim\outputs\sweep_n_fc_connectivity_n2000_mc20_20260831\connectivity\point_05,DPC,235,11.75,-0.7725290388251761,1.0000147181337566
connectivity,0.02,p=0.02,5,D:\git\sim\outputs\sweep_n_fc_connectivity_n2000_mc20_20260831\connectivity\point_05,DPC,236,11.8,-0.7758606879390345,1.0017906449714147
connectivity,0.02,p=0.02,5,D:\git\sim\outputs\sweep_n_fc_connectivity_n2000_mc20_20260831\connectivity\point_05,DPC,237,11.850000000000001,-0.7746970710735854,1.000473477862657
connectivity,0.02,p=0.02,5,D:\git\sim\outputs\sweep_n_fc_connectivity_n2000_mc20_20260831\connectivity\point_05,DPC,238,11.9,-0.7790484470588179,1.004344994591583
connectivity,0.02,p=0.02,5,D:\git\sim\outputs\sweep_n_fc_connectivity_n2000_mc20_20260831\connectivity\point_05,DPC,239,11.950000000000001,-0.7748745149696067,1.0001831266797643
connectivity,0.02,p=0.02,5,D:\git\sim\outputs\sweep_n_fc_connectivity_n2000_mc20_20260831\connectivity\point_05,KF-DPC,0,0.0,-1.0163511146734268,1.1525152210465506
connectivity,0.02,p=0.02,5,D:\git\sim\outputs\sweep_n_fc_connectivity_n2000_mc20_20260831\connectivity\point_05,KF-DPC,1,0.05,-0.4905516412509008,0.848169581731433
connectivity,0.02,p=0.02,5,D:\git\sim\outputs\sweep_n_fc_connectivity_n2000_mc20_20260831\connectivity\point_05,KF-DPC,2,0.1,-0.37209835847570105,0.8349050856813781
connectivity,0.02,p=0.02,5,D:\git\sim\outputs\sweep_n_fc_connectivity_n2000_mc20_20260831\connectivity\point_05,KF-DPC,3,0.15000000000000002,-0.30584315004907114,0.7718521094990521
connectivity,0.02,p=0.02,5,D:\git\sim\outputs\sweep_n_fc_connectivity_n2000_mc20_20260831\connectivity\point_05,KF-DPC,4,0.2,-0.24793569673023536,0.6638527310954191
connectivity,0.02,p=0.02,5,D:\git\sim\outputs\sweep_n_fc_connectivity_n2000_mc20_20260831\connectivity\point_05,KF-DPC,5,0.25,-0.20154472602110135,0.5646068233738044
connectivity,0.02,p=0.02,5,D:\git\sim\outputs\sweep_n_fc_connectivity_n2000_mc20_20260831\connectivity\point_05,KF-DPC,6,0.30000000000000004,-0.16733025808821483,0.4905271701810868
connectivity,0.02,p=0.02,5,D:\git\sim\outputs\sweep_n_fc_connectivity_n2000_mc20_20260831\connectivity\point_05,KF-DPC,7,0.35000000000000003,-0.14269097365355365,0.4358264791735598
connectivity,0.02,p=0.02,5,D:\git\sim\outputs\sweep_n_fc_connectivity_n2000_mc20_20260831\connectivity\point_05,KF-DPC,8,0.4,-0.12335963726346862,0.39553191827209294
connectivity,0.02,p=0.02,5,D:\git\sim\outputs\sweep_n_fc_connectivity_n2000_mc20_20260831\connectivity\point_05,KF-DPC,9,0.45,-0.10878610765380485,0.36428383024968813
connectivity,0.02,p=0.02,5,D:\git\sim\outputs\sweep_n_fc_connectivity_n2000_mc20_20260831\connectivity\point_05,KF-DPC,10,0.5,-0.09818952088104406,0.3416035062376257
connectivity,0.02,p=0.02,5,D:\git\sim\outputs\sweep_n_fc_connectivity_n2000_mc20_20260831\connectivity\point_05,KF-DPC,11,0.55,-0.08903307692442161,0.3214713141342692
connectivity,0.02,p=0.02,5,D:\git\sim\outputs\sweep_n_fc_connectivity_n2000_mc20_20260831\connectivity\point_05,KF-DPC,12,0.6000000000000001,-0.08194512438757212,0.30516149934238274
connectivity,0.02,p=0.02,5,D:\git\sim\outputs\sweep_n_fc_connectivity_n2000_mc20_20260831\connectivity\point_05,KF-DPC,13,0.65,-0.07623098104309992,0.2918878930509391
connectivity,0.02,p=0.02,5,D:\git\sim\outputs\sweep_n_fc_connectivity_n2000_mc20_20260831\connectivity\point_05,KF-DPC,14,0.7000000000000001,-0.0712760315635996,0.2803508353085781
connectivity,0.02,p=0.02,5,D:\git\sim\outputs\sweep_n_fc_connectivity_n2000_mc20_20260831\connectivity\point_05,KF-DPC,15,0.75,-0.06679632740463942,0.2695844851393528
connectivity,0.02,p=0.02,5,D:\git\sim\outputs\sweep_n_fc_connectivity_n2000_mc20_20260831\connectivity\point_05,KF-DPC,16,0.8,-0.06317760265354186,0.2604085214548264
connectivity,0.02,p=0.02,5,D:\git\sim\outputs\sweep_n_fc_connectivity_n2000_mc20_20260831\connectivity\point_05,KF-DPC,17,0.8500000000000001,-0.06003745189106825,0.2520969550749509
connectivity,0.02,p=0.02,5,D:\git\sim\outputs\sweep_n_fc_connectivity_n2000_mc20_20260831\connectivity\point_05,KF-DPC,18,0.9,-0.05711608320909896,0.24429004645017333
connectivity,0.02,p=0.02,5,D:\git\sim\outputs\sweep_n_fc_connectivity_n2000_mc20_20260831\connectivity\point_05,KF-DPC,19,0.9500000000000001,-0.054507028645608566,0.23744462652103068
connectivity,0.02,p=0.02,5,D:\git\sim\outputs\sweep_n_fc_connectivity_n2000_mc20_20260831\connectivity\point_05,KF-DPC,20,1.0,-0.052199211062604264,0.23092050522952356
connectivity,0.02,p=0.02,5,D:\git\sim\outputs\sweep_n_fc_connectivity_n2000_mc20_20260831\connectivity\point_05,KF-DPC,21,1.05,-0.05011633453171688,0.22474916936006553
connectivity,0.02,p=0.02,5,D:\git\sim\outputs\sweep_n_fc_connectivity_n2000_mc20_20260831\connectivity\point_05,KF-DPC,22,1.1,-0.04842107115445943,0.21973296224465821
connectivity,0.02,p=0.02,5,D:\git\sim\outputs\sweep_n_fc_connectivity_n2000_mc20_20260831\connectivity\point_05,KF-DPC,23,1.1500000000000001,-0.046669322055913245,0.21453905400796325
connectivity,0.02,p=0.02,5,D:\git\sim\outputs\sweep_n_fc_connectivity_n2000_mc20_20260831\connectivity\point_05,KF-DPC,24,1.2000000000000002,-0.04515295774962138,0.2098943520460586
connectivity,0.02,p=0.02,5,D:\git\sim\outputs\sweep_n_fc_connectivity_n2000_mc20_20260831\connectivity\point_05,KF-DPC,25,1.25,-0.04379979027094045,0.20550821511089098
connectivity,0.02,p=0.02,5,D:\git\sim\outputs\sweep_n_fc_connectivity_n2000_mc20_20260831\connectivity\point_05,KF-DPC,26,1.3,-0.04248569791203389,0.20118768291933198
connectivity,0.02,p=0.02,5,D:\git\sim\outputs\sweep_n_fc_connectivity_n2000_mc20_20260831\connectivity\point_05,KF-DPC,27,1.35,-0.04132271500512215,0.1973543030699538
connectivity,0.02,p=0.02,5,D:\git\sim\outputs\sweep_n_fc_connectivity_n2000_mc20_20260831\connectivity\point_05,KF-DPC,28,1.4000000000000001,-0.04025779526175301,0.19389312401492126
connectivity,0.02,p=0.02,5,D:\git\sim\outputs\sweep_n_fc_connectivity_n2000_mc20_20260831\connectivity\point_05,KF-DPC,29,1.4500000000000002,-0.03920467290531335,0.19035526424862495
connectivity,0.02,p=0.02,5,D:\git\sim\outputs\sweep_n_fc_connectivity_n2000_mc20_20260831\connectivity\point_05,KF-DPC,30,1.5,-0.03834887820300076,0.18716781247312056
connectivity,0.02,p=0.02,5,D:\git\sim\outputs\sweep_n_fc_connectivity_n2000_mc20_20260831\connectivity\point_05,KF-DPC,31,1.55,-0.03756461055613029,0.18431448691330493
connectivity,0.02,p=0.02,5,D:\git\sim\outputs\sweep_n_fc_connectivity_n2000_mc20_20260831\connectivity\point_05,KF-DPC,32,1.6,-0.036738771033997274,0.18135391953648447
connectivity,0.02,p=0.02,5,D:\git\sim\outputs\sweep_n_fc_connectivity_n2000_mc20_20260831\connectivity\point_05,KF-DPC,33,1.6500000000000001,-0.035932713064323135,0.1784698674118091
connectivity,0.02,p=0.02,5,D:\git\sim\outputs\sweep_n_fc_connectivity_n2000_mc20_20260831\connectivity\point_05,KF-DPC,34,1.7000000000000002,-0.03522682585432513,0.17589629671098722
connectivity,0.02,p=0.02,5,D:\git\sim\outputs\sweep_n_fc_connectivity_n2000_mc20_20260831\connectivity\point_05,KF-DPC,35,1.75,-0.034666685092968344,0.17379320355930222
connectivity,0.02,p=0.02,5,D:\git\sim\outputs\sweep_n_fc_connectivity_n2000_mc20_20260831\connectivity\point_05,KF-DPC,36,1.8,-0.03407147632300371,0.17136245993470753
connectivity,0.02,p=0.02,5,D:\git\sim\outputs\sweep_n_fc_connectivity_n2000_mc20_20260831\connectivity\point_05,KF-DPC,37,1.85,-0.033500260271294824,0.1690992007538759
connectivity,0.02,p=0.02,5,D:\git\sim\outputs\sweep_n_fc_connectivity_n2000_mc20_20260831\connectivity\point_05,KF-DPC,38,1.9000000000000001,-0.032951819217755376,0.16703221987998534
connectivity,0.02,p=0.02,5,D:\git\sim\outputs\sweep_n_fc_connectivity_n2000_mc20_20260831\connectivity\point_05,KF-DPC,39,1.9500000000000002,-0.032392935983410136,0.16492621176338237
connectivity,0.02,p=0.02,5,D:\git\sim\outputs\sweep_n_fc_connectivity_n2000_mc20_20260831\connectivity\point_05,KF-DPC,40,2.0,-0.03190233970677453,0.16292050412167453
connectivity,0.02,p=0.02,5,D:\git\sim\outputs\sweep_n_fc_connectivity_n2000_mc20_20260831\connectivity\point_05,KF-DPC,41,2.0500000000000003,-0.03145380037671573,0.16099142716132653
connectivity,0.02,p=0.02,5,D:\git\sim\outputs\sweep_n_fc_connectivity_n2000_mc20_20260831\connectivity\point_05,KF-DPC,42,2.1,-0.031024959107281497,0.15935062880336484
connectivity,0.02,p=0.02,5,D:\git\sim\outputs\sweep_n_fc_connectivity_n2000_mc20_20260831\connectivity\point_05,KF-DPC,43,2.15,-0.030594227064655605,0.15733146350771304
connectivity,0.02,p=0.02,5,D:\git\sim\outputs\sweep_n_fc_connectivity_n2000_mc20_20260831\connectivity\point_05,KF-DPC,44,2.2,-0.030052949467431787,0.15532861638035006
connectivity,0.02,p=0.02,5,D:\git\sim\outputs\sweep_n_fc_connectivity_n2000_mc20_20260831\connectivity\point_05,KF-DPC,45,2.25,-0.029728233694404634,0.1538470656588559
connectivity,0.02,p=0.02,5,D:\git\sim\outputs\sweep_n_fc_connectivity_n2000_mc20_20260831\connectivity\point_05,KF-DPC,46,2.3000000000000003,-0.02933417805649782,0.15231102819667613
connectivity,0.02,p=0.02,5,D:\git\sim\outputs\sweep_n_fc_connectivity_n2000_mc20_20260831\connectivity\point_05,KF-DPC,47,2.35,-0.028861464892574493,0.15036377445076438
connectivity,0.02,p=0.02,5,D:\git\sim\outputs\sweep_n_fc_connectivity_n2000_mc20_20260831\connectivity\point_05,KF-DPC,48,2.4000000000000004,-0.028589219486616236,0.14896377215468593
connectivity,0.02,p=0.02,5,D:\git\sim\outputs\sweep_n_fc_connectivity_n2000_mc20_20260831\connectivity\point_05,KF-DPC,49,2.45,-0.028183109612786347,0.14732092353930382
connectivity,0.02,p=0.02,5,D:\git\sim\outputs\sweep_n_fc_connectivity_n2000_mc20_20260831\connectivity\point_05,KF-DPC,50,2.5,-0.02783885725726247,0.14593055828053264
connectivity,0.02,p=0.02,5,D:\git\sim\outputs\sweep_n_fc_connectivity_n2000_mc20_20260831\connectivity\point_05,KF-DPC,51,2.5500000000000003,-0.027605499905318652,0.14460389751695907
connectivity,0.02,p=0.02,5,D:\git\sim\outputs\sweep_n_fc_connectivity_n2000_mc20_20260831\connectivity\point_05,KF-DPC,52,2.6,-0.027333870772089864,0.14361028924180533
connectivity,0.02,p=0.02,5,D:\git\sim\outputs\sweep_n_fc_connectivity_n2000_mc20_20260831\connectivity\point_05,KF-DPC,53,2.6500000000000004,-0.027061000136007422,0.14216508809615652
connectivity,0.02,p=0.02,5,D:\git\sim\outputs\sweep_n_fc_connectivity_n2000_mc20_20260831\connectivity\point_05,KF-DPC,54,2.7,-0.026771762286980864,0.14074095525780558
connectivity,0.02,p=0.02,5,D:\git\sim\outputs\sweep_n_fc_connectivity_n2000_mc20_20260831\connectivity\point_05,KF-DPC,55,2.75,-0.02652718226371102,0.13988205426790282
connectivity,0.02,p=0.02,5,D:\git\sim\outputs\sweep_n_fc_connectivity_n2000_mc20_20260831\connectivity\point_05,KF-DPC,56,2.8000000000000003,-0.026258845996516064,0.13832099781702706
connectivity,0.02,p=0.02,5,D:\git\sim\outputs\sweep_n_fc_connectivity_n2000_mc20_20260831\connectivity\point_05,KF-DPC,57,2.85,-0.02607562408258999,0.13722741195226434
connectivity,0.02,p=0.02,5,D:\git\sim\outputs\sweep_n_fc_connectivity_n2000_mc20_20260831\connectivity\point_05,KF-DPC,58,2.9000000000000004,-0.025828432067646418,0.13610495380459559
connectivity,0.02,p=0.02,5,D:\git\sim\outputs\sweep_n_fc_connectivity_n2000_mc20_20260831\connectivity\point_05,KF-DPC,59,2.95,-0.025558072640161494,0.1349686363962384
connectivity,0.02,p=0.02,5,D:\git\sim\outputs\sweep_n_fc_connectivity_n2000_mc20_20260831\connectivity\point_05,KF-DPC,60,3.0,-0.025359818394877606,0.13396969974709722
connectivity,0.02,p=0.02,5,D:\git\sim\outputs\sweep_n_fc_connectivity_n2000_mc20_20260831\connectivity\point_05,KF-DPC,61,3.0500000000000003,-0.025096446992350203,0.13284585484588285
connectivity,0.02,p=0.02,5,D:\git\sim\outputs\sweep_n_fc_connectivity_n2000_mc20_20260831\connectivity\point_05,KF-DPC,62,3.1,-0.024884614260943964,0.13149071477719698
connectivity,0.02,p=0.02,5,D:\git\sim\outputs\sweep_n_fc_connectivity_n2000_mc20_20260831\connectivity\point_05,KF-DPC,63,3.1500000000000004,-0.024685826314514485,0.13042254497219466
connectivity,0.02,p=0.02,5,D:\git\sim\outputs\sweep_n_fc_connectivity_n2000_mc20_20260831\connectivity\point_05,KF-DPC,64,3.2,-0.0245346271159339,0.1297150371682314
connectivity,0.02,p=0.02,5,D:\git\sim\outputs\sweep_n_fc_connectivity_n2000_mc20_20260831\connectivity\point_05,KF-DPC,65,3.25,-0.02443554259032452,0.1289912450761444
connectivity,0.02,p=0.02,5,D:\git\sim\outputs\sweep_n_fc_connectivity_n2000_mc20_20260831\connectivity\point_05,KF-DPC,66,3.3000000000000003,-0.024126079698473264,0.12761577637642474
connectivity,0.02,p=0.02,5,D:\git\sim\outputs\sweep_n_fc_connectivity_n2000_mc20_20260831\connectivity\point_05,KF-DPC,67,3.35,-0.023971516893429162,0.12699016210512246
connectivity,0.02,p=0.02,5,D:\git\sim\outputs\sweep_n_fc_connectivity_n2000_mc20_20260831\connectivity\point_05,KF-DPC,68,3.4000000000000004,-0.023825617768598845,0.12597149316201772
connectivity,0.02,p=0.02,5,D:\git\sim\outputs\sweep_n_fc_connectivity_n2000_mc20_20260831\connectivity\point_05,KF-DPC,69,3.45,-0.02371790404340414,0.12528829018007176
connectivity,0.02,p=0.02,5,D:\git\sim\outputs\sweep_n_fc_connectivity_n2000_mc20_20260831\connectivity\point_05,KF-DPC,70,3.5,-0.023484855684427434,0.12426934010257196
connectivity,0.02,p=0.02,5,D:\git\sim\outputs\sweep_n_fc_connectivity_n2000_mc20_20260831\connectivity\point_05,KF-DPC,71,3.5500000000000003,-0.02335570402499717,0.12353655723876786
connectivity,0.02,p=0.02,5,D:\git\sim\outputs\sweep_n_fc_connectivity_n2000_mc20_20260831\connectivity\point_05,KF-DPC,72,3.6,-0.023260022110963386,0.12268861583703292
connectivity,0.02,p=0.02,5,D:\git\sim\outputs\sweep_n_fc_connectivity_n2000_mc20_20260831\connectivity\point_05,KF-DPC,73,3.6500000000000004,-0.023079786437729257,0.12179558820447382
connectivity,0.02,p=0.02,5,D:\git\sim\outputs\sweep_n_fc_connectivity_n2000_mc20_20260831\connectivity\point_05,KF-DPC,74,3.7,-0.022937281458614393,0.12112039634120356
connectivity,0.02,p=0.02,5,D:\git\sim\outputs\sweep_n_fc_connectivity_n2000_mc20_20260831\connectivity\point_05,KF-DPC,75,3.75,-0.022797847280399738,0.12038642935641455
connectivity,0.02,p=0.02,5,D:\git\sim\outputs\sweep_n_fc_connectivity_n2000_mc20_20260831\connectivity\point_05,KF-DPC,76,3.8000000000000003,-0.022681886680600963,0.11984409488464853
connectivity,0.02,p=0.02,5,D:\git\sim\outputs\sweep_n_fc_connectivity_n2000_mc20_20260831\connectivity\point_05,KF-DPC,77,3.85,-0.022526463839979444,0.11882343826654869
connectivity,0.02,p=0.02,5,D:\git\sim\outputs\sweep_n_fc_connectivity_n2000_mc20_20260831\connectivity\point_05,KF-DPC,78,3.9000000000000004,-0.02235595644644136,0.11787473872513661
connectivity,0.02,p=0.02,5,D:\git\sim\outputs\sweep_n_fc_connectivity_n2000_mc20_20260831\connectivity\point_05,KF-DPC,79,3.95,-0.0222272339347227,0.11723271478327786
connectivity,0.02,p=0.02,5,D:\git\sim\outputs\sweep_n_fc_connectivity_n2000_mc20_20260831\connectivity\point_05,KF-DPC,80,4.0,-0.022095336937970816,0.11676662755807243
connectivity,0.02,p=0.02,5,D:\git\sim\outputs\sweep_n_fc_connectivity_n2000_mc20_20260831\connectivity\point_05,KF-DPC,81,4.05,-0.021930328657259277,0.11574273676150919
connectivity,0.02,p=0.02,5,D:\git\sim\outputs\sweep_n_fc_connectivity_n2000_mc20_20260831\connectivity\point_05,KF-DPC,82,4.1000000000000005,-0.02184649738705037,0.11531807548814117
connectivity,0.02,p=0.02,5,D:\git\sim\outputs\sweep_n_fc_connectivity_n2000_mc20_20260831\connectivity\point_05,KF-DPC,83,4.15,-0.021639229317435442,0.1145558574818758
connectivity,0.02,p=0.02,5,D:\git\sim\outputs\sweep_n_fc_connectivity_n2000_mc20_20260831\connectivity\point_05,KF-DPC,84,4.2,-0.021588821237052136,0.11405173449329001
connectivity,0.02,p=0.02,5,D:\git\sim\outputs\sweep_n_fc_connectivity_n2000_mc20_20260831\connectivity\point_05,KF-DPC,85,4.25,-0.02144153510207541,0.11310796694805869
connectivity,0.02,p=0.02,5,D:\git\sim\outputs\sweep_n_fc_connectivity_n2000_mc20_20260831\connectivity\point_05,KF-DPC,86,4.3,-0.02136311690616623,0.1126287358668923
connectivity,0.02,p=0.02,5,D:\git\sim\outputs\sweep_n_fc_connectivity_n2000_mc20_20260831\connectivity\point_05,KF-DPC,87,4.3500000000000005,-0.02125419567880229,0.11183764938902144
connectivity,0.02,p=0.02,5,D:\git\sim\outputs\sweep_n_fc_connectivity_n2000_mc20_20260831\connectivity\point_05,KF-DPC,88,4.4,-0.021117008596798912,0.11122413172512555
connectivity,0.02,p=0.02,5,D:\git\sim\outputs\sweep_n_fc_connectivity_n2000_mc20_20260831\connectivity\point_05,KF-DPC,89,4.45,-0.02092576923490192,0.11042789397930797
connectivity,0.02,p=0.02,5,D:\git\sim\outputs\sweep_n_fc_connectivity_n2000_mc20_20260831\connectivity\point_05,KF-DPC,90,4.5,-0.020924760754502284,0.1102291291306752
connectivity,0.02,p=0.02,5,D:\git\sim\outputs\sweep_n_fc_connectivity_n2000_mc20_20260831\connectivity\point_05,KF-DPC,91,4.55,-0.020824221090628148,0.10958857313253875
connectivity,0.02,p=0.02,5,D:\git\sim\outputs\sweep_n_fc_connectivity_n2000_mc20_20260831\connectivity\point_05,KF-DPC,92,4.6000000000000005,-0.020787805632430933,0.10914947926382741
connectivity,0.02,p=0.02,5,D:\git\sim\outputs\sweep_n_fc_connectivity_n2000_mc20_20260831\connectivity\point_05,KF-DPC,93,4.65,-0.02066711555196942,0.10865669952529719
connectivity,0.02,p=0.02,5,D:\git\sim\outputs\sweep_n_fc_connectivity_n2000_mc20_20260831\connectivity\point_05,KF-DPC,94,4.7,-0.020548858421307097,0.1077885137086868
connectivity,0.02,p=0.02,5,D:\git\sim\outputs\sweep_n_fc_connectivity_n2000_mc20_20260831\connectivity\point_05,KF-DPC,95,4.75,-0.020458089697445447,0.10747030375820728
connectivity,0.02,p=0.02,5,D:\git\sim\outputs\sweep_n_fc_connectivity_n2000_mc20_20260831\connectivity\point_05,KF-DPC,96,4.800000000000001,-0.020340883957402404,0.10680544912128935
connectivity,0.02,p=0.02,5,D:\git\sim\outputs\sweep_n_fc_connectivity_n2000_mc20_20260831\connectivity\point_05,KF-DPC,97,4.8500000000000005,-0.02030473792215297,0.10637290243188946
connectivity,0.02,p=0.02,5,D:\git\sim\outputs\sweep_n_fc_connectivity_n2000_mc20_20260831\connectivity\point_05,KF-DPC,98,4.9,-0.020281065882192653,0.10612066272873766
connectivity,0.02,p=0.02,5,D:\git\sim\outputs\sweep_n_fc_connectivity_n2000_mc20_20260831\connectivity\point_05,KF-DPC,99,4.95,-0.020231357753097798,0.10573229459963292
connectivity,0.02,p=0.02,5,D:\git\sim\outputs\sweep_n_fc_connectivity_n2000_mc20_20260831\connectivity\point_05,KF-DPC,100,5.0,-0.020148662959332653,0.10532193643633385
connectivity,0.02,p=0.02,5,D:\git\sim\outputs\sweep_n_fc_connectivity_n2000_mc20_20260831\connectivity\point_05,KF-DPC,101,5.050000000000001,-0.02009402848154957,0.1048529245028588
connectivity,0.02,p=0.02,5,D:\git\sim\outputs\sweep_n_fc_connectivity_n2000_mc20_20260831\connectivity\point_05,KF-DPC,102,5.1000000000000005,-0.020067286223414874,0.1044994877608123
connectivity,0.02,p=0.02,5,D:\git\sim\outputs\sweep_n_fc_connectivity_n2000_mc20_20260831\connectivity\point_05,KF-DPC,103,5.15,-0.019976012345358014,0.10411218752107317
connectivity,0.02,p=0.02,5,D:\git\sim\outputs\sweep_n_fc_connectivity_n2000_mc20_20260831\connectivity\point_05,KF-DPC,104,5.2,-0.019818318937318113,0.10347154405052361
connectivity,0.02,p=0.02,5,D:\git\sim\outputs\sweep_n_fc_connectivity_n2000_mc20_20260831\connectivity\point_05,KF-DPC,105,5.25,-0.01985607700244598,0.10342970930484832
connectivity,0.02,p=0.02,5,D:\git\sim\outputs\sweep_n_fc_connectivity_n2000_mc20_20260831\connectivity\point_05,KF-DPC,106,5.300000000000001,-0.019729894544512995,0.10282694695349655
connectivity,0.02,p=0.02,5,D:\git\sim\outputs\sweep_n_fc_connectivity_n2000_mc20_20260831\connectivity\point_05,KF-DPC,107,5.3500000000000005,-0.01965952382868742,0.10235079774781689
connectivity,0.02,p=0.02,5,D:\git\sim\outputs\sweep_n_fc_connectivity_n2000_mc20_20260831\connectivity\point_05,KF-DPC,108,5.4,-0.019531930087379072,0.10177385365545617
connectivity,0.02,p=0.02,5,D:\git\sim\outputs\sweep_n_fc_connectivity_n2000_mc20_20260831\connectivity\point_05,KF-DPC,109,5.45,-0.01950395245779773,0.10127829415027281
connectivity,0.02,p=0.02,5,D:\git\sim\outputs\sweep_n_fc_connectivity_n2000_mc20_20260831\connectivity\point_05,KF-DPC,110,5.5,-0.019525740210043416,0.10114977318943993
connectivity,0.02,p=0.02,5,D:\git\sim\outputs\sweep_n_fc_connectivity_n2000_mc20_20260831\connectivity\point_05,KF-DPC,111,5.550000000000001,-0.019377119107218982,0.10055307892333284
connectivity,0.02,p=0.02,5,D:\git\sim\outputs\sweep_n_fc_connectivity_n2000_mc20_20260831\connectivity\point_05,KF-DPC,112,5.6000000000000005,-0.019293678273344963,0.1002196742956106
connectivity,0.02,p=0.02,5,D:\git\sim\outputs\sweep_n_fc_connectivity_n2000_mc20_20260831\connectivity\point_05,KF-DPC,113,5.65,-0.019257795307615663,0.09987318258955875
connectivity,0.02,p=0.02,5,D:\git\sim\outputs\sweep_n_fc_connectivity_n2000_mc20_20260831\connectivity\point_05,KF-DPC,114,5.7,-0.01915734861923065,0.09939720997277082
connectivity,0.02,p=0.02,5,D:\git\sim\outputs\sweep_n_fc_connectivity_n2000_mc20_20260831\connectivity\point_05,KF-DPC,115,5.75,-0.019138947271888588,0.09923003318987185
connectivity,0.02,p=0.02,5,D:\git\sim\outputs\sweep_n_fc_connectivity_n2000_mc20_20260831\connectivity\point_05,KF-DPC,116,5.800000000000001,-0.019168660158226696,0.09884407281275738
connectivity,0.02,p=0.02,5,D:\git\sim\outputs\sweep_n_fc_connectivity_n2000_mc20_20260831\connectivity\point_05,KF-DPC,117,5.8500000000000005,-0.019025164294909185,0.09836796528799269
connectivity,0.02,p=0.02,5,D:\git\sim\outputs\sweep_n_fc_connectivity_n2000_mc20_20260831\connectivity\point_05,KF-DPC,118,5.9,-0.018930961833787122,0.09796562897809487
connectivity,0.02,p=0.02,5,D:\git\sim\outputs\sweep_n_fc_connectivity_n2000_mc20_20260831\connectivity\point_05,KF-DPC,119,5.95,-0.018875355130676126,0.09712227496600337
connectivity,0.02,p=0.02,5,D:\git\sim\outputs\sweep_n_fc_connectivity_n2000_mc20_20260831\connectivity\point_05,KF-DPC,120,6.0,-0.01890551893239211,0.09711570027108632
connectivity,0.02,p=0.02,5,D:\git\sim\outputs\sweep_n_fc_connectivity_n2000_mc20_20260831\connectivity\point_05,KF-DPC,121,6.050000000000001,-0.018808421077343034,0.09691799913929389
connectivity,0.02,p=0.02,5,D:\git\sim\outputs\sweep_n_fc_connectivity_n2000_mc20_20260831\connectivity\point_05,KF-DPC,122,6.1000000000000005,-0.01873131770181231,0.09614525862143947
connectivity,0.02,p=0.02,5,D:\git\sim\outputs\sweep_n_fc_connectivity_n2000_mc20_20260831\connectivity\point_05,KF-DPC,123,6.15,-0.018669733544793572,0.09598980386685375
connectivity,0.02,p=0.02,5,D:\git\sim\outputs\sweep_n_fc_connectivity_n2000_mc20_20260831\connectivity\point_05,KF-DPC,124,6.2,-0.018609754192617883,0.0954450302859767
connectivity,0.02,p=0.02,5,D:\git\sim\outputs\sweep_n_fc_connectivity_n2000_mc20_20260831\connectivity\point_05,KF-DPC,125,6.25,-0.018529819028882746,0.09536793113112535
connectivity,0.02,p=0.02,5,D:\git\sim\outputs\sweep_n_fc_connectivity_n2000_mc20_20260831\connectivity\point_05,KF-DPC,126,6.300000000000001,-0.018497864623618392,0.09515847190225257
connectivity,0.02,p=0.02,5,D:\git\sim\outputs\sweep_n_fc_connectivity_n2000_mc20_20260831\connectivity\point_05,KF-DPC,127,6.3500000000000005,-0.018422099886932896,0.09462615474650915
connectivity,0.02,p=0.02,5,D:\git\sim\outputs\sweep_n_fc_connectivity_n2000_mc20_20260831\connectivity\point_05,KF-DPC,128,6.4,-0.018465991116420073,0.0946077926123847
connectivity,0.02,p=0.02,5,D:\git\sim\outputs\sweep_n_fc_connectivity_n2000_mc20_20260831\connectivity\point_05,KF-DPC,129,6.45,-0.018405847113987385,0.09405523791620526
connectivity,0.02,p=0.02,5,D:\git\sim\outputs\sweep_n_fc_connectivity_n2000_mc20_20260831\connectivity\point_05,KF-DPC,130,6.5,-0.018306035437332936,0.09375634325393377
connectivity,0.02,p=0.02,5,D:\git\sim\outputs\sweep_n_fc_connectivity_n2000_mc20_20260831\connectivity\point_05,KF-DPC,131,6.550000000000001,-0.01823501298438595,0.09309891717513438
connectivity,0.02,p=0.02,5,D:\git\sim\outputs\sweep_n_fc_connectivity_n2000_mc20_20260831\connectivity\point_05,KF-DPC,132,6.6000000000000005,-0.018198712916058273,0.09285162734765305
connectivity,0.02,p=0.02,5,D:\git\sim\outputs\sweep_n_fc_connectivity_n2000_mc20_20260831\connectivity\point_05,KF-DPC,133,6.65,-0.0181393804704697,0.09254687095325485
connectivity,0.02,p=0.02,5,D:\git\sim\outputs\sweep_n_fc_connectivity_n2000_mc20_20260831\connectivity\point_05,KF-DPC,134,6.7,-0.018172631956087426,0.092562753936657
connectivity,0.02,p=0.02,5,D:\git\sim\outputs\sweep_n_fc_connectivity_n2000_mc20_20260831\connectivity\point_05,KF-DPC,135,6.75,-0.018139062334837575,0.09215924990044636
connectivity,0.02,p=0.02,5,D:\git\sim\outputs\sweep_n_fc_connectivity_n2000_mc20_20260831\connectivity\point_05,KF-DPC,136,6.800000000000001,-0.018003647228873848,0.09165108605497665
connectivity,0.02,p=0.02,5,D:\git\sim\outputs\sweep_n_fc_connectivity_n2000_mc20_20260831\connectivity\point_05,KF-DPC,137,6.8500000000000005,-0.017990899724553852,0.09158861139752172
connectivity,0.02,p=0.02,5,D:\git\sim\outputs\sweep_n_fc_connectivity_n2000_mc20_20260831\connectivity\point_05,KF-DPC,138,6.9,-0.01798475760460801,0.09128280653909994
connectivity,0.02,p=0.02,5,D:\git\sim\outputs\sweep_n_fc_connectivity_n2000_mc20_20260831\connectivity\point_05,KF-DPC,139,6.95,-0.017925163820443315,0.09098364152794676
connectivity,0.02,p=0.02,5,D:\git\sim\outputs\sweep_n_fc_connectivity_n2000_mc20_20260831\connectivity\point_05,KF-DPC,140,7.0,-0.017849530083195016,0.09047948785845664
connectivity,0.02,p=0.02,5,D:\git\sim\outputs\sweep_n_fc_connectivity_n2000_mc20_20260831\connectivity\point_05,KF-DPC,141,7.050000000000001,-0.01788376934987507,0.09048144247401212
connectivity,0.02,p=0.02,5,D:\git\sim\outputs\sweep_n_fc_connectivity_n2000_mc20_20260831\connectivity\point_05,KF-DPC,142,7.1000000000000005,-0.017743290559524137,0.08994679536608262
connectivity,0.02,p=0.02,5,D:\git\sim\outputs\sweep_n_fc_connectivity_n2000_mc20_20260831\connectivity\point_05,KF-DPC,143,7.15,-0.01772960527656954,0.0896863267036466
connectivity,0.02,p=0.02,5,D:\git\sim\outputs\sweep_n_fc_connectivity_n2000_mc20_20260831\connectivity\point_05,KF-DPC,144,7.2,-0.01772183475328203,0.0897502074066451
connectivity,0.02,p=0.02,5,D:\git\sim\outputs\sweep_n_fc_connectivity_n2000_mc20_20260831\connectivity\point_05,KF-DPC,145,7.25,-0.017669688121509708,0.08922929741586857
connectivity,0.02,p=0.02,5,D:\git\sim\outputs\sweep_n_fc_connectivity_n2000_mc20_20260831\connectivity\point_05,KF-DPC,146,7.300000000000001,-0.017664343592140815,0.0888857976811427
connectivity,0.02,p=0.02,5,D:\git\sim\outputs\sweep_n_fc_connectivity_n2000_mc20_20260831\connectivity\point_05,KF-DPC,147,7.3500000000000005,-0.01760295070244907,0.08875804047351002
connectivity,0.02,p=0.02,5,D:\git\sim\outputs\sweep_n_fc_connectivity_n2000_mc20_20260831\connectivity\point_05,KF-DPC,148,7.4,-0.017555117526231213,0.08836005054230764
connectivity,0.02,p=0.02,5,D:\git\sim\outputs\sweep_n_fc_connectivity_n2000_mc20_20260831\connectivity\point_05,KF-DPC,149,7.45,-0.017506077299390625,0.08804938028454233
connectivity,0.02,p=0.02,5,D:\git\sim\outputs\sweep_n_fc_connectivity_n2000_mc20_20260831\connectivity\point_05,KF-DPC,150,7.5,-0.017483635428159873,0.08789960873273386
connectivity,0.02,p=0.02,5,D:\git\sim\outputs\sweep_n_fc_connectivity_n2000_mc20_20260831\connectivity\point_05,KF-DPC,151,7.550000000000001,-0.01750855332667123,0.08776312939075119
connectivity,0.02,p=0.02,5,D:\git\sim\outputs\sweep_n_fc_connectivity_n2000_mc20_20260831\connectivity\point_05,KF-DPC,152,7.6000000000000005,-0.017399271219130638,0.08737997838226667
connectivity,0.02,p=0.02,5,D:\git\sim\outputs\sweep_n_fc_connectivity_n2000_mc20_20260831\connectivity\point_05,KF-DPC,153,7.65,-0.017432146915065536,0.0872782323582614
connectivity,0.02,p=0.02,5,D:\git\sim\outputs\sweep_n_fc_connectivity_n2000_mc20_20260831\connectivity\point_05,KF-DPC,154,7.7,-0.01743054934510329,0.0869669466886415
connectivity,0.02,p=0.02,5,D:\git\sim\outputs\sweep_n_fc_connectivity_n2000_mc20_20260831\connectivity\point_05,KF-DPC,155,7.75,-0.017309149600362724,0.08664346576677653
connectivity,0.02,p=0.02,5,D:\git\sim\outputs\sweep_n_fc_connectivity_n2000_mc20_20260831\connectivity\point_05,KF-DPC,156,7.800000000000001,-0.017393364304335846,0.0867975117218294
connectivity,0.02,p=0.02,5,D:\git\sim\outputs\sweep_n_fc_connectivity_n2000_mc20_20260831\connectivity\point_05,KF-DPC,157,7.8500000000000005,-0.017330797400675772,0.08633533157425131
connectivity,0.02,p=0.02,5,D:\git\sim\outputs\sweep_n_fc_connectivity_n2000_mc20_20260831\connectivity\point_05,KF-DPC,158,7.9,-0.017298413177131593,0.0862890113546172
connectivity,0.02,p=0.02,5,D:\git\sim\outputs\sweep_n_fc_connectivity_n2000_mc20_20260831\connectivity\point_05,KF-DPC,159,7.95,-0.01726988824624377,0.08617700076652002
connectivity,0.02,p=0.02,5,D:\git\sim\outputs\sweep_n_fc_connectivity_n2000_mc20_20260831\connectivity\point_05,KF-DPC,160,8.0,-0.01725129232050408,0.08594826607578814
connectivity,0.02,p=0.02,5,D:\git\sim\outputs\sweep_n_fc_connectivity_n2000_mc20_20260831\connectivity\point_05,KF-DPC,161,8.05,-0.017185789531475447,0.08550296788190875
connectivity,0.02,p=0.02,5,D:\git\sim\outputs\sweep_n_fc_connectivity_n2000_mc20_20260831\connectivity\point_05,KF-DPC,162,8.1,-0.01723985853836964,0.08540285532485252
connectivity,0.02,p=0.02,5,D:\git\sim\outputs\sweep_n_fc_connectivity_n2000_mc20_20260831\connectivity\point_05,KF-DPC,163,8.15,-0.0171629317785084,0.0851663573195722
connectivity,0.02,p=0.02,5,D:\git\sim\outputs\sweep_n_fc_connectivity_n2000_mc20_20260831\connectivity\point_05,KF-DPC,164,8.200000000000001,-0.01716837649944202,0.08481716247932417
connectivity,0.02,p=0.02,5,D:\git\sim\outputs\sweep_n_fc_connectivity_n2000_mc20_20260831\connectivity\point_05,KF-DPC,165,8.25,-0.017139602461439973,0.08483457792144995
connectivity,0.02,p=0.02,5,D:\git\sim\outputs\sweep_n_fc_connectivity_n2000_mc20_20260831\connectivity\point_05,KF-DPC,166,8.3,-0.017123698301814767,0.08486389029574545
connectivity,0.02,p=0.02,5,D:\git\sim\outputs\sweep_n_fc_connectivity_n2000_mc20_20260831\connectivity\point_05,KF-DPC,167,8.35,-0.01712832531276237,0.08464895953367987
connectivity,0.02,p=0.02,5,D:\git\sim\outputs\sweep_n_fc_connectivity_n2000_mc20_20260831\connectivity\point_05,KF-DPC,168,8.4,-0.01703850001814932,0.0841963486733161
connectivity,0.02,p=0.02,5,D:\git\sim\outputs\sweep_n_fc_connectivity_n2000_mc20_20260831\connectivity\point_05,KF-DPC,169,8.450000000000001,-0.01701767750184445,0.08402635544938013
connectivity,0.02,p=0.02,5,D:\git\sim\outputs\sweep_n_fc_connectivity_n2000_mc20_20260831\connectivity\point_05,KF-DPC,170,8.5,-0.01704366516414007,0.08402611152819335
connectivity,0.02,p=0.02,5,D:\git\sim\outputs\sweep_n_fc_connectivity_n2000_mc20_20260831\connectivity\point_05,KF-DPC,171,8.55,-0.01701537526086909,0.08379684809811541
connectivity,0.02,p=0.02,5,D:\git\sim\outputs\sweep_n_fc_connectivity_n2000_mc20_20260831\connectivity\point_05,KF-DPC,172,8.6,-0.01700384424177924,0.08377118115222484
connectivity,0.02,p=0.02,5,D:\git\sim\outputs\sweep_n_fc_connectivity_n2000_mc20_20260831\connectivity\point_05,KF-DPC,173,8.65,-0.016893750508103406,0.08325543781880371
connectivity,0.02,p=0.02,5,D:\git\sim\outputs\sweep_n_fc_connectivity_n2000_mc20_20260831\connectivity\point_05,KF-DPC,174,8.700000000000001,-0.016905616984288538,0.08306139414984193
connectivity,0.02,p=0.02,5,D:\git\sim\outputs\sweep_n_fc_connectivity_n2000_mc20_20260831\connectivity\point_05,KF-DPC,175,8.75,-0.01689851625224593,0.08292091307983789
connectivity,0.02,p=0.02,5,D:\git\sim\outputs\sweep_n_fc_connectivity_n2000_mc20_20260831\connectivity\point_05,KF-DPC,176,8.8,-0.016877699573484558,0.08298037004874699
connectivity,0.02,p=0.02,5,D:\git\sim\outputs\sweep_n_fc_connectivity_n2000_mc20_20260831\connectivity\point_05,KF-DPC,177,8.85,-0.01683847341269639,0.0824782121638625
connectivity,0.02,p=0.02,5,D:\git\sim\outputs\sweep_n_fc_connectivity_n2000_mc20_20260831\connectivity\point_05,KF-DPC,178,8.9,-0.016819918834199678,0.08263173518493694
connectivity,0.02,p=0.02,5,D:\git\sim\outputs\sweep_n_fc_connectivity_n2000_mc20_20260831\connectivity\point_05,KF-DPC,179,8.950000000000001,-0.01676648701122517,0.08226434160343365
connectivity,0.02,p=0.02,5,D:\git\sim\outputs\sweep_n_fc_connectivity_n2000_mc20_20260831\connectivity\point_05,KF-DPC,180,9.0,-0.016814070837652108,0.0822407235331786
connectivity,0.02,p=0.02,5,D:\git\sim\outputs\sweep_n_fc_connectivity_n2000_mc20_20260831\connectivity\point_05,KF-DPC,181,9.05,-0.01676133803594355,0.08196134336691228
connectivity,0.02,p=0.02,5,D:\git\sim\outputs\sweep_n_fc_connectivity_n2000_mc20_20260831\connectivity\point_05,KF-DPC,182,9.1,-0.01681407926652105,0.08169503802779503
connectivity,0.02,p=0.02,5,D:\git\sim\outputs\sweep_n_fc_connectivity_n2000_mc20_20260831\connectivity\point_05,KF-DPC,183,9.15,-0.016758405752571398,0.08172923771623022
connectivity,0.02,p=0.02,5,D:\git\sim\outputs\sweep_n_fc_connectivity_n2000_mc20_20260831\connectivity\point_05,KF-DPC,184,9.200000000000001,-0.016698611605432945,0.08137958926762737
connectivity,0.02,p=0.02,5,D:\git\sim\outputs\sweep_n_fc_connectivity_n2000_mc20_20260831\connectivity\point_05,KF-DPC,185,9.25,-0.0166598196227375,0.08134448739598514
connectivity,0.02,p=0.02,5,D:\git\sim\outputs\sweep_n_fc_connectivity_n2000_mc20_20260831\connectivity\point_05,KF-DPC,186,9.3,-0.016655578659567433,0.08107046549785704
connectivity,0.02,p=0.02,5,D:\git\sim\outputs\sweep_n_fc_connectivity_n2000_mc20_20260831\connectivity\point_05,KF-DPC,187,9.35,-0.0166386230792966,0.08093580680394416
connectivity,0.02,p=0.02,5,D:\git\sim\outputs\sweep_n_fc_connectivity_n2000_mc20_20260831\connectivity\point_05,KF-DPC,188,9.4,-0.01661816321194259,0.08101549554023947
connectivity,0.02,p=0.02,5,D:\git\sim\outputs\sweep_n_fc_connectivity_n2000_mc20_20260831\connectivity\point_05,KF-DPC,189,9.450000000000001,-0.01661142534819402,0.08078702771276955
connectivity,0.02,p=0.02,5,D:\git\sim\outputs\sweep_n_fc_connectivity_n2000_mc20_20260831\connectivity\point_05,KF-DPC,190,9.5,-0.01659645103196925,0.08073725170686295
connectivity,0.02,p=0.02,5,D:\git\sim\outputs\sweep_n_fc_connectivity_n2000_mc20_20260831\connectivity\point_05,KF-DPC,191,9.55,-0.016547374420821423,0.08052773526776423
connectivity,0.02,p=0.02,5,D:\git\sim\outputs\sweep_n_fc_connectivity_n2000_mc20_20260831\connectivity\point_05,KF-DPC,192,9.600000000000001,-0.01655273211596031,0.0804341716007467
connectivity,0.02,p=0.02,5,D:\git\sim\outputs\sweep_n_fc_connectivity_n2000_mc20_20260831\connectivity\point_05,KF-DPC,193,9.65,-0.01649753729538383,0.08037592816818075
connectivity,0.02,p=0.02,5,D:\git\sim\outputs\sweep_n_fc_connectivity_n2000_mc20_20260831\connectivity\point_05,KF-DPC,194,9.700000000000001,-0.01647599939195875,0.07986190248047327
connectivity,0.02,p=0.02,5,D:\git\sim\outputs\sweep_n_fc_connectivity_n2000_mc20_20260831\connectivity\point_05,KF-DPC,195,9.75,-0.016476311332411505,0.07987316203868908
connectivity,0.02,p=0.02,5,D:\git\sim\outputs\sweep_n_fc_connectivity_n2000_mc20_20260831\connectivity\point_05,KF-DPC,196,9.8,-0.016471617995563976,0.07984210976113594
connectivity,0.02,p=0.02,5,D:\git\sim\outputs\sweep_n_fc_connectivity_n2000_mc20_20260831\connectivity\point_05,KF-DPC,197,9.850000000000001,-0.01640797619414344,0.07945462757936525
connectivity,0.02,p=0.02,5,D:\git\sim\outputs\sweep_n_fc_connectivity_n2000_mc20_20260831\connectivity\point_05,KF-DPC,198,9.9,-0.016450068577076885,0.07957397252450917
connectivity,0.02,p=0.02,5,D:\git\sim\outputs\sweep_n_fc_connectivity_n2000_mc20_20260831\connectivity\point_05,KF-DPC,199,9.950000000000001,-0.016419894154895597,0.07950672214026674
connectivity,0.02,p=0.02,5,D:\git\sim\outputs\sweep_n_fc_connectivity_n2000_mc20_20260831\connectivity\point_05,KF-DPC,200,10.0,-0.01642651598657507,0.07925542831858551
connectivity,0.02,p=0.02,5,D:\git\sim\outputs\sweep_n_fc_connectivity_n2000_mc20_20260831\connectivity\point_05,KF-DPC,201,10.05,-0.01633524710211074,0.07894634063232597
connectivity,0.02,p=0.02,5,D:\git\sim\outputs\sweep_n_fc_connectivity_n2000_mc20_20260831\connectivity\point_05,KF-DPC,202,10.100000000000001,-0.01636935122967743,0.07913666792561816
connectivity,0.02,p=0.02,5,D:\git\sim\outputs\sweep_n_fc_connectivity_n2000_mc20_20260831\connectivity\point_05,KF-DPC,203,10.15,-0.016380874203569148,0.07881842792700462
connectivity,0.02,p=0.02,5,D:\git\sim\outputs\sweep_n_fc_connectivity_n2000_mc20_20260831\connectivity\point_05,KF-DPC,204,10.200000000000001,-0.01643429654454025,0.07912632014185553
connectivity,0.02,p=0.02,5,D:\git\sim\outputs\sweep_n_fc_connectivity_n2000_mc20_20260831\connectivity\point_05,KF-DPC,205,10.25,-0.016374729351885886,0.07886900792860124
connectivity,0.02,p=0.02,5,D:\git\sim\outputs\sweep_n_fc_connectivity_n2000_mc20_20260831\connectivity\point_05,KF-DPC,206,10.3,-0.01631298337178694,0.0783264772275464
connectivity,0.02,p=0.02,5,D:\git\sim\outputs\sweep_n_fc_connectivity_n2000_mc20_20260831\connectivity\point_05,KF-DPC,207,10.350000000000001,-0.016338439336729738,0.0784192008387568
connectivity,0.02,p=0.02,5,D:\git\sim\outputs\sweep_n_fc_connectivity_n2000_mc20_20260831\connectivity\point_05,KF-DPC,208,10.4,-0.016317818677066515,0.078370166243133
connectivity,0.02,p=0.02,5,D:\git\sim\outputs\sweep_n_fc_connectivity_n2000_mc20_20260831\connectivity\point_05,KF-DPC,209,10.450000000000001,-0.016318068356714205,0.07811536280338774
connectivity,0.02,p=0.02,5,D:\git\sim\outputs\sweep_n_fc_connectivity_n2000_mc20_20260831\connectivity\point_05,KF-DPC,210,10.5,-0.016287076862947666,0.07808921001010384
connectivity,0.02,p=0.02,5,D:\git\sim\outputs\sweep_n_fc_connectivity_n2000_mc20_20260831\connectivity\point_05,KF-DPC,211,10.55,-0.016285050428703363,0.07788299694184549
connectivity,0.02,p=0.02,5,D:\git\sim\outputs\sweep_n_fc_connectivity_n2000_mc20_20260831\connectivity\point_05,KF-DPC,212,10.600000000000001,-0.01629357175272415,0.07803493773836771
connectivity,0.02,p=0.02,5,D:\git\sim\outputs\sweep_n_fc_connectivity_n2000_mc20_20260831\connectivity\point_05,KF-DPC,213,10.65,-0.01629455417842531,0.07799893447412196
connectivity,0.02,p=0.02,5,D:\git\sim\outputs\sweep_n_fc_connectivity_n2000_mc20_20260831\connectivity\point_05,KF-DPC,214,10.700000000000001,-0.016247272815038995,0.07765829428313267
connectivity,0.02,p=0.02,5,D:\git\sim\outputs\sweep_n_fc_connectivity_n2000_mc20_20260831\connectivity\point_05,KF-DPC,215,10.75,-0.01623751479629077,0.0776962683336068
connectivity,0.02,p=0.02,5,D:\git\sim\outputs\sweep_n_fc_connectivity_n2000_mc20_20260831\connectivity\point_05,KF-DPC,216,10.8,-0.016214604248324712,0.07755936533964938
connectivity,0.02,p=0.02,5,D:\git\sim\outputs\sweep_n_fc_connectivity_n2000_mc20_20260831\connectivity\point_05,KF-DPC,217,10.850000000000001,-0.016198865090485667,0.0772879540696465
connectivity,0.02,p=0.02,5,D:\git\sim\outputs\sweep_n_fc_connectivity_n2000_mc20_20260831\connectivity\point_05,KF-DPC,218,10.9,-0.016162816745387543,0.07741368373894625
connectivity,0.02,p=0.02,5,D:\git\sim\outputs\sweep_n_fc_connectivity_n2000_mc20_20260831\connectivity\point_05,KF-DPC,219,10.950000000000001,-0.0161804491750933,0.07723077031723068
connectivity,0.02,p=0.02,5,D:\git\sim\outputs\sweep_n_fc_connectivity_n2000_mc20_20260831\connectivity\point_05,KF-DPC,220,11.0,-0.016177580193592226,0.07708496866590588
connectivity,0.02,p=0.02,5,D:\git\sim\outputs\sweep_n_fc_connectivity_n2000_mc20_20260831\connectivity\point_05,KF-DPC,221,11.05,-0.016255804020316095,0.0773745972482788
connectivity,0.02,p=0.02,5,D:\git\sim\outputs\sweep_n_fc_connectivity_n2000_mc20_20260831\connectivity\point_05,KF-DPC,222,11.100000000000001,-0.016224404523232608,0.07715833206261005
connectivity,0.02,p=0.02,5,D:\git\sim\outputs\sweep_n_fc_connectivity_n2000_mc20_20260831\connectivity\point_05,KF-DPC,223,11.15,-0.01618130384592001,0.07696534571629207
connectivity,0.02,p=0.02,5,D:\git\sim\outputs\sweep_n_fc_connectivity_n2000_mc20_20260831\connectivity\point_05,KF-DPC,224,11.200000000000001,-0.01617197754963376,0.07700249067029105
connectivity,0.02,p=0.02,5,D:\git\sim\outputs\sweep_n_fc_connectivity_n2000_mc20_20260831\connectivity\point_05,KF-DPC,225,11.25,-0.016135950326863154,0.07680508398993573
connectivity,0.02,p=0.02,5,D:\git\sim\outputs\sweep_n_fc_connectivity_n2000_mc20_20260831\connectivity\point_05,KF-DPC,226,11.3,-0.01614604946184487,0.07675567134823845
connectivity,0.02,p=0.02,5,D:\git\sim\outputs\sweep_n_fc_connectivity_n2000_mc20_20260831\connectivity\point_05,KF-DPC,227,11.350000000000001,-0.016127504638628314,0.07678935210885343
connectivity,0.02,p=0.02,5,D:\git\sim\outputs\sweep_n_fc_connectivity_n2000_mc20_20260831\connectivity\point_05,KF-DPC,228,11.4,-0.016123435640751745,0.07665426141972438
connectivity,0.02,p=0.02,5,D:\git\sim\outputs\sweep_n_fc_connectivity_n2000_mc20_20260831\connectivity\point_05,KF-DPC,229,11.450000000000001,-0.016166355270766573,0.07681101222697613
connectivity,0.02,p=0.02,5,D:\git\sim\outputs\sweep_n_fc_connectivity_n2000_mc20_20260831\connectivity\point_05,KF-DPC,230,11.5,-0.016107410704393366,0.07653813814064998
connectivity,0.02,p=0.02,5,D:\git\sim\outputs\sweep_n_fc_connectivity_n2000_mc20_20260831\connectivity\point_05,KF-DPC,231,11.55,-0.016194658135068558,0.07677929752901598
connectivity,0.02,p=0.02,5,D:\git\sim\outputs\sweep_n_fc_connectivity_n2000_mc20_20260831\connectivity\point_05,KF-DPC,232,11.600000000000001,-0.016095603443742692,0.07645073136011152
connectivity,0.02,p=0.02,5,D:\git\sim\outputs\sweep_n_fc_connectivity_n2000_mc20_20260831\connectivity\point_05,KF-DPC,233,11.65,-0.016116162968853265,0.07643346285587879
connectivity,0.02,p=0.02,5,D:\git\sim\outputs\sweep_n_fc_connectivity_n2000_mc20_20260831\connectivity\point_05,KF-DPC,234,11.700000000000001,-0.0160818249050479,0.07623781338534624
connectivity,0.02,p=0.02,5,D:\git\sim\outputs\sweep_n_fc_connectivity_n2000_mc20_20260831\connectivity\point_05,KF-DPC,235,11.75,-0.01610835206503299,0.07612315761150243
connectivity,0.02,p=0.02,5,D:\git\sim\outputs\sweep_n_fc_connectivity_n2000_mc20_20260831\connectivity\point_05,KF-DPC,236,11.8,-0.0161084791008567,0.07632503638982295
connectivity,0.02,p=0.02,5,D:\git\sim\outputs\sweep_n_fc_connectivity_n2000_mc20_20260831\connectivity\point_05,KF-DPC,237,11.850000000000001,-0.016069422431310494,0.07594387892871458
connectivity,0.02,p=0.02,5,D:\git\sim\outputs\sweep_n_fc_connectivity_n2000_mc20_20260831\connectivity\point_05,KF-DPC,238,11.9,-0.01607723575872596,0.0761369237312439
connectivity,0.02,p=0.02,5,D:\git\sim\outputs\sweep_n_fc_connectivity_n2000_mc20_20260831\connectivity\point_05,KF-DPC,239,11.950000000000001,-0.016057238517575102,0.07609893726109088
connectivity,0.05,p=0.05,6,D:\git\sim\outputs\sweep_n_fc_connectivity_n2000_mc20_20260831\connectivity\point_06,DPC,0,0.0,-0.877220070674136,1.0666963966038872
connectivity,0.05,p=0.05,6,D:\git\sim\outputs\sweep_n_fc_connectivity_n2000_mc20_20260831\connectivity\point_06,DPC,1,0.05,-0.8760548974036743,1.06686875364482
connectivity,0.05,p=0.05,6,D:\git\sim\outputs\sweep_n_fc_connectivity_n2000_mc20_20260831\connectivity\point_06,DPC,2,0.1,-0.855508425002932,1.0538430348865355
connectivity,0.05,p=0.05,6,D:\git\sim\outputs\sweep_n_fc_connectivity_n2000_mc20_20260831\connectivity\point_06,DPC,3,0.15000000000000002,-0.8444061963762006,1.0469165736702535
connectivity,0.05,p=0.05,6,D:\git\sim\outputs\sweep_n_fc_connectivity_n2000_mc20_20260831\connectivity\point_06,DPC,4,0.2,-0.8382286163970274,1.043549860472992
connectivity,0.05,p=0.05,6,D:\git\sim\outputs\sweep_n_fc_connectivity_n2000_mc20_20260831\connectivity\point_06,DPC,5,0.25,-0.8253454171833801,1.0334074953694399
connectivity,0.05,p=0.05,6,D:\git\sim\outputs\sweep_n_fc_connectivity_n2000_mc20_20260831\connectivity\point_06,DPC,6,0.30000000000000004,-0.8273774956565855,1.0354244312575225
connectivity,0.05,p=0.05,6,D:\git\sim\outputs\sweep_n_fc_connectivity_n2000_mc20_20260831\connectivity\point_06,DPC,7,0.35000000000000003,-0.809357746364337,1.0234430173822884
connectivity,0.05,p=0.05,6,D:\git\sim\outputs\sweep_n_fc_connectivity_n2000_mc20_20260831\connectivity\point_06,DPC,8,0.4,-0.8074312445466246,1.0229856930522676
connectivity,0.05,p=0.05,6,D:\git\sim\outputs\sweep_n_fc_connectivity_n2000_mc20_20260831\connectivity\point_06,DPC,9,0.45,-0.8094598018150878,1.0229609721866189
connectivity,0.05,p=0.05,6,D:\git\sim\outputs\sweep_n_fc_connectivity_n2000_mc20_20260831\connectivity\point_06,DPC,10,0.5,-0.8084159029180183,1.0235471786256274
connectivity,0.05,p=0.05,6,D:\git\sim\outputs\sweep_n_fc_connectivity_n2000_mc20_20260831\connectivity\point_06,DPC,11,0.55,-0.7994351180226014,1.017018834929393
connectivity,0.05,p=0.05,6,D:\git\sim\outputs\sweep_n_fc_connectivity_n2000_mc20_20260831\connectivity\point_06,DPC,12,0.6000000000000001,-0.8028917761703356,1.0184641784566542
connectivity,0.05,p=0.05,6,D:\git\sim\outputs\sweep_n_fc_connectivity_n2000_mc20_20260831\connectivity\point_06,DPC,13,0.65,-0.7983646370666799,1.0161194659085857
connectivity,0.05,p=0.05,6,D:\git\sim\outputs\sweep_n_fc_connectivity_n2000_mc20_20260831\connectivity\point_06,DPC,14,0.7000000000000001,-0.7997120891708607,1.0186694410989203
connectivity,0.05,p=0.05,6,D:\git\sim\outputs\sweep_n_fc_connectivity_n2000_mc20_20260831\connectivity\point_06,DPC,15,0.75,-0.7920950761146061,1.0137981392772084
connectivity,0.05,p=0.05,6,D:\git\sim\outputs\sweep_n_fc_connectivity_n2000_mc20_20260831\connectivity\point_06,DPC,16,0.8,-0.802460699027317,1.0180640316455927
connectivity,0.05,p=0.05,6,D:\git\sim\outputs\sweep_n_fc_connectivity_n2000_mc20_20260831\connectivity\point_06,DPC,17,0.8500000000000001,-0.7901852271359606,1.0112448273258705
connectivity,0.05,p=0.05,6,D:\git\sim\outputs\sweep_n_fc_connectivity_n2000_mc20_20260831\connectivity\point_06,DPC,18,0.9,-0.7897982206325207,1.010265363638653
connectivity,0.05,p=0.05,6,D:\git\sim\outputs\sweep_n_fc_connectivity_n2000_mc20_20260831\connectivity\point_06,DPC,19,0.9500000000000001,-0.7991075495554287,1.0175100560803778
connectivity,0.05,p=0.05,6,D:\git\sim\outputs\sweep_n_fc_connectivity_n2000_mc20_20260831\connectivity\point_06,DPC,20,1.0,-0.786179751212906,1.0085347851216948
connectivity,0.05,p=0.05,6,D:\git\sim\outputs\sweep_n_fc_connectivity_n2000_mc20_20260831\connectivity\point_06,DPC,21,1.05,-0.7920981639130587,1.0117684200210673
connectivity,0.05,p=0.05,6,D:\git\sim\outputs\sweep_n_fc_connectivity_n2000_mc20_20260831\connectivity\point_06,DPC,22,1.1,-0.7932801936511322,1.0129411013474015
connectivity,0.05,p=0.05,6,D:\git\sim\outputs\sweep_n_fc_connectivity_n2000_mc20_20260831\connectivity\point_06,DPC,23,1.1500000000000001,-0.7904649330349539,1.0124856764326169
connectivity,0.05,p=0.05,6,D:\git\sim\outputs\sweep_n_fc_connectivity_n2000_mc20_20260831\connectivity\point_06,DPC,24,1.2000000000000002,-0.7875795012605268,1.01024059391729
connectivity,0.05,p=0.05,6,D:\git\sim\outputs\sweep_n_fc_connectivity_n2000_mc20_20260831\connectivity\point_06,DPC,25,1.25,-0.7850131696453133,1.0081351002154229
connectivity,0.05,p=0.05,6,D:\git\sim\outputs\sweep_n_fc_connectivity_n2000_mc20_20260831\connectivity\point_06,DPC,26,1.3,-0.7892724386095695,1.01026132360307
connectivity,0.05,p=0.05,6,D:\git\sim\outputs\sweep_n_fc_connectivity_n2000_mc20_20260831\connectivity\point_06,DPC,27,1.35,-0.791543538271341,1.0115305519313706
connectivity,0.05,p=0.05,6,D:\git\sim\outputs\sweep_n_fc_connectivity_n2000_mc20_20260831\connectivity\point_06,DPC,28,1.4000000000000001,-0.781557617996679,1.00607456831604
connectivity,0.05,p=0.05,6,D:\git\sim\outputs\sweep_n_fc_connectivity_n2000_mc20_20260831\connectivity\point_06,DPC,29,1.4500000000000002,-0.7788374430575709,1.0039122229816464
connectivity,0.05,p=0.05,6,D:\git\sim\outputs\sweep_n_fc_connectivity_n2000_mc20_20260831\connectivity\point_06,DPC,30,1.5,-0.7935268430177754,1.0126912052814663
connectivity,0.05,p=0.05,6,D:\git\sim\outputs\sweep_n_fc_connectivity_n2000_mc20_20260831\connectivity\point_06,DPC,31,1.55,-0.7895569464227676,1.009989124976112
connectivity,0.05,p=0.05,6,D:\git\sim\outputs\sweep_n_fc_connectivity_n2000_mc20_20260831\connectivity\point_06,DPC,32,1.6,-0.7836280736650182,1.0074046974359088
connectivity,0.05,p=0.05,6,D:\git\sim\outputs\sweep_n_fc_connectivity_n2000_mc20_20260831\connectivity\point_06,DPC,33,1.6500000000000001,-0.7838271743399007,1.0065914973495567
connectivity,0.05,p=0.05,6,D:\git\sim\outputs\sweep_n_fc_connectivity_n2000_mc20_20260831\connectivity\point_06,DPC,34,1.7000000000000002,-0.7847351189925728,1.0077041450186444
connectivity,0.05,p=0.05,6,D:\git\sim\outputs\sweep_n_fc_connectivity_n2000_mc20_20260831\connectivity\point_06,DPC,35,1.75,-0.7766964812051614,1.0029038707191786
connectivity,0.05,p=0.05,6,D:\git\sim\outputs\sweep_n_fc_connectivity_n2000_mc20_20260831\connectivity\point_06,DPC,36,1.8,-0.7817619728688529,1.0053529618854544
connectivity,0.05,p=0.05,6,D:\git\sim\outputs\sweep_n_fc_connectivity_n2000_mc20_20260831\connectivity\point_06,DPC,37,1.85,-0.7801021429625115,1.0053616265987557
connectivity,0.05,p=0.05,6,D:\git\sim\outputs\sweep_n_fc_connectivity_n2000_mc20_20260831\connectivity\point_06,DPC,38,1.9000000000000001,-0.7804509267824475,1.004957480536534
connectivity,0.05,p=0.05,6,D:\git\sim\outputs\sweep_n_fc_connectivity_n2000_mc20_20260831\connectivity\point_06,DPC,39,1.9500000000000002,-0.7729505468593502,1.0009379008340231
connectivity,0.05,p=0.05,6,D:\git\sim\outputs\sweep_n_fc_connectivity_n2000_mc20_20260831\connectivity\point_06,DPC,40,2.0,-0.7794539517246744,1.003316597386262
connectivity,0.05,p=0.05,6,D:\git\sim\outputs\sweep_n_fc_connectivity_n2000_mc20_20260831\connectivity\point_06,DPC,41,2.0500000000000003,-0.7727480426356821,0.9997884563878434
connectivity,0.05,p=0.05,6,D:\git\sim\outputs\sweep_n_fc_connectivity_n2000_mc20_20260831\connectivity\point_06,DPC,42,2.1,-0.7907682436611968,1.011199826626137
connectivity,0.05,p=0.05,6,D:\git\sim\outputs\sweep_n_fc_connectivity_n2000_mc20_20260831\connectivity\point_06,DPC,43,2.15,-0.7837087104613198,1.0086988408074273
connectivity,0.05,p=0.05,6,D:\git\sim\outputs\sweep_n_fc_connectivity_n2000_mc20_20260831\connectivity\point_06,DPC,44,2.2,-0.7805756283989222,1.0052253436643435
connectivity,0.05,p=0.05,6,D:\git\sim\outputs\sweep_n_fc_connectivity_n2000_mc20_20260831\connectivity\point_06,DPC,45,2.25,-0.7739163301690128,1.0002871090454528
connectivity,0.05,p=0.05,6,D:\git\sim\outputs\sweep_n_fc_connectivity_n2000_mc20_20260831\connectivity\point_06,DPC,46,2.3000000000000003,-0.7715710688513898,0.9994047434708611
connectivity,0.05,p=0.05,6,D:\git\sim\outputs\sweep_n_fc_connectivity_n2000_mc20_20260831\connectivity\point_06,DPC,47,2.35,-0.7831283982893146,1.0067207621276855
connectivity,0.05,p=0.05,6,D:\git\sim\outputs\sweep_n_fc_connectivity_n2000_mc20_20260831\connectivity\point_06,DPC,48,2.4000000000000004,-0.7863201636310166,1.0092396873635243
connectivity,0.05,p=0.05,6,D:\git\sim\outputs\sweep_n_fc_connectivity_n2000_mc20_20260831\connectivity\point_06,DPC,49,2.45,-0.7752875779972062,1.0015918972805056
connectivity,0.05,p=0.05,6,D:\git\sim\outputs\sweep_n_fc_connectivity_n2000_mc20_20260831\connectivity\point_06,DPC,50,2.5,-0.7856980321334378,1.0075625122962655
connectivity,0.05,p=0.05,6,D:\git\sim\outputs\sweep_n_fc_connectivity_n2000_mc20_20260831\connectivity\point_06,DPC,51,2.5500000000000003,-0.7782883397782441,1.0038284460786167
connectivity,0.05,p=0.05,6,D:\git\sim\outputs\sweep_n_fc_connectivity_n2000_mc20_20260831\connectivity\point_06,DPC,52,2.6,-0.7837053857079577,1.0072349294849265
connectivity,0.05,p=0.05,6,D:\git\sim\outputs\sweep_n_fc_connectivity_n2000_mc20_20260831\connectivity\point_06,DPC,53,2.6500000000000004,-0.7773647114036241,1.0026208107855976
connectivity,0.05,p=0.05,6,D:\git\sim\outputs\sweep_n_fc_connectivity_n2000_mc20_20260831\connectivity\point_06,DPC,54,2.7,-0.7782619969803053,1.0033657563140923
connectivity,0.05,p=0.05,6,D:\git\sim\outputs\sweep_n_fc_connectivity_n2000_mc20_20260831\connectivity\point_06,DPC,55,2.75,-0.7671959866673235,0.9962315439693976
connectivity,0.05,p=0.05,6,D:\git\sim\outputs\sweep_n_fc_connectivity_n2000_mc20_20260831\connectivity\point_06,DPC,56,2.8000000000000003,-0.7874904821392109,1.0084693825562927
connectivity,0.05,p=0.05,6,D:\git\sim\outputs\sweep_n_fc_connectivity_n2000_mc20_20260831\connectivity\point_06,DPC,57,2.85,-0.779344789939662,1.0035641133464752
connectivity,0.05,p=0.05,6,D:\git\sim\outputs\sweep_n_fc_connectivity_n2000_mc20_20260831\connectivity\point_06,DPC,58,2.9000000000000004,-0.7820224860302462,1.0062481310382232
connectivity,0.05,p=0.05,6,D:\git\sim\outputs\sweep_n_fc_connectivity_n2000_mc20_20260831\connectivity\point_06,DPC,59,2.95,-0.7802654411924266,1.0049172304215719
connectivity,0.05,p=0.05,6,D:\git\sim\outputs\sweep_n_fc_connectivity_n2000_mc20_20260831\connectivity\point_06,DPC,60,3.0,-0.7768750354824219,1.0032050016363636
connectivity,0.05,p=0.05,6,D:\git\sim\outputs\sweep_n_fc_connectivity_n2000_mc20_20260831\connectivity\point_06,DPC,61,3.0500000000000003,-0.784023828177651,1.0067983725320322
connectivity,0.05,p=0.05,6,D:\git\sim\outputs\sweep_n_fc_connectivity_n2000_mc20_20260831\connectivity\point_06,DPC,62,3.1,-0.7832994738778671,1.0064221087607526
connectivity,0.05,p=0.05,6,D:\git\sim\outputs\sweep_n_fc_connectivity_n2000_mc20_20260831\connectivity\point_06,DPC,63,3.1500000000000004,-0.7720878862425034,0.9992914927122459
connectivity,0.05,p=0.05,6,D:\git\sim\outputs\sweep_n_fc_connectivity_n2000_mc20_20260831\connectivity\point_06,DPC,64,3.2,-0.7857490855517162,1.0079698944671407
connectivity,0.05,p=0.05,6,D:\git\sim\outputs\sweep_n_fc_connectivity_n2000_mc20_20260831\connectivity\point_06,DPC,65,3.25,-0.7835156887076339,1.0057536844172412
connectivity,0.05,p=0.05,6,D:\git\sim\outputs\sweep_n_fc_connectivity_n2000_mc20_20260831\connectivity\point_06,DPC,66,3.3000000000000003,-0.7700769576187817,0.998133928093982
connectivity,0.05,p=0.05,6,D:\git\sim\outputs\sweep_n_fc_connectivity_n2000_mc20_20260831\connectivity\point_06,DPC,67,3.35,-0.7774831378416652,1.0032502601429856
connectivity,0.05,p=0.05,6,D:\git\sim\outputs\sweep_n_fc_connectivity_n2000_mc20_20260831\connectivity\point_06,DPC,68,3.4000000000000004,-0.776855083619608,1.0011276066177692
connectivity,0.05,p=0.05,6,D:\git\sim\outputs\sweep_n_fc_connectivity_n2000_mc20_20260831\connectivity\point_06,DPC,69,3.45,-0.7807228911218591,1.0049129188434656
connectivity,0.05,p=0.05,6,D:\git\sim\outputs\sweep_n_fc_connectivity_n2000_mc20_20260831\connectivity\point_06,DPC,70,3.5,-0.783473397589468,1.0071973149290812
connectivity,0.05,p=0.05,6,D:\git\sim\outputs\sweep_n_fc_connectivity_n2000_mc20_20260831\connectivity\point_06,DPC,71,3.5500000000000003,-0.779890141414261,1.0043162538228274
connectivity,0.05,p=0.05,6,D:\git\sim\outputs\sweep_n_fc_connectivity_n2000_mc20_20260831\connectivity\point_06,DPC,72,3.6,-0.7762063278317677,1.0017926226814358
connectivity,0.05,p=0.05,6,D:\git\sim\outputs\sweep_n_fc_connectivity_n2000_mc20_20260831\connectivity\point_06,DPC,73,3.6500000000000004,-0.7716120435280516,0.9992814359284636
connectivity,0.05,p=0.05,6,D:\git\sim\outputs\sweep_n_fc_connectivity_n2000_mc20_20260831\connectivity\point_06,DPC,74,3.7,-0.7806023254824718,1.0045258328144782
connectivity,0.05,p=0.05,6,D:\git\sim\outputs\sweep_n_fc_connectivity_n2000_mc20_20260831\connectivity\point_06,DPC,75,3.75,-0.7893111097579651,1.010240317986268
connectivity,0.05,p=0.05,6,D:\git\sim\outputs\sweep_n_fc_connectivity_n2000_mc20_20260831\connectivity\point_06,DPC,76,3.8000000000000003,-0.7705280315662935,0.9991828355618191
connectivity,0.05,p=0.05,6,D:\git\sim\outputs\sweep_n_fc_connectivity_n2000_mc20_20260831\connectivity\point_06,DPC,77,3.85,-0.7758760862528792,1.0005685799997763
connectivity,0.05,p=0.05,6,D:\git\sim\outputs\sweep_n_fc_connectivity_n2000_mc20_20260831\connectivity\point_06,DPC,78,3.9000000000000004,-0.7742485196321263,1.0008570875748666
connectivity,0.05,p=0.05,6,D:\git\sim\outputs\sweep_n_fc_connectivity_n2000_mc20_20260831\connectivity\point_06,DPC,79,3.95,-0.7703377008355035,0.9989044995098043
connectivity,0.05,p=0.05,6,D:\git\sim\outputs\sweep_n_fc_connectivity_n2000_mc20_20260831\connectivity\point_06,DPC,80,4.0,-0.7636451123020089,0.9959835352828259
connectivity,0.05,p=0.05,6,D:\git\sim\outputs\sweep_n_fc_connectivity_n2000_mc20_20260831\connectivity\point_06,DPC,81,4.05,-0.7802476744777904,1.0057176016737688
connectivity,0.05,p=0.05,6,D:\git\sim\outputs\sweep_n_fc_connectivity_n2000_mc20_20260831\connectivity\point_06,DPC,82,4.1000000000000005,-0.7791763597158767,1.0048080766497178
connectivity,0.05,p=0.05,6,D:\git\sim\outputs\sweep_n_fc_connectivity_n2000_mc20_20260831\connectivity\point_06,DPC,83,4.15,-0.7712154886251514,0.999808060869763
connectivity,0.05,p=0.05,6,D:\git\sim\outputs\sweep_n_fc_connectivity_n2000_mc20_20260831\connectivity\point_06,DPC,84,4.2,-0.7859689637586782,1.0080228325301168
connectivity,0.05,p=0.05,6,D:\git\sim\outputs\sweep_n_fc_connectivity_n2000_mc20_20260831\connectivity\point_06,DPC,85,4.25,-0.7782776587622595,1.0035376485418095
connectivity,0.05,p=0.05,6,D:\git\sim\outputs\sweep_n_fc_connectivity_n2000_mc20_20260831\connectivity\point_06,DPC,86,4.3,-0.7736775950416451,0.9998002987519279
connectivity,0.05,p=0.05,6,D:\git\sim\outputs\sweep_n_fc_connectivity_n2000_mc20_20260831\connectivity\point_06,DPC,87,4.3500000000000005,-0.7815831322544597,1.005510014597855
connectivity,0.05,p=0.05,6,D:\git\sim\outputs\sweep_n_fc_connectivity_n2000_mc20_20260831\connectivity\point_06,DPC,88,4.4,-0.7668053129552692,0.9972065830035476
connectivity,0.05,p=0.05,6,D:\git\sim\outputs\sweep_n_fc_connectivity_n2000_mc20_20260831\connectivity\point_06,DPC,89,4.45,-0.7754959301891213,1.0028269702519816
connectivity,0.05,p=0.05,6,D:\git\sim\outputs\sweep_n_fc_connectivity_n2000_mc20_20260831\connectivity\point_06,DPC,90,4.5,-0.7798819534685066,1.0048935824087146
connectivity,0.05,p=0.05,6,D:\git\sim\outputs\sweep_n_fc_connectivity_n2000_mc20_20260831\connectivity\point_06,DPC,91,4.55,-0.780298392241714,1.0036852253349362
connectivity,0.05,p=0.05,6,D:\git\sim\outputs\sweep_n_fc_connectivity_n2000_mc20_20260831\connectivity\point_06,DPC,92,4.6000000000000005,-0.7734506521312305,1.0001990850273874
connectivity,0.05,p=0.05,6,D:\git\sim\outputs\sweep_n_fc_connectivity_n2000_mc20_20260831\connectivity\point_06,DPC,93,4.65,-0.7849669484487469,1.0080116695330723
connectivity,0.05,p=0.05,6,D:\git\sim\outputs\sweep_n_fc_connectivity_n2000_mc20_20260831\connectivity\point_06,DPC,94,4.7,-0.7807949131206151,1.005281966340095
connectivity,0.05,p=0.05,6,D:\git\sim\outputs\sweep_n_fc_connectivity_n2000_mc20_20260831\connectivity\point_06,DPC,95,4.75,-0.774727412815689,1.0013664819320363
connectivity,0.05,p=0.05,6,D:\git\sim\outputs\sweep_n_fc_connectivity_n2000_mc20_20260831\connectivity\point_06,DPC,96,4.800000000000001,-0.7756564704439002,1.0018546786496505
connectivity,0.05,p=0.05,6,D:\git\sim\outputs\sweep_n_fc_connectivity_n2000_mc20_20260831\connectivity\point_06,DPC,97,4.8500000000000005,-0.7773885868799125,1.0023581351872595
connectivity,0.05,p=0.05,6,D:\git\sim\outputs\sweep_n_fc_connectivity_n2000_mc20_20260831\connectivity\point_06,DPC,98,4.9,-0.7682231038941543,0.9960521790535852
connectivity,0.05,p=0.05,6,D:\git\sim\outputs\sweep_n_fc_connectivity_n2000_mc20_20260831\connectivity\point_06,DPC,99,4.95,-0.7827502471259948,1.0051731755053688
connectivity,0.05,p=0.05,6,D:\git\sim\outputs\sweep_n_fc_connectivity_n2000_mc20_20260831\connectivity\point_06,DPC,100,5.0,-0.769025531259147,0.9971351539670363
connectivity,0.05,p=0.05,6,D:\git\sim\outputs\sweep_n_fc_connectivity_n2000_mc20_20260831\connectivity\point_06,DPC,101,5.050000000000001,-0.7732645226101602,0.9988977221558475
connectivity,0.05,p=0.05,6,D:\git\sim\outputs\sweep_n_fc_connectivity_n2000_mc20_20260831\connectivity\point_06,DPC,102,5.1000000000000005,-0.7835557623690899,1.007040068785846
connectivity,0.05,p=0.05,6,D:\git\sim\outputs\sweep_n_fc_connectivity_n2000_mc20_20260831\connectivity\point_06,DPC,103,5.15,-0.7804405480425716,1.0055915438361689
connectivity,0.05,p=0.05,6,D:\git\sim\outputs\sweep_n_fc_connectivity_n2000_mc20_20260831\connectivity\point_06,DPC,104,5.2,-0.7782847463624636,1.0039970023289655
connectivity,0.05,p=0.05,6,D:\git\sim\outputs\sweep_n_fc_connectivity_n2000_mc20_20260831\connectivity\point_06,DPC,105,5.25,-0.7715982241809359,1.0009172379692197
connectivity,0.05,p=0.05,6,D:\git\sim\outputs\sweep_n_fc_connectivity_n2000_mc20_20260831\connectivity\point_06,DPC,106,5.300000000000001,-0.7689469826302625,0.9979074553627345
connectivity,0.05,p=0.05,6,D:\git\sim\outputs\sweep_n_fc_connectivity_n2000_mc20_20260831\connectivity\point_06,DPC,107,5.3500000000000005,-0.7830700368797715,1.0056510262483482
connectivity,0.05,p=0.05,6,D:\git\sim\outputs\sweep_n_fc_connectivity_n2000_mc20_20260831\connectivity\point_06,DPC,108,5.4,-0.7738435064122746,1.0008067312819264
connectivity,0.05,p=0.05,6,D:\git\sim\outputs\sweep_n_fc_connectivity_n2000_mc20_20260831\connectivity\point_06,DPC,109,5.45,-0.7793015901836751,1.0040743972150796
connectivity,0.05,p=0.05,6,D:\git\sim\outputs\sweep_n_fc_connectivity_n2000_mc20_20260831\connectivity\point_06,DPC,110,5.5,-0.7792585700116479,1.0038242319371469
connectivity,0.05,p=0.05,6,D:\git\sim\outputs\sweep_n_fc_connectivity_n2000_mc20_20260831\connectivity\point_06,DPC,111,5.550000000000001,-0.7639017631663501,0.9937713757938014
connectivity,0.05,p=0.05,6,D:\git\sim\outputs\sweep_n_fc_connectivity_n2000_mc20_20260831\connectivity\point_06,DPC,112,5.6000000000000005,-0.7750828154788207,1.0016270348057983
connectivity,0.05,p=0.05,6,D:\git\sim\outputs\sweep_n_fc_connectivity_n2000_mc20_20260831\connectivity\point_06,DPC,113,5.65,-0.7807290485815668,1.0043275948952084
connectivity,0.05,p=0.05,6,D:\git\sim\outputs\sweep_n_fc_connectivity_n2000_mc20_20260831\connectivity\point_06,DPC,114,5.7,-0.7731046644014172,1.0009073140680946
connectivity,0.05,p=0.05,6,D:\git\sim\outputs\sweep_n_fc_connectivity_n2000_mc20_20260831\connectivity\point_06,DPC,115,5.75,-0.7686355482705716,0.9974508009870521
connectivity,0.05,p=0.05,6,D:\git\sim\outputs\sweep_n_fc_connectivity_n2000_mc20_20260831\connectivity\point_06,DPC,116,5.800000000000001,-0.7786249913642727,1.0020652940460022
connectivity,0.05,p=0.05,6,D:\git\sim\outputs\sweep_n_fc_connectivity_n2000_mc20_20260831\connectivity\point_06,DPC,117,5.8500000000000005,-0.7686185182567445,0.9973262601635134
connectivity,0.05,p=0.05,6,D:\git\sim\outputs\sweep_n_fc_connectivity_n2000_mc20_20260831\connectivity\point_06,DPC,118,5.9,-0.7715279904915819,0.9994754405366862
connectivity,0.05,p=0.05,6,D:\git\sim\outputs\sweep_n_fc_connectivity_n2000_mc20_20260831\connectivity\point_06,DPC,119,5.95,-0.7752709801753916,1.0019391620691604
connectivity,0.05,p=0.05,6,D:\git\sim\outputs\sweep_n_fc_connectivity_n2000_mc20_20260831\connectivity\point_06,DPC,120,6.0,-0.7615975152953454,0.9912872668567083
connectivity,0.05,p=0.05,6,D:\git\sim\outputs\sweep_n_fc_connectivity_n2000_mc20_20260831\connectivity\point_06,DPC,121,6.050000000000001,-0.7768666105416915,1.0019877131125583
connectivity,0.05,p=0.05,6,D:\git\sim\outputs\sweep_n_fc_connectivity_n2000_mc20_20260831\connectivity\point_06,DPC,122,6.1000000000000005,-0.782125255470193,1.0061141982977815
connectivity,0.05,p=0.05,6,D:\git\sim\outputs\sweep_n_fc_connectivity_n2000_mc20_20260831\connectivity\point_06,DPC,123,6.15,-0.7720842750569951,1.0001245694461167
connectivity,0.05,p=0.05,6,D:\git\sim\outputs\sweep_n_fc_connectivity_n2000_mc20_20260831\connectivity\point_06,DPC,124,6.2,-0.7717986670916295,0.9990905818102174
connectivity,0.05,p=0.05,6,D:\git\sim\outputs\sweep_n_fc_connectivity_n2000_mc20_20260831\connectivity\point_06,DPC,125,6.25,-0.7706405675092308,0.999859395488769
connectivity,0.05,p=0.05,6,D:\git\sim\outputs\sweep_n_fc_connectivity_n2000_mc20_20260831\connectivity\point_06,DPC,126,6.300000000000001,-0.7779919024243389,1.004285774858841
connectivity,0.05,p=0.05,6,D:\git\sim\outputs\sweep_n_fc_connectivity_n2000_mc20_20260831\connectivity\point_06,DPC,127,6.3500000000000005,-0.7715826940286963,0.9989227354170517
connectivity,0.05,p=0.05,6,D:\git\sim\outputs\sweep_n_fc_connectivity_n2000_mc20_20260831\connectivity\point_06,DPC,128,6.4,-0.7768792374379596,1.0034978059413056
connectivity,0.05,p=0.05,6,D:\git\sim\outputs\sweep_n_fc_connectivity_n2000_mc20_20260831\connectivity\point_06,DPC,129,6.45,-0.7765651147462937,1.0011961338905784
connectivity,0.05,p=0.05,6,D:\git\sim\outputs\sweep_n_fc_connectivity_n2000_mc20_20260831\connectivity\point_06,DPC,130,6.5,-0.7835424901890358,1.0076975794427618
connectivity,0.05,p=0.05,6,D:\git\sim\outputs\sweep_n_fc_connectivity_n2000_mc20_20260831\connectivity\point_06,DPC,131,6.550000000000001,-0.7770375320335936,1.0033874202407982
connectivity,0.05,p=0.05,6,D:\git\sim\outputs\sweep_n_fc_connectivity_n2000_mc20_20260831\connectivity\point_06,DPC,132,6.6000000000000005,-0.7705210067023971,0.9989572589664937
connectivity,0.05,p=0.05,6,D:\git\sim\outputs\sweep_n_fc_connectivity_n2000_mc20_20260831\connectivity\point_06,DPC,133,6.65,-0.7793170121265114,1.0038686456219428
connectivity,0.05,p=0.05,6,D:\git\sim\outputs\sweep_n_fc_connectivity_n2000_mc20_20260831\connectivity\point_06,DPC,134,6.7,-0.777046116863068,1.0021579801543048
connectivity,0.05,p=0.05,6,D:\git\sim\outputs\sweep_n_fc_connectivity_n2000_mc20_20260831\connectivity\point_06,DPC,135,6.75,-0.7677005581332942,0.9963769812656782
connectivity,0.05,p=0.05,6,D:\git\sim\outputs\sweep_n_fc_connectivity_n2000_mc20_20260831\connectivity\point_06,DPC,136,6.800000000000001,-0.7663471144325229,0.9956371701161201
connectivity,0.05,p=0.05,6,D:\git\sim\outputs\sweep_n_fc_connectivity_n2000_mc20_20260831\connectivity\point_06,DPC,137,6.8500000000000005,-0.7681159219455975,0.9980065870506152
connectivity,0.05,p=0.05,6,D:\git\sim\outputs\sweep_n_fc_connectivity_n2000_mc20_20260831\connectivity\point_06,DPC,138,6.9,-0.7796739650868314,1.0041682625126638
connectivity,0.05,p=0.05,6,D:\git\sim\outputs\sweep_n_fc_connectivity_n2000_mc20_20260831\connectivity\point_06,DPC,139,6.95,-0.7798038219184565,1.004711615380611
connectivity,0.05,p=0.05,6,D:\git\sim\outputs\sweep_n_fc_connectivity_n2000_mc20_20260831\connectivity\point_06,DPC,140,7.0,-0.7764511672670924,1.0025419790070724
connectivity,0.05,p=0.05,6,D:\git\sim\outputs\sweep_n_fc_connectivity_n2000_mc20_20260831\connectivity\point_06,DPC,141,7.050000000000001,-0.7779618315588059,1.0030884079552396
connectivity,0.05,p=0.05,6,D:\git\sim\outputs\sweep_n_fc_connectivity_n2000_mc20_20260831\connectivity\point_06,DPC,142,7.1000000000000005,-0.773338888793461,1.0004271187289118
connectivity,0.05,p=0.05,6,D:\git\sim\outputs\sweep_n_fc_connectivity_n2000_mc20_20260831\connectivity\point_06,DPC,143,7.15,-0.768819890932418,0.9975220399728911
connectivity,0.05,p=0.05,6,D:\git\sim\outputs\sweep_n_fc_connectivity_n2000_mc20_20260831\connectivity\point_06,DPC,144,7.2,-0.7748942860073511,1.0016810981451412
connectivity,0.05,p=0.05,6,D:\git\sim\outputs\sweep_n_fc_connectivity_n2000_mc20_20260831\connectivity\point_06,DPC,145,7.25,-0.7816576562373289,1.0044147460439463
connectivity,0.05,p=0.05,6,D:\git\sim\outputs\sweep_n_fc_connectivity_n2000_mc20_20260831\connectivity\point_06,DPC,146,7.300000000000001,-0.7789243247502892,1.0042296342204353
connectivity,0.05,p=0.05,6,D:\git\sim\outputs\sweep_n_fc_connectivity_n2000_mc20_20260831\connectivity\point_06,DPC,147,7.3500000000000005,-0.7731880575698719,0.9996847453332185
connectivity,0.05,p=0.05,6,D:\git\sim\outputs\sweep_n_fc_connectivity_n2000_mc20_20260831\connectivity\point_06,DPC,148,7.4,-0.7837798315757818,1.007028440831592
connectivity,0.05,p=0.05,6,D:\git\sim\outputs\sweep_n_fc_connectivity_n2000_mc20_20260831\connectivity\point_06,DPC,149,7.45,-0.7717720023683333,0.999646010240275
connectivity,0.05,p=0.05,6,D:\git\sim\outputs\sweep_n_fc_connectivity_n2000_mc20_20260831\connectivity\point_06,DPC,150,7.5,-0.7742382738807335,1.0001809696868054
connectivity,0.05,p=0.05,6,D:\git\sim\outputs\sweep_n_fc_connectivity_n2000_mc20_20260831\connectivity\point_06,DPC,151,7.550000000000001,-0.7775694944766678,1.00260241684231
connectivity,0.05,p=0.05,6,D:\git\sim\outputs\sweep_n_fc_connectivity_n2000_mc20_20260831\connectivity\point_06,DPC,152,7.6000000000000005,-0.7744944174318065,1.0010912952825342
connectivity,0.05,p=0.05,6,D:\git\sim\outputs\sweep_n_fc_connectivity_n2000_mc20_20260831\connectivity\point_06,DPC,153,7.65,-0.7801791343120918,1.0032396721195567
connectivity,0.05,p=0.05,6,D:\git\sim\outputs\sweep_n_fc_connectivity_n2000_mc20_20260831\connectivity\point_06,DPC,154,7.7,-0.7701086695969253,0.9984495874896387
connectivity,0.05,p=0.05,6,D:\git\sim\outputs\sweep_n_fc_connectivity_n2000_mc20_20260831\connectivity\point_06,DPC,155,7.75,-0.7759227142510873,1.0019229976884436
connectivity,0.05,p=0.05,6,D:\git\sim\outputs\sweep_n_fc_connectivity_n2000_mc20_20260831\connectivity\point_06,DPC,156,7.800000000000001,-0.7776453979210032,1.0036094665200062
connectivity,0.05,p=0.05,6,D:\git\sim\outputs\sweep_n_fc_connectivity_n2000_mc20_20260831\connectivity\point_06,DPC,157,7.8500000000000005,-0.7710463253635297,0.9975781600154707
connectivity,0.05,p=0.05,6,D:\git\sim\outputs\sweep_n_fc_connectivity_n2000_mc20_20260831\connectivity\point_06,DPC,158,7.9,-0.7763688880740888,1.0016183921788737
connectivity,0.05,p=0.05,6,D:\git\sim\outputs\sweep_n_fc_connectivity_n2000_mc20_20260831\connectivity\point_06,DPC,159,7.95,-0.7741723740857434,1.0005247541568265
connectivity,0.05,p=0.05,6,D:\git\sim\outputs\sweep_n_fc_connectivity_n2000_mc20_20260831\connectivity\point_06,DPC,160,8.0,-0.7762610071203352,1.0017640000125534
connectivity,0.05,p=0.05,6,D:\git\sim\outputs\sweep_n_fc_connectivity_n2000_mc20_20260831\connectivity\point_06,DPC,161,8.05,-0.7770122801777322,1.0025854222703532
connectivity,0.05,p=0.05,6,D:\git\sim\outputs\sweep_n_fc_connectivity_n2000_mc20_20260831\connectivity\point_06,DPC,162,8.1,-0.7789222136314529,1.0047171224181164
connectivity,0.05,p=0.05,6,D:\git\sim\outputs\sweep_n_fc_connectivity_n2000_mc20_20260831\connectivity\point_06,DPC,163,8.15,-0.7727519027230091,0.9992704925806868
connectivity,0.05,p=0.05,6,D:\git\sim\outputs\sweep_n_fc_connectivity_n2000_mc20_20260831\connectivity\point_06,DPC,164,8.200000000000001,-0.7678880845389093,0.9968055257891401
connectivity,0.05,p=0.05,6,D:\git\sim\outputs\sweep_n_fc_connectivity_n2000_mc20_20260831\connectivity\point_06,DPC,165,8.25,-0.78363232581863,1.0070353139663302
connectivity,0.05,p=0.05,6,D:\git\sim\outputs\sweep_n_fc_connectivity_n2000_mc20_20260831\connectivity\point_06,DPC,166,8.3,-0.7762776616728861,1.0022082751007202
connectivity,0.05,p=0.05,6,D:\git\sim\outputs\sweep_n_fc_connectivity_n2000_mc20_20260831\connectivity\point_06,DPC,167,8.35,-0.7806285155036241,1.003706783378806
connectivity,0.05,p=0.05,6,D:\git\sim\outputs\sweep_n_fc_connectivity_n2000_mc20_20260831\connectivity\point_06,DPC,168,8.4,-0.7781798404190132,1.003976085382631
connectivity,0.05,p=0.05,6,D:\git\sim\outputs\sweep_n_fc_connectivity_n2000_mc20_20260831\connectivity\point_06,DPC,169,8.450000000000001,-0.7748054348200618,1.0004445162820255
connectivity,0.05,p=0.05,6,D:\git\sim\outputs\sweep_n_fc_connectivity_n2000_mc20_20260831\connectivity\point_06,DPC,170,8.5,-0.7790961727066849,1.004594242567632
connectivity,0.05,p=0.05,6,D:\git\sim\outputs\sweep_n_fc_connectivity_n2000_mc20_20260831\connectivity\point_06,DPC,171,8.55,-0.7829920146331492,1.006218354095169
connectivity,0.05,p=0.05,6,D:\git\sim\outputs\sweep_n_fc_connectivity_n2000_mc20_20260831\connectivity\point_06,DPC,172,8.6,-0.7687188116547339,0.9965707624919216
connectivity,0.05,p=0.05,6,D:\git\sim\outputs\sweep_n_fc_connectivity_n2000_mc20_20260831\connectivity\point_06,DPC,173,8.65,-0.7679720363029312,0.997258242360551
connectivity,0.05,p=0.05,6,D:\git\sim\outputs\sweep_n_fc_connectivity_n2000_mc20_20260831\connectivity\point_06,DPC,174,8.700000000000001,-0.7799342623390347,1.0048386179716249
connectivity,0.05,p=0.05,6,D:\git\sim\outputs\sweep_n_fc_connectivity_n2000_mc20_20260831\connectivity\point_06,DPC,175,8.75,-0.7833353031556439,1.0065768633158827
connectivity,0.05,p=0.05,6,D:\git\sim\outputs\sweep_n_fc_connectivity_n2000_mc20_20260831\connectivity\point_06,DPC,176,8.8,-0.7751649863686838,1.0016589566490208
connectivity,0.05,p=0.05,6,D:\git\sim\outputs\sweep_n_fc_connectivity_n2000_mc20_20260831\connectivity\point_06,DPC,177,8.85,-0.7811075421006953,1.004913675700846
connectivity,0.05,p=0.05,6,D:\git\sim\outputs\sweep_n_fc_connectivity_n2000_mc20_20260831\connectivity\point_06,DPC,178,8.9,-0.7796402664574205,1.0054174417803026
connectivity,0.05,p=0.05,6,D:\git\sim\outputs\sweep_n_fc_connectivity_n2000_mc20_20260831\connectivity\point_06,DPC,179,8.950000000000001,-0.7634583227997633,0.9946642874702206
connectivity,0.05,p=0.05,6,D:\git\sim\outputs\sweep_n_fc_connectivity_n2000_mc20_20260831\connectivity\point_06,DPC,180,9.0,-0.7668643812894824,0.995252999185554
connectivity,0.05,p=0.05,6,D:\git\sim\outputs\sweep_n_fc_connectivity_n2000_mc20_20260831\connectivity\point_06,DPC,181,9.05,-0.7710243821295382,0.9989072339732152
connectivity,0.05,p=0.05,6,D:\git\sim\outputs\sweep_n_fc_connectivity_n2000_mc20_20260831\connectivity\point_06,DPC,182,9.1,-0.7821335397303317,1.0048362596992102
connectivity,0.05,p=0.05,6,D:\git\sim\outputs\sweep_n_fc_connectivity_n2000_mc20_20260831\connectivity\point_06,DPC,183,9.15,-0.7790291851377045,1.0033180628010716
connectivity,0.05,p=0.05,6,D:\git\sim\outputs\sweep_n_fc_connectivity_n2000_mc20_20260831\connectivity\point_06,DPC,184,9.200000000000001,-0.781439565329941,1.0057452344759334
connectivity,0.05,p=0.05,6,D:\git\sim\outputs\sweep_n_fc_connectivity_n2000_mc20_20260831\connectivity\point_06,DPC,185,9.25,-0.7728640220874943,1.0008759032469554
connectivity,0.05,p=0.05,6,D:\git\sim\outputs\sweep_n_fc_connectivity_n2000_mc20_20260831\connectivity\point_06,DPC,186,9.3,-0.7674081368632337,0.9966293095193169
connectivity,0.05,p=0.05,6,D:\git\sim\outputs\sweep_n_fc_connectivity_n2000_mc20_20260831\connectivity\point_06,DPC,187,9.35,-0.7751054527616927,1.0023922540733796
connectivity,0.05,p=0.05,6,D:\git\sim\outputs\sweep_n_fc_connectivity_n2000_mc20_20260831\connectivity\point_06,DPC,188,9.4,-0.7749366512098319,1.0008176794602952
connectivity,0.05,p=0.05,6,D:\git\sim\outputs\sweep_n_fc_connectivity_n2000_mc20_20260831\connectivity\point_06,DPC,189,9.450000000000001,-0.7706688340452585,0.9995707879157896
connectivity,0.05,p=0.05,6,D:\git\sim\outputs\sweep_n_fc_connectivity_n2000_mc20_20260831\connectivity\point_06,DPC,190,9.5,-0.782884287609068,1.00640533988098
connectivity,0.05,p=0.05,6,D:\git\sim\outputs\sweep_n_fc_connectivity_n2000_mc20_20260831\connectivity\point_06,DPC,191,9.55,-0.7800526821119129,1.0058878632677053
connectivity,0.05,p=0.05,6,D:\git\sim\outputs\sweep_n_fc_connectivity_n2000_mc20_20260831\connectivity\point_06,DPC,192,9.600000000000001,-0.7784127625151012,1.0038800331508617
connectivity,0.05,p=0.05,6,D:\git\sim\outputs\sweep_n_fc_connectivity_n2000_mc20_20260831\connectivity\point_06,DPC,193,9.65,-0.7740655489156744,1.0012984626711934
connectivity,0.05,p=0.05,6,D:\git\sim\outputs\sweep_n_fc_connectivity_n2000_mc20_20260831\connectivity\point_06,DPC,194,9.700000000000001,-0.7739669465996102,0.9997861670447913
connectivity,0.05,p=0.05,6,D:\git\sim\outputs\sweep_n_fc_connectivity_n2000_mc20_20260831\connectivity\point_06,DPC,195,9.75,-0.7708795111117112,0.9989511295193783
connectivity,0.05,p=0.05,6,D:\git\sim\outputs\sweep_n_fc_connectivity_n2000_mc20_20260831\connectivity\point_06,DPC,196,9.8,-0.7772244234389147,1.00213489596978
connectivity,0.05,p=0.05,6,D:\git\sim\outputs\sweep_n_fc_connectivity_n2000_mc20_20260831\connectivity\point_06,DPC,197,9.850000000000001,-0.7799551856887387,1.004748815671948
connectivity,0.05,p=0.05,6,D:\git\sim\outputs\sweep_n_fc_connectivity_n2000_mc20_20260831\connectivity\point_06,DPC,198,9.9,-0.775164312061689,1.0018082370288666
connectivity,0.05,p=0.05,6,D:\git\sim\outputs\sweep_n_fc_connectivity_n2000_mc20_20260831\connectivity\point_06,DPC,199,9.950000000000001,-0.7810513993448409,1.0050256585146562
connectivity,0.05,p=0.05,6,D:\git\sim\outputs\sweep_n_fc_connectivity_n2000_mc20_20260831\connectivity\point_06,DPC,200,10.0,-0.7771400064978335,1.0030919367342745
connectivity,0.05,p=0.05,6,D:\git\sim\outputs\sweep_n_fc_connectivity_n2000_mc20_20260831\connectivity\point_06,DPC,201,10.05,-0.7707414399611698,0.997956469783684
connectivity,0.05,p=0.05,6,D:\git\sim\outputs\sweep_n_fc_connectivity_n2000_mc20_20260831\connectivity\point_06,DPC,202,10.100000000000001,-0.7757999703824028,1.0016108759774265
connectivity,0.05,p=0.05,6,D:\git\sim\outputs\sweep_n_fc_connectivity_n2000_mc20_20260831\connectivity\point_06,DPC,203,10.15,-0.7702246814146657,0.9986615281110243
connectivity,0.05,p=0.05,6,D:\git\sim\outputs\sweep_n_fc_connectivity_n2000_mc20_20260831\connectivity\point_06,DPC,204,10.200000000000001,-0.7733563284130849,1.0000361407809277
connectivity,0.05,p=0.05,6,D:\git\sim\outputs\sweep_n_fc_connectivity_n2000_mc20_20260831\connectivity\point_06,DPC,205,10.25,-0.7788312748527078,1.003415275567144
connectivity,0.05,p=0.05,6,D:\git\sim\outputs\sweep_n_fc_connectivity_n2000_mc20_20260831\connectivity\point_06,DPC,206,10.3,-0.7794406468521062,1.0039869294954655
connectivity,0.05,p=0.05,6,D:\git\sim\outputs\sweep_n_fc_connectivity_n2000_mc20_20260831\connectivity\point_06,DPC,207,10.350000000000001,-0.7753885385143712,1.001738654775857
connectivity,0.05,p=0.05,6,D:\git\sim\outputs\sweep_n_fc_connectivity_n2000_mc20_20260831\connectivity\point_06,DPC,208,10.4,-0.7699977107724915,0.9983403684349774
connectivity,0.05,p=0.05,6,D:\git\sim\outputs\sweep_n_fc_connectivity_n2000_mc20_20260831\connectivity\point_06,DPC,209,10.450000000000001,-0.7757175352350704,1.0017127414480118
connectivity,0.05,p=0.05,6,D:\git\sim\outputs\sweep_n_fc_connectivity_n2000_mc20_20260831\connectivity\point_06,DPC,210,10.5,-0.7692325577458875,0.9965236135579305
connectivity,0.05,p=0.05,6,D:\git\sim\outputs\sweep_n_fc_connectivity_n2000_mc20_20260831\connectivity\point_06,DPC,211,10.55,-0.776178159998514,1.0019503398715532
connectivity,0.05,p=0.05,6,D:\git\sim\outputs\sweep_n_fc_connectivity_n2000_mc20_20260831\connectivity\point_06,DPC,212,10.600000000000001,-0.7719927555944541,0.9992368979019768
connectivity,0.05,p=0.05,6,D:\git\sim\outputs\sweep_n_fc_connectivity_n2000_mc20_20260831\connectivity\point_06,DPC,213,10.65,-0.7794688105258353,1.0043120299196322
connectivity,0.05,p=0.05,6,D:\git\sim\outputs\sweep_n_fc_connectivity_n2000_mc20_20260831\connectivity\point_06,DPC,214,10.700000000000001,-0.7747369704425886,1.000426151204951
connectivity,0.05,p=0.05,6,D:\git\sim\outputs\sweep_n_fc_connectivity_n2000_mc20_20260831\connectivity\point_06,DPC,215,10.75,-0.7646731380734926,0.9945622014677241
connectivity,0.05,p=0.05,6,D:\git\sim\outputs\sweep_n_fc_connectivity_n2000_mc20_20260831\connectivity\point_06,DPC,216,10.8,-0.7818217451672503,1.005802303465937
connectivity,0.05,p=0.05,6,D:\git\sim\outputs\sweep_n_fc_connectivity_n2000_mc20_20260831\connectivity\point_06,DPC,217,10.850000000000001,-0.7678512449327152,0.9968253590401999
connectivity,0.05,p=0.05,6,D:\git\sim\outputs\sweep_n_fc_connectivity_n2000_mc20_20260831\connectivity\point_06,DPC,218,10.9,-0.777642021477152,1.0042483917963625
connectivity,0.05,p=0.05,6,D:\git\sim\outputs\sweep_n_fc_connectivity_n2000_mc20_20260831\connectivity\point_06,DPC,219,10.950000000000001,-0.7746683787884125,1.0013989125689253
connectivity,0.05,p=0.05,6,D:\git\sim\outputs\sweep_n_fc_connectivity_n2000_mc20_20260831\connectivity\point_06,DPC,220,11.0,-0.7799900020144721,1.004226691310239
connectivity,0.05,p=0.05,6,D:\git\sim\outputs\sweep_n_fc_connectivity_n2000_mc20_20260831\connectivity\point_06,DPC,221,11.05,-0.773006817329873,1.000291721214982
connectivity,0.05,p=0.05,6,D:\git\sim\outputs\sweep_n_fc_connectivity_n2000_mc20_20260831\connectivity\point_06,DPC,222,11.100000000000001,-0.7776983906154046,1.002558027074874
connectivity,0.05,p=0.05,6,D:\git\sim\outputs\sweep_n_fc_connectivity_n2000_mc20_20260831\connectivity\point_06,DPC,223,11.15,-0.7765032540928039,1.002525315228324
connectivity,0.05,p=0.05,6,D:\git\sim\outputs\sweep_n_fc_connectivity_n2000_mc20_20260831\connectivity\point_06,DPC,224,11.200000000000001,-0.7772297159931328,1.0037571961706533
connectivity,0.05,p=0.05,6,D:\git\sim\outputs\sweep_n_fc_connectivity_n2000_mc20_20260831\connectivity\point_06,DPC,225,11.25,-0.7795316232163227,1.0039417798658483
connectivity,0.05,p=0.05,6,D:\git\sim\outputs\sweep_n_fc_connectivity_n2000_mc20_20260831\connectivity\point_06,DPC,226,11.3,-0.7857770501110067,1.0078886754078278
connectivity,0.05,p=0.05,6,D:\git\sim\outputs\sweep_n_fc_connectivity_n2000_mc20_20260831\connectivity\point_06,DPC,227,11.350000000000001,-0.7702051273336291,0.9980784793678895
connectivity,0.05,p=0.05,6,D:\git\sim\outputs\sweep_n_fc_connectivity_n2000_mc20_20260831\connectivity\point_06,DPC,228,11.4,-0.7816099319171685,1.0055810175248536
connectivity,0.05,p=0.05,6,D:\git\sim\outputs\sweep_n_fc_connectivity_n2000_mc20_20260831\connectivity\point_06,DPC,229,11.450000000000001,-0.7738262179699152,1.000647105814735
connectivity,0.05,p=0.05,6,D:\git\sim\outputs\sweep_n_fc_connectivity_n2000_mc20_20260831\connectivity\point_06,DPC,230,11.5,-0.7873101501742658,1.00803771447262
connectivity,0.05,p=0.05,6,D:\git\sim\outputs\sweep_n_fc_connectivity_n2000_mc20_20260831\connectivity\point_06,DPC,231,11.55,-0.7753626897435091,1.001210408992526
connectivity,0.05,p=0.05,6,D:\git\sim\outputs\sweep_n_fc_connectivity_n2000_mc20_20260831\connectivity\point_06,DPC,232,11.600000000000001,-0.7620763258522871,0.9928339157423357
connectivity,0.05,p=0.05,6,D:\git\sim\outputs\sweep_n_fc_connectivity_n2000_mc20_20260831\connectivity\point_06,DPC,233,11.65,-0.774939377475244,1.001728637786074
connectivity,0.05,p=0.05,6,D:\git\sim\outputs\sweep_n_fc_connectivity_n2000_mc20_20260831\connectivity\point_06,DPC,234,11.700000000000001,-0.7782786379811997,1.003406522059991
connectivity,0.05,p=0.05,6,D:\git\sim\outputs\sweep_n_fc_connectivity_n2000_mc20_20260831\connectivity\point_06,DPC,235,11.75,-0.7705219835869039,0.9986986078692258
connectivity,0.05,p=0.05,6,D:\git\sim\outputs\sweep_n_fc_connectivity_n2000_mc20_20260831\connectivity\point_06,DPC,236,11.8,-0.7732079763602873,1.0000838932021388
connectivity,0.05,p=0.05,6,D:\git\sim\outputs\sweep_n_fc_connectivity_n2000_mc20_20260831\connectivity\point_06,DPC,237,11.850000000000001,-0.7723612240578813,0.9989988299995135
connectivity,0.05,p=0.05,6,D:\git\sim\outputs\sweep_n_fc_connectivity_n2000_mc20_20260831\connectivity\point_06,DPC,238,11.9,-0.7762879791653268,1.002583089229744
connectivity,0.05,p=0.05,6,D:\git\sim\outputs\sweep_n_fc_connectivity_n2000_mc20_20260831\connectivity\point_06,DPC,239,11.950000000000001,-0.7724099294540975,0.9985629282169542
connectivity,0.05,p=0.05,6,D:\git\sim\outputs\sweep_n_fc_connectivity_n2000_mc20_20260831\connectivity\point_06,KF-DPC,0,0.0,-0.877220070674136,1.0666963966038872
connectivity,0.05,p=0.05,6,D:\git\sim\outputs\sweep_n_fc_connectivity_n2000_mc20_20260831\connectivity\point_06,KF-DPC,1,0.05,-0.44681061690492374,0.8130743400958611
connectivity,0.05,p=0.05,6,D:\git\sim\outputs\sweep_n_fc_connectivity_n2000_mc20_20260831\connectivity\point_06,KF-DPC,2,0.1,-0.34518881705390253,0.8134208605667789
connectivity,0.05,p=0.05,6,D:\git\sim\outputs\sweep_n_fc_connectivity_n2000_mc20_20260831\connectivity\point_06,KF-DPC,3,0.15000000000000002,-0.2782891371433781,0.7483112648409527
connectivity,0.05,p=0.05,6,D:\git\sim\outputs\sweep_n_fc_connectivity_n2000_mc20_20260831\connectivity\point_06,KF-DPC,4,0.2,-0.21931752590253212,0.6352017344878969
connectivity,0.05,p=0.05,6,D:\git\sim\outputs\sweep_n_fc_connectivity_n2000_mc20_20260831\connectivity\point_06,KF-DPC,5,0.25,-0.17652007986327173,0.534463986100765
connectivity,0.05,p=0.05,6,D:\git\sim\outputs\sweep_n_fc_connectivity_n2000_mc20_20260831\connectivity\point_06,KF-DPC,6,0.30000000000000004,-0.14556156239383808,0.46036947240292403
connectivity,0.05,p=0.05,6,D:\git\sim\outputs\sweep_n_fc_connectivity_n2000_mc20_20260831\connectivity\point_06,KF-DPC,7,0.35000000000000003,-0.12412429196722119,0.40680373719372814
connectivity,0.05,p=0.05,6,D:\git\sim\outputs\sweep_n_fc_connectivity_n2000_mc20_20260831\connectivity\point_06,KF-DPC,8,0.4,-0.10880804486294622,0.37036122283071116
connectivity,0.05,p=0.05,6,D:\git\sim\outputs\sweep_n_fc_connectivity_n2000_mc20_20260831\connectivity\point_06,KF-DPC,9,0.45,-0.09712991778717282,0.34270259362354133
connectivity,0.05,p=0.05,6,D:\git\sim\outputs\sweep_n_fc_connectivity_n2000_mc20_20260831\connectivity\point_06,KF-DPC,10,0.5,-0.08877010502052181,0.3230394676238214
connectivity,0.05,p=0.05,6,D:\git\sim\outputs\sweep_n_fc_connectivity_n2000_mc20_20260831\connectivity\point_06,KF-DPC,11,0.55,-0.08142075239681261,0.30546613234609127
connectivity,0.05,p=0.05,6,D:\git\sim\outputs\sweep_n_fc_connectivity_n2000_mc20_20260831\connectivity\point_06,KF-DPC,12,0.6000000000000001,-0.07563996498078884,0.2912472784437376
connectivity,0.05,p=0.05,6,D:\git\sim\outputs\sweep_n_fc_connectivity_n2000_mc20_20260831\connectivity\point_06,KF-DPC,13,0.65,-0.07092355854532248,0.2795753284133239
connectivity,0.05,p=0.05,6,D:\git\sim\outputs\sweep_n_fc_connectivity_n2000_mc20_20260831\connectivity\point_06,KF-DPC,14,0.7000000000000001,-0.06666734387756333,0.2693197053719065
connectivity,0.05,p=0.05,6,D:\git\sim\outputs\sweep_n_fc_connectivity_n2000_mc20_20260831\connectivity\point_06,KF-DPC,15,0.75,-0.0629500660299692,0.26000498176652936
connectivity,0.05,p=0.05,6,D:\git\sim\outputs\sweep_n_fc_connectivity_n2000_mc20_20260831\connectivity\point_06,KF-DPC,16,0.8,-0.059814205706287774,0.2517360044038876
connectivity,0.05,p=0.05,6,D:\git\sim\outputs\sweep_n_fc_connectivity_n2000_mc20_20260831\connectivity\point_06,KF-DPC,17,0.8500000000000001,-0.05710561799330226,0.24429594408946187
connectivity,0.05,p=0.05,6,D:\git\sim\outputs\sweep_n_fc_connectivity_n2000_mc20_20260831\connectivity\point_06,KF-DPC,18,0.9,-0.054578501969527383,0.23732944009057402
connectivity,0.05,p=0.05,6,D:\git\sim\outputs\sweep_n_fc_connectivity_n2000_mc20_20260831\connectivity\point_06,KF-DPC,19,0.9500000000000001,-0.05230388063610026,0.2312920430060655
connectivity,0.05,p=0.05,6,D:\git\sim\outputs\sweep_n_fc_connectivity_n2000_mc20_20260831\connectivity\point_06,KF-DPC,20,1.0,-0.05025085732413791,0.2253908554127262
connectivity,0.05,p=0.05,6,D:\git\sim\outputs\sweep_n_fc_connectivity_n2000_mc20_20260831\connectivity\point_06,KF-DPC,21,1.05,-0.048428652558395395,0.21982786061700849
connectivity,0.05,p=0.05,6,D:\git\sim\outputs\sweep_n_fc_connectivity_n2000_mc20_20260831\connectivity\point_06,KF-DPC,22,1.1,-0.046959617894805974,0.21536860307858402
connectivity,0.05,p=0.05,6,D:\git\sim\outputs\sweep_n_fc_connectivity_n2000_mc20_20260831\connectivity\point_06,KF-DPC,23,1.1500000000000001,-0.04533469944430331,0.21047006578768368
connectivity,0.05,p=0.05,6,D:\git\sim\outputs\sweep_n_fc_connectivity_n2000_mc20_20260831\connectivity\point_06,KF-DPC,24,1.2000000000000002,-0.04399272238450106,0.2062939667805206
connectivity,0.05,p=0.05,6,D:\git\sim\outputs\sweep_n_fc_connectivity_n2000_mc20_20260831\connectivity\point_06,KF-DPC,25,1.25,-0.04276080953171074,0.20217303285142246
connectivity,0.05,p=0.05,6,D:\git\sim\outputs\sweep_n_fc_connectivity_n2000_mc20_20260831\connectivity\point_06,KF-DPC,26,1.3,-0.04155226760922909,0.19816296879030487
connectivity,0.05,p=0.05,6,D:\git\sim\outputs\sweep_n_fc_connectivity_n2000_mc20_20260831\connectivity\point_06,KF-DPC,27,1.35,-0.04045592155600241,0.1945124506072729
connectivity,0.05,p=0.05,6,D:\git\sim\outputs\sweep_n_fc_connectivity_n2000_mc20_20260831\connectivity\point_06,KF-DPC,28,1.4000000000000001,-0.03949729520370739,0.19133056270046417
connectivity,0.05,p=0.05,6,D:\git\sim\outputs\sweep_n_fc_connectivity_n2000_mc20_20260831\connectivity\point_06,KF-DPC,29,1.4500000000000002,-0.03848015869858573,0.18788708185001762
connectivity,0.05,p=0.05,6,D:\git\sim\outputs\sweep_n_fc_connectivity_n2000_mc20_20260831\connectivity\point_06,KF-DPC,30,1.5,-0.037685013306983706,0.18485515568819727
connectivity,0.05,p=0.05,6,D:\git\sim\outputs\sweep_n_fc_connectivity_n2000_mc20_20260831\connectivity\point_06,KF-DPC,31,1.55,-0.036949485411338884,0.18209879024407621
connectivity,0.05,p=0.05,6,D:\git\sim\outputs\sweep_n_fc_connectivity_n2000_mc20_20260831\connectivity\point_06,KF-DPC,32,1.6,-0.03618424333195306,0.1793238757037388
connectivity,0.05,p=0.05,6,D:\git\sim\outputs\sweep_n_fc_connectivity_n2000_mc20_20260831\connectivity\point_06,KF-DPC,33,1.6500000000000001,-0.03542441997490581,0.1765477628521118
connectivity,0.05,p=0.05,6,D:\git\sim\outputs\sweep_n_fc_connectivity_n2000_mc20_20260831\connectivity\point_06,KF-DPC,34,1.7000000000000002,-0.03476403565094217,0.17412267270149556
connectivity,0.05,p=0.05,6,D:\git\sim\outputs\sweep_n_fc_connectivity_n2000_mc20_20260831\connectivity\point_06,KF-DPC,35,1.75,-0.03422457412280522,0.17206388422358782
connectivity,0.05,p=0.05,6,D:\git\sim\outputs\sweep_n_fc_connectivity_n2000_mc20_20260831\connectivity\point_06,KF-DPC,36,1.8,-0.03365526892363877,0.1697364847397316
connectivity,0.05,p=0.05,6,D:\git\sim\outputs\sweep_n_fc_connectivity_n2000_mc20_20260831\connectivity\point_06,KF-DPC,37,1.85,-0.03309407902894994,0.16753181577111814
connectivity,0.05,p=0.05,6,D:\git\sim\outputs\sweep_n_fc_connectivity_n2000_mc20_20260831\connectivity\point_06,KF-DPC,38,1.9000000000000001,-0.03257569595479663,0.16554624267554552
connectivity,0.05,p=0.05,6,D:\git\sim\outputs\sweep_n_fc_connectivity_n2000_mc20_20260831\connectivity\point_06,KF-DPC,39,1.9500000000000002,-0.03205600452349827,0.1635500217826547
connectivity,0.05,p=0.05,6,D:\git\sim\outputs\sweep_n_fc_connectivity_n2000_mc20_20260831\connectivity\point_06,KF-DPC,40,2.0,-0.031602305097356446,0.16164633326423566
connectivity,0.05,p=0.05,6,D:\git\sim\outputs\sweep_n_fc_connectivity_n2000_mc20_20260831\connectivity\point_06,KF-DPC,41,2.0500000000000003,-0.03116750717899975,0.15975267898842216
connectivity,0.05,p=0.05,6,D:\git\sim\outputs\sweep_n_fc_connectivity_n2000_mc20_20260831\connectivity\point_06,KF-DPC,42,2.1,-0.030743723759940143,0.15815027576609667
connectivity,0.05,p=0.05,6,D:\git\sim\outputs\sweep_n_fc_connectivity_n2000_mc20_20260831\connectivity\point_06,KF-DPC,43,2.15,-0.030319751054042086,0.1561800260063167
connectivity,0.05,p=0.05,6,D:\git\sim\outputs\sweep_n_fc_connectivity_n2000_mc20_20260831\connectivity\point_06,KF-DPC,44,2.2,-0.02979185366985461,0.15423224230565016
connectivity,0.05,p=0.05,6,D:\git\sim\outputs\sweep_n_fc_connectivity_n2000_mc20_20260831\connectivity\point_06,KF-DPC,45,2.25,-0.029479725143889798,0.15279236475570482
connectivity,0.05,p=0.05,6,D:\git\sim\outputs\sweep_n_fc_connectivity_n2000_mc20_20260831\connectivity\point_06,KF-DPC,46,2.3000000000000003,-0.029093840620720166,0.15128677178137512
connectivity,0.05,p=0.05,6,D:\git\sim\outputs\sweep_n_fc_connectivity_n2000_mc20_20260831\connectivity\point_06,KF-DPC,47,2.35,-0.0286395025580634,0.1494135594264424
connectivity,0.05,p=0.05,6,D:\git\sim\outputs\sweep_n_fc_connectivity_n2000_mc20_20260831\connectivity\point_06,KF-DPC,48,2.4000000000000004,-0.02838442306250247,0.14807050962180807
connectivity,0.05,p=0.05,6,D:\git\sim\outputs\sweep_n_fc_connectivity_n2000_mc20_20260831\connectivity\point_06,KF-DPC,49,2.45,-0.027982703300828003,0.14642869783423904
connectivity,0.05,p=0.05,6,D:\git\sim\outputs\sweep_n_fc_connectivity_n2000_mc20_20260831\connectivity\point_06,KF-DPC,50,2.5,-0.027653527172515784,0.14507404706532895
connectivity,0.05,p=0.05,6,D:\git\sim\outputs\sweep_n_fc_connectivity_n2000_mc20_20260831\connectivity\point_06,KF-DPC,51,2.5500000000000003,-0.02742999263815866,0.14379097624886003
connectivity,0.05,p=0.05,6,D:\git\sim\outputs\sweep_n_fc_connectivity_n2000_mc20_20260831\connectivity\point_06,KF-DPC,52,2.6,-0.02716767059403397,0.14282053256887722
connectivity,0.05,p=0.05,6,D:\git\sim\outputs\sweep_n_fc_connectivity_n2000_mc20_20260831\connectivity\point_06,KF-DPC,53,2.6500000000000004,-0.02690565001291931,0.14141015815038543
connectivity,0.05,p=0.05,6,D:\git\sim\outputs\sweep_n_fc_connectivity_n2000_mc20_20260831\connectivity\point_06,KF-DPC,54,2.7,-0.02662002581629916,0.14000527009045055
connectivity,0.05,p=0.05,6,D:\git\sim\outputs\sweep_n_fc_connectivity_n2000_mc20_20260831\connectivity\point_06,KF-DPC,55,2.75,-0.026379352120784582,0.13916612827994373
connectivity,0.05,p=0.05,6,D:\git\sim\outputs\sweep_n_fc_connectivity_n2000_mc20_20260831\connectivity\point_06,KF-DPC,56,2.8000000000000003,-0.026112838260366457,0.1376097143911422
connectivity,0.05,p=0.05,6,D:\git\sim\outputs\sweep_n_fc_connectivity_n2000_mc20_20260831\connectivity\point_06,KF-DPC,57,2.85,-0.025927818439290613,0.1365161340926735
connectivity,0.05,p=0.05,6,D:\git\sim\outputs\sweep_n_fc_connectivity_n2000_mc20_20260831\connectivity\point_06,KF-DPC,58,2.9000000000000004,-0.025698636347082277,0.13546577061690498
connectivity,0.05,p=0.05,6,D:\git\sim\outputs\sweep_n_fc_connectivity_n2000_mc20_20260831\connectivity\point_06,KF-DPC,59,2.95,-0.02543544704654526,0.134358228760047
connectivity,0.05,p=0.05,6,D:\git\sim\outputs\sweep_n_fc_connectivity_n2000_mc20_20260831\connectivity\point_06,KF-DPC,60,3.0,-0.02524495777482675,0.13338877544767075
connectivity,0.05,p=0.05,6,D:\git\sim\outputs\sweep_n_fc_connectivity_n2000_mc20_20260831\connectivity\point_06,KF-DPC,61,3.0500000000000003,-0.024989709082174877,0.13228370081024746
connectivity,0.05,p=0.05,6,D:\git\sim\outputs\sweep_n_fc_connectivity_n2000_mc20_20260831\connectivity\point_06,KF-DPC,62,3.1,-0.024782808401145325,0.13095733264068019
connectivity,0.05,p=0.05,6,D:\git\sim\outputs\sweep_n_fc_connectivity_n2000_mc20_20260831\connectivity\point_06,KF-DPC,63,3.1500000000000004,-0.024589833973977397,0.12991804730330925
connectivity,0.05,p=0.05,6,D:\git\sim\outputs\sweep_n_fc_connectivity_n2000_mc20_20260831\connectivity\point_06,KF-DPC,64,3.2,-0.024438522226502273,0.12921819379988492
connectivity,0.05,p=0.05,6,D:\git\sim\outputs\sweep_n_fc_connectivity_n2000_mc20_20260831\connectivity\point_06,KF-DPC,65,3.25,-0.02433509388318191,0.1284803641684436
connectivity,0.05,p=0.05,6,D:\git\sim\outputs\sweep_n_fc_connectivity_n2000_mc20_20260831\connectivity\point_06,KF-DPC,66,3.3000000000000003,-0.02402938227622553,0.12712638505621787
connectivity,0.05,p=0.05,6,D:\git\sim\outputs\sweep_n_fc_connectivity_n2000_mc20_20260831\connectivity\point_06,KF-DPC,67,3.35,-0.023875911989436616,0.12650238392301594
connectivity,0.05,p=0.05,6,D:\git\sim\outputs\sweep_n_fc_connectivity_n2000_mc20_20260831\connectivity\point_06,KF-DPC,68,3.4000000000000004,-0.023737976567194705,0.12553049714986841
connectivity,0.05,p=0.05,6,D:\git\sim\outputs\sweep_n_fc_connectivity_n2000_mc20_20260831\connectivity\point_06,KF-DPC,69,3.45,-0.023631228052051534,0.1248449919350717
connectivity,0.05,p=0.05,6,D:\git\sim\outputs\sweep_n_fc_connectivity_n2000_mc20_20260831\connectivity\point_06,KF-DPC,70,3.5,-0.02340140861352341,0.12383104496037278
connectivity,0.05,p=0.05,6,D:\git\sim\outputs\sweep_n_fc_connectivity_n2000_mc20_20260831\connectivity\point_06,KF-DPC,71,3.5500000000000003,-0.023277569138837193,0.1231270408518264
connectivity,0.05,p=0.05,6,D:\git\sim\outputs\sweep_n_fc_connectivity_n2000_mc20_20260831\connectivity\point_06,KF-DPC,72,3.6,-0.02318496895966901,0.12230150414812802
connectivity,0.05,p=0.05,6,D:\git\sim\outputs\sweep_n_fc_connectivity_n2000_mc20_20260831\connectivity\point_06,KF-DPC,73,3.6500000000000004,-0.022999902913954352,0.12139191793910242
connectivity,0.05,p=0.05,6,D:\git\sim\outputs\sweep_n_fc_connectivity_n2000_mc20_20260831\connectivity\point_06,KF-DPC,74,3.7,-0.022861017995268122,0.1207388735769482
connectivity,0.05,p=0.05,6,D:\git\sim\outputs\sweep_n_fc_connectivity_n2000_mc20_20260831\connectivity\point_06,KF-DPC,75,3.75,-0.022724706017562806,0.12002176138100937
connectivity,0.05,p=0.05,6,D:\git\sim\outputs\sweep_n_fc_connectivity_n2000_mc20_20260831\connectivity\point_06,KF-DPC,76,3.8000000000000003,-0.022610485097298204,0.11949748449895285
connectivity,0.05,p=0.05,6,D:\git\sim\outputs\sweep_n_fc_connectivity_n2000_mc20_20260831\connectivity\point_06,KF-DPC,77,3.85,-0.022454972843403368,0.11847355949951592
connectivity,0.05,p=0.05,6,D:\git\sim\outputs\sweep_n_fc_connectivity_n2000_mc20_20260831\connectivity\point_06,KF-DPC,78,3.9000000000000004,-0.022289106439012135,0.11755901613205529
connectivity,0.05,p=0.05,6,D:\git\sim\outputs\sweep_n_fc_connectivity_n2000_mc20_20260831\connectivity\point_06,KF-DPC,79,3.95,-0.02215744011204387,0.11690400027482033
connectivity,0.05,p=0.05,6,D:\git\sim\outputs\sweep_n_fc_connectivity_n2000_mc20_20260831\connectivity\point_06,KF-DPC,80,4.0,-0.022024144459620185,0.11642503303609228
connectivity,0.05,p=0.05,6,D:\git\sim\outputs\sweep_n_fc_connectivity_n2000_mc20_20260831\connectivity\point_06,KF-DPC,81,4.05,-0.02186574126249162,0.1154329819883281
connectivity,0.05,p=0.05,6,D:\git\sim\outputs\sweep_n_fc_connectivity_n2000_mc20_20260831\connectivity\point_06,KF-DPC,82,4.1000000000000005,-0.021784012220787994,0.11501246268824487
connectivity,0.05,p=0.05,6,D:\git\sim\outputs\sweep_n_fc_connectivity_n2000_mc20_20260831\connectivity\point_06,KF-DPC,83,4.15,-0.021580148928375103,0.1142609167527372
connectivity,0.05,p=0.05,6,D:\git\sim\outputs\sweep_n_fc_connectivity_n2000_mc20_20260831\connectivity\point_06,KF-DPC,84,4.2,-0.021533608374340357,0.11377195302659557
connectivity,0.05,p=0.05,6,D:\git\sim\outputs\sweep_n_fc_connectivity_n2000_mc20_20260831\connectivity\point_06,KF-DPC,85,4.25,-0.02138714811632495,0.11282441176761762
connectivity,0.05,p=0.05,6,D:\git\sim\outputs\sweep_n_fc_connectivity_n2000_mc20_20260831\connectivity\point_06,KF-DPC,86,4.3,-0.021309991724220843,0.11234671298703747
connectivity,0.05,p=0.05,6,D:\git\sim\outputs\sweep_n_fc_connectivity_n2000_mc20_20260831\connectivity\point_06,KF-DPC,87,4.3500000000000005,-0.021198638239634266,0.11154339377559071
connectivity,0.05,p=0.05,6,D:\git\sim\outputs\sweep_n_fc_connectivity_n2000_mc20_20260831\connectivity\point_06,KF-DPC,88,4.4,-0.02106307801376152,0.110944905300368
connectivity,0.05,p=0.05,6,D:\git\sim\outputs\sweep_n_fc_connectivity_n2000_mc20_20260831\connectivity\point_06,KF-DPC,89,4.45,-0.02087518327365704,0.11016744573046458
connectivity,0.05,p=0.05,6,D:\git\sim\outputs\sweep_n_fc_connectivity_n2000_mc20_20260831\connectivity\point_06,KF-DPC,90,4.5,-0.020874401188484597,0.10996609278931868
connectivity,0.05,p=0.05,6,D:\git\sim\outputs\sweep_n_fc_connectivity_n2000_mc20_20260831\connectivity\point_06,KF-DPC,91,4.55,-0.020776741678114486,0.10933937366273982
connectivity,0.05,p=0.05,6,D:\git\sim\outputs\sweep_n_fc_connectivity_n2000_mc20_20260831\connectivity\point_06,KF-DPC,92,4.6000000000000005,-0.02074302561558044,0.10891131070951479
connectivity,0.05,p=0.05,6,D:\git\sim\outputs\sweep_n_fc_connectivity_n2000_mc20_20260831\connectivity\point_06,KF-DPC,93,4.65,-0.020623944586702664,0.10843092839240236
connectivity,0.05,p=0.05,6,D:\git\sim\outputs\sweep_n_fc_connectivity_n2000_mc20_20260831\connectivity\point_06,KF-DPC,94,4.7,-0.020508949702771104,0.10758187157314487
connectivity,0.05,p=0.05,6,D:\git\sim\outputs\sweep_n_fc_connectivity_n2000_mc20_20260831\connectivity\point_06,KF-DPC,95,4.75,-0.020416968645084507,0.10725943148566941
connectivity,0.05,p=0.05,6,D:\git\sim\outputs\sweep_n_fc_connectivity_n2000_mc20_20260831\connectivity\point_06,KF-DPC,96,4.800000000000001,-0.02030171283199537,0.1066077411406953
connectivity,0.05,p=0.05,6,D:\git\sim\outputs\sweep_n_fc_connectivity_n2000_mc20_20260831\connectivity\point_06,KF-DPC,97,4.8500000000000005,-0.02026691419548351,0.10618027312223388
connectivity,0.05,p=0.05,6,D:\git\sim\outputs\sweep_n_fc_connectivity_n2000_mc20_20260831\connectivity\point_06,KF-DPC,98,4.9,-0.02024189970585222,0.10592177438111032
connectivity,0.05,p=0.05,6,D:\git\sim\outputs\sweep_n_fc_connectivity_n2000_mc20_20260831\connectivity\point_06,KF-DPC,99,4.95,-0.020190580285244546,0.10551910320502719
connectivity,0.05,p=0.05,6,D:\git\sim\outputs\sweep_n_fc_connectivity_n2000_mc20_20260831\connectivity\point_06,KF-DPC,100,5.0,-0.020110241198054348,0.10512828451884466
connectivity,0.05,p=0.05,6,D:\git\sim\outputs\sweep_n_fc_connectivity_n2000_mc20_20260831\connectivity\point_06,KF-DPC,101,5.050000000000001,-0.020052079346107594,0.10464737936456132
connectivity,0.05,p=0.05,6,D:\git\sim\outputs\sweep_n_fc_connectivity_n2000_mc20_20260831\connectivity\point_06,KF-DPC,102,5.1000000000000005,-0.020023240542452227,0.10427810748683322
connectivity,0.05,p=0.05,6,D:\git\sim\outputs\sweep_n_fc_connectivity_n2000_mc20_20260831\connectivity\point_06,KF-DPC,103,5.15,-0.01993430997114476,0.10390650193807753
connectivity,0.05,p=0.05,6,D:\git\sim\outputs\sweep_n_fc_connectivity_n2000_mc20_20260831\connectivity\point_06,KF-DPC,104,5.2,-0.019779040339100162,0.10328052002106787
connectivity,0.05,p=0.05,6,D:\git\sim\outputs\sweep_n_fc_connectivity_n2000_mc20_20260831\connectivity\point_06,KF-DPC,105,5.25,-0.019815410882365804,0.10323062461066534
connectivity,0.05,p=0.05,6,D:\git\sim\outputs\sweep_n_fc_connectivity_n2000_mc20_20260831\connectivity\point_06,KF-DPC,106,5.300000000000001,-0.019691240621641237,0.10264303455424222
connectivity,0.05,p=0.05,6,D:\git\sim\outputs\sweep_n_fc_connectivity_n2000_mc20_20260831\connectivity\point_06,KF-DPC,107,5.3500000000000005,-0.01961816223535938,0.10215106907430696
connectivity,0.05,p=0.05,6,D:\git\sim\outputs\sweep_n_fc_connectivity_n2000_mc20_20260831\connectivity\point_06,KF-DPC,108,5.4,-0.019490255737255345,0.1015730709557225
connectivity,0.05,p=0.05,6,D:\git\sim\outputs\sweep_n_fc_connectivity_n2000_mc20_20260831\connectivity\point_06,KF-DPC,109,5.45,-0.019465125428622033,0.10110152369969638
connectivity,0.05,p=0.05,6,D:\git\sim\outputs\sweep_n_fc_connectivity_n2000_mc20_20260831\connectivity\point_06,KF-DPC,110,5.5,-0.019485973761864187,0.10096467452223953
connectivity,0.05,p=0.05,6,D:\git\sim\outputs\sweep_n_fc_connectivity_n2000_mc20_20260831\connectivity\point_06,KF-DPC,111,5.550000000000001,-0.019341084431747365,0.10038896915892392
connectivity,0.05,p=0.05,6,D:\git\sim\outputs\sweep_n_fc_connectivity_n2000_mc20_20260831\connectivity\point_06,KF-DPC,112,5.6000000000000005,-0.01925727952383912,0.10005194588166537
connectivity,0.05,p=0.05,6,D:\git\sim\outputs\sweep_n_fc_connectivity_n2000_mc20_20260831\connectivity\point_06,KF-DPC,113,5.65,-0.019220388745321552,0.09969873573501022
connectivity,0.05,p=0.05,6,D:\git\sim\outputs\sweep_n_fc_connectivity_n2000_mc20_20260831\connectivity\point_06,KF-DPC,114,5.7,-0.01912176111352297,0.09923195611071386
connectivity,0.05,p=0.05,6,D:\git\sim\outputs\sweep_n_fc_connectivity_n2000_mc20_20260831\connectivity\point_06,KF-DPC,115,5.75,-0.01910379602700768,0.09906239580335682
connectivity,0.05,p=0.05,6,D:\git\sim\outputs\sweep_n_fc_connectivity_n2000_mc20_20260831\connectivity\point_06,KF-DPC,116,5.800000000000001,-0.019134967901177573,0.09868337766293614
connectivity,0.05,p=0.05,6,D:\git\sim\outputs\sweep_n_fc_connectivity_n2000_mc20_20260831\connectivity\point_06,KF-DPC,117,5.8500000000000005,-0.018993123260353937,0.09821073433986348
connectivity,0.05,p=0.05,6,D:\git\sim\outputs\sweep_n_fc_connectivity_n2000_mc20_20260831\connectivity\point_06,KF-DPC,118,5.9,-0.01889913578563774,0.09780917604377157
connectivity,0.05,p=0.05,6,D:\git\sim\outputs\sweep_n_fc_connectivity_n2000_mc20_20260831\connectivity\point_06,KF-DPC,119,5.95,-0.01884305496513041,0.09696084716908776
connectivity,0.05,p=0.05,6,D:\git\sim\outputs\sweep_n_fc_connectivity_n2000_mc20_20260831\connectivity\point_06,KF-DPC,120,6.0,-0.0188753213194681,0.09696472561025117
connectivity,0.05,p=0.05,6,D:\git\sim\outputs\sweep_n_fc_connectivity_n2000_mc20_20260831\connectivity\point_06,KF-DPC,121,6.050000000000001,-0.018779565112644166,0.09677351650748386
connectivity,0.05,p=0.05,6,D:\git\sim\outputs\sweep_n_fc_connectivity_n2000_mc20_20260831\connectivity\point_06,KF-DPC,122,6.1000000000000005,-0.018702812680748512,0.0959943362675203
connectivity,0.05,p=0.05,6,D:\git\sim\outputs\sweep_n_fc_connectivity_n2000_mc20_20260831\connectivity\point_06,KF-DPC,123,6.15,-0.018642429772125872,0.09584781557810523
connectivity,0.05,p=0.05,6,D:\git\sim\outputs\sweep_n_fc_connectivity_n2000_mc20_20260831\connectivity\point_06,KF-DPC,124,6.2,-0.01858302219083197,0.09530449671922456
connectivity,0.05,p=0.05,6,D:\git\sim\outputs\sweep_n_fc_connectivity_n2000_mc20_20260831\connectivity\point_06,KF-DPC,125,6.25,-0.018502102790727348,0.09521936659734613
connectivity,0.05,p=0.05,6,D:\git\sim\outputs\sweep_n_fc_connectivity_n2000_mc20_20260831\connectivity\point_06,KF-DPC,126,6.300000000000001,-0.018472081040822416,0.09502113375339556
connectivity,0.05,p=0.05,6,D:\git\sim\outputs\sweep_n_fc_connectivity_n2000_mc20_20260831\connectivity\point_06,KF-DPC,127,6.3500000000000005,-0.01839633647915739,0.09448730513392452
connectivity,0.05,p=0.05,6,D:\git\sim\outputs\sweep_n_fc_connectivity_n2000_mc20_20260831\connectivity\point_06,KF-DPC,128,6.4,-0.01844054428495016,0.09447220012968484
connectivity,0.05,p=0.05,6,D:\git\sim\outputs\sweep_n_fc_connectivity_n2000_mc20_20260831\connectivity\point_06,KF-DPC,129,6.45,-0.018381339028068492,0.09392211637688891
connectivity,0.05,p=0.05,6,D:\git\sim\outputs\sweep_n_fc_connectivity_n2000_mc20_20260831\connectivity\point_06,KF-DPC,130,6.5,-0.01828058383704434,0.09361559711871387
connectivity,0.05,p=0.05,6,D:\git\sim\outputs\sweep_n_fc_connectivity_n2000_mc20_20260831\connectivity\point_06,KF-DPC,131,6.550000000000001,-0.018210737270244515,0.09296607857811731
connectivity,0.05,p=0.05,6,D:\git\sim\outputs\sweep_n_fc_connectivity_n2000_mc20_20260831\connectivity\point_06,KF-DPC,132,6.6000000000000005,-0.018174312049000593,0.09271749039783236
connectivity,0.05,p=0.05,6,D:\git\sim\outputs\sweep_n_fc_connectivity_n2000_mc20_20260831\connectivity\point_06,KF-DPC,133,6.65,-0.018117469239394966,0.09243109604510882
connectivity,0.05,p=0.05,6,D:\git\sim\outputs\sweep_n_fc_connectivity_n2000_mc20_20260831\connectivity\point_06,KF-DPC,134,6.7,-0.01815061605462257,0.0924453600012129
connectivity,0.05,p=0.05,6,D:\git\sim\outputs\sweep_n_fc_connectivity_n2000_mc20_20260831\connectivity\point_06,KF-DPC,135,6.75,-0.01811797509847522,0.09204499695944016
connectivity,0.05,p=0.05,6,D:\git\sim\outputs\sweep_n_fc_connectivity_n2000_mc20_20260831\connectivity\point_06,KF-DPC,136,6.800000000000001,-0.017984004474833677,0.0915467179564795
connectivity,0.05,p=0.05,6,D:\git\sim\outputs\sweep_n_fc_connectivity_n2000_mc20_20260831\connectivity\point_06,KF-DPC,137,6.8500000000000005,-0.017970696241527362,0.09148359792093344
connectivity,0.05,p=0.05,6,D:\git\sim\outputs\sweep_n_fc_connectivity_n2000_mc20_20260831\connectivity\point_06,KF-DPC,138,6.9,-0.017962783292054477,0.0911706012877003
connectivity,0.05,p=0.05,6,D:\git\sim\outputs\sweep_n_fc_connectivity_n2000_mc20_20260831\connectivity\point_06,KF-DPC,139,6.95,-0.017901788554091018,0.09086221245207515
connectivity,0.05,p=0.05,6,D:\git\sim\outputs\sweep_n_fc_connectivity_n2000_mc20_20260831\connectivity\point_06,KF-DPC,140,7.0,-0.017829861703207297,0.0903835467378832
connectivity,0.05,p=0.05,6,D:\git\sim\outputs\sweep_n_fc_connectivity_n2000_mc20_20260831\connectivity\point_06,KF-DPC,141,7.050000000000001,-0.0178622505736831,0.09037079514734524
connectivity,0.05,p=0.05,6,D:\git\sim\outputs\sweep_n_fc_connectivity_n2000_mc20_20260831\connectivity\point_06,KF-DPC,142,7.1000000000000005,-0.01772343821032017,0.08985016905318552
connectivity,0.05,p=0.05,6,D:\git\sim\outputs\sweep_n_fc_connectivity_n2000_mc20_20260831\connectivity\point_06,KF-DPC,143,7.15,-0.017708707447046515,0.08958174770536169
connectivity,0.05,p=0.05,6,D:\git\sim\outputs\sweep_n_fc_connectivity_n2000_mc20_20260831\connectivity\point_06,KF-DPC,144,7.2,-0.017702709137337833,0.0896580300288288
connectivity,0.05,p=0.05,6,D:\git\sim\outputs\sweep_n_fc_connectivity_n2000_mc20_20260831\connectivity\point_06,KF-DPC,145,7.25,-0.01765158833700932,0.08913948288101445
connectivity,0.05,p=0.05,6,D:\git\sim\outputs\sweep_n_fc_connectivity_n2000_mc20_20260831\connectivity\point_06,KF-DPC,146,7.300000000000001,-0.017646512895308202,0.08879571765187991
connectivity,0.05,p=0.05,6,D:\git\sim\outputs\sweep_n_fc_connectivity_n2000_mc20_20260831\connectivity\point_06,KF-DPC,147,7.3500000000000005,-0.01758509537505427,0.08866494039769554
connectivity,0.05,p=0.05,6,D:\git\sim\outputs\sweep_n_fc_connectivity_n2000_mc20_20260831\connectivity\point_06,KF-DPC,148,7.4,-0.01753940592081034,0.08827711820508329
connectivity,0.05,p=0.05,6,D:\git\sim\outputs\sweep_n_fc_connectivity_n2000_mc20_20260831\connectivity\point_06,KF-DPC,149,7.45,-0.017490183891987032,0.08796353384888257
connectivity,0.05,p=0.05,6,D:\git\sim\outputs\sweep_n_fc_connectivity_n2000_mc20_20260831\connectivity\point_06,KF-DPC,150,7.5,-0.017467349808470204,0.08781232311172028
connectivity,0.05,p=0.05,6,D:\git\sim\outputs\sweep_n_fc_connectivity_n2000_mc20_20260831\connectivity\point_06,KF-DPC,151,7.550000000000001,-0.017494353311981212,0.08768871947700159
connectivity,0.05,p=0.05,6,D:\git\sim\outputs\sweep_n_fc_connectivity_n2000_mc20_20260831\connectivity\point_06,KF-DPC,152,7.6000000000000005,-0.017386541887272434,0.08731147445144886
connectivity,0.05,p=0.05,6,D:\git\sim\outputs\sweep_n_fc_connectivity_n2000_mc20_20260831\connectivity\point_06,KF-DPC,153,7.65,-0.01741949526089338,0.08720779215066457
connectivity,0.05,p=0.05,6,D:\git\sim\outputs\sweep_n_fc_connectivity_n2000_mc20_20260831\connectivity\point_06,KF-DPC,154,7.7,-0.017417512386079127,0.08688942242134248
connectivity,0.05,p=0.05,6,D:\git\sim\outputs\sweep_n_fc_connectivity_n2000_mc20_20260831\connectivity\point_06,KF-DPC,155,7.75,-0.01729742617580901,0.08657487625517032
connectivity,0.05,p=0.05,6,D:\git\sim\outputs\sweep_n_fc_connectivity_n2000_mc20_20260831\connectivity\point_06,KF-DPC,156,7.800000000000001,-0.017381563767288548,0.08672913650481605
connectivity,0.05,p=0.05,6,D:\git\sim\outputs\sweep_n_fc_connectivity_n2000_mc20_20260831\connectivity\point_06,KF-DPC,157,7.8500000000000005,-0.017319295637964638,0.08626423186179225
connectivity,0.05,p=0.05,6,D:\git\sim\outputs\sweep_n_fc_connectivity_n2000_mc20_20260831\connectivity\point_06,KF-DPC,158,7.9,-0.017286982043868932,0.08621756922166277
connectivity,0.05,p=0.05,6,D:\git\sim\outputs\sweep_n_fc_connectivity_n2000_mc20_20260831\connectivity\point_06,KF-DPC,159,7.95,-0.01725852598756217,0.08610699387304459
connectivity,0.05,p=0.05,6,D:\git\sim\outputs\sweep_n_fc_connectivity_n2000_mc20_20260831\connectivity\point_06,KF-DPC,160,8.0,-0.017239525342574814,0.08587257745147596
connectivity,0.05,p=0.05,6,D:\git\sim\outputs\sweep_n_fc_connectivity_n2000_mc20_20260831\connectivity\point_06,KF-DPC,161,8.05,-0.017174674218461514,0.08543401855541326
connectivity,0.05,p=0.05,6,D:\git\sim\outputs\sweep_n_fc_connectivity_n2000_mc20_20260831\connectivity\point_06,KF-DPC,162,8.1,-0.017227899581118332,0.08532844895252159
connectivity,0.05,p=0.05,6,D:\git\sim\outputs\sweep_n_fc_connectivity_n2000_mc20_20260831\connectivity\point_06,KF-DPC,163,8.15,-0.017151069112063856,0.08509407566519164
connectivity,0.05,p=0.05,6,D:\git\sim\outputs\sweep_n_fc_connectivity_n2000_mc20_20260831\connectivity\point_06,KF-DPC,164,8.200000000000001,-0.0171577180872885,0.08475440504761703
connectivity,0.05,p=0.05,6,D:\git\sim\outputs\sweep_n_fc_connectivity_n2000_mc20_20260831\connectivity\point_06,KF-DPC,165,8.25,-0.01712764764748151,0.08476298436517904
connectivity,0.05,p=0.05,6,D:\git\sim\outputs\sweep_n_fc_connectivity_n2000_mc20_20260831\connectivity\point_06,KF-DPC,166,8.3,-0.017112463744315857,0.08479420511981291
connectivity,0.05,p=0.05,6,D:\git\sim\outputs\sweep_n_fc_connectivity_n2000_mc20_20260831\connectivity\point_06,KF-DPC,167,8.35,-0.017117018604660396,0.08457955301772703
connectivity,0.05,p=0.05,6,D:\git\sim\outputs\sweep_n_fc_connectivity_n2000_mc20_20260831\connectivity\point_06,KF-DPC,168,8.4,-0.017027925481660572,0.08412992494421573
connectivity,0.05,p=0.05,6,D:\git\sim\outputs\sweep_n_fc_connectivity_n2000_mc20_20260831\connectivity\point_06,KF-DPC,169,8.450000000000001,-0.01700789261664014,0.08396568075568062
connectivity,0.05,p=0.05,6,D:\git\sim\outputs\sweep_n_fc_connectivity_n2000_mc20_20260831\connectivity\point_06,KF-DPC,170,8.5,-0.017034921770645604,0.08397039046923818
connectivity,0.05,p=0.05,6,D:\git\sim\outputs\sweep_n_fc_connectivity_n2000_mc20_20260831\connectivity\point_06,KF-DPC,171,8.55,-0.01700562620508457,0.08373457710789792
connectivity,0.05,p=0.05,6,D:\git\sim\outputs\sweep_n_fc_connectivity_n2000_mc20_20260831\connectivity\point_06,KF-DPC,172,8.6,-0.016994551143127416,0.08371243211686688
connectivity,0.05,p=0.05,6,D:\git\sim\outputs\sweep_n_fc_connectivity_n2000_mc20_20260831\connectivity\point_06,KF-DPC,173,8.65,-0.016884532972138287,0.08319717228772604
connectivity,0.05,p=0.05,6,D:\git\sim\outputs\sweep_n_fc_connectivity_n2000_mc20_20260831\connectivity\point_06,KF-DPC,174,8.700000000000001,-0.016896517926804036,0.08300496835716623
connectivity,0.05,p=0.05,6,D:\git\sim\outputs\sweep_n_fc_connectivity_n2000_mc20_20260831\connectivity\point_06,KF-DPC,175,8.75,-0.016889041678139757,0.0828615366683055
connectivity,0.05,p=0.05,6,D:\git\sim\outputs\sweep_n_fc_connectivity_n2000_mc20_20260831\connectivity\point_06,KF-DPC,176,8.8,-0.016869043462471436,0.08292894681115959
connectivity,0.05,p=0.05,6,D:\git\sim\outputs\sweep_n_fc_connectivity_n2000_mc20_20260831\connectivity\point_06,KF-DPC,177,8.85,-0.016829517127334385,0.08242152412936632
connectivity,0.05,p=0.05,6,D:\git\sim\outputs\sweep_n_fc_connectivity_n2000_mc20_20260831\connectivity\point_06,KF-DPC,178,8.9,-0.01681142443792446,0.08258089679209205
connectivity,0.05,p=0.05,6,D:\git\sim\outputs\sweep_n_fc_connectivity_n2000_mc20_20260831\connectivity\point_06,KF-DPC,179,8.950000000000001,-0.016758705130736275,0.0822182485627073
connectivity,0.05,p=0.05,6,D:\git\sim\outputs\sweep_n_fc_connectivity_n2000_mc20_20260831\connectivity\point_06,KF-DPC,180,9.0,-0.016806066237646067,0.08219219221610753
connectivity,0.05,p=0.05,6,D:\git\sim\outputs\sweep_n_fc_connectivity_n2000_mc20_20260831\connectivity\point_06,KF-DPC,181,9.05,-0.016753388218674906,0.08191463590831218
connectivity,0.05,p=0.05,6,D:\git\sim\outputs\sweep_n_fc_connectivity_n2000_mc20_20260831\connectivity\point_06,KF-DPC,182,9.1,-0.016805404628541576,0.08164579911996764
connectivity,0.05,p=0.05,6,D:\git\sim\outputs\sweep_n_fc_connectivity_n2000_mc20_20260831\connectivity\point_06,KF-DPC,183,9.15,-0.016750090408324207,0.08168246340651855
connectivity,0.05,p=0.05,6,D:\git\sim\outputs\sweep_n_fc_connectivity_n2000_mc20_20260831\connectivity\point_06,KF-DPC,184,9.200000000000001,-0.016690657388955615,0.0813364484519796
connectivity,0.05,p=0.05,6,D:\git\sim\outputs\sweep_n_fc_connectivity_n2000_mc20_20260831\connectivity\point_06,KF-DPC,185,9.25,-0.016651300274236794,0.08129837714745733
connectivity,0.05,p=0.05,6,D:\git\sim\outputs\sweep_n_fc_connectivity_n2000_mc20_20260831\connectivity\point_06,KF-DPC,186,9.3,-0.01664677779494029,0.08102356011801479
connectivity,0.05,p=0.05,6,D:\git\sim\outputs\sweep_n_fc_connectivity_n2000_mc20_20260831\connectivity\point_06,KF-DPC,187,9.35,-0.016630716258255917,0.08089687612009495
connectivity,0.05,p=0.05,6,D:\git\sim\outputs\sweep_n_fc_connectivity_n2000_mc20_20260831\connectivity\point_06,KF-DPC,188,9.4,-0.016609667582101122,0.08097523005569736
connectivity,0.05,p=0.05,6,D:\git\sim\outputs\sweep_n_fc_connectivity_n2000_mc20_20260831\connectivity\point_06,KF-DPC,189,9.450000000000001,-0.01660313319578061,0.08074680526363201
connectivity,0.05,p=0.05,6,D:\git\sim\outputs\sweep_n_fc_connectivity_n2000_mc20_20260831\connectivity\point_06,KF-DPC,190,9.5,-0.01658912985736792,0.08069983119677157
connectivity,0.05,p=0.05,6,D:\git\sim\outputs\sweep_n_fc_connectivity_n2000_mc20_20260831\connectivity\point_06,KF-DPC,191,9.55,-0.01654047891841893,0.0804885607833951
connectivity,0.05,p=0.05,6,D:\git\sim\outputs\sweep_n_fc_connectivity_n2000_mc20_20260831\connectivity\point_06,KF-DPC,192,9.600000000000001,-0.01654614290667896,0.08039666467567848
connectivity,0.05,p=0.05,6,D:\git\sim\outputs\sweep_n_fc_connectivity_n2000_mc20_20260831\connectivity\point_06,KF-DPC,193,9.65,-0.016491339411495526,0.08034050575723448
connectivity,0.05,p=0.05,6,D:\git\sim\outputs\sweep_n_fc_connectivity_n2000_mc20_20260831\connectivity\point_06,KF-DPC,194,9.700000000000001,-0.016469401347486926,0.07982395982207593
connectivity,0.05,p=0.05,6,D:\git\sim\outputs\sweep_n_fc_connectivity_n2000_mc20_20260831\connectivity\point_06,KF-DPC,195,9.75,-0.01647120993840693,0.07984502812508595
connectivity,0.05,p=0.05,6,D:\git\sim\outputs\sweep_n_fc_connectivity_n2000_mc20_20260831\connectivity\point_06,KF-DPC,196,9.8,-0.01646487935348031,0.07980068132679644
connectivity,0.05,p=0.05,6,D:\git\sim\outputs\sweep_n_fc_connectivity_n2000_mc20_20260831\connectivity\point_06,KF-DPC,197,9.850000000000001,-0.01640146339591919,0.0794137921679264
connectivity,0.05,p=0.05,6,D:\git\sim\outputs\sweep_n_fc_connectivity_n2000_mc20_20260831\connectivity\point_06,KF-DPC,198,9.9,-0.01644472695247197,0.07954125496444384
connectivity,0.05,p=0.05,6,D:\git\sim\outputs\sweep_n_fc_connectivity_n2000_mc20_20260831\connectivity\point_06,KF-DPC,199,9.950000000000001,-0.01641463671067287,0.0794720468465389
connectivity,0.05,p=0.05,6,D:\git\sim\outputs\sweep_n_fc_connectivity_n2000_mc20_20260831\connectivity\point_06,KF-DPC,200,10.0,-0.016421575514240692,0.07922241857317942
connectivity,0.05,p=0.05,6,D:\git\sim\outputs\sweep_n_fc_connectivity_n2000_mc20_20260831\connectivity\point_06,KF-DPC,201,10.05,-0.016330705451236244,0.07891358122629356
connectivity,0.05,p=0.05,6,D:\git\sim\outputs\sweep_n_fc_connectivity_n2000_mc20_20260831\connectivity\point_06,KF-DPC,202,10.100000000000001,-0.016364127000461626,0.07910064889539963
connectivity,0.05,p=0.05,6,D:\git\sim\outputs\sweep_n_fc_connectivity_n2000_mc20_20260831\connectivity\point_06,KF-DPC,203,10.15,-0.01637742278391467,0.07879555337082617
connectivity,0.05,p=0.05,6,D:\git\sim\outputs\sweep_n_fc_connectivity_n2000_mc20_20260831\connectivity\point_06,KF-DPC,204,10.200000000000001,-0.016429985760437835,0.07909699770120894
connectivity,0.05,p=0.05,6,D:\git\sim\outputs\sweep_n_fc_connectivity_n2000_mc20_20260831\connectivity\point_06,KF-DPC,205,10.25,-0.016370350112878903,0.07883633237654046
connectivity,0.05,p=0.05,6,D:\git\sim\outputs\sweep_n_fc_connectivity_n2000_mc20_20260831\connectivity\point_06,KF-DPC,206,10.3,-0.016308189809622092,0.07829326169454934
connectivity,0.05,p=0.05,6,D:\git\sim\outputs\sweep_n_fc_connectivity_n2000_mc20_20260831\connectivity\point_06,KF-DPC,207,10.350000000000001,-0.01633449851555121,0.07839493262727917
connectivity,0.05,p=0.05,6,D:\git\sim\outputs\sweep_n_fc_connectivity_n2000_mc20_20260831\connectivity\point_06,KF-DPC,208,10.4,-0.016312458309749582,0.07833572105358709
connectivity,0.05,p=0.05,6,D:\git\sim\outputs\sweep_n_fc_connectivity_n2000_mc20_20260831\connectivity\point_06,KF-DPC,209,10.450000000000001,-0.016312724728512317,0.07808145799243867
connectivity,0.05,p=0.05,6,D:\git\sim\outputs\sweep_n_fc_connectivity_n2000_mc20_20260831\connectivity\point_06,KF-DPC,210,10.5,-0.016281863142153977,0.07805619355986823
connectivity,0.05,p=0.05,6,D:\git\sim\outputs\sweep_n_fc_connectivity_n2000_mc20_20260831\connectivity\point_06,KF-DPC,211,10.55,-0.01628062631912407,0.07785488963427734
connectivity,0.05,p=0.05,6,D:\git\sim\outputs\sweep_n_fc_connectivity_n2000_mc20_20260831\connectivity\point_06,KF-DPC,212,10.600000000000001,-0.01628906772089075,0.07800579754611474
connectivity,0.05,p=0.05,6,D:\git\sim\outputs\sweep_n_fc_connectivity_n2000_mc20_20260831\connectivity\point_06,KF-DPC,213,10.65,-0.016290121279558027,0.07796984796433813
connectivity,0.05,p=0.05,6,D:\git\sim\outputs\sweep_n_fc_connectivity_n2000_mc20_20260831\connectivity\point_06,KF-DPC,214,10.700000000000001,-0.016242980688948187,0.07762745279865808
connectivity,0.05,p=0.05,6,D:\git\sim\outputs\sweep_n_fc_connectivity_n2000_mc20_20260831\connectivity\point_06,KF-DPC,215,10.75,-0.01623349793259246,0.07766537446422742
connectivity,0.05,p=0.05,6,D:\git\sim\outputs\sweep_n_fc_connectivity_n2000_mc20_20260831\connectivity\point_06,KF-DPC,216,10.8,-0.01621133960078456,0.07753343729489472
connectivity,0.05,p=0.05,6,D:\git\sim\outputs\sweep_n_fc_connectivity_n2000_mc20_20260831\connectivity\point_06,KF-DPC,217,10.850000000000001,-0.01619593257831501,0.07726606159548359
connectivity,0.05,p=0.05,6,D:\git\sim\outputs\sweep_n_fc_connectivity_n2000_mc20_20260831\connectivity\point_06,KF-DPC,218,10.9,-0.016159553492794954,0.07738898130015226
connectivity,0.05,p=0.05,6,D:\git\sim\outputs\sweep_n_fc_connectivity_n2000_mc20_20260831\connectivity\point_06,KF-DPC,219,10.950000000000001,-0.01617681068145666,0.07720292958984767
connectivity,0.05,p=0.05,6,D:\git\sim\outputs\sweep_n_fc_connectivity_n2000_mc20_20260831\connectivity\point_06,KF-DPC,220,11.0,-0.016174321344098203,0.07705719369919287
connectivity,0.05,p=0.05,6,D:\git\sim\outputs\sweep_n_fc_connectivity_n2000_mc20_20260831\connectivity\point_06,KF-DPC,221,11.05,-0.016253027670857817,0.07734929560573366
connectivity,0.05,p=0.05,6,D:\git\sim\outputs\sweep_n_fc_connectivity_n2000_mc20_20260831\connectivity\point_06,KF-DPC,222,11.100000000000001,-0.016221547992049515,0.07713311482854508
connectivity,0.05,p=0.05,6,D:\git\sim\outputs\sweep_n_fc_connectivity_n2000_mc20_20260831\connectivity\point_06,KF-DPC,223,11.15,-0.016178235924379048,0.07693737687298242
connectivity,0.05,p=0.05,6,D:\git\sim\outputs\sweep_n_fc_connectivity_n2000_mc20_20260831\connectivity\point_06,KF-DPC,224,11.200000000000001,-0.016169019969401902,0.07697661487454109
connectivity,0.05,p=0.05,6,D:\git\sim\outputs\sweep_n_fc_connectivity_n2000_mc20_20260831\connectivity\point_06,KF-DPC,225,11.25,-0.01613358226773497,0.07678394987511701
connectivity,0.05,p=0.05,6,D:\git\sim\outputs\sweep_n_fc_connectivity_n2000_mc20_20260831\connectivity\point_06,KF-DPC,226,11.3,-0.016142688175221877,0.0767274892900323
connectivity,0.05,p=0.05,6,D:\git\sim\outputs\sweep_n_fc_connectivity_n2000_mc20_20260831\connectivity\point_06,KF-DPC,227,11.350000000000001,-0.016124814221911737,0.07676735111761904
connectivity,0.05,p=0.05,6,D:\git\sim\outputs\sweep_n_fc_connectivity_n2000_mc20_20260831\connectivity\point_06,KF-DPC,228,11.4,-0.016121451549697016,0.07663865615823726
connectivity,0.05,p=0.05,6,D:\git\sim\outputs\sweep_n_fc_connectivity_n2000_mc20_20260831\connectivity\point_06,KF-DPC,229,11.450000000000001,-0.016163547409531392,0.0767910302738986
connectivity,0.05,p=0.05,6,D:\git\sim\outputs\sweep_n_fc_connectivity_n2000_mc20_20260831\connectivity\point_06,KF-DPC,230,11.5,-0.016105092892570623,0.07652326403015382
connectivity,0.05,p=0.05,6,D:\git\sim\outputs\sweep_n_fc_connectivity_n2000_mc20_20260831\connectivity\point_06,KF-DPC,231,11.55,-0.016191180899166498,0.07675775529160192
connectivity,0.05,p=0.05,6,D:\git\sim\outputs\sweep_n_fc_connectivity_n2000_mc20_20260831\connectivity\point_06,KF-DPC,232,11.600000000000001,-0.016092071724370213,0.07642789372542494
connectivity,0.05,p=0.05,6,D:\git\sim\outputs\sweep_n_fc_connectivity_n2000_mc20_20260831\connectivity\point_06,KF-DPC,233,11.65,-0.016112904211656037,0.0764162509681087
connectivity,0.05,p=0.05,6,D:\git\sim\outputs\sweep_n_fc_connectivity_n2000_mc20_20260831\connectivity\point_06,KF-DPC,234,11.700000000000001,-0.01607809638998551,0.07621643469695298
connectivity,0.05,p=0.05,6,D:\git\sim\outputs\sweep_n_fc_connectivity_n2000_mc20_20260831\connectivity\point_06,KF-DPC,235,11.75,-0.016104727136518622,0.07610218945106281
connectivity,0.05,p=0.05,6,D:\git\sim\outputs\sweep_n_fc_connectivity_n2000_mc20_20260831\connectivity\point_06,KF-DPC,236,11.8,-0.016104962347626338,0.07630522911082271
connectivity,0.05,p=0.05,6,D:\git\sim\outputs\sweep_n_fc_connectivity_n2000_mc20_20260831\connectivity\point_06,KF-DPC,237,11.850000000000001,-0.01606575585469935,0.07592200239680776
connectivity,0.05,p=0.05,6,D:\git\sim\outputs\sweep_n_fc_connectivity_n2000_mc20_20260831\connectivity\point_06,KF-DPC,238,11.9,-0.016073779139761196,0.07611662129473534
connectivity,0.05,p=0.05,6,D:\git\sim\outputs\sweep_n_fc_connectivity_n2000_mc20_20260831\connectivity\point_06,KF-DPC,239,11.950000000000001,-0.0160541266679737,0.07607903428076285
connectivity,0.1,p=0.1,7,D:\git\sim\outputs\sweep_n_fc_connectivity_n2000_mc20_20260831\connectivity\point_07,DPC,0,0.0,-0.8272739841424902,1.0349031281904355
connectivity,0.1,p=0.1,7,D:\git\sim\outputs\sweep_n_fc_connectivity_n2000_mc20_20260831\connectivity\point_07,DPC,1,0.05,-0.8265831312617,1.0354268640668598
connectivity,0.1,p=0.1,7,D:\git\sim\outputs\sweep_n_fc_connectivity_n2000_mc20_20260831\connectivity\point_07,DPC,2,0.1,-0.8060608207158091,1.02209792100961
connectivity,0.1,p=0.1,7,D:\git\sim\outputs\sweep_n_fc_connectivity_n2000_mc20_20260831\connectivity\point_07,DPC,3,0.15000000000000002,-0.8089189775075588,1.0241781139276296
connectivity,0.1,p=0.1,7,D:\git\sim\outputs\sweep_n_fc_connectivity_n2000_mc20_20260831\connectivity\point_07,DPC,4,0.2,-0.8073233950355506,1.023930954569871
connectivity,0.1,p=0.1,7,D:\git\sim\outputs\sweep_n_fc_connectivity_n2000_mc20_20260831\connectivity\point_07,DPC,5,0.25,-0.7972640706533916,1.0152815730967997
connectivity,0.1,p=0.1,7,D:\git\sim\outputs\sweep_n_fc_connectivity_n2000_mc20_20260831\connectivity\point_07,DPC,6,0.30000000000000004,-0.802780380739345,1.019630870634208
connectivity,0.1,p=0.1,7,D:\git\sim\outputs\sweep_n_fc_connectivity_n2000_mc20_20260831\connectivity\point_07,DPC,7,0.35000000000000003,-0.7877168608750302,1.009401377194433
connectivity,0.1,p=0.1,7,D:\git\sim\outputs\sweep_n_fc_connectivity_n2000_mc20_20260831\connectivity\point_07,DPC,8,0.4,-0.7875160167580669,1.0102662174812138
connectivity,0.1,p=0.1,7,D:\git\sim\outputs\sweep_n_fc_connectivity_n2000_mc20_20260831\connectivity\point_07,DPC,9,0.45,-0.7921059106471167,1.0119287517276392
connectivity,0.1,p=0.1,7,D:\git\sim\outputs\sweep_n_fc_connectivity_n2000_mc20_20260831\connectivity\point_07,DPC,10,0.5,-0.7934575156004484,1.0139812201112601
connectivity,0.1,p=0.1,7,D:\git\sim\outputs\sweep_n_fc_connectivity_n2000_mc20_20260831\connectivity\point_07,DPC,11,0.55,-0.784022970138596,1.0072082818970904
connectivity,0.1,p=0.1,7,D:\git\sim\outputs\sweep_n_fc_connectivity_n2000_mc20_20260831\connectivity\point_07,DPC,12,0.6000000000000001,-0.788582949987453,1.0093808636237034
connectivity,0.1,p=0.1,7,D:\git\sim\outputs\sweep_n_fc_connectivity_n2000_mc20_20260831\connectivity\point_07,DPC,13,0.65,-0.7848805090808382,1.0076243938750586
connectivity,0.1,p=0.1,7,D:\git\sim\outputs\sweep_n_fc_connectivity_n2000_mc20_20260831\connectivity\point_07,DPC,14,0.7000000000000001,-0.7860661440060223,1.0098926792688554
connectivity,0.1,p=0.1,7,D:\git\sim\outputs\sweep_n_fc_connectivity_n2000_mc20_20260831\connectivity\point_07,DPC,15,0.75,-0.7809749014809458,1.0066321821356936
connectivity,0.1,p=0.1,7,D:\git\sim\outputs\sweep_n_fc_connectivity_n2000_mc20_20260831\connectivity\point_07,DPC,16,0.8,-0.7911346682913039,1.010798782255185
connectivity,0.1,p=0.1,7,D:\git\sim\outputs\sweep_n_fc_connectivity_n2000_mc20_20260831\connectivity\point_07,DPC,17,0.8500000000000001,-0.7812036928779627,1.0054751860119775
connectivity,0.1,p=0.1,7,D:\git\sim\outputs\sweep_n_fc_connectivity_n2000_mc20_20260831\connectivity\point_07,DPC,18,0.9,-0.7810917638533419,1.004606261218341
connectivity,0.1,p=0.1,7,D:\git\sim\outputs\sweep_n_fc_connectivity_n2000_mc20_20260831\connectivity\point_07,DPC,19,0.9500000000000001,-0.7890209568313479,1.0110642661776512
connectivity,0.1,p=0.1,7,D:\git\sim\outputs\sweep_n_fc_connectivity_n2000_mc20_20260831\connectivity\point_07,DPC,20,1.0,-0.7783425724579834,1.0034291043511243
connectivity,0.1,p=0.1,7,D:\git\sim\outputs\sweep_n_fc_connectivity_n2000_mc20_20260831\connectivity\point_07,DPC,21,1.05,-0.7841838487635909,1.0065703772191967
connectivity,0.1,p=0.1,7,D:\git\sim\outputs\sweep_n_fc_connectivity_n2000_mc20_20260831\connectivity\point_07,DPC,22,1.1,-0.785051883567819,1.0075175235914573
connectivity,0.1,p=0.1,7,D:\git\sim\outputs\sweep_n_fc_connectivity_n2000_mc20_20260831\connectivity\point_07,DPC,23,1.1500000000000001,-0.7830826454561832,1.0076759420008297
connectivity,0.1,p=0.1,7,D:\git\sim\outputs\sweep_n_fc_connectivity_n2000_mc20_20260831\connectivity\point_07,DPC,24,1.2000000000000002,-0.7793901046999129,1.0048809363684457
connectivity,0.1,p=0.1,7,D:\git\sim\outputs\sweep_n_fc_connectivity_n2000_mc20_20260831\connectivity\point_07,DPC,25,1.25,-0.7776504578219838,1.0033729808275476
connectivity,0.1,p=0.1,7,D:\git\sim\outputs\sweep_n_fc_connectivity_n2000_mc20_20260831\connectivity\point_07,DPC,26,1.3,-0.7824017477855877,1.0058272578364842
connectivity,0.1,p=0.1,7,D:\git\sim\outputs\sweep_n_fc_connectivity_n2000_mc20_20260831\connectivity\point_07,DPC,27,1.35,-0.7847061891492491,1.0071025240690856
connectivity,0.1,p=0.1,7,D:\git\sim\outputs\sweep_n_fc_connectivity_n2000_mc20_20260831\connectivity\point_07,DPC,28,1.4000000000000001,-0.7744904265074203,1.0015127279661873
connectivity,0.1,p=0.1,7,D:\git\sim\outputs\sweep_n_fc_connectivity_n2000_mc20_20260831\connectivity\point_07,DPC,29,1.4500000000000002,-0.7726791643945194,0.999939355225243
connectivity,0.1,p=0.1,7,D:\git\sim\outputs\sweep_n_fc_connectivity_n2000_mc20_20260831\connectivity\point_07,DPC,30,1.5,-0.7878438631209937,1.009102369267512
connectivity,0.1,p=0.1,7,D:\git\sim\outputs\sweep_n_fc_connectivity_n2000_mc20_20260831\connectivity\point_07,DPC,31,1.55,-0.7823014201529759,1.0053402417896313
connectivity,0.1,p=0.1,7,D:\git\sim\outputs\sweep_n_fc_connectivity_n2000_mc20_20260831\connectivity\point_07,DPC,32,1.6,-0.7771324927180479,1.0032734763166948
connectivity,0.1,p=0.1,7,D:\git\sim\outputs\sweep_n_fc_connectivity_n2000_mc20_20260831\connectivity\point_07,DPC,33,1.6500000000000001,-0.7786632480121215,1.0032412153684518
connectivity,0.1,p=0.1,7,D:\git\sim\outputs\sweep_n_fc_connectivity_n2000_mc20_20260831\connectivity\point_07,DPC,34,1.7000000000000002,-0.7786547023158763,1.0038466422653856
connectivity,0.1,p=0.1,7,D:\git\sim\outputs\sweep_n_fc_connectivity_n2000_mc20_20260831\connectivity\point_07,DPC,35,1.75,-0.77083650260236,0.9991565926833103
connectivity,0.1,p=0.1,7,D:\git\sim\outputs\sweep_n_fc_connectivity_n2000_mc20_20260831\connectivity\point_07,DPC,36,1.8,-0.777014140244018,1.0022776142237835
connectivity,0.1,p=0.1,7,D:\git\sim\outputs\sweep_n_fc_connectivity_n2000_mc20_20260831\connectivity\point_07,DPC,37,1.85,-0.7746743144394168,1.001820096513363
connectivity,0.1,p=0.1,7,D:\git\sim\outputs\sweep_n_fc_connectivity_n2000_mc20_20260831\connectivity\point_07,DPC,38,1.9000000000000001,-0.7760347433534825,1.0021186121936043
connectivity,0.1,p=0.1,7,D:\git\sim\outputs\sweep_n_fc_connectivity_n2000_mc20_20260831\connectivity\point_07,DPC,39,1.9500000000000002,-0.7684393945430988,0.9979327143875993
connectivity,0.1,p=0.1,7,D:\git\sim\outputs\sweep_n_fc_connectivity_n2000_mc20_20260831\connectivity\point_07,DPC,40,2.0,-0.7745683246544139,1.00005915821195
connectivity,0.1,p=0.1,7,D:\git\sim\outputs\sweep_n_fc_connectivity_n2000_mc20_20260831\connectivity\point_07,DPC,41,2.0500000000000003,-0.7684041881696067,0.9969430336386067
connectivity,0.1,p=0.1,7,D:\git\sim\outputs\sweep_n_fc_connectivity_n2000_mc20_20260831\connectivity\point_07,DPC,42,2.1,-0.7860141793510472,1.0081666878436149
connectivity,0.1,p=0.1,7,D:\git\sim\outputs\sweep_n_fc_connectivity_n2000_mc20_20260831\connectivity\point_07,DPC,43,2.15,-0.779473415315584,1.0059788640985445
connectivity,0.1,p=0.1,7,D:\git\sim\outputs\sweep_n_fc_connectivity_n2000_mc20_20260831\connectivity\point_07,DPC,44,2.2,-0.776078629281324,1.002193842485243
connectivity,0.1,p=0.1,7,D:\git\sim\outputs\sweep_n_fc_connectivity_n2000_mc20_20260831\connectivity\point_07,DPC,45,2.25,-0.7692513204799523,0.9972761115447222
connectivity,0.1,p=0.1,7,D:\git\sim\outputs\sweep_n_fc_connectivity_n2000_mc20_20260831\connectivity\point_07,DPC,46,2.3000000000000003,-0.766741024853813,0.9962632110849524
connectivity,0.1,p=0.1,7,D:\git\sim\outputs\sweep_n_fc_connectivity_n2000_mc20_20260831\connectivity\point_07,DPC,47,2.35,-0.7790029901883321,1.0039680973352103
connectivity,0.1,p=0.1,7,D:\git\sim\outputs\sweep_n_fc_connectivity_n2000_mc20_20260831\connectivity\point_07,DPC,48,2.4000000000000004,-0.7826021528338187,1.0067652731050714
connectivity,0.1,p=0.1,7,D:\git\sim\outputs\sweep_n_fc_connectivity_n2000_mc20_20260831\connectivity\point_07,DPC,49,2.45,-0.7716459611828241,0.9991541809142117
connectivity,0.1,p=0.1,7,D:\git\sim\outputs\sweep_n_fc_connectivity_n2000_mc20_20260831\connectivity\point_07,DPC,50,2.5,-0.7817877749575839,1.0049294560023387
connectivity,0.1,p=0.1,7,D:\git\sim\outputs\sweep_n_fc_connectivity_n2000_mc20_20260831\connectivity\point_07,DPC,51,2.5500000000000003,-0.774115809466565,1.0010205135560528
connectivity,0.1,p=0.1,7,D:\git\sim\outputs\sweep_n_fc_connectivity_n2000_mc20_20260831\connectivity\point_07,DPC,52,2.6,-0.7802481661419635,1.0049587322636409
connectivity,0.1,p=0.1,7,D:\git\sim\outputs\sweep_n_fc_connectivity_n2000_mc20_20260831\connectivity\point_07,DPC,53,2.6500000000000004,-0.77383864905457,1.00028282148621
connectivity,0.1,p=0.1,7,D:\git\sim\outputs\sweep_n_fc_connectivity_n2000_mc20_20260831\connectivity\point_07,DPC,54,2.7,-0.7746052736572082,1.0009411237425714
connectivity,0.1,p=0.1,7,D:\git\sim\outputs\sweep_n_fc_connectivity_n2000_mc20_20260831\connectivity\point_07,DPC,55,2.75,-0.7632464931257794,0.9935189718535558
connectivity,0.1,p=0.1,7,D:\git\sim\outputs\sweep_n_fc_connectivity_n2000_mc20_20260831\connectivity\point_07,DPC,56,2.8000000000000003,-0.7840848684400102,1.0061813575000342
connectivity,0.1,p=0.1,7,D:\git\sim\outputs\sweep_n_fc_connectivity_n2000_mc20_20260831\connectivity\point_07,DPC,57,2.85,-0.77627328652614,1.0014925360426692
connectivity,0.1,p=0.1,7,D:\git\sim\outputs\sweep_n_fc_connectivity_n2000_mc20_20260831\connectivity\point_07,DPC,58,2.9000000000000004,-0.7786217142212866,1.0040323595876615
connectivity,0.1,p=0.1,7,D:\git\sim\outputs\sweep_n_fc_connectivity_n2000_mc20_20260831\connectivity\point_07,DPC,59,2.95,-0.7766141575248892,1.0025594147788213
connectivity,0.1,p=0.1,7,D:\git\sim\outputs\sweep_n_fc_connectivity_n2000_mc20_20260831\connectivity\point_07,DPC,60,3.0,-0.7737658368926558,1.0012223605143646
connectivity,0.1,p=0.1,7,D:\git\sim\outputs\sweep_n_fc_connectivity_n2000_mc20_20260831\connectivity\point_07,DPC,61,3.0500000000000003,-0.7807721965899179,1.0047051731315713
connectivity,0.1,p=0.1,7,D:\git\sim\outputs\sweep_n_fc_connectivity_n2000_mc20_20260831\connectivity\point_07,DPC,62,3.1,-0.7794629563721236,1.0038572196968838
connectivity,0.1,p=0.1,7,D:\git\sim\outputs\sweep_n_fc_connectivity_n2000_mc20_20260831\connectivity\point_07,DPC,63,3.1500000000000004,-0.7693633423219981,0.9974674391496704
connectivity,0.1,p=0.1,7,D:\git\sim\outputs\sweep_n_fc_connectivity_n2000_mc20_20260831\connectivity\point_07,DPC,64,3.2,-0.7824142693214463,1.0058616350732998
connectivity,0.1,p=0.1,7,D:\git\sim\outputs\sweep_n_fc_connectivity_n2000_mc20_20260831\connectivity\point_07,DPC,65,3.25,-0.780836129312119,1.0040502758002408
connectivity,0.1,p=0.1,7,D:\git\sim\outputs\sweep_n_fc_connectivity_n2000_mc20_20260831\connectivity\point_07,DPC,66,3.3000000000000003,-0.767810960429417,0.9966276703851268
connectivity,0.1,p=0.1,7,D:\git\sim\outputs\sweep_n_fc_connectivity_n2000_mc20_20260831\connectivity\point_07,DPC,67,3.35,-0.7744623747970443,1.0013440707605752
connectivity,0.1,p=0.1,7,D:\git\sim\outputs\sweep_n_fc_connectivity_n2000_mc20_20260831\connectivity\point_07,DPC,68,3.4000000000000004,-0.773661572344063,0.9990935198323957
connectivity,0.1,p=0.1,7,D:\git\sim\outputs\sweep_n_fc_connectivity_n2000_mc20_20260831\connectivity\point_07,DPC,69,3.45,-0.7781250672308262,1.0032952760917941
connectivity,0.1,p=0.1,7,D:\git\sim\outputs\sweep_n_fc_connectivity_n2000_mc20_20260831\connectivity\point_07,DPC,70,3.5,-0.7803738094200579,1.0052285277928374
connectivity,0.1,p=0.1,7,D:\git\sim\outputs\sweep_n_fc_connectivity_n2000_mc20_20260831\connectivity\point_07,DPC,71,3.5500000000000003,-0.7776191211427665,1.0028282750772335
connectivity,0.1,p=0.1,7,D:\git\sim\outputs\sweep_n_fc_connectivity_n2000_mc20_20260831\connectivity\point_07,DPC,72,3.6,-0.7738316391644041,1.0002209351317943
connectivity,0.1,p=0.1,7,D:\git\sim\outputs\sweep_n_fc_connectivity_n2000_mc20_20260831\connectivity\point_07,DPC,73,3.6500000000000004,-0.769376083007681,0.997862291390676
connectivity,0.1,p=0.1,7,D:\git\sim\outputs\sweep_n_fc_connectivity_n2000_mc20_20260831\connectivity\point_07,DPC,74,3.7,-0.7785548584785844,1.0031843707095964
connectivity,0.1,p=0.1,7,D:\git\sim\outputs\sweep_n_fc_connectivity_n2000_mc20_20260831\connectivity\point_07,DPC,75,3.75,-0.7866120808777498,1.008466256689124
connectivity,0.1,p=0.1,7,D:\git\sim\outputs\sweep_n_fc_connectivity_n2000_mc20_20260831\connectivity\point_07,DPC,76,3.8000000000000003,-0.7678785973373453,0.9973733303692012
connectivity,0.1,p=0.1,7,D:\git\sim\outputs\sweep_n_fc_connectivity_n2000_mc20_20260831\connectivity\point_07,DPC,77,3.85,-0.7735803839745776,0.9990656443420697
connectivity,0.1,p=0.1,7,D:\git\sim\outputs\sweep_n_fc_connectivity_n2000_mc20_20260831\connectivity\point_07,DPC,78,3.9000000000000004,-0.7726469171959044,0.9997974867736742
connectivity,0.1,p=0.1,7,D:\git\sim\outputs\sweep_n_fc_connectivity_n2000_mc20_20260831\connectivity\point_07,DPC,79,3.95,-0.7678037426011243,0.9972109503739777
connectivity,0.1,p=0.1,7,D:\git\sim\outputs\sweep_n_fc_connectivity_n2000_mc20_20260831\connectivity\point_07,DPC,80,4.0,-0.7615773385053162,0.9945760831556223
connectivity,0.1,p=0.1,7,D:\git\sim\outputs\sweep_n_fc_connectivity_n2000_mc20_20260831\connectivity\point_07,DPC,81,4.05,-0.7773913455433206,1.0038648060821553
connectivity,0.1,p=0.1,7,D:\git\sim\outputs\sweep_n_fc_connectivity_n2000_mc20_20260831\connectivity\point_07,DPC,82,4.1000000000000005,-0.7768291142797519,1.0032994094595578
connectivity,0.1,p=0.1,7,D:\git\sim\outputs\sweep_n_fc_connectivity_n2000_mc20_20260831\connectivity\point_07,DPC,83,4.15,-0.7694413307627878,0.9986527077535218
connectivity,0.1,p=0.1,7,D:\git\sim\outputs\sweep_n_fc_connectivity_n2000_mc20_20260831\connectivity\point_07,DPC,84,4.2,-0.7834038496047934,1.0062822380808156
connectivity,0.1,p=0.1,7,D:\git\sim\outputs\sweep_n_fc_connectivity_n2000_mc20_20260831\connectivity\point_07,DPC,85,4.25,-0.7767177846904465,1.0025048063238962
connectivity,0.1,p=0.1,7,D:\git\sim\outputs\sweep_n_fc_connectivity_n2000_mc20_20260831\connectivity\point_07,DPC,86,4.3,-0.7714252995424392,0.998333698135476
connectivity,0.1,p=0.1,7,D:\git\sim\outputs\sweep_n_fc_connectivity_n2000_mc20_20260831\connectivity\point_07,DPC,87,4.3500000000000005,-0.778961326705288,1.0038091838786847
connectivity,0.1,p=0.1,7,D:\git\sim\outputs\sweep_n_fc_connectivity_n2000_mc20_20260831\connectivity\point_07,DPC,88,4.4,-0.7641934695986938,0.9954282479971772
connectivity,0.1,p=0.1,7,D:\git\sim\outputs\sweep_n_fc_connectivity_n2000_mc20_20260831\connectivity\point_07,DPC,89,4.45,-0.7734099044186321,1.0014361145664483
connectivity,0.1,p=0.1,7,D:\git\sim\outputs\sweep_n_fc_connectivity_n2000_mc20_20260831\connectivity\point_07,DPC,90,4.5,-0.7777233840283808,1.0034462201048984
connectivity,0.1,p=0.1,7,D:\git\sim\outputs\sweep_n_fc_connectivity_n2000_mc20_20260831\connectivity\point_07,DPC,91,4.55,-0.7775066068534744,1.0018664220299203
connectivity,0.1,p=0.1,7,D:\git\sim\outputs\sweep_n_fc_connectivity_n2000_mc20_20260831\connectivity\point_07,DPC,92,4.6000000000000005,-0.7712338206216806,0.9987412197212485
connectivity,0.1,p=0.1,7,D:\git\sim\outputs\sweep_n_fc_connectivity_n2000_mc20_20260831\connectivity\point_07,DPC,93,4.65,-0.7827950751680339,1.0065277693153738
connectivity,0.1,p=0.1,7,D:\git\sim\outputs\sweep_n_fc_connectivity_n2000_mc20_20260831\connectivity\point_07,DPC,94,4.7,-0.7791625567218046,1.004218243980893
connectivity,0.1,p=0.1,7,D:\git\sim\outputs\sweep_n_fc_connectivity_n2000_mc20_20260831\connectivity\point_07,DPC,95,4.75,-0.7723768019899258,0.9997862391293102
connectivity,0.1,p=0.1,7,D:\git\sim\outputs\sweep_n_fc_connectivity_n2000_mc20_20260831\connectivity\point_07,DPC,96,4.800000000000001,-0.7740833184343071,1.0007969791710944
connectivity,0.1,p=0.1,7,D:\git\sim\outputs\sweep_n_fc_connectivity_n2000_mc20_20260831\connectivity\point_07,DPC,97,4.8500000000000005,-0.774627379622205,1.000578478213929
connectivity,0.1,p=0.1,7,D:\git\sim\outputs\sweep_n_fc_connectivity_n2000_mc20_20260831\connectivity\point_07,DPC,98,4.9,-0.7663515696395634,0.9948673853532817
connectivity,0.1,p=0.1,7,D:\git\sim\outputs\sweep_n_fc_connectivity_n2000_mc20_20260831\connectivity\point_07,DPC,99,4.95,-0.7811303932453545,1.004156676666995
connectivity,0.1,p=0.1,7,D:\git\sim\outputs\sweep_n_fc_connectivity_n2000_mc20_20260831\connectivity\point_07,DPC,100,5.0,-0.7667992513387814,0.9957516903562713
connectivity,0.1,p=0.1,7,D:\git\sim\outputs\sweep_n_fc_connectivity_n2000_mc20_20260831\connectivity\point_07,DPC,101,5.050000000000001,-0.7712263932999279,0.9976182574550654
connectivity,0.1,p=0.1,7,D:\git\sim\outputs\sweep_n_fc_connectivity_n2000_mc20_20260831\connectivity\point_07,DPC,102,5.1000000000000005,-0.7816430209321186,1.0058373349732732
connectivity,0.1,p=0.1,7,D:\git\sim\outputs\sweep_n_fc_connectivity_n2000_mc20_20260831\connectivity\point_07,DPC,103,5.15,-0.7782993984278206,1.004232598598327
connectivity,0.1,p=0.1,7,D:\git\sim\outputs\sweep_n_fc_connectivity_n2000_mc20_20260831\connectivity\point_07,DPC,104,5.2,-0.7762574616321378,1.0027119807091873
connectivity,0.1,p=0.1,7,D:\git\sim\outputs\sweep_n_fc_connectivity_n2000_mc20_20260831\connectivity\point_07,DPC,105,5.25,-0.770003783104036,0.999923724613971
connectivity,0.1,p=0.1,7,D:\git\sim\outputs\sweep_n_fc_connectivity_n2000_mc20_20260831\connectivity\point_07,DPC,106,5.300000000000001,-0.7667379333972585,0.9964976707648414
connectivity,0.1,p=0.1,7,D:\git\sim\outputs\sweep_n_fc_connectivity_n2000_mc20_20260831\connectivity\point_07,DPC,107,5.3500000000000005,-0.7811768826923728,1.004447484092272
connectivity,0.1,p=0.1,7,D:\git\sim\outputs\sweep_n_fc_connectivity_n2000_mc20_20260831\connectivity\point_07,DPC,108,5.4,-0.7724203545828501,0.9999203121263086
connectivity,0.1,p=0.1,7,D:\git\sim\outputs\sweep_n_fc_connectivity_n2000_mc20_20260831\connectivity\point_07,DPC,109,5.45,-0.7776057346831611,1.0029345668875256
connectivity,0.1,p=0.1,7,D:\git\sim\outputs\sweep_n_fc_connectivity_n2000_mc20_20260831\connectivity\point_07,DPC,110,5.5,-0.7775844090366655,1.0027193282528482
connectivity,0.1,p=0.1,7,D:\git\sim\outputs\sweep_n_fc_connectivity_n2000_mc20_20260831\connectivity\point_07,DPC,111,5.550000000000001,-0.7617826313223103,0.9924165413894828
connectivity,0.1,p=0.1,7,D:\git\sim\outputs\sweep_n_fc_connectivity_n2000_mc20_20260831\connectivity\point_07,DPC,112,5.6000000000000005,-0.7731616103117596,1.0003839854943553
connectivity,0.1,p=0.1,7,D:\git\sim\outputs\sweep_n_fc_connectivity_n2000_mc20_20260831\connectivity\point_07,DPC,113,5.65,-0.779184729874858,1.0033429371760358
connectivity,0.1,p=0.1,7,D:\git\sim\outputs\sweep_n_fc_connectivity_n2000_mc20_20260831\connectivity\point_07,DPC,114,5.7,-0.770944466334509,0.9994722142342475
connectivity,0.1,p=0.1,7,D:\git\sim\outputs\sweep_n_fc_connectivity_n2000_mc20_20260831\connectivity\point_07,DPC,115,5.75,-0.7667777662626467,0.9962254855035365
connectivity,0.1,p=0.1,7,D:\git\sim\outputs\sweep_n_fc_connectivity_n2000_mc20_20260831\connectivity\point_07,DPC,116,5.800000000000001,-0.7769904671033572,1.0010451142017884
connectivity,0.1,p=0.1,7,D:\git\sim\outputs\sweep_n_fc_connectivity_n2000_mc20_20260831\connectivity\point_07,DPC,117,5.8500000000000005,-0.7671696467510676,0.9963664156274732
connectivity,0.1,p=0.1,7,D:\git\sim\outputs\sweep_n_fc_connectivity_n2000_mc20_20260831\connectivity\point_07,DPC,118,5.9,-0.7700172436655295,0.9984510058161534
connectivity,0.1,p=0.1,7,D:\git\sim\outputs\sweep_n_fc_connectivity_n2000_mc20_20260831\connectivity\point_07,DPC,119,5.95,-0.7735024030547567,1.0007781611851363
connectivity,0.1,p=0.1,7,D:\git\sim\outputs\sweep_n_fc_connectivity_n2000_mc20_20260831\connectivity\point_07,DPC,120,6.0,-0.7606231374957416,0.9906389937156979
connectivity,0.1,p=0.1,7,D:\git\sim\outputs\sweep_n_fc_connectivity_n2000_mc20_20260831\connectivity\point_07,DPC,121,6.050000000000001,-0.7757337389675094,1.0011847192365833
connectivity,0.1,p=0.1,7,D:\git\sim\outputs\sweep_n_fc_connectivity_n2000_mc20_20260831\connectivity\point_07,DPC,122,6.1000000000000005,-0.7806359961931109,1.0051593995960506
connectivity,0.1,p=0.1,7,D:\git\sim\outputs\sweep_n_fc_connectivity_n2000_mc20_20260831\connectivity\point_07,DPC,123,6.15,-0.7703169045954228,0.9989701650248929
connectivity,0.1,p=0.1,7,D:\git\sim\outputs\sweep_n_fc_connectivity_n2000_mc20_20260831\connectivity\point_07,DPC,124,6.2,-0.7700816665662715,0.99799206116524
connectivity,0.1,p=0.1,7,D:\git\sim\outputs\sweep_n_fc_connectivity_n2000_mc20_20260831\connectivity\point_07,DPC,125,6.25,-0.7689627017541414,0.9987776294241819
connectivity,0.1,p=0.1,7,D:\git\sim\outputs\sweep_n_fc_connectivity_n2000_mc20_20260831\connectivity\point_07,DPC,126,6.300000000000001,-0.7763223028290671,1.0031728446620232
connectivity,0.1,p=0.1,7,D:\git\sim\outputs\sweep_n_fc_connectivity_n2000_mc20_20260831\connectivity\point_07,DPC,127,6.3500000000000005,-0.7696567455033622,0.9977081331495217
connectivity,0.1,p=0.1,7,D:\git\sim\outputs\sweep_n_fc_connectivity_n2000_mc20_20260831\connectivity\point_07,DPC,128,6.4,-0.7751998980637441,1.0024295435630441
connectivity,0.1,p=0.1,7,D:\git\sim\outputs\sweep_n_fc_connectivity_n2000_mc20_20260831\connectivity\point_07,DPC,129,6.45,-0.7751047195472339,1.0002718740484693
connectivity,0.1,p=0.1,7,D:\git\sim\outputs\sweep_n_fc_connectivity_n2000_mc20_20260831\connectivity\point_07,DPC,130,6.5,-0.7818123078911614,1.0065225973045935
connectivity,0.1,p=0.1,7,D:\git\sim\outputs\sweep_n_fc_connectivity_n2000_mc20_20260831\connectivity\point_07,DPC,131,6.550000000000001,-0.775606821353556,1.0024602377064284
connectivity,0.1,p=0.1,7,D:\git\sim\outputs\sweep_n_fc_connectivity_n2000_mc20_20260831\connectivity\point_07,DPC,132,6.6000000000000005,-0.7686186422327533,0.9976872680238893
connectivity,0.1,p=0.1,7,D:\git\sim\outputs\sweep_n_fc_connectivity_n2000_mc20_20260831\connectivity\point_07,DPC,133,6.65,-0.7774891155680166,1.002684663153321
connectivity,0.1,p=0.1,7,D:\git\sim\outputs\sweep_n_fc_connectivity_n2000_mc20_20260831\connectivity\point_07,DPC,134,6.7,-0.7746423546342787,1.0006238260696587
connectivity,0.1,p=0.1,7,D:\git\sim\outputs\sweep_n_fc_connectivity_n2000_mc20_20260831\connectivity\point_07,DPC,135,6.75,-0.7658161300875886,0.9951909165572544
connectivity,0.1,p=0.1,7,D:\git\sim\outputs\sweep_n_fc_connectivity_n2000_mc20_20260831\connectivity\point_07,DPC,136,6.800000000000001,-0.7648950224062498,0.9946851043289913
connectivity,0.1,p=0.1,7,D:\git\sim\outputs\sweep_n_fc_connectivity_n2000_mc20_20260831\connectivity\point_07,DPC,137,6.8500000000000005,-0.7666373085820932,0.997092713669749
connectivity,0.1,p=0.1,7,D:\git\sim\outputs\sweep_n_fc_connectivity_n2000_mc20_20260831\connectivity\point_07,DPC,138,6.9,-0.7777381635016303,1.0029472160280817
connectivity,0.1,p=0.1,7,D:\git\sim\outputs\sweep_n_fc_connectivity_n2000_mc20_20260831\connectivity\point_07,DPC,139,6.95,-0.7783702302653593,1.003802178450543
connectivity,0.1,p=0.1,7,D:\git\sim\outputs\sweep_n_fc_connectivity_n2000_mc20_20260831\connectivity\point_07,DPC,140,7.0,-0.7751396427347783,1.0017008034370058
connectivity,0.1,p=0.1,7,D:\git\sim\outputs\sweep_n_fc_connectivity_n2000_mc20_20260831\connectivity\point_07,DPC,141,7.050000000000001,-0.7763032837788164,1.0020246901208458
connectivity,0.1,p=0.1,7,D:\git\sim\outputs\sweep_n_fc_connectivity_n2000_mc20_20260831\connectivity\point_07,DPC,142,7.1000000000000005,-0.7718539374701027,0.9994939449958657
connectivity,0.1,p=0.1,7,D:\git\sim\outputs\sweep_n_fc_connectivity_n2000_mc20_20260831\connectivity\point_07,DPC,143,7.15,-0.7669984886525238,0.9963637800095426
connectivity,0.1,p=0.1,7,D:\git\sim\outputs\sweep_n_fc_connectivity_n2000_mc20_20260831\connectivity\point_07,DPC,144,7.2,-0.7731432865668995,1.0005864134400495
connectivity,0.1,p=0.1,7,D:\git\sim\outputs\sweep_n_fc_connectivity_n2000_mc20_20260831\connectivity\point_07,DPC,145,7.25,-0.7806195596101678,1.0037484686300064
connectivity,0.1,p=0.1,7,D:\git\sim\outputs\sweep_n_fc_connectivity_n2000_mc20_20260831\connectivity\point_07,DPC,146,7.300000000000001,-0.7776864259815377,1.003423622227724
connectivity,0.1,p=0.1,7,D:\git\sim\outputs\sweep_n_fc_connectivity_n2000_mc20_20260831\connectivity\point_07,DPC,147,7.3500000000000005,-0.7716166386767502,0.9986941601607079
connectivity,0.1,p=0.1,7,D:\git\sim\outputs\sweep_n_fc_connectivity_n2000_mc20_20260831\connectivity\point_07,DPC,148,7.4,-0.7823147252043381,1.006103709443971
connectivity,0.1,p=0.1,7,D:\git\sim\outputs\sweep_n_fc_connectivity_n2000_mc20_20260831\connectivity\point_07,DPC,149,7.45,-0.7707117247996689,0.9990193225730746
connectivity,0.1,p=0.1,7,D:\git\sim\outputs\sweep_n_fc_connectivity_n2000_mc20_20260831\connectivity\point_07,DPC,150,7.5,-0.7727717688703022,0.9992306061050268
connectivity,0.1,p=0.1,7,D:\git\sim\outputs\sweep_n_fc_connectivity_n2000_mc20_20260831\connectivity\point_07,DPC,151,7.550000000000001,-0.7759040753139829,1.0015572336318894
connectivity,0.1,p=0.1,7,D:\git\sim\outputs\sweep_n_fc_connectivity_n2000_mc20_20260831\connectivity\point_07,DPC,152,7.6000000000000005,-0.7732621546111127,1.0003344036774184
connectivity,0.1,p=0.1,7,D:\git\sim\outputs\sweep_n_fc_connectivity_n2000_mc20_20260831\connectivity\point_07,DPC,153,7.65,-0.7787505755853209,1.0023089859661498
connectivity,0.1,p=0.1,7,D:\git\sim\outputs\sweep_n_fc_connectivity_n2000_mc20_20260831\connectivity\point_07,DPC,154,7.7,-0.7684419777872868,0.9973928609710807
connectivity,0.1,p=0.1,7,D:\git\sim\outputs\sweep_n_fc_connectivity_n2000_mc20_20260831\connectivity\point_07,DPC,155,7.75,-0.7748003786705837,1.0012373545200501
connectivity,0.1,p=0.1,7,D:\git\sim\outputs\sweep_n_fc_connectivity_n2000_mc20_20260831\connectivity\point_07,DPC,156,7.800000000000001,-0.7757777378061628,1.0024333309290197
connectivity,0.1,p=0.1,7,D:\git\sim\outputs\sweep_n_fc_connectivity_n2000_mc20_20260831\connectivity\point_07,DPC,157,7.8500000000000005,-0.769528693204382,0.9965769313311466
connectivity,0.1,p=0.1,7,D:\git\sim\outputs\sweep_n_fc_connectivity_n2000_mc20_20260831\connectivity\point_07,DPC,158,7.9,-0.7750565867217003,1.0007791337923215
connectivity,0.1,p=0.1,7,D:\git\sim\outputs\sweep_n_fc_connectivity_n2000_mc20_20260831\connectivity\point_07,DPC,159,7.95,-0.7729605377198605,0.999740028078631
connectivity,0.1,p=0.1,7,D:\git\sim\outputs\sweep_n_fc_connectivity_n2000_mc20_20260831\connectivity\point_07,DPC,160,8.0,-0.77476283278594,1.0007954172139968
connectivity,0.1,p=0.1,7,D:\git\sim\outputs\sweep_n_fc_connectivity_n2000_mc20_20260831\connectivity\point_07,DPC,161,8.05,-0.7759469129291396,1.0019408734874422
connectivity,0.1,p=0.1,7,D:\git\sim\outputs\sweep_n_fc_connectivity_n2000_mc20_20260831\connectivity\point_07,DPC,162,8.1,-0.7778394403337492,1.0039760169396794
connectivity,0.1,p=0.1,7,D:\git\sim\outputs\sweep_n_fc_connectivity_n2000_mc20_20260831\connectivity\point_07,DPC,163,8.15,-0.7712353500732341,0.9982705785694638
connectivity,0.1,p=0.1,7,D:\git\sim\outputs\sweep_n_fc_connectivity_n2000_mc20_20260831\connectivity\point_07,DPC,164,8.200000000000001,-0.7665521468924945,0.995968045910146
connectivity,0.1,p=0.1,7,D:\git\sim\outputs\sweep_n_fc_connectivity_n2000_mc20_20260831\connectivity\point_07,DPC,165,8.25,-0.7824338406331938,1.0062986047782279
connectivity,0.1,p=0.1,7,D:\git\sim\outputs\sweep_n_fc_connectivity_n2000_mc20_20260831\connectivity\point_07,DPC,166,8.3,-0.7750488395308874,1.0014678120790153
connectivity,0.1,p=0.1,7,D:\git\sim\outputs\sweep_n_fc_connectivity_n2000_mc20_20260831\connectivity\point_07,DPC,167,8.35,-0.7794990129980205,1.0029833310442307
connectivity,0.1,p=0.1,7,D:\git\sim\outputs\sweep_n_fc_connectivity_n2000_mc20_20260831\connectivity\point_07,DPC,168,8.4,-0.77741945373375,1.0034800135200117
connectivity,0.1,p=0.1,7,D:\git\sim\outputs\sweep_n_fc_connectivity_n2000_mc20_20260831\connectivity\point_07,DPC,169,8.450000000000001,-0.7737886329642505,0.9997889384149203
connectivity,0.1,p=0.1,7,D:\git\sim\outputs\sweep_n_fc_connectivity_n2000_mc20_20260831\connectivity\point_07,DPC,170,8.5,-0.7781109142122418,1.0039529455546246
connectivity,0.1,p=0.1,7,D:\git\sim\outputs\sweep_n_fc_connectivity_n2000_mc20_20260831\connectivity\point_07,DPC,171,8.55,-0.7812476143963172,1.0050944270890683
connectivity,0.1,p=0.1,7,D:\git\sim\outputs\sweep_n_fc_connectivity_n2000_mc20_20260831\connectivity\point_07,DPC,172,8.6,-0.7674555219027724,0.9957502931999647
connectivity,0.1,p=0.1,7,D:\git\sim\outputs\sweep_n_fc_connectivity_n2000_mc20_20260831\connectivity\point_07,DPC,173,8.65,-0.7671364245009332,0.9967506161391431
connectivity,0.1,p=0.1,7,D:\git\sim\outputs\sweep_n_fc_connectivity_n2000_mc20_20260831\connectivity\point_07,DPC,174,8.700000000000001,-0.7783850569629398,1.0038599895215872
connectivity,0.1,p=0.1,7,D:\git\sim\outputs\sweep_n_fc_connectivity_n2000_mc20_20260831\connectivity\point_07,DPC,175,8.75,-0.782036432875929,1.0057799788476602
connectivity,0.1,p=0.1,7,D:\git\sim\outputs\sweep_n_fc_connectivity_n2000_mc20_20260831\connectivity\point_07,DPC,176,8.8,-0.7745651768132417,1.0012704854502967
connectivity,0.1,p=0.1,7,D:\git\sim\outputs\sweep_n_fc_connectivity_n2000_mc20_20260831\connectivity\point_07,DPC,177,8.85,-0.7807162218874559,1.0046589694936015
connectivity,0.1,p=0.1,7,D:\git\sim\outputs\sweep_n_fc_connectivity_n2000_mc20_20260831\connectivity\point_07,DPC,178,8.9,-0.7789257394527859,1.0049899193400893
connectivity,0.1,p=0.1,7,D:\git\sim\outputs\sweep_n_fc_connectivity_n2000_mc20_20260831\connectivity\point_07,DPC,179,8.950000000000001,-0.762343359467041,0.9939306365305403
connectivity,0.1,p=0.1,7,D:\git\sim\outputs\sweep_n_fc_connectivity_n2000_mc20_20260831\connectivity\point_07,DPC,180,9.0,-0.7655019340427027,0.9944019628985268
connectivity,0.1,p=0.1,7,D:\git\sim\outputs\sweep_n_fc_connectivity_n2000_mc20_20260831\connectivity\point_07,DPC,181,9.05,-0.7700704288335957,0.9983262332143742
connectivity,0.1,p=0.1,7,D:\git\sim\outputs\sweep_n_fc_connectivity_n2000_mc20_20260831\connectivity\point_07,DPC,182,9.1,-0.7805645386148095,1.0038361277333523
connectivity,0.1,p=0.1,7,D:\git\sim\outputs\sweep_n_fc_connectivity_n2000_mc20_20260831\connectivity\point_07,DPC,183,9.15,-0.7772850035610862,1.00220959739737
connectivity,0.1,p=0.1,7,D:\git\sim\outputs\sweep_n_fc_connectivity_n2000_mc20_20260831\connectivity\point_07,DPC,184,9.200000000000001,-0.7799514523726736,1.0048038391039973
connectivity,0.1,p=0.1,7,D:\git\sim\outputs\sweep_n_fc_connectivity_n2000_mc20_20260831\connectivity\point_07,DPC,185,9.25,-0.7716761781290193,1.0000940657022206
connectivity,0.1,p=0.1,7,D:\git\sim\outputs\sweep_n_fc_connectivity_n2000_mc20_20260831\connectivity\point_07,DPC,186,9.3,-0.7664569778481284,0.9960080926204833
connectivity,0.1,p=0.1,7,D:\git\sim\outputs\sweep_n_fc_connectivity_n2000_mc20_20260831\connectivity\point_07,DPC,187,9.35,-0.7740000463331715,1.0016981444335493
connectivity,0.1,p=0.1,7,D:\git\sim\outputs\sweep_n_fc_connectivity_n2000_mc20_20260831\connectivity\point_07,DPC,188,9.4,-0.7742065405349073,1.000350226442174
connectivity,0.1,p=0.1,7,D:\git\sim\outputs\sweep_n_fc_connectivity_n2000_mc20_20260831\connectivity\point_07,DPC,189,9.450000000000001,-0.769455829948765,0.9987881333960352
connectivity,0.1,p=0.1,7,D:\git\sim\outputs\sweep_n_fc_connectivity_n2000_mc20_20260831\connectivity\point_07,DPC,190,9.5,-0.7816373886801788,1.0056033307561367
connectivity,0.1,p=0.1,7,D:\git\sim\outputs\sweep_n_fc_connectivity_n2000_mc20_20260831\connectivity\point_07,DPC,191,9.55,-0.7791548441862074,1.0052905954287064
connectivity,0.1,p=0.1,7,D:\git\sim\outputs\sweep_n_fc_connectivity_n2000_mc20_20260831\connectivity\point_07,DPC,192,9.600000000000001,-0.7776326958157008,1.003425574961854
connectivity,0.1,p=0.1,7,D:\git\sim\outputs\sweep_n_fc_connectivity_n2000_mc20_20260831\connectivity\point_07,DPC,193,9.65,-0.7725972324774038,1.0003527783847583
connectivity,0.1,p=0.1,7,D:\git\sim\outputs\sweep_n_fc_connectivity_n2000_mc20_20260831\connectivity\point_07,DPC,194,9.700000000000001,-0.7729248862132959,0.9990850379046604
connectivity,0.1,p=0.1,7,D:\git\sim\outputs\sweep_n_fc_connectivity_n2000_mc20_20260831\connectivity\point_07,DPC,195,9.75,-0.7699257424826942,0.9983416280594886
connectivity,0.1,p=0.1,7,D:\git\sim\outputs\sweep_n_fc_connectivity_n2000_mc20_20260831\connectivity\point_07,DPC,196,9.8,-0.7762436627955059,1.0014972911723037
connectivity,0.1,p=0.1,7,D:\git\sim\outputs\sweep_n_fc_connectivity_n2000_mc20_20260831\connectivity\point_07,DPC,197,9.850000000000001,-0.7788940808984943,1.004084925917283
connectivity,0.1,p=0.1,7,D:\git\sim\outputs\sweep_n_fc_connectivity_n2000_mc20_20260831\connectivity\point_07,DPC,198,9.9,-0.7738262984206044,1.000949157487478
connectivity,0.1,p=0.1,7,D:\git\sim\outputs\sweep_n_fc_connectivity_n2000_mc20_20260831\connectivity\point_07,DPC,199,9.950000000000001,-0.7798593723850309,1.0042473249701058
connectivity,0.1,p=0.1,7,D:\git\sim\outputs\sweep_n_fc_connectivity_n2000_mc20_20260831\connectivity\point_07,DPC,200,10.0,-0.7766380789745932,1.0027505721465715
connectivity,0.1,p=0.1,7,D:\git\sim\outputs\sweep_n_fc_connectivity_n2000_mc20_20260831\connectivity\point_07,DPC,201,10.05,-0.7699710686356477,0.9974770415815664
connectivity,0.1,p=0.1,7,D:\git\sim\outputs\sweep_n_fc_connectivity_n2000_mc20_20260831\connectivity\point_07,DPC,202,10.100000000000001,-0.7749206494880995,1.001054893189048
connectivity,0.1,p=0.1,7,D:\git\sim\outputs\sweep_n_fc_connectivity_n2000_mc20_20260831\connectivity\point_07,DPC,203,10.15,-0.7691497841640361,0.997984984828568
connectivity,0.1,p=0.1,7,D:\git\sim\outputs\sweep_n_fc_connectivity_n2000_mc20_20260831\connectivity\point_07,DPC,204,10.200000000000001,-0.7718349278253666,0.9990714319397856
connectivity,0.1,p=0.1,7,D:\git\sim\outputs\sweep_n_fc_connectivity_n2000_mc20_20260831\connectivity\point_07,DPC,205,10.25,-0.7779087259617791,1.0028499008586205
connectivity,0.1,p=0.1,7,D:\git\sim\outputs\sweep_n_fc_connectivity_n2000_mc20_20260831\connectivity\point_07,DPC,206,10.3,-0.7782563315442845,1.0032434104332961
connectivity,0.1,p=0.1,7,D:\git\sim\outputs\sweep_n_fc_connectivity_n2000_mc20_20260831\connectivity\point_07,DPC,207,10.350000000000001,-0.774798108353512,1.0013812841958896
connectivity,0.1,p=0.1,7,D:\git\sim\outputs\sweep_n_fc_connectivity_n2000_mc20_20260831\connectivity\point_07,DPC,208,10.4,-0.768657032638214,0.9974884848476375
connectivity,0.1,p=0.1,7,D:\git\sim\outputs\sweep_n_fc_connectivity_n2000_mc20_20260831\connectivity\point_07,DPC,209,10.450000000000001,-0.7744447976212763,1.0008767953473479
connectivity,0.1,p=0.1,7,D:\git\sim\outputs\sweep_n_fc_connectivity_n2000_mc20_20260831\connectivity\point_07,DPC,210,10.5,-0.767912493092031,0.9956753491378423
connectivity,0.1,p=0.1,7,D:\git\sim\outputs\sweep_n_fc_connectivity_n2000_mc20_20260831\connectivity\point_07,DPC,211,10.55,-0.77498018285816,1.0012162775159288
connectivity,0.1,p=0.1,7,D:\git\sim\outputs\sweep_n_fc_connectivity_n2000_mc20_20260831\connectivity\point_07,DPC,212,10.600000000000001,-0.7707965571544177,0.9984785476533284
connectivity,0.1,p=0.1,7,D:\git\sim\outputs\sweep_n_fc_connectivity_n2000_mc20_20260831\connectivity\point_07,DPC,213,10.65,-0.7785450066248155,1.0037549621016297
connectivity,0.1,p=0.1,7,D:\git\sim\outputs\sweep_n_fc_connectivity_n2000_mc20_20260831\connectivity\point_07,DPC,214,10.700000000000001,-0.773868319062387,0.9998701901430435
connectivity,0.1,p=0.1,7,D:\git\sim\outputs\sweep_n_fc_connectivity_n2000_mc20_20260831\connectivity\point_07,DPC,215,10.75,-0.7639055289231933,0.9940674940813414
connectivity,0.1,p=0.1,7,D:\git\sim\outputs\sweep_n_fc_connectivity_n2000_mc20_20260831\connectivity\point_07,DPC,216,10.8,-0.7808836445349593,1.0052262099499598
connectivity,0.1,p=0.1,7,D:\git\sim\outputs\sweep_n_fc_connectivity_n2000_mc20_20260831\connectivity\point_07,DPC,217,10.850000000000001,-0.7670299702322514,0.9962898974033166
connectivity,0.1,p=0.1,7,D:\git\sim\outputs\sweep_n_fc_connectivity_n2000_mc20_20260831\connectivity\point_07,DPC,218,10.9,-0.7764226312508803,1.0034275997958146
connectivity,0.1,p=0.1,7,D:\git\sim\outputs\sweep_n_fc_connectivity_n2000_mc20_20260831\connectivity\point_07,DPC,219,10.950000000000001,-0.7742041186757097,1.001077280261739
connectivity,0.1,p=0.1,7,D:\git\sim\outputs\sweep_n_fc_connectivity_n2000_mc20_20260831\connectivity\point_07,DPC,220,11.0,-0.77870796297167,1.003388485121534
connectivity,0.1,p=0.1,7,D:\git\sim\outputs\sweep_n_fc_connectivity_n2000_mc20_20260831\connectivity\point_07,DPC,221,11.05,-0.7718202511508334,0.9995656019575115
connectivity,0.1,p=0.1,7,D:\git\sim\outputs\sweep_n_fc_connectivity_n2000_mc20_20260831\connectivity\point_07,DPC,222,11.100000000000001,-0.7769731326157303,1.0021067185100259
connectivity,0.1,p=0.1,7,D:\git\sim\outputs\sweep_n_fc_connectivity_n2000_mc20_20260831\connectivity\point_07,DPC,223,11.15,-0.7757801417481389,1.002059258780501
connectivity,0.1,p=0.1,7,D:\git\sim\outputs\sweep_n_fc_connectivity_n2000_mc20_20260831\connectivity\point_07,DPC,224,11.200000000000001,-0.7762583366599174,1.003118644678541
connectivity,0.1,p=0.1,7,D:\git\sim\outputs\sweep_n_fc_connectivity_n2000_mc20_20260831\connectivity\point_07,DPC,225,11.25,-0.7787500510698029,1.0034166124188284
connectivity,0.1,p=0.1,7,D:\git\sim\outputs\sweep_n_fc_connectivity_n2000_mc20_20260831\connectivity\point_07,DPC,226,11.3,-0.7851010856435465,1.0074534674509883
connectivity,0.1,p=0.1,7,D:\git\sim\outputs\sweep_n_fc_connectivity_n2000_mc20_20260831\connectivity\point_07,DPC,227,11.350000000000001,-0.7694014878493594,0.9975887930831705
connectivity,0.1,p=0.1,7,D:\git\sim\outputs\sweep_n_fc_connectivity_n2000_mc20_20260831\connectivity\point_07,DPC,228,11.4,-0.7808409500845904,1.005074790671208
connectivity,0.1,p=0.1,7,D:\git\sim\outputs\sweep_n_fc_connectivity_n2000_mc20_20260831\connectivity\point_07,DPC,229,11.450000000000001,-0.7728456936684558,1.0000233014811168
connectivity,0.1,p=0.1,7,D:\git\sim\outputs\sweep_n_fc_connectivity_n2000_mc20_20260831\connectivity\point_07,DPC,230,11.5,-0.7868882980559272,1.0077775280521835
connectivity,0.1,p=0.1,7,D:\git\sim\outputs\sweep_n_fc_connectivity_n2000_mc20_20260831\connectivity\point_07,DPC,231,11.55,-0.7744113124186678,1.0005889851656589
connectivity,0.1,p=0.1,7,D:\git\sim\outputs\sweep_n_fc_connectivity_n2000_mc20_20260831\connectivity\point_07,DPC,232,11.600000000000001,-0.7613926705402673,0.992355917687578
connectivity,0.1,p=0.1,7,D:\git\sim\outputs\sweep_n_fc_connectivity_n2000_mc20_20260831\connectivity\point_07,DPC,233,11.65,-0.7737211576580882,1.0009004386243356
connectivity,0.1,p=0.1,7,D:\git\sim\outputs\sweep_n_fc_connectivity_n2000_mc20_20260831\connectivity\point_07,DPC,234,11.700000000000001,-0.7774592912201649,1.002881484486956
connectivity,0.1,p=0.1,7,D:\git\sim\outputs\sweep_n_fc_connectivity_n2000_mc20_20260831\connectivity\point_07,DPC,235,11.75,-0.7695530632509211,0.9980719353242182
connectivity,0.1,p=0.1,7,D:\git\sim\outputs\sweep_n_fc_connectivity_n2000_mc20_20260831\connectivity\point_07,DPC,236,11.8,-0.7723395604316964,0.9995040172336893
connectivity,0.1,p=0.1,7,D:\git\sim\outputs\sweep_n_fc_connectivity_n2000_mc20_20260831\connectivity\point_07,DPC,237,11.850000000000001,-0.7717091069199217,0.9985873639477593
connectivity,0.1,p=0.1,7,D:\git\sim\outputs\sweep_n_fc_connectivity_n2000_mc20_20260831\connectivity\point_07,DPC,238,11.9,-0.7755646824501257,1.0021178339163497
connectivity,0.1,p=0.1,7,D:\git\sim\outputs\sweep_n_fc_connectivity_n2000_mc20_20260831\connectivity\point_07,DPC,239,11.950000000000001,-0.7714156654905925,0.9979267522098679
connectivity,0.1,p=0.1,7,D:\git\sim\outputs\sweep_n_fc_connectivity_n2000_mc20_20260831\connectivity\point_07,KF-DPC,0,0.0,-0.8272739841424902,1.0349031281904355
connectivity,0.1,p=0.1,7,D:\git\sim\outputs\sweep_n_fc_connectivity_n2000_mc20_20260831\connectivity\point_07,KF-DPC,1,0.05,-0.4337899641078289,0.8021493145057079
connectivity,0.1,p=0.1,7,D:\git\sim\outputs\sweep_n_fc_connectivity_n2000_mc20_20260831\connectivity\point_07,KF-DPC,2,0.1,-0.33567710787303173,0.8054823838916969
connectivity,0.1,p=0.1,7,D:\git\sim\outputs\sweep_n_fc_connectivity_n2000_mc20_20260831\connectivity\point_07,KF-DPC,3,0.15000000000000002,-0.2688479363764841,0.739785555687296
connectivity,0.1,p=0.1,7,D:\git\sim\outputs\sweep_n_fc_connectivity_n2000_mc20_20260831\connectivity\point_07,KF-DPC,4,0.2,-0.2101565863461778,0.6257309380427187
connectivity,0.1,p=0.1,7,D:\git\sim\outputs\sweep_n_fc_connectivity_n2000_mc20_20260831\connectivity\point_07,KF-DPC,5,0.25,-0.16861819258138025,0.5247095928268012
connectivity,0.1,p=0.1,7,D:\git\sim\outputs\sweep_n_fc_connectivity_n2000_mc20_20260831\connectivity\point_07,KF-DPC,6,0.30000000000000004,-0.13906358018360876,0.4509323905532264
connectivity,0.1,p=0.1,7,D:\git\sim\outputs\sweep_n_fc_connectivity_n2000_mc20_20260831\connectivity\point_07,KF-DPC,7,0.35000000000000003,-0.11885615503770335,0.3981337927978782
connectivity,0.1,p=0.1,7,D:\git\sim\outputs\sweep_n_fc_connectivity_n2000_mc20_20260831\connectivity\point_07,KF-DPC,8,0.4,-0.1045610262394412,0.3629070493112642
connectivity,0.1,p=0.1,7,D:\git\sim\outputs\sweep_n_fc_connectivity_n2000_mc20_20260831\connectivity\point_07,KF-DPC,9,0.45,-0.09363934002411282,0.33611909121754074
connectivity,0.1,p=0.1,7,D:\git\sim\outputs\sweep_n_fc_connectivity_n2000_mc20_20260831\connectivity\point_07,KF-DPC,10,0.5,-0.0859548768953833,0.3174735537276013
connectivity,0.1,p=0.1,7,D:\git\sim\outputs\sweep_n_fc_connectivity_n2000_mc20_20260831\connectivity\point_07,KF-DPC,11,0.55,-0.07914355629133703,0.30072301748110825
connectivity,0.1,p=0.1,7,D:\git\sim\outputs\sweep_n_fc_connectivity_n2000_mc20_20260831\connectivity\point_07,KF-DPC,12,0.6000000000000001,-0.07369289472095907,0.2870639652641511
connectivity,0.1,p=0.1,7,D:\git\sim\outputs\sweep_n_fc_connectivity_n2000_mc20_20260831\connectivity\point_07,KF-DPC,13,0.65,-0.069356924858916,0.27603267696613587
connectivity,0.1,p=0.1,7,D:\git\sim\outputs\sweep_n_fc_connectivity_n2000_mc20_20260831\connectivity\point_07,KF-DPC,14,0.7000000000000001,-0.06529727203338191,0.26613224435072974
connectivity,0.1,p=0.1,7,D:\git\sim\outputs\sweep_n_fc_connectivity_n2000_mc20_20260831\connectivity\point_07,KF-DPC,15,0.75,-0.06177859956853056,0.2572082571528399
connectivity,0.1,p=0.1,7,D:\git\sim\outputs\sweep_n_fc_connectivity_n2000_mc20_20260831\connectivity\point_07,KF-DPC,16,0.8,-0.05883421809745047,0.24929511164124163
connectivity,0.1,p=0.1,7,D:\git\sim\outputs\sweep_n_fc_connectivity_n2000_mc20_20260831\connectivity\point_07,KF-DPC,17,0.8500000000000001,-0.05628125841862861,0.24214569725594476
connectivity,0.1,p=0.1,7,D:\git\sim\outputs\sweep_n_fc_connectivity_n2000_mc20_20260831\connectivity\point_07,KF-DPC,18,0.9,-0.05392791848024177,0.23559773192555347
connectivity,0.1,p=0.1,7,D:\git\sim\outputs\sweep_n_fc_connectivity_n2000_mc20_20260831\connectivity\point_07,KF-DPC,19,0.9500000000000001,-0.05172403738342285,0.22973175786482675
connectivity,0.1,p=0.1,7,D:\git\sim\outputs\sweep_n_fc_connectivity_n2000_mc20_20260831\connectivity\point_07,KF-DPC,20,1.0,-0.049766171882491265,0.2240293198225029
connectivity,0.1,p=0.1,7,D:\git\sim\outputs\sweep_n_fc_connectivity_n2000_mc20_20260831\connectivity\point_07,KF-DPC,21,1.05,-0.04799317023823814,0.2185348093491264
connectivity,0.1,p=0.1,7,D:\git\sim\outputs\sweep_n_fc_connectivity_n2000_mc20_20260831\connectivity\point_07,KF-DPC,22,1.1,-0.04657351217100027,0.21418517509414764
connectivity,0.1,p=0.1,7,D:\git\sim\outputs\sweep_n_fc_connectivity_n2000_mc20_20260831\connectivity\point_07,KF-DPC,23,1.1500000000000001,-0.0449773465181587,0.20937389776171306
connectivity,0.1,p=0.1,7,D:\git\sim\outputs\sweep_n_fc_connectivity_n2000_mc20_20260831\connectivity\point_07,KF-DPC,24,1.2000000000000002,-0.04366542831168191,0.20528644767761078
connectivity,0.1,p=0.1,7,D:\git\sim\outputs\sweep_n_fc_connectivity_n2000_mc20_20260831\connectivity\point_07,KF-DPC,25,1.25,-0.042454849153852996,0.20122399045757727
connectivity,0.1,p=0.1,7,D:\git\sim\outputs\sweep_n_fc_connectivity_n2000_mc20_20260831\connectivity\point_07,KF-DPC,26,1.3,-0.04127408090516583,0.19729764875332348
connectivity,0.1,p=0.1,7,D:\git\sim\outputs\sweep_n_fc_connectivity_n2000_mc20_20260831\connectivity\point_07,KF-DPC,27,1.35,-0.04019882824425617,0.19369589139268079
connectivity,0.1,p=0.1,7,D:\git\sim\outputs\sweep_n_fc_connectivity_n2000_mc20_20260831\connectivity\point_07,KF-DPC,28,1.4000000000000001,-0.03925671659290218,0.1905543462076721
connectivity,0.1,p=0.1,7,D:\git\sim\outputs\sweep_n_fc_connectivity_n2000_mc20_20260831\connectivity\point_07,KF-DPC,29,1.4500000000000002,-0.038267673599175024,0.18720783039163244
connectivity,0.1,p=0.1,7,D:\git\sim\outputs\sweep_n_fc_connectivity_n2000_mc20_20260831\connectivity\point_07,KF-DPC,30,1.5,-0.037479407758764856,0.18420241585998615
connectivity,0.1,p=0.1,7,D:\git\sim\outputs\sweep_n_fc_connectivity_n2000_mc20_20260831\connectivity\point_07,KF-DPC,31,1.55,-0.03676401468805294,0.18149133099905163
connectivity,0.1,p=0.1,7,D:\git\sim\outputs\sweep_n_fc_connectivity_n2000_mc20_20260831\connectivity\point_07,KF-DPC,32,1.6,-0.03601211075175366,0.17875972787435646
connectivity,0.1,p=0.1,7,D:\git\sim\outputs\sweep_n_fc_connectivity_n2000_mc20_20260831\connectivity\point_07,KF-DPC,33,1.6500000000000001,-0.03526729567544152,0.17603710094154285
connectivity,0.1,p=0.1,7,D:\git\sim\outputs\sweep_n_fc_connectivity_n2000_mc20_20260831\connectivity\point_07,KF-DPC,34,1.7000000000000002,-0.0346250707644315,0.17365815752013444
connectivity,0.1,p=0.1,7,D:\git\sim\outputs\sweep_n_fc_connectivity_n2000_mc20_20260831\connectivity\point_07,KF-DPC,35,1.75,-0.034083141386994587,0.1715843616193902
connectivity,0.1,p=0.1,7,D:\git\sim\outputs\sweep_n_fc_connectivity_n2000_mc20_20260831\connectivity\point_07,KF-DPC,36,1.8,-0.03352076621169019,0.1692861772959538
connectivity,0.1,p=0.1,7,D:\git\sim\outputs\sweep_n_fc_connectivity_n2000_mc20_20260831\connectivity\point_07,KF-DPC,37,1.85,-0.032979466869016975,0.16713708543136602
connectivity,0.1,p=0.1,7,D:\git\sim\outputs\sweep_n_fc_connectivity_n2000_mc20_20260831\connectivity\point_07,KF-DPC,38,1.9000000000000001,-0.032473030835542704,0.1651835366079116
connectivity,0.1,p=0.1,7,D:\git\sim\outputs\sweep_n_fc_connectivity_n2000_mc20_20260831\connectivity\point_07,KF-DPC,39,1.9500000000000002,-0.03196505972292696,0.16321824268500565
connectivity,0.1,p=0.1,7,D:\git\sim\outputs\sweep_n_fc_connectivity_n2000_mc20_20260831\connectivity\point_07,KF-DPC,40,2.0,-0.0315163914508584,0.16132321601460228
connectivity,0.1,p=0.1,7,D:\git\sim\outputs\sweep_n_fc_connectivity_n2000_mc20_20260831\connectivity\point_07,KF-DPC,41,2.0500000000000003,-0.031080046619430878,0.15942140987311748
connectivity,0.1,p=0.1,7,D:\git\sim\outputs\sweep_n_fc_connectivity_n2000_mc20_20260831\connectivity\point_07,KF-DPC,42,2.1,-0.03066712805341378,0.1578562836683789
connectivity,0.1,p=0.1,7,D:\git\sim\outputs\sweep_n_fc_connectivity_n2000_mc20_20260831\connectivity\point_07,KF-DPC,43,2.15,-0.030251605397730894,0.1559141929854273
connectivity,0.1,p=0.1,7,D:\git\sim\outputs\sweep_n_fc_connectivity_n2000_mc20_20260831\connectivity\point_07,KF-DPC,44,2.2,-0.029728030687471325,0.1539724781657748
connectivity,0.1,p=0.1,7,D:\git\sim\outputs\sweep_n_fc_connectivity_n2000_mc20_20260831\connectivity\point_07,KF-DPC,45,2.25,-0.029424644521034694,0.1525645957212616
connectivity,0.1,p=0.1,7,D:\git\sim\outputs\sweep_n_fc_connectivity_n2000_mc20_20260831\connectivity\point_07,KF-DPC,46,2.3000000000000003,-0.02904185618850266,0.15106706654242136
connectivity,0.1,p=0.1,7,D:\git\sim\outputs\sweep_n_fc_connectivity_n2000_mc20_20260831\connectivity\point_07,KF-DPC,47,2.35,-0.0285949736426711,0.1492130866182678
connectivity,0.1,p=0.1,7,D:\git\sim\outputs\sweep_n_fc_connectivity_n2000_mc20_20260831\connectivity\point_07,KF-DPC,48,2.4000000000000004,-0.028347497504003324,0.14788486104299556
connectivity,0.1,p=0.1,7,D:\git\sim\outputs\sweep_n_fc_connectivity_n2000_mc20_20260831\connectivity\point_07,KF-DPC,49,2.45,-0.02795142198178717,0.14626388073052912
connectivity,0.1,p=0.1,7,D:\git\sim\outputs\sweep_n_fc_connectivity_n2000_mc20_20260831\connectivity\point_07,KF-DPC,50,2.5,-0.02761967525470689,0.14489654068903396
connectivity,0.1,p=0.1,7,D:\git\sim\outputs\sweep_n_fc_connectivity_n2000_mc20_20260831\connectivity\point_07,KF-DPC,51,2.5500000000000003,-0.0274007327945045,0.14363073267808177
connectivity,0.1,p=0.1,7,D:\git\sim\outputs\sweep_n_fc_connectivity_n2000_mc20_20260831\connectivity\point_07,KF-DPC,52,2.6,-0.027141580337496644,0.14267387701390116
connectivity,0.1,p=0.1,7,D:\git\sim\outputs\sweep_n_fc_connectivity_n2000_mc20_20260831\connectivity\point_07,KF-DPC,53,2.6500000000000004,-0.02688380187598807,0.14128106049197836
connectivity,0.1,p=0.1,7,D:\git\sim\outputs\sweep_n_fc_connectivity_n2000_mc20_20260831\connectivity\point_07,KF-DPC,54,2.7,-0.026596893232302046,0.139871976260491
connectivity,0.1,p=0.1,7,D:\git\sim\outputs\sweep_n_fc_connectivity_n2000_mc20_20260831\connectivity\point_07,KF-DPC,55,2.75,-0.026355231419905537,0.1390300625462416
connectivity,0.1,p=0.1,7,D:\git\sim\outputs\sweep_n_fc_connectivity_n2000_mc20_20260831\connectivity\point_07,KF-DPC,56,2.8000000000000003,-0.02608875093947704,0.13747081326101673
connectivity,0.1,p=0.1,7,D:\git\sim\outputs\sweep_n_fc_connectivity_n2000_mc20_20260831\connectivity\point_07,KF-DPC,57,2.85,-0.025908316939361,0.13639748225013532
connectivity,0.1,p=0.1,7,D:\git\sim\outputs\sweep_n_fc_connectivity_n2000_mc20_20260831\connectivity\point_07,KF-DPC,58,2.9000000000000004,-0.025675459351056553,0.1353304726969075
connectivity,0.1,p=0.1,7,D:\git\sim\outputs\sweep_n_fc_connectivity_n2000_mc20_20260831\connectivity\point_07,KF-DPC,59,2.95,-0.02541458075703333,0.13423623769500903
connectivity,0.1,p=0.1,7,D:\git\sim\outputs\sweep_n_fc_connectivity_n2000_mc20_20260831\connectivity\point_07,KF-DPC,60,3.0,-0.02522348867771091,0.13327878697057916
connectivity,0.1,p=0.1,7,D:\git\sim\outputs\sweep_n_fc_connectivity_n2000_mc20_20260831\connectivity\point_07,KF-DPC,61,3.0500000000000003,-0.024965351714823718,0.1321673173774795
connectivity,0.1,p=0.1,7,D:\git\sim\outputs\sweep_n_fc_connectivity_n2000_mc20_20260831\connectivity\point_07,KF-DPC,62,3.1,-0.02475791819080482,0.13083787907357464
connectivity,0.1,p=0.1,7,D:\git\sim\outputs\sweep_n_fc_connectivity_n2000_mc20_20260831\connectivity\point_07,KF-DPC,63,3.1500000000000004,-0.024569771201524884,0.12982545017221797
connectivity,0.1,p=0.1,7,D:\git\sim\outputs\sweep_n_fc_connectivity_n2000_mc20_20260831\connectivity\point_07,KF-DPC,64,3.2,-0.0244201603393302,0.12913976348696407
connectivity,0.1,p=0.1,7,D:\git\sim\outputs\sweep_n_fc_connectivity_n2000_mc20_20260831\connectivity\point_07,KF-DPC,65,3.25,-0.024316100229346414,0.1284068143317865
connectivity,0.1,p=0.1,7,D:\git\sim\outputs\sweep_n_fc_connectivity_n2000_mc20_20260831\connectivity\point_07,KF-DPC,66,3.3000000000000003,-0.024013284431658077,0.1270736765049105
connectivity,0.1,p=0.1,7,D:\git\sim\outputs\sweep_n_fc_connectivity_n2000_mc20_20260831\connectivity\point_07,KF-DPC,67,3.35,-0.023858561958386777,0.12644508403087473
connectivity,0.1,p=0.1,7,D:\git\sim\outputs\sweep_n_fc_connectivity_n2000_mc20_20260831\connectivity\point_07,KF-DPC,68,3.4000000000000004,-0.02372040222897244,0.12547489269030748
connectivity,0.1,p=0.1,7,D:\git\sim\outputs\sweep_n_fc_connectivity_n2000_mc20_20260831\connectivity\point_07,KF-DPC,69,3.45,-0.023614795442034868,0.12479325119641083
connectivity,0.1,p=0.1,7,D:\git\sim\outputs\sweep_n_fc_connectivity_n2000_mc20_20260831\connectivity\point_07,KF-DPC,70,3.5,-0.023383593341211303,0.123775334373982
connectivity,0.1,p=0.1,7,D:\git\sim\outputs\sweep_n_fc_connectivity_n2000_mc20_20260831\connectivity\point_07,KF-DPC,71,3.5500000000000003,-0.023259410041379176,0.12306542280043517
connectivity,0.1,p=0.1,7,D:\git\sim\outputs\sweep_n_fc_connectivity_n2000_mc20_20260831\connectivity\point_07,KF-DPC,72,3.6,-0.023169105676960167,0.12224674130718224
connectivity,0.1,p=0.1,7,D:\git\sim\outputs\sweep_n_fc_connectivity_n2000_mc20_20260831\connectivity\point_07,KF-DPC,73,3.6500000000000004,-0.022989421924741786,0.1213575709527374
connectivity,0.1,p=0.1,7,D:\git\sim\outputs\sweep_n_fc_connectivity_n2000_mc20_20260831\connectivity\point_07,KF-DPC,74,3.7,-0.022852152146148635,0.1207063371189454
connectivity,0.1,p=0.1,7,D:\git\sim\outputs\sweep_n_fc_connectivity_n2000_mc20_20260831\connectivity\point_07,KF-DPC,75,3.75,-0.022716772799693086,0.1199879785191568
connectivity,0.1,p=0.1,7,D:\git\sim\outputs\sweep_n_fc_connectivity_n2000_mc20_20260831\connectivity\point_07,KF-DPC,76,3.8000000000000003,-0.022602560276998914,0.11945975406846703
connectivity,0.1,p=0.1,7,D:\git\sim\outputs\sweep_n_fc_connectivity_n2000_mc20_20260831\connectivity\point_07,KF-DPC,77,3.85,-0.022446182296980383,0.11843394841340796
connectivity,0.1,p=0.1,7,D:\git\sim\outputs\sweep_n_fc_connectivity_n2000_mc20_20260831\connectivity\point_07,KF-DPC,78,3.9000000000000004,-0.0222809358585467,0.11752187019652194
connectivity,0.1,p=0.1,7,D:\git\sim\outputs\sweep_n_fc_connectivity_n2000_mc20_20260831\connectivity\point_07,KF-DPC,79,3.95,-0.022150884811352377,0.11687558639750428
connectivity,0.1,p=0.1,7,D:\git\sim\outputs\sweep_n_fc_connectivity_n2000_mc20_20260831\connectivity\point_07,KF-DPC,80,4.0,-0.022015991400631443,0.11638801746507729
connectivity,0.1,p=0.1,7,D:\git\sim\outputs\sweep_n_fc_connectivity_n2000_mc20_20260831\connectivity\point_07,KF-DPC,81,4.05,-0.02185751435653907,0.11539196731393117
connectivity,0.1,p=0.1,7,D:\git\sim\outputs\sweep_n_fc_connectivity_n2000_mc20_20260831\connectivity\point_07,KF-DPC,82,4.1000000000000005,-0.021777218689110863,0.11497367253866424
connectivity,0.1,p=0.1,7,D:\git\sim\outputs\sweep_n_fc_connectivity_n2000_mc20_20260831\connectivity\point_07,KF-DPC,83,4.15,-0.021574761954834737,0.11422935067871336
connectivity,0.1,p=0.1,7,D:\git\sim\outputs\sweep_n_fc_connectivity_n2000_mc20_20260831\connectivity\point_07,KF-DPC,84,4.2,-0.02152490143786835,0.1137234239723108
connectivity,0.1,p=0.1,7,D:\git\sim\outputs\sweep_n_fc_connectivity_n2000_mc20_20260831\connectivity\point_07,KF-DPC,85,4.25,-0.02138028524304271,0.11278391759988755
connectivity,0.1,p=0.1,7,D:\git\sim\outputs\sweep_n_fc_connectivity_n2000_mc20_20260831\connectivity\point_07,KF-DPC,86,4.3,-0.02130301801066268,0.11230632588627114
connectivity,0.1,p=0.1,7,D:\git\sim\outputs\sweep_n_fc_connectivity_n2000_mc20_20260831\connectivity\point_07,KF-DPC,87,4.3500000000000005,-0.021190621453781366,0.1114998202470349
connectivity,0.1,p=0.1,7,D:\git\sim\outputs\sweep_n_fc_connectivity_n2000_mc20_20260831\connectivity\point_07,KF-DPC,88,4.4,-0.02105430368730345,0.11089185279505816
connectivity,0.1,p=0.1,7,D:\git\sim\outputs\sweep_n_fc_connectivity_n2000_mc20_20260831\connectivity\point_07,KF-DPC,89,4.45,-0.020870099130340537,0.11013414694414432
connectivity,0.1,p=0.1,7,D:\git\sim\outputs\sweep_n_fc_connectivity_n2000_mc20_20260831\connectivity\point_07,KF-DPC,90,4.5,-0.02086945447502332,0.1099324674070532
connectivity,0.1,p=0.1,7,D:\git\sim\outputs\sweep_n_fc_connectivity_n2000_mc20_20260831\connectivity\point_07,KF-DPC,91,4.55,-0.02077131755566143,0.10930494757009919
connectivity,0.1,p=0.1,7,D:\git\sim\outputs\sweep_n_fc_connectivity_n2000_mc20_20260831\connectivity\point_07,KF-DPC,92,4.6000000000000005,-0.02073807169366062,0.10887926180727607
connectivity,0.1,p=0.1,7,D:\git\sim\outputs\sweep_n_fc_connectivity_n2000_mc20_20260831\connectivity\point_07,KF-DPC,93,4.65,-0.020617927659940354,0.1083929139508919
connectivity,0.1,p=0.1,7,D:\git\sim\outputs\sweep_n_fc_connectivity_n2000_mc20_20260831\connectivity\point_07,KF-DPC,94,4.7,-0.020504994195675256,0.1075520754254616
connectivity,0.1,p=0.1,7,D:\git\sim\outputs\sweep_n_fc_connectivity_n2000_mc20_20260831\connectivity\point_07,KF-DPC,95,4.75,-0.020413435948420027,0.10723302349990768
connectivity,0.1,p=0.1,7,D:\git\sim\outputs\sweep_n_fc_connectivity_n2000_mc20_20260831\connectivity\point_07,KF-DPC,96,4.800000000000001,-0.02029752550803797,0.10658175563712666
connectivity,0.1,p=0.1,7,D:\git\sim\outputs\sweep_n_fc_connectivity_n2000_mc20_20260831\connectivity\point_07,KF-DPC,97,4.8500000000000005,-0.02026183081409349,0.10615316748330186
connectivity,0.1,p=0.1,7,D:\git\sim\outputs\sweep_n_fc_connectivity_n2000_mc20_20260831\connectivity\point_07,KF-DPC,98,4.9,-0.020236469902338648,0.10589833121642238
connectivity,0.1,p=0.1,7,D:\git\sim\outputs\sweep_n_fc_connectivity_n2000_mc20_20260831\connectivity\point_07,KF-DPC,99,4.95,-0.020185211214718723,0.10550007615815153
connectivity,0.1,p=0.1,7,D:\git\sim\outputs\sweep_n_fc_connectivity_n2000_mc20_20260831\connectivity\point_07,KF-DPC,100,5.0,-0.020104518021873723,0.1051047618028175
connectivity,0.1,p=0.1,7,D:\git\sim\outputs\sweep_n_fc_connectivity_n2000_mc20_20260831\connectivity\point_07,KF-DPC,101,5.050000000000001,-0.02004731306200693,0.10462859070304505
connectivity,0.1,p=0.1,7,D:\git\sim\outputs\sweep_n_fc_connectivity_n2000_mc20_20260831\connectivity\point_07,KF-DPC,102,5.1000000000000005,-0.02001829226264274,0.10425794944027829
connectivity,0.1,p=0.1,7,D:\git\sim\outputs\sweep_n_fc_connectivity_n2000_mc20_20260831\connectivity\point_07,KF-DPC,103,5.15,-0.019928501034326043,0.10388070921694251
connectivity,0.1,p=0.1,7,D:\git\sim\outputs\sweep_n_fc_connectivity_n2000_mc20_20260831\connectivity\point_07,KF-DPC,104,5.2,-0.019771787597139517,0.1032445873393264
connectivity,0.1,p=0.1,7,D:\git\sim\outputs\sweep_n_fc_connectivity_n2000_mc20_20260831\connectivity\point_07,KF-DPC,105,5.25,-0.019807573091434542,0.1031941363512329
connectivity,0.1,p=0.1,7,D:\git\sim\outputs\sweep_n_fc_connectivity_n2000_mc20_20260831\connectivity\point_07,KF-DPC,106,5.300000000000001,-0.019683429714090102,0.10261004261234981
connectivity,0.1,p=0.1,7,D:\git\sim\outputs\sweep_n_fc_connectivity_n2000_mc20_20260831\connectivity\point_07,KF-DPC,107,5.3500000000000005,-0.019610166506511432,0.10211500847326238
connectivity,0.1,p=0.1,7,D:\git\sim\outputs\sweep_n_fc_connectivity_n2000_mc20_20260831\connectivity\point_07,KF-DPC,108,5.4,-0.0194841468821181,0.10154713769991627
connectivity,0.1,p=0.1,7,D:\git\sim\outputs\sweep_n_fc_connectivity_n2000_mc20_20260831\connectivity\point_07,KF-DPC,109,5.45,-0.01945863892271742,0.10107453168621883
connectivity,0.1,p=0.1,7,D:\git\sim\outputs\sweep_n_fc_connectivity_n2000_mc20_20260831\connectivity\point_07,KF-DPC,110,5.5,-0.019478754256078135,0.10093471550369068
connectivity,0.1,p=0.1,7,D:\git\sim\outputs\sweep_n_fc_connectivity_n2000_mc20_20260831\connectivity\point_07,KF-DPC,111,5.550000000000001,-0.019333341051750226,0.10035867064347834
connectivity,0.1,p=0.1,7,D:\git\sim\outputs\sweep_n_fc_connectivity_n2000_mc20_20260831\connectivity\point_07,KF-DPC,112,5.6000000000000005,-0.019250706010339857,0.10002682528255011
connectivity,0.1,p=0.1,7,D:\git\sim\outputs\sweep_n_fc_connectivity_n2000_mc20_20260831\connectivity\point_07,KF-DPC,113,5.65,-0.01921357766586769,0.09967069429996142
connectivity,0.1,p=0.1,7,D:\git\sim\outputs\sweep_n_fc_connectivity_n2000_mc20_20260831\connectivity\point_07,KF-DPC,114,5.7,-0.019114917989900147,0.09920222361150063
connectivity,0.1,p=0.1,7,D:\git\sim\outputs\sweep_n_fc_connectivity_n2000_mc20_20260831\connectivity\point_07,KF-DPC,115,5.75,-0.01909721304693583,0.0990328188047157
connectivity,0.1,p=0.1,7,D:\git\sim\outputs\sweep_n_fc_connectivity_n2000_mc20_20260831\connectivity\point_07,KF-DPC,116,5.800000000000001,-0.0191272389014817,0.09864409423891159
connectivity,0.1,p=0.1,7,D:\git\sim\outputs\sweep_n_fc_connectivity_n2000_mc20_20260831\connectivity\point_07,KF-DPC,117,5.8500000000000005,-0.0189873525773141,0.09818335560733792
connectivity,0.1,p=0.1,7,D:\git\sim\outputs\sweep_n_fc_connectivity_n2000_mc20_20260831\connectivity\point_07,KF-DPC,118,5.9,-0.018894300955025412,0.0977856687486067
connectivity,0.1,p=0.1,7,D:\git\sim\outputs\sweep_n_fc_connectivity_n2000_mc20_20260831\connectivity\point_07,KF-DPC,119,5.95,-0.018837901355398576,0.09693074258797582
connectivity,0.1,p=0.1,7,D:\git\sim\outputs\sweep_n_fc_connectivity_n2000_mc20_20260831\connectivity\point_07,KF-DPC,120,6.0,-0.01887090606015621,0.09693760044926092
connectivity,0.1,p=0.1,7,D:\git\sim\outputs\sweep_n_fc_connectivity_n2000_mc20_20260831\connectivity\point_07,KF-DPC,121,6.050000000000001,-0.018775879922355087,0.09675004537032462
connectivity,0.1,p=0.1,7,D:\git\sim\outputs\sweep_n_fc_connectivity_n2000_mc20_20260831\connectivity\point_07,KF-DPC,122,6.1000000000000005,-0.018698601252028692,0.09596356616001304
connectivity,0.1,p=0.1,7,D:\git\sim\outputs\sweep_n_fc_connectivity_n2000_mc20_20260831\connectivity\point_07,KF-DPC,123,6.15,-0.01863944534872042,0.09582373971256852
connectivity,0.1,p=0.1,7,D:\git\sim\outputs\sweep_n_fc_connectivity_n2000_mc20_20260831\connectivity\point_07,KF-DPC,124,6.2,-0.01857917052756925,0.09527787264719087
connectivity,0.1,p=0.1,7,D:\git\sim\outputs\sweep_n_fc_connectivity_n2000_mc20_20260831\connectivity\point_07,KF-DPC,125,6.25,-0.01849837312590744,0.0951959490178539
connectivity,0.1,p=0.1,7,D:\git\sim\outputs\sweep_n_fc_connectivity_n2000_mc20_20260831\connectivity\point_07,KF-DPC,126,6.300000000000001,-0.01846854029546652,0.09499778304634203
connectivity,0.1,p=0.1,7,D:\git\sim\outputs\sweep_n_fc_connectivity_n2000_mc20_20260831\connectivity\point_07,KF-DPC,127,6.3500000000000005,-0.01839162346563817,0.09445879617784772
connectivity,0.1,p=0.1,7,D:\git\sim\outputs\sweep_n_fc_connectivity_n2000_mc20_20260831\connectivity\point_07,KF-DPC,128,6.4,-0.01843615304760022,0.09444786099528481
connectivity,0.1,p=0.1,7,D:\git\sim\outputs\sweep_n_fc_connectivity_n2000_mc20_20260831\connectivity\point_07,KF-DPC,129,6.45,-0.018377238118697327,0.09390215269424426
connectivity,0.1,p=0.1,7,D:\git\sim\outputs\sweep_n_fc_connectivity_n2000_mc20_20260831\connectivity\point_07,KF-DPC,130,6.5,-0.018275784245543155,0.09358895593385798
connectivity,0.1,p=0.1,7,D:\git\sim\outputs\sweep_n_fc_connectivity_n2000_mc20_20260831\connectivity\point_07,KF-DPC,131,6.550000000000001,-0.01820525947143073,0.09293665469336437
connectivity,0.1,p=0.1,7,D:\git\sim\outputs\sweep_n_fc_connectivity_n2000_mc20_20260831\connectivity\point_07,KF-DPC,132,6.6000000000000005,-0.01816891476787964,0.09269256772585074
connectivity,0.1,p=0.1,7,D:\git\sim\outputs\sweep_n_fc_connectivity_n2000_mc20_20260831\connectivity\point_07,KF-DPC,133,6.65,-0.018112692887333092,0.09240949882765898
connectivity,0.1,p=0.1,7,D:\git\sim\outputs\sweep_n_fc_connectivity_n2000_mc20_20260831\connectivity\point_07,KF-DPC,134,6.7,-0.018144306487317116,0.0924156548107951
connectivity,0.1,p=0.1,7,D:\git\sim\outputs\sweep_n_fc_connectivity_n2000_mc20_20260831\connectivity\point_07,KF-DPC,135,6.75,-0.018110828755792313,0.09201232467100932
connectivity,0.1,p=0.1,7,D:\git\sim\outputs\sweep_n_fc_connectivity_n2000_mc20_20260831\connectivity\point_07,KF-DPC,136,6.800000000000001,-0.017978754168343956,0.09152605712425639
connectivity,0.1,p=0.1,7,D:\git\sim\outputs\sweep_n_fc_connectivity_n2000_mc20_20260831\connectivity\point_07,KF-DPC,137,6.8500000000000005,-0.017964330544423174,0.09145697440264329
connectivity,0.1,p=0.1,7,D:\git\sim\outputs\sweep_n_fc_connectivity_n2000_mc20_20260831\connectivity\point_07,KF-DPC,138,6.9,-0.017956810504115704,0.09114556238773217
connectivity,0.1,p=0.1,7,D:\git\sim\outputs\sweep_n_fc_connectivity_n2000_mc20_20260831\connectivity\point_07,KF-DPC,139,6.95,-0.01789448389658232,0.09082933179382593
connectivity,0.1,p=0.1,7,D:\git\sim\outputs\sweep_n_fc_connectivity_n2000_mc20_20260831\connectivity\point_07,KF-DPC,140,7.0,-0.017823806089783602,0.0903614165397836
connectivity,0.1,p=0.1,7,D:\git\sim\outputs\sweep_n_fc_connectivity_n2000_mc20_20260831\connectivity\point_07,KF-DPC,141,7.050000000000001,-0.0178550820178907,0.09034047635423131
connectivity,0.1,p=0.1,7,D:\git\sim\outputs\sweep_n_fc_connectivity_n2000_mc20_20260831\connectivity\point_07,KF-DPC,142,7.1000000000000005,-0.017717232628418407,0.08982545738252148
connectivity,0.1,p=0.1,7,D:\git\sim\outputs\sweep_n_fc_connectivity_n2000_mc20_20260831\connectivity\point_07,KF-DPC,143,7.15,-0.0177022157970574,0.08955466815635635
connectivity,0.1,p=0.1,7,D:\git\sim\outputs\sweep_n_fc_connectivity_n2000_mc20_20260831\connectivity\point_07,KF-DPC,144,7.2,-0.017696534358301434,0.08963054161949265
connectivity,0.1,p=0.1,7,D:\git\sim\outputs\sweep_n_fc_connectivity_n2000_mc20_20260831\connectivity\point_07,KF-DPC,145,7.25,-0.01764575234424185,0.08911549913835477
connectivity,0.1,p=0.1,7,D:\git\sim\outputs\sweep_n_fc_connectivity_n2000_mc20_20260831\connectivity\point_07,KF-DPC,146,7.300000000000001,-0.01764168877115921,0.08877768993492853
connectivity,0.1,p=0.1,7,D:\git\sim\outputs\sweep_n_fc_connectivity_n2000_mc20_20260831\connectivity\point_07,KF-DPC,147,7.3500000000000005,-0.017580028429902254,0.08864469946982312
connectivity,0.1,p=0.1,7,D:\git\sim\outputs\sweep_n_fc_connectivity_n2000_mc20_20260831\connectivity\point_07,KF-DPC,148,7.4,-0.01753430710512704,0.08825760161142782
connectivity,0.1,p=0.1,7,D:\git\sim\outputs\sweep_n_fc_connectivity_n2000_mc20_20260831\connectivity\point_07,KF-DPC,149,7.45,-0.017484927862897376,0.08794055827835205
connectivity,0.1,p=0.1,7,D:\git\sim\outputs\sweep_n_fc_connectivity_n2000_mc20_20260831\connectivity\point_07,KF-DPC,150,7.5,-0.017461640333291943,0.08778834639702118
connectivity,0.1,p=0.1,7,D:\git\sim\outputs\sweep_n_fc_connectivity_n2000_mc20_20260831\connectivity\point_07,KF-DPC,151,7.550000000000001,-0.017489786036941846,0.08767181208680697
connectivity,0.1,p=0.1,7,D:\git\sim\outputs\sweep_n_fc_connectivity_n2000_mc20_20260831\connectivity\point_07,KF-DPC,152,7.6000000000000005,-0.017382673904508494,0.0872977343189062
connectivity,0.1,p=0.1,7,D:\git\sim\outputs\sweep_n_fc_connectivity_n2000_mc20_20260831\connectivity\point_07,KF-DPC,153,7.65,-0.01741561567057364,0.08719389938323616
connectivity,0.1,p=0.1,7,D:\git\sim\outputs\sweep_n_fc_connectivity_n2000_mc20_20260831\connectivity\point_07,KF-DPC,154,7.7,-0.017413339251406347,0.0868698251168565
connectivity,0.1,p=0.1,7,D:\git\sim\outputs\sweep_n_fc_connectivity_n2000_mc20_20260831\connectivity\point_07,KF-DPC,155,7.75,-0.01729393253933658,0.08656121361920084
connectivity,0.1,p=0.1,7,D:\git\sim\outputs\sweep_n_fc_connectivity_n2000_mc20_20260831\connectivity\point_07,KF-DPC,156,7.800000000000001,-0.01737671075701819,0.08670561365055075
connectivity,0.1,p=0.1,7,D:\git\sim\outputs\sweep_n_fc_connectivity_n2000_mc20_20260831\connectivity\point_07,KF-DPC,157,7.8500000000000005,-0.01731479937572112,0.08624053835763658
connectivity,0.1,p=0.1,7,D:\git\sim\outputs\sweep_n_fc_connectivity_n2000_mc20_20260831\connectivity\point_07,KF-DPC,158,7.9,-0.017283275668281084,0.08619879180072126
connectivity,0.1,p=0.1,7,D:\git\sim\outputs\sweep_n_fc_connectivity_n2000_mc20_20260831\connectivity\point_07,KF-DPC,159,7.95,-0.017254703398872497,0.08608829456177218
connectivity,0.1,p=0.1,7,D:\git\sim\outputs\sweep_n_fc_connectivity_n2000_mc20_20260831\connectivity\point_07,KF-DPC,160,8.0,-0.017234973461543582,0.0858495469619209
connectivity,0.1,p=0.1,7,D:\git\sim\outputs\sweep_n_fc_connectivity_n2000_mc20_20260831\connectivity\point_07,KF-DPC,161,8.05,-0.017170684892424175,0.08541431680311865
connectivity,0.1,p=0.1,7,D:\git\sim\outputs\sweep_n_fc_connectivity_n2000_mc20_20260831\connectivity\point_07,KF-DPC,162,8.1,-0.017223795594022633,0.08530637186972077
connectivity,0.1,p=0.1,7,D:\git\sim\outputs\sweep_n_fc_connectivity_n2000_mc20_20260831\connectivity\point_07,KF-DPC,163,8.15,-0.017147484810864998,0.08507592305139099
connectivity,0.1,p=0.1,7,D:\git\sim\outputs\sweep_n_fc_connectivity_n2000_mc20_20260831\connectivity\point_07,KF-DPC,164,8.200000000000001,-0.01715447013343308,0.08473930581718861
connectivity,0.1,p=0.1,7,D:\git\sim\outputs\sweep_n_fc_connectivity_n2000_mc20_20260831\connectivity\point_07,KF-DPC,165,8.25,-0.01712391383089245,0.08474378339518042
connectivity,0.1,p=0.1,7,D:\git\sim\outputs\sweep_n_fc_connectivity_n2000_mc20_20260831\connectivity\point_07,KF-DPC,166,8.3,-0.017109668332783247,0.08478135202695865
connectivity,0.1,p=0.1,7,D:\git\sim\outputs\sweep_n_fc_connectivity_n2000_mc20_20260831\connectivity\point_07,KF-DPC,167,8.35,-0.017114236537428093,0.08456604818856686
connectivity,0.1,p=0.1,7,D:\git\sim\outputs\sweep_n_fc_connectivity_n2000_mc20_20260831\connectivity\point_07,KF-DPC,168,8.4,-0.01702488830435398,0.08411323322433453
connectivity,0.1,p=0.1,7,D:\git\sim\outputs\sweep_n_fc_connectivity_n2000_mc20_20260831\connectivity\point_07,KF-DPC,169,8.450000000000001,-0.01700499077925044,0.08395193001921715
connectivity,0.1,p=0.1,7,D:\git\sim\outputs\sweep_n_fc_connectivity_n2000_mc20_20260831\connectivity\point_07,KF-DPC,170,8.5,-0.017031742126606873,0.08395347422776098
connectivity,0.1,p=0.1,7,D:\git\sim\outputs\sweep_n_fc_connectivity_n2000_mc20_20260831\connectivity\point_07,KF-DPC,171,8.55,-0.01700303755704949,0.0837226249062138
connectivity,0.1,p=0.1,7,D:\git\sim\outputs\sweep_n_fc_connectivity_n2000_mc20_20260831\connectivity\point_07,KF-DPC,172,8.6,-0.016991587111798993,0.08369718997417316
connectivity,0.1,p=0.1,7,D:\git\sim\outputs\sweep_n_fc_connectivity_n2000_mc20_20260831\connectivity\point_07,KF-DPC,173,8.65,-0.01688215180133626,0.08318672583743598
connectivity,0.1,p=0.1,7,D:\git\sim\outputs\sweep_n_fc_connectivity_n2000_mc20_20260831\connectivity\point_07,KF-DPC,174,8.700000000000001,-0.01689390657578829,0.08299223081811576
connectivity,0.1,p=0.1,7,D:\git\sim\outputs\sweep_n_fc_connectivity_n2000_mc20_20260831\connectivity\point_07,KF-DPC,175,8.75,-0.016886439582668826,0.08285079627788397
connectivity,0.1,p=0.1,7,D:\git\sim\outputs\sweep_n_fc_connectivity_n2000_mc20_20260831\connectivity\point_07,KF-DPC,176,8.8,-0.016866809427528037,0.08291854549092573
connectivity,0.1,p=0.1,7,D:\git\sim\outputs\sweep_n_fc_connectivity_n2000_mc20_20260831\connectivity\point_07,KF-DPC,177,8.85,-0.01682734040605913,0.08241223986563698
connectivity,0.1,p=0.1,7,D:\git\sim\outputs\sweep_n_fc_connectivity_n2000_mc20_20260831\connectivity\point_07,KF-DPC,178,8.9,-0.01680921577985408,0.0825724648210452
connectivity,0.1,p=0.1,7,D:\git\sim\outputs\sweep_n_fc_connectivity_n2000_mc20_20260831\connectivity\point_07,KF-DPC,179,8.950000000000001,-0.016756691382455453,0.08221154903310195
connectivity,0.1,p=0.1,7,D:\git\sim\outputs\sweep_n_fc_connectivity_n2000_mc20_20260831\connectivity\point_07,KF-DPC,180,9.0,-0.01680443129342816,0.08218866103403152
connectivity,0.1,p=0.1,7,D:\git\sim\outputs\sweep_n_fc_connectivity_n2000_mc20_20260831\connectivity\point_07,KF-DPC,181,9.05,-0.016751028429974398,0.08190721066652884
connectivity,0.1,p=0.1,7,D:\git\sim\outputs\sweep_n_fc_connectivity_n2000_mc20_20260831\connectivity\point_07,KF-DPC,182,9.1,-0.016803240998971434,0.0816391111917768
connectivity,0.1,p=0.1,7,D:\git\sim\outputs\sweep_n_fc_connectivity_n2000_mc20_20260831\connectivity\point_07,KF-DPC,183,9.15,-0.016747615338370745,0.08167401682141433
connectivity,0.1,p=0.1,7,D:\git\sim\outputs\sweep_n_fc_connectivity_n2000_mc20_20260831\connectivity\point_07,KF-DPC,184,9.200000000000001,-0.016687749909597822,0.0813254496074273
connectivity,0.1,p=0.1,7,D:\git\sim\outputs\sweep_n_fc_connectivity_n2000_mc20_20260831\connectivity\point_07,KF-DPC,185,9.25,-0.016648488248783594,0.08128823704959996
connectivity,0.1,p=0.1,7,D:\git\sim\outputs\sweep_n_fc_connectivity_n2000_mc20_20260831\connectivity\point_07,KF-DPC,186,9.3,-0.016644604640145395,0.08101600737155838
connectivity,0.1,p=0.1,7,D:\git\sim\outputs\sweep_n_fc_connectivity_n2000_mc20_20260831\connectivity\point_07,KF-DPC,187,9.35,-0.016628202980973023,0.08088684102549414
connectivity,0.1,p=0.1,7,D:\git\sim\outputs\sweep_n_fc_connectivity_n2000_mc20_20260831\connectivity\point_07,KF-DPC,188,9.4,-0.016607523884027448,0.08096783449152667
connectivity,0.1,p=0.1,7,D:\git\sim\outputs\sweep_n_fc_connectivity_n2000_mc20_20260831\connectivity\point_07,KF-DPC,189,9.450000000000001,-0.016601326189766757,0.08074179994926597
connectivity,0.1,p=0.1,7,D:\git\sim\outputs\sweep_n_fc_connectivity_n2000_mc20_20260831\connectivity\point_07,KF-DPC,190,9.5,-0.016586975996247713,0.08069156055415196
connectivity,0.1,p=0.1,7,D:\git\sim\outputs\sweep_n_fc_connectivity_n2000_mc20_20260831\connectivity\point_07,KF-DPC,191,9.55,-0.01653822638142476,0.08047984063295326
connectivity,0.1,p=0.1,7,D:\git\sim\outputs\sweep_n_fc_connectivity_n2000_mc20_20260831\connectivity\point_07,KF-DPC,192,9.600000000000001,-0.01654431965338028,0.0803901371821796
connectivity,0.1,p=0.1,7,D:\git\sim\outputs\sweep_n_fc_connectivity_n2000_mc20_20260831\connectivity\point_07,KF-DPC,193,9.65,-0.016489681430943107,0.08033530396543663
connectivity,0.1,p=0.1,7,D:\git\sim\outputs\sweep_n_fc_connectivity_n2000_mc20_20260831\connectivity\point_07,KF-DPC,194,9.700000000000001,-0.016467804710973505,0.0798180334512162
connectivity,0.1,p=0.1,7,D:\git\sim\outputs\sweep_n_fc_connectivity_n2000_mc20_20260831\connectivity\point_07,KF-DPC,195,9.75,-0.016469394555751308,0.07983825364523019
connectivity,0.1,p=0.1,7,D:\git\sim\outputs\sweep_n_fc_connectivity_n2000_mc20_20260831\connectivity\point_07,KF-DPC,196,9.8,-0.016463245922075223,0.07979439953083123
connectivity,0.1,p=0.1,7,D:\git\sim\outputs\sweep_n_fc_connectivity_n2000_mc20_20260831\connectivity\point_07,KF-DPC,197,9.850000000000001,-0.01639971167194823,0.07940619825106138
connectivity,0.1,p=0.1,7,D:\git\sim\outputs\sweep_n_fc_connectivity_n2000_mc20_20260831\connectivity\point_07,KF-DPC,198,9.9,-0.016442744902824543,0.07953292824643668
connectivity,0.1,p=0.1,7,D:\git\sim\outputs\sweep_n_fc_connectivity_n2000_mc20_20260831\connectivity\point_07,KF-DPC,199,9.950000000000001,-0.01641290051770932,0.07946568737034934
connectivity,0.1,p=0.1,7,D:\git\sim\outputs\sweep_n_fc_connectivity_n2000_mc20_20260831\connectivity\point_07,KF-DPC,200,10.0,-0.01642014537584449,0.07921780586644908
connectivity,0.1,p=0.1,7,D:\git\sim\outputs\sweep_n_fc_connectivity_n2000_mc20_20260831\connectivity\point_07,KF-DPC,201,10.05,-0.01632902184376295,0.0789065823660029
connectivity,0.1,p=0.1,7,D:\git\sim\outputs\sweep_n_fc_connectivity_n2000_mc20_20260831\connectivity\point_07,KF-DPC,202,10.100000000000001,-0.01636255813702733,0.07909513677505124
connectivity,0.1,p=0.1,7,D:\git\sim\outputs\sweep_n_fc_connectivity_n2000_mc20_20260831\connectivity\point_07,KF-DPC,203,10.15,-0.016375636423974608,0.07878822348175317
connectivity,0.1,p=0.1,7,D:\git\sim\outputs\sweep_n_fc_connectivity_n2000_mc20_20260831\connectivity\point_07,KF-DPC,204,10.200000000000001,-0.01642855591096438,0.07909287263913359
connectivity,0.1,p=0.1,7,D:\git\sim\outputs\sweep_n_fc_connectivity_n2000_mc20_20260831\connectivity\point_07,KF-DPC,205,10.25,-0.01636932168704865,0.07883510172123043
connectivity,0.1,p=0.1,7,D:\git\sim\outputs\sweep_n_fc_connectivity_n2000_mc20_20260831\connectivity\point_07,KF-DPC,206,10.3,-0.016307018563841577,0.07829070096726248
connectivity,0.1,p=0.1,7,D:\git\sim\outputs\sweep_n_fc_connectivity_n2000_mc20_20260831\connectivity\point_07,KF-DPC,207,10.350000000000001,-0.016333176254223477,0.07839211883262895
connectivity,0.1,p=0.1,7,D:\git\sim\outputs\sweep_n_fc_connectivity_n2000_mc20_20260831\connectivity\point_07,KF-DPC,208,10.4,-0.016311300279096084,0.07833319995512505
connectivity,0.1,p=0.1,7,D:\git\sim\outputs\sweep_n_fc_connectivity_n2000_mc20_20260831\connectivity\point_07,KF-DPC,209,10.450000000000001,-0.016311318642412233,0.07807593271418427
connectivity,0.1,p=0.1,7,D:\git\sim\outputs\sweep_n_fc_connectivity_n2000_mc20_20260831\connectivity\point_07,KF-DPC,210,10.5,-0.016280510017705245,0.07805127717732425
connectivity,0.1,p=0.1,7,D:\git\sim\outputs\sweep_n_fc_connectivity_n2000_mc20_20260831\connectivity\point_07,KF-DPC,211,10.55,-0.016279222255371234,0.07784970708491375
connectivity,0.1,p=0.1,7,D:\git\sim\outputs\sweep_n_fc_connectivity_n2000_mc20_20260831\connectivity\point_07,KF-DPC,212,10.600000000000001,-0.016287805957731685,0.07800201610509525
connectivity,0.1,p=0.1,7,D:\git\sim\outputs\sweep_n_fc_connectivity_n2000_mc20_20260831\connectivity\point_07,KF-DPC,213,10.65,-0.016288797648447328,0.07796594613219689
connectivity,0.1,p=0.1,7,D:\git\sim\outputs\sweep_n_fc_connectivity_n2000_mc20_20260831\connectivity\point_07,KF-DPC,214,10.700000000000001,-0.016241799131604295,0.07762481769889673
connectivity,0.1,p=0.1,7,D:\git\sim\outputs\sweep_n_fc_connectivity_n2000_mc20_20260831\connectivity\point_07,KF-DPC,215,10.75,-0.016232426805887424,0.07766231714976715
connectivity,0.1,p=0.1,7,D:\git\sim\outputs\sweep_n_fc_connectivity_n2000_mc20_20260831\connectivity\point_07,KF-DPC,216,10.8,-0.01621073289575571,0.07753243874024629
connectivity,0.1,p=0.1,7,D:\git\sim\outputs\sweep_n_fc_connectivity_n2000_mc20_20260831\connectivity\point_07,KF-DPC,217,10.850000000000001,-0.016195545795878456,0.07726530447093277
connectivity,0.1,p=0.1,7,D:\git\sim\outputs\sweep_n_fc_connectivity_n2000_mc20_20260831\connectivity\point_07,KF-DPC,218,10.9,-0.0161587497111653,0.07738522312008322
connectivity,0.1,p=0.1,7,D:\git\sim\outputs\sweep_n_fc_connectivity_n2000_mc20_20260831\connectivity\point_07,KF-DPC,219,10.950000000000001,-0.01617620687244836,0.0772018062164918
connectivity,0.1,p=0.1,7,D:\git\sim\outputs\sweep_n_fc_connectivity_n2000_mc20_20260831\connectivity\point_07,KF-DPC,220,11.0,-0.01617374657597799,0.07705627444290318
connectivity,0.1,p=0.1,7,D:\git\sim\outputs\sweep_n_fc_connectivity_n2000_mc20_20260831\connectivity\point_07,KF-DPC,221,11.05,-0.016252302285430557,0.07734679913510041
connectivity,0.1,p=0.1,7,D:\git\sim\outputs\sweep_n_fc_connectivity_n2000_mc20_20260831\connectivity\point_07,KF-DPC,222,11.100000000000001,-0.016220975296875707,0.07713238377820072
connectivity,0.1,p=0.1,7,D:\git\sim\outputs\sweep_n_fc_connectivity_n2000_mc20_20260831\connectivity\point_07,KF-DPC,223,11.15,-0.016178137443250282,0.07693803601688756
connectivity,0.1,p=0.1,7,D:\git\sim\outputs\sweep_n_fc_connectivity_n2000_mc20_20260831\connectivity\point_07,KF-DPC,224,11.200000000000001,-0.016168814874610637,0.07697681127416077
connectivity,0.1,p=0.1,7,D:\git\sim\outputs\sweep_n_fc_connectivity_n2000_mc20_20260831\connectivity\point_07,KF-DPC,225,11.25,-0.01613294160244732,0.07678110278320452
connectivity,0.1,p=0.1,7,D:\git\sim\outputs\sweep_n_fc_connectivity_n2000_mc20_20260831\connectivity\point_07,KF-DPC,226,11.3,-0.016142218629490734,0.07672593664204254
connectivity,0.1,p=0.1,7,D:\git\sim\outputs\sweep_n_fc_connectivity_n2000_mc20_20260831\connectivity\point_07,KF-DPC,227,11.350000000000001,-0.016124225638213446,0.0767653662662239
connectivity,0.1,p=0.1,7,D:\git\sim\outputs\sweep_n_fc_connectivity_n2000_mc20_20260831\connectivity\point_07,KF-DPC,228,11.4,-0.01612152102614024,0.07664228159766523
connectivity,0.1,p=0.1,7,D:\git\sim\outputs\sweep_n_fc_connectivity_n2000_mc20_20260831\connectivity\point_07,KF-DPC,229,11.450000000000001,-0.016163534351131183,0.07679298376523004
connectivity,0.1,p=0.1,7,D:\git\sim\outputs\sweep_n_fc_connectivity_n2000_mc20_20260831\connectivity\point_07,KF-DPC,230,11.5,-0.016105174323229186,0.07652565147912133
connectivity,0.1,p=0.1,7,D:\git\sim\outputs\sweep_n_fc_connectivity_n2000_mc20_20260831\connectivity\point_07,KF-DPC,231,11.55,-0.016191369464744514,0.07675917122290131
connectivity,0.1,p=0.1,7,D:\git\sim\outputs\sweep_n_fc_connectivity_n2000_mc20_20260831\connectivity\point_07,KF-DPC,232,11.600000000000001,-0.016092124095298456,0.07642726498113313
connectivity,0.1,p=0.1,7,D:\git\sim\outputs\sweep_n_fc_connectivity_n2000_mc20_20260831\connectivity\point_07,KF-DPC,233,11.65,-0.016113217418585797,0.0764167581562196
connectivity,0.1,p=0.1,7,D:\git\sim\outputs\sweep_n_fc_connectivity_n2000_mc20_20260831\connectivity\point_07,KF-DPC,234,11.700000000000001,-0.016078347194818963,0.07621587888300799
connectivity,0.1,p=0.1,7,D:\git\sim\outputs\sweep_n_fc_connectivity_n2000_mc20_20260831\connectivity\point_07,KF-DPC,235,11.75,-0.016105032523206025,0.0761027613213698
connectivity,0.1,p=0.1,7,D:\git\sim\outputs\sweep_n_fc_connectivity_n2000_mc20_20260831\connectivity\point_07,KF-DPC,236,11.8,-0.0161053010707884,0.07630659538778946
connectivity,0.1,p=0.1,7,D:\git\sim\outputs\sweep_n_fc_connectivity_n2000_mc20_20260831\connectivity\point_07,KF-DPC,237,11.850000000000001,-0.016066260826921752,0.07592549321700504
connectivity,0.1,p=0.1,7,D:\git\sim\outputs\sweep_n_fc_connectivity_n2000_mc20_20260831\connectivity\point_07,KF-DPC,238,11.9,-0.016073957669869514,0.07611795570234368
connectivity,0.1,p=0.1,7,D:\git\sim\outputs\sweep_n_fc_connectivity_n2000_mc20_20260831\connectivity\point_07,KF-DPC,239,11.950000000000001,-0.01605422966964747,0.07608049865690042
