trial_index,seed,long_block,physical_time_s,method,block_final_power_db,block_final_gain_linear,block_final_phase_std_deg,block_final_phase_rmse_deg,block_final_distance_rmse_m,block_final_node_rmse_m,block_final_uav_rmse_m
0,5200,0,1.4500000000000002,No Algorithm,-3.803657390270083,0.4165184666890675,51.297707310602576,51.30826031962052,,,
0,5200,1,2.95,No Algorithm,-3.898567455390266,0.4075146766293951,51.847028842238856,51.85149850114124,,,
0,5200,2,4.45,No Algorithm,-3.944336586526041,0.40324253969731433,52.128642332962734,52.22228668563279,,,
0,5200,3,5.95,No Algorithm,-3.912699766319551,0.4061907445569433,51.92028122571816,51.912660610064805,,,
0,5200,4,7.45,No Algorithm,-3.814961305566673,0.41543575264265953,51.40159162360414,51.39356887059257,,,
0,5200,5,8.950000000000001,No Algorithm,-4.045520795999505,0.3939561824885972,52.63921481004318,52.637237678249534,,,
0,5200,6,10.450000000000001,No Algorithm,-4.034985789870117,0.3949129915034821,52.52673894330347,52.53034102724591,,,
0,5200,7,11.950000000000001,No Algorithm,-3.9060183818443224,0.4068161278683419,51.89427982667628,51.8835344124869,,,
0,5200,8,13.450000000000001,No Algorithm,-3.839491385132135,0.41309587801415976,51.51163611171806,51.51314230369513,,,
0,5200,9,14.950000000000001,No Algorithm,-3.94513503631061,0.4031684104285326,52.11179350501203,52.11230176601793,,,
0,5200,10,16.45,No Algorithm,-3.8797730260025203,0.409282049353698,51.74634710019333,51.73685756236425,,,
0,5200,11,17.95,No Algorithm,-4.05265477789148,0.3933095776331347,52.675653789817964,52.67880789304615,,,
0,5200,12,19.450000000000003,No Algorithm,-3.7477426015944166,0.42191575200262804,50.99266025146484,50.9819839533269,,,
0,5200,13,20.950000000000003,No Algorithm,-3.853638127178876,0.4117524455473193,51.55144999663943,51.54210673959177,,,
0,5200,14,22.450000000000003,No Algorithm,-3.718792137543519,0.424737675821802,50.834876919615475,50.82218741684187,,,
0,5200,15,23.950000000000003,No Algorithm,-3.874614150188251,0.409768514162947,51.73866385154685,51.728527970301215,,,
0,5200,16,25.450000000000003,No Algorithm,-3.977433906604687,0.4001811328800047,52.283462833955056,52.332422221065904,,,
0,5200,17,26.950000000000003,No Algorithm,-3.672048745129566,0.4293338446085285,50.55432412334164,50.58992529150218,,,
0,5200,18,28.450000000000003,No Algorithm,-4.0472705007388905,0.39379749565478905,52.63894456568175,52.64053919494581,,,
0,5200,19,29.950000000000003,No Algorithm,-3.8536113799106593,0.4117549814503697,51.59545949407147,51.58373376387201,,,
0,5200,0,1.4500000000000002,DPC,-2.5054985559170517,0.5616298013832807,42.78313096724218,42.77249646940191,0.9860501231890069,1.7080215002278518,0.2267044194982643
0,5200,1,2.95,DPC,-2.5472478581326814,0.5562566477122477,43.08069850965186,43.09724600952482,0.9988236148864867,1.7503898458976679,0.16263815744840934
0,5200,2,4.45,DPC,-2.5042902230885105,0.5617860847742926,42.74127349159899,42.73202396830576,0.9908940557963583,1.7527483712250826,0.1377016706954854
0,5200,3,5.95,DPC,-2.5415187351970303,0.5569909341924343,42.99238787277654,42.986793739441985,0.9909038133500894,1.707543275481861,0.11403379489212347
0,5200,4,7.45,DPC,-2.502165858436485,0.5620609513647902,42.80911794457755,42.829294596863164,1.0071063388230241,1.751555980476337,0.10359823367603048
0,5200,5,8.950000000000001,DPC,-2.504070728536996,0.5618144784348071,42.74952608817121,42.83324049660258,0.9728432634466857,1.7259075877682637,0.09315120379308937
0,5200,6,10.450000000000001,DPC,-2.6201343029344333,0.5469990470186548,43.62465280974651,43.613881070762694,1.0087899214659717,1.7624534742727525,0.08640379776701754
0,5200,7,11.950000000000001,DPC,-2.6377362389031846,0.5447865489734074,43.80131931512244,43.79070918460172,0.9898674939530577,1.7390640831959174,0.07966145888448435
0,5200,8,13.450000000000001,DPC,-2.644988472865207,0.5438775752897054,43.8189249859439,43.80803532003537,0.9901108328384475,1.723859798696809,0.0752007354076677
0,5200,9,14.950000000000001,DPC,-2.7454718079213123,0.5314382620928814,44.59308654116593,44.61826149362842,1.0171796572397025,1.7393299778978366,0.07177593539804746
0,5200,10,16.45,DPC,-2.628568185764004,0.5459378202513451,43.66619592982703,43.659367877474004,1.001916898216185,1.7188466469843326,0.06889592995495965
0,5200,11,17.95,DPC,-2.5579822621867603,0.5548834526542006,43.14914266370251,43.1400769943056,0.9705001801810894,1.7069880750817248,0.06695237719505197
0,5200,12,19.450000000000003,DPC,-2.617866541581378,0.5472847488348797,43.65625707640502,43.646709508549506,1.0014880189253306,1.7228983933549764,0.06361935583214803
0,5200,13,20.950000000000003,DPC,-2.677827788192897,0.5397805371754788,44.02709892743513,44.04801350365021,1.0239652932323622,1.7487056479928398,0.061106902409052616
0,5200,14,22.450000000000003,DPC,-2.590255015822275,0.5507753541676971,43.39797821951912,43.387678785734686,0.9909708370586301,1.732568842021754,0.059111812856433237
0,5200,15,23.950000000000003,DPC,-2.652710276323404,0.5429114141805849,43.88761713832841,43.899265474836156,1.0000595972744368,1.7242327044468795,0.05796220472081658
0,5200,16,25.450000000000003,DPC,-2.652293083579544,0.5429635699392512,43.8418741460941,43.83426512520724,1.0163237529709739,1.7257071449412311,0.05700444133509375
0,5200,17,26.950000000000003,DPC,-2.6099385939771453,0.5482847172058262,43.56853372493026,43.558992579862156,1.0141753418321415,1.725557069887253,0.055292111988705796
0,5200,18,28.450000000000003,DPC,-2.6117112983757003,0.5480609638696476,43.636011674195146,43.69118324034729,0.9883233126603662,1.73124624428002,0.053195194895427206
0,5200,19,29.950000000000003,DPC,-2.666054300745122,0.5412458381632153,44.00442388633833,44.00538351473199,1.0049623925777795,1.7349699749911738,0.05272728426505451
0,5200,0,1.4500000000000002,KF-DPC,-0.12106298987144999,0.9725091609060179,9.568181446509884,9.649539672888938,0.1905320266081415,0.3243384615327401,0.052952315947497844
0,5200,1,2.95,KF-DPC,-0.06924630199570829,0.9841818911604343,7.236837121234352,7.264752623687516,0.1369939346581199,0.23109111380350056,0.02790079620539548
0,5200,2,4.45,KF-DPC,-0.050675241426379636,0.9883994062865407,6.190787969309556,6.255076220363039,0.1135049268376015,0.18827031268134145,0.0374342099828214
0,5200,3,5.95,KF-DPC,-0.04330223524180127,0.9900788345788853,5.722386678084883,5.747593291189635,0.10071725180357072,0.16400195176796323,0.04213066607539639
0,5200,4,7.45,KF-DPC,-0.03518275166149785,0.9919315977550719,5.158040626454931,5.157418774042022,0.0867964099823658,0.14779894213199563,0.024588339088852537
0,5200,5,8.950000000000001,KF-DPC,-0.0312038927096832,0.9928407883103634,4.857716718069075,4.860346326889984,0.07978930706851561,0.1353937737964251,0.024626210100765572
0,5200,6,10.450000000000001,KF-DPC,-0.02825661138254823,0.9935147950890891,4.622757382908565,4.623543969937854,0.07435602093025234,0.12713640400622164,0.022086075965634326
0,5200,7,11.950000000000001,KF-DPC,-0.026570191134882154,0.9939006643286065,4.4827219210663065,4.482509489351837,0.06997942229050932,0.11999498417158619,0.01982881211748143
0,5200,8,13.450000000000001,KF-DPC,-0.026030632126847635,0.9940241522826806,4.436897916921248,4.436704438490625,0.06856821475955795,0.1156039704641751,0.01593915676207584
0,5200,9,14.950000000000001,KF-DPC,-0.024621358097896427,0.9943467628134083,4.315377801247203,4.314338052079916,0.06487575904532322,0.11065617881910934,0.0120317768641952
0,5200,10,16.45,KF-DPC,-0.023796807972645686,0.9945355670968663,4.242263157718743,4.242038510202354,0.06309669477930253,0.10681352017193065,0.009327038976778543
0,5200,11,17.95,KF-DPC,-0.022279126927661378,0.9948831772109545,4.104901233632729,4.10404152973896,0.05950690450935101,0.10299342596834414,0.005919067680641163
0,5200,12,19.450000000000003,KF-DPC,-0.022738575428274056,0.9947779321697818,4.146947062507945,4.145936228301732,0.059470130620193976,0.10093877874910749,0.005567758299151116
0,5200,13,20.950000000000003,KF-DPC,-0.022113727082785153,0.9949210677814234,4.08971393935387,4.089083668945364,0.057356053099375075,0.09797969191523791,0.005684892868050096
0,5200,14,22.450000000000003,KF-DPC,-0.02111716420796421,0.9951493956115056,3.99638959632444,3.9961675517824946,0.05629951404159931,0.09651636831951202,0.00618598125255978
0,5200,15,23.950000000000003,KF-DPC,-0.021126392790583544,0.9951472809614142,3.9972451810054497,3.997533752641474,0.05536720852827973,0.0931775219061113,0.005834609360301264
0,5200,16,25.450000000000003,KF-DPC,-0.020828106517324137,0.9952156329622494,3.968940423535309,3.9692342435809476,0.05374423766359898,0.0915788585656528,0.005839495059055059
0,5200,17,26.950000000000003,KF-DPC,-0.020788420136009827,0.9952247274106497,3.9651276541693674,3.965801736320558,0.05307904978223587,0.09002938272124175,0.006055118880500162
0,5200,18,28.450000000000003,KF-DPC,-0.020427618728076788,0.9953074117213937,3.930561156178327,3.931113491261171,0.05260847429318965,0.08866822551768018,0.006352994434846333
0,5200,19,29.950000000000003,KF-DPC,-0.021012461166934275,0.9951733877247744,3.986367190294545,3.989329314240801,0.053790897046024605,0.08796329122854406,0.007293645403620654
1,6209,0,1.4500000000000002,No Algorithm,-3.964222884142919,0.40140031742185256,52.11722934579238,52.104866057430236,,,
1,6209,1,2.95,No Algorithm,-3.874772422608401,0.409753581006902,51.743966848044664,51.73146954367268,,,
1,6209,2,4.45,No Algorithm,-3.848317380791645,0.4122572120183229,51.60237413035432,51.5910903920766,,,
1,6209,3,5.95,No Algorithm,-3.887459026059598,0.40855835609667573,51.73861509145118,51.74791577046396,,,
1,6209,4,7.45,No Algorithm,-3.8968177481413067,0.40767889125048357,51.87994582140809,51.93307309579703,,,
1,6209,5,8.950000000000001,No Algorithm,-3.8393945601713857,0.4131050879948796,51.53587865099516,51.553545933820565,,,
1,6209,6,10.450000000000001,No Algorithm,-3.9695394705870313,0.4009092281150784,52.22041435958761,52.2329034616203,,,
1,6209,7,11.950000000000001,No Algorithm,-3.809930098783566,0.41591730477469596,51.371459501629175,51.37840500603039,,,
1,6209,8,13.450000000000001,No Algorithm,-4.037880790058707,0.394649830845195,52.5942504222016,52.581174441514264,,,
1,6209,9,14.950000000000001,No Algorithm,-3.8810313305368083,0.4091634830628267,51.726031924233816,51.71772635763,,,
1,6209,10,16.45,No Algorithm,-4.097986358879311,0.3892255707138563,52.85703925444209,52.84600730333757,,,
1,6209,11,17.95,No Algorithm,-3.9250106153896374,0.4050409551002409,51.969038167614315,51.958034421280146,,,
1,6209,12,19.450000000000003,No Algorithm,-3.9917698923490184,0.39886231976794306,52.3304327121882,52.32358032388843,,,
1,6209,13,20.950000000000003,No Algorithm,-4.058268314202975,0.3928015280485664,52.71359690099268,52.79598393697699,,,
1,6209,14,22.450000000000003,No Algorithm,-3.7891623840152637,0.4179109606124464,51.260478214006866,51.25606608016329,,,
1,6209,15,23.950000000000003,No Algorithm,-3.893258444762309,0.40801314546979695,51.79822058052313,51.785310511201615,,,
1,6209,16,25.450000000000003,No Algorithm,-3.877542960411489,0.40949226620699875,51.74616675043934,51.73440249774145,,,
1,6209,17,26.950000000000003,No Algorithm,-3.966805721412329,0.4011616674929531,52.24074879396903,52.242684507839044,,,
1,6209,18,28.450000000000003,No Algorithm,-3.788049659527935,0.4180180490872523,51.26092659956742,51.254591432823176,,,
1,6209,19,29.950000000000003,No Algorithm,-3.7658788440736126,0.4201574954459528,51.09186143248124,51.08187000140879,,,
1,6209,0,1.4500000000000002,DPC,-2.60039382231922,0.5494910432339091,43.511852465448754,43.52665125909326,0.9901263738976347,1.7290958337324493,0.22288783094245843
1,6209,1,2.95,DPC,-2.615143955523397,0.5476279484460781,43.576618161664726,43.5660409815035,1.0076924532756975,1.720844857416351,0.1626409218393334
1,6209,2,4.45,DPC,-2.5428244210171984,0.55682350267233,43.06576471898627,43.05511080719464,1.002477452711601,1.7142268322367495,0.13061177090079212
1,6209,3,5.95,DPC,-2.627058546727798,0.5461276251738807,43.65691905385051,43.64944743599162,1.0075130669755132,1.7342454837338614,0.11385758076213058
1,6209,4,7.45,DPC,-2.67426397799482,0.5402236615901244,44.058593383025304,44.058423672831466,1.0105963643992424,1.7332135048197497,0.10185221983266533
1,6209,5,8.950000000000001,DPC,-2.6604336528759394,0.5419467730871246,43.967475931459255,43.96710683098053,1.0179580723358386,1.751706451958798,0.09446429515146709
1,6209,6,10.450000000000001,DPC,-2.71564250238902,0.5351009841967851,44.41608201760595,44.408880278869404,1.013103273995835,1.7356993724534726,0.08735030297925704
1,6209,7,11.950000000000001,DPC,-2.5217492581607632,0.5595321868454164,42.87084287285057,42.860275954357284,0.9899354900834606,1.722960150370948,0.08068663381868191
1,6209,8,13.450000000000001,DPC,-2.5778370631470438,0.5523524614355313,43.26962606544213,43.26099008955495,1.004126841144913,1.71597815870432,0.0775895027815018
1,6209,9,14.950000000000001,DPC,-2.6983925254469003,0.537230607261184,44.21178536346459,44.22902367675035,1.0177737710224457,1.73787495820589,0.07365452532022274
1,6209,10,16.45,DPC,-2.6212775346755457,0.5468550745763556,43.69718248547626,43.697656640666324,1.0069131236656688,1.7163801948105706,0.06918334608813742
1,6209,11,17.95,DPC,-2.602851413084451,0.5491801845534636,43.53536146726136,43.52819169512624,0.9857907103938043,1.7261692719651198,0.0673129752389919
1,6209,12,19.450000000000003,DPC,-2.462091784156546,0.5672713127452491,42.40451185320519,42.40072593160474,0.9835497753910551,1.724096430959724,0.06368138714645705
1,6209,13,20.950000000000003,DPC,-2.629207259152127,0.5458574902729493,43.73316767656788,43.72402103654228,1.0029397482559481,1.7217833759735626,0.06145691084634484
1,6209,14,22.450000000000003,DPC,-2.5878851057998,0.551075989863925,43.38093590081994,43.374598248873134,1.0068078658778428,1.7227483690572438,0.06028295066699234
1,6209,15,23.950000000000003,DPC,-2.6761793424423876,0.5399854598399523,44.0335580376825,44.022614756173766,1.0015551825945554,1.754157591563846,0.05775930215633225
1,6209,16,25.450000000000003,DPC,-2.682432759484513,0.5392084929463679,44.130452612805044,44.125864257964686,1.004895016785609,1.717656654622032,0.05565977928253553
1,6209,17,26.950000000000003,DPC,-2.5205682678796,0.5596843628359738,42.84459763854364,42.83420674881092,0.9993929457630047,1.7232390841396181,0.05481264849509863
1,6209,18,28.450000000000003,DPC,-2.5594575413605507,0.554694993207289,43.21069412586447,43.20244774914638,0.9887740395865391,1.7155836494763699,0.052851390242118594
1,6209,19,29.950000000000003,DPC,-2.7083272992752363,0.5360030612576824,44.333733441779984,44.33031869543791,1.0209464218569284,1.7392023550951188,0.051559433444065245
1,6209,0,1.4500000000000002,KF-DPC,-0.11992356379737737,0.9727643443624917,9.522468110425205,9.742628526399614,0.1919106136273751,0.3208411202782667,0.08453007909595202
1,6209,1,2.95,KF-DPC,-0.0645356879904245,0.9852499720127301,6.986794874684865,7.057545713719786,0.132137838100255,0.22667234981934087,0.0505030076330331
1,6209,2,4.45,KF-DPC,-0.04897282618044629,0.9887869304505433,6.086347925147858,6.105647316057795,0.11136530790939794,0.18812736360029536,0.04789964288039648
1,6209,3,5.95,KF-DPC,-0.03903453783352108,0.9910522371446786,5.433735085734345,5.45722321744853,0.09624406201968919,0.1632762741489228,0.03913838707280156
1,6209,4,7.45,KF-DPC,-0.034352112176800786,0.9921213345314914,5.097091404548947,5.104600274222129,0.08623993272450879,0.1474470073025334,0.02012303479724748
1,6209,5,8.950000000000001,KF-DPC,-0.030821256127490166,0.9929282667282819,4.827947691963952,4.83732817627994,0.07973684124211979,0.13673876340153412,0.015996728187038598
1,6209,6,10.450000000000001,KF-DPC,-0.028156725835439586,0.9935376456925901,4.614715306606372,4.626346555652579,0.07402903153855638,0.12805155808489735,0.013300137104085038
1,6209,7,11.950000000000001,KF-DPC,-0.026838089243576682,0.9938393566428984,4.505093776550308,4.5171590395222765,0.07049254582466924,0.12025091061180646,0.01241019836538418
1,6209,8,13.450000000000001,KF-DPC,-0.024772594654404262,0.9943121367777867,4.328539887162003,4.345329484339323,0.0656623496587786,0.11404531790009953,0.012292304616075264
1,6209,9,14.950000000000001,KF-DPC,-0.023607256713495135,0.9945789753350277,4.225390243811821,4.243609997795559,0.06355521637315967,0.10801506800270123,0.012176827833166655
1,6209,10,16.45,KF-DPC,-0.022779775487659526,0.9947684950902922,4.150789406757846,4.164211083284756,0.060942074802198314,0.10506917698114374,0.01089695042810428
1,6209,11,17.95,KF-DPC,-0.02283791475349898,0.9947551781532195,4.156068000936687,4.164244083679483,0.060531408817231014,0.10223928361634381,0.010856259725636757
1,6209,12,19.450000000000003,KF-DPC,-0.02229979677130588,0.9948784421678817,4.10674350239831,4.113830229590945,0.05831735985456447,0.09867448622121532,0.01120338034231741
1,6209,13,20.950000000000003,KF-DPC,-0.021759824757881897,0.995002146229432,4.056804724161098,4.057812423959866,0.056547337551852955,0.09634182268439201,0.011050025148968802
1,6209,14,22.450000000000003,KF-DPC,-0.02120594471346103,0.9951290525109068,4.0047233038455685,4.008807562955294,0.05496363623598712,0.09396913070614409,0.011502780240918957
1,6209,15,23.950000000000003,KF-DPC,-0.020973750120030967,0.9951822582900218,3.9827147779648207,3.990199770261932,0.05320812308669151,0.09165924750758683,0.012098381907381602
1,6209,16,25.450000000000003,KF-DPC,-0.020724611476289095,0.9952393498443073,3.9590028629503737,3.963598287090907,0.05284246988143304,0.09039631672367249,0.012142572034165841
1,6209,17,26.950000000000003,KF-DPC,-0.019995169366139896,0.9954065245361651,3.8887384895749415,3.8977055982472524,0.05158695016386148,0.08851459519204907,0.012315183087381002
1,6209,18,28.450000000000003,KF-DPC,-0.020253256538745032,0.9953473725015552,3.913847528111563,3.923356313305469,0.05183003772363703,0.08729762861043151,0.012627061300034128
1,6209,19,29.950000000000003,KF-DPC,-0.019949442967838706,0.9954170051194394,3.8842924704983552,3.8944543404108414,0.0511838021794985,0.08609651420805946,0.012800334575252727
2,7218,0,1.4500000000000002,No Algorithm,-3.830104380657491,0.4139897246497986,51.46095802629234,51.47036605861948,,,
2,7218,1,2.95,No Algorithm,-3.9203123930729533,0.40547936779674765,51.982933120466114,51.997922754581744,,,
2,7218,2,4.45,No Algorithm,-3.8090391690674172,0.41600263652831576,51.3219675983451,51.31525442899479,,,
2,7218,3,5.95,No Algorithm,-3.9537801196147466,0.40236666002884486,52.23120509139035,52.224969011391245,,,
2,7218,4,7.45,No Algorithm,-4.1477085473224236,0.38479475639526634,53.20662099083561,53.19633652296392,,,
2,7218,5,8.950000000000001,No Algorithm,-3.8730557949684323,0.40991557554863406,51.70220686169278,51.69912922084424,,,
2,7218,6,10.450000000000001,No Algorithm,-3.9502931895756896,0.40268984805993485,52.145370703511446,52.13233273768989,,,
2,7218,7,11.950000000000001,No Algorithm,-4.067279948909671,0.391987307736412,52.76436881252787,52.81705265618435,,,
2,7218,8,13.450000000000001,No Algorithm,-4.025786209490112,0.3957504150888272,52.556259080363574,52.566001754534774,,,
2,7218,9,14.950000000000001,No Algorithm,-3.953230300181792,0.40241760311528274,52.14996972593132,52.14320537437675,,,
2,7218,10,16.45,No Algorithm,-3.8616535392321327,0.4109932091489461,51.64363535185526,51.63781134589297,,,
2,7218,11,17.95,No Algorithm,-3.75561859085121,0.4211512954569642,51.05433820362397,51.05093615314649,,,
2,7218,12,19.450000000000003,No Algorithm,-3.784006522571526,0.418407391170269,51.22935360260563,51.22687594072353,,,
2,7218,13,20.950000000000003,No Algorithm,-3.9530817776720655,0.40243136545785585,52.134807003987596,52.12313141269106,,,
2,7218,14,22.450000000000003,No Algorithm,-3.659301244600343,0.43059588537517435,50.48520299663435,50.48611953095594,,,
2,7218,15,23.950000000000003,No Algorithm,-3.816037368158602,0.415332831810257,51.3476228419767,51.340972908162186,,,
2,7218,16,25.450000000000003,No Algorithm,-3.8239299620114076,0.4145787175786415,51.40579588498089,51.408926701961256,,,
2,7218,17,26.950000000000003,No Algorithm,-3.9615638323219713,0.4016461577691783,52.19533729566381,52.18398436491449,,,
2,7218,18,28.450000000000003,No Algorithm,-3.93361182927599,0.4042395642403851,52.03064675872872,52.02761324808392,,,
2,7218,19,29.950000000000003,No Algorithm,-3.938949100933973,0.4037430782734934,52.07885946077991,52.07833512193277,,,
2,7218,0,1.4500000000000002,DPC,-2.697340075461599,0.5373608131199016,44.2294380653082,44.22303007614199,1.0091411917586945,1.746962909650047,0.2279599204400862
2,7218,1,2.95,DPC,-2.6736193133104695,0.5403038580881404,44.05291331951993,44.043739973108586,1.0258049965523164,1.7752833371260313,0.169146528505963
2,7218,2,4.45,DPC,-2.6298419461375215,0.5457777233532065,43.6977873647179,43.730059159530995,1.0020913215737883,1.7363105594457444,0.13651678477633655
2,7218,3,5.95,DPC,-2.734894883549858,0.5327341184406722,44.558857455534124,44.57829830614141,1.0221882576324846,1.7170037117953647,0.11645165629358545
2,7218,4,7.45,DPC,-2.7335594438939697,0.5328979574232958,44.49126572219813,44.48591350086068,1.015903788544699,1.7224335470728918,0.10452020610718
2,7218,5,8.950000000000001,DPC,-2.7660243098374444,0.528929231334239,44.70520930550393,44.70600759653308,1.0209389199714813,1.7551382402957794,0.0962180001150835
2,7218,6,10.450000000000001,DPC,-2.748929355691338,0.5310153366321547,44.59285820345744,44.582520495897796,1.0201285619750482,1.7594150460650653,0.08577917315956972
2,7218,7,11.950000000000001,DPC,-2.6093883908303828,0.5483541832246468,43.52216203025746,43.512158155881515,1.0159390756456146,1.7340929735708555,0.08221890592201483
2,7218,8,13.450000000000001,DPC,-2.60929404105742,0.5483660962598891,43.54443174181293,43.53366676039793,0.9944744334988056,1.7421292578201764,0.0784025646990973
2,7218,9,14.950000000000001,DPC,-2.6113471195475286,0.5481069235989486,43.519630442641734,43.50917844555027,1.0119460410048804,1.7518541872106603,0.07444141924315814
2,7218,10,16.45,DPC,-2.557939623175602,0.5548889005239896,43.218881699467374,43.2184772402599,1.0003580901434803,1.7317088549196669,0.07026840999634999
2,7218,11,17.95,DPC,-2.60942661334443,0.5483493571483065,43.61035832333432,43.59957563582995,1.0095875349632348,1.7551190154542733,0.06757631891295908
2,7218,12,19.450000000000003,DPC,-2.680214781068415,0.5394839415860689,44.09062794792987,44.08205398446386,1.0138934127622208,1.7421168650054932,0.06445181831295421
2,7218,13,20.950000000000003,DPC,-2.6937248184149314,0.5378083219796194,44.26335392317076,44.26073058961779,1.0143271254357176,1.7542115001894247,0.06287873783920361
2,7218,14,22.450000000000003,DPC,-2.541772800864621,0.5569583507403699,42.98598856344572,43.02150034587079,0.9969347235777177,1.7094756554497001,0.05983255467411311
2,7218,15,23.950000000000003,DPC,-2.56088762231762,0.5545123687004774,43.18014449771267,43.235020968133384,0.9938892206957373,1.7330387956029452,0.057550763506563615
2,7218,16,25.450000000000003,DPC,-2.5491551334621407,0.5560124121311084,43.15644175871697,43.146060824697685,0.9966207414338696,1.737472201208282,0.05570001646001016
2,7218,17,26.950000000000003,DPC,-2.5697249658536943,0.5533851534081826,43.240393878998965,43.2433034738531,0.9821084880191397,1.6897191735015697,0.05423996412173489
2,7218,18,28.450000000000003,DPC,-2.6795810999632446,0.539562663682784,44.11274049098503,44.111227298108965,1.020507178658535,1.7388651009054767,0.052496520440351774
2,7218,19,29.950000000000003,DPC,-2.4721134380708767,0.5659638030291942,42.53430722366845,42.523813282254686,0.9627300980910413,1.7246910537817308,0.05192239869237136
2,7218,0,1.4500000000000002,KF-DPC,-0.11044356095365403,0.974890063518879,9.137800740152457,9.277037629425775,0.18548839975007209,0.3144796708556477,0.06926140770027889
2,7218,1,2.95,KF-DPC,-0.06611961815268622,0.9848907036665332,7.072030996959739,7.1900155651357505,0.1377116066118428,0.22511263666009088,0.05011555183471034
2,7218,2,4.45,KF-DPC,-0.04678759987759491,0.9892845805455445,5.9482375309515945,5.952535751264508,0.10953976110921436,0.1844236078799768,0.05031200654688608
2,7218,3,5.95,KF-DPC,-0.03821765815668995,0.9912386651577387,5.3760372905143825,5.3817445452653745,0.09566718075730697,0.16233871770560265,0.033445517271322424
2,7218,4,7.45,KF-DPC,-0.033599092141653526,0.992293372640547,5.040660130186411,5.045480650053391,0.08759432680359254,0.14751223309619557,0.023218685818950674
2,7218,5,8.950000000000001,KF-DPC,-0.029303518301174447,0.9932753280451401,4.70755238724721,4.711173507048083,0.0788076083701605,0.13361888790710424,0.023413554375344148
2,7218,6,10.450000000000001,KF-DPC,-0.028175254217744642,0.9935334069543992,4.616068794400776,4.620940697335408,0.0752722856560587,0.12666786768090235,0.022367358803017153
2,7218,7,11.950000000000001,KF-DPC,-0.026083392981881972,0.9940120763186021,4.441433751454887,4.451068422751592,0.07205193786580269,0.11936763802615469,0.020555492081122527
2,7218,8,13.450000000000001,KF-DPC,-0.024491303135902,0.9943765402276229,4.303637242755761,4.314975694643682,0.06898798659642932,0.11460603375947677,0.022295148491696243
2,7218,9,14.950000000000001,KF-DPC,-0.023518229892247822,0.994599363600569,4.217274321721938,4.226467171217979,0.06658274501026247,0.11055316176963362,0.02051038968620661
2,7218,10,16.45,KF-DPC,-0.022741519901025055,0.9947772577206134,4.147085176730555,4.152356221644424,0.06502794685993994,0.1072592481292107,0.018700759400004926
2,7218,11,17.95,KF-DPC,-0.022293899683871795,0.99487979306903,4.10611343103382,4.108177751268568,0.06343227168534633,0.10422912800225158,0.01747043206017727
2,7218,12,19.450000000000003,KF-DPC,-0.020525391242520237,0.9952850046642143,3.939886270777134,3.943596227888845,0.05922547332725446,0.1007271738514034,0.01733063716812483
2,7218,13,20.950000000000003,KF-DPC,-0.020414514212260745,0.9953104149926625,3.9291847131965936,3.9324235424371112,0.05791683294687794,0.09666506193524599,0.01703891846200991
2,7218,14,22.450000000000003,KF-DPC,-0.019996547231041578,0.9954062087284464,3.888845698680148,3.8925000465920414,0.0571521201541441,0.09585038442251764,0.017207631654966953
2,7218,15,23.950000000000003,KF-DPC,-0.019884126570100833,0.9954319759617251,3.8779153970046623,3.88411986140405,0.056216330653634454,0.09292323845265993,0.016397129439175446
2,7218,16,25.450000000000003,KF-DPC,-0.01972448977744887,0.9954685664539242,3.8623037477223723,3.8647531610703534,0.055020064467896576,0.09190786443308338,0.015405082321937142
2,7218,17,26.950000000000003,KF-DPC,-0.019421834399318997,0.9955379420564886,3.832568499248449,3.833962751435714,0.05515620747346904,0.0910359269385574,0.014942224453665272
2,7218,18,28.450000000000003,KF-DPC,-0.018766551069309,0.9956881646964174,3.767270973091335,3.767154584165626,0.05293782237066859,0.08897249390588974,0.014948927122376873
2,7218,19,29.950000000000003,KF-DPC,-0.019384810426563707,0.9955464291380178,3.828828283764731,3.8287146658241693,0.05395294136557623,0.0873588398590949,0.015068293157755434
3,8227,0,1.4500000000000002,No Algorithm,-3.9356755758360547,0.4040475171707209,52.02213167081886,52.016770699392296,,,
3,8227,1,2.95,No Algorithm,-3.9935057555245477,0.39870292744522456,52.38839350655068,52.39404617626241,,,
3,8227,2,4.45,No Algorithm,-3.9321942874433407,0.40437153000209974,52.01582440376623,52.02605528929649,,,
3,8227,3,5.95,No Algorithm,-3.9593877490904914,0.40184745769578234,52.1536341868281,52.146184907900924,,,
3,8227,4,7.45,No Algorithm,-3.9349405436543936,0.4041159069555453,51.99707539622755,51.98720847380985,,,
3,8227,5,8.950000000000001,No Algorithm,-4.0368243182162376,0.39474584568483256,52.61294671103448,52.61897227415133,,,
3,8227,6,10.450000000000001,No Algorithm,-3.8783440052337204,0.40941674339385076,51.777997139313946,51.76569006980577,,,
3,8227,7,11.950000000000001,No Algorithm,-3.866969901682828,0.4104904046838823,51.6846285172953,51.71933005175223,,,
3,8227,8,13.450000000000001,No Algorithm,-3.8839502785069873,0.40888857152309444,51.7912913373074,51.786508696128735,,,
3,8227,9,14.950000000000001,No Algorithm,-3.871407920085095,0.4100711422846946,51.65955642277415,51.64779681419526,,,
3,8227,10,16.45,No Algorithm,-3.9175258500351386,0.4057396170781787,51.947277752117884,51.93760442249569,,,
3,8227,11,17.95,No Algorithm,-3.9078411428748234,0.4066454204278765,51.88102681824814,51.86865523453506,,,
3,8227,12,19.450000000000003,No Algorithm,-3.922353409898387,0.40528885287905664,51.95468009685971,51.9528554380253,,,
3,8227,13,20.950000000000003,No Algorithm,-3.908613111663369,0.4065731446593577,51.85597402276121,51.843014091282335,,,
3,8227,14,22.450000000000003,No Algorithm,-3.868373631675384,0.41035774709692563,51.67700236908734,51.66851096913159,,,
3,8227,15,23.950000000000003,No Algorithm,-4.026882102240837,0.3956505645694145,52.502040388431595,52.4898651019021,,,
3,8227,16,25.450000000000003,No Algorithm,-3.8957798905205374,0.40777632817924037,51.79043229656692,51.79137977518093,,,
3,8227,17,26.950000000000003,No Algorithm,-4.0124988722481625,0.3969630765111649,52.509223460118356,52.530806913990055,,,
3,8227,18,28.450000000000003,No Algorithm,-4.034281758726172,0.39497701570679594,52.60839992244264,52.59922065129758,,,
3,8227,19,29.950000000000003,No Algorithm,-3.929981045414645,0.40457765745439467,52.04550777702087,52.03932061853237,,,
3,8227,0,1.4500000000000002,DPC,-2.438040346267257,0.5704216038178523,42.26400603132635,42.25360760005974,0.9541666385131261,1.7089113043741235,0.2198893244292538
3,8227,1,2.95,DPC,-2.612198614090666,0.5479994701717357,43.55184498888527,43.550189459631724,1.0013051178387455,1.751329424937816,0.15750917525100644
3,8227,2,4.45,DPC,-2.569741737916997,0.5533830162884888,43.24969281264846,43.26318262307481,1.000714411025473,1.7221553050984784,0.1310858898176176
3,8227,3,5.95,DPC,-2.719855402994886,0.5345821578483508,44.374755955651814,44.37773643335608,1.0176567267840662,1.738543237267395,0.11329902368972736
3,8227,4,7.45,DPC,-2.6171172564927043,0.5473791796175447,43.555085549150796,43.54435247889972,0.9977367567748233,1.7294102881265538,0.10182618118908403
3,8227,5,8.950000000000001,DPC,-2.7326936296713322,0.5330042071328146,44.43318532939706,44.43815070532621,1.0156720293195836,1.7361292331970553,0.0929665383221342
3,8227,6,10.450000000000001,DPC,-2.7054964026300428,0.5363525623400477,44.26700898234483,44.25827584385538,1.0217567027848498,1.7636195587121528,0.08509435803283671
3,8227,7,11.950000000000001,DPC,-2.5466826310842743,0.5563290483015223,43.09035013843713,43.09692075271461,0.9906203661830804,1.7247764092863274,0.07769889571849066
3,8227,8,13.450000000000001,DPC,-2.7487268585394746,0.5310400966981115,44.56763455362046,44.55669869010425,1.0075762076704038,1.735977801092875,0.0748637396337702
3,8227,9,14.950000000000001,DPC,-2.601994747006175,0.5492885235856723,43.53099287060893,43.53090261747104,0.9852578355790198,1.727515029735149,0.07069887724998168
3,8227,10,16.45,DPC,-2.5715942840931953,0.5531470130661288,43.27179894011889,43.261072494998835,0.9920269844184626,1.7111701780163622,0.0671698115515566
3,8227,11,17.95,DPC,-2.5909259943684937,0.5506902667638307,43.376816790078465,43.36631777132067,1.0025461740016453,1.7429044398926856,0.06516651382435211
3,8227,12,19.450000000000003,DPC,-2.5827535040894523,0.5517275233247267,43.3516068020969,43.34180909486668,0.9861424951053841,1.731333641350502,0.06302816229229614
3,8227,13,20.950000000000003,DPC,-2.5586585606403722,0.5547970510029729,43.15470569498396,43.1439437972832,0.9853004295926956,1.7290702820245503,0.06175020915280164
3,8227,14,22.450000000000003,DPC,-2.7032605265214276,0.5366287635535714,44.25713274465567,44.25635767876181,1.0216944849336436,1.7306218153059938,0.05993955460692375
3,8227,15,23.950000000000003,DPC,-2.688559047277939,0.5384484055536982,44.11102891932244,44.102160118268024,1.0056517787201953,1.750039320291199,0.057627719171408354
3,8227,16,25.450000000000003,DPC,-2.6882893050586674,0.5384818498603965,44.14270113793625,44.13828911426743,1.0005782503800766,1.7387110542229212,0.05588118246785089
3,8227,17,26.950000000000003,DPC,-2.6048877990563706,0.5489227369646371,43.44912667820253,43.45377817033134,1.0021027034190926,1.7466023362441974,0.05433936118838095
3,8227,18,28.450000000000003,DPC,-2.593185173582685,0.5504038748057168,43.44176345177613,43.43091443279834,0.9903816376710842,1.7427322433771202,0.05266287744306868
3,8227,19,29.950000000000003,DPC,-2.6235719575427128,0.5465662416625594,43.62940756603166,43.620065338324295,0.9950562467255528,1.7159165092119586,0.051418785748276456
3,8227,0,1.4500000000000002,KF-DPC,-0.11315120414984792,0.9742824500511122,9.250509848719329,9.248339622149738,0.1817876111765282,0.3163940182713479,0.04572514841116677
3,8227,1,2.95,KF-DPC,-0.0674901855621038,0.9845799361616686,7.144230161608937,7.152727470841112,0.13472486108132217,0.22943787079636585,0.016603706343729884
3,8227,2,4.45,KF-DPC,-0.04852081621101733,0.9888898479013245,6.057743791655914,6.059179954746205,0.11018606190062766,0.18814853421390615,0.010320802084457115
3,8227,3,5.95,KF-DPC,-0.04016248065398632,0.9907948760333646,5.511357709498599,5.510197674194229,0.0965390778367183,0.16529791626278964,0.018705195067561662
3,8227,4,7.45,KF-DPC,-0.0352405984605814,0.9919183855941789,5.162558342325302,5.163243253294786,0.08738738048449642,0.1487447833664629,0.02090233620202409
3,8227,5,8.950000000000001,KF-DPC,-0.03155335781030259,0.9927609002940014,4.884957383616784,4.883825870576805,0.08094883485718789,0.13656530456505192,0.019692078516493374
3,8227,6,10.450000000000001,KF-DPC,-0.030121838268865362,0.9930881876380085,4.772871044005272,4.772165050498311,0.07595996263652609,0.12655998416329867,0.01779853914223556
3,8227,7,11.950000000000001,KF-DPC,-0.027838729550327786,0.993610396524277,4.5885742769236,4.588866633192849,0.07240472863049391,0.11834397162486787,0.01518080832696428
3,8227,8,13.450000000000001,KF-DPC,-0.027923491132847388,0.9935910043442544,4.595464787352199,4.600351768900698,0.07094693866918836,0.11476937618896595,0.016262429759623737
3,8227,9,14.950000000000001,KF-DPC,-0.025743010132417532,0.9940899861094108,4.412370129265023,4.413244643892489,0.06711606627649329,0.10934895281526515,0.014825234719205885
3,8227,10,16.45,KF-DPC,-0.024781680275187543,0.9943100566377109,4.32908262464158,4.328677059310785,0.06524453180190833,0.1069764649705851,0.012682922104176854
3,8227,11,17.95,KF-DPC,-0.024662054585214366,0.9943374451194219,4.31866905230538,4.317590216261311,0.0633576963501157,0.10264634668778495,0.01081916601087053
3,8227,12,19.450000000000003,KF-DPC,-0.02258105300320928,0.9948140142939305,4.132391738357863,4.131427278358216,0.05927343867906661,0.09910608129469062,0.009657365067136346
3,8227,13,20.950000000000003,KF-DPC,-0.022346146132314407,0.9948678245487461,4.110948079926469,4.109984177052335,0.05822883428056032,0.09716167354694519,0.008700439606958965
3,8227,14,22.450000000000003,KF-DPC,-0.02213235262610503,0.9949168008826984,4.091154620151198,4.091328572938307,0.057005603898412464,0.09636843753193866,0.006379981168537752
3,8227,15,23.950000000000003,KF-DPC,-0.021302757335724454,0.9951068694108969,4.013829856590029,4.01337522828569,0.055367185739805765,0.09219569725951708,0.003798682045019729
3,8227,16,25.450000000000003,KF-DPC,-0.02108045258274145,0.9951578078082033,3.992878746049466,3.9919618266745838,0.054890981507544616,0.09136095666411248,0.0019775434521678093
3,8227,17,26.950000000000003,KF-DPC,-0.021141510269578872,0.9951438169312319,3.998690971704163,3.9982028523348094,0.05343989294386291,0.08984143576849511,0.0015654310832794761
3,8227,18,28.450000000000003,KF-DPC,-0.020684044467220494,0.9952486463180084,3.955239859755383,3.9542693246507636,0.05233947403050701,0.08790851752100856,0.002119671068102556
3,8227,19,29.950000000000003,KF-DPC,-0.02096873667245195,0.995183407118103,3.9821874780852893,3.9812201003680463,0.052993773569796024,0.08740822411826486,0.003115615824734221
4,9236,0,1.4500000000000002,No Algorithm,-3.846908392034954,0.41239098300474314,51.54256790967294,51.53003523624412,,,
4,9236,1,2.95,No Algorithm,-4.113100401482266,0.38787336672755995,52.975655248939766,52.98211363300144,,,
4,9236,2,4.45,No Algorithm,-3.9238284899427307,0.40515122000355774,52.00883221190814,51.99780345791952,,,
4,9236,3,5.95,No Algorithm,-3.809279269131747,0.4159796384238026,51.29299525343528,51.287403149069526,,,
4,9236,4,7.45,No Algorithm,-3.877126497149818,0.40953153602713427,51.72548005552684,51.712872592343935,,,
4,9236,5,8.950000000000001,No Algorithm,-3.9671785465427725,0.40112723078290574,52.19668280231805,52.237368749622384,,,
4,9236,6,10.450000000000001,No Algorithm,-3.9667415055984985,0.4011675992085248,52.24332855173207,52.23095544963098,,,
4,9236,7,11.950000000000001,No Algorithm,-3.8650384305883643,0.41067300582563954,51.64930667771727,51.639020062711595,,,
4,9236,8,13.450000000000001,No Algorithm,-3.9512066493753832,0.4026051584491661,52.13263614120757,52.12297395568673,,,
4,9236,9,14.950000000000001,No Algorithm,-3.8861563287952356,0.40868092447038334,51.81685581778818,51.83102754572844,,,
4,9236,10,16.45,No Algorithm,-3.709370245478447,0.4256601320755274,50.78985245794563,50.839767476603626,,,
4,9236,11,17.95,No Algorithm,-3.8278078701773044,0.4142086966134131,51.445414866674476,51.45228390066425,,,
4,9236,12,19.450000000000003,No Algorithm,-3.919232599129665,0.405580195372959,51.96872713785024,51.98304214634117,,,
4,9236,13,20.950000000000003,No Algorithm,-4.003442631755466,0.39779171793340395,52.441134681753915,52.42803122071278,,,
4,9236,14,22.450000000000003,No Algorithm,-3.9776388954357293,0.4001622446071634,52.25955089421706,52.255095362957455,,,
4,9236,15,23.950000000000003,No Algorithm,-3.850327398398035,0.41206645377465717,51.592066120235806,51.59415346576691,,,
4,9236,16,25.450000000000003,No Algorithm,-3.956173259760123,0.40214500062675174,52.13210059703012,52.119205338736364,,,
4,9236,17,26.950000000000003,No Algorithm,-3.986321662185599,0.3993630070796408,52.2920730396766,52.27904902490913,,,
4,9236,18,28.450000000000003,No Algorithm,-3.8084581817678353,0.4160582919477772,51.37445972564889,51.37571531025501,,,
4,9236,19,29.950000000000003,No Algorithm,-4.045059392099489,0.39399803947341455,52.65138347994356,52.641931337717,,,
4,9236,0,1.4500000000000002,DPC,-2.6713890799560893,0.5405813916953813,44.05940377866485,44.05144327402434,1.0169707474991143,1.7435044498243413,0.22680830688137216
4,9236,1,2.95,DPC,-2.5828451176480067,0.5517158848649378,43.35969902729475,43.35148252801228,0.9844257946270124,1.7223852251285243,0.16013906846528456
4,9236,2,4.45,DPC,-2.77122063062907,0.5282967475117587,44.82524128469359,44.81536185849418,1.0228962824505543,1.7475142528954248,0.13342988139679818
4,9236,3,5.95,DPC,-2.6071571144742434,0.5486359837391153,43.553277471331896,43.54928241191492,1.0025072389338447,1.7146408097087709,0.11662443193718282
4,9236,4,7.45,DPC,-2.6600746351747437,0.5419915759881879,43.965727675724956,43.959716768747676,1.0073977861920387,1.744498203150202,0.10424170029849354
4,9236,5,8.950000000000001,DPC,-2.60159229637871,0.5493394272381784,43.480430417950835,43.46955896296342,0.9890300439934138,1.7369280257415705,0.09171494614355973
4,9236,6,10.450000000000001,DPC,-2.5759171273254666,0.5525967002562396,43.33484062879027,43.355215144597246,0.990021642377248,1.7265710730372634,0.08661774670220786
4,9236,7,11.950000000000001,DPC,-2.511081917953923,0.5609082247114886,42.77862333874904,42.79748722600128,0.9855869527787484,1.711709444452643,0.08160583396044617
4,9236,8,13.450000000000001,DPC,-2.587774159862653,0.5510900679666026,43.44330655145662,43.434830135072964,0.9910037053763908,1.7181025528064777,0.07804480617001444
4,9236,9,14.950000000000001,DPC,-2.6485374676984823,0.5434333075576202,43.87473737068553,43.867469378759736,0.9970513040862308,1.7232363918149156,0.07431506835479344
4,9236,10,16.45,DPC,-2.676687065648941,0.5399223351318719,44.08516491062995,44.07775320112281,0.9928178511654034,1.7290604002059873,0.07023707185427724
4,9236,11,17.95,DPC,-2.7951811499053907,0.5253900999451823,44.92401350495913,44.912891819490014,1.012492642758693,1.743262460431261,0.06631180706722176
4,9236,12,19.450000000000003,DPC,-2.594723713716172,0.5502089221857261,43.47281811114787,43.46348909178009,0.9865960333575771,1.7332109349358606,0.06405232982948995
4,9236,13,20.950000000000003,DPC,-2.74597017651034,0.5313772811336286,44.543282082712395,44.541871736101875,1.0374140294134153,1.7671750866904068,0.0610698692664608
4,9236,14,22.450000000000003,DPC,-2.596402731044989,0.5499962481131612,43.39276143465407,43.39484176237623,1.0013592892928072,1.7136907176333425,0.058327677991587626
4,9236,15,23.950000000000003,DPC,-2.5729480239875357,0.5529746184087256,43.278335977808545,43.273343911133644,0.9783752780255288,1.696077808479274,0.05616487987236811
4,9236,16,25.450000000000003,DPC,-2.586905585708207,0.5512002951231495,43.40160703056087,43.39858329633965,0.9910118794777514,1.718877714884733,0.05549281539048926
4,9236,17,26.950000000000003,DPC,-2.6799112988209313,0.5395216417011954,44.16068464821793,44.15329361760088,1.0002046767943058,1.7483451512516566,0.05445854140124486
4,9236,18,28.450000000000003,DPC,-2.5405282305359354,0.5571179827869289,43.01489494806419,43.00873108550242,0.9982563996673732,1.7343595881637075,0.05257706478794601
4,9236,19,29.950000000000003,DPC,-2.649623888668573,0.5432973805482476,43.86237146919775,43.89345340136254,1.0162270693460687,1.7473364301071552,0.05084595061138874
4,9236,0,1.4500000000000002,KF-DPC,-0.12261738126639066,0.972161150639718,9.62693774520495,9.641334836072541,0.18942266579250597,0.3210018202125212,0.044794150061397225
4,9236,1,2.95,KF-DPC,-0.06493143465313703,0.9851601961486358,7.007997290401066,7.007460297870026,0.13217611242368973,0.22677813391828805,0.024827455136146252
4,9236,2,4.45,KF-DPC,-0.04947847192093295,0.988671813446831,6.117655446062103,6.155810345126591,0.1115784218593286,0.18818266148031576,0.030081896815890977
4,9236,3,5.95,KF-DPC,-0.04112533272422909,0.9905752363204189,5.577072887182634,5.597848799180807,0.09746868397914683,0.1642896847667932,0.018649912147481237
4,9236,4,7.45,KF-DPC,-0.03452776295043019,0.9920812089109426,5.110293970713382,5.129793319933737,0.0868477966867212,0.14652506434011095,0.024725300348438506
4,9236,5,8.950000000000001,KF-DPC,-0.032095789731960936,0.9926369126318969,4.927143257788426,4.9408280062917544,0.0826725901042236,0.13633116366363485,0.026130391667989566
4,9236,6,10.450000000000001,KF-DPC,-0.03044695153614191,0.9930138477432514,4.7988646204966035,4.810765069764393,0.07853109564569978,0.12875700274759314,0.026760484727156836
4,9236,7,11.950000000000001,KF-DPC,-0.027581390709730633,0.9936692741139707,4.567408736416107,4.579120762346546,0.07297648782578718,0.12118783709081268,0.027262644290609723
4,9236,8,13.450000000000001,KF-DPC,-0.026311939485530733,0.9939597680308843,4.460918426602247,4.480703044827487,0.06968468905622688,0.11514293627259455,0.028497437047376496
4,9236,9,14.950000000000001,KF-DPC,-0.025459093018069392,0.9941549762020366,4.388043873233724,4.400275932270593,0.06730292491297546,0.10993159748586849,0.026718571273993904
4,9236,10,16.45,KF-DPC,-0.02402379820879289,0.9944835876282865,4.262448046195603,4.271221449486598,0.06510560195244941,0.1061103942077746,0.023456065883303207
4,9236,11,17.95,KF-DPC,-0.0232943104748742,0.9946506458205352,4.1971500527627335,4.1994771482391355,0.06286905032785445,0.10460860168267007,0.020171537426232837
4,9236,12,19.450000000000003,KF-DPC,-0.021911778413171018,0.9949673330843352,4.070716336779328,4.070805345139443,0.06012043615616165,0.10136313947392733,0.01735961124018672
4,9236,13,20.950000000000003,KF-DPC,-0.02220793318645926,0.9948994864294576,4.098145031204499,4.09775586798662,0.060007122731971424,0.098983545495566,0.016049663861152048
4,9236,14,22.450000000000003,KF-DPC,-0.020998833185519428,0.9951765105426494,3.9850250720405374,3.9847449466987213,0.05765415096853207,0.0958699463947924,0.01470407644871639
4,9236,15,23.950000000000003,KF-DPC,-0.020688962533685556,0.9952475192725532,3.955456550933851,3.9547584616814975,0.056170512153337696,0.09355137875094459,0.01344162462208127
4,9236,16,25.450000000000003,KF-DPC,-0.02068730054565619,0.9952479001408001,3.9553844268646023,3.9544218284500294,0.05460024125817628,0.09119431013226958,0.011650756202880547
4,9236,17,26.950000000000003,KF-DPC,-0.020708765993393767,0.9952429810386975,3.9575080282120982,3.9565195788777383,0.053659761352280934,0.08965294432855718,0.010721749904366171
4,9236,18,28.450000000000003,KF-DPC,-0.02040575524473514,0.9953124223634114,3.9284264822229806,3.9278658317041373,0.05337690392145935,0.08930107130986649,0.010129261820474801
4,9236,19,29.950000000000003,KF-DPC,-0.019944348735746527,0.9954181727346033,3.8837159626932483,3.8829324196268566,0.05195095203063696,0.08788492550890135,0.009618919066055661
5,10245,0,1.4500000000000002,No Algorithm,-3.859276335092509,0.4112182366919317,51.58905389329237,51.606973600216875,,,
5,10245,1,2.95,No Algorithm,-3.8678034273748745,0.410411628305001,51.66799760257462,51.65519282323012,,,
5,10245,2,4.45,No Algorithm,-3.9225054895353084,0.4052746608722505,51.993004908982016,51.984632187634574,,,
5,10245,3,5.95,No Algorithm,-3.9370347848517557,0.4039210824309557,52.03716187874243,52.024830371940745,,,
5,10245,4,7.45,No Algorithm,-3.800184180071268,0.41685170481957723,51.28626025582419,51.27351673133181,,,
5,10245,5,8.950000000000001,No Algorithm,-3.9304610965873805,0.4045329395835984,52.013944820631494,52.01452686255552,,,
5,10245,6,10.450000000000001,No Algorithm,-3.9106971086454623,0.40637809406970177,51.90733071935816,51.894436342242,,,
5,10245,7,11.950000000000001,No Algorithm,-3.93322382836093,0.4042756808234627,52.04445773578755,52.0372515132539,,,
5,10245,8,13.450000000000001,No Algorithm,-3.9466716125073664,0.4030257907478566,52.087195889879226,52.08419992428066,,,
5,10245,9,14.950000000000001,No Algorithm,-4.03309766719246,0.39508471974694,52.642640948891504,52.68512157912619,,,
5,10245,10,16.45,No Algorithm,-3.9092021071630345,0.4065180084500319,51.95043698167413,51.94547959650473,,,
5,10245,11,17.95,No Algorithm,-3.8863369250837736,0.4086639303047472,51.77950680366808,51.7995045776265,,,
5,10245,12,19.450000000000003,No Algorithm,-3.874402360465405,0.40978849757968056,51.688925315109806,51.67698524444693,,,
5,10245,13,20.950000000000003,No Algorithm,-3.9224632407734292,0.4052786034588227,51.98451299670689,51.98717206549259,,,
5,10245,14,22.450000000000003,No Algorithm,-3.890234586780379,0.40829733131075063,51.79186684629164,51.79342747486302,,,
5,10245,15,23.950000000000003,No Algorithm,-3.8070572016533695,0.4161925288410198,51.316904337772975,51.30527661037552,,,
5,10245,16,25.450000000000003,No Algorithm,-4.045059094858874,0.3939980664395006,52.63529154747607,52.62261539979919,,,
5,10245,17,26.950000000000003,No Algorithm,-3.7761045660675685,0.4191693733749761,51.169035635330445,51.163989878282486,,,
5,10245,18,28.450000000000003,No Algorithm,-3.8760530742067925,0.4096327703039541,51.7461061056714,51.740027899142625,,,
5,10245,19,29.950000000000003,No Algorithm,-3.8489871239314635,0.4121936410630284,51.60730131456327,51.60738147661351,,,
5,10245,0,1.4500000000000002,DPC,-2.5840748600436396,0.5515596838552093,43.350419694856825,43.34567539386175,1.0102107479088978,1.7419616273755496,0.23253978019264132
5,10245,1,2.95,DPC,-2.65889719059916,0.5421385388403889,43.969971966417056,43.959191488889914,1.0082170077608053,1.7350823281627135,0.16199809389662773
5,10245,2,4.45,DPC,-2.58217517065739,0.5518009996712766,43.32733730679149,43.33567207217713,0.9876788385835829,1.7277828368812773,0.13831846316917126
5,10245,3,5.95,DPC,-2.60753947092968,0.5485876834993658,43.62094677561108,43.610475275997345,1.0089051092331032,1.7580719412535275,0.11611016102982069
5,10245,4,7.45,DPC,-2.5244036931811324,0.5591903017670719,42.91777364216357,42.91213039484298,0.976514990516148,1.7164739412750785,0.10490909200432523
5,10245,5,8.950000000000001,DPC,-2.637819842913052,0.5447760616419949,43.80014939732208,43.78936638742154,0.9989677318410471,1.7329465695287296,0.0945460305466488
5,10245,6,10.450000000000001,DPC,-2.601514125715389,0.5493493151404374,43.50480457397614,43.49545710544705,0.9862175477334161,1.744054295700467,0.08647222451007379
5,10245,7,11.950000000000001,DPC,-2.660345739447939,0.5419577437263643,43.969231087298354,43.95955740683741,1.0064132997651636,1.7340187549626382,0.08296754316469085
5,10245,8,13.450000000000001,DPC,-2.588314619069086,0.5510214916476576,43.41033435382988,43.40109733101888,1.013727144660979,1.7680348860497401,0.07892552256163266
5,10245,9,14.950000000000001,DPC,-2.5649763823963645,0.5539905566164781,43.20213471058271,43.20204391698737,1.0031929505835988,1.7399987771793854,0.07551336689396795
5,10245,10,16.45,DPC,-2.6658956353629297,0.541265612429315,44.00488353178331,44.03338043681987,1.0142667462611092,1.7453167884721728,0.07141964685605752
5,10245,11,17.95,DPC,-2.5040880086922574,0.5618122430340582,42.72531585469325,42.71669675112329,0.968456364068386,1.6936396392024704,0.06774984683804183
5,10245,12,19.450000000000003,DPC,-2.544012663973269,0.5566711749023342,43.12587216512678,43.123892834144755,0.971320834337723,1.705065449880952,0.06535491382153961
5,10245,13,20.950000000000003,DPC,-2.681890856338522,0.5392757783993426,44.090214216862186,44.102217028930106,0.9939493714389946,1.7359776181120425,0.06337594145268803
5,10245,14,22.450000000000003,DPC,-2.589352498247546,0.550889823982834,43.428264873541416,43.418113587821395,0.999059721366847,1.7448695760571613,0.06090207410210379
5,10245,15,23.950000000000003,DPC,-2.646170767505506,0.5437295337992575,43.84605847604649,43.83662960209345,1.0051714575932538,1.7575636499440228,0.059692617674047044
5,10245,16,25.450000000000003,DPC,-2.539903979629216,0.5571980681705765,43.00592147771488,42.99842973111715,0.9967508613004183,1.7260321159732521,0.05717779980102159
5,10245,17,26.950000000000003,DPC,-2.554186662458698,0.5553686156433559,43.111269470943384,43.10091472192786,0.9806310416791612,1.726480879613346,0.05614986929985016
5,10245,18,28.450000000000003,DPC,-2.5954189490972874,0.5501208496659811,43.45675845247898,43.45624542565218,1.003097019839568,1.7340421166370388,0.05519973640199515
5,10245,19,29.950000000000003,DPC,-2.7088712459341506,0.5359359319643736,44.34871799377234,44.33804809125676,0.99918615563497,1.7149620585571053,0.05361059275956446
5,10245,0,1.4500000000000002,KF-DPC,-0.12056070114554944,0.9726216441764044,9.548208564850825,9.5760410553586,0.18916033296513865,0.3176089400959583,0.06307201920118924
5,10245,1,2.95,KF-DPC,-0.0649849872920953,0.9851480482616093,7.01025106128309,7.082132118830337,0.13504828328942345,0.22682346420280597,0.055677095002170184
5,10245,2,4.45,KF-DPC,-0.04755941323014097,0.9891087838828119,5.997514894930137,6.107596213289919,0.11238972408800343,0.18783667762443476,0.05555873011764045
5,10245,3,5.95,KF-DPC,-0.038550810456071595,0.9911626290144481,5.399425844339963,5.439563949245804,0.09691841337159766,0.16396321555863583,0.046472573417438726
5,10245,4,7.45,KF-DPC,-0.034518840103829405,0.9920832472047514,5.109630170650787,5.1386434562468795,0.08836926040942931,0.1474122039087103,0.04265417133846293
5,10245,5,8.950000000000001,KF-DPC,-0.031213334667559475,0.9928386297863431,4.858568832370092,4.873420681708006,0.08210426053825177,0.13709531768864275,0.03557646066437922
5,10245,6,10.450000000000001,KF-DPC,-0.029123083253749623,0.9933165962194956,4.693146904677526,4.700856454350205,0.07529806076610474,0.12686297868007954,0.026535660935093828
5,10245,7,11.950000000000001,KF-DPC,-0.027892482401963473,0.9935980986333459,4.592838490975171,4.59500517690354,0.07248497688894387,0.12127227768949618,0.0200222115744384
5,10245,8,13.450000000000001,KF-DPC,-0.026241748256297208,0.9939758326655114,4.4548818418379605,4.454019057469935,0.06846235178853843,0.11542574271267643,0.01713205627028658
5,10245,9,14.950000000000001,KF-DPC,-0.024377640400699695,0.9944025652040206,4.2937899729031015,4.293251217858686,0.06518475049303886,0.11013974724582246,0.015094683646518536
5,10245,10,16.45,KF-DPC,-0.023704819777135882,0.9945566326422248,4.234139008141634,4.23314328609926,0.06347093428289424,0.10642896075080904,0.012249233409999937
5,10245,11,17.95,KF-DPC,-0.02280419345927204,0.9947629020741243,4.152898105692661,4.151985082525911,0.059253926965666566,0.10176739987641364,0.009698862889707616
5,10245,12,19.450000000000003,KF-DPC,-0.02263261543553003,0.9948022032468374,4.137329423689931,4.136399164338672,0.05819970977951308,0.09928698285474147,0.00771531603604436
5,10245,13,20.950000000000003,KF-DPC,-0.02248179049125623,0.9948367520607222,4.123372285131459,4.122370403399155,0.05801204716812395,0.09688238101968467,0.006790415652984202
5,10245,14,22.450000000000003,KF-DPC,-0.02206330490555141,0.9949326190167539,4.084789946880047,4.083798331108105,0.05655104821777303,0.09554103396804599,0.007641353407326314
5,10245,15,23.950000000000003,KF-DPC,-0.021763162186018085,0.995001381599205,4.056901087139077,4.056196921618526,0.05541824494337571,0.09298896877517458,0.008482774739877673
5,10245,16,25.450000000000003,KF-DPC,-0.02156583284572481,0.995046592265024,4.038519892809748,4.038013644923024,0.05524236176613177,0.09178140960783743,0.009114955756983132
5,10245,17,26.950000000000003,KF-DPC,-0.020958533702219978,0.995185745125844,3.9812627672839795,3.9806625942523994,0.05450682540726217,0.0893559714494034,0.009856309397274573
5,10245,18,28.450000000000003,KF-DPC,-0.020812877916793867,0.9952191227067705,3.9674233551702494,3.9685411400224697,0.052822407166652895,0.0889432616374712,0.01090586180091959
5,10245,19,29.950000000000003,KF-DPC,-0.021083983745842867,0.9951569986652717,3.993193806339589,3.9956179521402255,0.05365306907355263,0.08737186063850881,0.012098013300890461
6,11254,0,1.4500000000000002,No Algorithm,-3.989435533208403,0.39907676830881533,52.28173628375934,52.26889062940101,,,
6,11254,1,2.95,No Algorithm,-3.942462726926243,0.40341656515088553,52.09659833799866,52.08609573148156,,,
6,11254,2,4.45,No Algorithm,-3.7374374768014733,0.4229180804169029,50.910446984613145,50.90043136812794,,,
6,11254,3,5.95,No Algorithm,-3.9970398738555635,0.3983786106006811,52.37103010494859,52.38007470057353,,,
6,11254,4,7.45,No Algorithm,-3.9406805027922336,0.40358215009683535,52.08740735263398,52.08362035153656,,,
6,11254,5,8.950000000000001,No Algorithm,-3.8465890253162733,0.41242131007616895,51.53254790698853,51.53390614738649,,,
6,11254,6,10.450000000000001,No Algorithm,-3.7005697704789826,0.426523557585412,50.72626238841356,50.72861055536372,,,
6,11254,7,11.950000000000001,No Algorithm,-4.019181079939242,0.3963527647997182,52.500071509578284,52.488836299144765,,,
6,11254,8,13.450000000000001,No Algorithm,-3.806213334712961,0.4162734060462952,51.35782737420386,51.35055096795633,,,
6,11254,9,14.950000000000001,No Algorithm,-3.947086258845811,0.4029873133556691,52.0925676030923,52.1204690677286,,,
6,11254,10,16.45,No Algorithm,-3.936023752779336,0.40401512569528825,52.045948494237535,52.04401978067349,,,
6,11254,11,17.95,No Algorithm,-3.9378885398926733,0.40384168566658907,52.0580630199446,52.06531701189934,,,
6,11254,12,19.450000000000003,No Algorithm,-3.936561235813735,0.40396512786018357,51.97354663946478,51.96708947688158,,,
6,11254,13,20.950000000000003,No Algorithm,-3.908368729981962,0.40659602356489616,51.87409968681569,51.94090123481019,,,
6,11254,14,22.450000000000003,No Algorithm,-3.9591313898346927,0.40187117900932684,52.15882350480356,52.2194922627377,,,
6,11254,15,23.950000000000003,No Algorithm,-3.940501208039871,0.4035988119837252,52.028832477640165,52.015838708898364,,,
6,11254,16,25.450000000000003,No Algorithm,-4.016702033511807,0.3965790760788,52.49513806822217,52.48275112228409,,,
6,11254,17,26.950000000000003,No Algorithm,-3.973490590417449,0.40054465519911225,52.260389201382864,52.25851403901379,,,
6,11254,18,28.450000000000003,No Algorithm,-3.8148947750652598,0.4154421168406372,51.41099571477219,51.398354703036546,,,
6,11254,19,29.950000000000003,No Algorithm,-3.9422831784379584,0.40343324377212997,52.10931202264431,52.121755116165964,,,
6,11254,0,1.4500000000000002,DPC,-2.549852754989061,0.555923105199511,43.10934995911672,43.09916110281961,0.9809727733449578,1.6965471471352078,0.2247265988742662
6,11254,1,2.95,DPC,-2.557669427043576,0.5549234239878784,43.19897140947502,43.19271791612682,1.0018763364971435,1.7430763772182287,0.16801615257873495
6,11254,2,4.45,DPC,-2.7095811443040208,0.5358483349611934,44.30410877835157,44.3010156384902,1.0097827377648207,1.7141014083995345,0.13372377596011267
6,11254,3,5.95,DPC,-2.585140255013112,0.551424393892878,43.411310755942935,43.400634960933566,0.9916054678554231,1.733353279703784,0.11548719424823548
6,11254,4,7.45,DPC,-2.519025744997185,0.5598831862860447,42.914333019046595,42.93729522320289,0.9870446126480479,1.7227849730464204,0.10244844134207452
6,11254,5,8.950000000000001,DPC,-2.5657030364636952,0.5538978716222869,43.32141364393743,43.31369592156162,1.0041942310738605,1.7492693121940692,0.09469244589304389
6,11254,6,10.450000000000001,DPC,-2.4779544475302058,0.5652031261138104,42.57365680507883,42.577953084280274,0.971508118803715,1.723713897901829,0.08526376001463282
6,11254,7,11.950000000000001,DPC,-2.5654454653596415,0.5539307231373373,43.222428812452,43.22333890879522,0.986823309256853,1.7266698054192668,0.08163279195389796
6,11254,8,13.450000000000001,DPC,-2.5772654959999435,0.5524251603321159,43.32132304716455,43.31337313186232,0.9850530922873567,1.6999970422863169,0.07679520251157052
6,11254,9,14.950000000000001,DPC,-2.569403925331427,0.5534260624302205,43.315674229054004,43.31455642980294,0.9931003481577594,1.7269209399319323,0.07448026528575055
6,11254,10,16.45,DPC,-2.5260356235693537,0.5589802166171643,42.92775905873182,42.93609877782988,1.0010793548829138,1.7106118065240181,0.07073466332915507
6,11254,11,17.95,DPC,-2.6782568948930536,0.5397272065410101,44.0632779361621,44.12794392845048,0.9978373057317417,1.7244449070240537,0.06836741765862768
6,11254,12,19.450000000000003,DPC,-2.6511283902389864,0.543109201736299,43.859729663527744,43.84877520449614,0.9986116872419016,1.7459047492010455,0.06495616022138294
6,11254,13,20.950000000000003,DPC,-2.5529551705917353,0.5555261191206914,43.16134923748359,43.16310573133508,0.979108430798376,1.716811551067445,0.06454225580758928
6,11254,14,22.450000000000003,DPC,-2.7182509885089265,0.534779685065882,44.357857889373854,44.34753060161536,1.024627207522884,1.7730535572336694,0.06080695842895602
6,11254,15,23.950000000000003,DPC,-2.5977989383888316,0.5498194589968011,43.53475656879361,43.52624920988882,0.985777188054048,1.7298400992130283,0.05892242941746976
6,11254,16,25.450000000000003,DPC,-2.657310791907008,0.5423366083540184,43.9083730929984,43.89825166770343,1.019573194299075,1.72992773420633,0.05711499482879346
6,11254,17,26.950000000000003,DPC,-2.711672504844904,0.5355903574075673,44.35094492530993,44.34198769437947,1.012175040450007,1.7466124490270085,0.05533881388329789
6,11254,18,28.450000000000003,DPC,-2.5930439144211865,0.5504217776015249,43.440156574583916,43.437952611677446,0.9902977706880365,1.728001320283253,0.054247697955031524
6,11254,19,29.950000000000003,DPC,-2.596646192777012,0.5499654166631711,43.51560545761949,43.51594871630818,1.004914778499755,1.7383224677107156,0.05260395486799498
6,11254,0,1.4500000000000002,KF-DPC,-0.11849125407094982,0.9730852164139381,9.466886741652452,9.474698461866796,0.18506938638736548,0.31832793950992044,0.05706658714006053
6,11254,1,2.95,KF-DPC,-0.06980161914377506,0.9840560553131915,7.2654712358844895,7.28990481684435,0.13616940527890947,0.22974575910360318,0.04480871971782562
6,11254,2,4.45,KF-DPC,-0.0485866202790941,0.9888748644086497,6.062249540291244,6.0662907182720245,0.10766431697608887,0.18516078873738273,0.033256798313337985
6,11254,3,5.95,KF-DPC,-0.040295720274842586,0.990764479352288,5.5204643156118625,5.520126532999369,0.09558319592641225,0.1646038715776449,0.0244351621633656
6,11254,4,7.45,KF-DPC,-0.03519898730203296,0.9919278895304858,5.159348247323162,5.16217272829874,0.08708422211314172,0.14898929586973808,0.020679282655076396
6,11254,5,8.950000000000001,KF-DPC,-0.03280769620005754,0.9924742104212869,4.981430650495642,4.986456523151158,0.08262746194327025,0.13812844926514053,0.01775325242553681
6,11254,6,10.450000000000001,KF-DPC,-0.029313984055574106,0.993272934424327,4.7086489098335935,4.708615623412812,0.07490689795852003,0.12823494923209997,0.01439722915421941
6,11254,7,11.950000000000001,KF-DPC,-0.02745426911248002,0.9936983600635383,4.55669575094471,4.555565288260557,0.07171619723772553,0.1217173143595115,0.010875798104047258
6,11254,8,13.450000000000001,KF-DPC,-0.025198343890484896,0.9942146667658324,4.365399123867492,4.364861231654365,0.06908569578485585,0.1158624084780013,0.01386858525068142
6,11254,9,14.950000000000001,KF-DPC,-0.024008884064019555,0.9944870027989335,4.261126730738397,4.261092074812014,0.06548442648694919,0.11042746768263105,0.01640298786836502
6,11254,10,16.45,KF-DPC,-0.023532768278329445,0.9945960340981359,4.2187233644075155,4.220629885960661,0.06479724177373093,0.10740935110722784,0.019103419727976703
6,11254,11,17.95,KF-DPC,-0.023123413811255367,0.9946897865023546,4.181794326019886,4.183179206000261,0.06258112933748836,0.10343450961082093,0.02256848383068858
6,11254,12,19.450000000000003,KF-DPC,-0.022577546268525185,0.9948148175623029,4.132192724521473,4.134833668160589,0.06001693914116901,0.09906268235348215,0.024093047255448485
6,11254,13,20.950000000000003,KF-DPC,-0.022574207197668884,0.99481558242545,4.131910864281955,4.132620753909134,0.060255455214906946,0.09789005902997955,0.0246664306034993
6,11254,14,22.450000000000003,KF-DPC,-0.021936011639436016,0.9949617812750803,4.073133252019097,4.072127211734992,0.05731238464517175,0.09389401779230545,0.02532965146270214
6,11254,15,23.950000000000003,KF-DPC,-0.021766870858161456,0.9950005319148354,4.057307405416235,4.056294229922601,0.05807991312410709,0.09292368278997036,0.024835984798193645
6,11254,16,25.450000000000003,KF-DPC,-0.021473657128050133,0.9950677116001584,4.029965770690743,4.030455594151111,0.05721164190575142,0.09181467245816405,0.0238733682115166
6,11254,17,26.950000000000003,KF-DPC,-0.02119371730359168,0.995131854266037,4.003601706027824,4.003994963534184,0.05636830885745772,0.08993461010916375,0.022942610306943206
6,11254,18,28.450000000000003,KF-DPC,-0.020803651959766405,0.995221236907847,3.9665446009116048,3.968861938838973,0.055737217312885196,0.08828600735929022,0.022263587141119284
6,11254,19,29.950000000000003,KF-DPC,-0.020980289494148922,0.9951807597989117,3.9834248048324183,3.9875091791028727,0.0551494385514044,0.08729275518256373,0.021440754689329884
7,12263,0,1.4500000000000002,No Algorithm,-3.8516577035772555,0.4119402513446657,51.57078474132834,51.559636800898694,,,
7,12263,1,2.95,No Algorithm,-3.914899819883137,0.40598502813188997,51.93032496981579,51.92190216256683,,,
7,12263,2,4.45,No Algorithm,-3.938760838052693,0.40376058056419345,52.03546681251972,52.02990906920119,,,
7,12263,3,5.95,No Algorithm,-4.008885979970891,0.39729344717147336,52.42515528519494,52.413832266412946,,,
7,12263,4,7.45,No Algorithm,-4.090426089092357,0.3899037310956364,52.873240128480695,52.875386345223,,,
7,12263,5,8.950000000000001,No Algorithm,-3.8355418322213097,0.41347172578527097,51.47867105052314,51.46885414436629,,,
7,12263,6,10.450000000000001,No Algorithm,-3.9893629869056775,0.39908343470386787,52.277609542585594,52.272838451281395,,,
7,12263,7,11.950000000000001,No Algorithm,-3.8281335106636445,0.41417763979130523,51.45880254466135,51.44770798087101,,,
7,12263,8,13.450000000000001,No Algorithm,-3.8359739030141986,0.41343059236603147,51.506017571737864,51.49323115938259,,,
7,12263,9,14.950000000000001,No Algorithm,-4.03898284460003,0.3945496982212967,52.60377460153641,52.59109713537059,,,
7,12263,10,16.45,No Algorithm,-3.871855227996404,0.4100289085866186,51.69503374945781,51.68309889357269,,,
7,12263,11,17.95,No Algorithm,-4.0013641924669425,0.3979821379921759,52.42018362413126,52.43029485967927,,,
7,12263,12,19.450000000000003,No Algorithm,-3.9000041995372525,0.4073798838760532,51.83624193222085,51.84325113491295,,,
7,12263,13,20.950000000000003,No Algorithm,-3.860614140745182,0.4110915840675487,51.615470770761966,51.60332497536653,,,
7,12263,14,22.450000000000003,No Algorithm,-4.158816966791407,0.3838117829122841,53.19631344389729,53.218989296191985,,,
7,12263,15,23.950000000000003,No Algorithm,-3.7945661568701468,0.41739129213348275,51.26678535321711,51.256833425788415,,,
7,12263,16,25.450000000000003,No Algorithm,-3.9920252877848994,0.3988388645722052,52.367970232852784,52.35929520377112,,,
7,12263,17,26.950000000000003,No Algorithm,-3.7960506553160185,0.41724864449134735,51.252340603367564,51.2853058361951,,,
7,12263,18,28.450000000000003,No Algorithm,-3.8674056455811794,0.41044922071225853,51.70911807967602,51.707251999416336,,,
7,12263,19,29.950000000000003,No Algorithm,-4.135370974774696,0.38588944747219456,53.09131151881409,53.08654490345133,,,
7,12263,0,1.4500000000000002,DPC,-2.686643585837785,0.5386859412995791,44.16272858615789,44.15307444114272,1.004679763488078,1.7623633290257201,0.22521723582690795
7,12263,1,2.95,DPC,-2.639310255017015,0.5445891374315738,43.8217095825642,43.826724508040854,0.9745943256327422,1.7108141361247344,0.16236031738309722
7,12263,2,4.45,DPC,-2.6356247962703923,0.5450514764040081,43.76971114689918,43.76187574096686,1.045523070620041,1.77323436077794,0.1348476550372199
7,12263,3,5.95,DPC,-2.6532771765860903,0.5428405506192421,43.89389610544123,43.88477751388844,1.0055724578443808,1.7478850107196378,0.11836738906326706
7,12263,4,7.45,DPC,-2.642537513526295,0.5441846015350238,43.837637997642794,43.83170759403625,1.0079775624483618,1.7432789014477512,0.10478612588858127
7,12263,5,8.950000000000001,DPC,-2.595649814092067,0.5500916067727903,43.45377590717005,43.44299587075771,0.9892902574993493,1.71975068665356,0.09644024298421926
7,12263,6,10.450000000000001,DPC,-2.5780928182416463,0.5523199344745853,43.3546180060409,43.34898040975162,0.9831502487323616,1.7150277713938775,0.08607895636987639
7,12263,7,11.950000000000001,DPC,-2.548287737491735,0.5561234729691192,43.13285053151321,43.12916221743275,0.9964959651953182,1.738113346977337,0.08079421341056948
7,12263,8,13.450000000000001,DPC,-2.5862573582545108,0.5512825733572776,43.367345749270314,43.38642043287695,0.9960717496668416,1.7053723275771113,0.0773414415149073
7,12263,9,14.950000000000001,DPC,-2.5656955748849395,0.5538988232706071,43.20075261111893,43.190032685680244,0.9957653675125573,1.738651740692797,0.07234755793625221
7,12263,10,16.45,DPC,-2.6099300190694086,0.5482857997651726,43.62323314616934,43.61258136694776,1.0097201804336944,1.7219019770305137,0.06814593802244928
7,12263,11,17.95,DPC,-2.6443772164618013,0.5439541298076855,43.83112510984225,43.82675725573583,0.9928724135692063,1.7320275796941056,0.06495696301132665
7,12263,12,19.450000000000003,DPC,-2.6939805747045527,0.53777665134675,44.21911845469278,44.21372697837955,1.0004396217614582,1.7213619105800262,0.06289163818710979
7,12263,13,20.950000000000003,DPC,-2.6365215905900374,0.5449389378789686,43.783305826649226,43.774907918814314,1.0151472006737388,1.7622979316073688,0.06056813117525873
7,12263,14,22.450000000000003,DPC,-2.5345851986583905,0.5578808836581999,42.991400486620975,42.982484456516936,0.9703416820736211,1.7141153624727627,0.05755517407549901
7,12263,15,23.950000000000003,DPC,-2.5802075593986036,0.5520510548508684,43.30019520868126,43.290018272919994,0.9732313611676033,1.7093773430229178,0.05579372781381438
7,12263,16,25.450000000000003,DPC,-2.589797532272221,0.5508333756131684,43.41774675776102,43.43831177200896,0.9930291903304115,1.7252257337479897,0.054222928130178365
7,12263,17,26.950000000000003,DPC,-2.6014205160097186,0.5493611561801143,43.46585447078644,43.45509414247237,1.0038051765188052,1.7292210737353468,0.053571572911710955
7,12263,18,28.450000000000003,DPC,-2.6702173456745593,0.540727261198981,43.975076162784795,43.97071984114648,1.0060848359780397,1.7189056976377746,0.05261240274421592
7,12263,19,29.950000000000003,DPC,-2.6336943214078805,0.5452938101453049,43.7591508645793,43.753857314404215,1.009808833150274,1.73010583652572,0.05134967817033454
7,12263,0,1.4500000000000002,KF-DPC,-0.11713878938554487,0.9733882983984302,9.412881305171352,9.41053617802305,0.18349798595775843,0.3156844798698162,0.03913183161544677
7,12263,1,2.95,KF-DPC,-0.06488947036959535,0.9851697154364146,7.004969807642832,7.00444299432005,0.1299010750457883,0.22491069372061365,0.027300715285155885
7,12263,2,4.45,KF-DPC,-0.04901298864515357,0.9887777864392264,6.08818469129773,6.109261476354429,0.10938887056460138,0.1874761629043969,0.027446936680533517
7,12263,3,5.95,KF-DPC,-0.0401902471900275,0.9907885414252044,5.51310270972866,5.5638191063347415,0.09643456475888287,0.16395625517779921,0.02640660814339123
7,12263,4,7.45,KF-DPC,-0.03504255186939454,0.9919636200013414,5.147877860734054,5.168780341956903,0.08801107261353512,0.1470717313574413,0.02950301769139402
7,12263,5,8.950000000000001,KF-DPC,-0.03260485321284738,0.9925205663257269,4.965544459469572,4.980244788723419,0.08302083238994415,0.1365651240097116,0.032087929001367
7,12263,6,10.450000000000001,KF-DPC,-0.029009005554074867,0.9933426883678712,4.683603894269833,4.688062380975584,0.0760019289950424,0.12616226477674422,0.027417473783524122
7,12263,7,11.950000000000001,KF-DPC,-0.027447613292269826,0.9936998829663085,4.5560648118275155,4.557714453138166,0.07310304452944531,0.11822218662285391,0.020856389562308442
7,12263,8,13.450000000000001,KF-DPC,-0.025878481724819127,0.9940589774600694,4.423885308404583,4.423247251440865,0.06846611903651316,0.11372857334631792,0.018766566720654545
7,12263,9,14.950000000000001,KF-DPC,-0.025274720836131363,0.9941971822213542,4.37200698811395,4.370964387558198,0.06504761611928582,0.10862735635762129,0.01616142490522755
7,12263,10,16.45,KF-DPC,-0.023707745899764508,0.9945559625453645,4.234419208290178,4.2335592806000095,0.061504127878879496,0.10297381620188,0.011946990518834685
7,12263,11,17.95,KF-DPC,-0.023692350557489368,0.9945594881615609,4.232934167243041,4.232422876653095,0.06111308501683941,0.10133106207679937,0.008784046986654713
7,12263,12,19.450000000000003,KF-DPC,-0.022643884010910793,0.9947996220514642,4.138214686657584,4.137601638426545,0.05882031773711382,0.09849686178811758,0.008745671350161677
7,12263,13,20.950000000000003,KF-DPC,-0.021749468701773002,0.9950045188845703,4.055512224092819,4.054511441370762,0.05657931917361291,0.09484328291682108,0.007831417268367826
7,12263,14,22.450000000000003,KF-DPC,-0.02126058410997278,0.9951165326859706,4.009728536318019,4.009109030439742,0.0561889752547275,0.09324862645927896,0.00676035482658375
7,12263,15,23.950000000000003,KF-DPC,-0.020503459024126258,0.9952900309457157,3.937798336445187,3.9368555060853314,0.05386049128317144,0.09003672783602726,0.005597114500948119
7,12263,16,25.450000000000003,KF-DPC,-0.020452940613456302,0.995301608519241,3.93286853288692,3.9318897180825148,0.054014807280407647,0.08905921391489025,0.004799879704769962
7,12263,17,26.950000000000003,KF-DPC,-0.020956164941389566,0.9951862879275035,3.9809329601441936,3.9806796168177154,0.053684598011596106,0.08797313523585817,0.0039249129450917115
7,12263,18,28.450000000000003,KF-DPC,-0.020926217952828324,0.9951931503069203,3.978078578651238,3.9771103387661593,0.053053450081211984,0.08730297254919561,0.0036074474583087466
7,12263,19,29.950000000000003,KF-DPC,-0.020264042071084235,0.9953449005986433,3.9147356133737543,3.913805087291424,0.05094593127189073,0.08452193672316889,0.0033612720039995644
8,13272,0,1.4500000000000002,No Algorithm,-4.0000567555378765,0.39810196794561253,52.39417399769963,52.38148970313132,,,
8,13272,1,2.95,No Algorithm,-3.9795707851136752,0.3999842784059364,52.280164800236825,52.294996914567655,,,
8,13272,2,4.45,No Algorithm,-3.7049439197747165,0.42609418567978496,50.78610587470739,50.77530115431545,,,
8,13272,3,5.95,No Algorithm,-4.0417422183762195,0.39429909308059463,52.67883265833905,52.67243454464927,,,
8,13272,4,7.45,No Algorithm,-3.7659148879289717,0.4201540084034548,51.11365021872555,51.10104853882359,,,
8,13272,5,8.950000000000001,No Algorithm,-4.015120699755583,0.39672350298100345,52.49696710335206,52.515256279026374,,,
8,13272,6,10.450000000000001,No Algorithm,-4.0778083879567415,0.39103817846931394,52.833879156767395,52.840882341902976,,,
8,13272,7,11.950000000000001,No Algorithm,-3.861180819153454,0.4110379472988376,51.643150300909745,51.6505278461344,,,
8,13272,8,13.450000000000001,No Algorithm,-4.074357393493098,0.39134902904328955,52.798029094327575,52.792103182471536,,,
8,13272,9,14.950000000000001,No Algorithm,-3.963893457106697,0.40143076614677775,52.18176886418045,52.178433188804746,,,
8,13272,10,16.45,No Algorithm,-3.9273386284759715,0.40482389317585954,51.9517149070696,51.9458509596622,,,
8,13272,11,17.95,No Algorithm,-3.8336066723650397,0.4136560044740201,51.50482077518298,51.49324552935097,,,
8,13272,12,19.450000000000003,No Algorithm,-3.977900552177256,0.4001381360818982,52.24475121002876,52.23176719920266,,,
8,13272,13,20.950000000000003,No Algorithm,-3.943655351104246,0.4033057973851712,52.04115853093007,52.039001327368,,,
8,13272,14,22.450000000000003,No Algorithm,-4.03319145307951,0.3950761879851137,52.5711337403873,52.561107100826746,,,
8,13272,15,23.950000000000003,No Algorithm,-3.8916466138138714,0.4081646026714881,51.80797095620589,51.79905251619857,,,
8,13272,16,25.450000000000003,No Algorithm,-4.001374857127912,0.3979811606969214,52.35692416645086,52.34576959089625,,,
8,13272,17,26.950000000000003,No Algorithm,-3.9501899942431624,0.4026994167300946,52.13866225219706,52.12740661141403,,,
8,13272,18,28.450000000000003,No Algorithm,-3.940958722221912,0.40355629648741126,52.09642918402224,52.084040747759296,,,
8,13272,19,29.950000000000003,No Algorithm,-4.010755319762456,0.39712247639750176,52.47292370365273,52.46103491668581,,,
8,13272,0,1.4500000000000002,DPC,-2.543551914531312,0.5567302361038565,43.092166736665874,43.08370037910213,0.9936163665577202,1.7156462599704945,0.23664523701143886
8,13272,1,2.95,DPC,-2.70980940896043,0.5358201715774105,44.34389430110299,44.34646099319909,1.0139605924960988,1.7149528897318131,0.16305057688152622
8,13272,2,4.45,DPC,-2.584234832161008,0.551539367560822,43.3372615775912,43.326631640362386,0.9937158707095668,1.7392666212029602,0.13318363323040974
8,13272,3,5.95,DPC,-2.594701775248345,0.5502117015835145,43.46762364172405,43.46170184673301,1.0119105691006922,1.7149853094801863,0.11453908518276207
8,13272,4,7.45,DPC,-2.6277971831747022,0.5460347491453701,43.751191398101476,43.74091230851747,1.0145797171268158,1.7184144967781834,0.10093018677193627
8,13272,5,8.950000000000001,DPC,-2.4716132289143307,0.5660289930309905,42.46769575572838,42.521587631204724,0.9835577950036198,1.6964837164890596,0.09606247910961033
8,13272,6,10.450000000000001,DPC,-2.571824790706928,0.5531176549539396,43.30281620340976,43.29586531287496,1.0082824491874112,1.725790275641147,0.08785111126941886
8,13272,7,11.950000000000001,DPC,-2.565191443152102,0.5539631239221038,43.258436622538895,43.261692230994456,0.9935428816224913,1.717147916995438,0.08264793368917292
8,13272,8,13.450000000000001,DPC,-2.67012510235484,0.5407387462648573,44.0447085907742,44.03491287068257,1.0076609425862324,1.729272290756419,0.07751569417207224
8,13272,9,14.950000000000001,DPC,-2.6829052297446223,0.5391498354845934,44.08174475780597,44.07088853890002,1.0057857859324268,1.7307350189330597,0.07323648683901259
8,13272,10,16.45,DPC,-2.688684151053837,0.5384328951198207,44.101472787386584,44.09095532754215,1.0071072031902741,1.7231386667221715,0.07034104819547488
8,13272,11,17.95,DPC,-2.7805019491344627,0.5271689287398662,44.78885895588998,44.777729522453214,1.0219030455219644,1.7373399628457626,0.06877602624138311
8,13272,12,19.450000000000003,DPC,-2.602698033654594,0.5491995802479859,43.48799053360845,43.486231152912225,0.9903946509043989,1.7226936506750639,0.06678754652481153
8,13272,13,20.950000000000003,DPC,-2.548694801847258,0.556071349941158,43.06409999175477,43.06143113091147,0.9832213929778159,1.7160127589908956,0.06621753186124672
8,13272,14,22.450000000000003,DPC,-2.600646862402588,0.5494590282729528,43.490062518360986,43.488038128741266,0.9876759557495366,1.727177123844108,0.06245768773863777
8,13272,15,23.950000000000003,DPC,-2.772821373831238,0.5281020612719769,44.747515186985844,44.751094263338885,1.0233684614851466,1.743213494690656,0.06003982448277043
8,13272,16,25.450000000000003,DPC,-2.5058617478282246,0.5615828353543589,42.75726237266508,42.75210034435651,0.9984472673842579,1.729130937417616,0.0561363555162196
8,13272,17,26.950000000000003,DPC,-2.6443368499911153,0.5439591857343425,43.82810105248101,43.8305598985297,1.0005441700312954,1.7430526546303582,0.05365336513238759
8,13272,18,28.450000000000003,DPC,-2.463326164485368,0.5671101020745227,42.474686906344104,42.48407111001298,0.9691523601687166,1.6979452295542576,0.05259893090668623
8,13272,19,29.950000000000003,DPC,-2.6133880039048134,0.5478494116810012,43.612020620572714,43.601473357724394,1.0107037934804746,1.7492625763083687,0.05018656902269972
8,13272,0,1.4500000000000002,KF-DPC,-0.1179057342931218,0.9732164174936239,9.443657622261968,9.475415686142016,0.18748644253401076,0.31574319342449947,0.08967474890756748
8,13272,1,2.95,KF-DPC,-0.06527544730939386,0.9850821628860352,7.025664093516966,7.067238256001504,0.13320799322655572,0.22641781246523526,0.03798959602545724
8,13272,2,4.45,KF-DPC,-0.048317805493667675,0.9889360745834462,6.044970235454362,6.125494606475922,0.11333278877866998,0.18767737339502433,0.036543862230019646
8,13272,3,5.95,KF-DPC,-0.04136249746188928,0.990521143277264,5.593313336634303,5.60890540890899,0.10039520986389965,0.16493304307783183,0.03174196018672975
8,13272,4,7.45,KF-DPC,-0.03512645689319982,0.9919444556023861,5.154393208700493,5.156781347353042,0.08872208485659973,0.14821406959736128,0.015638460863579853
8,13272,5,8.950000000000001,KF-DPC,-0.03159853030649299,0.9927505742924911,4.888398714707328,4.8915707491296825,0.08117230688119885,0.13716646348965386,0.008407339018083831
8,13272,6,10.450000000000001,KF-DPC,-0.028158187028122537,0.9935373114148697,4.614809995819765,4.617064660367128,0.07421980102842475,0.12740341787358983,0.006875875376668341
8,13272,7,11.950000000000001,KF-DPC,-0.026890718477552093,0.9938273130436147,4.509714902734907,4.508664284568834,0.07208533580546941,0.12127429190872381,0.007511222728730319
8,13272,8,13.450000000000001,KF-DPC,-0.026778345524746165,0.9938530284876863,4.500168552755574,4.501834576642583,0.06961285227685916,0.11592691782049121,0.010201090929723898
8,13272,9,14.950000000000001,KF-DPC,-0.024978635559646505,0.9942649650725032,4.34624852144728,4.3464668913456865,0.06600925444028846,0.1118910399926597,0.01051835368856776
8,13272,10,16.45,KF-DPC,-0.02391409488480255,0.9945087087241536,4.252551693843798,4.254157676949547,0.06370490296794652,0.10675154468940808,0.011260725345838215
8,13272,11,17.95,KF-DPC,-0.022589887733322923,0.9948119905739072,4.133152116143903,4.134474216271721,0.06085448865408331,0.10297352830468169,0.011462892141263658
8,13272,12,19.450000000000003,KF-DPC,-0.021713397167664236,0.9950127832052076,4.052224202991822,4.054530841400056,0.058326905804421125,0.09936760135438373,0.013427880552545702
8,13272,13,20.950000000000003,KF-DPC,-0.02145204648956227,0.9950726631026492,4.027686376444583,4.03152661783299,0.05807036684866638,0.09717016417474184,0.015706720829764355
8,13272,14,22.450000000000003,KF-DPC,-0.02065082315600089,0.9952562594912946,3.9517532582303656,3.955306981487127,0.055773222732313006,0.0947676020059998,0.017447353891123715
8,13272,15,23.950000000000003,KF-DPC,-0.020662291568853405,0.9952536313219111,3.952903312711593,3.9546859469905358,0.0554447595313606,0.09165710449922732,0.018357554169966407
8,13272,16,25.450000000000003,KF-DPC,-0.021164620925460086,0.9951385213619646,4.0007255061450735,4.004808524985117,0.05554938381271939,0.0911942847319185,0.0183249277186155
8,13272,17,26.950000000000003,KF-DPC,-0.020030019953502235,0.995398536784927,3.8920205151418186,3.898706133325599,0.05304480568728656,0.08875489649088503,0.01671729902474263
8,13272,18,28.450000000000003,KF-DPC,-0.019884815012044615,0.9954318181662433,3.8778504580739113,3.8856759463431056,0.053617983708609034,0.087891318773791,0.014948859322576408
8,13272,19,29.950000000000003,KF-DPC,-0.02008645284995133,0.9953856025064748,3.8974913312059956,3.9112056202126246,0.05333182268537071,0.08613957137715082,0.013165526300512712
9,14281,0,1.4500000000000002,No Algorithm,-3.867415437494945,0.4104482952851553,51.61577895597916,51.60328405147581,,,
9,14281,1,2.95,No Algorithm,-3.8152229880818385,0.41541072147094815,51.40499848539876,51.41369110788907,,,
9,14281,2,4.45,No Algorithm,-3.7312152763434634,0.4235244355894101,50.90405406938664,50.894670970095795,,,
9,14281,3,5.95,No Algorithm,-4.041782994717792,0.3942953909845073,52.66880742765768,52.66114198017352,,,
9,14281,4,7.45,No Algorithm,-3.8547225370799394,0.4116496460169067,51.63070163416034,51.65684651528269,,,
9,14281,5,8.950000000000001,No Algorithm,-3.958173876149112,0.4019597915964311,52.12628489855731,52.11474051167593,,,
9,14281,6,10.450000000000001,No Algorithm,-3.9138742229829027,0.4060809137974536,52.00382502259661,51.995305383781094,,,
9,14281,7,11.950000000000001,No Algorithm,-3.9156205061511065,0.4059176628828043,51.995865410667705,51.99090728765493,,,
9,14281,8,13.450000000000001,No Algorithm,-4.005602729550855,0.397593913127643,52.45659895245222,52.45241893758366,,,
9,14281,9,14.950000000000001,No Algorithm,-3.879328875664479,0.4093239085215837,51.76237067628122,51.7667106482431,,,
9,14281,10,16.45,No Algorithm,-3.856376022710555,0.4114929488341416,51.684256435022654,51.6714070251561,,,
9,14281,11,17.95,No Algorithm,-3.9736677831745326,0.40052831325444105,52.214790401931886,52.205014817641896,,,
9,14281,12,19.450000000000003,No Algorithm,-4.025878938429643,0.39574196526363564,52.58416008497176,52.57171452253469,,,
9,14281,13,20.950000000000003,No Algorithm,-4.016935838487273,0.3965577265868803,52.45206045996101,52.439911893878964,,,
9,14281,14,22.450000000000003,No Algorithm,-3.821261376854287,0.41483353973982506,51.45664564590271,51.44400505025584,,,
9,14281,15,23.950000000000003,No Algorithm,-4.005208348350901,0.3976300201220765,52.442685428141644,52.43613095918718,,,
9,14281,16,25.450000000000003,No Algorithm,-3.705472269069004,0.42604235152620085,50.75006267551409,50.741693056481225,,,
9,14281,17,26.950000000000003,No Algorithm,-4.020128681953888,0.39626629266571484,52.49044365260008,52.47744789152765,,,
9,14281,18,28.450000000000003,No Algorithm,-3.9180687642915912,0.40568889848434725,51.93750879648899,51.92729928978297,,,
9,14281,19,29.950000000000003,No Algorithm,-3.815815008812205,0.41535409745031315,51.39711356655818,51.40008110082468,,,
9,14281,0,1.4500000000000002,DPC,-2.6396880403573486,0.54454176661452,43.76645807707142,43.7634972456476,1.0067602387452756,1.7322511783076944,0.2263607838072569
9,14281,1,2.95,DPC,-2.565904706015818,0.5538721513456478,43.24359460728461,43.262801846496835,0.9899300284117033,1.7299151839305449,0.16703713226342598
9,14281,2,4.45,DPC,-2.5183175693682163,0.5599744902221647,42.90680021832455,42.896177024830045,0.9832519592650569,1.7364170073647118,0.13899567643122263
9,14281,3,5.95,DPC,-2.5220107584866334,0.559498496929867,42.907797012075946,42.898355908863714,0.9917113270026934,1.7272823744596524,0.11846732712814147
9,14281,4,7.45,DPC,-2.568246666484823,0.5535735528018135,43.25870709672922,43.26303508646586,0.9943835333287172,1.7141269881124963,0.10520880181409485
9,14281,5,8.950000000000001,DPC,-2.6570163332720704,0.5423733808938415,43.92440816003625,43.920500360310555,1.0141560033672756,1.7439878120895629,0.09769864514352915
9,14281,6,10.450000000000001,DPC,-2.6364869335393237,0.5449432865530939,43.792069908100245,43.785360815628856,1.0016825913110055,1.7093586248104895,0.0891554448007714
9,14281,7,11.950000000000001,DPC,-2.590335749098329,0.5507651156113103,43.453864646100556,43.44413309257459,1.007302511412996,1.7093161514318551,0.08235484348419947
9,14281,8,13.450000000000001,DPC,-2.567315528476492,0.5536922530520088,43.217725688828914,43.20747111296394,0.9965949045169571,1.7452278246619068,0.07786319578802997
9,14281,9,14.950000000000001,DPC,-2.600274467445786,0.5495061448154098,43.49698871238756,43.50498693252731,0.9985921914585737,1.7178427333558326,0.0741442040194666
9,14281,10,16.45,DPC,-2.558412617952363,0.5548284702697014,43.147278143053796,43.15932719796423,0.9857765648678545,1.7269173295394862,0.07016593811676795
9,14281,11,17.95,DPC,-2.566630135577922,0.5537796423008358,43.243701208129735,43.24067486465983,0.9990377994106511,1.733452441154452,0.06854029198550043
9,14281,12,19.450000000000003,DPC,-2.65973030447602,0.542034549533627,43.93233440001493,43.92258368983223,1.0141647098602011,1.7337447024810229,0.06502174904696116
9,14281,13,20.950000000000003,DPC,-2.6210556750693255,0.5468830114154274,43.569483465795265,43.56025658388753,1.0238195533734058,1.7495762812267681,0.06305341754907462
9,14281,14,22.450000000000003,DPC,-2.674312360461266,0.5402176432756676,44.06363682635923,44.060407747574324,1.005262542074306,1.7451703688136915,0.0603198492757407
9,14281,15,23.950000000000003,DPC,-2.5801195496201066,0.5520622422790722,43.315707949056744,43.34314259240523,1.0063401940700514,1.7394588574414258,0.05878792592524312
9,14281,16,25.450000000000003,DPC,-2.562208675231619,0.5543437207417871,43.17914981237647,43.175649659952384,0.9715129082800882,1.7035670809619985,0.05609809354887398
9,14281,17,26.950000000000003,DPC,-2.6497618362071913,0.5432801237445731,43.84860478336351,43.852032631668216,0.99851266442324,1.7185305215905256,0.055116318744834275
9,14281,18,28.450000000000003,DPC,-2.6706605765257994,0.5406720786477988,44.020926182136954,44.023687548218184,1.027589852856506,1.7290111635068193,0.05396825942644056
9,14281,19,29.950000000000003,DPC,-2.5818074920852094,0.5518477177394622,43.327139503383364,43.32611474403723,1.001813521247799,1.7101509654699802,0.05154592144592006
9,14281,0,1.4500000000000002,KF-DPC,-0.12348755398897668,0.9719663834006459,9.66102983405735,9.822430546465847,0.19375648962134812,0.3184265407899119,0.09175828177782279
9,14281,1,2.95,KF-DPC,-0.06913465751158493,0.9842071919405365,7.230458427693203,7.324756642956371,0.13957594325244402,0.23050303318162493,0.06600360589500762
9,14281,2,4.45,KF-DPC,-0.04681067112734382,0.9892793251320043,5.949799063206556,5.960128721025248,0.10950670025136948,0.18932309676413933,0.03863423658209856
9,14281,3,5.95,KF-DPC,-0.03978635554495045,0.9908806885371368,5.485177463753769,5.499301887168919,0.09744159108423972,0.1655925283826635,0.022624349857945158
9,14281,4,7.45,KF-DPC,-0.033508177690970004,0.9923141453546652,5.0340331278156505,5.070838770283064,0.08616800903624461,0.14785199380956404,0.01636362394845576
9,14281,5,8.950000000000001,KF-DPC,-0.030107528756187812,0.993091459756816,4.772003811440556,4.799591638171828,0.07948059575995042,0.13518556944098006,0.01504703073268206
9,14281,6,10.450000000000001,KF-DPC,-0.028591005597557027,0.9934383002626594,4.650084994963887,4.668403000532691,0.07573151258596139,0.12788451479184426,0.01396645773916685
9,14281,7,11.950000000000001,KF-DPC,-0.025798117172931123,0.9940773723158062,4.417074480702241,4.435231940761302,0.06950161982709621,0.11959600609412367,0.00987111451367732
9,14281,8,13.450000000000001,KF-DPC,-0.024627820940150025,0.9943452831028065,4.315695801436183,4.319975429896944,0.06592970274640766,0.1131665022083081,0.008859150070737684
9,14281,9,14.950000000000001,KF-DPC,-0.02335322385999449,0.9946371531694541,4.202594960350862,4.2041176850148805,0.06422488773565439,0.10938781575807315,0.008222462073662049
9,14281,10,16.45,KF-DPC,-0.02287749821443506,0.9947461115693846,4.159598586673092,4.1601793300259775,0.06088379267177449,0.1048061097953542,0.011826810001537702
9,14281,11,17.95,KF-DPC,-0.0227580042287345,0.994773481894791,4.148574227001566,4.147831287557321,0.06038767175338361,0.10144592822997432,0.015652562710803668
9,14281,12,19.450000000000003,KF-DPC,-0.02235981356169658,0.9948646936629284,4.11223436131415,4.111223876826077,0.05853577136491,0.0977266866983628,0.016883378599961613
9,14281,13,20.950000000000003,KF-DPC,-0.021555079617343632,0.9950490560256632,4.037610029928682,4.037808727355356,0.05735629434128016,0.09657089085365728,0.015438864874065303
9,14281,14,22.450000000000003,KF-DPC,-0.021197341168195015,0.9951310239028277,4.003930749868788,4.003597322221921,0.056130781925395085,0.09460079891769752,0.014018530188386552
9,14281,15,23.950000000000003,KF-DPC,-0.020472998204550955,0.9952970117980272,3.9348496178959333,3.9342448852791594,0.05375526637163001,0.0910038510128879,0.0130104895417093
9,14281,16,25.450000000000003,KF-DPC,-0.02034775927916861,0.9953257139185216,3.9229078737043435,3.922093278796756,0.05384736228459671,0.0899901696313793,0.012105140497788417
9,14281,17,26.950000000000003,KF-DPC,-0.019884805595421016,0.995431820324596,3.8779468281383895,3.8773282095412,0.05320249415954679,0.08892141056154446,0.011883393570139114
9,14281,18,28.450000000000003,KF-DPC,-0.020256219333476714,0.9953466934671515,3.9139734599684313,3.915700879228735,0.052811003393153165,0.08868722980286248,0.012486975655128952
9,14281,19,29.950000000000003,KF-DPC,-0.020122341009831544,0.9953773771175886,3.901055045251435,3.901509119999957,0.052526026484950555,0.08665992351153805,0.012706743873579953
10,15290,0,1.4500000000000002,No Algorithm,-3.7926581966307844,0.4175747024644531,51.2462417577042,51.26230958739286,,,
10,15290,1,2.95,No Algorithm,-3.91674642407879,0.40581244148235945,51.965852839087,51.959880252040605,,,
10,15290,2,4.45,No Algorithm,-3.935080417059822,0.4041028917872192,52.06384675152617,52.05221713156672,,,
10,15290,3,5.95,No Algorithm,-3.853437819899177,0.41177143701918095,51.54165163765963,51.52897368385934,,,
10,15290,4,7.45,No Algorithm,-3.885033414287536,0.4087866069259192,51.77029154175813,51.763064265678175,,,
10,15290,5,8.950000000000001,No Algorithm,-3.987370965968735,0.3992665281899099,52.363168326885734,52.39970172037496,,,
10,15290,6,10.450000000000001,No Algorithm,-3.8343049976418033,0.41358949586456245,51.489227341144385,51.47734843453566,,,
10,15290,7,11.950000000000001,No Algorithm,-3.945634137515566,0.4031220800499913,52.127510653424075,52.12581350824171,,,
10,15290,8,13.450000000000001,No Algorithm,-4.057940668232006,0.392831163399304,52.70796731236088,52.724534282354504,,,
10,15290,9,14.950000000000001,No Algorithm,-3.9855001108036254,0.3994385614048625,52.33871397331741,52.32752092084918,,,
10,15290,10,16.45,No Algorithm,-3.9711258671912293,0.4007628102076299,52.24728364838271,52.23548785007416,,,
10,15290,11,17.95,No Algorithm,-3.902697381584094,0.4071273344840371,51.86673479707349,51.85598323719332,,,
10,15290,12,19.450000000000003,No Algorithm,-3.8542016427636527,0.41169902238007117,51.62456337486788,51.622048568973106,,,
10,15290,13,20.950000000000003,No Algorithm,-3.8283151035912732,0.4141603220124943,51.42098366101615,51.42158258874536,,,
10,15290,14,22.450000000000003,No Algorithm,-3.952459354780556,0.4024890453167452,52.147173856370834,52.15477380222642,,,
10,15290,15,23.950000000000003,No Algorithm,-3.915093983716324,0.40596687780982005,51.92407121529923,51.933713285558284,,,
10,15290,16,25.450000000000003,No Algorithm,-3.866818554121286,0.41050471013949263,51.658696307274546,51.66027925864126,,,
10,15290,17,26.950000000000003,No Algorithm,-3.9643478670693777,0.401388765936266,52.23647987873772,52.23129740383371,,,
10,15290,18,28.450000000000003,No Algorithm,-4.0603838642796255,0.39261023182616595,52.73297087904332,52.720452463470885,,,
10,15290,19,29.950000000000003,No Algorithm,-3.849593059371945,0.4121361350796447,51.55540103816637,51.545464556985586,,,
10,15290,0,1.4500000000000002,DPC,-2.730737657853693,0.5332443151829855,44.40871399079447,44.40346816631578,1.0267794726926691,1.7232070802789097,0.22582312142090802
10,15290,1,2.95,DPC,-2.62103722892463,0.5468853342412987,43.61128554177547,43.619300056203286,0.9982150583115578,1.7462843869202196,0.16127966870778482
10,15290,2,4.45,DPC,-2.578173509581918,0.5523096725385942,43.38706863461223,43.381356461034365,0.9809229707039616,1.7410728062301726,0.13516670542857376
10,15290,3,5.95,DPC,-2.557015768895041,0.5550069519928875,43.13756153070201,43.130476176080585,0.9936253947564652,1.7050693271349344,0.11445947894211314
10,15290,4,7.45,DPC,-2.5554041133177026,0.5552129518563598,43.178586818034226,43.188366415896766,0.9973458204837448,1.7279246136430553,0.10011504248754023
10,15290,5,8.950000000000001,DPC,-2.5830078252663498,0.5516952153193156,43.35588232503037,43.34504445231034,1.0000980929532193,1.7138863242182683,0.09506950543701473
10,15290,6,10.450000000000001,DPC,-2.5111778228309007,0.5608958383601601,42.85540703921401,42.890455711926066,0.9783239935295345,1.7258680986459285,0.08935391939400845
10,15290,7,11.950000000000001,DPC,-2.6265279500300376,0.5461943520674339,43.67478281563267,43.666252676584364,1.0125343947031455,1.7310507576903291,0.08381556300639394
10,15290,8,13.450000000000001,DPC,-2.672586752351391,0.540432333816024,44.04452660989341,44.03351665227934,1.0022231937053558,1.712122093339383,0.07829884498782023
10,15290,9,14.950000000000001,DPC,-2.5511792903238746,0.5557533266140507,43.14621991408148,43.1366944936817,0.9736183880385946,1.7108504452675397,0.07411248937464801
10,15290,10,16.45,DPC,-2.5604945542720148,0.5545625583680739,43.248540036913184,43.24002621435874,0.9993627103050705,1.7213283098270273,0.06985071177940312
10,15290,11,17.95,DPC,-2.5908832833746462,0.5506956825923142,43.4423732173544,43.446311067455746,1.006374501272374,1.7206020809200948,0.06629243872036371
10,15290,12,19.450000000000003,DPC,-2.6934729305779905,0.5378395154000152,44.217036665805324,44.21170793656356,1.000546943981512,1.740459319956254,0.06301057547328648
10,15290,13,20.950000000000003,DPC,-2.5622741436339522,0.5543353642634735,43.18491806388788,43.19079714805134,0.990939611506892,1.7232297924751803,0.06145566324346819
10,15290,14,22.450000000000003,DPC,-2.557976871128627,0.5548841414519937,43.14782759862227,43.165299401749316,0.9975589381837047,1.7206003154778577,0.059795277422278026
10,15290,15,23.950000000000003,DPC,-2.6970731719354717,0.537393838615059,44.232510987509265,44.22246307698505,1.00268723206601,1.7085867665748917,0.05714945717560986
10,15290,16,25.450000000000003,DPC,-2.7161552498138093,0.5350378115185798,44.36007307714781,44.3559413911643,1.009172499177105,1.756626931747107,0.05677912255132639
10,15290,17,26.950000000000003,DPC,-2.44364626169645,0.5696857730723633,42.37029319161079,42.36455994229995,0.9678216716868321,1.7173942940710123,0.05452101295722826
10,15290,18,28.450000000000003,DPC,-2.6348007142054386,0.5451549107746382,43.73908110708145,43.734028914980804,1.0001732081946912,1.7443166237416141,0.05234099606248243
10,15290,19,29.950000000000003,DPC,-2.7028743509070337,0.5366764828235541,44.31220552965986,44.31243528402588,1.0238844460666097,1.723291893141833,0.050617186667492715
10,15290,0,1.4500000000000002,KF-DPC,-0.12311181311428845,0.9720504791727929,9.648093263440737,9.768483906733621,0.19284120612708722,0.3217469970642122,0.07064241598117796
10,15290,1,2.95,KF-DPC,-0.06350295852484546,0.9854842871391557,6.930413119978195,6.970178903665449,0.13168460371143556,0.227196852439988,0.027504056611099906
10,15290,2,4.45,KF-DPC,-0.046343508603499034,0.9893857457988566,5.919978970487089,5.929361600170876,0.10768234681208719,0.18410614653935647,0.02384787360644783
10,15290,3,5.95,KF-DPC,-0.039319664851771116,0.9909871738050964,5.453332279452423,5.453116622302628,0.09459610672897992,0.1627576283387111,0.011919186130177159
10,15290,4,7.45,KF-DPC,-0.03277544039623655,0.9924815817266215,4.978507465453408,4.980467583751533,0.0849508762955167,0.14735347584324837,0.01319438267279385
10,15290,5,8.950000000000001,KF-DPC,-0.030919653428081593,0.9929057703903351,4.835635355987632,4.843788148417644,0.07964175916945286,0.1350430434019027,0.007581473070145489
10,15290,6,10.450000000000001,KF-DPC,-0.027938323441813337,0.9935876109731179,4.596483114176418,4.6104835022410615,0.07504375332611356,0.12632585680003183,0.016127444522523765
10,15290,7,11.950000000000001,KF-DPC,-0.026847620507235104,0.9938371755112141,4.5059695012562795,4.542698733160523,0.07193920662042767,0.119821888011618,0.01941944242693169
10,15290,8,13.450000000000001,KF-DPC,-0.02539689494264538,0.9941692142298167,4.382465281454205,4.415814430595672,0.06868641262221664,0.11392531292469102,0.02135496318965258
10,15290,9,14.950000000000001,KF-DPC,-0.024693986034616325,0.9943301342922257,4.321532396362667,4.347583356231271,0.06531292957379688,0.11021835076492163,0.02069909255515846
10,15290,10,16.45,KF-DPC,-0.024342513075478606,0.9944106083279908,4.2906295746935985,4.316087705330552,0.06428666274738704,0.10626674941529025,0.018257591155038864
10,15290,11,17.95,KF-DPC,-0.023184585102479675,0.9946757761861688,4.187289509413249,4.2102227417387805,0.06029778487793913,0.10178375154176071,0.016978041017405188
10,15290,12,19.450000000000003,KF-DPC,-0.022979870144348928,0.9947226636824665,4.168773131006229,4.184675061199793,0.05893038887849685,0.0990551162485424,0.014609646484778544
10,15290,13,20.950000000000003,KF-DPC,-0.021937988820882808,0.9949613283060447,4.07320549320556,4.085077466659205,0.05642994107203244,0.09521208003542352,0.013372981575474709
10,15290,14,22.450000000000003,KF-DPC,-0.022367976627854703,0.994862823701642,4.113011800094352,4.1244959605114255,0.056714426359854166,0.09448365984219655,0.013615299315561281
10,15290,15,23.950000000000003,KF-DPC,-0.021063744460312638,0.9951616363741109,3.99121516660989,3.9981856012956056,0.05411212374035634,0.09265100397166916,0.012332478772304062
10,15290,16,25.450000000000003,KF-DPC,-0.02119342615920375,0.995131920978159,4.0036038940240735,4.009907855439084,0.05445521489928751,0.09153070837825925,0.012964407879058998
10,15290,17,26.950000000000003,KF-DPC,-0.0205941163963781,0.9952692548500393,3.9465436772276883,3.9553636627340505,0.05403443191619151,0.09024967729184387,0.013642934676979574
10,15290,18,28.450000000000003,KF-DPC,-0.021115035487445567,0.9951498833900856,3.9961360687620164,4.003661828078328,0.053574685533167674,0.08910635452332832,0.013739174815336269
10,15290,19,29.950000000000003,KF-DPC,-0.020431138994116978,0.9953066049541869,3.9309560257146807,3.938407801513694,0.052641226505786974,0.08746592248442445,0.01323514478987694
11,16299,0,1.4500000000000002,No Algorithm,-3.8576494890463335,0.4113723059021053,51.6026064012221,51.60312319789372,,,
11,16299,1,2.95,No Algorithm,-3.910388524982722,0.40640696989041825,51.85172528660078,51.8653496820322,,,
11,16299,2,4.45,No Algorithm,-4.007472844859946,0.39742274208393036,52.46787488787489,52.4676468915867,,,
11,16299,3,5.95,No Algorithm,-3.8647431060499238,0.41070093294529786,51.63606373034691,51.65892946688101,,,
11,16299,4,7.45,No Algorithm,-3.977863367889793,0.40014156207872603,52.265178952500214,52.255458808316305,,,
11,16299,5,8.950000000000001,No Algorithm,-3.9580102092809977,0.4019749400135948,52.13481569399248,52.14601289045143,,,
11,16299,6,10.450000000000001,No Algorithm,-3.731674226653634,0.423479681071693,50.89832154328427,50.88629334290826,,,
11,16299,7,11.950000000000001,No Algorithm,-3.8302562925141332,0.4139752439574522,51.48322621291503,51.471679390616394,,,
11,16299,8,13.450000000000001,No Algorithm,-3.8471920453249915,0.41236404915133135,51.542491373244395,51.53301082080006,,,
11,16299,9,14.950000000000001,No Algorithm,-3.769761620165684,0.4197820247680446,51.13860274957284,51.131175947434514,,,
11,16299,10,16.45,No Algorithm,-3.941484212917257,0.40350746965253176,52.06859872841383,52.061695052519475,,,
11,16299,11,17.95,No Algorithm,-3.7771425785415342,0.4190691991698486,51.157501760488884,51.15067421260171,,,
11,16299,12,19.450000000000003,No Algorithm,-3.924820461520632,0.4050586900229943,51.99168744821864,52.02187505115216,,,
11,16299,13,20.950000000000003,No Algorithm,-4.006292014707843,0.3975308145051185,52.428541760047274,52.41648713608408,,,
11,16299,14,22.450000000000003,No Algorithm,-3.8942769904733203,0.4079174658496932,51.826654547889994,51.819432787156444,,,
11,16299,15,23.950000000000003,No Algorithm,-4.0572089067844175,0.3928973587878486,52.6592638600064,52.65034019053609,,,
11,16299,16,25.450000000000003,No Algorithm,-3.8766436477179314,0.409577070352496,51.7437485183096,51.745597678278635,,,
11,16299,17,26.950000000000003,No Algorithm,-3.8401355181302192,0.41303461337329683,51.50619039448987,51.54197887839057,,,
11,16299,18,28.450000000000003,No Algorithm,-3.9173542312451803,0.4057556508803255,51.92741674291209,51.928904995965866,,,
11,16299,19,29.950000000000003,No Algorithm,-4.093319912062797,0.3896440141084123,52.8862470800071,52.87492700884963,,,
11,16299,0,1.4500000000000002,DPC,-2.613439115972791,0.5478429640854726,43.57429709623368,43.56641972743829,0.9976402659526615,1.7221592333743498,0.23028692759624203
11,16299,1,2.95,DPC,-2.580908247132256,0.5519619944975797,43.32446859534684,43.371373636026306,1.0058236889311782,1.7432613291346335,0.15854581150204788
11,16299,2,4.45,DPC,-2.6280705985222568,0.5460003739489232,43.73596218776985,43.76876364762772,0.9992724817105065,1.7140290133034375,0.13750004969391666
11,16299,3,5.95,DPC,-2.7140096187658305,0.5353022121540552,44.33764326938408,44.3300748150243,1.0090933020478228,1.7343159204223455,0.11729303511956204
11,16299,4,7.45,DPC,-2.654812355849703,0.5426486968615162,43.83570393610294,43.82545469599766,1.0173160536377925,1.7193963957599019,0.10406216228142236
11,16299,5,8.950000000000001,DPC,-2.5553112504121884,0.5552248238098998,43.18518547653445,43.17464353203641,0.9973984503143885,1.7147769101547916,0.09474661918950915
11,16299,6,10.450000000000001,DPC,-2.6554449058363256,0.5425696658251814,43.9496695051991,43.944788323598075,1.0166122519648917,1.7722266176567345,0.08763699646684442
11,16299,7,11.950000000000001,DPC,-2.6756942876324152,0.5400457731026972,44.092060568603976,44.09269288975298,1.0140979848477523,1.75367138229741,0.08346323040077375
11,16299,8,13.450000000000001,DPC,-2.637751647428453,0.5447846161046365,43.80506617541746,43.853264045261824,1.0123860692240843,1.7330548025506727,0.07960945213908681
11,16299,9,14.950000000000001,DPC,-2.6720645189801706,0.5404973239968913,44.08446853076188,44.08788752875603,1.026434668377456,1.7363409530050355,0.07567575941043629
11,16299,10,16.45,DPC,-2.80805423380499,0.5238350774418377,45.05813645939554,45.04823931440499,1.01624059296823,1.7437323167127312,0.07155893833766643
11,16299,11,17.95,DPC,-2.637662665301609,0.5447957782520841,43.79439745304905,43.783591880899124,0.9941255226121063,1.7178151941786541,0.06939309824532092
11,16299,12,19.450000000000003,DPC,-2.64317298403949,0.5441049809127219,43.79209545321219,43.791817341488986,1.008248440249698,1.7481697694869918,0.06685989604137255
11,16299,13,20.950000000000003,DPC,-2.7146145086039746,0.5352276599012668,44.34563075140925,44.33708543678405,1.0259844947160692,1.7552651370727423,0.06368726028990594
11,16299,14,22.450000000000003,DPC,-2.586951098106179,0.5511945187854819,43.39268395650901,43.38185095750306,1.0113476695537411,1.7419705648540058,0.06132563982943026
11,16299,15,23.950000000000003,DPC,-2.822151743810806,0.5221374280899409,45.1592651980248,45.148666657111285,1.026481900528294,1.7738525741103472,0.06003138080030804
11,16299,16,25.450000000000003,DPC,-2.531816917531522,0.5582366016092638,42.96562680333849,42.96394781297037,0.9740051466804985,1.698439692413406,0.05841258096541591
11,16299,17,26.950000000000003,DPC,-2.5464251247869223,0.5563620357067272,43.095592166450864,43.100083148318454,0.9935787422021205,1.7465962309520935,0.05666016304772942
11,16299,18,28.450000000000003,DPC,-2.6557573416903106,0.5425306342172651,43.88956294084377,43.89674899797863,0.9955850634125911,1.730025504675559,0.05497441111820767
11,16299,19,29.950000000000003,DPC,-2.6040245211519104,0.5490318610706251,43.52977809925404,43.52565166402779,0.9942941141757041,1.7352190114198414,0.05297456083308615
11,16299,0,1.4500000000000002,KF-DPC,-0.11515406432708938,0.9738332383495608,9.334012470449691,9.337347749724932,0.18335353060427065,0.31135849961736833,0.06896578052385952
11,16299,1,2.95,KF-DPC,-0.06624753565738525,0.9848616950304352,7.077983263313032,7.131159184008957,0.13444202286670728,0.22682887109002972,0.03839668728835231
11,16299,2,4.45,KF-DPC,-0.04956266942530278,0.9886526460625155,6.122305306586914,6.121068155351957,0.10943586078948146,0.18753764922577162,0.025214456637626146
11,16299,3,5.95,KF-DPC,-0.039305728588562266,0.990990353831743,5.452007597769588,5.472513652761145,0.09549603638836018,0.1633747220738581,0.02354102299189628
11,16299,4,7.45,KF-DPC,-0.03513102031304621,0.9919434133011767,5.154158223935706,5.164890771079203,0.08720807075509326,0.1496707403459178,0.02020541505329243
11,16299,5,8.950000000000001,KF-DPC,-0.031852897853969726,0.9926924303039495,4.907952524602324,4.914086521358617,0.08096326436344091,0.13729994929216358,0.014973942295559
11,16299,6,10.450000000000001,KF-DPC,-0.029902138181725383,0.9931384270698251,4.75514610419542,4.758853207962994,0.07507249340856616,0.12699510273139902,0.012695237809006502
11,16299,7,11.950000000000001,KF-DPC,-0.027572758468897594,0.9936712491795919,4.56640505237668,4.576646747009325,0.07079120315619575,0.12027942459311058,0.016512423931028097
11,16299,8,13.450000000000001,KF-DPC,-0.02720352810627562,0.9937557331432967,4.53576404803956,4.554739405236679,0.07010049036247686,0.11535677393428677,0.02057507000944053
11,16299,9,14.950000000000001,KF-DPC,-0.02567205651795851,0.9941062273597,4.406043328151129,4.4273044523340985,0.06629154340483566,0.11013028986419503,0.0240070421468341
11,16299,10,16.45,KF-DPC,-0.026080338915272196,0.9940127753328162,4.4408515662960895,4.459667393762001,0.0664864435001884,0.1074044682582846,0.026942229359036233
11,16299,11,17.95,KF-DPC,-0.025478375918011845,0.9941505621122487,4.389445114397508,4.403849231381833,0.06387770465660038,0.10384110929721956,0.02708994837923587
11,16299,12,19.450000000000003,KF-DPC,-0.024913905981927487,0.9942797842409775,4.340552700005619,4.3482680172975785,0.0632636685448176,0.10113440602558625,0.027116080629729488
11,16299,13,20.950000000000003,KF-DPC,-0.02385313050277576,0.9945226693054924,4.247253465437365,4.2525757632869405,0.06083530938521424,0.09769854679290192,0.02578380677156516
11,16299,14,22.450000000000003,KF-DPC,-0.023973563557028607,0.994495090842746,4.258014905931631,4.258795329753735,0.06023348258933733,0.09534486738241822,0.025236842016932687
11,16299,15,23.950000000000003,KF-DPC,-0.023532293283799154,0.9945961428786343,4.218619043600932,4.217888166684191,0.058214002086446545,0.09295219141039135,0.024952297468184125
11,16299,16,25.450000000000003,KF-DPC,-0.022413504043177622,0.9948523945349258,4.117108751190057,4.116123260470391,0.057670148278184195,0.09153090739467397,0.024123027772384315
11,16299,17,26.950000000000003,KF-DPC,-0.022118886061058295,0.9949198859167354,4.089930498314575,4.089464868870115,0.0553774489820611,0.08997959647000989,0.023686506311060822
11,16299,18,28.450000000000003,KF-DPC,-0.02223545972241981,0.9948931805584779,4.100646972119448,4.101267100343786,0.05498483544107005,0.08842756183914555,0.023091898511410178
11,16299,19,29.950000000000003,KF-DPC,-0.021687689610173023,0.9950186730852548,4.049933237578597,4.051808461633799,0.05482244630023162,0.08808052452100501,0.02205621496721198
12,17308,0,1.4500000000000002,No Algorithm,-4.099401258863858,0.38909878449456214,52.93877281264834,52.9319983608675,,,
12,17308,1,2.95,No Algorithm,-3.8765870042736594,0.40958241235158205,51.64428447175197,51.64831995088682,,,
12,17308,2,4.45,No Algorithm,-3.992104182524925,0.3988316192573246,52.35503486150274,52.3754069676814,,,
12,17308,3,5.95,No Algorithm,-3.8736862531550016,0.4098560730949266,51.74043352081651,51.75201889697221,,,
12,17308,4,7.45,No Algorithm,-4.1176133377493995,0.3874705205736894,53.05427050650385,53.04476097800776,,,
12,17308,5,8.950000000000001,No Algorithm,-3.866882378778183,0.4104986773366711,51.63725068362703,51.626712515115756,,,
12,17308,6,10.450000000000001,No Algorithm,-3.8942195148182996,0.40792286437066516,51.82963863342733,51.81917083378024,,,
12,17308,7,11.950000000000001,No Algorithm,-3.9961279163250634,0.398462273307934,52.42972013326079,52.42701578525773,,,
12,17308,8,13.450000000000001,No Algorithm,-4.023845567524013,0.39592729541163535,52.495857725698066,52.48287843871797,,,
12,17308,9,14.950000000000001,No Algorithm,-3.8970008334170574,0.40766170511709776,51.79245685076157,51.77958467789766,,,
12,17308,10,16.45,No Algorithm,-3.973603758368103,0.4005342179890896,52.28070193069634,52.27081610114332,,,
12,17308,11,17.95,No Algorithm,-3.894841826300133,0.4078644162655476,51.80146379796346,51.78877527410244,,,
12,17308,12,19.450000000000003,No Algorithm,-3.9579454702668087,0.4019809321816726,52.19535383492741,52.2126177580881,,,
12,17308,13,20.950000000000003,No Algorithm,-3.9718802864375675,0.4006931991646351,52.257451248253716,52.27672020004868,,,
12,17308,14,22.450000000000003,No Algorithm,-3.974248950394638,0.40047471866320644,52.25236596311074,52.24054049311399,,,
12,17308,15,23.950000000000003,No Algorithm,-3.8133151969702412,0.4155932453138821,51.32509861919157,51.312792744711686,,,
12,17308,16,25.450000000000003,No Algorithm,-3.8928992164469585,0.4080468958265143,51.78783780070436,51.85085353670759,,,
12,17308,17,26.950000000000003,No Algorithm,-3.937100330025131,0.40391498636510714,52.04616734100913,52.09106259149269,,,
12,17308,18,28.450000000000003,No Algorithm,-3.9751283197798504,0.40039363783657483,52.303118686810315,52.29358759855696,,,
12,17308,19,29.950000000000003,No Algorithm,-3.791087387983092,0.4177257632348879,51.20608079076102,51.1941566143516,,,
12,17308,0,1.4500000000000002,DPC,-2.7537386201578467,0.5304276294851346,44.650347859911044,44.65321956592491,1.0087946586282266,1.7106780796422045,0.22870697607652524
12,17308,1,2.95,DPC,-2.689526578677931,0.538328462120226,44.16312038852033,44.16740358446323,1.019019172570297,1.7493781444847807,0.16407782056309084
12,17308,2,4.45,DPC,-2.5561168004703183,0.5551218476197315,43.14539718982304,43.14536102705372,1.0017184548283333,1.7220529266945617,0.13424900917302954
12,17308,3,5.95,DPC,-2.5120086162637896,0.5607885507868353,42.8131329195717,42.80244077741479,0.9871552836561865,1.7265340513669778,0.11734630853999403
12,17308,4,7.45,DPC,-2.655753263371789,0.5425311436904141,43.90971085470394,43.909033406291776,0.9982208112138169,1.7224934591290417,0.10416936515411877
12,17308,5,8.950000000000001,DPC,-2.5033738466353905,0.5619046360979087,42.717076080357536,42.74059677339829,0.9985481261768435,1.7380934846634428,0.09697918730062098
12,17308,6,10.450000000000001,DPC,-2.583185538496464,0.5516726404221213,43.38655839845693,43.37791054797436,1.0076727100369922,1.721180795377493,0.0908074568161595
12,17308,7,11.950000000000001,DPC,-2.6101816313328685,0.5482540352734179,43.60277952224858,43.59202155852463,1.0050967805380087,1.7374067929570143,0.08537318708877895
12,17308,8,13.450000000000001,DPC,-2.575969473951314,0.5525900397068684,43.29502203654192,43.284487418176184,0.9780423164277136,1.708971061790769,0.08100639621217479
12,17308,9,14.950000000000001,DPC,-2.5670971122423145,0.5537201001518334,43.25315505192277,43.32828708854583,1.001603594590683,1.7427526803716062,0.07609594797889048
12,17308,10,16.45,DPC,-2.4470284248763603,0.5692422905360739,42.332702393001725,42.34548016030163,0.969199789336094,1.733632122835363,0.07213965032803277
12,17308,11,17.95,DPC,-2.7165232512313042,0.5349924767654314,44.35433415285531,44.35212829197997,1.0262839340035574,1.7403425267971615,0.06946449289029037
12,17308,12,19.450000000000003,DPC,-2.634167383530361,0.5452344163907838,43.77634720654694,43.77369930354381,1.0127334557462695,1.721616453268122,0.0668067086407289
12,17308,13,20.950000000000003,DPC,-2.6919676281897846,0.5380259675577278,44.17617351496733,44.17556947727161,1.0179701271406096,1.7418395915429876,0.06382784927845606
12,17308,14,22.450000000000003,DPC,-2.633117457119818,0.5453662451935997,43.76117122607394,43.75672088693819,0.9918340957226514,1.7168665326629784,0.06161252332024226
12,17308,15,23.950000000000003,DPC,-2.460056212401801,0.5675372595084119,42.45331230249337,42.443802208224916,0.9640795623344037,1.6915549684486786,0.060681343945660236
12,17308,16,25.450000000000003,DPC,-2.5946451068566208,0.5502188810013885,43.431745432578694,43.42612934223476,1.0076071667469184,1.7351003235669655,0.05835208111983746
12,17308,17,26.950000000000003,DPC,-2.461338738303752,0.567369683405023,42.34005702807997,42.35601467949867,0.9813653326920291,1.7319944095229431,0.05476776202092377
12,17308,18,28.450000000000003,DPC,-2.5294798230554965,0.5585370896042161,42.94668413439411,42.93614510382756,0.9858098724189868,1.715987193454492,0.05328557413739694
12,17308,19,29.950000000000003,DPC,-2.626248397336328,0.5462295113943795,43.68549229704377,43.68923733752009,0.9928686522670713,1.7256887353993249,0.05129350961818887
12,17308,0,1.4500000000000002,KF-DPC,-0.11873199382841156,0.9730312774817003,9.475249836128501,9.47649064928066,0.18847918557297869,0.32087860923481765,0.04324071466595904
12,17308,1,2.95,KF-DPC,-0.06744857547741763,0.9845893695421265,7.141896766572576,7.251396551857307,0.1375915900700048,0.23108909544995493,0.048695435188457765
12,17308,2,4.45,KF-DPC,-0.04749599899439436,0.9891232266257318,5.9925667141588645,6.061929334630152,0.11177755786968274,0.18890488425404908,0.039531382961044685
12,17308,3,5.95,KF-DPC,-0.039537906893298315,0.9909373758825105,5.4678889791682455,5.467331785245995,0.09570913433150607,0.16561302950749218,0.015626118296476962
12,17308,4,7.45,KF-DPC,-0.03488194625887915,0.9920003042962776,5.135862277808306,5.1352005909311735,0.08915150638793311,0.15026755563855296,0.015162845495393143
12,17308,5,8.950000000000001,KF-DPC,-0.032292698315402366,0.9925919076167489,4.941808189491075,4.941638735589775,0.08313069176724677,0.13921860496500618,0.018598317249604607
12,17308,6,10.450000000000001,KF-DPC,-0.03002424105753597,0.993110505150852,4.765162695242072,4.767039174709492,0.07792712070029553,0.13045699050705098,0.019214920864135083
12,17308,7,11.950000000000001,KF-DPC,-0.028747833287742202,0.9934024269491631,4.66259446845514,4.665091362159791,0.07451736711220038,0.1233407474352756,0.022795082654983884
12,17308,8,13.450000000000001,KF-DPC,-0.027600977691708755,0.993664792606817,4.568827504225353,4.570326941809478,0.07122000033230569,0.1170247964741914,0.02492074719574532
12,17308,9,14.950000000000001,KF-DPC,-0.02558091271188151,0.9941270905250758,4.398453525973092,4.397498586573899,0.06651747121864715,0.11119338133688658,0.02441432933386028
12,17308,10,16.45,KF-DPC,-0.025366102267628858,0.9941762631883757,4.379975347090201,4.379285718008503,0.06556280257280389,0.10779217221388006,0.023481862454134438
12,17308,11,17.95,KF-DPC,-0.024774373055139826,0.9943117296151017,4.328653678836893,4.329947626093292,0.0634064811990915,0.10372440861354937,0.023878420534429266
12,17308,12,19.450000000000003,KF-DPC,-0.02496199963889148,0.9942687736737029,4.344990116111873,4.347617612573969,0.0634129991713898,0.10203472642636868,0.02462537935798986
12,17308,13,20.950000000000003,KF-DPC,-0.02398914319789914,0.9944915232522705,4.259536300653794,4.267768351783649,0.06109052034604888,0.09922437782561454,0.023753907690128483
12,17308,14,22.450000000000003,KF-DPC,-0.02320488249382892,0.9946711274335004,4.18941838599076,4.195406444247731,0.05807636651914301,0.09569528385573155,0.021669954508757933
12,17308,15,23.950000000000003,KF-DPC,-0.02270468215791207,0.9947856956598502,4.143927969411049,4.152855114910287,0.05835389771097177,0.09442679655223095,0.019628399456882262
12,17308,16,25.450000000000003,KF-DPC,-0.022408569739250168,0.9948535248525031,4.116663870647907,4.122213215639111,0.05648726910526289,0.09262904207234603,0.018896959520239495
12,17308,17,26.950000000000003,KF-DPC,-0.021690208534520666,0.9950180959708452,4.050238455400834,4.0650509843034195,0.05576062098690223,0.09147237750850429,0.016750403365357432
12,17308,18,28.450000000000003,KF-DPC,-0.02191305568709926,0.9949670404613109,4.0709228680883625,4.076125612184925,0.053701113244987324,0.08842828949303261,0.014429347697380093
12,17308,19,29.950000000000003,KF-DPC,-0.021285613789709636,0.995110797550624,4.012277291367801,4.0149453999462255,0.05271474864153112,0.08711433733572937,0.012099791236328488
13,18317,0,1.4500000000000002,No Algorithm,-3.865945263486745,0.4105872637935679,51.715598769513754,51.71794030755889,,,
13,18317,1,2.95,No Algorithm,-4.0342920295279185,0.39497608161115455,52.55546362134985,52.695954973713576,,,
13,18317,2,4.45,No Algorithm,-3.9083460414079947,0.40659814772452446,51.930707708986056,51.91845451625116,,,
13,18317,3,5.95,No Algorithm,-3.8532973909484425,0.41178475184774577,51.571735955080804,51.626327307437,,,
13,18317,4,7.45,No Algorithm,-3.8532458341816946,0.41178964033178206,51.55964626042723,51.58856976729642,,,
13,18317,5,8.950000000000001,No Algorithm,-4.0036439413808536,0.39777327942011015,52.450821153087794,52.43823353190448,,,
13,18317,6,10.450000000000001,No Algorithm,-3.8443350599468196,0.4126354101063183,51.59022353449398,51.596189862555164,,,
13,18317,7,11.950000000000001,No Algorithm,-3.9577208481998314,0.40200172363234116,52.16568481491412,52.16738949011654,,,
13,18317,8,13.450000000000001,No Algorithm,-3.9976597093451605,0.39832175710815243,52.38016409611295,52.385403633530615,,,
13,18317,9,14.950000000000001,No Algorithm,-3.9188212941564693,0.4056186082605086,51.92816533629089,51.925889684596655,,,
13,18317,10,16.45,No Algorithm,-3.803895835918315,0.4164955987288422,51.32846019144077,51.317129602079916,,,
13,18317,11,17.95,No Algorithm,-3.9704338672822956,0.40082667238765957,52.24439124744856,52.244971208895464,,,
13,18317,12,19.450000000000003,No Algorithm,-3.9464113554312186,0.40304994335886035,52.10116525137198,52.08907239560896,,,
13,18317,13,20.950000000000003,No Algorithm,-3.985885198994588,0.3994031448246232,52.31012298662887,52.31542470106376,,,
13,18317,14,22.450000000000003,No Algorithm,-3.8311709532926557,0.413888066462829,51.47233066727708,51.45970084304022,,,
13,18317,15,23.950000000000003,No Algorithm,-4.006316788811792,0.39752854681762956,52.4751079151647,52.46790631683857,,,
13,18317,16,25.450000000000003,No Algorithm,-3.9691149383077864,0.40094841977751067,52.26815739357974,52.26695400125987,,,
13,18317,17,26.950000000000003,No Algorithm,-3.9208060844969332,0.4054332768798094,52.05905765407534,52.05428616947309,,,
13,18317,18,28.450000000000003,No Algorithm,-3.9493412532250245,0.4027781239039404,52.10599112232448,52.110446299876045,,,
13,18317,19,29.950000000000003,No Algorithm,-3.8539259594773707,0.41172515721406255,51.586434465981796,51.573693562623774,,,
13,18317,0,1.4500000000000002,DPC,-2.61592997455818,0.5475288435623977,43.570112955182815,43.5652863868089,1.018135328110476,1.7221179489952314,0.22311943242832405
13,18317,1,2.95,DPC,-2.652557433150387,0.5429305214377264,43.918148371543715,43.940925185946995,1.0186460960783645,1.7516743681974127,0.15902981168970376
13,18317,2,4.45,DPC,-2.517776019490646,0.5600443214167582,42.879535545934026,42.86883384611696,1.0002054495374357,1.7141891393242168,0.1358003864806874
13,18317,3,5.95,DPC,-2.627871377135691,0.5460254208815967,43.71748126775879,43.707201202716526,1.0235094941110172,1.7379307434035016,0.11814385485333248
13,18317,4,7.45,DPC,-2.729990104099353,0.533336110754075,44.440254440279205,44.439656558857116,1.0086212203437892,1.7323323903120937,0.10373902818121847
13,18317,5,8.950000000000001,DPC,-2.6160073806514372,0.5475190848173992,43.63391401662047,43.63051172158814,1.0004382498313464,1.731003229780331,0.09281497747814021
13,18317,6,10.450000000000001,DPC,-2.67520743489531,0.5401063166995851,44.04653086822996,44.03645041442152,1.0244724362969917,1.742712759890742,0.08710364421063341
13,18317,7,11.950000000000001,DPC,-2.598691550864544,0.5497064653260476,43.459910870817865,43.45300187010438,0.9800124086863576,1.718189934061806,0.08323768819191335
13,18317,8,13.450000000000001,DPC,-2.4846388038404355,0.5643338741891677,42.62758395988249,42.61779568385405,0.975447473531587,1.6942423221030236,0.07771180289069708
13,18317,9,14.950000000000001,DPC,-2.5450147945387713,0.5565427383540988,43.07404218556988,43.06332758432919,0.9938673925607051,1.7256134940516088,0.07281597638927549
13,18317,10,16.45,DPC,-2.6476681328251104,0.5435420984429703,43.889719330854284,43.884786839368026,1.0283590392444133,1.7886539762496387,0.06952193209094125
13,18317,11,17.95,DPC,-2.5357355601164517,0.5577331314519172,43.03361429523311,43.02374262447998,0.9890486689229153,1.7379467194218048,0.06520699850447763
13,18317,12,19.450000000000003,DPC,-2.6255727260049118,0.546314499886751,43.683495199675946,43.701648052461564,0.9943204817213182,1.752111559670725,0.06286459082021835
13,18317,13,20.950000000000003,DPC,-2.550070177188725,0.5558952745445324,43.064939541996296,43.08087299332038,0.9946140937586295,1.7235889889433476,0.06225780330580288
13,18317,14,22.450000000000003,DPC,-2.5238682412109585,0.5592592499163329,42.872042585539965,42.86438480089631,0.9814349336940313,1.7267606733936507,0.059547030002792246
13,18317,15,23.950000000000003,DPC,-2.6110428528365244,0.5481453253148316,43.58177440131913,43.57656265974905,1.000944095765925,1.7361225620543692,0.05864716545199234
13,18317,16,25.450000000000003,DPC,-2.754732109320568,0.530306303091885,44.62805637640379,44.62320898913965,1.0382334101074135,1.7702146364627978,0.05688140287321811
13,18317,17,26.950000000000003,DPC,-2.5973847649387234,0.5498718961081658,43.45129782467035,43.462526784870796,0.9993216934039807,1.7281679852537462,0.054604706501003936
13,18317,18,28.450000000000003,DPC,-2.616950745666667,0.5474001668302401,43.624571811447716,43.623419612273025,0.9922337805586561,1.7199777549428217,0.05290429433282102
13,18317,19,29.950000000000003,DPC,-2.6942576108066203,0.5377423477113698,44.15602403410369,44.15141217820274,1.006081464054691,1.7107066621463904,0.051120580187058604
13,18317,0,1.4500000000000002,KF-DPC,-0.11709301045438082,0.9733985589273162,9.410606690568963,9.43057103442774,0.18743203857977378,0.31736261704289465,0.05048436074955159
13,18317,1,2.95,KF-DPC,-0.06480119353945693,0.9851897406835984,7.000438654361603,7.0055273012768,0.13262972236427623,0.22762832260596716,0.02436741789373653
13,18317,2,4.45,KF-DPC,-0.0467644965672439,0.9892898432901649,5.946803770911403,5.972655037169157,0.10809622819697116,0.18757085801018483,0.02305271007871044
13,18317,3,5.95,KF-DPC,-0.04002278184627776,0.9908267472854319,5.501649253996769,5.53731538057101,0.09750522179806478,0.1638044995045301,0.03594961283673485
13,18317,4,7.45,KF-DPC,-0.03503745409064014,0.9919647843758029,5.147702028365459,5.176575086445794,0.08927126022746286,0.14756505781312695,0.03178583365845973
13,18317,5,8.950000000000001,KF-DPC,-0.03166984270108195,0.9927342731782944,4.894138447388815,4.926373428620658,0.08290820048867102,0.13773790074629355,0.031013572496239362
13,18317,6,10.450000000000001,KF-DPC,-0.029407502791525663,0.9932515460270432,4.715941705471686,4.737566102730166,0.07855070603366487,0.13082705606429437,0.023625240190168918
13,18317,7,11.950000000000001,KF-DPC,-0.027534506157728154,0.9936800013951516,4.563374676449167,4.589568504113767,0.0741939652099835,0.12207323875758973,0.021407944625330966
13,18317,8,13.450000000000001,KF-DPC,-0.025875324416170655,0.9940597001384083,4.423620670683948,4.439488387468993,0.07099050896710923,0.11613639364635209,0.01995394202859705
13,18317,9,14.950000000000001,KF-DPC,-0.024871630983267553,0.9942894627846565,4.3369742734853824,4.3447863054622635,0.06726035214773105,0.11134545533782901,0.016791059636919
13,18317,10,16.45,KF-DPC,-0.023549129848838002,0.9945922870732107,4.220145562777889,4.224617540147628,0.0655725294471801,0.10749075543279128,0.015705245294426524
13,18317,11,17.95,KF-DPC,-0.022544323822316616,0.9948224276769957,4.129094381325447,4.131944925438748,0.06306105032456694,0.1041938859182782,0.014604982249946361
13,18317,12,19.450000000000003,KF-DPC,-0.022470057192822003,0.9948394398066549,4.122322422615741,4.127669178403144,0.06158742620657305,0.10196227630407977,0.012967460143340841
13,18317,13,20.950000000000003,KF-DPC,-0.022524260646602963,0.9948270234856245,4.12721354103021,4.128066742996556,0.060010875985103344,0.09894157194707431,0.012188203254751874
13,18317,14,22.450000000000003,KF-DPC,-0.02152954790085287,0.9950549058317577,4.035061212024822,4.034539767646813,0.05738680583599155,0.09558785179516982,0.012280366936997753
13,18317,15,23.950000000000003,KF-DPC,-0.021539599784512323,0.9950526027482534,4.035936279569553,4.035165137241764,0.05698868956749843,0.09493879915635384,0.01253746205298546
13,18317,16,25.450000000000003,KF-DPC,-0.02154634413820141,0.9950510574876615,4.036635686156567,4.035672908244202,0.05619750392383994,0.09227447953744652,0.013860043381354532
13,18317,17,26.950000000000003,KF-DPC,-0.02100124763374955,0.9951759572771587,3.985259057642186,3.98428434268112,0.054970462820428403,0.09013424826092219,0.01480468740554372
13,18317,18,28.450000000000003,KF-DPC,-0.02063752805339025,0.9952593062844036,3.950697511562543,3.950212641431615,0.054060362013577154,0.08925382366130175,0.015050584024661584
13,18317,19,29.950000000000003,KF-DPC,-0.02084825914250778,0.9952110148604935,3.970734528827657,3.970497770919422,0.05340055984630267,0.08764334286849385,0.014478033953359322
14,19326,0,1.4500000000000002,No Algorithm,-3.8001253076015047,0.4168573556525371,51.27692795947119,51.27192673741334,,,
14,19326,1,2.95,No Algorithm,-3.986229573135616,0.3993714753773904,52.36705393084537,52.35443354263829,,,
14,19326,2,4.45,No Algorithm,-3.9380469207491844,0.40382695841849553,52.079983553531356,52.08687412737687,,,
14,19326,3,5.95,No Algorithm,-4.06002368594496,0.3926427939630044,52.726543522889195,52.722173501921574,,,
14,19326,4,7.45,No Algorithm,-3.861800902818474,0.4109792636791663,51.626668554643715,51.698281119190554,,,
14,19326,5,8.950000000000001,No Algorithm,-3.8736762636471744,0.40985701583431877,51.7512897990071,51.738386462959646,,,
14,19326,6,10.450000000000001,No Algorithm,-3.8798391219761044,0.4092758204719606,51.737488534427655,51.7283945383402,,,
14,19326,7,11.950000000000001,No Algorithm,-3.898313313789938,0.40753852437941607,51.845448928770715,51.832573384862805,,,
14,19326,8,13.450000000000001,No Algorithm,-4.0205874429046755,0.3962244358364309,52.528909624995684,52.52735559522946,,,
14,19326,9,14.950000000000001,No Algorithm,-3.947863876307007,0.4029151637126701,52.16122850155026,52.169205196489436,,,
14,19326,10,16.45,No Algorithm,-3.949342750607024,0.4027779850321302,52.10356005297571,52.093630221874825,,,
14,19326,11,17.95,No Algorithm,-3.91844475711511,0.4056537772663698,52.02908609614615,52.019386718719325,,,
14,19326,12,19.450000000000003,No Algorithm,-4.027388984333977,0.39560438933768793,52.55508420561913,52.568665263697504,,,
14,19326,13,20.950000000000003,No Algorithm,-3.774477160238667,0.4193264756492514,51.1198577155494,51.10980616019216,,,
14,19326,14,22.450000000000003,No Algorithm,-3.8733367047387812,0.4098890623022004,51.65972088304167,51.68507616178409,,,
14,19326,15,23.950000000000003,No Algorithm,-3.929330434925886,0.4046382712074829,52.01113591817831,51.998143743850704,,,
14,19326,16,25.450000000000003,No Algorithm,-3.951937293213063,0.4025374310781521,52.15152944438904,52.140703753521976,,,
14,19326,17,26.950000000000003,No Algorithm,-3.75545004841383,0.42116763995272954,50.99048518860144,50.98443209003165,,,
14,19326,18,28.450000000000003,No Algorithm,-3.9012178725812174,0.407266053992192,51.90858118688204,51.897338788105934,,,
14,19326,19,29.950000000000003,No Algorithm,-3.8457368250208734,0.41250224595322565,51.53790206920662,51.54294708394722,,,
14,19326,0,1.4500000000000002,DPC,-2.6299825732341127,0.5457600510370231,43.70979600530496,43.70994376686865,1.0009352653893049,1.7168656362266634,0.23139252779740063
14,19326,1,2.95,DPC,-2.629088119503674,0.5458724649420369,43.73446765645511,43.81881715499315,1.0082800820122764,1.7164206935119397,0.16296356550452823
14,19326,2,4.45,DPC,-2.558966327517278,0.5547577361802324,43.178562626552555,43.16819473987591,0.9869226022258503,1.730790110879456,0.1355351607911717
14,19326,3,5.95,DPC,-2.6033935700891315,0.5491116312301831,43.51304903174832,43.503149414969066,0.9934414135893169,1.7282269376574448,0.11635480130591389
14,19326,4,7.45,DPC,-2.516698786197783,0.5601832532341189,42.82296325071606,42.84030307700198,0.9714860126242064,1.752117260306003,0.10393343380794738
14,19326,5,8.950000000000001,DPC,-2.497513648691502,0.5626633597671934,42.75223165878107,42.74969159604473,0.9809766204562742,1.7127660386976602,0.09654703347935982
14,19326,6,10.450000000000001,DPC,-2.6642913663156698,0.5414655910393199,44.0126627314641,44.024359561135974,1.0111152874669052,1.7249975651017047,0.08906062138461203
14,19326,7,11.950000000000001,DPC,-2.594577112012928,0.5502274955109528,43.47003763512474,43.48405476279904,0.994750246446624,1.728024129422934,0.08365241969180506
14,19326,8,13.450000000000001,DPC,-2.743794261039457,0.5316435801065422,44.53699208411785,44.52617857907607,1.007933583148006,1.754061417320551,0.07807887704046759
14,19326,9,14.950000000000001,DPC,-2.6380188728169793,0.5447510960374895,43.72963668813279,43.72291492156979,1.0145512270540678,1.7450556742799892,0.07443131372797189
14,19326,10,16.45,DPC,-2.6046452857106805,0.5489533900840928,43.48391212482167,43.47626811429815,0.9966788955039397,1.7174198272921584,0.07005856557542013
14,19326,11,17.95,DPC,-2.5749275115021946,0.5527226334125671,43.30274634329626,43.30832559849562,0.9793356323530341,1.7113922702156423,0.06628084452367569
14,19326,12,19.450000000000003,DPC,-2.619655233011015,0.5470593897714223,43.64869587327222,43.657300406925046,1.026843686881089,1.7431617700044637,0.06370187536922511
14,19326,13,20.950000000000003,DPC,-2.651534012413692,0.5430584788150188,43.88459740652876,43.87470811387218,1.0053988317986813,1.7416755781731776,0.061217220492429086
14,19326,14,22.450000000000003,DPC,-2.596320646298655,0.5500066435317178,43.44061160200767,43.43322372162524,0.9955231055027519,1.7180121102287962,0.060267038158285616
14,19326,15,23.950000000000003,DPC,-2.6523242644863325,0.5429596716544713,43.87635320168142,43.86547030986999,1.020696698681891,1.7298682636922573,0.05883259572543198
14,19326,16,25.450000000000003,DPC,-2.4946904259514833,0.5630292498480309,42.689533176844215,42.67896587840827,1.0079362193812211,1.7351242162543101,0.05727683357307258
14,19326,17,26.950000000000003,DPC,-2.705085576034776,0.5364033017181907,44.25569031469383,44.308668871282165,1.023167926323312,1.759339898704115,0.0557153736896598
14,19326,18,28.450000000000003,DPC,-2.732495207623496,0.5330285597798604,44.49606869657051,44.494109056447705,1.0245321904706497,1.7583626364396916,0.0550631456337527
14,19326,19,29.950000000000003,DPC,-2.588797899165012,0.5509601777433215,43.388222471867806,43.378972422750444,1.0007596771935896,1.7225917670820363,0.05371759487442431
14,19326,0,1.4500000000000002,KF-DPC,-0.11854857394921714,0.9730723733407722,9.467313448291009,9.465946818905019,0.18801279651232453,0.31573131125673226,0.06823737800095389
14,19326,1,2.95,KF-DPC,-0.06893633327780312,0.984252137617314,7.22012742417585,7.22118571859943,0.1358382960329381,0.2262593142611699,0.03747301543754484
14,19326,2,4.45,KF-DPC,-0.04790987175006193,0.9890289699250124,6.0192215009630115,6.066879404785223,0.10945416684725734,0.18487400699930281,0.02902419314038165
14,19326,3,5.95,KF-DPC,-0.0407098994783229,0.9906699963474987,5.548938326733386,5.638729001970052,0.09898481938719732,0.1634792459501376,0.03210457844042121
14,19326,4,7.45,KF-DPC,-0.035219708067107905,0.9919231569224065,5.161068904727669,5.237739883478556,0.0893910931048094,0.1475784101393554,0.026272155020784546
14,19326,5,8.950000000000001,KF-DPC,-0.030686666823094042,0.9929590383823231,4.817231506740924,4.883816521938036,0.08113248851771226,0.1357674510666276,0.024305144261049107
14,19326,6,10.450000000000001,KF-DPC,-0.028812331438840204,0.9933876737927848,4.6677334561229875,4.742701061998025,0.0765375848820416,0.12729186942898757,0.02317177510393918
14,19326,7,11.950000000000001,KF-DPC,-0.026856365196715616,0.9938351743831532,4.506511462965032,4.563171239256622,0.07188528810922672,0.12007804389738723,0.022688127000831178
14,19326,8,13.450000000000001,KF-DPC,-0.025261570207846924,0.9942001926987893,4.3707245912140085,4.417636985557872,0.06874898393764928,0.1155209083103667,0.02097790231166377
14,19326,9,14.950000000000001,KF-DPC,-0.023895699890271932,0.9945129210781584,4.250839779652794,4.277070719198471,0.06406601418991684,0.1095276235288557,0.016292649269085472
14,19326,10,16.45,KF-DPC,-0.023166629780661183,0.9946798885480177,4.185621689318382,4.211132020151532,0.06262590510130003,0.10598852024520321,0.013654994643270978
14,19326,11,17.95,KF-DPC,-0.022544852960472015,0.9948223064692682,4.129101560438936,4.146826036288477,0.0599396980282984,0.10245294466407155,0.010744545338737296
14,19326,12,19.450000000000003,KF-DPC,-0.021992538534471792,0.9949488311372126,4.078246229150936,4.093623892760054,0.0584052446492568,0.09979381742636831,0.008430072306591608
14,19326,13,20.950000000000003,KF-DPC,-0.021295737171438244,0.995108477955247,4.013178621473543,4.025129650791395,0.05763026230923716,0.09682265140110127,0.007391836016081081
14,19326,14,22.450000000000003,KF-DPC,-0.021454085024911522,0.9950721960254914,4.028034337696834,4.03899608470504,0.05648766393857284,0.0953908082815621,0.006459843482521664
14,19326,15,23.950000000000003,KF-DPC,-0.021423834522185943,0.9950791271609921,4.025259546690585,4.03430437747714,0.05681008750371888,0.09451172854344758,0.00551659809936045
14,19326,16,25.450000000000003,KF-DPC,-0.021247959262866538,0.9951194254725156,4.0087268121926085,4.014763295019635,0.055956263761526674,0.0922294336432278,0.005354954376714667
14,19326,17,26.950000000000003,KF-DPC,-0.020551474940722278,0.9952790270069314,3.9423935802589716,3.94743717347001,0.05341718106312117,0.08925147351506771,0.005333942448048191
14,19326,18,28.450000000000003,KF-DPC,-0.020788137288498352,0.995224792227694,3.9650168175387903,3.968062533698213,0.05365025699712841,0.08948258650169688,0.005995464837869324
14,19326,19,29.950000000000003,KF-DPC,-0.020140743389144226,0.9953731594095567,3.902782943176117,3.9069528592001053,0.053459660086451095,0.08741159978038941,0.007027135435348469
15,20335,0,1.4500000000000002,No Algorithm,-3.859993391639565,0.411150346723251,51.616312560724424,51.63260175679557,,,
15,20335,1,2.95,No Algorithm,-3.912068752597694,0.406249766848424,51.93284434343506,51.922273649203355,,,
15,20335,2,4.45,No Algorithm,-4.206752223662367,0.3795987534844398,53.50041857774676,53.49118523234881,,,
15,20335,3,5.95,No Algorithm,-3.8175404888013933,0.41518910736628817,51.398242481272064,51.42042198119457,,,
15,20335,4,7.45,No Algorithm,-4.004687459124785,0.3976777143994763,52.38856960358995,52.37547112033545,,,
15,20335,5,8.950000000000001,No Algorithm,-3.9481286532091637,0.402890599878377,52.098714480205686,52.09490693730326,,,
15,20335,6,10.450000000000001,No Algorithm,-3.851532847053996,0.4119520944992672,51.58124991548305,51.56894555968025,,,
15,20335,7,11.950000000000001,No Algorithm,-3.885291636646111,0.4087623020571881,51.72789868007523,51.72495039612978,,,
15,20335,8,13.450000000000001,No Algorithm,-3.944753525382681,0.40320382877182903,52.08595788267379,52.07849889039147,,,
15,20335,9,14.950000000000001,No Algorithm,-3.796375804281217,0.41721740695733517,51.26469351432819,51.26780524362786,,,
15,20335,10,16.45,No Algorithm,-4.023030618399735,0.3960015977321756,52.542508951245004,52.53238377256646,,,
15,20335,11,17.95,No Algorithm,-3.9412990189435844,0.4035246765819596,52.10696229613806,52.12820168327191,,,
15,20335,12,19.450000000000003,No Algorithm,-3.88121266495531,0.40914639929215574,51.75698133546843,51.756889911560954,,,
15,20335,13,20.950000000000003,No Algorithm,-3.902727529870751,0.4071245082567893,51.877443524787886,51.870268445923195,,,
15,20335,14,22.450000000000003,No Algorithm,-3.6627699536856673,0.43025210584148177,50.53134724469452,50.52053007637476,,,
15,20335,15,23.950000000000003,No Algorithm,-4.065297210313758,0.39216630743312736,52.794316431513245,52.78199149386799,,,
15,20335,16,25.450000000000003,No Algorithm,-3.7871008869789384,0.4181093805204821,51.170288119811424,51.1601680173407,,,
15,20335,17,26.950000000000003,No Algorithm,-3.913961346444535,0.4060727675230891,51.92160633908941,51.911686947605006,,,
15,20335,18,28.450000000000003,No Algorithm,-3.9996887110717387,0.39813570667381537,52.398272057168555,52.38586741610885,,,
15,20335,19,29.950000000000003,No Algorithm,-4.002802831727382,0.3978503246877498,52.4152263906283,52.402191666065384,,,
15,20335,0,1.4500000000000002,DPC,-2.661076484575853,0.5418665614339746,43.96388463274791,43.98204584295514,1.0260086964791986,1.7369285774575234,0.2218553662629141
15,20335,1,2.95,DPC,-2.6418721645142402,0.5442679782387791,43.875196628287526,43.876743248556515,0.9940223702239627,1.7162922034695525,0.16234464961697595
15,20335,2,4.45,DPC,-2.6822436799208,0.5392319690738014,44.114482559167136,44.10396609992595,1.0080212353276645,1.7104992151423954,0.12920320157942913
15,20335,3,5.95,DPC,-2.6668622609370543,0.5411451543106747,44.002628686286634,43.99859459068364,1.0149216859162848,1.7466479858369623,0.11228408024475843
15,20335,4,7.45,DPC,-2.701548205804762,0.5368403853350037,44.264555617406465,44.26923364527892,1.0244579722017688,1.7360482008140394,0.10114928066246855
15,20335,5,8.950000000000001,DPC,-2.5922108225785583,0.550527373204519,43.43377497500371,43.47130338547082,0.9905813986549761,1.7299657017724368,0.09358904725291202
15,20335,6,10.450000000000001,DPC,-2.6648712510144197,0.5413932975465829,43.976611240775355,43.96693184251578,1.0122375472146017,1.723483167538156,0.08615836977423949
15,20335,7,11.950000000000001,DPC,-2.6157949725296046,0.5475458639613557,43.62357660100142,43.62888101468655,1.015655304465795,1.7696886874057691,0.08106775873754271
15,20335,8,13.450000000000001,DPC,-2.537707181209467,0.5574799878174691,43.01769095726086,43.01418401314755,0.9746694724870746,1.7149972096675454,0.07601227396760955
15,20335,9,14.950000000000001,DPC,-2.6327406210426583,0.5454135685194665,43.68810703377348,43.67769228481282,0.9990918319757338,1.7392841626857116,0.07185091970032949
15,20335,10,16.45,DPC,-2.6601801368615745,0.541978409730415,43.97439702501325,43.964968800374066,0.9971146891476684,1.7166563011661773,0.06887158181398838
15,20335,11,17.95,DPC,-2.5981289816054645,0.5497776769122152,43.48069749887888,43.47337942577671,0.9839153384048921,1.714704755306951,0.06631723688123527
15,20335,12,19.450000000000003,DPC,-2.605696042838468,0.5488205891994546,43.521117736151346,43.51935172797209,1.0040873754979867,1.7311615496108916,0.06299990694180688
15,20335,13,20.950000000000003,DPC,-2.5102110475213046,0.5610207122949346,42.819333803395686,42.82174246749733,0.9823876243119134,1.7281798242123187,0.0598725244549969
15,20335,14,22.450000000000003,DPC,-2.600089285418637,0.5495295761127391,43.47030725055591,43.46601636752662,1.002640887308156,1.7442484776447524,0.05813960771264485
15,20335,15,23.950000000000003,DPC,-2.8315752666885414,0.521005698391556,45.216627181379245,45.23335741887203,1.0413749573367503,1.753331669652748,0.05736299474949723
15,20335,16,25.450000000000003,DPC,-2.6156373234575314,0.547565740259052,43.6437892197686,43.6705723804691,0.9813332515493332,1.7028245224373273,0.055178220705172705
15,20335,17,26.950000000000003,DPC,-2.5360460415025123,0.5576932599883888,43.00342851923324,43.02504837489524,1.002961361613141,1.732334283590713,0.05423242351551378
15,20335,18,28.450000000000003,DPC,-2.5497077461175577,0.5559416675187046,43.100677709969744,43.097677286664656,0.9948473221514735,1.721199184873357,0.05241197701908976
15,20335,19,29.950000000000003,DPC,-2.560326814578739,0.5545839779241039,43.187187878634816,43.18192050699399,1.0066997370598363,1.7375827733264588,0.05176343171065205
15,20335,0,1.4500000000000002,KF-DPC,-0.10834842007680559,0.9753604873603344,9.050867685113383,9.151873104356433,0.18235194006376976,0.31714297619919846,0.06564017231467717
15,20335,1,2.95,KF-DPC,-0.06311912265701786,0.9855713895428505,6.909433506031106,6.914230526503388,0.1324277523252873,0.2286251763784422,0.029982742200234187
15,20335,2,4.45,KF-DPC,-0.04329948606120962,0.9900794613209903,5.722508555827312,5.727513887384633,0.10469091849955853,0.18470510616869987,0.02062974553865188
15,20335,3,5.95,KF-DPC,-0.037612933913356614,0.991376697716654,5.333264462526728,5.3321951231046505,0.09439138251995872,0.1606295806200489,0.020267955397639464
15,20335,4,7.45,KF-DPC,-0.03160825569547664,0.9927483511754379,4.889081218495882,4.887971181111022,0.08416627291291545,0.1455533504696567,0.014602295716658243
15,20335,5,8.950000000000001,KF-DPC,-0.02895663431531518,0.9933546670834524,4.67949435982982,4.679451274729612,0.07757380712772187,0.13391717837974293,0.012365078058022089
15,20335,6,10.450000000000001,KF-DPC,-0.027116669074364903,0.9937756084877247,4.5286067090804085,4.527916924125383,0.07463502701893608,0.12627752993203478,0.010863671126131017
15,20335,7,11.950000000000001,KF-DPC,-0.02540155250506196,0.994168148040197,4.383042975192096,4.383040170543971,0.07148574280996761,0.11938388960253576,0.014359557321025592
15,20335,8,13.450000000000001,KF-DPC,-0.02402947150825507,0.9944822885098881,4.262836452462327,4.26270473983792,0.06839683696470039,0.11308190106098448,0.01700107350135061
15,20335,9,14.950000000000001,KF-DPC,-0.023454674573167925,0.9946139188263603,4.211540876414442,4.210892392982247,0.0657088208558256,0.10910957162393979,0.016606677296837218
15,20335,10,16.45,KF-DPC,-0.022490994996603883,0.994834643590345,4.124057839071172,4.123247825747088,0.06308363219233122,0.10408415412908349,0.0163780472095904
15,20335,11,17.95,KF-DPC,-0.021549120974162367,0.9950504212620609,4.03693682672731,4.036075086786162,0.06196860778369022,0.10083670898526871,0.015965144636986818
15,20335,12,19.450000000000003,KF-DPC,-0.02082100526664829,0.9952172602639441,3.96809559261651,3.9674623249949588,0.059072698364295115,0.0982829654404486,0.014606502507626656
15,20335,13,20.950000000000003,KF-DPC,-0.02065411405967518,0.9952555053276161,3.952113773050745,3.9515430080826577,0.05771006457045203,0.09593944685052432,0.012387165001701722
15,20335,14,22.450000000000003,KF-DPC,-0.020749704155088245,0.9952335995642025,3.961325614443124,3.961762371856715,0.05638946922103414,0.09470069137104613,0.009227558012966696
15,20335,15,23.950000000000003,KF-DPC,-0.020295036946643554,0.9953377970128207,3.917623353038223,3.9167038759265647,0.055827824446538325,0.09318477380129092,0.00607201611932851
15,20335,16,25.450000000000003,KF-DPC,-0.020324146265960553,0.9953311256159071,3.9204513526057894,3.920861955682411,0.054746759603978186,0.09207335383273824,0.003846377022171327
15,20335,17,26.950000000000003,KF-DPC,-0.02000536168267408,0.9954041884515736,3.8895578985777175,3.8913780811209997,0.05428971129753637,0.08986050542105856,0.0031187140338670045
15,20335,18,28.450000000000003,KF-DPC,-0.019347111304454195,0.9955550710597686,3.8249963081444074,3.824958738270181,0.05177534762293808,0.08734519116576694,0.002360197373554045
15,20335,19,29.950000000000003,KF-DPC,-0.019589715351877063,0.9954994592678049,3.848940024237843,3.849226391602505,0.05143149615849617,0.0863134808245405,0.001971151293075961
16,21344,0,1.4500000000000002,No Algorithm,-4.011290462497474,0.3970735455166732,52.47374719833662,52.46645695797343,,,
16,21344,1,2.95,No Algorithm,-3.9958834025429617,0.39848470791493246,52.36583103979847,52.35276238301919,,,
16,21344,2,4.45,No Algorithm,-3.9821342058463296,0.3997482575733893,52.26187800585992,52.25919579138661,,,
16,21344,3,5.95,No Algorithm,-3.8817643704600435,0.4090944267267519,51.76001720724343,51.7501778222876,,,
16,21344,4,7.45,No Algorithm,-3.8923442955689143,0.40809903745347065,51.790745041876704,51.782652315117474,,,
16,21344,5,8.950000000000001,No Algorithm,-3.923270404819645,0.405203286839877,51.97370373890448,51.97264161667516,,,
16,21344,6,10.450000000000001,No Algorithm,-3.9195578999891065,0.4055498172192998,51.93917954477329,51.926251376345846,,,
16,21344,7,11.950000000000001,No Algorithm,-3.897267655658963,0.4076366599292609,51.83958915057066,51.8267978442784,,,
16,21344,8,13.450000000000001,No Algorithm,-3.745221770655223,0.4221607210405983,51.04084604777301,51.04586167852424,,,
16,21344,9,14.950000000000001,No Algorithm,-4.035098448967604,0.3949027473106568,52.520078009643335,52.507852626301634,,,
16,21344,10,16.45,No Algorithm,-3.931328637774863,0.4044521386636755,52.05038811469125,52.0429930818876,,,
16,21344,11,17.95,No Algorithm,-3.809252455750202,0.4159822066938721,51.33551284096657,51.32297174801363,,,
16,21344,12,19.450000000000003,No Algorithm,-3.879895544413153,0.40927050329889614,51.701948957582076,51.709042995641695,,,
16,21344,13,20.950000000000003,No Algorithm,-3.98052296098884,0.39989659282653356,52.296320859224416,52.33626269275765,,,
16,21344,14,22.450000000000003,No Algorithm,-3.877320885413311,0.4095132059893682,51.66528246827124,51.654501046059515,,,
16,21344,15,23.950000000000003,No Algorithm,-3.843078136477272,0.41275485122599553,51.53769971952941,51.52499451980019,,,
16,21344,16,25.450000000000003,No Algorithm,-4.025874025199759,0.39574241297191454,52.592701479874606,52.580453740316436,,,
16,21344,17,26.950000000000003,No Algorithm,-4.014286188603382,0.3967997420334266,52.46228963557508,52.4623867746677,,,
16,21344,18,28.450000000000003,No Algorithm,-3.757158512646283,0.4210019900617066,51.04432697509142,51.04242479608093,,,
16,21344,19,29.950000000000003,No Algorithm,-3.787393116581421,0.41808124757556353,51.20032337972303,51.18755929751127,,,
16,21344,0,1.4500000000000002,DPC,-2.678542333181385,0.5396917343547851,44.081646086591434,44.070640629175244,1.0243745653931806,1.7402618300765942,0.2202305775288768
16,21344,1,2.95,DPC,-2.650857606580408,0.5431430657819292,43.952724657249746,43.943579532632704,1.005632059450561,1.7314958009794144,0.1638367341106177
16,21344,2,4.45,DPC,-2.5351959722407784,0.5578024311424228,43.04242776426223,43.031772511928665,0.9919415934105478,1.7241912186641093,0.13773724111319988
16,21344,3,5.95,DPC,-2.509100231141281,0.5611642256776348,42.78116581562678,42.770502617014294,0.9617402676353537,1.7085201067415106,0.119680263079969
16,21344,4,7.45,DPC,-2.485508590225265,0.5642208631352997,42.6208261126476,42.61515767084833,0.974018563093005,1.6939825427243242,0.10350999676911787
16,21344,5,8.950000000000001,DPC,-2.544815234349822,0.5565683123207057,43.11207303232683,43.10148991326004,0.9698268015011969,1.698194474976962,0.0950058858188558
16,21344,6,10.450000000000001,DPC,-2.5328804318655185,0.5580999155665993,42.97254164424882,42.99884632960707,0.9780236630065107,1.686676154391009,0.08742812822446365
16,21344,7,11.950000000000001,DPC,-2.634131337827514,0.5452389417624232,43.74159034253146,43.73099281689919,0.9976960503695161,1.7330916769778146,0.08525182114600031
16,21344,8,13.450000000000001,DPC,-2.4893781164246813,0.5637183711268291,42.690945343128675,42.682333217569415,0.989153511226392,1.731977723453059,0.07698389042428937
16,21344,9,14.950000000000001,DPC,-2.6138157522448284,0.5477954551731254,43.606594768429666,43.59763712255604,0.9973333071056912,1.7242826294728941,0.07229778709334941
16,21344,10,16.45,DPC,-2.71994582817573,0.5345710273396584,44.42758989692751,44.44297755584531,1.0174528771244764,1.7356007678879162,0.06826038361991169
16,21344,11,17.95,DPC,-2.6191879076484996,0.5471182596152114,43.66706004756788,43.656310830890995,0.9843389110977633,1.7014412659787506,0.06655545300481665
16,21344,12,19.450000000000003,DPC,-2.642536269354816,0.5441847574336331,43.804806678491374,43.805371685250286,1.0054226802555724,1.732372907916295,0.06349339318091973
16,21344,13,20.950000000000003,DPC,-2.5772055130986256,0.5524327902454789,43.282210033039675,43.28447168279875,0.9815479889979205,1.7361415329800451,0.06022125638662688
16,21344,14,22.450000000000003,DPC,-2.6726264645692,0.5404273920842447,44.03540313195515,44.02662190102393,1.0206753696657016,1.743918592516006,0.06059193943464817
16,21344,15,23.950000000000003,DPC,-2.5875048031758476,0.5511242485524405,43.40209520988262,43.39152346284301,0.9661169398062293,1.7036109621417754,0.05973460202285589
16,21344,16,25.450000000000003,DPC,-2.6801481508720766,0.539492218503735,44.07619623473545,44.06800830557553,1.0165256768018733,1.7308561775669138,0.05791992445488512
16,21344,17,26.950000000000003,DPC,-2.7064063214745504,0.5362401993693607,44.26444618612958,44.261954667443554,1.0222261364322602,1.7587725124366933,0.05521874020016567
16,21344,18,28.450000000000003,DPC,-2.71777754660097,0.5348379867312174,44.34682687864512,44.343236467835005,1.028660430648435,1.7632308715874965,0.05338868033487852
16,21344,19,29.950000000000003,DPC,-2.7376348616519635,0.5323981207437157,44.48628966311978,44.53346086070789,1.029551050015017,1.7530725513691914,0.0521998456863541
16,21344,0,1.4500000000000002,KF-DPC,-0.11675442332835936,0.9734744505359063,9.397557898608467,9.396303832164218,0.1859207222352341,0.31688826465341813,0.06620190841228456
16,21344,1,2.95,KF-DPC,-0.06826677553887983,0.9844038928125521,7.1854293648242376,7.228400124153126,0.1377744776920298,0.2308584726816132,0.03434054047026801
16,21344,2,4.45,KF-DPC,-0.051337627494523655,0.988248667076461,6.230563815658009,6.2421211553497695,0.11344097985115136,0.1870896937060248,0.0457157191294215
16,21344,3,5.95,KF-DPC,-0.04264145572014763,0.9902294866407033,5.678624294006236,5.7003932266637705,0.09997469073250972,0.1634061558606855,0.04570821643691367
16,21344,4,7.45,KF-DPC,-0.03744051767698751,0.9914160564557556,5.321284021000471,5.319990256687935,0.09194232446584337,0.14887130821809075,0.04071851921616225
16,21344,5,8.950000000000001,KF-DPC,-0.031782460416854404,0.992708530733631,4.902779463147141,4.91844366592651,0.08278670225944447,0.1357830680303313,0.030517157250466543
16,21344,6,10.450000000000001,KF-DPC,-0.028408161424934644,0.9934801263128236,4.635233442329166,4.657285797499384,0.07540946443130245,0.12771536283262572,0.02521594887772094
16,21344,7,11.950000000000001,KF-DPC,-0.0265180206088265,0.9939126038383425,4.478278763690491,4.509913602230111,0.07145001545796142,0.12020584407347897,0.025342434098831877
16,21344,8,13.450000000000001,KF-DPC,-0.02488418960971757,0.9942865875715436,4.338106341204318,4.351776031913021,0.0675632371472041,0.11438069840086205,0.022572157740762506
16,21344,9,14.950000000000001,KF-DPC,-0.024430455880777042,0.9943904721354442,4.298336319895187,4.30306128825891,0.06433835898983481,0.10872728960447667,0.02001601325582995
16,21344,10,16.45,KF-DPC,-0.02287566719937867,0.9947465309611954,4.159366226780751,4.162213105234421,0.06119488648839581,0.1045215885458497,0.016547883574685333
16,21344,11,17.95,KF-DPC,-0.023139607251783094,0.9946860776318663,4.183281154097271,4.185162198049653,0.06166947125694984,0.10287205119385405,0.01377976273597266
16,21344,12,19.450000000000003,KF-DPC,-0.021467775336062714,0.9950690592537668,4.029249189097309,4.031791071697442,0.057345218202487246,0.10015582109924388,0.01199810613646703
16,21344,13,20.950000000000003,KF-DPC,-0.021398967565647235,0.9950848248295743,4.022758964876422,4.027025006829896,0.05632394224555658,0.09642547846052409,0.009897756030189466
16,21344,14,22.450000000000003,KF-DPC,-0.021111004803561203,0.9951508069883872,3.9955600660945736,3.9957601759808696,0.05546419468328276,0.09508394971378492,0.007577986206179257
16,21344,15,23.950000000000003,KF-DPC,-0.020735341717370938,0.995236890880307,3.959926503122177,3.962773841595329,0.05441060066761467,0.09270199014443226,0.007803915030945458
16,21344,16,25.450000000000003,KF-DPC,-0.02056548206712645,0.9952758169784282,3.943559929506857,3.9498946531954493,0.054333486569012844,0.09113917530503181,0.009422722302070393
16,21344,17,26.950000000000003,KF-DPC,-0.019813657492084927,0.9954481280763863,3.870788286473419,3.8767863089370502,0.05213849684634772,0.0889479898434566,0.010189425918387349
16,21344,18,28.450000000000003,KF-DPC,-0.019570531896921924,0.9955038565516775,3.847091918383178,3.8513611108114096,0.051979197563368496,0.08773860795069019,0.010172385455321283
16,21344,19,29.950000000000003,KF-DPC,-0.019254546852870882,0.9955762903004184,3.81593886639268,3.8222820430280553,0.051839659391444616,0.08661963241450062,0.010535796653652556
17,22353,0,1.4500000000000002,No Algorithm,-3.8658080996871136,0.4106002316301127,51.698929008055906,51.686538895957305,,,
17,22353,1,2.95,No Algorithm,-3.972765332326309,0.4006115504790774,52.24354094911984,52.236525228111255,,,
17,22353,2,4.45,No Algorithm,-3.841450876147175,0.4129095355407665,51.48211253391537,51.47058748303241,,,
17,22353,3,5.95,No Algorithm,-4.0267757713228685,0.39566025163763513,52.55366750061544,52.58357421211665,,,
17,22353,4,7.45,No Algorithm,-3.8194019780490773,0.41501118559206557,51.444020548440214,51.4425058676223,,,
17,22353,5,8.950000000000001,No Algorithm,-3.8851628878618403,0.40877442020092075,51.741800913956794,51.72900611042868,,,
17,22353,6,10.450000000000001,No Algorithm,-4.027247455412429,0.39561728159794557,52.56013345769992,52.55517278190587,,,
17,22353,7,11.950000000000001,No Algorithm,-3.8888290857074814,0.40842948938097257,51.785698442269016,51.78396081072248,,,
17,22353,8,13.450000000000001,No Algorithm,-3.9210276029891555,0.4054125976675468,52.00713694964774,51.99696099167086,,,
17,22353,9,14.950000000000001,No Algorithm,-3.770386837482591,0.4197215966227809,51.19036210862673,51.177741300024664,,,
17,22353,10,16.45,No Algorithm,-4.033004283206865,0.3950932151305978,52.62864814561198,52.61861616075355,,,
17,22353,11,17.95,No Algorithm,-3.977196186380612,0.4002030382359768,52.28570514935522,52.273245360426216,,,
17,22353,12,19.450000000000003,No Algorithm,-3.9198638657291953,0.4055212467482727,51.90981465989108,51.89810792159188,,,
17,22353,13,20.950000000000003,No Algorithm,-3.803233458365534,0.4165591266773046,51.34329290388331,51.34903465306612,,,
17,22353,14,22.450000000000003,No Algorithm,-4.009245049277101,0.39726060079850795,52.43366763277866,52.4577085003501,,,
17,22353,15,23.950000000000003,No Algorithm,-3.794716293307056,0.4173768630857191,51.280908346912256,51.27110150676598,,,
17,22353,16,25.450000000000003,No Algorithm,-3.9238771891361597,0.405146676904847,52.013532956798336,52.00066657692826,,,
17,22353,17,26.950000000000003,No Algorithm,-3.78452516065673,0.4183574275947531,51.21950674799549,51.213570876072225,,,
17,22353,18,28.450000000000003,No Algorithm,-3.8658008240532027,0.4106009194996565,51.66911065345221,51.67102195542132,,,
17,22353,19,29.950000000000003,No Algorithm,-3.8650609431138316,0.410670877025269,51.681661936392345,51.672961700617584,,,
17,22353,0,1.4500000000000002,DPC,-2.6589920055716423,0.5421267030258263,43.92366617195975,43.916752217489254,1.006449327982565,1.742396442960874,0.22505331121464267
17,22353,1,2.95,DPC,-2.5713592829351133,0.5531769452230156,43.2952805127405,43.28545707250453,1.0048059942630687,1.7305363886627927,0.16219667068198312
17,22353,2,4.45,DPC,-2.5461655249645077,0.5563952932792898,43.090579274155075,43.081637315591045,0.9963602027337787,1.7402043997211503,0.13126495781098774
17,22353,3,5.95,DPC,-2.5451679498170314,0.5565231120501591,43.119680716732745,43.11755155915195,0.9922409383575705,1.726766355612497,0.11702196774222538
17,22353,4,7.45,DPC,-2.462344295310605,0.5672383309378265,42.492972288027836,42.483860170909786,0.9842243642679562,1.7217753337441202,0.10343000642220043
17,22353,5,8.950000000000001,DPC,-2.664475646833778,0.5414426159735825,43.923827564730814,43.94370874814138,0.9972456317745549,1.7203042588648272,0.09659478595258232
17,22353,6,10.450000000000001,DPC,-2.6861074271853957,0.538752448927315,44.10984213600797,44.12596687995791,1.009552043532422,1.7284298035167776,0.08797603781883571
17,22353,7,11.950000000000001,DPC,-2.6957412095881943,0.5375586802523213,44.21388253344961,44.204742838795276,0.9968048243820172,1.7604963821764845,0.08236746112366666
17,22353,8,13.450000000000001,DPC,-2.670077839909743,0.540744630929626,44.02991271547756,44.01990262956848,1.0193531176546404,1.730929826369221,0.07829005715930626
17,22353,9,14.950000000000001,DPC,-2.6091387141636497,0.5483857091099534,43.58952831158443,43.58383384278933,0.9955276319082742,1.7248077722331125,0.07405665073578226
17,22353,10,16.45,DPC,-2.599412853642008,0.5496151743031116,43.470476680317844,43.459618103477965,0.9887486428322599,1.7634638021975406,0.07132449565244217
17,22353,11,17.95,DPC,-2.80127608934977,0.524653278500074,44.9413816220881,44.93999465375332,1.0216039513086776,1.7506402030016726,0.07064491871686972
17,22353,12,19.450000000000003,DPC,-2.61086924393322,0.5481672378223202,43.490652471690105,43.500842103645,1.0092146335941927,1.7405232262097214,0.06661795477538898
17,22353,13,20.950000000000003,DPC,-2.5935178797086222,0.5503617108514588,43.39998717008987,43.398209302535115,0.9956420775998372,1.7321512779719657,0.06437499725530173
17,22353,14,22.450000000000003,DPC,-2.707223819841544,0.5361392691827845,44.334359677500906,44.323323776189184,1.0162067026363706,1.761332794537473,0.0620696731779862
17,22353,15,23.950000000000003,DPC,-2.7280937880374783,0.5335690390347926,44.455328312735304,44.46992138385569,1.0371609844851712,1.7422107768382633,0.0602865066994879
17,22353,16,25.450000000000003,DPC,-2.639156656000285,0.544608398517945,43.73556453798785,43.7304275099739,0.9903595186505527,1.7140611092720004,0.058753421141464306
17,22353,17,26.950000000000003,DPC,-2.5391072061168534,0.5573003032687006,42.98262555151954,42.97231504615166,0.9883297234691778,1.7229741197010768,0.057586484942724475
17,22353,18,28.450000000000003,DPC,-2.703043177336124,0.5366556206167129,44.26306839036851,44.25252182873786,1.0162186824203394,1.7697015198776325,0.05621312252341717
17,22353,19,29.950000000000003,DPC,-2.6759860084197955,0.5400094988018087,44.11548256965691,44.1046039236942,0.9984331573146744,1.715766754245315,0.05455096650489693
17,22353,0,1.4500000000000002,KF-DPC,-0.12165634271672097,0.9723763013638115,9.591054018890663,9.70386452346062,0.19118221411977745,0.32133959032826176,0.05718079149741144
17,22353,1,2.95,KF-DPC,-0.0648604796182855,0.9851762918279497,7.004170838311829,7.010106010659953,0.13175999559081222,0.22703979610744046,0.020874633494493654
17,22353,2,4.45,KF-DPC,-0.05066401606307616,0.9884019610407975,6.190061282252169,6.209229513100425,0.11238723942783943,0.19022494828759098,0.025852723858855346
17,22353,3,5.95,KF-DPC,-0.03985079544369211,0.9908659861220285,5.490160411582846,5.511192802750203,0.09652845238845052,0.16396609648962598,0.024209354066265485
17,22353,4,7.45,KF-DPC,-0.03455099997443319,0.9920759007723058,5.112021004574833,5.124472434506847,0.08666962474677586,0.14741794099760883,0.018051467291038046
17,22353,5,8.950000000000001,KF-DPC,-0.032020648055926464,0.9926540873945718,4.9212644904388245,4.921777463643208,0.0803308605735453,0.13785387499393378,0.011991012451925616
17,22353,6,10.450000000000001,KF-DPC,-0.029693225280247298,0.9931862021232478,4.739029009420947,4.738321083728588,0.07532543704472354,0.12857528904141258,0.00896253666703666
17,22353,7,11.950000000000001,KF-DPC,-0.028357335071442866,0.9934917532778597,4.63128783593646,4.630189014887584,0.0716163648353556,0.12219584973440928,0.007630814599548737
17,22353,8,13.450000000000001,KF-DPC,-0.02596657892966789,0.994038813047948,4.431658160453965,4.431167827025542,0.0671457995918806,0.11527634725974835,0.010770978337471945
17,22353,9,14.950000000000001,KF-DPC,-0.02489176864396784,0.9942848524066175,4.339047929921795,4.3421049124169295,0.0638039170353846,0.10964904947142992,0.015438992904353245
17,22353,10,16.45,KF-DPC,-0.024465689772602495,0.9943824047743183,4.301655822922692,4.3082535253998575,0.06321085479990582,0.10608910860719929,0.017682983845620857
17,22353,11,17.95,KF-DPC,-0.02335014758252291,0.9946378577100545,4.2024250769193445,4.211314177085555,0.06092669952030423,0.1025615340156476,0.020042140935917743
17,22353,12,19.450000000000003,KF-DPC,-0.022635059143385827,0.9948016434871867,4.137474879312235,4.1502393201878895,0.05812931969462487,0.09991732085313983,0.021359220192932724
17,22353,13,20.950000000000003,KF-DPC,-0.022392499395670812,0.994857206148997,4.115384828437705,4.1265920729846375,0.057755414056884405,0.0971234420825185,0.0209757481902937
17,22353,14,22.450000000000003,KF-DPC,-0.021574431876227783,0.9950446220747765,4.039493017457173,4.0499320514371675,0.05574537581039691,0.09372301304274772,0.021231611048655927
17,22353,15,23.950000000000003,KF-DPC,-0.0213589251163911,0.9950939996680664,4.019154109808145,4.0282115309881705,0.05557467215835473,0.09339074453293908,0.020545961814878846
17,22353,16,25.450000000000003,KF-DPC,-0.020297832835127164,0.9953371562373321,3.9180121660988565,3.9254669346341915,0.05327915083628418,0.09056553648260074,0.01931616454596291
17,22353,17,26.950000000000003,KF-DPC,-0.020585077847691584,0.9952713262093017,3.9456443881771195,3.952530512741428,0.05263281500838296,0.08780168768079366,0.018101779082792778
17,22353,18,28.450000000000003,KF-DPC,-0.02065225636562152,0.9952559310481137,3.9521176285385407,3.9551233442451115,0.05216434252445449,0.08819792366489257,0.017354932443816723
17,22353,19,29.950000000000003,KF-DPC,-0.01986497175071412,0.9954363663840202,3.8760062023551276,3.88070507968233,0.05097768646895656,0.08593594390494823,0.017522794693602243
18,23362,0,1.4500000000000002,No Algorithm,-4.003629751674359,0.3977745790671336,52.381377949475244,52.375323811551155,,,
18,23362,1,2.95,No Algorithm,-4.050231746092516,0.39352907558986705,52.71762803014415,52.74234601776366,,,
18,23362,2,4.45,No Algorithm,-3.902116946608705,0.407181750726106,51.83464424368755,51.82963592855585,,,
18,23362,3,5.95,No Algorithm,-3.943509990682588,0.4033192964472862,52.09411550442103,52.089624263316324,,,
18,23362,4,7.45,No Algorithm,-3.984490854791936,0.3995313976328471,52.323053383043195,52.35318184637161,,,
18,23362,5,8.950000000000001,No Algorithm,-3.816746423690767,0.41526502758634415,51.41226627688609,51.41473311411585,,,
18,23362,6,10.450000000000001,No Algorithm,-3.910219417732371,0.40642279502891976,51.87027237994472,51.87196766191677,,,
18,23362,7,11.950000000000001,No Algorithm,-3.9123788266655612,0.406220762790977,51.91752763512362,51.91548801721887,,,
18,23362,8,13.450000000000001,No Algorithm,-3.84148249088845,0.41290652975064795,51.55573235900407,51.54683431247636,,,
18,23362,9,14.950000000000001,No Algorithm,-3.8016798098675073,0.41670817352564754,51.29735868849849,51.29180623395993,,,
18,23362,10,16.45,No Algorithm,-3.9197806542587825,0.4055290166702735,51.924384295381806,51.91162732824722,,,
18,23362,11,17.95,No Algorithm,-3.929532758922869,0.40461942083548463,52.02899577139392,52.01657077779765,,,
18,23362,12,19.450000000000003,No Algorithm,-3.7811928292585044,0.41867855545466603,51.13331460016827,51.12666562568239,,,
18,23362,13,20.950000000000003,No Algorithm,-4.076718080465785,0.39113636193602797,52.79581114924953,52.78682125109276,,,
18,23362,14,22.450000000000003,No Algorithm,-3.9022543243642156,0.40716887079494923,51.902339090761046,51.889845271652945,,,
18,23362,15,23.950000000000003,No Algorithm,-3.839441901316338,0.4131005848841852,51.5229295358954,51.518519051848486,,,
18,23362,16,25.450000000000003,No Algorithm,-3.8750418090727767,0.40972816538462165,51.75199020040258,51.745256692707315,,,
18,23362,17,26.950000000000003,No Algorithm,-4.021481085377595,0.3961429136038649,52.52887931038104,52.5160195087513,,,
18,23362,18,28.450000000000003,No Algorithm,-4.034020580560026,0.3950007697444173,52.56605969604475,52.56068268222433,,,
18,23362,19,29.950000000000003,No Algorithm,-3.9105945316368063,0.406387692520361,51.93229998161092,51.91935050696146,,,
18,23362,0,1.4500000000000002,DPC,-2.5891565120457356,0.5509146848191766,43.37112128937005,43.369116698898736,1.0261753461199525,1.7627528071055714,0.2249375191110797
18,23362,1,2.95,DPC,-2.7161171038355096,0.5350425110096466,44.371670863575716,44.40099739543214,1.0256399523273088,1.755516110503178,0.1609225450427617
18,23362,2,4.45,DPC,-2.591125438804425,0.5506649775666869,43.451651502708714,43.44247847283471,1.0077688688504847,1.7479484354587405,0.1363600337113053
18,23362,3,5.95,DPC,-2.649618253590913,0.5432980854904115,43.848460951186546,43.84877863519234,1.02036089587843,1.7409435468363608,0.11654602039090016
18,23362,4,7.45,DPC,-2.61360263484198,0.5478223373035842,43.57813646790891,43.576709355687,0.9995509483987355,1.7202250282629985,0.10701676239951276
18,23362,5,8.950000000000001,DPC,-2.5508455380176693,0.5557960375140293,43.08859215438443,43.08048150013958,0.9840747938250305,1.737369575260931,0.09582172623618167
18,23362,6,10.450000000000001,DPC,-2.6130292708321323,0.5478946666469571,43.63817947892048,43.634877011746426,0.9987579463371786,1.7296350859874632,0.0877768789648552
18,23362,7,11.950000000000001,DPC,-2.556731508088181,0.555043280312464,43.15103112052539,43.192124091888765,0.9943525414464096,1.71411755673463,0.0838216404955622
18,23362,8,13.450000000000001,DPC,-2.5231031501164383,0.5593577825898066,42.87621029693777,42.86631852825497,0.992740649935007,1.7270811420009577,0.07809987838575361
18,23362,9,14.950000000000001,DPC,-2.6995019127852276,0.5370933914451181,44.20027738342301,44.196667565453005,1.017227204288098,1.7549791012626823,0.07331847003861248
18,23362,10,16.45,DPC,-2.716734642692305,0.5349664368101325,44.37583060767469,44.38326296993001,1.0207714891041129,1.730868932102557,0.06987194414630436
18,23362,11,17.95,DPC,-2.476056053022288,0.56545024255216,42.52751807208361,42.52643365085744,0.9710737346622919,1.72783229569144,0.0677567022399957
18,23362,12,19.450000000000003,DPC,-2.6229715517718226,0.5466418088696767,43.65279812607251,43.65049604044714,1.0043180791399822,1.7392463824939017,0.0653122700420049
18,23362,13,20.950000000000003,DPC,-2.633351686982314,0.5453368325205747,43.70971115324557,43.69908105360022,1.002894906039953,1.7343695495030576,0.06264798295945122
18,23362,14,22.450000000000003,DPC,-2.749947185289654,0.5308909003753344,44.633857623905065,44.6403424478149,1.0188025595143106,1.7415001838954778,0.05995213659828531
18,23362,15,23.950000000000003,DPC,-2.5531495042584194,0.5555012615604834,43.2039565228676,43.20134593638672,1.0027969708503146,1.7257852747113511,0.05909912785520901
18,23362,16,25.450000000000003,DPC,-2.678322298430438,0.5397190784610556,44.04906670953963,44.04113552695015,1.0283187917917194,1.7713146201493308,0.057956217331098674
18,23362,17,26.950000000000003,DPC,-2.614148786859021,0.5477534496075637,43.60265532989408,43.60074930114092,0.9899173037656946,1.7368362270939093,0.056730502235628616
18,23362,18,28.450000000000003,DPC,-2.663393359216915,0.541577563500184,44.010612735320734,44.07470165990347,1.015382507387842,1.733306853631553,0.05576469431905615
18,23362,19,29.950000000000003,DPC,-2.593028280164376,0.5504237590798243,43.43433849313969,43.43318129900242,0.9990476817028694,1.745964117120034,0.05418188138902563
18,23362,0,1.4500000000000002,KF-DPC,-0.12042178446842368,0.9726527556764306,9.543362036087228,9.597940987096408,0.1909117055963403,0.31935162526364647,0.05913521420113545
18,23362,1,2.95,KF-DPC,-0.06469601332575962,0.9852136009274153,6.994546275561747,7.035753323486609,0.13297237851142357,0.22306133759368607,0.03355984506397817
18,23362,2,4.45,KF-DPC,-0.04758198000629632,0.9891036442967804,5.998366993362176,6.007606165706899,0.1094829394758571,0.18714419396246018,0.011126965119432366
18,23362,3,5.95,KF-DPC,-0.03853323740265847,0.9911666396085923,5.398301795362905,5.39851911398344,0.0941863839822022,0.1635014511955456,0.018580512273873143
18,23362,4,7.45,KF-DPC,-0.03471229664713178,0.9920390558256107,5.123739052223665,5.144759557295345,0.0871295135132935,0.1486739512224959,0.022637256306889068
18,23362,5,8.950000000000001,KF-DPC,-0.03146260196729643,0.9927816465382164,4.878081489491516,4.911272137788797,0.08060456573274978,0.1354006919136861,0.02247585009628248
18,23362,6,10.450000000000001,KF-DPC,-0.02853514080008789,0.9934510792844299,4.645492579219064,4.6598801152472,0.0753910124473153,0.12812808599122363,0.016061214993713848
18,23362,7,11.950000000000001,KF-DPC,-0.02764606480382399,0.9936544767393078,4.572694631084504,4.573171029855479,0.07146967377013973,0.12081922980063829,0.009586629878673557
18,23362,8,13.450000000000001,KF-DPC,-0.025861380692179095,0.9940628917323425,4.422406167495202,4.42171106329969,0.06814681520718507,0.11561031547579444,0.00765573693623785
18,23362,9,14.950000000000001,KF-DPC,-0.025309593435535307,0.994189199135611,4.374944428755797,4.3739104578947705,0.0658468771042591,0.11079701945588263,0.005563596984563038
18,23362,10,16.45,KF-DPC,-0.023988945116549545,0.9944915686109467,4.259367075854371,4.258303877686253,0.0635676222430256,0.10641992478070618,0.003454300510099822
18,23362,11,17.95,KF-DPC,-0.024036859059546292,0.9944805968506633,4.263638581579282,4.26281166430253,0.06179720643156965,0.10346118678911456,0.0047146406524199175
18,23362,12,19.450000000000003,KF-DPC,-0.023498279936178333,0.99460393244959,4.21545659453701,4.214674850298316,0.06031928584109668,0.10049769471541742,0.005959076162580411
18,23362,13,20.950000000000003,KF-DPC,-0.02309868606856504,0.9946954500564972,4.179491417870614,4.1785019726744,0.05916136111984635,0.09730997105087577,0.007683656168335709
18,23362,14,22.450000000000003,KF-DPC,-0.02263042691531946,0.9948027045530632,4.137008977768915,4.136328296770283,0.05749392493709517,0.09424765054146703,0.00905917790188774
18,23362,15,23.950000000000003,KF-DPC,-0.021892869156137185,0.9949716651987838,4.068919535658761,4.068678447285525,0.05677296338582308,0.09225262785474689,0.010839044116161375
18,23362,16,25.450000000000003,KF-DPC,-0.022215799540039046,0.9948976843747747,4.098834511560933,4.100041446137776,0.05706260949552577,0.09283207848821519,0.012373125973966408
18,23362,17,26.950000000000003,KF-DPC,-0.021823306738843088,0.9949876021243858,4.062514638421835,4.0652477602222605,0.05517879093968746,0.08912228269895003,0.012869583291261168
18,23362,18,28.450000000000003,KF-DPC,-0.022030019038678544,0.994940244561861,4.081787330596455,4.084876397731896,0.05539067234632184,0.0888102142268677,0.013790765707247972
18,23362,19,29.950000000000003,KF-DPC,-0.02113350481924087,0.9951456513044694,3.9977800418838703,3.999351088377063,0.05367569644033507,0.0864115782820222,0.014663651051088172
19,24371,0,1.4500000000000002,No Algorithm,-4.021245440576594,0.39616440859274976,52.53881733486939,52.52569533495025,,,
19,24371,1,2.95,No Algorithm,-3.826984561921763,0.41428722714512517,51.430735479402294,51.43963508839162,,,
19,24371,2,4.45,No Algorithm,-3.8348592730031217,0.4135367142040276,51.48627205336588,51.47638260001173,,,
19,24371,3,5.95,No Algorithm,-3.7847995829567047,0.41833099323163114,51.17495372727668,51.178594293511125,,,
19,24371,4,7.45,No Algorithm,-3.960382887745279,0.4017553892622736,52.162556464884695,52.15878520368565,,,
19,24371,5,8.950000000000001,No Algorithm,-3.8272539603337252,0.4142615291765329,51.50553889572274,51.506297810145654,,,
19,24371,6,10.450000000000001,No Algorithm,-3.885086724614306,0.408781589037194,51.718293657789175,51.707065328077434,,,
19,24371,7,11.950000000000001,No Algorithm,-3.982797579153731,0.3996872017500053,52.3009943644447,52.29091409713682,,,
19,24371,8,13.450000000000001,No Algorithm,-4.062191950552114,0.39244681150863736,52.75378442530531,52.7415670900681,,,
19,24371,9,14.950000000000001,No Algorithm,-4.03523450016073,0.3948903764078164,52.564249577635145,52.562682034811715,,,
19,24371,10,16.45,No Algorithm,-3.837020755327039,0.4133309483154041,51.490791572464474,51.478948748499164,,,
19,24371,11,17.95,No Algorithm,-4.071186412236013,0.3916348750852893,52.78689723620342,52.77393770505644,,,
19,24371,12,19.450000000000003,No Algorithm,-4.145894720481346,0.3849554991300099,53.203594870076955,53.19037559666864,,,
19,24371,13,20.950000000000003,No Algorithm,-3.730815846094004,0.42356338986068154,50.85659578892834,50.84395407340922,,,
19,24371,14,22.450000000000003,No Algorithm,-3.871704994644362,0.410043092760123,51.6467040353879,51.6339363101659,,,
19,24371,15,23.950000000000003,No Algorithm,-3.9950790390073054,0.39855851871989645,52.38130457679193,52.37576882928665,,,
19,24371,16,25.450000000000003,No Algorithm,-3.820587017805275,0.4148979588110416,51.36611157004166,51.357721136548875,,,
19,24371,17,26.950000000000003,No Algorithm,-3.873363875536337,0.4098864979182725,51.70035465000774,51.690372219897455,,,
19,24371,18,28.450000000000003,No Algorithm,-3.732521724554177,0.4233970497835869,50.84049387611962,50.82875530693552,,,
19,24371,19,29.950000000000003,No Algorithm,-3.93159293728211,0.40442752558366585,52.019783972866215,52.017234731353916,,,
19,24371,0,1.4500000000000002,DPC,-2.512888938411115,0.5606748895337355,42.85061947330636,42.877362817510374,0.9902565679821873,1.7159715301717937,0.22274911977679393
19,24371,1,2.95,DPC,-2.621609894006456,0.5468132261440551,43.603010674067185,43.611896832481946,1.0116298662841063,1.7353967400631058,0.1623291356577084
19,24371,2,4.45,DPC,-2.7160948532109814,0.5350452522511342,44.38167845987137,44.429266804705875,1.0443795452102258,1.756271248328231,0.13387577534202974
19,24371,3,5.95,DPC,-2.4991095394384146,0.5624566372957951,42.679824698334166,42.67591220898767,0.9922205307224715,1.715469818416697,0.11868027654995414
19,24371,4,7.45,DPC,-2.726599671038053,0.5337526360535582,44.43518404016202,44.42907566962843,0.9984369877387715,1.7444142018388895,0.10578483389586082
19,24371,5,8.950000000000001,DPC,-2.5058314541738858,0.5615867526170321,42.80423161244662,42.79356525826428,0.9674892360644262,1.7031478212241815,0.09797845698562044
19,24371,6,10.450000000000001,DPC,-2.532670280560199,0.5581269221873043,43.012322151520515,43.00971349087638,0.9928458912073451,1.744755051331609,0.08837637126767169
19,24371,7,11.950000000000001,DPC,-2.6033111649446528,0.5491220504398413,43.525516939589856,43.52488605224278,0.9977306825566731,1.7306359550890014,0.0828745780954575
19,24371,8,13.450000000000001,DPC,-2.6353606410388974,0.5450846296177095,43.76060473451872,43.75725579295709,0.9978137610726634,1.7321914780872052,0.07801633622022834
19,24371,9,14.950000000000001,DPC,-2.7065513190312256,0.5362222962589187,44.23907835363917,44.22817442515087,1.0093493521971677,1.7168620933591379,0.07466239114002571
19,24371,10,16.45,DPC,-2.692983829404011,0.53790009013966,44.1407923593409,44.17361161218423,1.033616480820256,1.7414375671673517,0.07146374276900824
19,24371,11,17.95,DPC,-2.577967287930434,0.5523358991939579,43.313746285370044,43.30942702610735,1.0026041178965257,1.7336587112384676,0.06893880743694913
19,24371,12,19.450000000000003,DPC,-2.653728549678674,0.5427841347779626,43.84836717654456,43.89579658427247,1.0208852217005258,1.7430271038635052,0.06564633712999977
19,24371,13,20.950000000000003,DPC,-2.597476242042695,0.5498603140685683,43.49218890558471,43.50756583341365,1.0101075702619238,1.7316958896812606,0.062359975181571076
19,24371,14,22.450000000000003,DPC,-2.50933550586958,0.5611338259857076,42.7641026063584,42.753733164201876,0.9766487195553912,1.6907514777718031,0.061040668358693186
19,24371,15,23.950000000000003,DPC,-2.650872354260469,0.5431412213913382,43.919797219605,43.9251456223987,1.0216436177502406,1.7387626704451193,0.05801077831821922
19,24371,16,25.450000000000003,DPC,-2.5959795404575052,0.5500498441374106,43.49247351199582,43.49469585650922,1.0079545723803658,1.7312005094018672,0.055271655338111576
19,24371,17,26.950000000000003,DPC,-2.717168807714408,0.5349129587865327,44.426119617982984,44.417004817907724,1.018695531546609,1.7371769587415344,0.05394214455700462
19,24371,18,28.450000000000003,DPC,-2.646770175510136,0.543654494083518,43.84468968655412,43.8428025628177,1.0110839627984858,1.7470636312661427,0.052534049913494855
19,24371,19,29.950000000000003,DPC,-2.6880903466844224,0.5385065192798684,44.13923154543606,44.128308175639496,1.02399951331974,1.733151797118223,0.05169954737510543
19,24371,0,1.4500000000000002,KF-DPC,-0.12007847717181452,0.9727296463578455,9.528569662093481,9.559699378936477,0.1891518106450717,0.31839418691381344,0.06735724849006691
19,24371,1,2.95,KF-DPC,-0.06564870756959884,0.984997502306792,7.0455727513782485,7.0572416951455565,0.13225782547371534,0.22687180067573173,0.028482799726078922
19,24371,2,4.45,KF-DPC,-0.04832173231326984,0.9889351804040428,6.04505869855932,6.045719431337067,0.10818892174714603,0.18665812772306364,0.021491268349952075
19,24371,3,5.95,KF-DPC,-0.03962702640364972,0.9909170415353542,5.474451939778282,5.478646607518315,0.09514265622525774,0.16404375208440627,0.02314353526059549
19,24371,4,7.45,KF-DPC,-0.035405692886550016,0.9918806791321542,5.175024125589698,5.187113932277528,0.08764385475560181,0.14626161737225085,0.02857772523155798
19,24371,5,8.950000000000001,KF-DPC,-0.03253191518680341,0.992537235452745,4.960430220825134,4.969552580416178,0.08261545357662095,0.13591725338455032,0.03173221808895657
19,24371,6,10.450000000000001,KF-DPC,-0.03019864068940853,0.9930706256137608,4.779143534874044,4.781336453334536,0.07679324485075265,0.12689973768179058,0.02696906093006566
19,24371,7,11.950000000000001,KF-DPC,-0.027665806442726402,0.9936499599139494,4.574142540318157,4.576555888908674,0.07199744843436781,0.12007408067597836,0.0190384171458744
19,24371,8,13.450000000000001,KF-DPC,-0.026327584954209414,0.9939561872949884,4.462254218240268,4.461554628603171,0.06934070389810532,0.11520164678694583,0.01611556086949898
19,24371,9,14.950000000000001,KF-DPC,-0.024492299546657458,0.9943763120857958,4.303817296242701,4.303638583183961,0.06582486340104704,0.10901864145899443,0.0160681986033297
19,24371,10,16.45,KF-DPC,-0.023438775772774458,0.9946175599495538,4.210326026060796,4.210195307054747,0.06319942047857648,0.1056569013150196,0.01629974872356208
19,24371,11,17.95,KF-DPC,-0.023159730105534786,0.9946814688060738,4.185124379136494,4.1852079602263,0.06266773183410083,0.10371789316119658,0.01566292560633447
19,24371,12,19.450000000000003,KF-DPC,-0.021615307184852897,0.9950352568706777,4.0433003601578195,4.043189217181643,0.05890025144431639,0.09992825540543099,0.013976090687009808
19,24371,13,20.950000000000003,KF-DPC,-0.02186606455143628,0.9949778061712319,4.0666364016342715,4.06562410116017,0.059369734682218296,0.09760808412674639,0.010895907365894152
19,24371,14,22.450000000000003,KF-DPC,-0.021191849940968496,0.9951322821490765,4.003461075490212,4.002475288791083,0.05753820353582525,0.09562646427708774,0.009547071789575166
19,24371,15,23.950000000000003,KF-DPC,-0.02043867297827265,0.9953048783336563,3.931692502211566,3.930730616456083,0.05529593300638164,0.09354758586986207,0.010193638147804768
19,24371,16,25.450000000000003,KF-DPC,-0.020762755252199883,0.9952306087661654,3.962708869694628,3.9617276464423665,0.05564498016433797,0.09224211087094798,0.0097505350270156
19,24371,17,26.950000000000003,KF-DPC,-0.02032508611694968,0.9953309102176277,3.920656348064304,3.9196884456439074,0.05343908492376687,0.09005807805923856,0.008479924763398315
19,24371,18,28.450000000000003,KF-DPC,-0.02031290940153055,0.9953337009227223,3.9195723017835733,3.9196288574407103,0.05313111717966933,0.0893028696727996,0.0060254897274546445
19,24371,19,29.950000000000003,KF-DPC,-0.01964544654370276,0.9954866845221745,3.854658157240897,3.8540785785614324,0.05132976601977424,0.0862651827875441,0.0045028859406110915
