trial_index,seed,long_block,physical_time_s,method,block_final_power_db,block_final_gain_linear,block_final_phase_std_deg,block_final_phase_rmse_deg,block_final_distance_rmse_m,block_final_node_rmse_m,block_final_uav_rmse_m
0,5200,0,1.4500000000000002,No Algorithm,-4.04320638015774,0.3941661831818129,52.69344876774288,52.6414180913092,,,
0,5200,1,2.95,No Algorithm,-4.108563239631781,0.388278797583411,53.00749699601145,52.95589105030912,,,
0,5200,2,4.45,No Algorithm,-4.0417894136293615,0.3942948082127977,52.73990065190692,52.731913949171975,,,
0,5200,3,5.95,No Algorithm,-3.8244514941180867,0.4145289349682015,51.49363941491639,51.51584700139797,,,
0,5200,4,7.45,No Algorithm,-3.973978907764401,0.4004996208006183,52.29787217089832,52.25007423137874,,,
0,5200,5,8.950000000000001,No Algorithm,-3.8500647827452923,0.41209137197582313,51.67646911587865,51.71077374900708,,,
0,5200,6,10.450000000000001,No Algorithm,-3.887361413083719,0.40856753904668,51.852518720123314,51.80087469019501,,,
0,5200,7,11.950000000000001,No Algorithm,-3.886904127918431,0.4086105609405502,51.8393759351361,51.83849655812983,,,
0,5200,8,13.450000000000001,No Algorithm,-3.9989091946006825,0.3982071745851923,52.529376625230164,52.50777444074794,,,
0,5200,9,14.950000000000001,No Algorithm,-3.638698541282875,0.4326434627181328,50.40002626787844,50.44857623734249,,,
0,5200,10,16.45,No Algorithm,-3.7403578765142487,0.422633786068498,50.96524223622952,50.93676769177075,,,
0,5200,11,17.95,No Algorithm,-3.7258890128332034,0.4240441720089785,50.90642390501573,50.91344050953255,,,
0,5200,12,19.450000000000003,No Algorithm,-4.368704849464239,0.36570383534277734,54.38137296766219,54.326964910331455,,,
0,5200,13,20.950000000000003,No Algorithm,-3.7689782186883587,0.41985775391827207,51.2145082638055,51.16328023446027,,,
0,5200,14,22.450000000000003,No Algorithm,-3.7021395430000767,0.4263694170199452,50.637957836988235,50.594185079101656,,,
0,5200,15,23.950000000000003,No Algorithm,-3.763812204445393,0.4203574797417979,51.216656931600085,51.170166337759426,,,
0,5200,16,25.450000000000003,No Algorithm,-3.8458864242391173,0.4124880369422308,51.58039325593208,51.545756112941454,,,
0,5200,17,26.950000000000003,No Algorithm,-3.8925990908769825,0.40807509547996607,51.824152426010095,51.782955329707235,,,
0,5200,18,28.450000000000003,No Algorithm,-4.1945482525959585,0.3806669520172186,53.45210114692794,53.412132695206296,,,
0,5200,19,29.950000000000003,No Algorithm,-3.9523401305428774,0.4025000947567632,52.201068847673376,52.148982266414464,,,
0,5200,0,1.4500000000000002,DPC,-3.8639826808704774,0.41077285066170266,51.693761659546446,51.670031644836804,1.1592178980315229,1.7356028626679416,0.7664933861955014
0,5200,1,2.95,DPC,-3.969956861220498,0.4008706994846711,52.24824281305579,52.24201465612289,1.0160540537085443,1.7168914289823234,0.6366328167599093
0,5200,2,4.45,DPC,-3.9088813841113885,0.4065480305930684,51.9092097401362,51.92360895511088,1.0836591589152351,1.697393653273551,0.5515074977589641
0,5200,3,5.95,DPC,-3.940170450979983,0.40362955108945014,51.99258136693593,51.941054630677655,1.1035195520795613,1.7345332669548372,0.4893755494212638
0,5200,4,7.45,DPC,-3.884207440181715,0.40886436044947955,51.890066566988516,51.84470904092748,1.0599396819074158,1.7342963913230227,0.4353465025547243
0,5200,5,8.950000000000001,DPC,-3.8173911559382327,0.4152033839566469,51.44719892624187,51.44359214541039,1.0675436193064924,1.7280134954646957,0.4007652924699426
0,5200,6,10.450000000000001,DPC,-3.8832539385483984,0.4089541372371964,51.743778304976814,51.765649345266965,0.9920744627753636,1.6724622449735884,0.3559573161363697
0,5200,7,11.950000000000001,DPC,-3.9517604914532116,0.40255381875468527,52.108456640221675,52.05641104934921,1.0263864704202037,1.7463147818340825,0.3469169044278721
0,5200,8,13.450000000000001,DPC,-4.129785690329579,0.3863860434309176,53.14294870721443,53.10609072832507,0.9891567580620837,1.7244753599910478,0.33588044080337176
0,5200,9,14.950000000000001,DPC,-3.6938600415932203,0.4271830339172865,50.72566839901326,50.75453319529108,1.0645855572949914,1.7451587236565202,0.3150095983242012
0,5200,10,16.45,DPC,-3.8613384969330826,0.4110230241586544,51.636177290672414,51.59113990131355,1.0753622746290945,1.7533805762589842,0.3096960723012736
0,5200,11,17.95,DPC,-3.832186173542656,0.4137913260124047,51.46045615773395,51.43605351918244,1.0208741624604942,1.7096963047040865,0.28889515214965084
0,5200,12,19.450000000000003,DPC,-3.791240943743376,0.4177109937487765,51.30747612280565,51.28995375969523,1.030368719818879,1.7517145426501768,0.2741958113442003
0,5200,13,20.950000000000003,DPC,-3.788654567001167,0.4179598294590457,51.33310537789309,51.33585618594034,0.9971959666085356,1.723182765989373,0.2754047570111367
0,5200,14,22.450000000000003,DPC,-3.8308837283133417,0.41391544026734617,51.46968556481518,51.44312501723929,1.0110479557022147,1.7393741808619827,0.274372341710756
0,5200,15,23.950000000000003,DPC,-3.7316540261070603,0.423481650827532,50.86383173229575,50.92200792582896,1.0092148657559954,1.671992961436249,0.25973183689500534
0,5200,16,25.450000000000003,DPC,-3.729315712421448,0.4237097217811814,50.853517195205804,50.807332125933684,1.0092636038810574,1.6837690197900028,0.2547853624626585
0,5200,17,26.950000000000003,DPC,-3.690086256694936,0.4275543942649215,50.701688706656384,50.83921433064895,1.023714438694529,1.7453702758409615,0.2453215049785008
0,5200,18,28.450000000000003,DPC,-3.752685258521825,0.42143584754269325,51.03797730378538,50.995024025360365,1.0009923800146274,1.7587153610208617,0.23767944413145445
0,5200,19,29.950000000000003,DPC,-4.180059437832674,0.38193904356103253,53.35776739069837,53.4553582921155,1.0560190719850584,1.82981250216897,0.23142844405784702
0,5200,0,1.4500000000000002,Node-KF DPC,-3.8430628779353593,0.4127563014051996,51.537083188233964,51.50498390893255,0.46995387166693997,0.27523177586531017,0.7664933861955014
0,5200,1,2.95,Node-KF DPC,-3.3842926203861285,0.45874436007513125,48.88399122221767,48.8739050280413,0.3920506269083353,0.22245050668421149,0.6366328167599093
0,5200,2,4.45,Node-KF DPC,-2.956521109590595,0.5062300122042259,46.079884665136476,46.07739341900391,0.35041497779226394,0.21188486622472302,0.5515074977589641
0,5200,3,5.95,Node-KF DPC,-2.7616529477808376,0.5294618895407114,44.64819402128592,44.63323112499328,0.3198181710067757,0.19377497070768226,0.4893755494212638
0,5200,4,7.45,Node-KF DPC,-2.920827868988391,0.5104076948066183,45.828814247705786,45.82404211266285,0.2893492659949704,0.18522364960751395,0.4353465025547243
0,5200,5,8.950000000000001,Node-KF DPC,-2.248317871558459,0.5958929026902904,40.77575794526306,40.79129613170685,0.2594147060781822,0.17430937375474612,0.4007652924699426
0,5200,6,10.450000000000001,Node-KF DPC,-1.9151697431711934,0.6434029172203597,37.82333473947927,37.791559319696404,0.22709015888216105,0.17451949652358156,0.3559573161363697
0,5200,7,11.950000000000001,Node-KF DPC,-1.770153831857291,0.6652495919159839,36.45953587830652,36.476080096775945,0.22160297256505807,0.17055925423246712,0.3469169044278721
0,5200,8,13.450000000000001,Node-KF DPC,-1.9328248624762754,0.640792638312332,37.938145789181775,37.90383427700834,0.22073233138116244,0.1618203152979822,0.33588044080337176
0,5200,9,14.950000000000001,Node-KF DPC,-1.7893958889377306,0.6623086255585771,36.604290491342546,36.605456286582594,0.20942490779742862,0.1660876836961976,0.3150095983242012
0,5200,10,16.45,Node-KF DPC,-1.6691629983332315,0.6809005738078007,35.4555316629846,35.42297619423559,0.20822763641683942,0.1661482582804562,0.3096960723012736
0,5200,11,17.95,Node-KF DPC,-1.533806652546875,0.7024563370516737,33.956903509190134,33.939931331278196,0.19653957535652902,0.16910746497772877,0.28889515214965084
0,5200,12,19.450000000000003,Node-KF DPC,-1.585831713391542,0.6940916641251582,34.541507769592826,34.52475215941357,0.2000768180428907,0.16378337637822757,0.2741958113442003
0,5200,13,20.950000000000003,Node-KF DPC,-1.5094065785295996,0.7064140723299376,33.78203041040192,33.98756070018917,0.1939177589104214,0.16695632434925842,0.2754047570111367
0,5200,14,22.450000000000003,Node-KF DPC,-1.529704950600978,0.7031200865768913,34.00429096740188,34.18086793670374,0.19300449086116653,0.16270645946998585,0.274372341710756
0,5200,15,23.950000000000003,Node-KF DPC,-1.4699375493046074,0.7128632808870937,33.35917463170542,33.40850631266719,0.18625684214482022,0.1660730605616907,0.25973183689500534
0,5200,16,25.450000000000003,Node-KF DPC,-1.4101409469875512,0.7227463470357895,32.75889364414094,32.72984264179713,0.18486604575264193,0.16265169072817,0.2547853624626585
0,5200,17,26.950000000000003,Node-KF DPC,-1.2784564501481355,0.7449967102267717,31.106376177353358,31.147948930238314,0.17620471968565932,0.16310210453853052,0.2453215049785008
0,5200,18,28.450000000000003,Node-KF DPC,-1.187815592949687,0.7607088007593762,30.01057324016211,29.981794453271476,0.16633417231477216,0.15768562643935427,0.23767944413145445
0,5200,19,29.950000000000003,Node-KF DPC,-1.0945621808437074,0.7772196675919508,28.760200522739996,28.734326062282303,0.15953949096869594,0.16097592516563386,0.23142844405784702
0,5200,0,1.4500000000000002,KF-DPC,-1.5588473179236209,0.6984177499262582,34.29938748923654,37.05232170635435,0.2125640375579029,0.27523177586531017,0.23159263389365928
0,5200,1,2.95,KF-DPC,-0.8756534054754399,0.8174000490801618,25.711932767195343,26.3405827273162,0.1460083729139689,0.22245050668421149,0.1447529842835029
0,5200,2,4.45,KF-DPC,-0.793785126444788,0.8329549000153706,24.525160913337146,24.793845089781883,0.13630926110991035,0.21188486622472302,0.08913276715276593
0,5200,3,5.95,KF-DPC,-0.6888790187531952,0.8533203407759383,22.84365978745472,22.88219298956211,0.12546554906918797,0.19377497070768226,0.05846882480778172
0,5200,4,7.45,KF-DPC,-0.5716955149796078,0.8766585009282241,20.813311598797203,20.793033958334583,0.11172632387665002,0.18522364960751395,0.030655356585436375
0,5200,5,8.950000000000001,KF-DPC,-0.538621073172838,0.8833603313133989,20.1991603706536,20.18131957047319,0.11103401481500443,0.17430937375474612,0.02970749304307263
0,5200,6,10.450000000000001,KF-DPC,-0.5498910401390009,0.8810709778633605,20.395164988430757,20.38345336949093,0.11032651593400723,0.17451949652358156,0.03440210797822758
0,5200,7,11.950000000000001,KF-DPC,-0.5132274474863602,0.888540555972911,19.7615879630543,19.75163095990978,0.10976382721161998,0.17055925423246712,0.03685485382379812
0,5200,8,13.450000000000001,KF-DPC,-0.5045674523677713,0.8903141068968413,19.547275971526197,19.596699849269108,0.10659283751480073,0.1618203152979822,0.03580166534222297
0,5200,9,14.950000000000001,KF-DPC,-0.5291393238148862,0.8852910376681643,20.024772582579004,20.033242931145207,0.10918826852803143,0.1660876836961976,0.03244005651391804
0,5200,10,16.45,KF-DPC,-0.5393481561124374,0.8832124541258711,20.194378600336425,20.18177114708117,0.10747897674405259,0.1661482582804562,0.03634137147703418
0,5200,11,17.95,KF-DPC,-0.5442983139792432,0.8822063279729465,20.3344929071655,20.316957357443954,0.11059199044410663,0.16910746497772877,0.043359724705236156
0,5200,12,19.450000000000003,KF-DPC,-0.5359224540290533,0.8839094043486507,20.129386170707306,20.118686999032516,0.10932834745617773,0.16378337637822757,0.049080076297046256
0,5200,13,20.950000000000003,KF-DPC,-0.5844951036424888,0.8740786041628414,21.06469425293177,21.078104654060933,0.11230402155711096,0.16695632434925842,0.0551150213815588
0,5200,14,22.450000000000003,KF-DPC,-0.5451335968061034,0.8820366686824906,20.32782226258089,20.451438430531066,0.11125259168487123,0.16270645946998585,0.057624040834204346
0,5200,15,23.950000000000003,KF-DPC,-0.5237869622520073,0.8863827666639443,19.930523924006888,20.060165432638406,0.10888671171902625,0.1660730605616907,0.0556817210722955
0,5200,16,25.450000000000003,KF-DPC,-0.5456872808512123,0.8819242245872772,20.35185718826189,20.355204774687195,0.11144895410432427,0.16265169072817,0.051706687679264826
0,5200,17,26.950000000000003,KF-DPC,-0.5427121957666095,0.8825285837543903,20.305322234475558,20.36336614630193,0.11039190754193705,0.16310210453853052,0.0481593007334499
0,5200,18,28.450000000000003,KF-DPC,-0.4926464624277343,0.892761295552752,19.328123968285347,19.32117420968534,0.10382144330187508,0.15768562643935427,0.044548314595615354
0,5200,19,29.950000000000003,KF-DPC,-0.5081853168227866,0.8895727448405888,19.615047137748654,19.60052563204298,0.10663745452445565,0.16097592516563386,0.04197889995192507
0,5200,0,1.4500000000000002,Shore Broadcast,-0.8911036971724511,0.8144972649118986,25.84843386454457,26.5221757039272,0.14457923072029277,0.17851101134015987,0.1716602681894246
0,5200,1,2.95,Shore Broadcast,-0.9683536811597782,0.8001375127898651,27.025765864107267,28.037392289051503,0.1538871800774365,0.17055457401085336,0.18917730739666228
0,5200,2,4.45,Shore Broadcast,-1.0578010211680873,0.7838264199503666,28.311268028731003,35.57930618623333,0.1945085154914945,0.16914239220992258,0.2624059318379353
0,5200,3,5.95,Shore Broadcast,-0.5416640222436968,0.8827416085042353,20.224549194988494,20.204466714566365,0.10682165594122676,0.17437738223463634,0.07777436550506216
0,5200,4,7.45,Shore Broadcast,-0.5046430585255243,0.8902986075880319,19.561672004047935,20.521809799397207,0.1095422740424197,0.173951861348648,0.08981085269130781
0,5200,5,8.950000000000001,Shore Broadcast,-0.6196423193108315,0.8670332808310551,21.6838146725005,22.387272656674604,0.12114293946342454,0.16676707855065706,0.14552830868153308
0,5200,6,10.450000000000001,Shore Broadcast,-1.078441210217972,0.7801100609802797,28.482414867626446,28.61732611945041,0.1577264152599777,0.17047580803132534,0.19807686705182206
0,5200,7,11.950000000000001,Shore Broadcast,-0.8674547093811781,0.818944610333259,25.564373766313913,27.472861045747262,0.15061721932172337,0.17149197244929548,0.1985647764275615
0,5200,8,13.450000000000001,Shore Broadcast,-1.2442469211643359,0.7508882489639651,30.50415267168936,31.378429150356325,0.17344403541828293,0.17400384684442685,0.20307645593473728
0,5200,9,14.950000000000001,Shore Broadcast,-0.5492341284574971,0.8812042583026355,20.38807431930291,20.430641296565298,0.11109036785030035,0.17044229486561602,0.09318206740016044
0,5200,10,16.45,Shore Broadcast,-1.4903663624330667,0.7095179118787069,33.52710194416257,37.03892241075831,0.20523024237798274,0.17569511475679353,0.3470167600471025
0,5200,11,17.95,Shore Broadcast,-0.7204512889256933,0.8471393806746261,23.360730622878943,23.34526768299336,0.12736644880819797,0.16931660805859336,0.1343682030596693
0,5200,12,19.450000000000003,Shore Broadcast,-0.8876978734305823,0.8151362603974353,25.825735867581685,25.799935260689622,0.13993166272141797,0.17332131752990504,0.14436712160357565
0,5200,13,20.950000000000003,Shore Broadcast,-0.9132393621477439,0.810356395077562,26.174818320888367,29.961010243723855,0.16331246994356152,0.17021471984471662,0.2419593231874662
0,5200,14,22.450000000000003,Shore Broadcast,-0.6417666362008123,0.8626275741386726,22.06378488341084,22.500642212367207,0.12328166899746718,0.18085211703471185,0.11795586541055138
0,5200,15,23.950000000000003,Shore Broadcast,-1.0342503014151454,0.7880884630698054,27.91326723172781,28.276896984526328,0.155131126360449,0.17769382434118983,0.20234729362989995
0,5200,16,25.450000000000003,Shore Broadcast,-1.2695100122792649,0.7465329803779932,30.77138042347281,30.789057045903416,0.16837539212215985,0.1734881241631442,0.2604545065433201
0,5200,17,26.950000000000003,Shore Broadcast,-0.7802174598922698,0.8355611789722479,24.260766353049704,24.77297724402178,0.13515916356133478,0.16640697960874648,0.20949600011930566
0,5200,18,28.450000000000003,Shore Broadcast,-0.6412818231212856,0.8627238766458547,22.028411709320817,23.766020211597947,0.12973754991282546,0.17229997020982102,0.1194434559517016
0,5200,19,29.950000000000003,Shore Broadcast,-0.7091765569219624,0.849341498974734,23.133841073098246,23.631297985560057,0.13007916278475437,0.17607488366731652,0.13526749257185103
1,6209,0,1.4500000000000002,No Algorithm,-3.6850601389835136,0.4280494921243877,50.67263556822686,50.637898336174906,,,
1,6209,1,2.95,No Algorithm,-4.102777904229596,0.3887963772490107,52.94251911784453,52.903658358095164,,,
1,6209,2,4.45,No Algorithm,-4.0007363367289015,0.39803967808130697,52.47648533680985,52.45867918317317,,,
1,6209,3,5.95,No Algorithm,-3.8976100858060314,0.4076045200830672,51.939673948708815,51.900920481141156,,,
1,6209,4,7.45,No Algorithm,-4.025576738145776,0.3957695036046055,52.51121516796531,52.45952667538354,,,
1,6209,5,8.950000000000001,No Algorithm,-3.949214827092495,0.40278984922484234,52.15118036005175,52.11446266244224,,,
1,6209,6,10.450000000000001,No Algorithm,-3.6271338884992894,0.43379706682530483,50.26725984827352,50.22411283313681,,,
1,6209,7,11.950000000000001,No Algorithm,-3.925875094999726,0.40496033818832294,52.04966442122095,51.99862429393893,,,
1,6209,8,13.450000000000001,No Algorithm,-3.7502040481809162,0.4216766909772052,51.04942107373325,50.99877321078729,,,
1,6209,9,14.950000000000001,No Algorithm,-3.882848503424369,0.4089923168866802,51.753767264131,51.704098921764846,,,
1,6209,10,16.45,No Algorithm,-4.001626350818305,0.3979581148473861,52.389819836827066,52.34441340735136,,,
1,6209,11,17.95,No Algorithm,-4.0577778143572,0.3928458942511225,52.80682870786228,52.755366683935314,,,
1,6209,12,19.450000000000003,No Algorithm,-3.8810621916525365,0.4091605755433292,51.846661043707634,51.79645538765638,,,
1,6209,13,20.950000000000003,No Algorithm,-3.848748952742624,0.41221624677081525,51.625658488483715,51.575138729483,,,
1,6209,14,22.450000000000003,No Algorithm,-3.8051010912284995,0.4163800287863064,51.367954021087975,51.40185901331473,,,
1,6209,15,23.950000000000003,No Algorithm,-3.589160283052842,0.43760670909919647,50.045217219111215,50.083085292377234,,,
1,6209,16,25.450000000000003,No Algorithm,-3.8612164657718373,0.41103457353902084,51.68260782336035,51.76348859076528,,,
1,6209,17,26.950000000000003,No Algorithm,-3.67228689135298,0.42931030264916736,50.61206618108654,50.56962367498964,,,
1,6209,18,28.450000000000003,No Algorithm,-3.975705761578748,0.40034040468205223,52.38788426857918,52.34504529337184,,,
1,6209,19,29.950000000000003,No Algorithm,-3.790475517624622,0.4177846200772149,51.3080880360975,51.25675852991603,,,
1,6209,0,1.4500000000000002,DPC,-3.822999975824957,0.41466750382394957,51.45288177618703,51.41520766028128,1.132680800776977,1.6887617506106332,0.8414388622696355
1,6209,1,2.95,DPC,-4.113777695243863,0.38781288156394966,53.12313050824411,53.096306498189776,1.090129766052231,1.7170928406281312,0.6490468004104732
1,6209,2,4.45,DPC,-3.6801781107152114,0.42853094533685565,50.626090815835255,50.58048615238359,1.0274116667724535,1.6742865340610305,0.557515972687021
1,6209,3,5.95,DPC,-4.01178225236056,0.3970285839303104,52.61199114349234,52.564075999244565,1.0517660435234981,1.7253046338677822,0.48064153020343375
1,6209,4,7.45,DPC,-3.718328405145925,0.4247830310231956,50.846898435598504,50.81511257509635,1.1123845449750178,1.7554665241051224,0.43868822388677303
1,6209,5,8.950000000000001,DPC,-4.1014509192913495,0.388915191967321,52.919831190425164,52.87249351060593,1.04368634387964,1.703775387663921,0.4146144331540237
1,6209,6,10.450000000000001,DPC,-3.615248872944486,0.43498583300406185,50.45009548706318,50.8808682854701,1.0393311231165885,1.7580700988148732,0.40130545743327406
1,6209,7,11.950000000000001,DPC,-3.9955722396944533,0.3985132595277243,52.41268520882674,52.46815927097752,1.0255616369425065,1.7573631171262007,0.36613179039925214
1,6209,8,13.450000000000001,DPC,-4.178309639472788,0.3820929600836342,53.53879896310776,53.58874895732309,1.0441653620028293,1.7722786802483999,0.3512651312790662
1,6209,9,14.950000000000001,DPC,-3.79954102532,0.4169134417327561,51.26505829382861,51.23651169656287,1.0597470217492841,1.7596768874782802,0.3332305123241636
1,6209,10,16.45,DPC,-4.416070177840707,0.3617370413918651,54.726638359728035,54.67191643928924,1.069790716864591,1.764481221405043,0.31122033669381854
1,6209,11,17.95,DPC,-4.197279503958107,0.3804276281681989,53.44555646551934,53.4289686969153,1.0302501791343839,1.7398826419840274,0.304419736078388
1,6209,12,19.450000000000003,DPC,-4.103710559739531,0.38871289146564003,52.98272258747806,52.93635821694382,1.018072985701276,1.7150664294528823,0.279887508102514
1,6209,13,20.950000000000003,DPC,-3.8132115337723747,0.4156031653660094,51.41839557005215,51.49595809481454,1.03758452161176,1.7482301426033389,0.2748877476966648
1,6209,14,22.450000000000003,DPC,-3.9667823904628023,0.40116382259925687,52.2454156191868,52.25264145659755,0.9973264574831117,1.7331287108820008,0.26555877744707845
1,6209,15,23.950000000000003,DPC,-3.866503801415761,0.41053446233662316,51.79138402459456,51.76096948234844,1.0016463192950662,1.6871150308175538,0.2613225026734828
1,6209,16,25.450000000000003,DPC,-3.6803134191314184,0.4285175942714692,50.59918590648148,50.69183914678265,1.0111177041314872,1.7596485975035339,0.2590282478510173
1,6209,17,26.950000000000003,DPC,-3.877284710930483,0.40951661703665326,51.76111934959913,51.73575263540986,1.0189281882942187,1.729341676907904,0.24528979151998015
1,6209,18,28.450000000000003,DPC,-3.7081231866410596,0.42578237619114595,50.85798483770809,50.95079315465809,1.0157709200864478,1.7149304504234604,0.2449977168814481
1,6209,19,29.950000000000003,DPC,-3.931182947941603,0.4044657067736703,52.09817033138541,52.06343647946215,1.021372284655754,1.7581258009036147,0.23878702310530206
1,6209,0,1.4500000000000002,Node-KF DPC,-3.858557171217674,0.4112863374392238,51.605601701220685,51.59240190649941,0.5084717641708182,0.28074475918202424,0.8414388622696355
1,6209,1,2.95,Node-KF DPC,-3.3935280632767553,0.45776985868394265,48.96018811762517,49.02677257977329,0.4175000162480013,0.2210336576833862,0.6490468004104732
1,6209,2,4.45,Node-KF DPC,-3.21083699012342,0.47743725112686514,47.78272292495622,47.82494540767241,0.3635315201396117,0.20131014868774202,0.557515972687021
1,6209,3,5.95,Node-KF DPC,-2.858305321339474,0.5178088488895279,45.41697591870291,45.55931756881376,0.30297271656656816,0.19096144117576883,0.48064153020343375
1,6209,4,7.45,Node-KF DPC,-2.7373192027749003,0.5324368185185026,44.66226814612864,44.69990771963555,0.2902988337472763,0.18386526339425774,0.43868822388677303
1,6209,5,8.950000000000001,Node-KF DPC,-2.6940618156156777,0.537766591569727,44.32967657635172,44.45326759840115,0.2778661358560712,0.18131769171071224,0.4146144331540237
1,6209,6,10.450000000000001,Node-KF DPC,-2.332559162895325,0.5844455869676226,41.478038392093104,41.80936625641531,0.2622622403585515,0.17345097784564867,0.40130545743327406
1,6209,7,11.950000000000001,Node-KF DPC,-2.3249775451017793,0.5854667634284834,41.44131086880252,41.40243801829568,0.2437917136812648,0.17087892344387595,0.36613179039925214
1,6209,8,13.450000000000001,Node-KF DPC,-1.9305165556848598,0.641133314793071,37.95116963250629,37.96850124212959,0.22227120864061836,0.16904890812539117,0.3512651312790662
1,6209,9,14.950000000000001,Node-KF DPC,-1.9728329882634987,0.6349166281417561,38.34694826355747,38.33186496680363,0.22733531551481048,0.16779004400677086,0.3332305123241636
1,6209,10,16.45,Node-KF DPC,-1.7027109130225537,0.6756610887896347,35.73407707939688,35.70081445682658,0.20951024816421113,0.1663860446265201,0.31122033669381854
1,6209,11,17.95,Node-KF DPC,-1.5596092366666345,0.6982952314692261,34.328604055792724,34.37388169777653,0.19917838225686857,0.1655658535350024,0.304419736078388
1,6209,12,19.450000000000003,Node-KF DPC,-1.4900165880381406,0.7095750577100721,33.571273075827136,33.62504225697928,0.19406045397456526,0.16849650567103125,0.279887508102514
1,6209,13,20.950000000000003,Node-KF DPC,-1.6005040276443698,0.6917506839902978,34.71113845356284,34.676794163542446,0.19562110811810124,0.16881094315152828,0.2748877476966648
1,6209,14,22.450000000000003,Node-KF DPC,-1.4695963804264236,0.7129192835141187,33.195780264940666,33.21534881902121,0.19036274200626666,0.1627293821267027,0.26555877744707845
1,6209,15,23.950000000000003,Node-KF DPC,-1.3348264662469214,0.7353893793001373,31.722047849289886,31.74639054737293,0.18371807949860028,0.16245893930589386,0.2613225026734828
1,6209,16,25.450000000000003,Node-KF DPC,-1.320796157526801,0.7377689684150124,31.709695087594852,31.6787014432568,0.1813360445592465,0.16682765888811546,0.2590282478510173
1,6209,17,26.950000000000003,Node-KF DPC,-1.1842974891650246,0.7613252803361833,29.89380927645241,29.863925834450814,0.177048746055331,0.16214137345417193,0.24528979151998015
1,6209,18,28.450000000000003,Node-KF DPC,-1.3024584356430913,0.7408907223185541,31.44191508373097,31.41240979821481,0.1738488324725226,0.15766243653227918,0.2449977168814481
1,6209,19,29.950000000000003,Node-KF DPC,-1.195226079861438,0.7594118890770348,30.13162239153949,30.103916560249314,0.16469336775741095,0.16246820634078776,0.23878702310530206
1,6209,0,1.4500000000000002,KF-DPC,-1.5600802524031823,0.6982195017003241,34.218289594392616,35.00035424536751,0.1990249749847528,0.28074475918202424,0.19211244759632137
1,6209,1,2.95,KF-DPC,-0.8569374024629307,0.8209302513576826,25.640171456419935,25.9655118504645,0.14547514642447293,0.2210336576833862,0.1261349257016688
1,6209,2,4.45,KF-DPC,-0.7223030248503332,0.846778256112307,23.412182637097157,23.77516783349311,0.12997161245128597,0.20131014868774202,0.08428398589158427
1,6209,3,5.95,KF-DPC,-0.6456357231032926,0.8618594099274897,22.109840393194208,22.661156877376126,0.12468854585527057,0.19096144117576883,0.06652539670414573
1,6209,4,7.45,KF-DPC,-0.6259068572705786,0.8657835188390272,21.801726386672737,22.669894420352037,0.12352520501926052,0.18386526339425774,0.05977660927702539
1,6209,5,8.950000000000001,KF-DPC,-0.5907692467605816,0.8728167564931676,21.138816292123924,22.140206346554177,0.12184603844274959,0.18131769171071224,0.07444870326306206
1,6209,6,10.450000000000001,KF-DPC,-0.5619670493482671,0.8786244714437415,20.641390000244826,21.844221113845926,0.1190095317553325,0.17345097784564867,0.08758192307107107
1,6209,7,11.950000000000001,KF-DPC,-0.617585692610281,0.8674439667021349,21.63840133969691,22.658029561822154,0.12261828089027486,0.17087892344387595,0.09662831213409277
1,6209,8,13.450000000000001,KF-DPC,-0.6020741762930181,0.8705477199007629,21.38736184737249,21.8797997599706,0.11737773493698925,0.16904890812539117,0.09205966604290383
1,6209,9,14.950000000000001,KF-DPC,-0.5771537878321815,0.875557396538854,20.937071392396753,21.0433167330248,0.11283246506508202,0.16779004400677086,0.08331818192138989
1,6209,10,16.45,KF-DPC,-0.5436396202940625,0.8823401422007706,20.294579391814263,20.351269143971074,0.10867654454665204,0.1663860446265201,0.0766435801912733
1,6209,11,17.95,KF-DPC,-0.535327910920107,0.8840304186006069,20.121810447294067,20.125344559210735,0.1086256190582082,0.1655658535350024,0.074072805680635
1,6209,12,19.450000000000003,KF-DPC,-0.5725868325984179,0.8764785997268928,20.837559058745438,20.81672375348827,0.11096812999807079,0.16849650567103125,0.06945513356119505
1,6209,13,20.950000000000003,KF-DPC,-0.6228021103927126,0.866402683910185,21.676134156718796,21.654530444616608,0.11682370579498091,0.16881094315152828,0.06585358399972217
1,6209,14,22.450000000000003,KF-DPC,-0.6080308462931567,0.8693545177914165,21.424120150905722,21.40292373609011,0.1155794819375962,0.1627293821267027,0.06265340552028477
1,6209,15,23.950000000000003,KF-DPC,-0.5525099743677754,0.8805398241324751,20.439225044667165,20.432580326024883,0.10922422610531986,0.16245893930589386,0.05861257496447746
1,6209,16,25.450000000000003,KF-DPC,-0.5728121813464522,0.8764331217760752,20.814118359202702,20.793295954500792,0.11373336647021791,0.16682765888811546,0.05685869455136504
1,6209,17,26.950000000000003,KF-DPC,-0.54011918056719,0.8830556669724319,20.18211181732943,20.16313868540334,0.10825665147487314,0.16214137345417193,0.05696347733812418
1,6209,18,28.450000000000003,KF-DPC,-0.5301609147027281,0.8850828151528966,20.049538976858674,20.058834779266117,0.10554408610850607,0.15766243653227918,0.0559280132563641
1,6209,19,29.950000000000003,KF-DPC,-0.5283536558337025,0.885451207269547,20.030718714319047,20.025333466273896,0.10620558957139956,0.16246820634078776,0.0573469454795754
1,6209,0,1.4500000000000002,Shore Broadcast,-0.7945880057830308,0.8328009260429603,24.586215254458,28.13388131595101,0.15490178478666092,0.17138304615471342,0.16773594562503166
1,6209,1,2.95,Shore Broadcast,-1.192493783010087,0.7598898116951345,29.904841975888257,30.945843837062526,0.17009838141547998,0.16776536242442555,0.23695575536387542
1,6209,2,4.45,Shore Broadcast,-1.5433800287169963,0.700909581915906,33.869793550313524,34.269841338889535,0.18649825599458647,0.17452867372278605,0.25934789673443676
1,6209,3,5.95,Shore Broadcast,-0.6799674592726501,0.8550731197349131,22.792149179907483,27.58050611938237,0.15006291163071792,0.1711380373402149,0.16293970395085192
1,6209,4,7.45,Shore Broadcast,-0.7578637429933879,0.8398730112019539,23.87541609003382,25.621607646173615,0.1410078365995247,0.17422566870196365,0.14154348618310592
1,6209,5,8.950000000000001,Shore Broadcast,-0.5878106709146335,0.8734115543685151,21.085184422426654,21.174020947816217,0.11283590930683873,0.16990374634753672,0.15491354601810625
1,6209,6,10.450000000000001,Shore Broadcast,-1.385813871085651,0.7268061824323911,32.130704675463555,32.59078282554149,0.1782446259765051,0.1701461370762729,0.21752199332954217
1,6209,7,11.950000000000001,Shore Broadcast,-0.8914392074562306,0.814434344091016,25.902206248802766,27.602380598912628,0.15027453270704663,0.17647592041541627,0.15441364792367337
1,6209,8,13.450000000000001,Shore Broadcast,-0.46282063910556925,0.8989135689703487,18.728707584924614,18.8704036747402,0.10395395858766064,0.16988716621370956,0.08081482356830721
1,6209,9,14.950000000000001,Shore Broadcast,-1.0398471367573907,0.7870734926694349,27.91171519201858,30.370240095270827,0.1699584051873511,0.17261355238276496,0.22477243722996446
1,6209,10,16.45,Shore Broadcast,-1.3162568252327196,0.7385405023540632,31.35047925943294,31.325449467987216,0.17297669059627133,0.17248347328545527,0.1986217347543112
1,6209,11,17.95,Shore Broadcast,-0.6715699693776691,0.856728083063139,22.534342776500427,22.520158863602234,0.12256994590832088,0.17581462136501205,0.09378037320507862
1,6209,12,19.450000000000003,Shore Broadcast,-0.5392501956228825,0.883232376299369,20.245719154923545,20.286985964139923,0.11060214236304317,0.1739842829691664,0.06181566443641236
1,6209,13,20.950000000000003,Shore Broadcast,-1.4078352125516582,0.7231301657724117,32.365380786136576,32.345155195257696,0.17896172293976448,0.1753752674656786,0.22295879625400505
1,6209,14,22.450000000000003,Shore Broadcast,-0.8480936991122051,0.8226036460032691,25.2664838290159,25.379134327205296,0.13975338314093105,0.17466217869056552,0.14590942983061594
1,6209,15,23.950000000000003,Shore Broadcast,-0.8226314714089251,0.8274406500397622,24.929077949626546,24.989562729114557,0.13786261919032822,0.17159939363148044,0.15150275722294557
1,6209,16,25.450000000000003,Shore Broadcast,-0.5718022021235994,0.8766369655307374,20.78779305570614,20.850836249384383,0.11221217432877455,0.17184548404525843,0.07363658097286205
1,6209,17,26.950000000000003,Shore Broadcast,-1.355108645449069,0.7319630117894278,31.754877956630565,31.723120597604865,0.17626494076788135,0.16911570298216733,0.25111464252270776
1,6209,18,28.450000000000003,Shore Broadcast,-1.0638785650597122,0.7827302955416876,28.289894178836754,28.33993314318493,0.15556102010518225,0.1768260917245792,0.1799336620869795
1,6209,19,29.950000000000003,Shore Broadcast,-0.9170367225604041,0.809648149751951,26.28654527525176,26.840635905203904,0.14500381191663514,0.17395923925417228,0.15935572935524944
2,7218,0,1.4500000000000002,No Algorithm,-3.779652637739459,0.418827062871952,51.22050784802559,51.221020631968095,,,
2,7218,1,2.95,No Algorithm,-3.984125419354949,0.39956501746450995,52.45569140347239,52.4053268217525,,,
2,7218,2,4.45,No Algorithm,-3.8016949241665015,0.4167067233020709,51.39056697693845,51.34552445193652,,,
2,7218,3,5.95,No Algorithm,-4.043447923844467,0.39414426125798924,52.61337247930913,52.63059372879005,,,
2,7218,4,7.45,No Algorithm,-3.558639480155093,0.44069289830878816,50.0713736519894,50.20113043406972,,,
2,7218,5,8.950000000000001,No Algorithm,-3.6309059825320347,0.4334204530341545,50.35058332713028,50.31020032186947,,,
2,7218,6,10.450000000000001,No Algorithm,-4.071544110659621,0.39160262014896485,52.84423106866379,52.80118572019455,,,
2,7218,7,11.950000000000001,No Algorithm,-4.045299322998542,0.3939762732073092,52.78175535866898,52.88059486686913,,,
2,7218,8,13.450000000000001,No Algorithm,-3.72237173960507,0.4243877368941331,50.84821836319867,50.81182416678326,,,
2,7218,9,14.950000000000001,No Algorithm,-3.8487528024489825,0.4122158813710994,51.51590675151739,51.485525831308344,,,
2,7218,10,16.45,No Algorithm,-4.0276526138347615,0.3955803757186728,52.641189073558756,52.58993707629397,,,
2,7218,11,17.95,No Algorithm,-3.8930432472176757,0.40803336345693575,51.83553643883257,51.810835443363395,,,
2,7218,12,19.450000000000003,No Algorithm,-3.954310353523702,0.40231753773223483,52.141351915385414,52.093348910553104,,,
2,7218,13,20.950000000000003,No Algorithm,-4.014863477936655,0.3967470006231159,52.65995384559689,52.622686265182516,,,
2,7218,14,22.450000000000003,No Algorithm,-3.473918689915206,0.44937419631133096,49.40373746738511,49.35714870906972,,,
2,7218,15,23.950000000000003,No Algorithm,-4.0928392333782835,0.3896871424338175,52.98163316512921,52.98312788507523,,,
2,7218,16,25.450000000000003,No Algorithm,-3.8477698057616165,0.41230919425536383,51.62322989445611,51.62746093156911,,,
2,7218,17,26.950000000000003,No Algorithm,-4.343872004942902,0.3678009100730687,54.202859683530534,54.28494705486286,,,
2,7218,18,28.450000000000003,No Algorithm,-3.9381546177297126,0.40381694438270943,52.07226489220032,52.039842005574805,,,
2,7218,19,29.950000000000003,No Algorithm,-3.8589061656799615,0.4112532882311199,51.60971484744395,51.56490984400191,,,
2,7218,0,1.4500000000000002,DPC,-3.796302416105419,0.41722445726176854,51.29060888825015,51.242501397546654,1.1120167783335528,1.757559978033478,0.7999631619479397
2,7218,1,2.95,DPC,-3.856989894508471,0.4114347887434623,51.717331689996335,51.77960045495835,1.0050878901094684,1.680746174969462,0.6255141487455798
2,7218,2,4.45,DPC,-4.271652647402783,0.3739682527612066,53.948014075649496,53.89629062781314,0.940890314116666,1.640910223365419,0.5701027344283629
2,7218,3,5.95,DPC,-3.951969997331377,0.40253439982107814,52.187329183507494,52.15243023034448,1.0482711634654889,1.7097687730045825,0.48642283623457344
2,7218,4,7.45,DPC,-3.809507718439587,0.4159577574731879,51.37913551957967,51.37553709720717,1.0245260414170547,1.7104212007902513,0.44022308344211775
2,7218,5,8.950000000000001,DPC,-4.1826045494716055,0.38171528001666105,53.452429931303456,53.40251827609925,1.0902043793099334,1.7805960063054131,0.3999189839241709
2,7218,6,10.450000000000001,DPC,-3.8218181581919923,0.41478035997868606,51.38172859753427,51.36362126376947,1.069865272620081,1.723189778896542,0.3628526431764562
2,7218,7,11.950000000000001,DPC,-4.005099564870357,0.397639980211625,52.629260173446696,52.67492140072878,0.9910649050883693,1.6899033812570186,0.354255650973611
2,7218,8,13.450000000000001,DPC,-4.005212364655401,0.39762965239866127,52.37098702357688,52.32617712686616,1.0166879558345807,1.7585595669104266,0.34651519631977024
2,7218,9,14.950000000000001,DPC,-4.361700958607817,0.3662940837381448,54.37347924981306,54.333254428881425,1.0307724284284947,1.7103522940234661,0.332382258957801
2,7218,10,16.45,DPC,-4.131996288887191,0.3861894194536177,53.10763175810173,53.10336642422405,1.0326747807150811,1.7206926597820864,0.31383374183339907
2,7218,11,17.95,DPC,-3.9860965623872797,0.399383707057618,52.37709156012159,52.36347361172031,1.0246282296404159,1.7582475524328374,0.3043908015887503
2,7218,12,19.450000000000003,DPC,-3.9574806314218702,0.4020239597494298,52.19773775290907,52.14953058352787,1.015663379193361,1.7436570574738899,0.29351380486165196
2,7218,13,20.950000000000003,DPC,-4.024859854626373,0.39583483808717485,52.54699279639375,52.50596530199717,1.0264213078226663,1.7677534838652134,0.2804424244819073
2,7218,14,22.450000000000003,DPC,-3.907011047305204,0.4067231526666075,51.923828160407524,51.90131677852044,1.0394780742808418,1.748346794485005,0.26252060718888437
2,7218,15,23.950000000000003,DPC,-3.611923255657261,0.4353190517011564,50.226141819414636,50.188933251520915,1.0169421451377774,1.757084134056356,0.25315069167882
2,7218,16,25.450000000000003,DPC,-3.833186622065796,0.413696015282088,51.46424065592998,51.4249236889059,1.0043287027505219,1.7315139805798194,0.24753084135238776
2,7218,17,26.950000000000003,DPC,-3.791278452673544,0.41770738609878594,51.30636980919153,51.271935531572566,1.0445109746049597,1.798022435682361,0.2428598754892853
2,7218,18,28.450000000000003,DPC,-3.4177620586317548,0.45522257821108897,49.12641282491504,49.07770873445031,0.9934295410141726,1.7490227116467885,0.23720712313758305
2,7218,19,29.950000000000003,DPC,-3.739925651282736,0.4226758501710996,50.95477089325011,51.15200643740332,0.9924475048392916,1.7552380899494568,0.2353267088378935
2,7218,0,1.4500000000000002,Node-KF DPC,-3.985966573602029,0.39939566119980513,52.36448302536738,52.32081664559657,0.47075100985387114,0.2676845004457511,0.7999631619479397
2,7218,1,2.95,Node-KF DPC,-3.4900399629480594,0.44770918442307367,49.48473949781941,49.44022288027175,0.3670041715214432,0.22621201549313338,0.6255141487455798
2,7218,2,4.45,Node-KF DPC,-3.048490913026063,0.4956223798094648,46.690414726419206,46.69680474272124,0.3332995246174271,0.20171424194571036,0.5701027344283629
2,7218,3,5.95,Node-KF DPC,-3.045033267750947,0.49601712779958035,46.69304874190931,46.65234292491174,0.307172287953711,0.1908205428002955,0.48642283623457344
2,7218,4,7.45,Node-KF DPC,-2.364475469479487,0.5801662393864877,41.61288221533322,41.57205565536564,0.2821703349741091,0.17799243145020116,0.44022308344211775
2,7218,5,8.950000000000001,Node-KF DPC,-2.377109667512947,0.5784809120512069,41.780839669541216,41.97347133371484,0.2576903113208295,0.17296819361349278,0.3999189839241709
2,7218,6,10.450000000000001,Node-KF DPC,-2.1199111170366893,0.6137745665825202,39.69683444948995,39.68408498255594,0.23819511901370777,0.16918159167390667,0.3628526431764562
2,7218,7,11.950000000000001,Node-KF DPC,-2.0402158076597363,0.6251416277473888,38.89650698555847,38.85901566262097,0.23580000610843005,0.17077646083773426,0.354255650973611
2,7218,8,13.450000000000001,Node-KF DPC,-1.870613685895082,0.6500378293478446,37.399955813861574,37.41785170180934,0.21782406883328656,0.1622420387954577,0.34651519631977024
2,7218,9,14.950000000000001,Node-KF DPC,-1.8236898976908433,0.6570993086073909,36.93212468227787,37.34327550582934,0.2122285239159276,0.16795811843416403,0.332382258957801
2,7218,10,16.45,Node-KF DPC,-1.6070237908972258,0.6907129855490471,34.8375054734791,34.94035035210496,0.1991476697388959,0.1703539161899905,0.31383374183339907
2,7218,11,17.95,Node-KF DPC,-1.507929371048974,0.7066543925934772,33.68193154035163,33.788924886947164,0.1937185718899774,0.1638765325779772,0.3043908015887503
2,7218,12,19.450000000000003,Node-KF DPC,-1.5449355881700817,0.7006585745162704,34.13849529338192,34.201047877482345,0.1944271245208458,0.16805421462958248,0.29351380486165196
2,7218,13,20.950000000000003,Node-KF DPC,-1.4154454734302626,0.7218641146151752,32.71161019323567,32.77936143859236,0.18853041225305478,0.16230226493661046,0.2804424244819073
2,7218,14,22.450000000000003,Node-KF DPC,-1.444669591751123,0.7170229241153141,32.97521088870314,33.003663890573165,0.18821974609773567,0.1617054613442636,0.26252060718888437
2,7218,15,23.950000000000003,Node-KF DPC,-1.381191884036632,0.7275800990031394,32.210226313997026,32.18100985031714,0.18107232049680497,0.1651410495262255,0.25315069167882
2,7218,16,25.450000000000003,Node-KF DPC,-1.3912436050515578,0.7258980662919681,32.34699190386178,32.31491077368031,0.18043430672244684,0.16463904147599034,0.24753084135238776
2,7218,17,26.950000000000003,Node-KF DPC,-1.4677584685657283,0.7132210511287393,33.308749750281486,33.3136883160498,0.18570903161377164,0.16971984883107266,0.2428598754892853
2,7218,18,28.450000000000003,Node-KF DPC,-1.3604574578898119,0.7310620740482002,32.02061553978582,32.002557074173524,0.17940511568213327,0.1578121480048335,0.23720712313758305
2,7218,19,29.950000000000003,Node-KF DPC,-1.3212160678662521,0.7376976385099483,31.61906504703113,31.64363518981311,0.1761048238090999,0.166831913937193,0.2353267088378935
2,7218,0,1.4500000000000002,KF-DPC,-1.4059654088607707,0.7234415679704378,32.524189614171426,32.49305428012388,0.17948740255193932,0.2676845004457511,0.2218312079993857
2,7218,1,2.95,KF-DPC,-0.9433162858908788,0.8047636865126175,26.710123467695087,26.985739632526606,0.148928087020174,0.22621201549313338,0.15196616707650037
2,7218,2,4.45,KF-DPC,-0.6983127731910934,0.851468768148562,23.00383548931351,23.13787415493643,0.12636496324858607,0.20171424194571036,0.10386906107344634
2,7218,3,5.95,KF-DPC,-0.6859420147786166,0.853897611030082,22.815111319458275,22.838487107729055,0.12384203764229522,0.1908205428002955,0.09078711078527162
2,7218,4,7.45,KF-DPC,-0.6155335427877282,0.8678539524835645,21.595079196215316,21.576368463650947,0.11612056564557191,0.17799243145020116,0.05658224996925245
2,7218,5,8.950000000000001,KF-DPC,-0.5861287909367002,0.873749863498915,21.07651590154822,21.192698451556826,0.11245576793507119,0.17296819361349278,0.03932261470377857
2,7218,6,10.450000000000001,KF-DPC,-0.5761876431533897,0.8757521973604843,20.918201916041124,20.96098430942113,0.11234473979758745,0.16918159167390667,0.04369334925695098
2,7218,7,11.950000000000001,KF-DPC,-0.6168267452805223,0.8675955693213725,21.623001146705835,21.635260353812672,0.1161630714787147,0.17077646083773426,0.060104694308698706
2,7218,8,13.450000000000001,KF-DPC,-0.5403024980584784,0.8830183936153367,20.20089582406504,20.202899395816335,0.10862142741813734,0.1622420387954577,0.08545748897102154
2,7218,9,14.950000000000001,KF-DPC,-0.6081096732415793,0.8693387386496871,21.4306624992658,21.875250930015536,0.1175987892036156,0.16795811843416403,0.09557860952302452
2,7218,10,16.45,KF-DPC,-0.5502612210960363,0.8809958809391608,20.3918718086833,20.87782251011541,0.11160582654572927,0.1703539161899905,0.09396954648047708
2,7218,11,17.95,KF-DPC,-0.537448855783098,0.8835987939565286,20.189433714568228,20.75139196942411,0.11354274399924907,0.1638765325779772,0.08917845743116891
2,7218,12,19.450000000000003,KF-DPC,-0.6192482614657026,0.8671119548141133,21.6317714633016,22.35243570707477,0.12037392081701914,0.16805421462958248,0.08390161669091273
2,7218,13,20.950000000000003,KF-DPC,-0.5088649882213848,0.889433537489823,19.648503386443643,20.441145247893136,0.11137917924934457,0.16230226493661046,0.08286903519594087
2,7218,14,22.450000000000003,KF-DPC,-0.5539309527519889,0.880251765353271,20.479647999290556,21.26040230032953,0.11421569413010027,0.1617054613442636,0.07981613438362745
2,7218,15,23.950000000000003,KF-DPC,-0.5740439520878032,0.8761845780714081,20.821608597454457,21.398980051087992,0.11735267856085299,0.1651410495262255,0.07594362375447176
2,7218,16,25.450000000000003,KF-DPC,-0.5403666311410055,0.8830053540130083,20.211132514695663,20.856683929968483,0.11258521529250855,0.16463904147599034,0.07001637585368657
2,7218,17,26.950000000000003,KF-DPC,-0.5840099213236448,0.8741762593695136,21.016696131846412,21.30518338605176,0.114576456136838,0.16971984883107266,0.06417562305317281
2,7218,18,28.450000000000003,KF-DPC,-0.5172319813692848,0.8877216298869657,19.796103231656033,20.07332041780895,0.10663531973548966,0.1578121480048335,0.056652534124051836
2,7218,19,29.950000000000003,KF-DPC,-0.5473256579161799,0.881591581192527,20.415217241786053,20.558349636498992,0.11027342429481035,0.166831913937193,0.051052723765228736
2,7218,0,1.4500000000000002,Shore Broadcast,-0.5703167824140611,0.8769368534174068,20.75413873124571,21.581308601128466,0.11687015558938985,0.17543216286487606,0.08404319970868082
2,7218,1,2.95,Shore Broadcast,-0.6493591612900433,0.861120808561954,22.15261443925463,22.16476185077216,0.12088867635550166,0.17537361196690754,0.16275598377338205
2,7218,2,4.45,Shore Broadcast,-0.7216394123115806,0.8469076557768762,23.32109781871485,25.001862357067004,0.13855024630982415,0.1762544531920337,0.17642406519955012
2,7218,3,5.95,Shore Broadcast,-0.5776934335801364,0.8754486082646191,20.88960754289017,20.878093385176246,0.11397175005488046,0.16896943050925498,0.09875180080500247
2,7218,4,7.45,Shore Broadcast,-0.9952490552419019,0.7951976619549115,27.489695082779228,27.642389415879553,0.1505894375185538,0.1736146947630352,0.24722639129855736
2,7218,5,8.950000000000001,Shore Broadcast,-0.5336940061277834,0.8843630715221318,20.089033278845942,20.76468854044961,0.11105724309939331,0.17566614002876654,0.09960936513555145
2,7218,6,10.450000000000001,Shore Broadcast,-0.4727681564984146,0.8968569631951496,18.927146665951184,19.001040320109208,0.10269166748939765,0.17062948460730376,0.021865086460992104
2,7218,7,11.950000000000001,Shore Broadcast,-0.7887821364694724,0.8339150011484657,24.45041046970798,28.264969704256682,0.15458446283154698,0.1746623052064863,0.17314793698804232
2,7218,8,13.450000000000001,Shore Broadcast,-0.7653367251452848,0.8384290694846982,24.056571673539636,24.049810857703,0.1290536566177796,0.16824984656825134,0.17151567255974873
2,7218,9,14.950000000000001,Shore Broadcast,-0.4942840135675239,0.8924247343592304,19.346618905112425,19.39390026133866,0.10626766111045285,0.1712255448001892,0.06047164213125512
2,7218,10,16.45,Shore Broadcast,-0.4532663138453696,0.9008933239801256,18.540355374839343,18.82239657904418,0.10067153632091691,0.17523771247144954,0.04923137355794483
2,7218,11,17.95,Shore Broadcast,-0.5694501958138118,0.8771118539256176,20.747306331665722,24.764105984134805,0.13352028111912365,0.17390122604374644,0.23176285744930697
2,7218,12,19.450000000000003,Shore Broadcast,-1.0062732970223425,0.7931816717523127,27.452710155159988,27.583055989758268,0.15251743600672263,0.17295608101691803,0.20227963890741144
2,7218,13,20.950000000000003,Shore Broadcast,-1.279867546129866,0.7447546875577886,30.891329267297536,31.289528505513314,0.17061246183976425,0.16651196677101304,0.219399604418037
2,7218,14,22.450000000000003,Shore Broadcast,-1.2229526178692522,0.7545790410629337,30.225506661883735,30.232284924524635,0.1662917367396156,0.17728525598585557,0.22269752633008152
2,7218,15,23.950000000000003,Shore Broadcast,-0.6181272108927037,0.8673358125573812,21.612487234286686,21.925313505337662,0.1210880261787458,0.17025060926832253,0.12798032986360997
2,7218,16,25.450000000000003,Shore Broadcast,-0.8219958888702644,0.8275617534236454,24.88424272053551,26.09418749988471,0.14292051747892479,0.17211137423019465,0.15969023768137106
2,7218,17,26.950000000000003,Shore Broadcast,-0.5477126571954015,0.881513026175111,20.31625060452774,21.0782686502098,0.11391097674055782,0.17382353470265258,0.07045492847358341
2,7218,18,28.450000000000003,Shore Broadcast,-1.339745116152162,0.7345569774349628,31.60310370998982,31.845470144363148,0.17436134157060393,0.17339115282714068,0.23470388093692535
2,7218,19,29.950000000000003,Shore Broadcast,-1.4085917915933266,0.72300420113364,32.45189150435786,34.045464042133894,0.18750150859709958,0.17054926983244714,0.24637325868481186
3,8227,0,1.4500000000000002,No Algorithm,-3.9094375188043,0.40649597352168304,51.93782245356389,51.8971051034099,,,
3,8227,1,2.95,No Algorithm,-4.05574919554415,0.39302943808155616,52.706472599797564,52.66337341617674,,,
3,8227,2,4.45,No Algorithm,-3.8091640674087617,0.41599067291967207,51.422530447483936,51.4006206229402,,,
3,8227,3,5.95,No Algorithm,-3.8629678518747035,0.4108688484064706,51.642360493471,51.60078508696066,,,
3,8227,4,7.45,No Algorithm,-3.7337043389198783,0.4232817714905496,51.03545748797963,51.02645632667554,,,
3,8227,5,8.950000000000001,No Algorithm,-3.8015142909857347,0.41672405546478186,51.3013006401862,51.366638917476934,,,
3,8227,6,10.450000000000001,No Algorithm,-3.985541585411674,0.39943474683217967,52.34581257550823,52.32069998853805,,,
3,8227,7,11.950000000000001,No Algorithm,-3.8643618602168823,0.41073698794913643,51.739530076906455,51.68817260648129,,,
3,8227,8,13.450000000000001,No Algorithm,-3.97122365361237,0.40075378667143996,52.331983527680336,52.49504539031085,,,
3,8227,9,14.950000000000001,No Algorithm,-4.160192909326191,0.38369020197334686,53.362827612556934,53.339973393001095,,,
3,8227,10,16.45,No Algorithm,-3.987181528067296,0.399283944451457,52.44401889260356,52.508374864688,,,
3,8227,11,17.95,No Algorithm,-3.9792189339774495,0.40001668513219907,52.19873441015308,52.15886507050355,,,
3,8227,12,19.450000000000003,No Algorithm,-3.925074009605912,0.4050350427371849,52.05283932343639,52.00510823496713,,,
3,8227,13,20.950000000000003,No Algorithm,-4.1859398988357475,0.38142223805819503,53.46264858881562,53.4923368972891,,,
3,8227,14,22.450000000000003,No Algorithm,-3.7045632120139977,0.4261315392452429,50.6779328463693,50.65015656720627,,,
3,8227,15,23.950000000000003,No Algorithm,-3.8998162863527823,0.4073975110186102,51.99842031181783,51.950105247567606,,,
3,8227,16,25.450000000000003,No Algorithm,-3.9510216211699767,0.4026223115330643,52.050289561605474,52.096118713532455,,,
3,8227,17,26.950000000000003,No Algorithm,-3.6371663274966908,0.4327961285375632,50.29103053346421,50.340470552071736,,,
3,8227,18,28.450000000000003,No Algorithm,-4.177310683758272,0.3821808584713582,53.406326693890016,53.810336264278625,,,
3,8227,19,29.950000000000003,No Algorithm,-3.9358529754365223,0.40403101306873884,52.060565940654,52.04585429693048,,,
3,8227,0,1.4500000000000002,DPC,-3.925152861806688,0.4050276888296624,52.17656445550706,52.31019823448841,1.0255639921021222,1.6972348976249982,0.8273013539263189
3,8227,1,2.95,DPC,-3.7734567486683974,0.41942501152223816,51.237041299476715,51.41484770117505,1.0282366680295612,1.69665533601107,0.657396467809223
3,8227,2,4.45,DPC,-3.9360930185954195,0.40400868209183566,52.0786864095325,52.0953133206457,1.0301135219915438,1.7005878884320962,0.5616912088577292
3,8227,3,5.95,DPC,-3.9544684404642565,0.40230289329308866,52.19265827189417,52.20476217493839,1.0332322606380095,1.6902041271013994,0.49393786330250694
3,8227,4,7.45,DPC,-4.130169506662589,0.3863518973094542,53.145111129160185,53.095947819009126,1.0013829846025633,1.7452269615112779,0.4550882907660758
3,8227,5,8.950000000000001,DPC,-3.9389088229788296,0.40374682274220847,52.087488521128776,52.181840776645004,1.0364941625474449,1.7400195130239224,0.40500793484150516
3,8227,6,10.450000000000001,DPC,-4.191334160275627,0.3809487772828922,53.52322992645537,53.47030557453185,0.9883804359986719,1.710798678774151,0.3905606249433381
3,8227,7,11.950000000000001,DPC,-3.8355413050333786,0.41347177597640306,51.4346673344408,51.3951486166655,1.0098616826562985,1.7391236120116862,0.3602099723131951
3,8227,8,13.450000000000001,DPC,-3.8765185106305236,0.4095888720267513,51.734208912681495,51.68246998991676,1.0036111450204876,1.7146445523143725,0.33447984106066475
3,8227,9,14.950000000000001,DPC,-3.812467717991086,0.4156743517798527,51.32817794565294,51.4672202656452,0.9889363400329438,1.7135707366497561,0.3199115130076823
3,8227,10,16.45,DPC,-3.6252486730152436,0.43398541332875473,50.32234141352788,50.3517895281226,1.0520150756293674,1.7396690849132885,0.30673565239435735
3,8227,11,17.95,DPC,-3.7976938855401308,0.41709080092728495,51.43782364693648,51.38646664483457,1.0786867564023177,1.7722202536871614,0.2918251748640882
3,8227,12,19.450000000000003,DPC,-4.164533614322438,0.3833069012385238,53.273555154827946,53.24137465861301,1.0052539821829456,1.7463153754053384,0.277714696640586
3,8227,13,20.950000000000003,DPC,-3.7814488714504284,0.41865387261397574,51.18023862844568,51.146953868050375,1.012893826260811,1.7191132798959852,0.2723719520069215
3,8227,14,22.450000000000003,DPC,-3.9831136654833306,0.39965811294770387,52.35710324814457,52.373847388851466,1.043531215736745,1.7429146206289843,0.2635327705456481
3,8227,15,23.950000000000003,DPC,-4.122328877963527,0.38705003601486704,53.15797075507521,53.121423832669144,1.0336445558975156,1.7488178468973032,0.2546243506959219
3,8227,16,25.450000000000003,DPC,-3.9613249391936085,0.40166825179757476,52.25647142210249,52.21012803111383,1.0231890959684338,1.7657199219832835,0.24636040284541685
3,8227,17,26.950000000000003,DPC,-3.8625801820992804,0.41090552594903884,51.7768901728889,51.857377740017505,1.041163331838386,1.761225520288007,0.24487427562507394
3,8227,18,28.450000000000003,DPC,-3.515330086741169,0.44510963095186595,49.581699964652024,49.533089401581414,0.9840965076193062,1.7762509162170468,0.24538048016876182
3,8227,19,29.950000000000003,DPC,-3.9758855055537117,0.4003238359045072,52.2829454045158,52.23248667629408,1.0141216958137247,1.7640133624326846,0.23973680333599034
3,8227,0,1.4500000000000002,Node-KF DPC,-3.558797041769233,0.4406769103034749,49.94263392975204,49.90550787900943,0.47712474312645703,0.2711677132592864,0.8273013539263189
3,8227,1,2.95,Node-KF DPC,-3.358962792120716,0.4614277623211405,48.83696883072636,48.83673537349713,0.40211319066787665,0.22322102684587752,0.657396467809223
3,8227,2,4.45,Node-KF DPC,-3.210161910281643,0.47751147111559183,47.79361883248191,47.75451304875776,0.3398874513171816,0.20267018026245717,0.5616912088577292
3,8227,3,5.95,Node-KF DPC,-2.8959387190139,0.5133412078141316,45.64736598233572,45.60184091325341,0.29501349333435434,0.19183333926205787,0.49393786330250694
3,8227,4,7.45,Node-KF DPC,-2.5229121818384517,0.5593823792507232,42.89865348204532,42.85861717827817,0.27932492324345504,0.18094529358743064,0.4550882907660758
3,8227,5,8.950000000000001,Node-KF DPC,-2.197408911392829,0.602919192558783,40.376040367264416,40.42913720849965,0.26010984170901974,0.17330624419600799,0.40500793484150516
3,8227,6,10.450000000000001,Node-KF DPC,-2.128465680957145,0.6125667672236181,39.69094405852946,39.65134063088959,0.2532772857341045,0.17349810239325358,0.3905606249433381
3,8227,7,11.950000000000001,Node-KF DPC,-2.01917902164129,0.6281770964627851,38.85509799120948,38.82471227564481,0.2488398196204425,0.1683787714102787,0.3602099723131951
3,8227,8,13.450000000000001,Node-KF DPC,-1.7302406721416377,0.6713916455127134,35.98663580238568,35.950642496127124,0.2250810660928462,0.16608783558211804,0.33447984106066475
3,8227,9,14.950000000000001,Node-KF DPC,-1.7054808568548043,0.6752302874250468,35.706346251324426,35.677727095178774,0.2136120135641087,0.16630038960346874,0.3199115130076823
3,8227,10,16.45,Node-KF DPC,-1.7941860072252251,0.6615785247087587,36.66420530323983,36.645488330553945,0.2086344210674995,0.16238878042557825,0.30673565239435735
3,8227,11,17.95,Node-KF DPC,-1.6228129060516352,0.6882064037304305,34.97455680509725,35.058570704025364,0.20015012664312185,0.15725080416375448,0.2918251748640882
3,8227,12,19.450000000000003,Node-KF DPC,-1.4930869196561898,0.7090735867280539,33.57727165120775,33.670653370881276,0.18881190745168955,0.16270172913999223,0.277714696640586
3,8227,13,20.950000000000003,Node-KF DPC,-1.4867871826444456,0.7101028925790102,33.50149765289145,33.62640238164808,0.18430083482715376,0.16353109630850093,0.2723719520069215
3,8227,14,22.450000000000003,Node-KF DPC,-1.4438154760618536,0.717163953020838,33.13556975862455,33.110888991337674,0.18340099435531082,0.15842874093966375,0.2635327705456481
3,8227,15,23.950000000000003,Node-KF DPC,-1.3458060011724715,0.7335325664820467,32.019448178275965,32.004759569803,0.1762606772382194,0.1662925593986279,0.2546243506959219
3,8227,16,25.450000000000003,Node-KF DPC,-1.2080193988896486,0.7571781275746237,30.26036216567684,30.40810753411456,0.1694605813220938,0.15801467810543535,0.24636040284541685
3,8227,17,26.950000000000003,Node-KF DPC,-1.230737590359318,0.7532276273586431,30.44800189337889,30.49267167004397,0.16719128597101984,0.1611336425606748,0.24487427562507394
3,8227,18,28.450000000000003,Node-KF DPC,-1.150376501310255,0.7672949676593136,29.634401445849136,29.617183545039698,0.16351843970908314,0.16279283215706275,0.24538048016876182
3,8227,19,29.950000000000003,Node-KF DPC,-1.2132195818339149,0.7562720353823399,30.37277324632236,30.375405269220344,0.1672266493455237,0.16520702533092038,0.23973680333599034
3,8227,0,1.4500000000000002,KF-DPC,-1.4812502429966643,0.711008799623024,33.38401212035399,34.152547984119956,0.19293701194975127,0.2711677132592864,0.17191772117947482
3,8227,1,2.95,KF-DPC,-0.9067851214886344,0.8115615965660578,26.18262481726205,26.19437311307039,0.14090817635939804,0.22322102684587752,0.1209341950795584
3,8227,2,4.45,KF-DPC,-0.8535696675222868,0.8215670883005856,25.393168444729866,25.61895526257895,0.13788895645856453,0.20267018026245717,0.13998754596239116
3,8227,3,5.95,KF-DPC,-0.6963265246943141,0.851858276980117,22.950971947933272,22.949163960836866,0.12416127497434941,0.19183333926205787,0.10528816124216105
3,8227,4,7.45,KF-DPC,-0.6600802761526099,0.858997643416656,22.310822203524594,22.289630303306975,0.1195664359527165,0.18094529358743064,0.09602615838606936
3,8227,5,8.950000000000001,KF-DPC,-0.572526536502316,0.8764907685678403,20.830012118357477,20.813838081372317,0.11112429062243669,0.17330624419600799,0.07418993516409597
3,8227,6,10.450000000000001,KF-DPC,-0.5883385012565824,0.8733054086253446,21.071908729045035,21.05087183235058,0.11350392357334392,0.17349810239325358,0.06737505641488442
3,8227,7,11.950000000000001,KF-DPC,-0.5383280956130598,0.8834199253204178,20.191766877168337,20.181795393247732,0.10973644241798211,0.1683787714102787,0.053850835758254625
3,8227,8,13.450000000000001,KF-DPC,-0.4826461459253475,0.8948193880978145,19.0936834975999,19.08190188388998,0.10478681378119065,0.16608783558211804,0.04050967919167366
3,8227,9,14.950000000000001,KF-DPC,-0.4660850886076653,0.8982381389376972,18.795664178385145,18.887450896248865,0.10151843576040694,0.16630038960346874,0.02909344744457643
3,8227,10,16.45,KF-DPC,-0.469594030805497,0.897512688146388,18.89122572644881,18.916140354296584,0.10020443413188689,0.16238878042557825,0.024366280527571265
3,8227,11,17.95,KF-DPC,-0.44760541110572294,0.9020683779836107,18.441553490538137,18.424429528393865,0.09854351318039689,0.15725080416375448,0.023568990863308627
3,8227,12,19.450000000000003,KF-DPC,-0.46788643017691284,0.8978656501649375,18.850379348304298,18.831691903101376,0.09970618943721853,0.16270172913999223,0.020512148271455772
3,8227,13,20.950000000000003,KF-DPC,-0.552950633749298,0.8804504841878291,20.47152590143434,20.457879124864366,0.10966592830296046,0.16353109630850093,0.019176848636331338
3,8227,14,22.450000000000003,KF-DPC,-0.5305227083775611,0.8850090854510667,20.085822106992726,20.083247800135556,0.10608714023590345,0.15842874093966375,0.019841730457023362
3,8227,15,23.950000000000003,KF-DPC,-0.5274174323583447,0.8856421075919197,20.02919591221646,20.009158254002877,0.10865964638115712,0.1662925593986279,0.02163518718157782
3,8227,16,25.450000000000003,KF-DPC,-0.5054528138442302,0.8901326241694756,19.580664745152838,19.645103243744742,0.10623009622594651,0.15801467810543535,0.025653138348276497
3,8227,17,26.950000000000003,KF-DPC,-0.5043557829748342,0.8903575006876709,19.535560012053505,19.521349697159415,0.10415950489811422,0.1611336425606748,0.031962197413848425
3,8227,18,28.450000000000003,KF-DPC,-0.5214969040045757,0.8868502843331956,19.883735951103855,19.932409020071475,0.10652332638838444,0.16279283215706275,0.03732560642879043
3,8227,19,29.950000000000003,KF-DPC,-0.5495832559949353,0.8811334215041505,20.424686848350493,20.504794089707303,0.10881987630389738,0.16520702533092038,0.04108172710458383
3,8227,0,1.4500000000000002,Shore Broadcast,-0.5778055186261363,0.875426014509598,20.896177192162007,22.140842883626693,0.12042326004630509,0.1739524839211961,0.0937032555220861
3,8227,1,2.95,Shore Broadcast,-0.6475913548691105,0.8614714012650652,22.117907941094206,22.689524087532106,0.12487461244329964,0.17496003750931957,0.1555614422492301
3,8227,2,4.45,Shore Broadcast,-0.5970579807247403,0.8715538023319174,21.300693117627578,21.622580039133346,0.1184853359915253,0.17510297135067596,0.15617145015641032
3,8227,3,5.95,Shore Broadcast,-0.5660365168842911,0.8778015599759309,20.71562722267213,21.139214902359996,0.11615782357845388,0.1750881160363954,0.10459576823167056
3,8227,4,7.45,Shore Broadcast,-0.5165242385633586,0.8878663081685271,19.814894593703333,19.923385372875924,0.1083320125474538,0.16853051627563037,0.14660342357973172
3,8227,5,8.950000000000001,Shore Broadcast,-0.585520747348674,0.8738722033437185,21.072319196437157,23.38697548040285,0.12741074076918862,0.17084583458057176,0.11140785026721606
3,8227,6,10.450000000000001,Shore Broadcast,-1.281602049585436,0.7444573037067125,31.073068193712466,34.10240213087638,0.1875410817175252,0.17572058023388054,0.2303343930441952
3,8227,7,11.950000000000001,Shore Broadcast,-0.4913000984848829,0.8930381049531632,19.262192884288794,23.008423087868223,0.12591280744699337,0.16640528435606275,0.16689247663410625
3,8227,8,13.450000000000001,Shore Broadcast,-0.6383336037995192,0.8633097378148069,21.997281771755198,21.97967117969803,0.11821021885579301,0.17199348659334424,0.1111833643554535
3,8227,9,14.950000000000001,Shore Broadcast,-0.49626543501352527,0.8920176681252076,19.354734908186817,19.88107165766637,0.10783879223735285,0.17756270377862443,0.07467451516969913
3,8227,10,16.45,Shore Broadcast,-0.694354891789899,0.8522450958742938,22.919400707024423,23.6981959506764,0.13025011231628927,0.17205129273010658,0.13328452136513863
3,8227,11,17.95,Shore Broadcast,-1.081942507585554,0.7794813869626535,28.438017972543363,33.62124381293866,0.18537230959218454,0.1689832626642691,0.2970772497199397
3,8227,12,19.450000000000003,Shore Broadcast,-1.1761328645435047,0.7627578985135781,29.750121637456655,29.78876335069993,0.16259519796506083,0.17214498355559588,0.20733989160428812
3,8227,13,20.950000000000003,Shore Broadcast,-0.7492687489809001,0.8415368249688424,23.803317006988625,24.059669098696677,0.1311015190086378,0.16995306453762496,0.15826183710139222
3,8227,14,22.450000000000003,Shore Broadcast,-0.49109018162352025,0.8930812711213963,19.30152400211241,19.356520105129768,0.104384506349327,0.16866624185603105,0.07367267902523408
3,8227,15,23.950000000000003,Shore Broadcast,-0.6115949152992338,0.8686413683984209,21.53580309668521,22.14529195832195,0.1217679065357291,0.17580525219502094,0.13981393925259925
3,8227,16,25.450000000000003,Shore Broadcast,-1.368948765697429,0.7296341009330943,31.861712199559054,31.89798215519182,0.1742692074267596,0.17580260040448276,0.22679309421235594
3,8227,17,26.950000000000003,Shore Broadcast,-1.351787075734125,0.7325230456491616,31.738910622814597,32.775051516683284,0.18103837266762143,0.17170074606246705,0.24991736052625627
3,8227,18,28.450000000000003,Shore Broadcast,-0.6923675853115362,0.8526351675508171,22.91176347789818,22.976896326714233,0.12520959499421946,0.1720529335023839,0.11574089090843655
3,8227,19,29.950000000000003,Shore Broadcast,-1.4736460634847892,0.7122548146775383,33.13346747861886,33.566805235053046,0.18560448786263958,0.17681586724246304,0.24123027907776412
4,9236,0,1.4500000000000002,No Algorithm,-4.069359507316707,0.39179965502557734,52.84278842903364,52.794778763185256,,,
4,9236,1,2.95,No Algorithm,-3.9140022810432478,0.4060689400861443,51.98544354913892,51.93390364701058,,,
4,9236,2,4.45,No Algorithm,-4.007482682743663,0.39742184182052437,52.41329341238846,52.410307556452636,,,
4,9236,3,5.95,No Algorithm,-3.7824626978695717,0.41855615255611145,51.34645209775897,51.36016552648407,,,
4,9236,4,7.45,No Algorithm,-3.843035669542845,0.41275888731662796,51.565667850229694,51.627470905722106,,,
4,9236,5,8.950000000000001,No Algorithm,-3.791407646195901,0.4176949603627688,51.331306841932154,51.28966208340887,,,
4,9236,6,10.450000000000001,No Algorithm,-3.795132784544072,0.4173368382919143,51.35887406412111,51.330696171165684,,,
4,9236,7,11.950000000000001,No Algorithm,-4.1612700674048195,0.3835950490832008,53.225670807636554,53.18350301478851,,,
4,9236,8,13.450000000000001,No Algorithm,-3.8731579172961417,0.4099059366878356,51.68022084385454,51.63043487983877,,,
4,9236,9,14.950000000000001,No Algorithm,-3.8133487387899563,0.41559003557936786,51.30579268345337,51.34153153401115,,,
4,9236,10,16.45,No Algorithm,-3.3981361679220647,0.4572843971426287,48.918393830378385,49.069394397232934,,,
4,9236,11,17.95,No Algorithm,-4.219201909631098,0.3785121364033447,53.61582347291355,53.56287863649801,,,
4,9236,12,19.450000000000003,No Algorithm,-4.195498723967431,0.38058365060175436,53.42003856413466,53.41753518837742,,,
4,9236,13,20.950000000000003,No Algorithm,-3.4585362114105984,0.4509686778217228,49.30682141960792,49.27692499699457,,,
4,9236,14,22.450000000000003,No Algorithm,-3.835140151734274,0.4135099696985391,51.46864832770548,51.41739498126638,,,
4,9236,15,23.950000000000003,No Algorithm,-4.320256447013081,0.3698063424012718,54.081713857698546,54.05508843694774,,,
4,9236,16,25.450000000000003,No Algorithm,-4.066840649296533,0.39202696022782846,52.81147221337088,52.78531367784934,,,
4,9236,17,26.950000000000003,No Algorithm,-3.761644181318875,0.4205673770091139,50.99362445059497,50.94405730014582,,,
4,9236,18,28.450000000000003,No Algorithm,-3.6270216361450576,0.4338082793489155,50.42812416147577,50.70842459517122,,,
4,9236,19,29.950000000000003,No Algorithm,-3.907485240238513,0.4066787462271886,51.934102694038906,51.962346436886875,,,
4,9236,0,1.4500000000000002,DPC,-3.7499340896078195,0.42170290332404253,51.0349939022301,51.06980350367791,1.1598552377834472,1.7601284114284208,0.807526818989414
4,9236,1,2.95,DPC,-3.976417675862367,0.4002747845312839,52.2654101661151,52.21467030903017,1.0848815585861469,1.7537426667682328,0.6313528966602152
4,9236,2,4.45,DPC,-3.9324953658027906,0.4043434975720537,52.143029064514955,52.29363519121632,1.0689665279522578,1.7122374016473065,0.5702882891892287
4,9236,3,5.95,DPC,-3.4539430749461504,0.45144587854510976,49.332082006427896,49.31416026892169,1.0066716386093237,1.7209095274081714,0.5134418116366292
4,9236,4,7.45,DPC,-3.9768020661547654,0.4002393581238593,52.28699120515641,52.517999738863615,1.0317926743548427,1.7264506240098179,0.47380405686181565
4,9236,5,8.950000000000001,DPC,-3.796534547790328,0.4172021570871236,51.31512044399965,51.40358099381538,1.015138063247239,1.7056855014572256,0.4308680773139386
4,9236,6,10.450000000000001,DPC,-3.810932491337548,0.4158213182225302,51.42484695811882,51.50610548779784,1.0348179863515037,1.6868645667653546,0.3995123553731371
4,9236,7,11.950000000000001,DPC,-3.766574474891649,0.42009020214424925,51.11261498257146,51.12725683621004,1.0907010144194726,1.7995825812053414,0.38266603258762116
4,9236,8,13.450000000000001,DPC,-3.6896765315394635,0.42759473280517246,50.65141362621682,50.63502120924856,1.0261821513247271,1.7241282949467602,0.3614656434474446
4,9236,9,14.950000000000001,DPC,-4.304151085324582,0.3711802769470503,54.04820983758427,53.99658193258923,1.0223295849110727,1.7095963825267015,0.33282733084911587
4,9236,10,16.45,DPC,-3.7208883734808933,0.4245327145394875,50.73966773740559,50.716742983835836,0.9895058498717767,1.7131906658538578,0.3085004197299621
4,9236,11,17.95,DPC,-3.833775486418833,0.4136399256167646,51.57504676206363,51.53238982512875,1.0101043772637395,1.7233622942973579,0.30042730556659475
4,9236,12,19.450000000000003,DPC,-3.978129811307276,0.400117013801158,52.37272559395566,52.35251971218116,0.981981489365287,1.7072408481325347,0.27855462719660706
4,9236,13,20.950000000000003,DPC,-3.7182165663263627,0.42479397010864195,50.823522734247554,50.871364060423815,0.9646241408015542,1.706881909371882,0.2670403552828338
4,9236,14,22.450000000000003,DPC,-4.186182937930811,0.3814008935729112,53.41048261808117,53.37891393833836,0.9996177201422703,1.7559427869183428,0.2578254627373567
4,9236,15,23.950000000000003,DPC,-3.9824109772612464,0.39972278283905743,52.347146378491324,52.306250539150305,0.9993789934166858,1.7432242470840318,0.2494735873310827
4,9236,16,25.450000000000003,DPC,-3.769288557685655,0.4198277527129932,51.28151638049996,51.26517211132896,0.9893434015556563,1.7016383371660913,0.25253661683412865
4,9236,17,26.950000000000003,DPC,-3.9881191947675387,0.3991977460630088,52.366199380949425,52.31996333640853,1.0202730013509527,1.7745424239724448,0.24980420190843275
4,9236,18,28.450000000000003,DPC,-3.5973343128927517,0.4367838466541995,50.144186389869084,50.09728380885867,0.9301742396126575,1.6626134139882862,0.24175341533922617
4,9236,19,29.950000000000003,DPC,-3.946073456995907,0.40308130347258186,52.12685849814339,52.09597864660989,1.0058216813636327,1.7304274110844524,0.23814338770966134
4,9236,0,1.4500000000000002,Node-KF DPC,-3.730402510637381,0.4236037040037233,50.942351428810255,51.15875428106165,0.48728133879974433,0.2555423990501711,0.807526818989414
4,9236,1,2.95,Node-KF DPC,-3.625192608448658,0.43399101583170313,50.395555265276556,50.36897872939181,0.40034665599682395,0.21825841370276924,0.6313528966602152
4,9236,2,4.45,Node-KF DPC,-3.0901593637339744,0.4908898626893689,46.92857577839629,46.92453510091374,0.36181084061698615,0.2022714614314569,0.5702882891892287
4,9236,3,5.95,Node-KF DPC,-2.7588991047924245,0.5297977255561059,44.75803958295914,44.71337249404497,0.3198993008537153,0.19403483969514546,0.5134418116366292
4,9236,4,7.45,Node-KF DPC,-2.9199260188850946,0.5105136963904705,45.96805945465837,45.950401064256376,0.2896029817694693,0.1821042320670004,0.47380405686181565
4,9236,5,8.950000000000001,Node-KF DPC,-2.3925704714691287,0.5764251919410287,42.05745003218463,42.01921496563634,0.25883494205576146,0.17967225898515962,0.4308680773139386
4,9236,6,10.450000000000001,Node-KF DPC,-2.429090689155667,0.5715983034299144,42.21795511681008,42.177208216523,0.2458993597060777,0.17373424949498903,0.3995123553731371
4,9236,7,11.950000000000001,Node-KF DPC,-2.1921638923549374,0.6036477841317514,40.26741211845192,40.304766999891434,0.23306985126453392,0.16756255319651692,0.38266603258762116
4,9236,8,13.450000000000001,Node-KF DPC,-2.1104834262234835,0.615108399336726,39.58127224539922,39.5416914093855,0.2360455700747385,0.17413526584494088,0.3614656434474446
4,9236,9,14.950000000000001,Node-KF DPC,-1.938652905930023,0.6399332991304362,38.02223037825912,38.080413297916685,0.22123806042708696,0.16407396513903139,0.33282733084911587
4,9236,10,16.45,Node-KF DPC,-1.6501459906081575,0.683888657581278,35.24092334832732,35.230585375205884,0.2002716817860415,0.16049716315111295,0.3085004197299621
4,9236,11,17.95,Node-KF DPC,-1.6115928025523139,0.6899867004316402,34.80662132091906,34.80758941242489,0.2013656995479693,0.16721809386248246,0.30042730556659475
4,9236,12,19.450000000000003,Node-KF DPC,-1.4755323512487788,0.7119455255033876,33.268834641984554,33.29740306414844,0.19177039811330987,0.16383394134990417,0.27855462719660706
4,9236,13,20.950000000000003,Node-KF DPC,-1.4369266280006674,0.7183024325739937,32.878399682276765,32.85939404543051,0.1861989432586604,0.1628467997732574,0.2670403552828338
4,9236,14,22.450000000000003,Node-KF DPC,-1.3992322053942987,0.7245640453294973,32.47114985066821,32.45395637879088,0.18541093665245698,0.16317651285346405,0.2578254627373567
4,9236,15,23.950000000000003,Node-KF DPC,-1.3711012858407252,0.729272557552261,32.271140015447024,32.241392584961,0.1809704700445301,0.1616584986998317,0.2494735873310827
4,9236,16,25.450000000000003,Node-KF DPC,-1.4108984415755441,0.722620296918495,32.73869550587472,32.7072797866778,0.18491125442240008,0.16009633083294397,0.25253661683412865
4,9236,17,26.950000000000003,Node-KF DPC,-1.438736791446189,0.7180031025287201,33.0471270933769,33.01595420640947,0.18531431799537204,0.1605699830168925,0.24980420190843275
4,9236,18,28.450000000000003,Node-KF DPC,-1.3191343634787633,0.738051323988265,31.56637189701291,31.5420092993154,0.17876167582770608,0.1623167882543325,0.24175341533922617
4,9236,19,29.950000000000003,Node-KF DPC,-1.2904464211187985,0.7429427652046304,31.242122821520923,31.22459689211439,0.1788081751398128,0.1658051362926452,0.23814338770966134
4,9236,0,1.4500000000000002,KF-DPC,-1.2802198249908332,0.7446942790784029,31.110230789241264,31.142175847046854,0.17513632306840332,0.2555423990501711,0.144215145857696
4,9236,1,2.95,KF-DPC,-1.0200472593706875,0.7906700239828224,27.731206607179917,28.060631078662787,0.1534295245350508,0.21825841370276924,0.13407725829939782
4,9236,2,4.45,KF-DPC,-0.8449448695212001,0.8232002867750776,25.271030119727197,25.37092598919539,0.13697458110957975,0.2022714614314569,0.10834627861634281
4,9236,3,5.95,KF-DPC,-0.753645184753442,0.8406892257073453,23.890246622378555,23.97444305071395,0.1305808987433583,0.19403483969514546,0.09680722457941995
4,9236,4,7.45,KF-DPC,-0.60221183558661,0.8705201263922354,21.409644695449092,21.42136279862867,0.11641264581047175,0.1821042320670004,0.0810901021709692
4,9236,5,8.950000000000001,KF-DPC,-0.6265743365059208,0.8656504643935926,21.758018331328696,21.752307900979666,0.11763892320352408,0.17967225898515962,0.05717686241653095
4,9236,6,10.450000000000001,KF-DPC,-0.6184588128001806,0.8672695903873993,21.646261991938417,21.653463358553537,0.11715414157045782,0.17373424949498903,0.05971098476754421
4,9236,7,11.950000000000001,KF-DPC,-0.5705538571609776,0.8768889840760058,20.818019415947244,20.80062670459805,0.11138610050874366,0.16756255319651692,0.0695213768488525
4,9236,8,13.450000000000001,KF-DPC,-0.6574547726000218,0.8595171027491857,22.272575836273994,22.287466204982355,0.12217493078229792,0.17413526584494088,0.07435675884491692
4,9236,9,14.950000000000001,KF-DPC,-0.5926140332700365,0.8724460820515446,21.188279465505346,21.25525672960194,0.11586352218591794,0.16407396513903139,0.07513971827151955
4,9236,10,16.45,KF-DPC,-0.5896778218038028,0.8730361315350147,21.145100272039283,21.247976571700683,0.1162825135874331,0.16049716315111295,0.06766000557777509
4,9236,11,17.95,KF-DPC,-0.5866587951640722,0.8736432393338814,21.071064674430293,21.08378862864712,0.1156767806676641,0.16721809386248246,0.062080740201225816
4,9236,12,19.450000000000003,KF-DPC,-0.5924801795658801,0.8724729720868275,21.234067530149947,21.260547218290974,0.11526347641699886,0.16383394134990417,0.05360312376006178
4,9236,13,20.950000000000003,KF-DPC,-0.5748504454288481,0.8760218839895568,20.858638297708332,20.84564681172354,0.1131141533902834,0.1628467997732574,0.04189485520280635
4,9236,14,22.450000000000003,KF-DPC,-0.5432989756844276,0.882409352428789,20.277629928625522,20.260303443231646,0.10896414198144222,0.16317651285346405,0.03135973985754333
4,9236,15,23.950000000000003,KF-DPC,-0.48386983198040634,0.8945672956111819,19.146394533462715,19.13346583482187,0.10358228821854765,0.1616584986998317,0.02286553822150541
4,9236,16,25.450000000000003,KF-DPC,-0.4569204883671424,0.9001356268424651,18.58678383053539,18.575443482746074,0.09973796510943618,0.16009633083294397,0.014652080696470768
4,9236,17,26.950000000000003,KF-DPC,-0.4900395646226495,0.8932973456760881,19.270252759096664,19.251306879999873,0.10421361308136574,0.1605699830168925,0.008676602271895312
4,9236,18,28.450000000000003,KF-DPC,-0.4554202794135418,0.9004466196933584,18.57244923053913,18.56321249223691,0.10149365524457567,0.1623167882543325,0.010444742803299226
4,9236,19,29.950000000000003,KF-DPC,-0.5108870544160498,0.8890195154515477,19.674258256545304,19.655247308549534,0.10565566403711328,0.1658051362926452,0.01547686861957062
4,9236,0,1.4500000000000002,Shore Broadcast,-0.4825375377407815,0.8948417659839059,19.106320810936527,19.36044392046906,0.10659877320286353,0.17422294072064476,0.05593680497072606
4,9236,1,2.95,Shore Broadcast,-1.450181614102137,0.7161134630161424,33.56502686552808,42.8562644959123,0.23951479983388319,0.17463115918616884,0.2959141441290201
4,9236,2,4.45,Shore Broadcast,-1.0308150696941496,0.7887120808210487,27.92807122332541,31.80031089277321,0.17390811005179557,0.17654661807437858,0.21023347407826343
4,9236,3,5.95,Shore Broadcast,-0.6456761963598174,0.8618513780284209,22.15852838184672,26.70393352596666,0.14640638471936626,0.16970476166979284,0.15231895442599708
4,9236,4,7.45,Shore Broadcast,-0.7410654652692918,0.8431278857637666,23.64492458192687,27.60302404369956,0.15022707771160548,0.17426518281026995,0.15979822118531364
4,9236,5,8.950000000000001,Shore Broadcast,-0.5564596743929742,0.8797393794313364,20.528688819634933,24.477147821743426,0.13293499458336555,0.17272913148998267,0.18181027192667545
4,9236,6,10.450000000000001,Shore Broadcast,-0.5192162958085716,0.8873161178302199,19.849170457775866,20.620995747687168,0.11031106077114584,0.16970034110763021,0.0965297759858337
4,9236,7,11.950000000000001,Shore Broadcast,-0.5365731658686831,0.8837769764106397,20.14570984510941,23.87965633366005,0.12967075919339638,0.1700719005836025,0.1742008034952036
4,9236,8,13.450000000000001,Shore Broadcast,-0.9028305315217757,0.8123009232501738,26.125419535924635,29.00076557175998,0.15960274047061346,0.16872623962095115,0.19140445623705166
4,9236,9,14.950000000000001,Shore Broadcast,-1.1325118884821217,0.7704577199850655,29.100709502490332,31.013949582791643,0.17132065503211608,0.17225273366537316,0.23044243969572054
4,9236,10,16.45,Shore Broadcast,-1.3744848025202059,0.7287046145969268,32.000655166446634,33.25999920823989,0.18366424456860486,0.1710284258508077,0.24025607627910375
4,9236,11,17.95,Shore Broadcast,-0.500730823616717,0.8911009725089446,19.433076085557094,19.612073532179004,0.10638631514021916,0.17377046097576682,0.06112298719048514
4,9236,12,19.450000000000003,Shore Broadcast,-1.4444758530143527,0.7170549112162075,32.81660803273887,37.76918529941609,0.20658741935498523,0.1702861915882648,0.31372339146999456
4,9236,13,20.950000000000003,Shore Broadcast,-0.5815771469254795,0.8746660812459948,20.976648462524846,21.45714226966772,0.114647020978487,0.17024899572561972,0.1134995587382719
4,9236,14,22.450000000000003,Shore Broadcast,-0.854650299771844,0.8213626874891206,25.376039667998658,25.45179611230735,0.13840818003132488,0.17623595555515137,0.152195405962401
4,9236,15,23.950000000000003,Shore Broadcast,-0.7522153512567267,0.8409660525063483,23.8127962258188,23.897399237915167,0.12983359655864354,0.17254180705919572,0.12092878577213925
4,9236,16,25.450000000000003,Shore Broadcast,-0.5366833321823195,0.88375455816202,20.165484420243192,20.354134055989086,0.11066144430515136,0.17033657766255642,0.09820491179105709
4,9236,17,26.950000000000003,Shore Broadcast,-0.7250645415690757,0.8462399925335532,23.4079902925468,23.99803928621665,0.1297808149131755,0.1827312867062927,0.13200760377793452
4,9236,18,28.450000000000003,Shore Broadcast,-1.0054895498073697,0.793324825775379,27.45180352296846,27.817097376805634,0.15204689678460298,0.17411804652344254,0.20443992353155385
4,9236,19,29.950000000000003,Shore Broadcast,-0.761364508477441,0.8391962782775676,23.960953008854798,23.95200621389601,0.13149201685306897,0.1733825974641169,0.15087593852001915
5,10245,0,1.4500000000000002,No Algorithm,-3.91396432847697,0.4060724886980525,52.072632889913415,52.02081103512874,,,
5,10245,1,2.95,No Algorithm,-4.164853580563505,0.38327866216212664,53.29110020595502,53.25249170671453,,,
5,10245,2,4.45,No Algorithm,-4.227349997210931,0.37780265037833916,53.56709298991294,53.51719351885001,,,
5,10245,3,5.95,No Algorithm,-4.108187075181776,0.38831242983340836,53.062052365206966,53.03142873263047,,,
5,10245,4,7.45,No Algorithm,-4.027997179227928,0.3955489919672279,52.56329218399988,52.73247486007991,,,
5,10245,5,8.950000000000001,No Algorithm,-3.8033883988973987,0.4165442656224137,51.457345935780076,51.730962672412,,,
5,10245,6,10.450000000000001,No Algorithm,-4.1913949869989295,0.3809434418009639,53.47969447456987,53.445750877688276,,,
5,10245,7,11.950000000000001,No Algorithm,-3.91198468048336,0.40625763123741737,51.903516659984895,52.0919092556298,,,
5,10245,8,13.450000000000001,No Algorithm,-4.019575294116197,0.3963167890288339,52.49348935616143,52.441055590789524,,,
5,10245,9,14.950000000000001,No Algorithm,-3.936492016033907,0.40397156648678684,52.16452171590399,52.158269629322035,,,
5,10245,10,16.45,No Algorithm,-3.828399099460707,0.4141523119130403,51.51467649957105,51.52156793624332,,,
5,10245,11,17.95,No Algorithm,-3.953631443681692,0.40238043484411157,52.11263367949753,52.11963328215068,,,
5,10245,12,19.450000000000003,No Algorithm,-3.8362400936723873,0.413405252880157,51.57660592638635,51.56930950332862,,,
5,10245,13,20.950000000000003,No Algorithm,-4.105307334732114,0.3885699992669338,52.986500493956456,53.27696621763399,,,
5,10245,14,22.450000000000003,No Algorithm,-3.831301457627948,0.41387562942351536,51.56343111723206,51.553399574979686,,,
5,10245,15,23.950000000000003,No Algorithm,-4.050356588217933,0.39351776338072464,52.67026224786097,52.63321283032855,,,
5,10245,16,25.450000000000003,No Algorithm,-3.8279407288918357,0.4141960253971007,51.465899118900936,51.415099830846586,,,
5,10245,17,26.950000000000003,No Algorithm,-3.888352062960445,0.4084743531463291,51.80505414452958,51.82097259160374,,,
5,10245,18,28.450000000000003,No Algorithm,-3.689154988793572,0.42764608559261,50.735573055322966,50.691633989476045,,,
5,10245,19,29.950000000000003,No Algorithm,-3.7809761151208203,0.41869944815069265,51.237515762016194,51.19535658854349,,,
5,10245,0,1.4500000000000002,DPC,-3.882435837873546,0.4090311810826564,51.81961382488852,51.77118081936784,1.1335204819642215,1.6883384439564042,0.8554744649411062
5,10245,1,2.95,DPC,-3.7758122503234652,0.41919758785526806,51.15811473328034,51.42097392789723,1.0459742296122556,1.7488040705745715,0.6411021446347165
5,10245,2,4.45,DPC,-3.7775684509283987,0.4190281069484679,51.28018383639063,51.25862825945872,1.0683190934841151,1.7885219301322899,0.5676874076399968
5,10245,3,5.95,DPC,-4.051033347317973,0.39345644646569056,52.72442728695613,52.843081380812826,1.0391077098556125,1.745320300151461,0.4818915269830853
5,10245,4,7.45,DPC,-4.198864883697038,0.38028877948180967,53.53682671292907,53.48432378932516,1.057491188250138,1.6977224658885453,0.4424876515820325
5,10245,5,8.950000000000001,DPC,-3.8833364678878706,0.4089463659217537,51.8018609236989,51.75526764488044,1.0758613569497175,1.811476365788718,0.40257771432613265
5,10245,6,10.450000000000001,DPC,-4.159287410676809,0.3837702092486239,53.432339013019,53.49540371926683,0.9551833869250017,1.6615109189718653,0.3784573488686613
5,10245,7,11.950000000000001,DPC,-3.4951107790187685,0.4471867448879749,49.42621491451517,49.52112271841822,1.0044425853466619,1.7120153863223466,0.34769816067236975
5,10245,8,13.450000000000001,DPC,-3.8434345105754417,0.41272098270843743,51.559584230172426,51.507999101809006,1.0109404527574595,1.718657728184382,0.3221515267384427
5,10245,9,14.950000000000001,DPC,-3.9156486871274963,0.4059150289283248,52.03516300614314,52.07381521947058,1.0577264260666295,1.7831174368396245,0.30738884708224196
5,10245,10,16.45,DPC,-4.021666792212828,0.3961259746656557,52.50113801164114,52.69257258306595,0.9875534193799728,1.7418517325211833,0.29669645319403937
5,10245,11,17.95,DPC,-3.6584459711138777,0.4306806926948676,50.55641942126174,50.5383396910198,1.0079016820111406,1.7282323923638925,0.2972893614422705
5,10245,12,19.450000000000003,DPC,-4.044011139940638,0.39409314985600047,52.663282713376894,52.61158321093386,0.9447931995892912,1.7280966179408739,0.28457465061733483
5,10245,13,20.950000000000003,DPC,-3.9646763606044244,0.40135840666768907,52.27557506235723,52.28250358573732,1.0477849636389112,1.767439282842283,0.28396723813402974
5,10245,14,22.450000000000003,DPC,-4.141589372921522,0.3853373112572809,53.14934265915661,53.110612611195634,1.0429727984115529,1.7083156746446087,0.27170198286540204
5,10245,15,23.950000000000003,DPC,-3.8375544670313944,0.4132801565094495,51.66141756468254,51.62775798026844,0.9521794759356684,1.6831066467816669,0.2653945519955874
5,10245,16,25.450000000000003,DPC,-3.90469005100778,0.40694057546773577,51.91251781376674,51.8725456653377,1.0351643626308535,1.732008918002234,0.2555815935596975
5,10245,17,26.950000000000003,DPC,-4.0847557532209,0.39041313868583577,52.8816008554826,52.86214040855287,0.9349653901368224,1.665141154664936,0.25052474199835156
5,10245,18,28.450000000000003,DPC,-4.025800278686859,0.3957491330367482,52.68443056115619,52.67304158283281,1.0799708961601664,1.7854944905419678,0.24235460567137768
5,10245,19,29.950000000000003,DPC,-3.6942273988193213,0.4271469012598326,50.817180001827374,50.784530147613964,1.0218871175251956,1.7595647446752973,0.2315788403501427
5,10245,0,1.4500000000000002,Node-KF DPC,-4.222608742731372,0.378215328114358,53.68547587940865,53.63302039178254,0.5101521910401916,0.2758843634140316,0.8554744649411062
5,10245,1,2.95,Node-KF DPC,-3.32704892512836,0.4648310253097648,48.56225398732419,48.611785743639714,0.38560114310980853,0.2261303239305339,0.6411021446347165
5,10245,2,4.45,Node-KF DPC,-3.100952059364212,0.4896714619361948,47.074487928444704,47.1146317131597,0.33526527108575294,0.20796037984320395,0.5676874076399968
5,10245,3,5.95,Node-KF DPC,-2.7938029000440285,0.5255568609278014,44.95904617267702,44.9667526957007,0.2904468548043194,0.19996036055036018,0.4818915269830853
5,10245,4,7.45,Node-KF DPC,-2.4080659028214497,0.5743721975127722,42.049278653251406,42.024987122770725,0.2744085728841041,0.1868081196840267,0.4424876515820325
5,10245,5,8.950000000000001,Node-KF DPC,-2.463704775932383,0.567060664417278,42.54859759875002,42.5095298434156,0.2634111591733381,0.17909090631782174,0.40257771432613265
5,10245,6,10.450000000000001,Node-KF DPC,-2.2183772013960503,0.6000152379787441,40.47337708395001,40.46595696635987,0.24275712401683033,0.17757711153081215,0.3784573488686613
5,10245,7,11.950000000000001,Node-KF DPC,-1.8643274105619017,0.6509794198531973,37.34535429298202,37.41499308682479,0.22119696483429047,0.1732768539375565,0.34769816067236975
5,10245,8,13.450000000000001,Node-KF DPC,-1.686008509403514,0.6782645970477984,35.597283825213204,35.87187606774163,0.20476971470933383,0.17275316209032343,0.3221515267384427
5,10245,9,14.950000000000001,Node-KF DPC,-1.5730267146997106,0.6961411855520506,34.3649951342009,34.33079172003143,0.1985884803829524,0.16748164616240252,0.30738884708224196
5,10245,10,16.45,Node-KF DPC,-1.6306087538089709,0.6869721398688045,34.892029210249895,34.88284299383132,0.19969915181956985,0.1682134029782308,0.29669645319403937
5,10245,11,17.95,Node-KF DPC,-1.6018578071106435,0.6915350855963827,34.7076470902195,34.678883232878384,0.19832198094310316,0.15708479855992516,0.2972893614422705
5,10245,12,19.450000000000003,Node-KF DPC,-1.5284458877250353,0.7033239576303513,33.977955384472594,33.97250470586025,0.1927425144656461,0.16097833539857073,0.28457465061733483
5,10245,13,20.950000000000003,Node-KF DPC,-1.5383010908270156,0.7017297531994499,34.06839382677498,34.112133192473046,0.19042044268406452,0.16693978821993377,0.28396723813402974
5,10245,14,22.450000000000003,Node-KF DPC,-1.5472089084971365,0.7002919098137226,34.02423135192213,34.00379028621844,0.1889985843973999,0.16056838355178948,0.27170198286540204
5,10245,15,23.950000000000003,Node-KF DPC,-1.287927692243157,0.7433737663360513,31.135404502420197,31.112936721048296,0.1753944714794626,0.1576701086782391,0.2653945519955874
5,10245,16,25.450000000000003,Node-KF DPC,-1.3082584471580434,0.7399019216927261,31.4482752399089,31.417216672408376,0.17126353526147736,0.16039052197461445,0.2555815935596975
5,10245,17,26.950000000000003,Node-KF DPC,-1.1791984301334262,0.7622196786205613,29.85030275257893,29.8253885289072,0.1658258741567604,0.1607105659065144,0.25052474199835156
5,10245,18,28.450000000000003,Node-KF DPC,-1.1919740154806,0.7599807614314205,30.019222468974498,30.03339102185702,0.16766456535537824,0.16716713572790617,0.24235460567137768
5,10245,19,29.950000000000003,Node-KF DPC,-1.2331790236271503,0.7528043113214964,30.592303868820235,30.56379721372166,0.16881240890173427,0.16200626534858842,0.2315788403501427
5,10245,0,1.4500000000000002,KF-DPC,-1.4979235679491558,0.7082843456253971,33.64950876245153,34.406550570704425,0.19704581996728598,0.2758843634140316,0.19784063404047128
5,10245,1,2.95,KF-DPC,-1.0831469463392143,0.7792652415920851,28.63385620700653,30.47661137255705,0.16724562943472707,0.2261303239305339,0.12763690512691422
5,10245,2,4.45,KF-DPC,-0.8463238713943364,0.8229389400215827,25.3261723797099,26.694221503724066,0.1452641359214559,0.20796037984320395,0.1251539964196544
5,10245,3,5.95,KF-DPC,-0.8747919565304043,0.8175622013247625,25.7381152842146,26.75388413242399,0.14546345073044167,0.19996036055036018,0.11530785426742814
5,10245,4,7.45,KF-DPC,-0.7378117555338458,0.8437597890946021,23.61492774367445,24.482339039184666,0.13317038336163708,0.1868081196840267,0.10989822227304559
5,10245,5,8.950000000000001,KF-DPC,-0.6281627228591908,0.8653339197381343,21.8439024019485,22.111427688010043,0.11859974786399305,0.17909090631782174,0.07802835354554852
5,10245,6,10.450000000000001,KF-DPC,-0.6226306222830071,0.8664368958788267,21.74640229494131,21.970605037704203,0.11894526471033967,0.17757711153081215,0.06654110184821956
5,10245,7,11.950000000000001,KF-DPC,-0.5804746914290657,0.8748881432040708,20.98638361091599,21.2994950795061,0.11491180349485701,0.1732768539375565,0.05768227377517159
5,10245,8,13.450000000000001,KF-DPC,-0.5535635326713477,0.8803262392113306,20.444114380164233,20.68540511168695,0.11144528795586285,0.17275316209032343,0.054163124785190545
5,10245,9,14.950000000000001,KF-DPC,-0.5433334432320351,0.8824023492622879,20.303880698624592,20.50286943911229,0.10967396671203705,0.16748164616240252,0.04819450229198128
5,10245,10,16.45,KF-DPC,-0.5759529741034763,0.8757995195110411,20.877546387218857,20.978581049606266,0.11347993020318838,0.1682134029782308,0.04968755037015471
5,10245,11,17.95,KF-DPC,-0.5146802921058847,0.8882433623589812,19.71212897709222,19.694512432317076,0.10640210664935884,0.15708479855992516,0.055882718071542124
5,10245,12,19.450000000000003,KF-DPC,-0.5667972417439019,0.8776478147602557,20.71366060391061,20.74829835360523,0.11037433433778591,0.16097833539857073,0.05796617634372803
5,10245,13,20.950000000000003,KF-DPC,-0.613949662924373,0.8681705181187933,21.585951056266587,21.577759498008863,0.1154616264421024,0.16693978821993377,0.05693728279956561
5,10245,14,22.450000000000003,KF-DPC,-0.5737066061187373,0.8762526399114573,20.83909863796908,20.908770157854963,0.11141643050173347,0.16056838355178948,0.05570375785655553
5,10245,15,23.950000000000003,KF-DPC,-0.5253300479115762,0.8860678831845002,19.928302667062017,19.993342118827368,0.10732660553141347,0.1576701086782391,0.05116299448716308
5,10245,16,25.450000000000003,KF-DPC,-0.5216473819602446,0.8868195565410198,19.877074505523577,19.882815286246597,0.10565707598816446,0.16039052197461445,0.048034291772639126
5,10245,17,26.950000000000003,KF-DPC,-0.5402963783349203,0.8830196378937004,20.249735008437696,20.24212484214208,0.10916653277482376,0.1607105659065144,0.04699308663844991
5,10245,18,28.450000000000003,KF-DPC,-0.5676979979763207,0.8774658035224343,20.719789644488195,20.716371643209886,0.11158521898960923,0.16716713572790617,0.044995725855775756
5,10245,19,29.950000000000003,KF-DPC,-0.541430912717023,0.8827889913308088,20.28099489214183,20.364937645530002,0.109423413046288,0.16200626534858842,0.043244656167363164
5,10245,0,1.4500000000000002,Shore Broadcast,-0.7835431198501358,0.8349215833069981,24.380665108642926,24.360794045125623,0.1313365486697303,0.17285217534660233,0.16355382839077104
5,10245,1,2.95,Shore Broadcast,-0.5485088399901654,0.881351435087944,20.395550581564315,21.533677169620777,0.11615353058533853,0.16987926765876635,0.1360553358270483
5,10245,2,4.45,Shore Broadcast,-0.6150149967170742,0.8679575801240327,21.65088306249822,21.747415097128485,0.11762367042907812,0.1751867238401131,0.16364705981499855
5,10245,3,5.95,Shore Broadcast,-1.6166450345767744,0.6891844922098905,34.773253416233246,36.92739207016206,0.20279364305247688,0.17744156078610257,0.27679722465608664
5,10245,4,7.45,Shore Broadcast,-0.7340112036064222,0.8444984944122216,23.501229885430458,24.34943247667651,0.13245287090428784,0.1693588966270741,0.23065131303868008
5,10245,5,8.950000000000001,Shore Broadcast,-0.9297139027113721,0.8072882096858852,26.454962942020813,29.51609783011783,0.1652136149733659,0.17266726796668425,0.2333483354825267
5,10245,6,10.450000000000001,Shore Broadcast,-0.560982614296381,0.8788236558224334,20.603524831678907,21.336013775905638,0.11588582818432881,0.173223996410913,0.08451733351830881
5,10245,7,11.950000000000001,Shore Broadcast,-0.7304705250622161,0.8451872705828257,23.481284737968053,24.061073572002396,0.13262972299422643,0.17353677383387411,0.15249339090391556
5,10245,8,13.450000000000001,Shore Broadcast,-0.5219326321192194,0.8867613110134661,19.86483757266087,20.370837913294903,0.10991351187183449,0.17315858759494207,0.10498037668460856
5,10245,9,14.950000000000001,Shore Broadcast,-0.510406445407451,0.8891179036301771,19.670709413469368,19.651865503148578,0.10561426959342751,0.1762464263776764,0.07979083169355426
5,10245,10,16.45,Shore Broadcast,-0.5449532933316136,0.882073288437963,20.311017502169157,21.569142857738054,0.11783912362531693,0.17403618009497682,0.10435394587398734
5,10245,11,17.95,Shore Broadcast,-1.4333637836144852,0.7188919518829766,32.614864281756674,32.59048416004065,0.17642023707713797,0.17388410664836348,0.25373666780287196
5,10245,12,19.450000000000003,Shore Broadcast,-0.5536955221020702,0.8802994850161103,20.447409773103487,20.491569130306676,0.10930468255731644,0.17235050453250852,0.09291838114806912
5,10245,13,20.950000000000003,Shore Broadcast,-0.7389346290573449,0.8435416622021115,23.59764065222567,24.088068220121492,0.13004367453220625,0.17661620966405792,0.13891040036567442
5,10245,14,22.450000000000003,Shore Broadcast,-0.9078641464095352,0.8113599853442358,26.159778487081066,26.382399406208915,0.14479482949781236,0.17125321021452347,0.16691189982515786
5,10245,15,23.950000000000003,Shore Broadcast,-0.5845218917545806,0.874073212695902,21.050055769723677,22.665621865411328,0.12090237981585135,0.17206096585128766,0.15477216746945474
5,10245,16,25.450000000000003,Shore Broadcast,-0.7908918991374705,0.8335099912901623,24.42645801559493,25.429839507075947,0.13800693946297313,0.1741683119923468,0.1655454514502812
5,10245,17,26.950000000000003,Shore Broadcast,-0.801954843405456,0.8313894624007004,24.592810905877688,24.59311005048211,0.1330291883068417,0.17626878239352417,0.1652655115628412
5,10245,18,28.450000000000003,Shore Broadcast,-1.713144899237461,0.6740397519111975,35.57676247544012,35.81465288408211,0.19527871733011012,0.17365965398065678,0.2898543692789239
5,10245,19,29.950000000000003,Shore Broadcast,-0.608691567499662,0.8692222671416162,21.53840956331064,22.830890327410117,0.12374201146005404,0.17962557928737563,0.12252556988245536
6,11254,0,1.4500000000000002,No Algorithm,-4.109907564164723,0.3881586275243813,52.99547713368186,52.942617499038526,,,
6,11254,1,2.95,No Algorithm,-3.7812307035394483,0.4186749042270425,51.24311111592532,51.192451150638455,,,
6,11254,2,4.45,No Algorithm,-3.7684862379145647,0.41990531925738167,51.06495692687046,51.04332856422368,,,
6,11254,3,5.95,No Algorithm,-3.7012458613541614,0.4264571634099119,50.77962161319705,50.72898112399629,,,
6,11254,4,7.45,No Algorithm,-4.2035230686468985,0.37988110545814147,53.53171751472315,53.48865042094228,,,
6,11254,5,8.950000000000001,No Algorithm,-3.637475748643429,0.43276529427428506,50.48457628231149,50.436199517123754,,,
6,11254,6,10.450000000000001,No Algorithm,-3.812291551377991,0.41569121347876414,51.3727361713239,51.3988481451832,,,
6,11254,7,11.950000000000001,No Algorithm,-3.9736875977259634,0.4005264858605669,52.30010756838336,52.2806139416506,,,
6,11254,8,13.450000000000001,No Algorithm,-3.7992438080999236,0.4169419749284466,51.35012450613156,51.33037022901187,,,
6,11254,9,14.950000000000001,No Algorithm,-3.5525985976417185,0.44130631305105156,49.887978824579264,49.904616385592455,,,
6,11254,10,16.45,No Algorithm,-3.690117104832381,0.4275513573371162,50.82010012841299,50.82921539341923,,,
6,11254,11,17.95,No Algorithm,-3.726437594531112,0.4239906119960769,50.89391264679917,50.85399152623608,,,
6,11254,12,19.450000000000003,No Algorithm,-3.7100280666872187,0.4255956626730668,50.77127319821641,50.837641810815605,,,
6,11254,13,20.950000000000003,No Algorithm,-3.9464780913075463,0.40304374993812103,52.18508867781702,52.151843957732765,,,
6,11254,14,22.450000000000003,No Algorithm,-3.7828388370260186,0.4185199032950164,51.20315172645858,51.250592624401854,,,
6,11254,15,23.950000000000003,No Algorithm,-3.765343284949339,0.42020931122179517,51.164537431074415,51.11971176426573,,,
6,11254,16,25.450000000000003,No Algorithm,-4.029803720313114,0.3953844890932424,52.615067315915766,52.600171393211674,,,
6,11254,17,26.950000000000003,No Algorithm,-3.847365969013815,0.41234753537013524,51.56594539600274,51.51834385329147,,,
6,11254,18,28.450000000000003,No Algorithm,-3.663060420101134,0.4302233305258929,50.53996553727194,50.49142876579318,,,
6,11254,19,29.950000000000003,No Algorithm,-3.9247102373150478,0.4050689705678235,52.077423131886974,52.02557923628217,,,
6,11254,0,1.4500000000000002,DPC,-4.028937327940193,0.3954633738802821,52.63175630951683,52.58100129975244,1.0723942112618592,1.6700321001953973,0.7977515648139125
6,11254,1,2.95,DPC,-3.8411079483887307,0.41294214100501936,51.584848779663226,51.57101741804048,1.062448367220604,1.727913944445345,0.6515392434722526
6,11254,2,4.45,DPC,-4.028596173758137,0.39549444019325714,52.67435934872619,52.62322346472723,1.0840641616567925,1.74203737809339,0.5352693063312337
6,11254,3,5.95,DPC,-4.00555016738634,0.39759872519042727,52.515071573523805,52.77712150348458,1.0236054203305098,1.7390922163288538,0.47543189683831655
6,11254,4,7.45,DPC,-3.9401315349564223,0.4036331679273679,52.099956805969846,52.05515341136818,1.039525882280819,1.7206144445513896,0.43403580013522247
6,11254,5,8.950000000000001,DPC,-3.8532562982261043,0.41178864815249533,51.736381352231255,51.73475222062058,1.0284112549307445,1.7271368215481535,0.39577851077392096
6,11254,6,10.450000000000001,DPC,-3.773655531361957,0.41940581428880386,51.16899019864901,51.14242912497671,1.0326090159360914,1.7124814852271217,0.3616398369794568
6,11254,7,11.950000000000001,DPC,-4.0363646108864035,0.394787632345933,52.66002519973877,52.62809940532045,1.067166361598545,1.7754983113409895,0.34590326236719127
6,11254,8,13.450000000000001,DPC,-4.322902949224977,0.3695810585888873,54.22053112142434,54.201715126349555,1.0436133721360583,1.7514320425893628,0.32202370758997806
6,11254,9,14.950000000000001,DPC,-3.8284843501188375,0.4141441823115602,51.60840249405694,51.58618677561024,0.9882963636291249,1.7450496611492206,0.305669110919639
6,11254,10,16.45,DPC,-3.726622285295398,0.4239725814918,50.935726416294855,50.908084847075244,1.0689709796454254,1.7820196512257127,0.2931894068750509
6,11254,11,17.95,DPC,-4.22777895630935,0.377765336093273,53.71246297253191,53.66507273662953,1.053165384108284,1.7551095636136682,0.28304538622334924
6,11254,12,19.450000000000003,DPC,-4.017729010944021,0.39648530799575044,52.56280856223276,52.518826936697266,1.0364927101385244,1.7408212250482644,0.27614954574005945
6,11254,13,20.950000000000003,DPC,-3.576114751782526,0.43892318790091694,50.121494848006826,50.09515895035164,0.9912511842228412,1.740438221993357,0.2720330717996959
6,11254,14,22.450000000000003,DPC,-3.813243986113772,0.4156000598129852,51.453927882537485,51.40498782105655,0.9761116960707339,1.672136618103408,0.26969546948757656
6,11254,15,23.950000000000003,DPC,-3.97241522703778,0.4006438469695518,52.33525995719787,52.315351856388105,1.0155621234435674,1.7707725349686025,0.25909905864201643
6,11254,16,25.450000000000003,DPC,-3.8980387895315296,0.4075642863340214,51.944884265203825,51.96375618994301,0.9836805622466885,1.7673637769833555,0.2564585733419354
6,11254,17,26.950000000000003,DPC,-4.04947609039761,0.39359755409277414,52.71066664518505,52.74117312157096,1.028632351456988,1.7763630889029565,0.2472300653955943
6,11254,18,28.450000000000003,DPC,-4.03733607014339,0.39469933345543834,52.61679864416238,52.623906556165586,1.0538738132405263,1.7601123268184014,0.23584919453059677
6,11254,19,29.950000000000003,DPC,-4.13482118998343,0.38593830132308143,53.12926382337696,53.12109613387275,1.0517694981082668,1.7112048577464205,0.23260268250022928
6,11254,0,1.4500000000000002,Node-KF DPC,-3.9432553302418545,0.4033429468700877,52.07779538529018,52.100007594699775,0.5122345161272247,0.26960557371125404,0.7977515648139125
6,11254,1,2.95,Node-KF DPC,-3.2596989091411865,0.47209576993031904,48.065105179389086,48.035532379698395,0.399629799779723,0.2298787127249923,0.6515392434722526
6,11254,2,4.45,Node-KF DPC,-3.0076262150813973,0.5003079206489629,46.419988953633165,46.560303606035106,0.3228947829196731,0.20477524800413066,0.5352693063312337
6,11254,3,5.95,Node-KF DPC,-2.4198834918384065,0.5728113975885567,42.08705901453317,42.14081137489708,0.2779481360816636,0.18952713413090752,0.47543189683831655
6,11254,4,7.45,Node-KF DPC,-2.4649372056370784,0.566899768231625,42.567532886021866,42.5765707355804,0.2757529925967864,0.18436637694617417,0.43403580013522247
6,11254,5,8.950000000000001,Node-KF DPC,-2.084962604063969,0.6187336552802813,39.367192845431646,39.33169793432843,0.24153694824344943,0.1821204537776455,0.39577851077392096
6,11254,6,10.450000000000001,Node-KF DPC,-1.8994165504191773,0.6457409747821387,37.56176470710471,37.547435886879214,0.22976112798333367,0.17379370610229414,0.3616398369794568
6,11254,7,11.950000000000001,Node-KF DPC,-1.9611005848150997,0.6366341652579374,38.22101982534154,38.18944462354297,0.22428570203996584,0.17548236662714722,0.34590326236719127
6,11254,8,13.450000000000001,Node-KF DPC,-1.8331822722732802,0.6556646550670092,37.10209557357727,37.206587535115574,0.21549882513242244,0.16893456161504258,0.32202370758997806
6,11254,9,14.950000000000001,Node-KF DPC,-1.7307204580351352,0.6713174777621885,36.11259239745986,36.083146064930496,0.2061227089881495,0.17229922953458326,0.305669110919639
6,11254,10,16.45,Node-KF DPC,-1.7273004516819934,0.6718463387931196,35.92380685360722,35.88787677878736,0.20233954109809285,0.16853097324511276,0.2931894068750509
6,11254,11,17.95,Node-KF DPC,-1.5938144325903227,0.6928170336574708,34.604957198111194,34.60689250977217,0.19759804267548245,0.16684815715002016,0.28304538622334924
6,11254,12,19.450000000000003,Node-KF DPC,-1.5082622873195355,0.7066002248022719,33.77460897528841,33.76176439613494,0.1929948694393596,0.16366512163719274,0.27614954574005945
6,11254,13,20.950000000000003,Node-KF DPC,-1.5210672120594286,0.7045199227317992,33.948697031608276,33.93948545390013,0.19552700722080066,0.16687093857694793,0.2720330717996959
6,11254,14,22.450000000000003,Node-KF DPC,-1.4959540039595791,0.7086056317048889,33.69832580542885,33.671559791157776,0.1931291371473394,0.15733402374840696,0.26969546948757656
6,11254,15,23.950000000000003,Node-KF DPC,-1.443024383854846,0.7172946004302639,32.938713453859705,32.95350595901419,0.19033259538743125,0.16294496334351413,0.25909905864201643
6,11254,16,25.450000000000003,Node-KF DPC,-1.3865427524307419,0.726684211963573,32.30332783657716,32.41442969783831,0.18576907843693943,0.1620294516692616,0.2564585733419354
6,11254,17,26.950000000000003,Node-KF DPC,-1.3060041907026276,0.7402860761562874,31.47355568815985,31.461003183883538,0.18216947871923678,0.16205700102250123,0.2472300653955943
6,11254,18,28.450000000000003,Node-KF DPC,-1.2190498309187472,0.7552574482263652,30.38848436251377,30.444012923287055,0.17292624244824978,0.16793595969201783,0.23584919453059677
6,11254,19,29.950000000000003,Node-KF DPC,-1.2179208176325447,0.7554538141886729,30.333728020060928,30.364361661768275,0.17019047706572665,0.16228010604232349,0.23260268250022928
6,11254,0,1.4500000000000002,KF-DPC,-1.5737179678537547,0.6960303917206956,34.42908350022682,34.461027493003755,0.1915646587465089,0.26960557371125404,0.17017647225796673
6,11254,1,2.95,KF-DPC,-1.2373127345773638,0.7520881164241364,30.643375852242038,30.86974697844641,0.16963269795071229,0.2298787127249923,0.15569918154062995
6,11254,2,4.45,KF-DPC,-0.8635794409455455,0.8196756918203819,25.61428767746083,25.58986552216237,0.13966465116773102,0.20477524800413066,0.1019583850030155
6,11254,3,5.95,KF-DPC,-0.6213313491679513,0.8666961454482373,21.677258168032825,21.698050361172854,0.11815451303916512,0.18952713413090752,0.06002898038188338
6,11254,4,7.45,KF-DPC,-0.5955243906276178,0.8718616216472682,21.218474067973588,21.367620270376527,0.11549724127562963,0.18436637694617417,0.050138074169520826
6,11254,5,8.950000000000001,KF-DPC,-0.5695380211156226,0.8770941166902598,20.771457717249753,20.75085279539806,0.11179823623047111,0.1821204537776455,0.030847058279110436
6,11254,6,10.450000000000001,KF-DPC,-0.545861681878493,0.8818888095845696,20.331313951668413,20.43700961583337,0.11002775043048339,0.17379370610229414,0.03707858422323697
6,11254,7,11.950000000000001,KF-DPC,-0.5667194234196381,0.8776635408854939,20.689935612537912,20.724020499307308,0.11018943199896596,0.17548236662714722,0.04373503819146861
6,11254,8,13.450000000000001,KF-DPC,-0.5354233902803425,0.8840109834628184,20.157157670764327,20.16412170798211,0.10695367739689238,0.16893456161504258,0.04252076152739347
6,11254,9,14.950000000000001,KF-DPC,-0.5469662935171318,0.8816645330143774,20.33300995067462,20.441749506656603,0.1104589555420361,0.17229922953458326,0.0439722517384437
6,11254,10,16.45,KF-DPC,-0.5692552233990819,0.8771512319195957,20.77168262086096,20.75719515388933,0.11081213882634468,0.16853097324511276,0.04132043944919503
6,11254,11,17.95,KF-DPC,-0.5491228912911836,0.881226829144328,20.400922541610953,20.381682681388632,0.10943439346778053,0.16684815715002016,0.03637487358669214
6,11254,12,19.450000000000003,KF-DPC,-0.5169825210460045,0.8877726224033909,19.819709863849447,19.80025552185679,0.10744963033668628,0.16366512163719274,0.037479958332639125
6,11254,13,20.950000000000003,KF-DPC,-0.5907547513881934,0.872819669683538,21.161139367705157,21.143722765795903,0.11301413817193773,0.16687093857694793,0.033349464983808134
6,11254,14,22.450000000000003,KF-DPC,-0.4771431675413926,0.8959539391919177,19.023932999589906,19.00514787038149,0.102338358359899,0.15733402374840696,0.02631903821605256
6,11254,15,23.950000000000003,KF-DPC,-0.5046184633962394,0.8903036495750413,19.552973140865916,19.57877127005929,0.10670734565271695,0.16294496334351413,0.023454489099030664
6,11254,16,25.450000000000003,KF-DPC,-0.5116379689572826,0.8888658132980197,19.69218108895157,19.721112854610737,0.1059393012583083,0.1620294516692616,0.020876251762393803
6,11254,17,26.950000000000003,KF-DPC,-0.49413897523911765,0.8924545385493494,19.326287456307753,19.368441945324903,0.10564789114784838,0.16205700102250123,0.02000605094035605
6,11254,18,28.450000000000003,KF-DPC,-0.5587620820421125,0.8792731101273511,20.60834586828363,20.71383408630676,0.11130620107756163,0.16793595969201783,0.02029202914811766
6,11254,19,29.950000000000003,KF-DPC,-0.5099951964304762,0.8892021013707331,19.663611480495067,19.6905808422971,0.10624943705400644,0.16228010604232349,0.019177343294686976
6,11254,0,1.4500000000000002,Shore Broadcast,-0.5645207503846612,0.8781079821093174,20.686305890274163,20.767582012471696,0.1108276735825933,0.17190878159607598,0.1759808107359943
6,11254,1,2.95,Shore Broadcast,-0.4941018104840087,0.8924621757627312,19.3612842367264,20.60031656852814,0.11115877696852439,0.16995045462663066,0.08282332760011736
6,11254,2,4.45,Shore Broadcast,-0.6411071832185221,0.862758569475159,22.022563603727548,22.506193686758266,0.12198205795628002,0.17332353228495836,0.12501390929658437
6,11254,3,5.95,Shore Broadcast,-0.7331173800943098,0.8446723189306674,23.562201805534567,25.568289010718445,0.1365746605934624,0.1747587980584429,0.1374078390571509
6,11254,4,7.45,Shore Broadcast,-0.5332952599276943,0.8844442727848839,20.104528538466294,22.039222218851663,0.11801539745380477,0.1737564833014591,0.15231165770277758
6,11254,5,8.950000000000001,Shore Broadcast,-0.5824858759860093,0.8744830829882255,20.992147770252984,20.979487276606864,0.1130069894612836,0.1687752561436957,0.092784914012166
6,11254,6,10.450000000000001,Shore Broadcast,-0.5850762226628904,0.8739616536277733,21.034575045716746,21.073138808063185,0.11327708989937499,0.1744933839004565,0.12530518970704854
6,11254,7,11.950000000000001,Shore Broadcast,-0.5935059215845853,0.8722669306683636,21.188030942190892,21.73765508477903,0.11887790499211406,0.17260045433210078,0.1014368957442417
6,11254,8,13.450000000000001,Shore Broadcast,-0.7254033006613259,0.8461739865575545,23.41994573271241,23.492242219891168,0.1253336730139231,0.17787849580246862,0.13107098285281818
6,11254,9,14.950000000000001,Shore Broadcast,-0.9251191363558137,0.8081427597072223,26.369810454083357,28.055457517773696,0.15096092110566783,0.17525502498785384,0.18392004021171304
6,11254,10,16.45,Shore Broadcast,-0.6483732315173062,0.8613163212971447,22.179363461256848,25.00635398077629,0.1365232033250534,0.17589219265897738,0.19156706888330724
6,11254,11,17.95,Shore Broadcast,-0.5892648367402805,0.8731191553911304,21.08562692191547,21.211048433937233,0.11421502894542529,0.17252746355255258,0.06621892448581175
6,11254,12,19.450000000000003,Shore Broadcast,-0.5326909646432356,0.8845673465772705,20.0834073643474,20.119807350510037,0.10693843433109107,0.1757841940879501,0.07001314783597437
6,11254,13,20.950000000000003,Shore Broadcast,-0.7034593365698187,0.8504603412208199,23.034191800032495,23.90001255449621,0.13030161209306257,0.16961944436980556,0.1454412512143634
6,11254,14,22.450000000000003,Shore Broadcast,-0.5540606050197431,0.8802254871160833,20.457102238227353,21.34191222718092,0.11543322619142311,0.173693775376868,0.12358563320263982
6,11254,15,23.950000000000003,Shore Broadcast,-0.810359306615629,0.8297821139742162,24.71427135545927,24.878695519444626,0.13371518216484424,0.17325980574246988,0.13340623634737758
6,11254,16,25.450000000000003,Shore Broadcast,-0.845042664242849,0.8231817501047161,25.292070739537134,25.789132604225607,0.13890545253932235,0.16837939508411712,0.14477824605240197
6,11254,17,26.950000000000003,Shore Broadcast,-0.5755037928887218,0.8758901062103936,20.87928026952408,24.515935130625326,0.1338798962302531,0.17797586577449898,0.1920243014106661
6,11254,18,28.450000000000003,Shore Broadcast,-0.945574546670877,0.8043453312427397,26.63702212323764,26.611234686764874,0.14266515533433793,0.1760552237434011,0.19143042332304142
6,11254,19,29.950000000000003,Shore Broadcast,-1.183529048239026,0.7614600011969754,29.812471278804413,29.821746968858783,0.16393011613787437,0.17797122803820017,0.2006497897682938
7,12263,0,1.4500000000000002,No Algorithm,-3.695071520660262,0.4270638863919952,50.79613059463933,50.77961921371383,,,
7,12263,1,2.95,No Algorithm,-3.7997921243431203,0.4168893374588134,51.37783753675543,51.572480670017214,,,
7,12263,2,4.45,No Algorithm,-3.9918083694781084,0.39885878598853275,52.342139621830555,52.29370986394841,,,
7,12263,3,5.95,No Algorithm,-3.986049602438564,0.39938802558815006,52.35425674059533,52.30196847599974,,,
7,12263,4,7.45,No Algorithm,-3.9161108464366636,0.40587183532678783,52.039176064135184,51.998544087201445,,,
7,12263,5,8.950000000000001,No Algorithm,-3.977191013334336,0.4002035149332769,52.35452366381969,52.43081668934694,,,
7,12263,6,10.450000000000001,No Algorithm,-3.601406057614858,0.4363745301765393,50.113917674982304,50.170282120784194,,,
7,12263,7,11.950000000000001,No Algorithm,-4.149881740587231,0.3846022547129647,53.24261492947354,53.20562166262937,,,
7,12263,8,13.450000000000001,No Algorithm,-4.118252823435039,0.38741347089422906,53.09718622830801,53.04479229410389,,,
7,12263,9,14.950000000000001,No Algorithm,-3.938920886451422,0.40374570124926557,52.123192031389166,52.07501039635242,,,
7,12263,10,16.45,No Algorithm,-3.8496211611894666,0.41213346828615005,51.5518397110063,51.514364358029525,,,
7,12263,11,17.95,No Algorithm,-3.9302189174970428,0.4045554985050277,52.11534073927598,52.08700568574555,,,
7,12263,12,19.450000000000003,No Algorithm,-3.7832282172840435,0.41848238127034265,51.17970627528728,51.19128064116816,,,
7,12263,13,20.950000000000003,No Algorithm,-3.823318021969534,0.41463713766057697,51.48550889452867,51.443636043946775,,,
7,12263,14,22.450000000000003,No Algorithm,-4.115651337938043,0.3876456065732527,53.10544479196136,53.05258953480322,,,
7,12263,15,23.950000000000003,No Algorithm,-3.8021784900868587,0.41666032760498717,51.26965497740493,51.275592404323376,,,
7,12263,16,25.450000000000003,No Algorithm,-3.8613262110810016,0.41102418691236875,51.59013599538979,51.54129428517175,,,
7,12263,17,26.950000000000003,No Algorithm,-3.963247691643335,0.40149046052681664,52.237285579170866,52.330937889455384,,,
7,12263,18,28.450000000000003,No Algorithm,-3.9391466845730205,0.4037247102731279,52.17171918494895,52.26378386049282,,,
7,12263,19,29.950000000000003,No Algorithm,-3.8667039826220746,0.41051553983280403,51.85598891416739,51.85132406670452,,,
7,12263,0,1.4500000000000002,DPC,-4.007165016787581,0.3974509124193747,52.55986422297562,52.51823251770829,1.155836686507382,1.7608387654015076,0.7887964312063385
7,12263,1,2.95,DPC,-4.120283060349842,0.3872324054316329,53.05018298168229,52.99828765893368,1.0685203096460243,1.731490323498116,0.640155454536743
7,12263,2,4.45,DPC,-3.8986081907406906,0.4075108542977756,51.91273322853036,51.88614122561103,1.0565195014329427,1.7435027764031295,0.5415849003216484
7,12263,3,5.95,DPC,-4.071454753720211,0.3916106775323878,52.819482738691036,52.771184137758,1.0636578591476782,1.780621915418521,0.48034720700200345
7,12263,4,7.45,DPC,-3.9357000450300292,0.404045240676399,52.093795936652995,52.0559363835433,1.0542078157871901,1.7401829004700449,0.440408524066756
7,12263,5,8.950000000000001,DPC,-3.714829679483345,0.42512537893778535,50.7457578119688,50.71534307686118,1.031697326468362,1.7375778858097783,0.4047689700287229
7,12263,6,10.450000000000001,DPC,-4.013528374285423,0.39686898692946604,52.574384695979425,52.59624620624254,0.9997190540894875,1.697204281464326,0.3714679820672791
7,12263,7,11.950000000000001,DPC,-3.9455420434408417,0.4031306285234674,52.094615537553906,52.321493987648104,1.062001488108161,1.7575323368077558,0.3556533441644423
7,12263,8,13.450000000000001,DPC,-3.8796093066015165,0.4092974786713121,51.748486907469626,51.73940648918814,1.0648681274798013,1.7538256638843845,0.34881021836993653
7,12263,9,14.950000000000001,DPC,-3.88888745255597,0.4084240003446322,51.77178866905078,51.72891980044235,1.0484812085700235,1.750862650070434,0.32490045526515493
7,12263,10,16.45,DPC,-4.075028405929973,0.39128856781457305,52.84030788405303,52.79476709372424,1.0320117910807403,1.7594316557422536,0.31030735574180357
7,12263,11,17.95,DPC,-4.017859713477757,0.39647337580302955,52.45554628191542,52.423054867974294,1.0380499485950747,1.7726129837693467,0.2999861612755464
7,12263,12,19.450000000000003,DPC,-3.8465840821060615,0.4124217795010584,51.62645562324618,51.6032623107341,1.0386478093657634,1.7252804181443613,0.29406970184648573
7,12263,13,20.950000000000003,DPC,-3.6892322251137424,0.4276384802654281,50.638896373853555,50.91894240998227,0.9661769076882131,1.7215537118477287,0.2819783107237197
7,12263,14,22.450000000000003,DPC,-4.068910228258505,0.3918401889242816,52.77163501948015,52.755002414718255,1.0531472251494418,1.7614690080253983,0.27148743701251793
7,12263,15,23.950000000000003,DPC,-4.088083371606937,0.3901141138515925,52.87599976121816,52.85258458818524,1.0367583656539432,1.757750102703656,0.2651611787574843
7,12263,16,25.450000000000003,DPC,-3.842648073511059,0.4127957265703471,51.601873572611154,51.63668054662935,0.94086862564512,1.7375553998028541,0.25235225008257745
7,12263,17,26.950000000000003,DPC,-3.528009222041695,0.4438120378928804,49.716520759927484,49.68724300816915,1.0455888666598676,1.7080858310810194,0.2480073112653486
7,12263,18,28.450000000000003,DPC,-3.6299706990007707,0.43351380321049876,50.367511753437185,50.397283166033496,1.0261059670284778,1.753745746886362,0.24246061145091474
7,12263,19,29.950000000000003,DPC,-3.7358045725843496,0.4230771233217912,50.86593012716426,50.846796562356516,0.9935510376173857,1.7236564931387248,0.24021561707535632
7,12263,0,1.4500000000000002,Node-KF DPC,-3.881003052032848,0.409166147284761,51.768506312574154,51.71889593796725,0.48988768351686485,0.27206318462805995,0.7887964312063385
7,12263,1,2.95,Node-KF DPC,-3.594331820033931,0.437085921368806,50.099934073607535,50.07514495961791,0.40019279915926614,0.22581919252941993,0.640155454536743
7,12263,2,4.45,Node-KF DPC,-3.042022416535551,0.4963611228613375,46.701502651493406,46.65832006724732,0.32752607239422765,0.20622162957849682,0.5415849003216484
7,12263,3,5.95,Node-KF DPC,-2.930266826104116,0.5092995792487763,45.91966943585356,46.08575256091917,0.3003521781024592,0.18867303013692494,0.48034720700200345
7,12263,4,7.45,Node-KF DPC,-2.687862742328732,0.538534741982721,44.22010102773698,44.18579330501906,0.26973424026898,0.18569430190521796,0.440408524066756
7,12263,5,8.950000000000001,Node-KF DPC,-2.4023154378635034,0.5751332237234966,41.946006008350274,41.95384742675036,0.24635705139434252,0.17670588143798346,0.4047689700287229
7,12263,6,10.450000000000001,Node-KF DPC,-2.1775649509183395,0.6056803789656138,40.15572786991297,40.11678031759224,0.23070230884765122,0.17185175215650264,0.3714679820672791
7,12263,7,11.950000000000001,Node-KF DPC,-1.9795663417214513,0.6339330085318701,38.31536534680616,38.310798611777116,0.2270026709290441,0.1722321395996007,0.3556533441644423
7,12263,8,13.450000000000001,Node-KF DPC,-2.0416075720959688,0.6249413234548602,38.92261744299388,39.01838873406396,0.2272639195947872,0.16866501794886643,0.34881021836993653
7,12263,9,14.950000000000001,Node-KF DPC,-1.736856930415268,0.6703695927873063,36.022935611256564,36.209627399088255,0.2103644324816536,0.1672656485907027,0.32490045526515493
7,12263,10,16.45,Node-KF DPC,-1.759748273071445,0.6668454199659616,36.267840064394136,36.254029118769985,0.21141007351876703,0.16361440495296636,0.31030735574180357
7,12263,11,17.95,Node-KF DPC,-1.5804227065827323,0.6949566729215744,34.456959012546946,34.5638664306813,0.20440743455983656,0.16475614940881708,0.2999861612755464
7,12263,12,19.450000000000003,Node-KF DPC,-1.532108118406731,0.7027311228183507,33.98659896354645,33.9558201401638,0.20032045193797773,0.16376929526279063,0.29406970184648573
7,12263,13,20.950000000000003,Node-KF DPC,-1.314438978577087,0.7388497014014446,31.423382346958853,31.409372363760387,0.18363988873357381,0.1630908740419208,0.2819783107237197
7,12263,14,22.450000000000003,Node-KF DPC,-1.3350366658519488,0.7353537871333584,31.83518424727277,31.820234624540902,0.18166241369593167,0.16706312525505917,0.27148743701251793
7,12263,15,23.950000000000003,Node-KF DPC,-1.2325630912850034,0.7529110843576916,30.549597379105304,30.521222102924654,0.176975903777271,0.1591323401616293,0.2651611787574843
7,12263,16,25.450000000000003,Node-KF DPC,-1.1903618455129341,0.7602629307080269,29.956470184713957,29.938386029588777,0.1699851123959905,0.16012862769492894,0.25235225008257745
7,12263,17,26.950000000000003,Node-KF DPC,-1.0733507326595624,0.7810249841872708,28.482601465986086,28.567090763192027,0.16575698261587593,0.16453528894906216,0.2480073112653486
7,12263,18,28.450000000000003,Node-KF DPC,-1.0624506181586082,0.7829876971699279,28.462669836873776,28.435643433665042,0.16095368979847352,0.15765067276274156,0.24246061145091474
7,12263,19,29.950000000000003,Node-KF DPC,-1.3205140095284174,0.7378169005919781,31.585478955354432,31.557061026329215,0.17893657977344454,0.16682556568897278,0.24021561707535632
7,12263,0,1.4500000000000002,KF-DPC,-1.7148967333657739,0.6737679161479447,35.79226110159319,37.400032709489174,0.2122544260799071,0.27206318462805995,0.20840096169586225
7,12263,1,2.95,KF-DPC,-0.9984831072621324,0.7946057241305563,27.533312327612858,27.538008766569618,0.15199388512050638,0.22581919252941993,0.11556843720999921
7,12263,2,4.45,KF-DPC,-0.7391161850672802,0.8435063988350587,23.64575373789055,23.67982082394339,0.1289633645376932,0.20622162957849682,0.07479058477417502
7,12263,3,5.95,KF-DPC,-0.6469628007720645,0.8615960909830996,22.11492878364444,22.87250906133817,0.12457561394063832,0.18867303013692494,0.0857968685603239
7,12263,4,7.45,KF-DPC,-0.6177901639165115,0.8674031273101855,21.660002679034598,22.34361296106975,0.12144939681341403,0.18569430190521796,0.07371932570035458
7,12263,5,8.950000000000001,KF-DPC,-0.5563467523607292,0.8797622540600112,20.52200922887127,21.16681189322511,0.11716611799215221,0.17670588143798346,0.05986290772353628
7,12263,6,10.450000000000001,KF-DPC,-0.5341883343494161,0.8842624161457063,20.093456380697017,20.448228331084557,0.11105085651740941,0.17185175215650264,0.043841455382561886
7,12263,7,11.950000000000001,KF-DPC,-0.5220465578084046,0.8867380494771905,19.837834077535124,20.089530761355096,0.10938670466507443,0.1722321395996007,0.04057293625736421
7,12263,8,13.450000000000001,KF-DPC,-0.4995197249396557,0.8913495047250869,19.47179905765611,19.47158705013525,0.10596976079157548,0.16866501794886643,0.025215048203243013
7,12263,9,14.950000000000001,KF-DPC,-0.4988720740970521,0.8914824390192767,19.442851310558922,19.430636060765924,0.10617084351566825,0.1672656485907027,0.019778200345667817
7,12263,10,16.45,KF-DPC,-0.5096164960032118,0.8892796422817786,19.63970551366409,19.62771222726509,0.10503314685810133,0.16361440495296636,0.024739641019875764
7,12263,11,17.95,KF-DPC,-0.4821795888072666,0.8949155225867441,19.113346625075977,19.097462028503333,0.10306076403075674,0.16475614940881708,0.027280693954063094
7,12263,12,19.450000000000003,KF-DPC,-0.49135782287288876,0.8930262351879154,19.31460647006131,19.302839508400314,0.1049284492247837,0.16376929526279063,0.027797047066029895
7,12263,13,20.950000000000003,KF-DPC,-0.4661039901516272,0.8982342295970465,18.767128084162,18.804790601179295,0.10201564975031081,0.1630908740419208,0.026258237238186304
7,12263,14,22.450000000000003,KF-DPC,-0.5032147340402561,0.8905914605913531,19.51726870892062,19.501302973902018,0.10556988519105086,0.16706312525505917,0.02078633811806759
7,12263,15,23.950000000000003,KF-DPC,-0.4287138236439251,0.9060008760941425,18.07763204122006,18.121428719659313,0.0973808921409761,0.1591323401616293,0.011831316921155563
7,12263,16,25.450000000000003,KF-DPC,-0.45404096161251634,0.9007326466528927,18.542887376322987,18.536464541553915,0.10019082329304022,0.16012862769492894,0.00863792630933995
7,12263,17,26.950000000000003,KF-DPC,-0.47438819627231577,0.8965224728776913,18.93695088177007,19.00691648346933,0.10062110227794337,0.16453528894906216,0.011683676426281684
7,12263,18,28.450000000000003,KF-DPC,-0.46536285406268035,0.8983875289452647,18.76749958164126,18.750127186868674,0.10031515555240454,0.15765067276274156,0.012595948724462125
7,12263,19,29.950000000000003,KF-DPC,-0.5296234474526335,0.8851923566007972,20.03636046278034,20.02452448368823,0.10804067448664711,0.16682556568897278,0.013080313364221104
7,12263,0,1.4500000000000002,Shore Broadcast,-0.7682696847423093,0.8378630368687254,24.084304269278366,29.59418863509532,0.16181946610038037,0.17492958204410655,0.20196453422521296
7,12263,1,2.95,Shore Broadcast,-1.1034633236403544,0.7756283375644254,28.80188073410154,28.96024958317538,0.15837541182226184,0.17261689180186812,0.21504071694541727
7,12263,2,4.45,Shore Broadcast,-0.472599705164175,0.8968917505775225,18.90581100128328,19.651602960998236,0.10544960738297815,0.16988136858414668,0.06007051623757447
7,12263,3,5.95,Shore Broadcast,-1.3254578708315417,0.7369774726981618,31.768492946965086,41.24841694924824,0.22673090337089444,0.16864604439233177,0.28807378770319764
7,12263,4,7.45,Shore Broadcast,-0.8150002304715869,0.8288958722852223,24.824672552446582,26.571481464649104,0.14735683877073963,0.17106529550108052,0.16632328057040227
7,12263,5,8.950000000000001,Shore Broadcast,-1.3071262556286702,0.7400948368521233,31.26005463727533,32.447532119907216,0.1778269528583349,0.1725349787069658,0.22790341929771235
7,12263,6,10.450000000000001,Shore Broadcast,-1.4224853374369228,0.7206949289948116,32.607226088665975,33.38540970119259,0.18210075456335928,0.1765973438050887,0.2776505525487474
7,12263,7,11.950000000000001,Shore Broadcast,-0.578771991581573,0.8752312200861139,20.95330679081484,22.216563807067974,0.11959462492005545,0.1748722913059861,0.10441246996126494
7,12263,8,13.450000000000001,Shore Broadcast,-0.4722110051607957,0.8969720273119869,18.90480989039592,19.525854720040567,0.10657384139391164,0.17153847756968177,0.08603786256319254
7,12263,9,14.950000000000001,Shore Broadcast,-0.6662718330335382,0.857773878532199,22.450593476662615,28.536389847787696,0.15792068360659664,0.17157256013594457,0.24256878645367413
7,12263,10,16.45,Shore Broadcast,-0.46677939909264754,0.898094548278759,18.79157706501129,19.40515456529766,0.10591157896083211,0.1717161135342636,0.11664163877256643
7,12263,11,17.95,Shore Broadcast,-1.3553596834627701,0.7319207028866864,31.77927364317185,31.91769290296136,0.1756636796929488,0.17600095747123692,0.21012468591286015
7,12263,12,19.450000000000003,Shore Broadcast,-0.8822491386019765,0.8161595864700705,25.74606530155988,26.494598859811045,0.1428269615674525,0.17261814903976175,0.18074251210484615
7,12263,13,20.950000000000003,Shore Broadcast,-1.4506520300341417,0.7160358997607161,32.903059894906704,32.871556435207005,0.181063226063451,0.17509748683716395,0.23184295916985306
7,12263,14,22.450000000000003,Shore Broadcast,-0.5073815696550539,0.8897373929698298,19.633830054278853,20.045094650606153,0.10768628976975897,0.17804639156323507,0.07144000186551852
7,12263,15,23.950000000000003,Shore Broadcast,-0.659673496918639,0.8590781046664899,22.332571437501716,22.36648909253544,0.12322893384111468,0.1657051953362358,0.11419539693092122
7,12263,16,25.450000000000003,Shore Broadcast,-0.5853680813321887,0.8739029228068147,21.055656338224374,21.491498632200777,0.1168464933979547,0.17387271447212563,0.12275817767437427
7,12263,17,26.950000000000003,Shore Broadcast,-1.5036230805107893,0.7073554303542929,33.47722815041275,33.94219084564658,0.18732052207813782,0.17157624543051714,0.2479155308378723
7,12263,18,28.450000000000003,Shore Broadcast,-0.5949590838295618,0.8719751163844103,21.25225626153837,21.429886566884136,0.11730723174859757,0.1770676881641344,0.1195232782729265
7,12263,19,29.950000000000003,Shore Broadcast,-1.1324948229716483,0.7704607474884464,29.15694708465799,29.13654460183297,0.15932937005752376,0.16962254511003366,0.24006682079237487
8,13272,0,1.4500000000000002,No Algorithm,-4.016380284272374,0.3966084579264071,52.53325596663454,52.58107943349579,,,
8,13272,1,2.95,No Algorithm,-4.01356781247947,0.39686538298658786,52.53033966323189,52.49777074908511,,,
8,13272,2,4.45,No Algorithm,-3.7280706152084173,0.4238312143276243,50.934706544901154,50.91453630166357,,,
8,13272,3,5.95,No Algorithm,-4.196029314701825,0.3805371563836297,53.49915634022305,53.469666642654204,,,
8,13272,4,7.45,No Algorithm,-3.9134514374861897,0.40612044768172817,51.95311202654391,52.063853384129274,,,
8,13272,5,8.950000000000001,No Algorithm,-3.789269615287033,0.41790064213675165,51.224563392295,51.17407009065403,,,
8,13272,6,10.450000000000001,No Algorithm,-3.8915651504132773,0.4081722589484553,51.87082595022495,51.84109731003283,,,
8,13272,7,11.950000000000001,No Algorithm,-4.1078691041084054,0.3883408613805296,53.04502967186488,53.08428393305803,,,
8,13272,8,13.450000000000001,No Algorithm,-4.316680520900725,0.3701109616825918,54.09306722697468,54.03895495680467,,,
8,13272,9,14.950000000000001,No Algorithm,-3.828385153085956,0.4141536418706752,51.47621632479861,51.42473869684523,,,
8,13272,10,16.45,No Algorithm,-3.7157043922379387,0.42503976303409935,50.7957638294336,50.77135119354204,,,
8,13272,11,17.95,No Algorithm,-3.7144313477718995,0.42516437291375736,50.87803724013652,50.852250644744885,,,
8,13272,12,19.450000000000003,No Algorithm,-3.898041685387488,0.40756401457208963,51.91097033827027,51.9597516508393,,,
8,13272,13,20.950000000000003,No Algorithm,-3.957247534701309,0.402045537960849,52.196482190941346,52.15367786132714,,,
8,13272,14,22.450000000000003,No Algorithm,-3.8036623543234525,0.4165179906022641,51.494930642768054,51.69245886464318,,,
8,13272,15,23.950000000000003,No Algorithm,-3.8505020312287885,0.41204988462917835,51.644672923541805,51.597733160939924,,,
8,13272,16,25.450000000000003,No Algorithm,-3.8301676986853437,0.4139836889245193,51.51698288874601,51.47714299766147,,,
8,13272,17,26.950000000000003,No Algorithm,-3.8789163213341364,0.4093627937432516,51.77033105441545,51.76619781256164,,,
8,13272,18,28.450000000000003,No Algorithm,-4.093460774962238,0.38963137625604316,53.09053040579887,53.137319233765595,,,
8,13272,19,29.950000000000003,No Algorithm,-3.947559154231447,0.4029434351868652,52.14304134507872,52.09387530048683,,,
8,13272,0,1.4500000000000002,DPC,-4.028430760321448,0.3955095040135774,52.63015953616508,52.61441554120846,1.077459840475268,1.676963359605856,0.8457755539786043
8,13272,1,2.95,DPC,-3.9041225089222436,0.40699375850459024,51.93539533910592,52.07777568838571,1.0677093932807866,1.740009596524479,0.6406342722584456
8,13272,2,4.45,DPC,-3.756698873375426,0.42104654952452825,51.01351827371267,50.994957700312405,1.0375555955629647,1.7326021803190255,0.5776319853139563
8,13272,3,5.95,DPC,-3.4921973619247226,0.44748683587630794,49.55411087304032,49.51069073857566,1.0695438024036965,1.777568669439872,0.49573098402730076
8,13272,4,7.45,DPC,-4.115624135650395,0.3876480346216758,53.00094512160798,52.97520823514323,1.0040010216233688,1.7374867712944593,0.45346300745445883
8,13272,5,8.950000000000001,DPC,-3.7266121599751716,0.42397356996007163,50.980070470499165,51.01111033378399,1.0966941645401147,1.7722343419860207,0.4193349579994796
8,13272,6,10.450000000000001,DPC,-3.8132979180452864,0.41559489880456224,51.30707685589904,51.25912688389154,1.005106287407589,1.7145319202167377,0.39965871471810976
8,13272,7,11.950000000000001,DPC,-4.12822208182283,0.3865251806525774,53.11482294623538,53.06285599695742,1.0293943525215061,1.7456886602030741,0.3794087859610053
8,13272,8,13.450000000000001,DPC,-4.430399208297299,0.3605454997567642,54.579133544456404,54.525594472076975,1.031656176628242,1.689994855261524,0.3625865200435015
8,13272,9,14.950000000000001,DPC,-4.261822509332535,0.37481567848189207,53.86646455995525,53.849878031708506,1.0220528308259227,1.738354698404507,0.34581114300494714
8,13272,10,16.45,DPC,-3.8330760974818996,0.4137065436594158,51.580194832378986,51.55586637471192,0.9924068246251123,1.6973390597309557,0.3235320334961206
8,13272,11,17.95,DPC,-3.755232448253094,0.421188742786392,51.08480100387742,51.12164098799861,1.0303326401628317,1.6962053793287266,0.31331126850858343
8,13272,12,19.450000000000003,DPC,-3.712822777925022,0.4253218773927219,50.79860364296779,50.76644708182166,0.9853035154356216,1.6924018771038312,0.2966548634431966
8,13272,13,20.950000000000003,DPC,-3.841203214901774,0.41293308283641955,51.557694460497686,51.6069609743501,0.985437921182582,1.7166748769532114,0.27244018990372637
8,13272,14,22.450000000000003,DPC,-3.7180010332167273,0.4248150524481833,50.80131190467258,50.75461707687221,1.039170003143853,1.72247299817388,0.2741421768456535
8,13272,15,23.950000000000003,DPC,-4.281710033351168,0.37310321957709736,53.946844719077845,54.09401589799617,1.0017615541725051,1.7382903344334844,0.25858732206825746
8,13272,16,25.450000000000003,DPC,-3.9444121857899956,0.403235520364779,52.18009159010869,52.12795037777527,1.0175862780878442,1.7631253908859248,0.2523851610464753
8,13272,17,26.950000000000003,DPC,-4.227359585363781,0.37780181628402953,53.63291502396538,53.65343604850154,1.0160623211907491,1.7595174522822776,0.24791410910669157
8,13272,18,28.450000000000003,DPC,-3.717217591072794,0.4248916935408895,50.950490906553554,51.02017237408234,1.0287353538619348,1.7431509276672246,0.24574656479977225
8,13272,19,29.950000000000003,DPC,-3.6152041510681303,0.43499031233401253,50.27552929945708,50.45960820396395,1.0982155595220626,1.7924551774220638,0.2348119950212995
8,13272,0,1.4500000000000002,Node-KF DPC,-3.9489306439416043,0.40281620687810044,52.224888366822334,52.25378406213754,0.4907624337132731,0.26611962034139736,0.8457755539786043
8,13272,1,2.95,Node-KF DPC,-3.547116519306866,0.44186372361955856,49.93267056299282,49.935779814881286,0.3794214827461575,0.22997726986002118,0.6406342722584456
8,13272,2,4.45,Node-KF DPC,-3.464924738758265,0.4503057848131822,49.42757938885384,49.38499838066695,0.3454920989486219,0.20368046361263448,0.5776319853139563
8,13272,3,5.95,Node-KF DPC,-2.8378861184710606,0.5202491605813463,45.294496639080066,45.39617445239415,0.30655292462553063,0.19227506666783134,0.49573098402730076
8,13272,4,7.45,Node-KF DPC,-2.58571236559765,0.5513517577054426,43.37519883570701,43.34934404099522,0.2873423648161954,0.18686210523326308,0.45346300745445883
8,13272,5,8.950000000000001,Node-KF DPC,-2.432999915427536,0.571084020651037,42.23254750751373,42.23182250540231,0.26632648999363817,0.18010619052498902,0.4193349579994796
8,13272,6,10.450000000000001,Node-KF DPC,-2.166700441182507,0.6071974735770111,40.04866132356593,40.008912082264814,0.2564165942102082,0.17480401016268715,0.39965871471810976
8,13272,7,11.950000000000001,Node-KF DPC,-2.2472670690865453,0.5960371001230674,40.733958418786074,40.730063897322566,0.24275477505512597,0.17547750273219623,0.3794087859610053
8,13272,8,13.450000000000001,Node-KF DPC,-2.154340932915434,0.6089279471004445,39.98339892536434,39.97751763772976,0.24252693659327904,0.17473960247216747,0.3625865200435015
8,13272,9,14.950000000000001,Node-KF DPC,-2.0727180085926444,0.620480588259545,39.31052505132063,39.50757900162425,0.23579402388446272,0.17405907384644506,0.34581114300494714
8,13272,10,16.45,Node-KF DPC,-1.91050517180243,0.644094340035577,37.73606075328212,37.789157638626996,0.22931199610510078,0.16731684912141864,0.3235320334961206
8,13272,11,17.95,Node-KF DPC,-1.772628529393521,0.6648706272644178,36.39822958766903,36.36365579984565,0.21433285876828675,0.16633010133471368,0.31331126850858343
8,13272,12,19.450000000000003,Node-KF DPC,-1.7393143010157859,0.6699903845252021,36.12187115406708,36.12136143031977,0.21050482695716316,0.16319191750673162,0.2966548634431966
8,13272,13,20.950000000000003,Node-KF DPC,-1.4788134790114535,0.7114078483921593,33.38121686204756,33.364846985549065,0.1914449839688867,0.16526614594235295,0.27244018990372637
8,13272,14,22.450000000000003,Node-KF DPC,-1.6538596074755472,0.6833041198929581,35.24734892561129,35.23553444034014,0.19939593041263992,0.16299910070382087,0.2741421768456535
8,13272,15,23.950000000000003,Node-KF DPC,-1.4843923271776052,0.7104945767554353,33.447902042276,33.503523636533345,0.19144618807249836,0.16615348086444104,0.25858732206825746
8,13272,16,25.450000000000003,Node-KF DPC,-1.4904056241121921,0.7095114976275863,33.55546364434286,33.60235228209766,0.1892837030765783,0.16143194887747897,0.2523851610464753
8,13272,17,26.950000000000003,Node-KF DPC,-1.3420969874193387,0.734159294335277,31.879322850788146,31.84745154394523,0.17936987386143818,0.16078418210644868,0.24791410910669157
8,13272,18,28.450000000000003,Node-KF DPC,-1.3277719706221234,0.7365848853633452,31.62419107442779,31.62876714664386,0.18006766308716668,0.15952620922617436,0.24574656479977225
8,13272,19,29.950000000000003,Node-KF DPC,-1.314778265567465,0.7387919819713983,31.459985870431915,31.431457436785806,0.17985525494346144,0.16423666021805244,0.2348119950212995
8,13272,0,1.4500000000000002,KF-DPC,-1.370780707450558,0.7293263914509452,32.104554384801595,32.252843732742605,0.18072864014542792,0.26611962034139736,0.20190218088471323
8,13272,1,2.95,KF-DPC,-1.0697876660797137,0.7816660206283939,28.44727795794592,28.41956578727152,0.1556556833825245,0.22997726986002118,0.18949574330792415
8,13272,2,4.45,KF-DPC,-0.9256504498643097,0.8080438980087428,26.421235571815032,26.717066451842346,0.14875920878916732,0.20368046361263448,0.1853967432657594
8,13272,3,5.95,KF-DPC,-0.8136220880186112,0.8291589467440867,24.83832080016558,25.21809500567814,0.13853446012689274,0.19227506666783134,0.14542214541777548
8,13272,4,7.45,KF-DPC,-0.8158823626953559,0.8287275253374922,24.845458233773783,25.21458878839823,0.13715380484066547,0.18686210523326308,0.10952056922882487
8,13272,5,8.950000000000001,KF-DPC,-0.6775117773877246,0.8555567504103012,22.655892008303258,23.137696224288792,0.12573318929404825,0.18010619052498902,0.08236382184203113
8,13272,6,10.450000000000001,KF-DPC,-0.6263962888548164,0.8656859541816743,21.772264258708617,21.865968893708068,0.11776660192183508,0.17480401016268715,0.07238660734103416
8,13272,7,11.950000000000001,KF-DPC,-0.6014198481667996,0.8706788905223848,21.342854281685646,21.530285484318735,0.11797271371748358,0.17547750273219623,0.05759571232867218
8,13272,8,13.450000000000001,KF-DPC,-0.6061309209160093,0.8697349209789809,21.49439475881179,21.575996052339104,0.1164287949720643,0.17473960247216747,0.05347891786614913
8,13272,9,14.950000000000001,KF-DPC,-0.5676907406565068,0.8774672698213508,20.746113987479664,21.170578525190916,0.11463006415422074,0.17405907384644506,0.05513896330679991
8,13272,10,16.45,KF-DPC,-0.5138239261646489,0.8884185283800555,19.70220114869935,19.876939608794896,0.10904655523864254,0.16731684912141864,0.04561907116849473
8,13272,11,17.95,KF-DPC,-0.5159989035290181,0.8879737135140369,19.736207488036225,19.72123118754569,0.10612760584217741,0.16633010133471368,0.03256802463052721
8,13272,12,19.450000000000003,KF-DPC,-0.4942144018220652,0.892439038879301,19.38139491450058,19.402578419058116,0.10423562515086837,0.16319191750673162,0.020857962252221036
8,13272,13,20.950000000000003,KF-DPC,-0.4501381154020516,0.9015424660742344,18.46568540702171,18.4605765772416,0.09997151620220154,0.16526614594235295,0.01434230902334206
8,13272,14,22.450000000000003,KF-DPC,-0.5316858442438056,0.8847720923465291,20.079733530794016,20.065566907764893,0.10583878553561694,0.16299910070382087,0.009600704206591752
8,13272,15,23.950000000000003,KF-DPC,-0.47083356140064314,0.8972565633881763,18.89617720131563,18.877577691110265,0.10117663219131286,0.16615348086444104,0.01075806782304037
8,13272,16,25.450000000000003,KF-DPC,-0.5399284634881194,0.8830944465338619,20.26026479338643,20.250250464418958,0.10735536856580062,0.16143194887747897,0.01733899977617708
8,13272,17,26.950000000000003,KF-DPC,-0.4994430281966588,0.8913652461656048,19.522654725136,19.675583737421682,0.10389165193532302,0.16078418210644868,0.0237396358613195
8,13272,18,28.450000000000003,KF-DPC,-0.48203998655769553,0.8949442897558667,19.175749156235106,19.29081904822774,0.10232970151651664,0.15952620922617436,0.02865552579382093
8,13272,19,29.950000000000003,KF-DPC,-0.5468383461391418,0.8816905080915842,20.390028131132865,20.559748627658514,0.10970409053943644,0.16423666021805244,0.029091763285331456
8,13272,0,1.4500000000000002,Shore Broadcast,-0.6466018819783284,0.861667696577121,22.119709358874495,22.098524900108348,0.12115230970079396,0.17135426690763794,0.1919370758228283
8,13272,1,2.95,Shore Broadcast,-0.694934691565797,0.8521313254826749,22.896772249321725,23.710983899949976,0.12724218575613985,0.1773968200438115,0.15124934111831126
8,13272,2,4.45,Shore Broadcast,-0.4943431074518774,0.8924125913347496,19.36560701498792,19.44139693503969,0.10429073287377838,0.1692024552799767,0.03725894891581168
8,13272,3,5.95,Shore Broadcast,-1.1598735528316628,0.7656188979917056,29.70602752518189,34.193049851651274,0.18759274404422968,0.16989548811565564,0.2317015514354794
8,13272,4,7.45,Shore Broadcast,-1.0578392966641894,0.7838195119158123,28.223775029387884,29.501815507640508,0.16179589213786585,0.17205274727621003,0.20824795005758284
8,13272,5,8.950000000000001,Shore Broadcast,-0.6889118891371836,0.8533138822869893,22.844775153839706,22.88375330662543,0.12479643809560251,0.17230791614212562,0.12172831075681972
8,13272,6,10.450000000000001,Shore Broadcast,-0.8161536409971115,0.828675761204227,24.825000281755937,24.82263291498874,0.13540083930563093,0.17272706389575887,0.16109353383144123
8,13272,7,11.950000000000001,Shore Broadcast,-0.48631987785156183,0.8940627732442621,19.202369435180216,19.43539737404391,0.10551966025298343,0.17082702823538562,0.07088924447337948
8,13272,8,13.450000000000001,Shore Broadcast,-1.711352345044714,0.6743180198196606,35.513914093675474,35.60992765915272,0.19472790157366868,0.17099001578699424,0.2739491173264243
8,13272,9,14.950000000000001,Shore Broadcast,-0.6688985092131089,0.8572552412726145,22.53571964908722,24.58940498973051,0.13060548075054085,0.17788473701141427,0.17765806129505948
8,13272,10,16.45,Shore Broadcast,-0.58124134571927,0.8747337139912367,20.980988236924112,21.215043490146364,0.11461235231594176,0.17525741296543065,0.09993983940132484
8,13272,11,17.95,Shore Broadcast,-0.4844964562021442,0.8944382317799505,19.173458085355644,19.49201389871491,0.10421881796443846,0.1682688757590643,0.06257900208132525
8,13272,12,19.450000000000003,Shore Broadcast,-0.6446746009335175,0.862050166174064,22.073205697939795,22.143762514657382,0.12069149263000796,0.17882217663377672,0.09226923555743147
8,13272,13,20.950000000000003,Shore Broadcast,-0.7538183539132202,0.840655705008713,23.84433154100673,24.090996165804253,0.12938641711269885,0.17375201576038463,0.1277017764240304
8,13272,14,22.450000000000003,Shore Broadcast,-0.8622508292615644,0.8199264887666927,25.5070121098522,25.506881813717868,0.13817471445868015,0.1752132898357165,0.1376317261969708
8,13272,15,23.950000000000003,Shore Broadcast,-0.5073428221398448,0.8897453311934075,19.60592194611686,22.152614967330056,0.11972277814131203,0.17188753119220337,0.16204006948456942
8,13272,16,25.450000000000003,Shore Broadcast,-1.2081474171506026,0.7571558083413564,30.08031964947359,30.096403542771434,0.16413574831259753,0.1737903604394191,0.20031484271753286
8,13272,17,26.950000000000003,Shore Broadcast,-0.6429250535711402,0.862397511462904,22.063118680777624,22.06445867302033,0.11757851250095905,0.17633780992873374,0.09491738247145982
8,13272,18,28.450000000000003,Shore Broadcast,-0.6453894608068472,0.8619082821798405,22.130437040773256,23.091487131757415,0.12466823700844748,0.17502109723875012,0.11640956660364382
8,13272,19,29.950000000000003,Shore Broadcast,-0.5463008726823814,0.8817996309539831,20.317865297531103,20.302015873650923,0.10737663691464092,0.17010117446986148,0.08166150077572149
9,14281,0,1.4500000000000002,No Algorithm,-3.9577085768257083,0.4020028595253179,52.28750117814042,52.3006609329418,,,
9,14281,1,2.95,No Algorithm,-3.8749344532162278,0.40973829382595617,51.76206409282216,51.71250871480571,,,
9,14281,2,4.45,No Algorithm,-3.6178440310549576,0.4347259817169014,50.34330376060532,50.293344359743934,,,
9,14281,3,5.95,No Algorithm,-3.5701676600757866,0.43952464719135387,50.054121912979895,50.013888621605005,,,
9,14281,4,7.45,No Algorithm,-3.8162983415470624,0.41530787465230007,51.43370083312611,51.42341024825288,,,
9,14281,5,8.950000000000001,No Algorithm,-3.9281232767108483,0.40475075946740374,52.074497838857724,52.02504586992866,,,
9,14281,6,10.450000000000001,No Algorithm,-3.947919666223523,0.40290998785621723,52.102608966186764,52.07854567065604,,,
9,14281,7,11.950000000000001,No Algorithm,-4.15159722573964,0.3844503648792054,53.332991454297165,53.3534293422549,,,
9,14281,8,13.450000000000001,No Algorithm,-3.7955378490989173,0.41729791528359184,51.38117653228337,51.42059288496611,,,
9,14281,9,14.950000000000001,No Algorithm,-3.957841977554512,0.40199051153264087,52.226672070307885,52.18268187498839,,,
9,14281,10,16.45,No Algorithm,-3.903712297863315,0.40703220274752067,51.90538789695994,51.89430896322296,,,
9,14281,11,17.95,No Algorithm,-3.7311513956031583,0.4235306652917408,50.877123176216266,50.8820714257565,,,
9,14281,12,19.450000000000003,No Algorithm,-3.921498779031877,0.4053686159110117,52.021493118599174,51.97325754718651,,,
9,14281,13,20.950000000000003,No Algorithm,-4.068724228603701,0.39185697101653366,52.88936243392464,52.99229482142616,,,
9,14281,14,22.450000000000003,No Algorithm,-3.8591296819260945,0.41123212300116213,51.66688828401753,51.62641828715069,,,
9,14281,15,23.950000000000003,No Algorithm,-3.9314058776568492,0.40444494548969784,52.11182340533827,52.12560374266538,,,
9,14281,16,25.450000000000003,No Algorithm,-3.8770046282011403,0.4095430282012446,51.862489295618246,51.82059866090614,,,
9,14281,17,26.950000000000003,No Algorithm,-3.824021378213759,0.41456999105444153,51.5158436606279,51.489655772315444,,,
9,14281,18,28.450000000000003,No Algorithm,-3.7636930224411542,0.42036901563194895,51.17235837292132,51.233507324053825,,,
9,14281,19,29.950000000000003,No Algorithm,-3.9250613242162338,0.4050362258134312,51.93287478562952,51.88114628389835,,,
9,14281,0,1.4500000000000002,DPC,-3.6556188321601897,0.4309611453853859,50.52751072134309,50.56375842540962,1.119633593338532,1.7802515634511005,0.828240370612516
9,14281,1,2.95,DPC,-4.08314679668409,0.39055780415379915,52.92593097727964,52.87496729285951,1.0856688227228877,1.7731656650027183,0.6360946610381177
9,14281,2,4.45,DPC,-3.5669301035586427,0.4398524239597123,49.92605149885526,49.8875562498979,0.9861651808226808,1.742674089733785,0.5374749373799
9,14281,3,5.95,DPC,-3.873659954849911,0.40985855494840084,51.83036093560468,51.789159391856025,1.062176582413733,1.7344884626241277,0.49730093537003983
9,14281,4,7.45,DPC,-3.94074983693734,0.403575707049281,52.115809851613456,52.094583906099764,1.0759893260092641,1.707539691273857,0.44975960542167887
9,14281,5,8.950000000000001,DPC,-3.948031900305388,0.40289957564741874,52.14658660847058,52.096037163654955,1.033245771725827,1.7192846705710374,0.4190736972035694
9,14281,6,10.450000000000001,DPC,-3.8826819577364273,0.409008001454573,51.709944284706594,51.691516392499565,1.0284343134471254,1.705131807478715,0.3866737790082012
9,14281,7,11.950000000000001,DPC,-4.079223020736828,0.39091082586293774,52.72372717841428,52.710300953032295,1.0055123886884323,1.7192023482076417,0.371662073686914
9,14281,8,13.450000000000001,DPC,-3.945859126432112,0.4031011966046534,52.11468703845329,52.11395300837009,1.003913151890604,1.7549380695884091,0.3501222850067391
9,14281,9,14.950000000000001,DPC,-3.8342683068825374,0.4135929900320828,51.54437272099269,51.501708255944415,0.9912030140405269,1.7193823854580734,0.32792103952641855
9,14281,10,16.45,DPC,-4.102456126508466,0.38882518504009794,52.98496803380462,53.00323237053322,1.021542672702099,1.7409844816705433,0.3115196168647557
9,14281,11,17.95,DPC,-3.935840364672227,0.40403218626975423,52.06518986496512,52.015275705506866,1.0225458414996276,1.736877499787134,0.2998131410124348
9,14281,12,19.450000000000003,DPC,-4.042724629345013,0.3942099093674722,52.65561467796961,52.60841808825573,0.9941580602270478,1.7308644302973253,0.2939157346634796
9,14281,13,20.950000000000003,DPC,-3.9456584630666485,0.4031198221029769,52.094204088447256,52.04424194418122,1.0114890835777424,1.711379484277945,0.2878585269204209
9,14281,14,22.450000000000003,DPC,-3.6674092882154237,0.4297927360453031,50.575213696441075,50.65263617088918,0.9990837692179713,1.726916021361277,0.28514330252264863
9,14281,15,23.950000000000003,DPC,-3.451791667912294,0.45166957110534145,49.22543219915034,49.185116832769644,1.0168463347523053,1.7501772745765845,0.27469772133785175
9,14281,16,25.450000000000003,DPC,-3.817644418338256,0.41517917173571206,51.50512303110642,51.54498544000035,1.0207942286231377,1.6979536264511814,0.26246240560986356
9,14281,17,26.950000000000003,DPC,-3.9381131165322403,0.40382080327742814,52.27110918296354,52.26949723321492,1.0257747653632259,1.7798617770253633,0.25192388877850297
9,14281,18,28.450000000000003,DPC,-3.657883116016004,0.43073651346687936,50.481868897959416,50.543158163802474,0.9624669346241852,1.6735855036110552,0.24412623623202598
9,14281,19,29.950000000000003,DPC,-3.5338440081612803,0.4432161727221109,49.70948842018845,49.6922170991911,0.9932055288495713,1.6550136795907193,0.24298577259713597
9,14281,0,1.4500000000000002,Node-KF DPC,-3.667543086716561,0.42977949509003793,50.57111415078912,50.57502037302464,0.47613652093693465,0.2813046385407566,0.828240370612516
9,14281,1,2.95,Node-KF DPC,-3.209688392420214,0.4775635377540251,47.78353320099725,47.735823739231726,0.38555785586715163,0.22730870429347974,0.6360946610381177
9,14281,2,4.45,Node-KF DPC,-2.864643964476696,0.5170536443969633,45.34454003074441,45.32231612966862,0.3445269441100062,0.20901145648340208,0.5374749373799
9,14281,3,5.95,Node-KF DPC,-3.003779781521589,0.5007512266784406,46.35422696248272,46.3099551049033,0.3329300038854047,0.20531662308875875,0.49730093537003983
9,14281,4,7.45,Node-KF DPC,-2.7842973881434356,0.52670842013192,44.84876944322263,44.81899220897527,0.30265730181211575,0.1899668092926103,0.44975960542167887
9,14281,5,8.950000000000001,Node-KF DPC,-2.485444235046556,0.5642292240067874,42.629620533481365,42.66820509756145,0.278286057154817,0.17876938835265763,0.4190736972035694
9,14281,6,10.450000000000001,Node-KF DPC,-2.3406743116835402,0.5833545221167488,41.49941424111947,41.64670992023184,0.24889069595909333,0.17943609362711962,0.3866737790082012
9,14281,7,11.950000000000001,Node-KF DPC,-2.0219218313344793,0.6277804931578745,38.766275458238546,38.78115390152477,0.23904530132017007,0.16759130030789546,0.371662073686914
9,14281,8,13.450000000000001,Node-KF DPC,-1.8601720479017747,0.6516025799918265,37.41138477454318,37.47786148665525,0.23441023792108776,0.17173254156530474,0.3501222850067391
9,14281,9,14.950000000000001,Node-KF DPC,-1.6379100965940574,0.6858181751376425,35.08584687286696,35.094041618428044,0.2119093818535635,0.16884382748575136,0.32792103952641855
9,14281,10,16.45,Node-KF DPC,-1.5887164790953132,0.6936307724823789,34.643719982728186,34.62374026533943,0.2081127044630943,0.16872939804844161,0.3115196168647557
9,14281,11,17.95,Node-KF DPC,-1.493330387904423,0.7090338367260977,33.54927191950337,33.825839595227485,0.19522760744453405,0.16715127690517492,0.2998131410124348
9,14281,12,19.450000000000003,Node-KF DPC,-1.554238597742314,0.6991593021712057,34.2499423456758,34.388046061913336,0.19660268903440484,0.1668799900401329,0.2939157346634796
9,14281,13,20.950000000000003,Node-KF DPC,-1.563692211301384,0.6976390449345097,34.25075780251304,34.23430897315552,0.19206662250747905,0.1577084906168919,0.2878585269204209
9,14281,14,22.450000000000003,Node-KF DPC,-1.4213716815010746,0.7208797595955925,32.78165870491433,32.845605785062354,0.1864674793761108,0.16128950943699025,0.28514330252264863
9,14281,15,23.950000000000003,Node-KF DPC,-1.3449670760189179,0.7336742764016316,31.91453686499816,31.904396242476206,0.1791729030603255,0.16191095177069673,0.27469772133785175
9,14281,16,25.450000000000003,Node-KF DPC,-1.2419398282217369,0.7512872476330311,30.542992712456996,30.516834436965954,0.17068562363427353,0.16495961871021,0.26246240560986356
9,14281,17,26.950000000000003,Node-KF DPC,-1.368482799986526,0.7297123894507395,32.23860445753162,32.261348779618395,0.17999336569993515,0.1629890141632106,0.25192388877850297
9,14281,18,28.450000000000003,Node-KF DPC,-1.2216608584082296,0.7548035153844441,30.411269322603513,30.41094139849109,0.1720866631291041,0.1593860412714625,0.24412623623202598
9,14281,19,29.950000000000003,Node-KF DPC,-1.2430561383747514,0.7510941616416676,30.747770959638093,30.7231084887643,0.1736810792271302,0.1621907845451387,0.24298577259713597
9,14281,0,1.4500000000000002,KF-DPC,-1.5454204059268566,0.7005803619732268,34.10232387516955,34.12659875705042,0.19275373770472543,0.2813046385407566,0.19801073525188154
9,14281,1,2.95,KF-DPC,-0.9182001938893875,0.8094312747331603,26.421393249907762,28.41300589663483,0.15808642764960584,0.22730870429347974,0.14388793266872577
9,14281,2,4.45,KF-DPC,-0.8027874903036041,0.8312300803387002,24.647830970958402,26.69080616523402,0.14895090760048546,0.20901145648340208,0.11428082276207181
9,14281,3,5.95,KF-DPC,-0.8190842520791495,0.8281167609700312,24.778561487349762,26.67870859789678,0.14755726899766325,0.20531662308875875,0.10780963289346426
9,14281,4,7.45,KF-DPC,-0.8033735415991229,0.8311179189784113,24.653576044123046,26.174416604404712,0.1444618226933033,0.1899668092926103,0.10735246452353589
9,14281,5,8.950000000000001,KF-DPC,-0.7080466413545212,0.8495625031722054,23.120083239955058,24.183931932670074,0.13331742993310083,0.17876938835265763,0.10118009748814087
9,14281,6,10.450000000000001,KF-DPC,-0.6700085736014022,0.8570361533153384,22.498003291232845,22.85807100596622,0.12501515484607878,0.17943609362711962,0.08535852030230179
9,14281,7,11.950000000000001,KF-DPC,-0.6351816305589414,0.8639365283911153,21.936952452365947,21.964863105775464,0.11913432695957629,0.16759130030789546,0.07394987748218067
9,14281,8,13.450000000000001,KF-DPC,-0.5956432325849957,0.8718377640279921,21.255901354273426,21.301097865518337,0.11783329330258854,0.17173254156530474,0.06150567007228954
9,14281,9,14.950000000000001,KF-DPC,-0.5161110290161268,0.8879507882400449,19.77773617274469,19.8458649237784,0.10828946705468873,0.16884382748575136,0.04746076107989494
9,14281,10,16.45,KF-DPC,-0.5794150919451253,0.8751016260278744,20.98513932202078,20.977330793054893,0.11476561401216506,0.16872939804844161,0.04335623034904256
9,14281,11,17.95,KF-DPC,-0.5337236927318227,0.8843570263966016,20.15751828164386,20.201827195925862,0.1104107776960643,0.16715127690517492,0.04060205652196818
9,14281,12,19.450000000000003,KF-DPC,-0.528604630519795,0.8854000393576652,20.010243562175067,19.994046736430295,0.1099088350437627,0.1668799900401329,0.03864522778934239
9,14281,13,20.950000000000003,KF-DPC,-0.48922223423542277,0.8934654776242008,19.265261686648277,19.274991501539084,0.1063346919722692,0.1577084906168919,0.03980815888532895
9,14281,14,22.450000000000003,KF-DPC,-0.46492708631706564,0.8984776769821304,18.82264432903914,18.91285195168784,0.1041487186415701,0.16128950943699025,0.04376002408831566
9,14281,15,23.950000000000003,KF-DPC,-0.4963189665605961,0.8920066730991393,19.43721595893555,19.44753176054037,0.10634919097887582,0.16191095177069673,0.045432868664584285
9,14281,16,25.450000000000003,KF-DPC,-0.49942784642859916,0.8913683621444257,19.46268982088066,19.446985235883506,0.10514999553530739,0.16495961871021,0.04708692768452002
9,14281,17,26.950000000000003,KF-DPC,-0.513283716049476,0.8885290438357434,19.721521569243546,19.70216091576204,0.10546598950839361,0.1629890141632106,0.04586221779051601
9,14281,18,28.450000000000003,KF-DPC,-0.4840608959123,0.8945279407972723,19.169114729594373,19.165485577396623,0.10513264145492696,0.1593860412714625,0.043663123398245025
9,14281,19,29.950000000000003,KF-DPC,-0.548071443052511,0.8814402043097822,20.396185103339622,20.377591648817187,0.10862154205536234,0.1621907845451387,0.04220864840679167
9,14281,0,1.4500000000000002,Shore Broadcast,-0.9471610738753884,0.8040515483968653,26.72775749162363,29.498620049324376,0.16231738765946468,0.1739494044953052,0.21136138829520806
9,14281,1,2.95,Shore Broadcast,-1.3706285262897708,0.7293519482300634,32.03356828095029,34.80007272496426,0.1902987568983902,0.18052334618388127,0.25529025019975665
9,14281,2,4.45,Shore Broadcast,-0.6205685234874418,0.8668483914866725,21.64913406342887,23.99605854405182,0.13091253409830064,0.1718844477397844,0.11772806416013347
9,14281,3,5.95,Shore Broadcast,-0.6008986807419465,0.8707833810747976,21.342667551363444,22.186037435435704,0.1196882411014698,0.16848398276153076,0.11125747435573793
9,14281,4,7.45,Shore Broadcast,-0.7148582542078765,0.8482310667144408,23.268563197794904,24.725270101814356,0.13523320071436795,0.16779115768641473,0.13112760069206164
9,14281,5,8.950000000000001,Shore Broadcast,-1.5073089579113266,0.7067553492033051,33.48425755449918,33.50088366574247,0.1847964210789869,0.17028274170389238,0.27859238342270415
9,14281,6,10.450000000000001,Shore Broadcast,-0.5740808519774608,0.876177133588863,20.84322882415099,22.025186382719774,0.1203437931229228,0.16918034230784737,0.09778613417937888
9,14281,7,11.950000000000001,Shore Broadcast,-1.2552214208643044,0.748993170840894,30.639451867091214,31.080674070157777,0.16990733388182752,0.17626024608288485,0.2178264160035533
9,14281,8,13.450000000000001,Shore Broadcast,-0.5040858481951291,0.89041284238209,19.49405711458694,21.881350997248298,0.11903175378638257,0.16704367928347844,0.17654748273459936
9,14281,9,14.950000000000001,Shore Broadcast,-0.49686893951580874,0.8918937201362716,19.403645069744176,19.444199885103746,0.10485943897279427,0.172986669610641,0.0735513927840761
9,14281,10,16.45,Shore Broadcast,-0.6227046800535132,0.86642212114869,21.692637995545308,23.535521947234763,0.1267685652657109,0.1741495826241287,0.172381229628303
9,14281,11,17.95,Shore Broadcast,-0.7066101768788825,0.849843549386658,23.07287367584347,23.677743854039004,0.12925031492929623,0.17639195642977842,0.1529022024494736
9,14281,12,19.450000000000003,Shore Broadcast,-0.7512663485887656,0.8411498370727193,23.82595595028043,23.99325649841234,0.12886123269947708,0.17772805384378626,0.13560684182394384
9,14281,13,20.950000000000003,Shore Broadcast,-0.6242305765553771,0.8661177566423671,21.720678616691792,24.106809059877538,0.12980414604431828,0.17171954025886133,0.18849587663842904
9,14281,14,22.450000000000003,Shore Broadcast,-1.640353063828078,0.6854325013007158,34.81083325767684,36.788613342636935,0.20324047131388828,0.16862104781013323,0.3160605605132562
9,14281,15,23.950000000000003,Shore Broadcast,-0.6398067528152864,0.8630169484126506,22.01789598755313,22.000762738369136,0.11971183051890012,0.17587936987809927,0.11167601344929474
9,14281,16,25.450000000000003,Shore Broadcast,-0.6925021141269594,0.8526087563880421,22.86608544304355,23.821754820552375,0.1303723114464277,0.17098734050292047,0.13215103905883557
9,14281,17,26.950000000000003,Shore Broadcast,-0.6011680457184125,0.8707293736487781,21.318202662058596,21.29772839549388,0.11531122296819259,0.1784843598804461,0.10403277304796114
9,14281,18,28.450000000000003,Shore Broadcast,-0.47544214329856294,0.89630493095852,18.959068743513047,19.196152952021137,0.10507977850410732,0.17034847227236302,0.1057056696622842
9,14281,19,29.950000000000003,Shore Broadcast,-0.7270119760470071,0.8458606122812083,23.412273233911225,23.967433530133235,0.13012789722205964,0.17370001720248704,0.1389874002317824
