factor,factor_value,factor_label,point_index,point_out_dir,trial_index,seed,method,tail_power_db,final_power_db,tail_phase_std_deg,tail_phase_rmse_deg,tail_distance_rmse_m,tail_node_rmse_m,tail_uav_rmse_m
frequency,40.0,40 MHz,0,D:\git\sim\outputs\仅节点KF对照_40-600MHz_N500_MC10_预热20_20260910\frequency\point_00,0,5200,No Algorithm,-3.9006013856539354,-3.753631130399932,51.896702081457356,51.89225633727431,,,
frequency,40.0,40 MHz,0,D:\git\sim\outputs\仅节点KF对照_40-600MHz_N500_MC10_预热20_20260910\frequency\point_00,0,5200,DPC,-2.6358519277455805,-2.967823724065676,43.7884242481869,43.78337495854267,1.0067489437121429,1.733676964086123,0.2456707353163069
frequency,40.0,40 MHz,0,D:\git\sim\outputs\仅节点KF对照_40-600MHz_N500_MC10_预热20_20260910\frequency\point_00,0,5200,Node-KF DPC,-0.119209724671843,-0.10201256160136216,9.496977044942598,9.492288447899712,0.17294345041494547,0.1603187102016936,0.2456707353163069
frequency,40.0,40 MHz,0,D:\git\sim\outputs\仅节点KF对照_40-600MHz_N500_MC10_预热20_20260910\frequency\point_00,0,5200,KF-DPC,-0.06521345647545501,-0.06298220904734803,7.027254406843014,7.029025378044363,0.10746598621053143,0.1603187102016936,0.04822399807378909
frequency,40.0,40 MHz,0,D:\git\sim\outputs\仅节点KF对照_40-600MHz_N500_MC10_预热20_20260910\frequency\point_00,1,6209,No Algorithm,-3.9302585171600186,-4.062310945749788,52.05876648091928,52.05389413832706,,,
frequency,40.0,40 MHz,0,D:\git\sim\outputs\仅节点KF对照_40-600MHz_N500_MC10_预热20_20260910\frequency\point_00,1,6209,DPC,-2.6578588904717684,-2.702249608484945,43.947921704307355,43.944929020767724,1.0098835460540494,1.7316727706353323,0.24924635207279314
frequency,40.0,40 MHz,0,D:\git\sim\outputs\仅节点KF对照_40-600MHz_N500_MC10_预热20_20260910\frequency\point_00,1,6209,Node-KF DPC,-0.1315367991512203,-0.12366530916036886,9.989900699383321,9.98203002146611,0.17667457353296218,0.1609859363512123,0.24924635207279314
frequency,40.0,40 MHz,0,D:\git\sim\outputs\仅节点KF对照_40-600MHz_N500_MC10_预热20_20260910\frequency\point_00,1,6209,KF-DPC,-0.06891918048901319,-0.07090623685422616,7.222738230776883,7.217797999764945,0.1081667978932488,0.1609859363512123,0.056810733625986515
frequency,40.0,40 MHz,0,D:\git\sim\outputs\仅节点KF对照_40-600MHz_N500_MC10_预热20_20260910\frequency\point_00,2,7218,No Algorithm,-3.9206412371652033,-4.064829819492409,52.00563308021874,51.99261038119542,,,
frequency,40.0,40 MHz,0,D:\git\sim\outputs\仅节点KF对照_40-600MHz_N500_MC10_预热20_20260910\frequency\point_00,2,7218,DPC,-2.6579177364407656,-2.4055173045139893,43.95637155304773,43.95198170817112,1.0094968271243836,1.733828360695596,0.2419007211253757
frequency,40.0,40 MHz,0,D:\git\sim\outputs\仅节点KF对照_40-600MHz_N500_MC10_预热20_20260910\frequency\point_00,2,7218,Node-KF DPC,-0.133061491412873,-0.1290529518185117,10.037872733441558,10.033541306769314,0.17967029301824322,0.16415063387305312,0.2419007211253757
frequency,40.0,40 MHz,0,D:\git\sim\outputs\仅节点KF对照_40-600MHz_N500_MC10_预热20_20260910\frequency\point_00,2,7218,KF-DPC,-0.07025734327718172,-0.07284135299416407,7.293913695651761,7.4033217339454795,0.11049701148047306,0.16415063387305312,0.06344126522094597
frequency,40.0,40 MHz,0,D:\git\sim\outputs\仅节点KF对照_40-600MHz_N500_MC10_预热20_20260910\frequency\point_00,3,8227,No Algorithm,-3.937832718986411,-4.119631448473602,52.1213501687826,52.12180739408305,,,
frequency,40.0,40 MHz,0,D:\git\sim\outputs\仅节点KF对照_40-600MHz_N500_MC10_预热20_20260910\frequency\point_00,3,8227,DPC,-2.6586320040557183,-2.578462016129998,43.97104194643638,43.97376002645983,1.009734979580256,1.7347140063230597,0.24577282191415137
frequency,40.0,40 MHz,0,D:\git\sim\outputs\仅节点KF对照_40-600MHz_N500_MC10_预热20_20260910\frequency\point_00,3,8227,Node-KF DPC,-0.12131101222987284,-0.1286203471514221,9.586513405669006,9.593606829309895,0.16774576919319967,0.16132773543213527,0.24577282191415137
frequency,40.0,40 MHz,0,D:\git\sim\outputs\仅节点KF对照_40-600MHz_N500_MC10_预热20_20260910\frequency\point_00,3,8227,KF-DPC,-0.06474099479375453,-0.07006139665546873,7.001023148422985,7.002987776360664,0.10696323448593273,0.16132773543213527,0.03163230389490333
frequency,40.0,40 MHz,0,D:\git\sim\outputs\仅节点KF对照_40-600MHz_N500_MC10_预热20_20260910\frequency\point_00,4,9236,No Algorithm,-3.91292614140065,-4.082104840396278,51.965347069169475,51.958549094230236,,,
frequency,40.0,40 MHz,0,D:\git\sim\outputs\仅节点KF对照_40-600MHz_N500_MC10_预热20_20260910\frequency\point_00,4,9236,DPC,-2.664957052941933,-2.5184837800611253,44.01670260130745,44.021604936513114,1.012740042424719,1.7316723058864232,0.24703924243246939
frequency,40.0,40 MHz,0,D:\git\sim\outputs\仅节点KF对照_40-600MHz_N500_MC10_预热20_20260910\frequency\point_00,4,9236,Node-KF DPC,-0.12633957052937114,-0.12513667957004448,9.781109522934388,9.783265512165439,0.1845147124079744,0.16328682796311977,0.24703924243246939
frequency,40.0,40 MHz,0,D:\git\sim\outputs\仅节点KF对照_40-600MHz_N500_MC10_预热20_20260910\frequency\point_00,4,9236,KF-DPC,-0.06325387108394577,-0.06585925240529453,6.9203426037767715,6.915758804467059,0.10527971923881976,0.16328682796311977,0.01300914532000521
frequency,40.0,40 MHz,0,D:\git\sim\outputs\仅节点KF对照_40-600MHz_N500_MC10_预热20_20260910\frequency\point_00,5,10245,No Algorithm,-3.918789098495755,-3.8560192091251415,52.00596857898898,52.01296338198428,,,
frequency,40.0,40 MHz,0,D:\git\sim\outputs\仅节点KF对照_40-600MHz_N500_MC10_预热20_20260910\frequency\point_00,5,10245,DPC,-2.658164208266868,-2.4540471812305875,43.953486510347034,43.962218859236906,1.0125753535760877,1.7334953366445758,0.24792963582330863
frequency,40.0,40 MHz,0,D:\git\sim\outputs\仅节点KF对照_40-600MHz_N500_MC10_预热20_20260910\frequency\point_00,5,10245,Node-KF DPC,-0.12321226269031622,-0.11861549109547817,9.654017293865031,9.64618284297394,0.17144317243051882,0.163857529761374,0.24792963582330863
frequency,40.0,40 MHz,0,D:\git\sim\outputs\仅节点KF对照_40-600MHz_N500_MC10_预热20_20260910\frequency\point_00,5,10245,KF-DPC,-0.06951013423150779,-0.06930732373799725,7.254471001755837,7.258404990552661,0.10871924250088742,0.163857529761374,0.046622308623124664
frequency,40.0,40 MHz,0,D:\git\sim\outputs\仅节点KF对照_40-600MHz_N500_MC10_预热20_20260910\frequency\point_00,6,11254,No Algorithm,-3.9206908658351307,-4.1668479127855225,52.01714291892924,52.02776015183964,,,
frequency,40.0,40 MHz,0,D:\git\sim\outputs\仅节点KF对照_40-600MHz_N500_MC10_预热20_20260910\frequency\point_00,6,11254,DPC,-2.670299307276368,-2.781783950064936,44.055246863327255,44.05647142098715,1.0114561969748281,1.7374409659895065,0.24661627852669937
frequency,40.0,40 MHz,0,D:\git\sim\outputs\仅节点KF对照_40-600MHz_N500_MC10_预热20_20260910\frequency\point_00,6,11254,Node-KF DPC,-0.12746766487599875,-0.11649235352962747,9.824796637093051,9.848793722154777,0.18020834122143278,0.16150932085446887,0.24661627852669937
frequency,40.0,40 MHz,0,D:\git\sim\outputs\仅节点KF对照_40-600MHz_N500_MC10_预热20_20260910\frequency\point_00,6,11254,KF-DPC,-0.06462037750116437,-0.06569232360069605,6.994394380848921,7.0039196586019115,0.10577689972194412,0.16150932085446887,0.020662072140368932
frequency,40.0,40 MHz,0,D:\git\sim\outputs\仅节点KF对照_40-600MHz_N500_MC10_预热20_20260910\frequency\point_00,7,12263,No Algorithm,-3.916046021270952,-3.987090959254963,51.987777649574596,51.98525358820998,,,
frequency,40.0,40 MHz,0,D:\git\sim\outputs\仅节点KF对照_40-600MHz_N500_MC10_预热20_20260910\frequency\point_00,7,12263,DPC,-2.644822708416811,-2.5468168435563943,43.86625031377481,43.86369879589544,1.0096269104643836,1.7283269847559182,0.2503489614552129
frequency,40.0,40 MHz,0,D:\git\sim\outputs\仅节点KF对照_40-600MHz_N500_MC10_预热20_20260910\frequency\point_00,7,12263,Node-KF DPC,-0.12022807746298449,-0.1252893178320105,9.546679684967005,9.541116011510717,0.17169911237186103,0.1609993631960497,0.2503489614552129
frequency,40.0,40 MHz,0,D:\git\sim\outputs\仅节点KF对照_40-600MHz_N500_MC10_预热20_20260910\frequency\point_00,7,12263,KF-DPC,-0.06323655960115725,-0.06551168717626397,6.9183074857708675,6.921722889080341,0.1023076174434712,0.1609993631960497,0.011174938544858858
frequency,40.0,40 MHz,0,D:\git\sim\outputs\仅节点KF对照_40-600MHz_N500_MC10_预热20_20260910\frequency\point_00,8,13272,No Algorithm,-3.952161419184111,-3.708754125419146,52.17845488020464,52.1791455990254,,,
frequency,40.0,40 MHz,0,D:\git\sim\outputs\仅节点KF对照_40-600MHz_N500_MC10_预热20_20260910\frequency\point_00,8,13272,DPC,-2.659637946924349,-3.0109292489933615,43.97387128000615,43.980641066622304,1.0127574197533902,1.7356880859137136,0.24832557233817376
frequency,40.0,40 MHz,0,D:\git\sim\outputs\仅节点KF对照_40-600MHz_N500_MC10_预热20_20260910\frequency\point_00,8,13272,Node-KF DPC,-0.13213561735383406,-0.12718213805071663,10.007006001404894,10.000502122622642,0.1851912418524224,0.16078846004125696,0.24832557233817376
frequency,40.0,40 MHz,0,D:\git\sim\outputs\仅节点KF对照_40-600MHz_N500_MC10_预热20_20260910\frequency\point_00,8,13272,KF-DPC,-0.06781297653992487,-0.07139968587376812,7.165391561903025,7.18268057781614,0.1042635229934005,0.16078846004125696,0.022582306215579908
frequency,40.0,40 MHz,0,D:\git\sim\outputs\仅节点KF对照_40-600MHz_N500_MC10_预热20_20260910\frequency\point_00,9,14281,No Algorithm,-3.9010078693103782,-4.001542310352436,51.9070580609992,51.916753085372676,,,
frequency,40.0,40 MHz,0,D:\git\sim\outputs\仅节点KF对照_40-600MHz_N500_MC10_预热20_20260910\frequency\point_00,9,14281,DPC,-2.657983511392134,-2.7413278775744194,43.965588388791154,43.959978329992026,1.0061048663333945,1.7307096134166249,0.2532758863275396
frequency,40.0,40 MHz,0,D:\git\sim\outputs\仅节点KF对照_40-600MHz_N500_MC10_预热20_20260910\frequency\point_00,9,14281,Node-KF DPC,-0.12997111035059217,-0.13271730284279032,9.93330632002691,9.926798803012362,0.17704985433119894,0.16276647249759404,0.2532758863275396
frequency,40.0,40 MHz,0,D:\git\sim\outputs\仅节点KF对照_40-600MHz_N500_MC10_预热20_20260910\frequency\point_00,9,14281,KF-DPC,-0.06359114886207781,-0.07006254167105604,6.939441896123008,6.940749300143997,0.10675514553159261,0.16276647249759404,0.0451340219142453
frequency,60.0,60 MHz,1,D:\git\sim\outputs\仅节点KF对照_40-600MHz_N500_MC10_预热20_20260910\frequency\point_01,0,5200,No Algorithm,-3.9243502626301985,-3.6298472505895236,52.0430615731441,52.03933837483145,,,
frequency,60.0,60 MHz,1,D:\git\sim\outputs\仅节点KF对照_40-600MHz_N500_MC10_预热20_20260910\frequency\point_01,0,5200,DPC,-3.6861787721988373,-4.141684819469776,50.69822951610716,50.69557818116942,1.0067489437121429,1.733676964086123,0.2456707353163069
frequency,60.0,60 MHz,1,D:\git\sim\outputs\仅节点KF对照_40-600MHz_N500_MC10_预热20_20260910\frequency\point_01,0,5200,Node-KF DPC,-0.23140055997908882,-0.19566294701232095,13.236985238634594,13.231712264817247,0.17294345041494547,0.1603187102016936,0.2456707353163069
frequency,60.0,60 MHz,1,D:\git\sim\outputs\仅节点KF对照_40-600MHz_N500_MC10_预热20_20260910\frequency\point_01,0,5200,KF-DPC,-0.10850932156226552,-0.10491880924472843,9.06448023618497,9.073443806144617,0.10746598621053143,0.1603187102016936,0.04822399807378909
frequency,60.0,60 MHz,1,D:\git\sim\outputs\仅节点KF对照_40-600MHz_N500_MC10_预热20_20260910\frequency\point_01,1,6209,No Algorithm,-3.896108465312481,-4.101038610790822,51.88429386248196,51.88082579304911,,,
frequency,60.0,60 MHz,1,D:\git\sim\outputs\仅节点KF对照_40-600MHz_N500_MC10_预热20_20260910\frequency\point_01,1,6209,DPC,-3.7173157742763574,-3.6635913659867327,50.87219122624885,50.86715265368778,1.0098835460540494,1.7316727706353323,0.24924635207279314
frequency,60.0,60 MHz,1,D:\git\sim\outputs\仅节点KF对照_40-600MHz_N500_MC10_预热20_20260910\frequency\point_01,1,6209,Node-KF DPC,-0.251561258286264,-0.23090386048740447,13.83274951484281,13.822236080354404,0.17667457353296218,0.1609859363512123,0.24924635207279314
frequency,60.0,60 MHz,1,D:\git\sim\outputs\仅节点KF对照_40-600MHz_N500_MC10_预热20_20260910\frequency\point_01,1,6209,KF-DPC,-0.11375827140449618,-0.11573785312152088,9.278944609064668,9.274165208750759,0.1081667978932488,0.1609859363512123,0.056810733625986515
frequency,60.0,60 MHz,1,D:\git\sim\outputs\仅节点KF对照_40-600MHz_N500_MC10_预热20_20260910\frequency\point_01,2,7218,No Algorithm,-3.9055591407497143,-4.056694946471408,51.93066630053647,51.93344953987857,,,
frequency,60.0,60 MHz,1,D:\git\sim\outputs\仅节点KF对照_40-600MHz_N500_MC10_预热20_20260910\frequency\point_01,2,7218,DPC,-3.6927993189347723,-3.4118591242871945,50.72822451784097,50.73089274028063,1.0094968271243836,1.733828360695596,0.2419007211253757
frequency,60.0,60 MHz,1,D:\git\sim\outputs\仅节点KF对照_40-600MHz_N500_MC10_预热20_20260910\frequency\point_01,2,7218,Node-KF DPC,-0.25503548571776097,-0.24575380317933274,13.899968484333995,13.89491177854834,0.17967029301824322,0.16415063387305312,0.2419007211253757
frequency,60.0,60 MHz,1,D:\git\sim\outputs\仅节点KF对照_40-600MHz_N500_MC10_预热20_20260910\frequency\point_01,2,7218,KF-DPC,-0.11394554868893489,-0.1184643724893259,9.288644766488607,9.465452688031265,0.11049701148047306,0.16415063387305312,0.06344126522094597
frequency,60.0,60 MHz,1,D:\git\sim\outputs\仅节点KF对照_40-600MHz_N500_MC10_预热20_20260910\frequency\point_01,3,8227,No Algorithm,-3.9070833225973702,-3.777991196220004,51.92820879390758,51.93108935466941,,,
frequency,60.0,60 MHz,1,D:\git\sim\outputs\仅节点KF对照_40-600MHz_N500_MC10_预热20_20260910\frequency\point_01,3,8227,DPC,-3.6943194704633213,-3.5918932748086756,50.73690272260692,50.733120487893345,1.009734979580256,1.7347140063230597,0.24577282191415137
frequency,60.0,60 MHz,1,D:\git\sim\outputs\仅节点KF对照_40-600MHz_N500_MC10_预热20_20260910\frequency\point_01,3,8227,Node-KF DPC,-0.23117308337767234,-0.24166551854060186,13.239549596627311,13.25414658853689,0.16774576919319967,0.16132773543213527,0.24577282191415137
frequency,60.0,60 MHz,1,D:\git\sim\outputs\仅节点KF对照_40-600MHz_N500_MC10_预热20_20260910\frequency\point_01,3,8227,KF-DPC,-0.10856794579473616,-0.1172636056566753,9.066075215842824,9.073223842337601,0.10696323448593273,0.16132773543213527,0.03163230389490333
frequency,60.0,60 MHz,1,D:\git\sim\outputs\仅节点KF对照_40-600MHz_N500_MC10_预热20_20260910\frequency\point_01,4,9236,No Algorithm,-3.8766178184168174,-3.746925886681999,51.76199996364018,51.77140741775877,,,
frequency,60.0,60 MHz,1,D:\git\sim\outputs\仅节点KF对照_40-600MHz_N500_MC10_预热20_20260910\frequency\point_01,4,9236,DPC,-3.6912141461616903,-3.530348665525435,50.72071257028578,50.72447097334324,1.012740042424719,1.7316723058864232,0.24703924243246939
frequency,60.0,60 MHz,1,D:\git\sim\outputs\仅节点KF对照_40-600MHz_N500_MC10_预热20_20260910\frequency\point_01,4,9236,Node-KF DPC,-0.25133076281609745,-0.24455884218981838,13.800891667435481,13.800489590531868,0.1845147124079744,0.16328682796311977,0.24703924243246939
frequency,60.0,60 MHz,1,D:\git\sim\outputs\仅节点KF对照_40-600MHz_N500_MC10_预热20_20260910\frequency\point_01,4,9236,KF-DPC,-0.10438118839610883,-0.10853500130954621,8.8896153441431,8.885463057205694,0.10527971923881976,0.16328682796311977,0.01300914532000521
frequency,60.0,60 MHz,1,D:\git\sim\outputs\仅节点KF对照_40-600MHz_N500_MC10_预热20_20260910\frequency\point_01,5,10245,No Algorithm,-3.9073673148248855,-3.9010968474671808,51.9324302685623,51.93342925806896,,,
frequency,60.0,60 MHz,1,D:\git\sim\outputs\仅节点KF对照_40-600MHz_N500_MC10_预热20_20260910\frequency\point_01,5,10245,DPC,-3.696929265320769,-3.4386724366630776,50.75577143154589,50.756253689244794,1.0125753535760877,1.7334953366445758,0.24792963582330863
frequency,60.0,60 MHz,1,D:\git\sim\outputs\仅节点KF对照_40-600MHz_N500_MC10_预热20_20260910\frequency\point_01,5,10245,Node-KF DPC,-0.23578733089217316,-0.22674789649004687,13.354483494278357,13.344162283897173,0.17144317243051882,0.163857529761374,0.24792963582330863
frequency,60.0,60 MHz,1,D:\git\sim\outputs\仅节点KF对照_40-600MHz_N500_MC10_预热20_20260910\frequency\point_01,5,10245,KF-DPC,-0.11492117225258777,-0.11476889955132563,9.327560040224228,9.336004325499205,0.10871924250088742,0.163857529761374,0.046622308623124664
frequency,60.0,60 MHz,1,D:\git\sim\outputs\仅节点KF对照_40-600MHz_N500_MC10_预热20_20260910\frequency\point_01,6,11254,No Algorithm,-3.89488869838636,-4.009242287917859,51.870950279994986,51.87346565605416,,,
frequency,60.0,60 MHz,1,D:\git\sim\outputs\仅节点KF对照_40-600MHz_N500_MC10_预热20_20260910\frequency\point_01,6,11254,DPC,-3.700637999963292,-3.647272110322736,50.773878075750616,50.76355949380341,1.0114561969748281,1.7374409659895065,0.24661627852669937
frequency,60.0,60 MHz,1,D:\git\sim\outputs\仅节点KF对照_40-600MHz_N500_MC10_预热20_20260910\frequency\point_01,6,11254,Node-KF DPC,-0.24811041686565463,-0.2244009087719502,13.718828083703986,13.762645627448254,0.18020834122143278,0.16150932085446887,0.24661627852669937
frequency,60.0,60 MHz,1,D:\git\sim\outputs\仅节点KF对照_40-600MHz_N500_MC10_预热20_20260910\frequency\point_01,6,11254,KF-DPC,-0.1060915605669898,-0.10806651734640524,8.962242269060939,8.98499945183712,0.10577689972194412,0.16150932085446887,0.020662072140368932
frequency,60.0,60 MHz,1,D:\git\sim\outputs\仅节点KF对照_40-600MHz_N500_MC10_预热20_20260910\frequency\point_01,7,12263,No Algorithm,-3.9095404889322225,-3.7746182911450745,51.948284004914754,51.9423221424689,,,
frequency,60.0,60 MHz,1,D:\git\sim\outputs\仅节点KF对照_40-600MHz_N500_MC10_预热20_20260910\frequency\point_01,7,12263,DPC,-3.674550184028096,-3.5149647633930337,50.62653303908656,50.62173023371114,1.0096269104643836,1.7283269847559182,0.2503489614552129
frequency,60.0,60 MHz,1,D:\git\sim\outputs\仅节点KF对照_40-600MHz_N500_MC10_预热20_20260910\frequency\point_01,7,12263,Node-KF DPC,-0.23223653382329468,-0.24600616720031954,13.284772249728901,13.274014246283306,0.17169911237186103,0.1609993631960497,0.2503489614552129
frequency,60.0,60 MHz,1,D:\git\sim\outputs\仅节点KF对照_40-600MHz_N500_MC10_预热20_20260910\frequency\point_01,7,12263,KF-DPC,-0.10393172305956777,-0.11008113377063493,8.868939614623818,8.86908505546096,0.1023076174434712,0.1609993631960497,0.011174938544858858
frequency,60.0,60 MHz,1,D:\git\sim\outputs\仅节点KF对照_40-600MHz_N500_MC10_预热20_20260910\frequency\point_01,8,13272,No Algorithm,-3.91261858957185,-4.229919278858016,51.97670382277368,51.986555312352515,,,
frequency,60.0,60 MHz,1,D:\git\sim\outputs\仅节点KF对照_40-600MHz_N500_MC10_预热20_20260910\frequency\point_01,8,13272,DPC,-3.6902271389434076,-4.16057697537804,50.716797863256396,50.71747624674641,1.0127574197533902,1.7356880859137136,0.24832557233817376
frequency,60.0,60 MHz,1,D:\git\sim\outputs\仅节点KF对照_40-600MHz_N500_MC10_预热20_20260910\frequency\point_01,8,13272,Node-KF DPC,-0.25960275099593944,-0.24743411983022545,14.034786563807513,14.028039017183069,0.1851912418524224,0.16078846004125696,0.24832557233817376
frequency,60.0,60 MHz,1,D:\git\sim\outputs\仅节点KF对照_40-600MHz_N500_MC10_预热20_20260910\frequency\point_01,8,13272,KF-DPC,-0.10990890110070545,-0.11757938259179887,9.122027477278246,9.147571357586036,0.1042635229934005,0.16078846004125696,0.022582306215579908
frequency,60.0,60 MHz,1,D:\git\sim\outputs\仅节点KF对照_40-600MHz_N500_MC10_预热20_20260910\frequency\point_01,9,14281,No Algorithm,-3.9035287165724957,-3.805644892907707,51.90509183494341,51.89770020744545,,,
frequency,60.0,60 MHz,1,D:\git\sim\outputs\仅节点KF对照_40-600MHz_N500_MC10_预热20_20260910\frequency\point_01,9,14281,DPC,-3.6860507818571513,-3.814292667349401,50.68770300146786,50.69330518001234,1.0061048663333945,1.7307096134166249,0.2532758863275396
frequency,60.0,60 MHz,1,D:\git\sim\outputs\仅节点KF对照_40-600MHz_N500_MC10_预热20_20260910\frequency\point_01,9,14281,Node-KF DPC,-0.2505216513799235,-0.25108197235123275,13.80640906666085,13.797354755945348,0.17704985433119894,0.16276647249759404,0.2532758863275396
frequency,60.0,60 MHz,1,D:\git\sim\outputs\仅节点KF对照_40-600MHz_N500_MC10_预热20_20260910\frequency\point_01,9,14281,KF-DPC,-0.10606049242041658,-0.11666056381703412,8.96175919177006,8.963015325232504,0.10675514553159261,0.16276647249759404,0.0451340219142453
frequency,80.0,80 MHz,2,D:\git\sim\outputs\仅节点KF对照_40-600MHz_N500_MC10_预热20_20260910\frequency\point_02,0,5200,No Algorithm,-3.925449571196204,-4.041050693133491,52.0408860646985,52.03262667272324,,,
frequency,80.0,80 MHz,2,D:\git\sim\outputs\仅节点KF对照_40-600MHz_N500_MC10_预热20_20260910\frequency\point_02,0,5200,DPC,-3.9163985173902245,-4.124050029567156,51.99914834481162,51.992742855027444,1.0067489437121429,1.733676964086123,0.2456707353163069
frequency,80.0,80 MHz,2,D:\git\sim\outputs\仅节点KF对照_40-600MHz_N500_MC10_预热20_20260910\frequency\point_02,0,5200,Node-KF DPC,-0.38869169723282593,-0.3281180360136007,17.16682792774687,17.161013409825397,0.17294345041494547,0.1603187102016936,0.2456707353163069
frequency,80.0,80 MHz,2,D:\git\sim\outputs\仅节点KF对照_40-600MHz_N500_MC10_预热20_20260910\frequency\point_02,0,5200,KF-DPC,-0.1692719723967033,-0.16417640528025165,11.321642194566175,11.338092073174913,0.10746598621053143,0.1603187102016936,0.04822399807378909
frequency,80.0,80 MHz,2,D:\git\sim\outputs\仅节点KF对照_40-600MHz_N500_MC10_预热20_20260910\frequency\point_02,1,6209,No Algorithm,-3.9199434870778855,-3.961808647408933,52.004991025668964,51.99298906550501,,,
frequency,80.0,80 MHz,2,D:\git\sim\outputs\仅节点KF对照_40-600MHz_N500_MC10_预热20_20260910\frequency\point_02,1,6209,DPC,-3.9215091052815017,-3.7322500927079236,52.01316934259801,52.012713066353825,1.0098835460540494,1.7316727706353323,0.24924635207279314
frequency,80.0,80 MHz,2,D:\git\sim\outputs\仅节点KF对照_40-600MHz_N500_MC10_预热20_20260910\frequency\point_02,1,6209,Node-KF DPC,-0.41774446465992476,-0.37905157047424287,17.85571534615962,17.842507724910654,0.17667457353296218,0.1609859363512123,0.24924635207279314
frequency,80.0,80 MHz,2,D:\git\sim\outputs\仅节点KF对照_40-600MHz_N500_MC10_预热20_20260910\frequency\point_02,1,6209,KF-DPC,-0.17640133555234902,-0.17766980650836958,11.554383091112156,11.550003315003133,0.1081667978932488,0.1609859363512123,0.056810733625986515
frequency,80.0,80 MHz,2,D:\git\sim\outputs\仅节点KF对照_40-600MHz_N500_MC10_预热20_20260910\frequency\point_02,2,7218,No Algorithm,-3.920054511921027,-3.696317029801733,52.01734772392679,52.02539875342828,,,
frequency,80.0,80 MHz,2,D:\git\sim\outputs\仅节点KF对照_40-600MHz_N500_MC10_预热20_20260910\frequency\point_02,2,7218,DPC,-3.901048275371546,-3.757587134564282,51.90708154999173,51.902806701159484,1.0094968271243836,1.733828360695596,0.2419007211253757
frequency,80.0,80 MHz,2,D:\git\sim\outputs\仅节点KF对照_40-600MHz_N500_MC10_预热20_20260910\frequency\point_02,2,7218,Node-KF DPC,-0.4258121221070866,-0.4091395194028474,17.9683151059465,17.96256095448539,0.17967029301824322,0.16415063387305312,0.2419007211253757
frequency,80.0,80 MHz,2,D:\git\sim\outputs\仅节点KF对照_40-600MHz_N500_MC10_预热20_20260910\frequency\point_02,2,7218,KF-DPC,-0.17540986072265846,-0.18224448989151262,11.525053370878073,11.766330650968788,0.11049701148047306,0.16415063387305312,0.06344126522094597
frequency,80.0,80 MHz,2,D:\git\sim\outputs\仅节点KF对照_40-600MHz_N500_MC10_预热20_20260910\frequency\point_02,3,8227,No Algorithm,-3.8686356746793757,-4.018287533425921,51.72717941120598,51.72597023404966,,,
frequency,80.0,80 MHz,2,D:\git\sim\outputs\仅节点KF对照_40-600MHz_N500_MC10_预热20_20260910\frequency\point_02,3,8227,DPC,-3.8877298823832875,-3.7361382513508703,51.83390985321326,51.834533005509364,1.009734979580256,1.7347140063230597,0.24577282191415137
frequency,80.0,80 MHz,2,D:\git\sim\outputs\仅节点KF对照_40-600MHz_N500_MC10_预热20_20260910\frequency\point_02,3,8227,Node-KF DPC,-0.3832875630174426,-0.39638830207344644,17.05812625520692,17.079931748891752,0.16774576919319967,0.16132773543213527,0.24577282191415137
frequency,80.0,80 MHz,2,D:\git\sim\outputs\仅节点KF对照_40-600MHz_N500_MC10_预热20_20260910\frequency\point_02,3,8227,KF-DPC,-0.16973684043525944,-0.1822670044186207,11.336200735258313,11.348378306321784,0.10696323448593273,0.16132773543213527,0.03163230389490333
frequency,80.0,80 MHz,2,D:\git\sim\outputs\仅节点KF对照_40-600MHz_N500_MC10_预热20_20260910\frequency\point_02,4,9236,No Algorithm,-3.911475449727278,-3.5533648661764716,51.95855317124232,51.9542805522856,,,
frequency,80.0,80 MHz,2,D:\git\sim\outputs\仅节点KF对照_40-600MHz_N500_MC10_预热20_20260910\frequency\point_02,4,9236,DPC,-3.883593783413205,-3.706702185994767,51.803231967902,51.79597250837552,1.012740042424719,1.7316723058864232,0.24703924243246939
frequency,80.0,80 MHz,2,D:\git\sim\outputs\仅节点KF对照_40-600MHz_N500_MC10_预热20_20260910\frequency\point_02,4,9236,Node-KF DPC,-0.4277414435973171,-0.41178026214261054,18.01445312054112,18.01153762643995,0.1845147124079744,0.16328682796311977,0.24703924243246939
frequency,80.0,80 MHz,2,D:\git\sim\outputs\仅节点KF对照_40-600MHz_N500_MC10_预热20_20260910\frequency\point_02,4,9236,KF-DPC,-0.16233984774558632,-0.16821040562092088,11.086273825825192,11.083530828648728,0.10527971923881976,0.16328682796311977,0.01300914532000521
frequency,80.0,80 MHz,2,D:\git\sim\outputs\仅节点KF对照_40-600MHz_N500_MC10_预热20_20260910\frequency\point_02,5,10245,No Algorithm,-3.9231820398261745,-3.904270919894408,52.03704009560818,52.036941072455505,,,
frequency,80.0,80 MHz,2,D:\git\sim\outputs\仅节点KF对照_40-600MHz_N500_MC10_预热20_20260910\frequency\point_02,5,10245,DPC,-3.9035069300742253,-4.038153081660338,51.91492438079105,51.90896558910153,1.0125753535760877,1.7334953366445758,0.24792963582330863
frequency,80.0,80 MHz,2,D:\git\sim\outputs\仅节点KF对照_40-600MHz_N500_MC10_预热20_20260910\frequency\point_02,5,10245,Node-KF DPC,-0.39308644739973947,-0.37810751250539787,17.245066446739635,17.23208774698965,0.17144317243051882,0.163857529761374,0.24792963582330863
frequency,80.0,80 MHz,2,D:\git\sim\outputs\仅节点KF对照_40-600MHz_N500_MC10_预热20_20260910\frequency\point_02,5,10245,KF-DPC,-0.178268211650224,-0.17823785211169701,11.617390792994964,11.629901543887138,0.10871924250088742,0.163857529761374,0.046622308623124664
frequency,80.0,80 MHz,2,D:\git\sim\outputs\仅节点KF对照_40-600MHz_N500_MC10_预热20_20260910\frequency\point_02,6,11254,No Algorithm,-3.8971804694033145,-3.6979769731258565,51.87882522852885,51.88237517722722,,,
frequency,80.0,80 MHz,2,D:\git\sim\outputs\仅节点KF对照_40-600MHz_N500_MC10_预热20_20260910\frequency\point_02,6,11254,DPC,-3.8935326763210516,-3.8259988437990917,51.859274036793195,51.85549480271073,1.0114561969748281,1.7374409659895065,0.24661627852669937
frequency,80.0,80 MHz,2,D:\git\sim\outputs\仅节点KF对照_40-600MHz_N500_MC10_预热20_20260910\frequency\point_02,6,11254,Node-KF DPC,-0.4168295721455595,-0.37596012254470673,17.804083765310576,17.866953864639573,0.18020834122143278,0.16150932085446887,0.24661627852669937
frequency,80.0,80 MHz,2,D:\git\sim\outputs\仅节点KF对照_40-600MHz_N500_MC10_预热20_20260910\frequency\point_02,6,11254,KF-DPC,-0.1644144432423651,-0.16753214564698393,11.157530538902604,11.193670155366517,0.10577689972194412,0.16150932085446887,0.020662072140368932
frequency,80.0,80 MHz,2,D:\git\sim\outputs\仅节点KF对照_40-600MHz_N500_MC10_预热20_20260910\frequency\point_02,7,12263,No Algorithm,-3.9200281498282736,-3.939458186260177,52.01132333759475,51.99920386673878,,,
frequency,80.0,80 MHz,2,D:\git\sim\outputs\仅节点KF对照_40-600MHz_N500_MC10_预热20_20260910\frequency\point_02,7,12263,DPC,-3.888665757120817,-3.6153993192442195,51.83072443490314,51.82073198310863,1.0096269104643836,1.7283269847559182,0.2503489614552129
frequency,80.0,80 MHz,2,D:\git\sim\outputs\仅节点KF对照_40-600MHz_N500_MC10_预热20_20260910\frequency\point_02,7,12263,Node-KF DPC,-0.3877732243035142,-0.41486458289821027,17.19749885078435,17.183382218714588,0.17169911237186103,0.1609993631960497,0.2503489614552129
frequency,80.0,80 MHz,2,D:\git\sim\outputs\仅节点KF对照_40-600MHz_N500_MC10_预热20_20260910\frequency\point_02,7,12263,KF-DPC,-0.16053398685177286,-0.1723680252213264,11.022549833647464,11.021346949172559,0.1023076174434712,0.1609993631960497,0.011174938544858858
frequency,80.0,80 MHz,2,D:\git\sim\outputs\仅节点KF对照_40-600MHz_N500_MC10_预热20_20260910\frequency\point_02,8,13272,No Algorithm,-3.9188698156055546,-4.094629692986228,51.99520913301843,51.98417386653815,,,
frequency,80.0,80 MHz,2,D:\git\sim\outputs\仅节点KF对照_40-600MHz_N500_MC10_预热20_20260910\frequency\point_02,8,13272,DPC,-3.8886138342758576,-4.158953247457908,51.83854579827253,51.849615138415054,1.0127574197533902,1.7356880859137136,0.24832557233817376
frequency,80.0,80 MHz,2,D:\git\sim\outputs\仅节点KF对照_40-600MHz_N500_MC10_预热20_20260910\frequency\point_02,8,13272,Node-KF DPC,-0.4384169769847219,-0.414971236978508,18.25143918892282,18.245374435807907,0.1851912418524224,0.16078846004125696,0.24832557233817376
frequency,80.0,80 MHz,2,D:\git\sim\outputs\仅节点KF对照_40-600MHz_N500_MC10_预热20_20260910\frequency\point_02,8,13272,KF-DPC,-0.16845415784856074,-0.18170730496341114,11.293520706435327,11.326455453196143,0.1042635229934005,0.16078846004125696,0.022582306215579908
frequency,80.0,80 MHz,2,D:\git\sim\outputs\仅节点KF对照_40-600MHz_N500_MC10_预热20_20260910\frequency\point_02,9,14281,No Algorithm,-3.898650088838422,-4.101374098317595,51.88885323192648,51.89467333704924,,,
frequency,80.0,80 MHz,2,D:\git\sim\outputs\仅节点KF对照_40-600MHz_N500_MC10_预热20_20260910\frequency\point_02,9,14281,DPC,-3.8937605632737964,-3.9971346258991995,51.871672901474646,51.86148296953608,1.0061048663333945,1.7307096134166249,0.2532758863275396
frequency,80.0,80 MHz,2,D:\git\sim\outputs\仅节点KF对照_40-600MHz_N500_MC10_预热20_20260910\frequency\point_02,9,14281,Node-KF DPC,-0.4170872873780796,-0.4052777925334245,17.832227477062872,17.820547462762057,0.17704985433119894,0.16276647249759404,0.2532758863275396
frequency,80.0,80 MHz,2,D:\git\sim\outputs\仅节点KF对照_40-600MHz_N500_MC10_预热20_20260910\frequency\point_02,9,14281,KF-DPC,-0.16585942852138763,-0.1811851024587854,11.207246005094142,11.20830881178806,0.10675514553159261,0.16276647249759404,0.0451340219142453
frequency,100.0,100 MHz,3,D:\git\sim\outputs\仅节点KF对照_40-600MHz_N500_MC10_预热20_20260910\frequency\point_03,0,5200,No Algorithm,-3.930858761920234,-4.063095858454483,52.07214934197878,52.06642978271732,,,
frequency,100.0,100 MHz,3,D:\git\sim\outputs\仅节点KF对照_40-600MHz_N500_MC10_预热20_20260910\frequency\point_03,0,5200,DPC,-3.91107786290541,-4.079098368869611,51.95640549649284,51.957074326874604,1.0067489437121429,1.733676964086123,0.2456707353163069
frequency,100.0,100 MHz,3,D:\git\sim\outputs\仅节点KF对照_40-600MHz_N500_MC10_预热20_20260910\frequency\point_03,0,5200,Node-KF DPC,-0.5904455745683352,-0.4994204478593945,21.172728930755746,21.167199632100587,0.17294345041494547,0.1603187102016936,0.2456707353163069
frequency,100.0,100 MHz,3,D:\git\sim\outputs\仅节点KF对照_40-600MHz_N500_MC10_预热20_20260910\frequency\point_03,0,5200,KF-DPC,-0.24749284047580422,-0.24076666258402474,13.690376243347888,13.71429311573315,0.10746598621053143,0.1603187102016936,0.04822399807378909
frequency,100.0,100 MHz,3,D:\git\sim\outputs\仅节点KF对照_40-600MHz_N500_MC10_预热20_20260910\frequency\point_03,1,6209,No Algorithm,-3.915066903482727,-4.033398413586017,51.98296384831139,51.97933737973455,,,
frequency,100.0,100 MHz,3,D:\git\sim\outputs\仅节点KF对照_40-600MHz_N500_MC10_预热20_20260910\frequency\point_03,1,6209,DPC,-3.925056802482401,-3.719407166945298,52.0293426453254,52.028575896925965,1.0098835460540494,1.7316727706353323,0.24924635207279314
frequency,100.0,100 MHz,3,D:\git\sim\outputs\仅节点KF对照_40-600MHz_N500_MC10_预热20_20260910\frequency\point_03,1,6209,Node-KF DPC,-0.6262526630829547,-0.5678535022754496,21.886669500940503,21.87072068935348,0.17667457353296218,0.1609859363512123,0.24924635207279314
frequency,100.0,100 MHz,3,D:\git\sim\outputs\仅节点KF对照_40-600MHz_N500_MC10_预热20_20260910\frequency\point_03,1,6209,KF-DPC,-0.25684509847138015,-0.2566581489673875,13.942110986754033,13.938205832020296,0.1081667978932488,0.1609859363512123,0.056810733625986515
frequency,100.0,100 MHz,3,D:\git\sim\outputs\仅节点KF对照_40-600MHz_N500_MC10_预热20_20260910\frequency\point_03,2,7218,No Algorithm,-3.909647175894616,-4.079198222336177,51.95850041520398,51.94457920409358,,,
frequency,100.0,100 MHz,3,D:\git\sim\outputs\仅节点KF对照_40-600MHz_N500_MC10_预热20_20260910\frequency\point_03,2,7218,DPC,-3.9216601627006393,-3.9531607688659474,52.02241808794767,52.03586290417724,1.0094968271243836,1.733828360695596,0.2419007211253757
frequency,100.0,100 MHz,3,D:\git\sim\outputs\仅节点KF对照_40-600MHz_N500_MC10_预热20_20260910\frequency\point_03,2,7218,Node-KF DPC,-0.6448231991293442,-0.6190116068349635,22.122824262315174,22.116076059454674,0.17967029301824322,0.16415063387305312,0.2419007211253757
frequency,100.0,100 MHz,3,D:\git\sim\outputs\仅节点KF对照_40-600MHz_N500_MC10_预热20_20260910\frequency\point_03,2,7218,KF-DPC,-0.25463405347153695,-0.26411374818868577,13.886830185422088,14.190266830233133,0.11049701148047306,0.16415063387305312,0.06344126522094597
frequency,100.0,100 MHz,3,D:\git\sim\outputs\仅节点KF对照_40-600MHz_N500_MC10_预热20_20260910\frequency\point_03,3,8227,No Algorithm,-3.8936330941785675,-3.8104235985665875,51.857856014557115,51.849527749543526,,,
frequency,100.0,100 MHz,3,D:\git\sim\outputs\仅节点KF对照_40-600MHz_N500_MC10_预热20_20260910\frequency\point_03,3,8227,DPC,-3.905531420404115,-3.7622999959559373,51.932195414820065,51.932099707101955,1.009734979580256,1.7347140063230597,0.24577282191415137
frequency,100.0,100 MHz,3,D:\git\sim\outputs\仅节点KF对照_40-600MHz_N500_MC10_预热20_20260910\frequency\point_03,3,8227,Node-KF DPC,-0.5771800468938394,-0.592238762775665,20.94745501454872,20.975699179945437,0.16774576919319967,0.16132773543213527,0.24577282191415137
frequency,100.0,100 MHz,3,D:\git\sim\outputs\仅节点KF对照_40-600MHz_N500_MC10_预热20_20260910\frequency\point_03,3,8227,KF-DPC,-0.24823784617371303,-0.2650476512109785,13.709893732343453,13.726923363488092,0.10696323448593273,0.16132773543213527,0.03163230389490333
frequency,100.0,100 MHz,3,D:\git\sim\outputs\仅节点KF对照_40-600MHz_N500_MC10_预热20_20260910\frequency\point_03,4,9236,No Algorithm,-3.890736837823923,-3.8995171529172463,51.851031680876304,51.84106813384219,,,
frequency,100.0,100 MHz,3,D:\git\sim\outputs\仅节点KF对照_40-600MHz_N500_MC10_预热20_20260910\frequency\point_03,4,9236,DPC,-3.9025169869161145,-3.8101999417365215,51.908383269976596,51.9135894279743,1.012740042424719,1.7316723058864232,0.24703924243246939
frequency,100.0,100 MHz,3,D:\git\sim\outputs\仅节点KF对照_40-600MHz_N500_MC10_预热20_20260910\frequency\point_03,4,9236,Node-KF DPC,-0.6552021032536582,-0.6260759354951119,22.31190385498725,22.306406161011274,0.1845147124079744,0.16328682796311977,0.24703924243246939
frequency,100.0,100 MHz,3,D:\git\sim\outputs\仅节点KF对照_40-600MHz_N500_MC10_预热20_20260910\frequency\point_03,4,9236,KF-DPC,-0.23712249261047702,-0.2448824349967999,13.398922254160352,13.39801167366372,0.10527971923881976,0.16328682796311977,0.01300914532000521
frequency,100.0,100 MHz,3,D:\git\sim\outputs\仅节点KF对照_40-600MHz_N500_MC10_预热20_20260910\frequency\point_03,5,10245,No Algorithm,-3.9135589956508996,-3.8548642183078763,51.97196783847753,51.96742424351713,,,
frequency,100.0,100 MHz,3,D:\git\sim\outputs\仅节点KF对照_40-600MHz_N500_MC10_预热20_20260910\frequency\point_03,5,10245,DPC,-3.914519541636374,-3.909156590093055,51.9708520326478,51.95845780149993,1.0125753535760877,1.7334953366445758,0.24792963582330863
frequency,100.0,100 MHz,3,D:\git\sim\outputs\仅节点KF对照_40-600MHz_N500_MC10_预热20_20260910\frequency\point_03,5,10245,Node-KF DPC,-0.5948179711118451,-0.5724792067947332,21.217472210030078,21.201886464985584,0.17144317243051882,0.163857529761374,0.24792963582330863
frequency,100.0,100 MHz,3,D:\git\sim\outputs\仅节点KF对照_40-600MHz_N500_MC10_预热20_20260910\frequency\point_03,5,10245,KF-DPC,-0.25954405431330774,-0.25966999741364444,14.018144545781404,14.03442725563038,0.10871924250088742,0.163857529761374,0.046622308623124664
frequency,100.0,100 MHz,3,D:\git\sim\outputs\仅节点KF对照_40-600MHz_N500_MC10_预热20_20260910\frequency\point_03,6,11254,No Algorithm,-3.92472134665802,-4.019038744440344,52.04042541802716,52.03965874203656,,,
frequency,100.0,100 MHz,3,D:\git\sim\outputs\仅节点KF对照_40-600MHz_N500_MC10_预热20_20260910\frequency\point_03,6,11254,DPC,-3.922672622052779,-3.824521581101244,52.0205725807976,52.020666199167394,1.0114561969748281,1.7374409659895065,0.24661627852669937
frequency,100.0,100 MHz,3,D:\git\sim\outputs\仅节点KF对照_40-600MHz_N500_MC10_预热20_20260910\frequency\point_03,6,11254,Node-KF DPC,-0.6309854981323672,-0.5709325471168701,21.92546437452639,21.9908176427868,0.18020834122143278,0.16150932085446887,0.24661627852669937
frequency,100.0,100 MHz,3,D:\git\sim\outputs\仅节点KF对照_40-600MHz_N500_MC10_预热20_20260910\frequency\point_03,6,11254,KF-DPC,-0.23958245310174905,-0.24407483569622168,13.469441312817457,13.518772434317036,0.10577689972194412,0.16150932085446887,0.020662072140368932
frequency,100.0,100 MHz,3,D:\git\sim\outputs\仅节点KF对照_40-600MHz_N500_MC10_预热20_20260910\frequency\point_03,7,12263,No Algorithm,-3.9221413454164993,-3.773829056007232,52.01236881230646,52.00016469609266,,,
frequency,100.0,100 MHz,3,D:\git\sim\outputs\仅节点KF对照_40-600MHz_N500_MC10_预热20_20260910\frequency\point_03,7,12263,DPC,-3.931006920082023,-3.652573973579189,52.066350183397326,52.060623687187935,1.0096269104643836,1.7283269847559182,0.2503489614552129
frequency,100.0,100 MHz,3,D:\git\sim\outputs\仅节点KF对照_40-600MHz_N500_MC10_预热20_20260910\frequency\point_03,7,12263,Node-KF DPC,-0.5822595759845581,-0.6313400215633548,21.092949840500737,21.076260725363216,0.17169911237186103,0.1609993631960497,0.2503489614552129
frequency,100.0,100 MHz,3,D:\git\sim\outputs\仅节点KF对照_40-600MHz_N500_MC10_预热20_20260910\frequency\point_03,7,12263,KF-DPC,-0.23303896811829466,-0.25235529948920166,13.28073006573622,13.279228408922513,0.1023076174434712,0.1609993631960497,0.011174938544858858
frequency,100.0,100 MHz,3,D:\git\sim\outputs\仅节点KF对照_40-600MHz_N500_MC10_预热20_20260910\frequency\point_03,8,13272,No Algorithm,-3.904536524200086,-4.388863205779578,51.92263200910426,51.92410295864974,,,
frequency,100.0,100 MHz,3,D:\git\sim\outputs\仅节点KF对照_40-600MHz_N500_MC10_预热20_20260910\frequency\point_03,8,13272,DPC,-3.9013119705066135,-3.8949670507019034,51.896283079261906,51.897035354097945,1.0127574197533902,1.7356880859137136,0.24832557233817376
frequency,100.0,100 MHz,3,D:\git\sim\outputs\仅节点KF对照_40-600MHz_N500_MC10_预热20_20260910\frequency\point_03,8,13272,Node-KF DPC,-0.6653530006327323,-0.6177903437758394,22.481384492870344,22.480149700638396,0.1851912418524224,0.16078846004125696,0.24832557233817376
frequency,100.0,100 MHz,3,D:\git\sim\outputs\仅节点KF对照_40-600MHz_N500_MC10_预热20_20260910\frequency\point_03,8,13272,KF-DPC,-0.24343537515241503,-0.263743090025477,13.577168364067349,13.616993181496996,0.1042635229934005,0.16078846004125696,0.022582306215579908
frequency,100.0,100 MHz,3,D:\git\sim\outputs\仅节点KF对照_40-600MHz_N500_MC10_预热20_20260910\frequency\point_03,9,14281,No Algorithm,-3.9198552427276283,-4.080315185252569,52.00109535251142,51.99567198907297,,,
frequency,100.0,100 MHz,3,D:\git\sim\outputs\仅节点KF对照_40-600MHz_N500_MC10_预热20_20260910\frequency\point_03,9,14281,DPC,-3.918593536424532,-3.927086142867588,52.00306484731486,52.00860717378446,1.0061048663333945,1.7307096134166249,0.2532758863275396
frequency,100.0,100 MHz,3,D:\git\sim\outputs\仅节点KF对照_40-600MHz_N500_MC10_预热20_20260910\frequency\point_03,9,14281,Node-KF DPC,-0.6237854384571788,-0.5959626689963977,21.79074998715079,21.77671027386138,0.17704985433119894,0.16276647249759404,0.2532758863275396
frequency,100.0,100 MHz,3,D:\git\sim\outputs\仅节点KF对照_40-600MHz_N500_MC10_预热20_20260910\frequency\point_03,9,14281,KF-DPC,-0.24297610303919956,-0.2636280761803731,13.565534271963564,13.56634620182749,0.10675514553159261,0.16276647249759404,0.0451340219142453
frequency,150.0,150 MHz,4,D:\git\sim\outputs\仅节点KF对照_40-600MHz_N500_MC10_预热20_20260910\frequency\point_04,0,5200,No Algorithm,-3.9118441524682828,-3.9523401305428774,51.96494075251656,51.97027182299284,,,
frequency,150.0,150 MHz,4,D:\git\sim\outputs\仅节点KF对照_40-600MHz_N500_MC10_预热20_20260910\frequency\point_04,0,5200,DPC,-3.8883230372896813,-4.180059437832674,51.83784694088781,51.84726012067783,1.0067489437121429,1.733676964086123,0.2456707353163069
frequency,150.0,150 MHz,4,D:\git\sim\outputs\仅节点KF对照_40-600MHz_N500_MC10_预热20_20260910\frequency\point_04,0,5200,Node-KF DPC,-1.2621117632635572,-1.0945621808437074,30.91787493150064,30.92341472616632,0.17294345041494547,0.1603187102016936,0.2456707353163069
frequency,150.0,150 MHz,4,D:\git\sim\outputs\仅节点KF对照_40-600MHz_N500_MC10_预热20_20260910\frequency\point_04,0,5200,KF-DPC,-0.5193577490310999,-0.5081853168227866,19.835382996858996,19.87742616219617,0.10746598621053143,0.1603187102016936,0.04822399807378909
frequency,150.0,150 MHz,4,D:\git\sim\outputs\仅节点KF对照_40-600MHz_N500_MC10_预热20_20260910\frequency\point_04,1,6209,No Algorithm,-3.9125212783208676,-3.790475517624622,51.96945017010578,51.96113757855931,,,
frequency,150.0,150 MHz,4,D:\git\sim\outputs\仅节点KF对照_40-600MHz_N500_MC10_预热20_20260910\frequency\point_04,1,6209,DPC,-3.931597171934092,-3.931182947941603,52.06649899788032,52.061833756839604,1.0098835460540494,1.7316727706353323,0.24924635207279314
frequency,150.0,150 MHz,4,D:\git\sim\outputs\仅节点KF对照_40-600MHz_N500_MC10_预热20_20260910\frequency\point_04,1,6209,Node-KF DPC,-1.272423302032546,-1.195226079861438,31.073558787741614,31.05602575261678,0.17667457353296218,0.1609859363512123,0.24924635207279314
frequency,150.0,150 MHz,4,D:\git\sim\outputs\仅节点KF对照_40-600MHz_N500_MC10_预热20_20260910\frequency\point_04,1,6209,KF-DPC,-0.5358001199992591,-0.5283536558337025,20.13768311894857,20.135028372264355,0.1081667978932488,0.1609859363512123,0.056810733625986515
frequency,150.0,150 MHz,4,D:\git\sim\outputs\仅节点KF对照_40-600MHz_N500_MC10_预热20_20260910\frequency\point_04,2,7218,No Algorithm,-3.877084808056437,-3.8589061656799615,51.757376081326434,51.760983661199724,,,
frequency,150.0,150 MHz,4,D:\git\sim\outputs\仅节点KF对照_40-600MHz_N500_MC10_预热20_20260910\frequency\point_04,2,7218,DPC,-3.8994705468185407,-3.739925651282736,51.89353223693429,51.89185534096362,1.0094968271243836,1.733828360695596,0.2419007211253757
frequency,150.0,150 MHz,4,D:\git\sim\outputs\仅节点KF对照_40-600MHz_N500_MC10_预热20_20260910\frequency\point_04,2,7218,Node-KF DPC,-1.3648425984464465,-1.3212160678662521,32.0912464380471,32.07689350374551,0.17967029301824322,0.16415063387305312,0.2419007211253757
frequency,150.0,150 MHz,4,D:\git\sim\outputs\仅节点KF对照_40-600MHz_N500_MC10_预热20_20260910\frequency\point_04,2,7218,KF-DPC,-0.5301965548216852,-0.5473256579161799,20.043650453073056,20.497663849278364,0.11049701148047306,0.16415063387305312,0.06344126522094597
frequency,150.0,150 MHz,4,D:\git\sim\outputs\仅节点KF对照_40-600MHz_N500_MC10_预热20_20260910\frequency\point_04,3,8227,No Algorithm,-3.865503117323928,-3.9358529754365223,51.697587370043976,51.701980181295994,,,
frequency,150.0,150 MHz,4,D:\git\sim\outputs\仅节点KF对照_40-600MHz_N500_MC10_预热20_20260910\frequency\point_04,3,8227,DPC,-3.9120243712301384,-3.9758855055537117,51.9645888329005,51.9633023807369,1.009734979580256,1.7347140063230597,0.24577282191415137
frequency,150.0,150 MHz,4,D:\git\sim\outputs\仅节点KF对照_40-600MHz_N500_MC10_预热20_20260910\frequency\point_04,3,8227,Node-KF DPC,-1.217870433153647,-1.2132195818339149,30.386062256569183,30.418844876368727,0.16774576919319967,0.16132773543213527,0.24577282191415137
frequency,150.0,150 MHz,4,D:\git\sim\outputs\仅节点KF对照_40-600MHz_N500_MC10_预热20_20260910\frequency\point_04,3,8227,KF-DPC,-0.5202258954657929,-0.5495832559949353,19.850940899052496,19.879611827634523,0.10696323448593273,0.16132773543213527,0.03163230389490333
frequency,150.0,150 MHz,4,D:\git\sim\outputs\仅节点KF对照_40-600MHz_N500_MC10_预热20_20260910\frequency\point_04,4,9236,No Algorithm,-3.9027436544315064,-3.907485240238513,51.910611947890416,51.90658710497625,,,
frequency,150.0,150 MHz,4,D:\git\sim\outputs\仅节点KF对照_40-600MHz_N500_MC10_预热20_20260910\frequency\point_04,4,9236,DPC,-3.9229802329281545,-3.946073456995907,52.02191808249381,52.027162274660064,1.012740042424719,1.7316723058864232,0.24703924243246939
frequency,150.0,150 MHz,4,D:\git\sim\outputs\仅节点KF对照_40-600MHz_N500_MC10_预热20_20260910\frequency\point_04,4,9236,Node-KF DPC,-1.4054845380699164,-1.2904464211187985,32.609969467701234,32.59451655134945,0.1845147124079744,0.16328682796311977,0.24703924243246939
frequency,150.0,150 MHz,4,D:\git\sim\outputs\仅节点KF对照_40-600MHz_N500_MC10_预热20_20260910\frequency\point_04,4,9236,KF-DPC,-0.4976158118387631,-0.5108870544160498,19.41276487341275,19.417120749695368,0.10527971923881976,0.16328682796311977,0.01300914532000521
frequency,150.0,150 MHz,4,D:\git\sim\outputs\仅节点KF对照_40-600MHz_N500_MC10_预热20_20260910\frequency\point_04,5,10245,No Algorithm,-3.921311643880329,-3.7809761151208203,52.01374106446338,52.011044619823615,,,
frequency,150.0,150 MHz,4,D:\git\sim\outputs\仅节点KF对照_40-600MHz_N500_MC10_预热20_20260910\frequency\point_04,5,10245,DPC,-3.9118199563982015,-3.6942273988193213,51.96647540041855,51.97692818723335,1.0125753535760877,1.7334953366445758,0.24792963582330863
frequency,150.0,150 MHz,4,D:\git\sim\outputs\仅节点KF对照_40-600MHz_N500_MC10_预热20_20260910\frequency\point_04,5,10245,Node-KF DPC,-1.2725945412202233,-1.2331790236271503,30.968385395901258,30.95084434012477,0.17144317243051882,0.163857529761374,0.24792963582330863
frequency,150.0,150 MHz,4,D:\git\sim\outputs\仅节点KF对照_40-600MHz_N500_MC10_预热20_20260910\frequency\point_04,5,10245,KF-DPC,-0.5411074200092422,-0.541430912717023,20.243517072368313,20.268560665934803,0.10871924250088742,0.163857529761374,0.046622308623124664
frequency,150.0,150 MHz,4,D:\git\sim\outputs\仅节点KF对照_40-600MHz_N500_MC10_预热20_20260910\frequency\point_04,6,11254,No Algorithm,-3.898978847964952,-3.9247102373150478,51.892484665425386,51.89385890665756,,,
frequency,150.0,150 MHz,4,D:\git\sim\outputs\仅节点KF对照_40-600MHz_N500_MC10_预热20_20260910\frequency\point_04,6,11254,DPC,-3.899078150205328,-4.13482118998343,51.89444378085124,51.90054160161612,1.0114561969748281,1.7374409659895065,0.24661627852669937
frequency,150.0,150 MHz,4,D:\git\sim\outputs\仅节点KF对照_40-600MHz_N500_MC10_预热20_20260910\frequency\point_04,6,11254,Node-KF DPC,-1.3089022595459012,-1.2179208176325447,31.43767631249252,31.478451724612064,0.18020834122143278,0.16150932085446887,0.24661627852669937
frequency,150.0,150 MHz,4,D:\git\sim\outputs\仅节点KF对照_40-600MHz_N500_MC10_预热20_20260910\frequency\point_04,6,11254,KF-DPC,-0.5011378756567649,-0.5099951964304762,19.483688844818303,19.5652289358059,0.10577689972194412,0.16150932085446887,0.020662072140368932
frequency,150.0,150 MHz,4,D:\git\sim\outputs\仅节点KF对照_40-600MHz_N500_MC10_预热20_20260910\frequency\point_04,7,12263,No Algorithm,-3.8992820476606616,-3.8667039826220746,51.900036897351356,51.902978255094155,,,
frequency,150.0,150 MHz,4,D:\git\sim\outputs\仅节点KF对照_40-600MHz_N500_MC10_预热20_20260910\frequency\point_04,7,12263,DPC,-3.9116032134952397,-3.7358045725843496,51.96064514030944,51.947817692856695,1.0096269104643836,1.7283269847559182,0.2503489614552129
frequency,150.0,150 MHz,4,D:\git\sim\outputs\仅节点KF对照_40-600MHz_N500_MC10_预热20_20260910\frequency\point_04,7,12263,Node-KF DPC,-1.189190068727772,-1.3205140095284174,30.029553837997078,30.015527274083695,0.17169911237186103,0.1609993631960497,0.2503489614552129
frequency,150.0,150 MHz,4,D:\git\sim\outputs\仅节点KF对照_40-600MHz_N500_MC10_预热20_20260910\frequency\point_04,7,12263,KF-DPC,-0.4838357925926309,-0.5296234474526335,19.13806529699503,19.137956810240546,0.1023076174434712,0.1609993631960497,0.011174938544858858
frequency,150.0,150 MHz,4,D:\git\sim\outputs\仅节点KF对照_40-600MHz_N500_MC10_预热20_20260910\frequency\point_04,8,13272,No Algorithm,-3.9054174737384413,-3.947559154231447,51.9282402768167,51.932408681401164,,,
frequency,150.0,150 MHz,4,D:\git\sim\outputs\仅节点KF对照_40-600MHz_N500_MC10_预热20_20260910\frequency\point_04,8,13272,DPC,-3.9296258714313446,-3.6152041510681303,52.07139010160539,52.08438222472422,1.0127574197533902,1.7356880859137136,0.24832557233817376
frequency,150.0,150 MHz,4,D:\git\sim\outputs\仅节点KF对照_40-600MHz_N500_MC10_预热20_20260910\frequency\point_04,8,13272,Node-KF DPC,-1.4100478455121426,-1.314778265567465,32.59621786763118,32.58981624871289,0.1851912418524224,0.16078846004125696,0.24832557233817376
frequency,150.0,150 MHz,4,D:\git\sim\outputs\仅节点KF对照_40-600MHz_N500_MC10_预热20_20260910\frequency\point_04,8,13272,KF-DPC,-0.502665986005727,-0.5468383461391418,19.515426080423126,19.571447039255993,0.1042635229934005,0.16078846004125696,0.022582306215579908
frequency,150.0,150 MHz,4,D:\git\sim\outputs\仅节点KF对照_40-600MHz_N500_MC10_预热20_20260910\frequency\point_04,9,14281,No Algorithm,-3.8953076835016285,-3.9250613242162338,51.87025984078716,51.87194124980311,,,
frequency,150.0,150 MHz,4,D:\git\sim\outputs\仅节点KF对照_40-600MHz_N500_MC10_预热20_20260910\frequency\point_04,9,14281,DPC,-3.881176739780611,-3.5338440081612803,51.80371244763145,51.79460348991709,1.0061048663333945,1.7307096134166249,0.2532758863275396
frequency,150.0,150 MHz,4,D:\git\sim\outputs\仅节点KF对照_40-600MHz_N500_MC10_预热20_20260910\frequency\point_04,9,14281,Node-KF DPC,-1.3038232143743376,-1.2430561383747514,31.411919958050817,31.398828405119836,0.17704985433119894,0.16276647249759404,0.2532758863275396
frequency,150.0,150 MHz,4,D:\git\sim\outputs\仅节点KF对照_40-600MHz_N500_MC10_预热20_20260910\frequency\point_04,9,14281,KF-DPC,-0.511378823967169,-0.548071443052511,19.68419241373941,19.684397281390268,0.10675514553159261,0.16276647249759404,0.0451340219142453
frequency,200.0,200 MHz,5,D:\git\sim\outputs\仅节点KF对照_40-600MHz_N500_MC10_预热20_20260910\frequency\point_05,0,5200,No Algorithm,-3.9049004533924365,-3.8775852268126245,51.924508234866316,51.93663582438432,,,
frequency,200.0,200 MHz,5,D:\git\sim\outputs\仅节点KF对照_40-600MHz_N500_MC10_预热20_20260910\frequency\point_05,0,5200,DPC,-3.90765880733624,-3.89396632437638,51.93252694075721,51.92774014185982,1.0067489437121429,1.733676964086123,0.2456707353163069
frequency,200.0,200 MHz,5,D:\git\sim\outputs\仅节点KF对照_40-600MHz_N500_MC10_预热20_20260910\frequency\point_05,0,5200,Node-KF DPC,-2.0285884287814526,-1.85107611426378,38.83755150804546,38.84823211248966,0.17294345041494547,0.1603187102016936,0.2456707353163069
frequency,200.0,200 MHz,5,D:\git\sim\outputs\仅节点KF对照_40-600MHz_N500_MC10_预热20_20260910\frequency\point_05,0,5200,KF-DPC,-0.8986506072010467,-0.8843879906621798,26.08940420880809,26.144369344656095,0.10746598621053143,0.1603187102016936,0.04822399807378909
frequency,200.0,200 MHz,5,D:\git\sim\outputs\仅节点KF对照_40-600MHz_N500_MC10_预热20_20260910\frequency\point_05,1,6209,No Algorithm,-3.9046722614938973,-3.8544827956814713,51.926785989443395,51.924496019851524,,,
frequency,200.0,200 MHz,5,D:\git\sim\outputs\仅节点KF对照_40-600MHz_N500_MC10_预热20_20260910\frequency\point_05,1,6209,DPC,-3.9095501557028225,-4.19691749423831,51.94512571619093,51.945195528296544,1.0098835460540494,1.7316727706353323,0.24924635207279314
frequency,200.0,200 MHz,5,D:\git\sim\outputs\仅节点KF对照_40-600MHz_N500_MC10_预热20_20260910\frequency\point_05,1,6209,Node-KF DPC,-1.9879184861292274,-1.9072082082083297,38.465064083853186,38.46327042533712,0.17667457353296218,0.1609859363512123,0.24924635207279314
frequency,200.0,200 MHz,5,D:\git\sim\outputs\仅节点KF对照_40-600MHz_N500_MC10_预热20_20260910\frequency\point_05,1,6209,KF-DPC,-0.9244507239255872,-0.9025084305397264,26.44552040994545,26.442292627157425,0.1081667978932488,0.1609859363512123,0.056810733625986515
frequency,200.0,200 MHz,5,D:\git\sim\outputs\仅节点KF对照_40-600MHz_N500_MC10_预热20_20260910\frequency\point_05,2,7218,No Algorithm,-3.892084788693497,-4.087862395780373,51.84842677184789,51.85659861375516,,,
frequency,200.0,200 MHz,5,D:\git\sim\outputs\仅节点KF对照_40-600MHz_N500_MC10_预热20_20260910\frequency\point_05,2,7218,DPC,-3.9238464161360724,-3.598043198397198,52.037711095962145,52.028965523223796,1.0094968271243836,1.733828360695596,0.2419007211253757
frequency,200.0,200 MHz,5,D:\git\sim\outputs\仅节点KF对照_40-600MHz_N500_MC10_预热20_20260910\frequency\point_05,2,7218,Node-KF DPC,-2.1762622992897898,-2.140218021028741,40.095995393231455,40.08465884182164,0.17967029301824322,0.16415063387305312,0.2419007211253757
frequency,200.0,200 MHz,5,D:\git\sim\outputs\仅节点KF对照_40-600MHz_N500_MC10_预热20_20260910\frequency\point_05,2,7218,KF-DPC,-0.9136070925321743,-0.9352837994083798,26.305841016752463,26.886397546818422,0.11049701148047306,0.16415063387305312,0.06344126522094597
frequency,200.0,200 MHz,5,D:\git\sim\outputs\仅节点KF对照_40-600MHz_N500_MC10_预热20_20260910\frequency\point_05,3,8227,No Algorithm,-3.9309578746795037,-4.092495368823667,52.07071179027354,52.079810089414785,,,
frequency,200.0,200 MHz,5,D:\git\sim\outputs\仅节点KF对照_40-600MHz_N500_MC10_预热20_20260910\frequency\point_05,3,8227,DPC,-3.898073633666482,-4.024257824673954,51.88420835011787,51.88971439003033,1.009734979580256,1.7347140063230597,0.24577282191415137
frequency,200.0,200 MHz,5,D:\git\sim\outputs\仅节点KF对照_40-600MHz_N500_MC10_预热20_20260910\frequency\point_05,3,8227,Node-KF DPC,-1.9576777210103578,-1.902510082092772,38.18965049299093,38.21306415625993,0.16774576919319967,0.16132773543213527,0.24577282191415137
frequency,200.0,200 MHz,5,D:\git\sim\outputs\仅节点KF对照_40-600MHz_N500_MC10_预热20_20260910\frequency\point_05,3,8227,KF-DPC,-0.8987143612369741,-0.9412631283532996,26.090459298851005,26.133330434657523,0.10696323448593273,0.16132773543213527,0.03163230389490333
frequency,200.0,200 MHz,5,D:\git\sim\outputs\仅节点KF对照_40-600MHz_N500_MC10_预热20_20260910\frequency\point_05,4,9236,No Algorithm,-3.8901799787771236,-3.8646612327005463,51.845151304653776,51.849022145827334,,,
frequency,200.0,200 MHz,5,D:\git\sim\outputs\仅节点KF对照_40-600MHz_N500_MC10_预热20_20260910\frequency\point_05,4,9236,DPC,-3.918359677113263,-3.8025730353292664,52.00002988085172,51.99786167509874,1.012740042424719,1.7316723058864232,0.24703924243246939
frequency,200.0,200 MHz,5,D:\git\sim\outputs\仅节点KF对照_40-600MHz_N500_MC10_预热20_20260910\frequency\point_05,4,9236,Node-KF DPC,-2.2082890934975548,-2.0440542390496503,40.41888172467381,40.40472660266923,0.1845147124079744,0.16328682796311977,0.24703924243246939
frequency,200.0,200 MHz,5,D:\git\sim\outputs\仅节点KF对照_40-600MHz_N500_MC10_预热20_20260910\frequency\point_05,4,9236,KF-DPC,-0.8619081914380371,-0.8829480131538874,25.547612120445038,25.55588512294242,0.10527971923881976,0.16328682796311977,0.01300914532000521
frequency,200.0,200 MHz,5,D:\git\sim\outputs\仅节点KF对照_40-600MHz_N500_MC10_预热20_20260910\frequency\point_05,5,10245,No Algorithm,-3.891019113119354,-4.182030163847842,51.840001216531874,51.84734199172143,,,
frequency,200.0,200 MHz,5,D:\git\sim\outputs\仅节点KF对照_40-600MHz_N500_MC10_预热20_20260910\frequency\point_05,5,10245,DPC,-3.9124223147553208,-3.9678301464776555,51.961271607137434,51.950169126104626,1.0125753535760877,1.7334953366445758,0.24792963582330863
frequency,200.0,200 MHz,5,D:\git\sim\outputs\仅节点KF对照_40-600MHz_N500_MC10_预热20_20260910\frequency\point_05,5,10245,Node-KF DPC,-2.084866346756097,-1.9800998677956723,39.28577567388061,39.27228097261182,0.17144317243051882,0.163857529761374,0.24792963582330863
frequency,200.0,200 MHz,5,D:\git\sim\outputs\仅节点KF对照_40-600MHz_N500_MC10_预热20_20260910\frequency\point_05,5,10245,KF-DPC,-0.9327551905546189,-0.9243602851075563,26.57355310228098,26.606652693680985,0.10871924250088742,0.163857529761374,0.046622308623124664
frequency,200.0,200 MHz,5,D:\git\sim\outputs\仅节点KF对照_40-600MHz_N500_MC10_预热20_20260910\frequency\point_05,6,11254,No Algorithm,-3.894415803252929,-3.7967138171925283,51.86534443715563,51.870582969698354,,,
frequency,200.0,200 MHz,5,D:\git\sim\outputs\仅节点KF对照_40-600MHz_N500_MC10_预热20_20260910\frequency\point_05,6,11254,DPC,-3.9162362443565275,-4.241866919834961,51.98290192998862,51.97866692078949,1.0114561969748281,1.7374409659895065,0.24661627852669937
frequency,200.0,200 MHz,5,D:\git\sim\outputs\仅节点KF对照_40-600MHz_N500_MC10_预热20_20260910\frequency\point_05,6,11254,Node-KF DPC,-2.094150223424462,-2.0195223703409693,39.39483539447229,39.42350876235864,0.18020834122143278,0.16150932085446887,0.24661627852669937
frequency,200.0,200 MHz,5,D:\git\sim\outputs\仅节点KF对照_40-600MHz_N500_MC10_预热20_20260910\frequency\point_05,6,11254,KF-DPC,-0.8666879706913726,-0.8819930114570996,25.621740783660062,25.72917641799386,0.10577689972194412,0.16150932085446887,0.020662072140368932
frequency,200.0,200 MHz,5,D:\git\sim\outputs\仅节点KF对照_40-600MHz_N500_MC10_预热20_20260910\frequency\point_05,7,12263,No Algorithm,-3.9206491735910105,-3.8491474414695186,52.01097158050417,52.00948555631261,,,
frequency,200.0,200 MHz,5,D:\git\sim\outputs\仅节点KF对照_40-600MHz_N500_MC10_预热20_20260910\frequency\point_05,7,12263,DPC,-3.929322386213993,-3.787622444515536,52.0595727662243,52.054329471910584,1.0096269104643836,1.7283269847559182,0.2503489614552129
frequency,200.0,200 MHz,5,D:\git\sim\outputs\仅节点KF对照_40-600MHz_N500_MC10_预热20_20260910\frequency\point_05,7,12263,Node-KF DPC,-1.896310346359929,-2.07349507060888,37.61378154629119,37.610865212578275,0.17169911237186103,0.1609993631960497,0.2503489614552129
frequency,200.0,200 MHz,5,D:\git\sim\outputs\仅节点KF对照_40-600MHz_N500_MC10_预热20_20260910\frequency\point_05,7,12263,KF-DPC,-0.8331506141575777,-0.9154158531399068,25.112863555387218,25.115322699127994,0.1023076174434712,0.1609993631960497,0.011174938544858858
frequency,200.0,200 MHz,5,D:\git\sim\outputs\仅节点KF对照_40-600MHz_N500_MC10_预热20_20260910\frequency\point_05,8,13272,No Algorithm,-3.9159271233604502,-3.724809138628781,51.985152399447166,51.982059021428356,,,
frequency,200.0,200 MHz,5,D:\git\sim\outputs\仅节点KF对照_40-600MHz_N500_MC10_预热20_20260910\frequency\point_05,8,13272,DPC,-3.914898329224239,-4.012521321187885,51.98036440171163,51.97744646181313,1.0127574197533902,1.7356880859137136,0.24832557233817376
frequency,200.0,200 MHz,5,D:\git\sim\outputs\仅节点KF对照_40-600MHz_N500_MC10_预热20_20260910\frequency\point_05,8,13272,Node-KF DPC,-2.2658741677903738,-2.196232719484061,40.88943212710572,40.87448364067813,0.1851912418524224,0.16078846004125696,0.24832557233817376
frequency,200.0,200 MHz,5,D:\git\sim\outputs\仅节点KF对照_40-600MHz_N500_MC10_预热20_20260910\frequency\point_05,8,13272,KF-DPC,-0.8625259238069581,-0.9345869325267222,25.564544891041116,25.632056954580836,0.1042635229934005,0.16078846004125696,0.022582306215579908
frequency,200.0,200 MHz,5,D:\git\sim\outputs\仅节点KF对照_40-600MHz_N500_MC10_预热20_20260910\frequency\point_05,9,14281,No Algorithm,-3.9252462989347174,-3.974150483558343,52.028751400437606,52.02469152271621,,,
frequency,200.0,200 MHz,5,D:\git\sim\outputs\仅节点KF对照_40-600MHz_N500_MC10_预热20_20260910\frequency\point_05,9,14281,DPC,-3.884161467500191,-3.737485423115172,51.80376986243995,51.801978505122285,1.0061048663333945,1.7307096134166249,0.2532758863275396
frequency,200.0,200 MHz,5,D:\git\sim\outputs\仅节点KF对照_40-600MHz_N500_MC10_预热20_20260910\frequency\point_05,9,14281,Node-KF DPC,-2.084380026134292,-1.9941281641645834,39.333896884073766,39.320538294507905,0.17704985433119894,0.16276647249759404,0.2532758863275396
frequency,200.0,200 MHz,5,D:\git\sim\outputs\仅节点KF对照_40-600MHz_N500_MC10_预热20_20260910\frequency\point_05,9,14281,KF-DPC,-0.884848064988457,-0.9442940599620185,25.88429997788482,25.88244948847694,0.10675514553159261,0.16276647249759404,0.0451340219142453
frequency,250.0,250 MHz,6,D:\git\sim\outputs\仅节点KF对照_40-600MHz_N500_MC10_预热20_20260910\frequency\point_06,0,5200,No Algorithm,-3.900804471769288,-3.677171526515406,51.912367450081106,51.91169650734569,,,
frequency,250.0,250 MHz,6,D:\git\sim\outputs\仅节点KF对照_40-600MHz_N500_MC10_预热20_20260910\frequency\point_06,0,5200,DPC,-3.927129298965262,-3.941699079111067,52.04755395703796,52.04796839020028,1.0067489437121429,1.733676964086123,0.2456707353163069
frequency,250.0,250 MHz,6,D:\git\sim\outputs\仅节点KF对照_40-600MHz_N500_MC10_预热20_20260910\frequency\point_06,0,5200,Node-KF DPC,-2.7064699458224863,-2.610649289640117,44.32799044567053,44.33514854680062,0.17294345041494547,0.1603187102016936,0.2456707353163069
frequency,250.0,250 MHz,6,D:\git\sim\outputs\仅节点KF对照_40-600MHz_N500_MC10_预热20_20260910\frequency\point_06,0,5200,KF-DPC,-1.3689611814041402,-1.370091779837542,32.133708289004566,32.18117449355247,0.10746598621053143,0.1603187102016936,0.04822399807378909
frequency,250.0,250 MHz,6,D:\git\sim\outputs\仅节点KF对照_40-600MHz_N500_MC10_预热20_20260910\frequency\point_06,1,6209,No Algorithm,-3.9114939845180823,-4.069405337283784,51.958194973392885,51.95671384139722,,,
frequency,250.0,250 MHz,6,D:\git\sim\outputs\仅节点KF对照_40-600MHz_N500_MC10_预热20_20260910\frequency\point_06,1,6209,DPC,-3.912893357439727,-4.069522249283268,51.969804814120685,51.96897838486448,1.0098835460540494,1.7316727706353323,0.24924635207279314
frequency,250.0,250 MHz,6,D:\git\sim\outputs\仅节点KF对照_40-600MHz_N500_MC10_预热20_20260910\frequency\point_06,1,6209,Node-KF DPC,-2.6528470103909325,-2.5974532921434452,43.9362924530134,43.94205463042321,0.17667457353296218,0.1609859363512123,0.24924635207279314
frequency,250.0,250 MHz,6,D:\git\sim\outputs\仅节点KF对照_40-600MHz_N500_MC10_预热20_20260910\frequency\point_06,1,6209,KF-DPC,-1.4044818861358153,-1.349911861106614,32.518036180322646,32.51257818410076,0.1081667978932488,0.1609859363512123,0.056810733625986515
frequency,250.0,250 MHz,6,D:\git\sim\outputs\仅节点KF对照_40-600MHz_N500_MC10_预热20_20260910\frequency\point_06,2,7218,No Algorithm,-3.9100312832632778,-4.21278517233541,51.953429435727045,51.95899226324174,,,
frequency,250.0,250 MHz,6,D:\git\sim\outputs\仅节点KF对照_40-600MHz_N500_MC10_预热20_20260910\frequency\point_06,2,7218,DPC,-3.9200606539345486,-3.688500147422385,51.99691980318443,51.98552936617557,1.0094968271243836,1.733828360695596,0.2419007211253757
frequency,250.0,250 MHz,6,D:\git\sim\outputs\仅节点KF对照_40-600MHz_N500_MC10_预热20_20260910\frequency\point_06,2,7218,Node-KF DPC,-2.8896546780038914,-2.862117214506961,45.62206829036919,45.61553586650374,0.17967029301824322,0.16415063387305312,0.2419007211253757
frequency,250.0,250 MHz,6,D:\git\sim\outputs\仅节点KF对照_40-600MHz_N500_MC10_预热20_20260910\frequency\point_06,2,7218,KF-DPC,-1.389692567818076,-1.3898137658243914,32.37694867858686,32.980778271923334,0.11049701148047306,0.16415063387305312,0.06344126522094597
frequency,250.0,250 MHz,6,D:\git\sim\outputs\仅节点KF对照_40-600MHz_N500_MC10_预热20_20260910\frequency\point_06,3,8227,No Algorithm,-3.9053445614261824,-3.7998737981904327,51.92448370896506,51.92875005436734,,,
frequency,250.0,250 MHz,6,D:\git\sim\outputs\仅节点KF对照_40-600MHz_N500_MC10_预热20_20260910\frequency\point_06,3,8227,DPC,-3.916736007259323,-3.872954871474075,51.99200273690066,51.985545884205884,1.009734979580256,1.7347140063230597,0.24577282191415137
frequency,250.0,250 MHz,6,D:\git\sim\outputs\仅节点KF对照_40-600MHz_N500_MC10_预热20_20260910\frequency\point_06,3,8227,Node-KF DPC,-2.6319969443896913,-2.5556559964733827,43.766595473075746,43.7626730861589,0.16774576919319967,0.16132773543213527,0.24577282191415137
frequency,250.0,250 MHz,6,D:\git\sim\outputs\仅节点KF对照_40-600MHz_N500_MC10_预热20_20260910\frequency\point_06,3,8227,KF-DPC,-1.3665530154160321,-1.417281515897476,32.10643054523022,32.15625673331146,0.10696323448593273,0.16132773543213527,0.03163230389490333
frequency,250.0,250 MHz,6,D:\git\sim\outputs\仅节点KF对照_40-600MHz_N500_MC10_预热20_20260910\frequency\point_06,4,9236,No Algorithm,-3.874279250586745,-4.01561436252977,51.760021324821174,51.759344876646004,,,
frequency,250.0,250 MHz,6,D:\git\sim\outputs\仅节点KF对照_40-600MHz_N500_MC10_预热20_20260910\frequency\point_06,4,9236,DPC,-3.897996363101699,-3.730676925241166,51.8865369428028,51.894990822689614,1.012740042424719,1.7316723058864232,0.24703924243246939
frequency,250.0,250 MHz,6,D:\git\sim\outputs\仅节点KF对照_40-600MHz_N500_MC10_预热20_20260910\frequency\point_06,4,9236,Node-KF DPC,-2.8647391045970814,-2.7125051368115036,45.479014340769695,45.467271410979365,0.1845147124079744,0.16328682796311977,0.24703924243246939
frequency,250.0,250 MHz,6,D:\git\sim\outputs\仅节点KF对照_40-600MHz_N500_MC10_预热20_20260910\frequency\point_06,4,9236,KF-DPC,-1.3163751727093211,-1.3590439605472553,31.51668706375306,31.52338020041309,0.10527971923881976,0.16328682796311977,0.01300914532000521
frequency,250.0,250 MHz,6,D:\git\sim\outputs\仅节点KF对照_40-600MHz_N500_MC10_预热20_20260910\frequency\point_06,5,10245,No Algorithm,-3.89359853307996,-3.8698840490248,51.874112190730344,51.8752922654289,,,
frequency,250.0,250 MHz,6,D:\git\sim\outputs\仅节点KF对照_40-600MHz_N500_MC10_预热20_20260910\frequency\point_06,5,10245,DPC,-3.9226839205649036,-4.067348366916079,52.02367920849451,52.018915105118104,1.0125753535760877,1.7334953366445758,0.24792963582330863
frequency,250.0,250 MHz,6,D:\git\sim\outputs\仅节点KF对照_40-600MHz_N500_MC10_预热20_20260910\frequency\point_06,5,10245,Node-KF DPC,-2.8347632944558225,-2.6751596373969058,45.24178952612212,45.226250341762835,0.17144317243051882,0.163857529761374,0.24792963582330863
frequency,250.0,250 MHz,6,D:\git\sim\outputs\仅节点KF对照_40-600MHz_N500_MC10_预热20_20260910\frequency\point_06,5,10245,KF-DPC,-1.4155091314021029,-1.391902698465703,32.658500138169316,32.69274274051633,0.10871924250088742,0.163857529761374,0.046622308623124664
frequency,250.0,250 MHz,6,D:\git\sim\outputs\仅节点KF对照_40-600MHz_N500_MC10_预热20_20260910\frequency\point_06,6,11254,No Algorithm,-3.9232453125392825,-4.2205525735444835,52.025170913226724,52.02490298227654,,,
frequency,250.0,250 MHz,6,D:\git\sim\outputs\仅节点KF对照_40-600MHz_N500_MC10_预热20_20260910\frequency\point_06,6,11254,DPC,-3.902182993635621,-3.9410795436785624,51.91266167348278,51.9065931598861,1.0114561969748281,1.7374409659895065,0.24661627852669937
frequency,250.0,250 MHz,6,D:\git\sim\outputs\仅节点KF对照_40-600MHz_N500_MC10_预热20_20260910\frequency\point_06,6,11254,Node-KF DPC,-2.814370859007948,-2.7616958645716916,45.11622238571168,45.14176867721341,0.18020834122143278,0.16150932085446887,0.24661627852669937
frequency,250.0,250 MHz,6,D:\git\sim\outputs\仅节点KF对照_40-600MHz_N500_MC10_预热20_20260910\frequency\point_06,6,11254,KF-DPC,-1.3234147846920248,-1.350950365139334,31.60805759188872,31.72337334372527,0.10577689972194412,0.16150932085446887,0.020662072140368932
frequency,250.0,250 MHz,6,D:\git\sim\outputs\仅节点KF对照_40-600MHz_N500_MC10_预热20_20260910\frequency\point_06,7,12263,No Algorithm,-3.917186522112281,-4.149534163433406,51.990961034490645,51.989174586784195,,,
frequency,250.0,250 MHz,6,D:\git\sim\outputs\仅节点KF对照_40-600MHz_N500_MC10_预热20_20260910\frequency\point_06,7,12263,DPC,-3.9025010158754876,-4.165324850910477,51.90978728651398,51.89678274645818,1.0096269104643836,1.7283269847559182,0.2503489614552129
frequency,250.0,250 MHz,6,D:\git\sim\outputs\仅节点KF对照_40-600MHz_N500_MC10_预热20_20260910\frequency\point_06,7,12263,Node-KF DPC,-2.5764927514599876,-2.8007536194777227,43.35786401203336,43.355801782765056,0.17169911237186103,0.1609993631960497,0.2503489614552129
frequency,250.0,250 MHz,6,D:\git\sim\outputs\仅节点KF对照_40-600MHz_N500_MC10_预热20_20260910\frequency\point_06,7,12263,KF-DPC,-1.270253862824355,-1.3839425494387374,30.961222156505343,30.967087963640545,0.1023076174434712,0.1609993631960497,0.011174938544858858
frequency,250.0,250 MHz,6,D:\git\sim\outputs\仅节点KF对照_40-600MHz_N500_MC10_预热20_20260910\frequency\point_06,8,13272,No Algorithm,-3.9199611782684576,-3.7910245567249397,52.00539471509925,52.00511617467883,,,
frequency,250.0,250 MHz,6,D:\git\sim\outputs\仅节点KF对照_40-600MHz_N500_MC10_预热20_20260910\frequency\point_06,8,13272,DPC,-3.919646433775617,-3.6401601883707766,52.00677159937321,52.01361257191934,1.0127574197533902,1.7356880859137136,0.24832557233817376
frequency,250.0,250 MHz,6,D:\git\sim\outputs\仅节点KF对照_40-600MHz_N500_MC10_预热20_20260910\frequency\point_06,8,13272,Node-KF DPC,-2.975369425652352,-2.9726020754765683,46.23101212444523,46.21978576806881,0.1851912418524224,0.16078846004125696,0.24832557233817376
frequency,250.0,250 MHz,6,D:\git\sim\outputs\仅节点KF对照_40-600MHz_N500_MC10_预热20_20260910\frequency\point_06,8,13272,KF-DPC,-1.3080294627214906,-1.3880762313645323,31.424909741132282,31.496662190837736,0.1042635229934005,0.16078846004125696,0.022582306215579908
frequency,250.0,250 MHz,6,D:\git\sim\outputs\仅节点KF对照_40-600MHz_N500_MC10_预热20_20260910\frequency\point_06,9,14281,No Algorithm,-3.9054126512193204,-3.940140599571203,51.92576029204823,51.93146724461625,,,
frequency,250.0,250 MHz,6,D:\git\sim\outputs\仅节点KF对照_40-600MHz_N500_MC10_预热20_20260910\frequency\point_06,9,14281,DPC,-3.8961325827034927,-4.170194236329419,51.875498008308256,51.875139194472894,1.0061048663333945,1.7307096134166249,0.2532758863275396
frequency,250.0,250 MHz,6,D:\git\sim\outputs\仅节点KF对照_40-600MHz_N500_MC10_预热20_20260910\frequency\point_06,9,14281,Node-KF DPC,-2.7713749488298305,-2.604062388183724,44.7949127757595,44.790997826865194,0.17704985433119894,0.16276647249759404,0.2532758863275396
frequency,250.0,250 MHz,6,D:\git\sim\outputs\仅节点KF对照_40-600MHz_N500_MC10_预热20_20260910\frequency\point_06,9,14281,KF-DPC,-1.346466430810326,-1.426019482517482,31.852525673204962,31.847899258677774,0.10675514553159261,0.16276647249759404,0.0451340219142453
frequency,300.0,300 MHz,7,D:\git\sim\outputs\仅节点KF对照_40-600MHz_N500_MC10_预热20_20260910\frequency\point_07,0,5200,No Algorithm,-3.9408518535487627,-3.981303078148927,52.12845412621336,52.123831274151065,,,
frequency,300.0,300 MHz,7,D:\git\sim\outputs\仅节点KF对照_40-600MHz_N500_MC10_预热20_20260910\frequency\point_07,0,5200,DPC,-3.900914487042149,-3.833441159234987,51.90246126729889,51.894242060035566,1.0067489437121429,1.733676964086123,0.2456707353163069
frequency,300.0,300 MHz,7,D:\git\sim\outputs\仅节点KF对照_40-600MHz_N500_MC10_预热20_20260910\frequency\point_07,0,5200,Node-KF DPC,-3.2039561644618475,-3.2426949094290345,47.747046648228476,47.7501303084426,0.17294345041494547,0.1603187102016936,0.2456707353163069
frequency,300.0,300 MHz,7,D:\git\sim\outputs\仅节点KF对照_40-600MHz_N500_MC10_预热20_20260910\frequency\point_07,0,5200,KF-DPC,-1.880892653139476,-1.8811636346277867,37.45823687961555,37.49333871734111,0.10746598621053143,0.1603187102016936,0.04822399807378909
frequency,300.0,300 MHz,7,D:\git\sim\outputs\仅节点KF对照_40-600MHz_N500_MC10_预热20_20260910\frequency\point_07,1,6209,No Algorithm,-3.900211227946986,-3.7389816599943053,51.90072426764742,51.89992744656555,,,
frequency,300.0,300 MHz,7,D:\git\sim\outputs\仅节点KF对照_40-600MHz_N500_MC10_预热20_20260910\frequency\point_07,1,6209,DPC,-3.89417112424338,-3.6820684971338657,51.86382012579418,51.864887151653285,1.0098835460540494,1.7316727706353323,0.24924635207279314
frequency,300.0,300 MHz,7,D:\git\sim\outputs\仅节点KF对照_40-600MHz_N500_MC10_预热20_20260910\frequency\point_07,1,6209,Node-KF DPC,-3.1659190462694937,-3.166058565252773,47.5064463743298,47.508066896158574,0.17667457353296218,0.1609859363512123,0.24924635207279314
frequency,300.0,300 MHz,7,D:\git\sim\outputs\仅节点KF对照_40-600MHz_N500_MC10_预热20_20260910\frequency\point_07,1,6209,KF-DPC,-1.9277638402685418,-1.822950873205439,37.88207031732585,37.87536697719754,0.1081667978932488,0.1609859363512123,0.056810733625986515
frequency,300.0,300 MHz,7,D:\git\sim\outputs\仅节点KF对照_40-600MHz_N500_MC10_预热20_20260910\frequency\point_07,2,7218,No Algorithm,-3.963335001149166,-4.231990027327831,52.24338241231717,52.23352234934949,,,
frequency,300.0,300 MHz,7,D:\git\sim\outputs\仅节点KF对照_40-600MHz_N500_MC10_预热20_20260910\frequency\point_07,2,7218,DPC,-3.910052783153404,-4.199175850796586,51.9571819886484,51.95876217279906,1.0094968271243836,1.733828360695596,0.2419007211253757
frequency,300.0,300 MHz,7,D:\git\sim\outputs\仅节点KF对照_40-600MHz_N500_MC10_预热20_20260910\frequency\point_07,2,7218,Node-KF DPC,-3.403231212194035,-3.2777260105843453,49.00056058126168,48.99416128929231,0.17967029301824322,0.16415063387305312,0.2419007211253757
frequency,300.0,300 MHz,7,D:\git\sim\outputs\仅节点KF对照_40-600MHz_N500_MC10_预热20_20260910\frequency\point_07,2,7218,KF-DPC,-1.9164137321208332,-1.8576335559364179,37.82096298138981,38.30980862582893,0.11049701148047306,0.16415063387305312,0.06344126522094597
frequency,300.0,300 MHz,7,D:\git\sim\outputs\仅节点KF对照_40-600MHz_N500_MC10_预热20_20260910\frequency\point_07,3,8227,No Algorithm,-3.9261211010259074,-4.1486271867471505,52.03173402966844,52.035934662355444,,,
frequency,300.0,300 MHz,7,D:\git\sim\outputs\仅节点KF对照_40-600MHz_N500_MC10_预热20_20260910\frequency\point_07,3,8227,DPC,-3.920447270319026,-4.156300987394056,52.010916787435086,52.0254625438177,1.009734979580256,1.7347140063230597,0.24577282191415137
frequency,300.0,300 MHz,7,D:\git\sim\outputs\仅节点KF对照_40-600MHz_N500_MC10_预热20_20260910\frequency\point_07,3,8227,Node-KF DPC,-3.152020365204012,-3.0220933209312224,47.40995634090965,47.40591053895028,0.16774576919319967,0.16132773543213527,0.24577282191415137
frequency,300.0,300 MHz,7,D:\git\sim\outputs\仅节点KF对照_40-600MHz_N500_MC10_预热20_20260910\frequency\point_07,3,8227,KF-DPC,-1.8772774218454205,-1.9266516338683648,37.42995044123724,37.482641427815764,0.10696323448593273,0.16132773543213527,0.03163230389490333
frequency,300.0,300 MHz,7,D:\git\sim\outputs\仅节点KF对照_40-600MHz_N500_MC10_预热20_20260910\frequency\point_07,4,9236,No Algorithm,-3.903273195806616,-3.8392919328484942,51.91138364156518,51.91472902947921,,,
frequency,300.0,300 MHz,7,D:\git\sim\outputs\仅节点KF对照_40-600MHz_N500_MC10_预热20_20260910\frequency\point_07,4,9236,DPC,-3.8928582827134592,-3.884227207329861,51.853432823032676,51.855510024250634,1.012740042424719,1.7316723058864232,0.24703924243246939
frequency,300.0,300 MHz,7,D:\git\sim\outputs\仅节点KF对照_40-600MHz_N500_MC10_预热20_20260910\frequency\point_07,4,9236,Node-KF DPC,-3.3102204551416667,-3.243700511740732,48.43553080001429,48.42406444088941,0.1845147124079744,0.16328682796311977,0.24703924243246939
frequency,300.0,300 MHz,7,D:\git\sim\outputs\仅节点KF对照_40-600MHz_N500_MC10_预热20_20260910\frequency\point_07,4,9236,KF-DPC,-1.8185705670086827,-1.8410520351651907,36.86141088309334,36.85651119475265,0.10527971923881976,0.16328682796311977,0.01300914532000521
frequency,300.0,300 MHz,7,D:\git\sim\outputs\仅节点KF对照_40-600MHz_N500_MC10_预热20_20260910\frequency\point_07,5,10245,No Algorithm,-3.920015393211051,-3.961587693639115,52.01147516434744,52.011678165983845,,,
frequency,300.0,300 MHz,7,D:\git\sim\outputs\仅节点KF对照_40-600MHz_N500_MC10_预热20_20260910\frequency\point_07,5,10245,DPC,-3.887541000135223,-3.623378107007684,51.8223553513323,51.8240231385964,1.0125753535760877,1.7334953366445758,0.24792963582330863
frequency,300.0,300 MHz,7,D:\git\sim\outputs\仅节点KF对照_40-600MHz_N500_MC10_预热20_20260910\frequency\point_07,5,10245,Node-KF DPC,-3.3778576559166806,-3.174206912657203,48.84619707023477,48.82847738395188,0.17144317243051882,0.163857529761374,0.24792963582330863
frequency,300.0,300 MHz,7,D:\git\sim\outputs\仅节点KF对照_40-600MHz_N500_MC10_预热20_20260910\frequency\point_07,5,10245,KF-DPC,-1.9385256314942059,-1.8953903354229307,38.00066665905344,38.030454505617655,0.10871924250088742,0.163857529761374,0.046622308623124664
frequency,300.0,300 MHz,7,D:\git\sim\outputs\仅节点KF对照_40-600MHz_N500_MC10_预热20_20260910\frequency\point_07,6,11254,No Algorithm,-3.9152148187198033,-3.8014714945652623,51.97684536979264,51.9695801464753,,,
frequency,300.0,300 MHz,7,D:\git\sim\outputs\仅节点KF对照_40-600MHz_N500_MC10_预热20_20260910\frequency\point_07,6,11254,DPC,-3.90667202376755,-3.997540205236252,51.93122490861408,51.93093974145178,1.0114561969748281,1.7374409659895065,0.24661627852669937
frequency,300.0,300 MHz,7,D:\git\sim\outputs\仅节点KF对照_40-600MHz_N500_MC10_预热20_20260910\frequency\point_07,6,11254,Node-KF DPC,-3.336533662656512,-3.223156810541914,48.604132916192306,48.63464600760561,0.18020834122143278,0.16150932085446887,0.24661627852669937
frequency,300.0,300 MHz,7,D:\git\sim\outputs\仅节点KF对照_40-600MHz_N500_MC10_预热20_20260910\frequency\point_07,6,11254,KF-DPC,-1.8291700019857497,-1.8538395102760967,36.98099176677119,37.07280606534135,0.10577689972194412,0.16150932085446887,0.020662072140368932
frequency,300.0,300 MHz,7,D:\git\sim\outputs\仅节点KF对照_40-600MHz_N500_MC10_预热20_20260910\frequency\point_07,7,12263,No Algorithm,-3.879283507903809,-3.6130487118902863,51.78215410440408,51.785937599842356,,,
frequency,300.0,300 MHz,7,D:\git\sim\outputs\仅节点KF对照_40-600MHz_N500_MC10_预热20_20260910\frequency\point_07,7,12263,DPC,-3.93681038857741,-4.288483535984508,52.10139824996956,52.09974630895955,1.0096269104643836,1.7283269847559182,0.2503489614552129
frequency,300.0,300 MHz,7,D:\git\sim\outputs\仅节点KF对照_40-600MHz_N500_MC10_预热20_20260910\frequency\point_07,7,12263,Node-KF DPC,-3.1161933739476186,-3.472768408730052,47.18624224580519,47.17741347073145,0.17169911237186103,0.1609993631960497,0.2503489614552129
frequency,300.0,300 MHz,7,D:\git\sim\outputs\仅节点KF对照_40-600MHz_N500_MC10_预热20_20260910\frequency\point_07,7,12263,KF-DPC,-1.7585687557964882,-1.9026722199222343,36.266031462607884,36.27717207803688,0.1023076174434712,0.1609993631960497,0.011174938544858858
frequency,300.0,300 MHz,7,D:\git\sim\outputs\仅节点KF对照_40-600MHz_N500_MC10_预热20_20260910\frequency\point_07,8,13272,No Algorithm,-3.903981039571638,-3.8865857718422565,51.91937519340683,51.92958764001643,,,
frequency,300.0,300 MHz,7,D:\git\sim\outputs\仅节点KF对照_40-600MHz_N500_MC10_预热20_20260910\frequency\point_07,8,13272,DPC,-3.884777055962702,-3.9108292420637176,51.81426244805012,51.807877220648265,1.0127574197533902,1.7356880859137136,0.24832557233817376
frequency,300.0,300 MHz,7,D:\git\sim\outputs\仅节点KF对照_40-600MHz_N500_MC10_预热20_20260910\frequency\point_07,8,13272,Node-KF DPC,-3.4427325407593203,-3.423575650994078,49.24430713743744,49.23423020290076,0.1851912418524224,0.16078846004125696,0.24832557233817376
frequency,300.0,300 MHz,7,D:\git\sim\outputs\仅节点KF对照_40-600MHz_N500_MC10_预热20_20260910\frequency\point_07,8,13272,KF-DPC,-1.8003410290355204,-1.901104040274556,36.692218826395326,36.76010402622577,0.1042635229934005,0.16078846004125696,0.022582306215579908
frequency,300.0,300 MHz,7,D:\git\sim\outputs\仅节点KF对照_40-600MHz_N500_MC10_预热20_20260910\frequency\point_07,9,14281,No Algorithm,-3.9148981099598834,-4.119194775555186,51.97658203155053,51.97818590138497,,,
frequency,300.0,300 MHz,7,D:\git\sim\outputs\仅节点KF对照_40-600MHz_N500_MC10_预热20_20260910\frequency\point_07,9,14281,DPC,-3.8998136234742278,-4.36723406599969,51.90188458819953,51.897498327231354,1.0061048663333945,1.7307096134166249,0.2532758863275396
frequency,300.0,300 MHz,7,D:\git\sim\outputs\仅节点KF对照_40-600MHz_N500_MC10_预热20_20260910\frequency\point_07,9,14281,Node-KF DPC,-3.259111287636052,-2.968996592791105,48.08810463981529,48.08260122376865,0.17704985433119894,0.16276647249759404,0.2532758863275396
frequency,300.0,300 MHz,7,D:\git\sim\outputs\仅节点KF对照_40-600MHz_N500_MC10_预热20_20260910\frequency\point_07,9,14281,KF-DPC,-1.8564191991327494,-1.9320276762733912,37.20434658420541,37.20108766872995,0.10675514553159261,0.16276647249759404,0.0451340219142453
frequency,400.0,400 MHz,8,D:\git\sim\outputs\仅节点KF对照_40-600MHz_N500_MC10_预热20_20260910\frequency\point_08,0,5200,No Algorithm,-3.899867993893222,-3.847692332110947,51.8900588917535,51.89082168952824,,,
frequency,400.0,400 MHz,8,D:\git\sim\outputs\仅节点KF对照_40-600MHz_N500_MC10_预热20_20260910\frequency\point_08,0,5200,DPC,-3.915765474351197,-3.941397730668539,51.98274486095367,51.987765215131624,1.0067489437121429,1.733676964086123,0.2456707353163069
frequency,400.0,400 MHz,8,D:\git\sim\outputs\仅节点KF对照_40-600MHz_N500_MC10_预热20_20260910\frequency\point_08,0,5200,Node-KF DPC,-3.717592631635331,-4.002481471035456,50.86727139366897,50.870702636629204,0.17294345041494547,0.1603187102016936,0.2456707353163069
frequency,400.0,400 MHz,8,D:\git\sim\outputs\仅节点KF对照_40-600MHz_N500_MC10_预热20_20260910\frequency\point_08,0,5200,KF-DPC,-2.8091606369650335,-2.80888444041796,45.06835716509891,45.08243064109931,0.10746598621053143,0.1603187102016936,0.04822399807378909
frequency,400.0,400 MHz,8,D:\git\sim\outputs\仅节点KF对照_40-600MHz_N500_MC10_预热20_20260910\frequency\point_08,1,6209,No Algorithm,-3.884479951746824,-3.659746602448382,51.804171070093716,51.81346247971299,,,
frequency,400.0,400 MHz,8,D:\git\sim\outputs\仅节点KF对照_40-600MHz_N500_MC10_预热20_20260910\frequency\point_08,1,6209,DPC,-3.921997348853379,-3.857823547844561,52.02094325685867,52.02549573270942,1.0098835460540494,1.7316727706353323,0.24924635207279314
frequency,400.0,400 MHz,8,D:\git\sim\outputs\仅节点KF对照_40-600MHz_N500_MC10_预热20_20260910\frequency\point_08,1,6209,Node-KF DPC,-3.7134471416999713,-3.8946982163913058,50.85338507288502,50.851942162304596,0.17667457353296218,0.1609859363512123,0.24924635207279314
frequency,400.0,400 MHz,8,D:\git\sim\outputs\仅节点KF对照_40-600MHz_N500_MC10_预热20_20260910\frequency\point_08,1,6209,KF-DPC,-2.8748731330752193,-2.6695541517585797,45.53485379659055,45.533840324468244,0.1081667978932488,0.1609859363512123,0.056810733625986515
frequency,400.0,400 MHz,8,D:\git\sim\outputs\仅节点KF对照_40-600MHz_N500_MC10_预热20_20260910\frequency\point_08,2,7218,No Algorithm,-3.922219736221277,-3.7228672827827496,52.0194755463942,52.009854174791414,,,
frequency,400.0,400 MHz,8,D:\git\sim\outputs\仅节点KF对照_40-600MHz_N500_MC10_预热20_20260910\frequency\point_08,2,7218,DPC,-3.874930276720838,-3.5664046264578464,51.757850137479046,51.76054799381463,1.0094968271243836,1.733828360695596,0.2419007211253757
frequency,400.0,400 MHz,8,D:\git\sim\outputs\仅节点KF对照_40-600MHz_N500_MC10_预热20_20260910\frequency\point_08,2,7218,Node-KF DPC,-3.8732092815253436,-3.6584449807158492,51.74378362241693,51.738626340278884,0.17967029301824322,0.16415063387305312,0.2419007211253757
frequency,400.0,400 MHz,8,D:\git\sim\outputs\仅节点KF对照_40-600MHz_N500_MC10_预热20_20260910\frequency\point_08,2,7218,KF-DPC,-2.879203645751565,-2.6528938763359413,45.60240597842341,45.82430483451768,0.11049701148047306,0.16415063387305312,0.06344126522094597
frequency,400.0,400 MHz,8,D:\git\sim\outputs\仅节点KF对照_40-600MHz_N500_MC10_预热20_20260910\frequency\point_08,3,8227,No Algorithm,-3.897002579310873,-3.864088872631806,51.86792789654375,51.866787053928185,,,
frequency,400.0,400 MHz,8,D:\git\sim\outputs\仅节点KF对照_40-600MHz_N500_MC10_预热20_20260910\frequency\point_08,3,8227,DPC,-3.9383554012958037,-4.036530672732412,52.11571665075517,52.11440148526372,1.009734979580256,1.7347140063230597,0.24577282191415137
frequency,400.0,400 MHz,8,D:\git\sim\outputs\仅节点KF对照_40-600MHz_N500_MC10_预热20_20260910\frequency\point_08,3,8227,Node-KF DPC,-3.711736716427152,-3.60345123418384,50.83536898310165,50.8360440497693,0.16774576919319967,0.16132773543213527,0.24577282191415137
frequency,400.0,400 MHz,8,D:\git\sim\outputs\仅节点KF对照_40-600MHz_N500_MC10_预热20_20260910\frequency\point_08,3,8227,KF-DPC,-2.803107948485057,-2.8287113870028087,45.0313099820552,45.05270434366941,0.10696323448593273,0.16132773543213527,0.03163230389490333
frequency,400.0,400 MHz,8,D:\git\sim\outputs\仅节点KF对照_40-600MHz_N500_MC10_预热20_20260910\frequency\point_08,4,9236,No Algorithm,-3.8982019179397915,-3.6183393083464654,51.889439415312886,51.88605087238423,,,
frequency,400.0,400 MHz,8,D:\git\sim\outputs\仅节点KF对照_40-600MHz_N500_MC10_预热20_20260910\frequency\point_08,4,9236,DPC,-3.9128435338948493,-3.8316198362729548,51.9608063899183,51.95000394194117,1.012740042424719,1.7316723058864232,0.24703924243246939
frequency,400.0,400 MHz,8,D:\git\sim\outputs\仅节点KF对照_40-600MHz_N500_MC10_预热20_20260910\frequency\point_08,4,9236,Node-KF DPC,-3.7370138106732065,-3.73806999430518,50.99445334422119,50.9873698949956,0.1845147124079744,0.16328682796311977,0.24703924243246939
frequency,400.0,400 MHz,8,D:\git\sim\outputs\仅节点KF对照_40-600MHz_N500_MC10_预热20_20260910\frequency\point_08,4,9236,KF-DPC,-2.748019387354081,-2.745836615666288,44.634957397865826,44.624850210724645,0.10527971923881976,0.16328682796311977,0.01300914532000521
frequency,400.0,400 MHz,8,D:\git\sim\outputs\仅节点KF对照_40-600MHz_N500_MC10_预热20_20260910\frequency\point_08,5,10245,No Algorithm,-3.934528742145375,-4.072602973796804,52.08734439491192,52.08489740807276,,,
frequency,400.0,400 MHz,8,D:\git\sim\outputs\仅节点KF对照_40-600MHz_N500_MC10_预热20_20260910\frequency\point_08,5,10245,DPC,-3.9085086239276228,-4.22208641086315,51.93743768494334,51.9316145060019,1.0125753535760877,1.7334953366445758,0.24792963582330863
frequency,400.0,400 MHz,8,D:\git\sim\outputs\仅节点KF对照_40-600MHz_N500_MC10_预热20_20260910\frequency\point_08,5,10245,Node-KF DPC,-3.8604005783836373,-3.6090022707321396,51.67396048312335,51.658952096000576,0.17144317243051882,0.163857529761374,0.24792963582330863
frequency,400.0,400 MHz,8,D:\git\sim\outputs\仅节点KF对照_40-600MHz_N500_MC10_预热20_20260910\frequency\point_08,5,10245,KF-DPC,-2.8640658421939817,-2.8037147159472484,45.4569809310138,45.46735826937292,0.10871924250088742,0.163857529761374,0.046622308623124664
frequency,400.0,400 MHz,8,D:\git\sim\outputs\仅节点KF对照_40-600MHz_N500_MC10_预热20_20260910\frequency\point_08,6,11254,No Algorithm,-3.9174388226486196,-4.038420355362344,51.99274994812832,51.98743285019949,,,
frequency,400.0,400 MHz,8,D:\git\sim\outputs\仅节点KF对照_40-600MHz_N500_MC10_预热20_20260910\frequency\point_08,6,11254,DPC,-3.9006869867523437,-3.802116279133791,51.888118233294726,51.899269909299605,1.0114561969748281,1.7374409659895065,0.24661627852669937
frequency,400.0,400 MHz,8,D:\git\sim\outputs\仅节点KF对照_40-600MHz_N500_MC10_预热20_20260910\frequency\point_08,6,11254,Node-KF DPC,-3.7941582627582364,-3.6558005566624967,51.3051811855271,51.327267029209715,0.18020834122143278,0.16150932085446887,0.24661627852669937
frequency,400.0,400 MHz,8,D:\git\sim\outputs\仅节点KF对照_40-600MHz_N500_MC10_预热20_20260910\frequency\point_08,6,11254,KF-DPC,-2.7512357634459184,-2.6766011815761432,44.658061411224736,44.70216701892766,0.10577689972194412,0.16150932085446887,0.020662072140368932
frequency,400.0,400 MHz,8,D:\git\sim\outputs\仅节点KF对照_40-600MHz_N500_MC10_预热20_20260910\frequency\point_08,7,12263,No Algorithm,-3.912507986870301,-3.917185690721813,51.97232145240616,51.981117081644214,,,
frequency,400.0,400 MHz,8,D:\git\sim\outputs\仅节点KF对照_40-600MHz_N500_MC10_预热20_20260910\frequency\point_08,7,12263,DPC,-3.9219924585777033,-3.779297461386015,52.02120451139537,52.01350769446285,1.0096269104643836,1.7283269847559182,0.2503489614552129
frequency,400.0,400 MHz,8,D:\git\sim\outputs\仅节点KF对照_40-600MHz_N500_MC10_预热20_20260910\frequency\point_08,7,12263,Node-KF DPC,-3.663853801915727,-4.095411811434555,50.55687498925462,50.54895693157684,0.17169911237186103,0.1609993631960497,0.2503489614552129
frequency,400.0,400 MHz,8,D:\git\sim\outputs\仅节点KF对照_40-600MHz_N500_MC10_预热20_20260910\frequency\point_08,7,12263,KF-DPC,-2.692532227075501,-2.831323569970717,44.23213111357477,44.228345478163945,0.1023076174434712,0.1609993631960497,0.011174938544858858
frequency,400.0,400 MHz,8,D:\git\sim\outputs\仅节点KF对照_40-600MHz_N500_MC10_预热20_20260910\frequency\point_08,8,13272,No Algorithm,-3.9317861498075573,-4.0018577704233715,52.0790584038622,52.08584838917683,,,
frequency,400.0,400 MHz,8,D:\git\sim\outputs\仅节点KF对照_40-600MHz_N500_MC10_预热20_20260910\frequency\point_08,8,13272,DPC,-3.9057613697298796,-3.808516720556624,51.92809044007401,51.917054321875334,1.0127574197533902,1.7356880859137136,0.24832557233817376
frequency,400.0,400 MHz,8,D:\git\sim\outputs\仅节点KF对照_40-600MHz_N500_MC10_预热20_20260910\frequency\point_08,8,13272,Node-KF DPC,-3.806253715289441,-3.8717747397573277,51.38592209663828,51.37531702906402,0.1851912418524224,0.16078846004125696,0.24832557233817376
frequency,400.0,400 MHz,8,D:\git\sim\outputs\仅节点KF对照_40-600MHz_N500_MC10_预热20_20260910\frequency\point_08,8,13272,KF-DPC,-2.7157947628057504,-2.898113765245492,44.403659347942764,44.436727279350045,0.1042635229934005,0.16078846004125696,0.022582306215579908
frequency,400.0,400 MHz,8,D:\git\sim\outputs\仅节点KF对照_40-600MHz_N500_MC10_预热20_20260910\frequency\point_08,9,14281,No Algorithm,-3.9330550167324825,-3.858959608994495,52.082429774854944,52.08225465822442,,,
frequency,400.0,400 MHz,8,D:\git\sim\outputs\仅节点KF对照_40-600MHz_N500_MC10_预热20_20260910\frequency\point_08,9,14281,DPC,-3.9142150661277855,-4.321202977117108,51.96370837055754,51.963949032753334,1.0061048663333945,1.7307096134166249,0.2532758863275396
frequency,400.0,400 MHz,8,D:\git\sim\outputs\仅节点KF对照_40-600MHz_N500_MC10_预热20_20260910\frequency\point_08,9,14281,Node-KF DPC,-3.7483163003326037,-3.4379825341617885,51.03961704257085,51.037011968126784,0.17704985433119894,0.16276647249759404,0.2532758863275396
frequency,400.0,400 MHz,8,D:\git\sim\outputs\仅节点KF对照_40-600MHz_N500_MC10_预热20_20260910\frequency\point_08,9,14281,KF-DPC,-2.8066384473074395,-2.8431325870138986,45.045212332509045,45.0447940854465,0.10675514553159261,0.16276647249759404,0.0451340219142453
frequency,500.0,500 MHz,9,D:\git\sim\outputs\仅节点KF对照_40-600MHz_N500_MC10_预热20_20260910\frequency\point_09,0,5200,No Algorithm,-3.9110152653740067,-3.9624862277577035,51.9663029196713,51.96079704936824,,,
frequency,500.0,500 MHz,9,D:\git\sim\outputs\仅节点KF对照_40-600MHz_N500_MC10_预热20_20260910\frequency\point_09,0,5200,DPC,-3.9359442493992813,-3.900304788168258,52.10759668984829,52.106655403197415,1.0067489437121429,1.733676964086123,0.2456707353163069
frequency,500.0,500 MHz,9,D:\git\sim\outputs\仅节点KF对照_40-600MHz_N500_MC10_预热20_20260910\frequency\point_09,0,5200,Node-KF DPC,-3.8999496150043633,-4.233065559529006,51.8978286500771,51.89920729990213,0.17294345041494547,0.1603187102016936,0.2456707353163069
frequency,500.0,500 MHz,9,D:\git\sim\outputs\仅节点KF对照_40-600MHz_N500_MC10_预热20_20260910\frequency\point_09,0,5200,KF-DPC,-3.4215508268289767,-3.4472122485292855,49.13424365660421,49.142746648570935,0.10746598621053143,0.1603187102016936,0.04822399807378909
frequency,500.0,500 MHz,9,D:\git\sim\outputs\仅节点KF对照_40-600MHz_N500_MC10_预热20_20260910\frequency\point_09,1,6209,No Algorithm,-3.932120265102857,-3.893174160822239,52.08099318755168,52.072072834445635,,,
frequency,500.0,500 MHz,9,D:\git\sim\outputs\仅节点KF对照_40-600MHz_N500_MC10_预热20_20260910\frequency\point_09,1,6209,DPC,-3.8934181589757104,-4.066990560443964,51.85940126834368,51.85353317165796,1.0098835460540494,1.7316727706353323,0.24924635207279314
frequency,500.0,500 MHz,9,D:\git\sim\outputs\仅节点KF对照_40-600MHz_N500_MC10_预热20_20260910\frequency\point_09,1,6209,Node-KF DPC,-3.8700069980321565,-4.089798851825236,51.72506730478287,51.7224821994274,0.17667457353296218,0.1609859363512123,0.24924635207279314
frequency,500.0,500 MHz,9,D:\git\sim\outputs\仅节点KF对照_40-600MHz_N500_MC10_预热20_20260910\frequency\point_09,1,6209,KF-DPC,-3.4785104230779273,-3.285280638075467,49.45813597647257,49.45181873541374,0.1081667978932488,0.1609859363512123,0.056810733625986515
frequency,500.0,500 MHz,9,D:\git\sim\outputs\仅节点KF对照_40-600MHz_N500_MC10_预热20_20260910\frequency\point_09,2,7218,No Algorithm,-3.9025517801805183,-3.731323248513694,51.91517121384213,51.91748134340613,,,
frequency,500.0,500 MHz,9,D:\git\sim\outputs\仅节点KF对照_40-600MHz_N500_MC10_预热20_20260910\frequency\point_09,2,7218,DPC,-3.9418027473946537,-4.0210664672750385,52.12785275550323,52.115855717373535,1.0094968271243836,1.733828360695596,0.2419007211253757
frequency,500.0,500 MHz,9,D:\git\sim\outputs\仅节点KF对照_40-600MHz_N500_MC10_预热20_20260910\frequency\point_09,2,7218,Node-KF DPC,-3.9460482447431233,-3.860821714175202,52.140120942101525,52.13975940463536,0.17967029301824322,0.16415063387305312,0.2419007211253757
frequency,500.0,500 MHz,9,D:\git\sim\outputs\仅节点KF对照_40-600MHz_N500_MC10_预热20_20260910\frequency\point_09,2,7218,KF-DPC,-3.494969717654659,-3.331222260462909,49.58046395089455,49.65113950776769,0.11049701148047306,0.16415063387305312,0.06344126522094597
frequency,500.0,500 MHz,9,D:\git\sim\outputs\仅节点KF对照_40-600MHz_N500_MC10_预热20_20260910\frequency\point_09,3,8227,No Algorithm,-3.8981841652874643,-4.045397805216066,51.86697986502986,51.861318173138216,,,
frequency,500.0,500 MHz,9,D:\git\sim\outputs\仅节点KF对照_40-600MHz_N500_MC10_预热20_20260910\frequency\point_09,3,8227,DPC,-3.91100844956859,-4.094395724884755,51.948865735652255,51.94619311872112,1.009734979580256,1.7347140063230597,0.24577282191415137
frequency,500.0,500 MHz,9,D:\git\sim\outputs\仅节点KF对照_40-600MHz_N500_MC10_预热20_20260910\frequency\point_09,3,8227,Node-KF DPC,-3.888685382360031,-3.7732064322430965,51.82736624824117,51.81706520988689,0.16774576919319967,0.16132773543213527,0.24577282191415137
frequency,500.0,500 MHz,9,D:\git\sim\outputs\仅节点KF对照_40-600MHz_N500_MC10_预热20_20260910\frequency\point_09,3,8227,KF-DPC,-3.407687086596614,-3.3744820740394923,49.03456779748493,49.043588089136954,0.10696323448593273,0.16132773543213527,0.03163230389490333
frequency,500.0,500 MHz,9,D:\git\sim\outputs\仅节点KF对照_40-600MHz_N500_MC10_预热20_20260910\frequency\point_09,4,9236,No Algorithm,-3.897680669120242,-3.9953343436147337,51.88410672855727,51.89482767117616,,,
frequency,500.0,500 MHz,9,D:\git\sim\outputs\仅节点KF对照_40-600MHz_N500_MC10_预热20_20260910\frequency\point_09,4,9236,DPC,-3.896869969571803,-3.9701114258174144,51.87995126489604,51.88399922075009,1.012740042424719,1.7316723058864232,0.24703924243246939
frequency,500.0,500 MHz,9,D:\git\sim\outputs\仅节点KF对照_40-600MHz_N500_MC10_预热20_20260910\frequency\point_09,4,9236,Node-KF DPC,-3.831513873592582,-3.6660780935995203,51.52232499010111,51.51895067991591,0.1845147124079744,0.16328682796311977,0.24703924243246939
frequency,500.0,500 MHz,9,D:\git\sim\outputs\仅节点KF对照_40-600MHz_N500_MC10_预热20_20260910\frequency\point_09,4,9236,KF-DPC,-3.365214032662594,-3.348051276117056,48.76931428701489,48.75546245024158,0.10527971923881976,0.16328682796311977,0.01300914532000521
frequency,500.0,500 MHz,9,D:\git\sim\outputs\仅节点KF对照_40-600MHz_N500_MC10_预热20_20260910\frequency\point_09,5,10245,No Algorithm,-3.8727730401206033,-3.9074034893304956,51.7619943282477,51.77640570413533,,,
frequency,500.0,500 MHz,9,D:\git\sim\outputs\仅节点KF对照_40-600MHz_N500_MC10_预热20_20260910\frequency\point_09,5,10245,DPC,-3.904164147057856,-3.888822423620431,51.92448658219152,51.915758906555915,1.0125753535760877,1.7334953366445758,0.24792963582330863
frequency,500.0,500 MHz,9,D:\git\sim\outputs\仅节点KF对照_40-600MHz_N500_MC10_预热20_20260910\frequency\point_09,5,10245,Node-KF DPC,-3.9246926626626495,-3.676486825305622,52.029135112029465,52.01959244040524,0.17144317243051882,0.163857529761374,0.24792963582330863
frequency,500.0,500 MHz,9,D:\git\sim\outputs\仅节点KF对照_40-600MHz_N500_MC10_预热20_20260910\frequency\point_09,5,10245,KF-DPC,-3.451429665612155,-3.3844511438208986,49.30309773808346,49.29992964134559,0.10871924250088742,0.163857529761374,0.046622308623124664
frequency,500.0,500 MHz,9,D:\git\sim\outputs\仅节点KF对照_40-600MHz_N500_MC10_预热20_20260910\frequency\point_09,6,11254,No Algorithm,-3.875997644051663,-3.764044381937559,51.75911342429194,51.75525801165977,,,
frequency,500.0,500 MHz,9,D:\git\sim\outputs\仅节点KF对照_40-600MHz_N500_MC10_预热20_20260910\frequency\point_09,6,11254,DPC,-3.8975542557912752,-3.8140786030712306,51.8816105353468,51.87958429003178,1.0114561969748281,1.7374409659895065,0.24661627852669937
frequency,500.0,500 MHz,9,D:\git\sim\outputs\仅节点KF对照_40-600MHz_N500_MC10_预热20_20260910\frequency\point_09,6,11254,Node-KF DPC,-3.889419597375385,-3.784287115645787,51.845510414256744,51.84724516505118,0.18020834122143278,0.16150932085446887,0.24661627852669937
frequency,500.0,500 MHz,9,D:\git\sim\outputs\仅节点KF对照_40-600MHz_N500_MC10_预热20_20260910\frequency\point_09,6,11254,KF-DPC,-3.3663330838452876,-3.2218927596093945,48.77674784160935,48.78637206991161,0.10577689972194412,0.16150932085446887,0.020662072140368932
frequency,500.0,500 MHz,9,D:\git\sim\outputs\仅节点KF对照_40-600MHz_N500_MC10_预热20_20260910\frequency\point_09,7,12263,No Algorithm,-3.9222726288372884,-3.7422206370696607,52.027464494791296,52.03142243631607,,,
frequency,500.0,500 MHz,9,D:\git\sim\outputs\仅节点KF对照_40-600MHz_N500_MC10_预热20_20260910\frequency\point_09,7,12263,DPC,-3.9044973096290896,-3.9603764902616074,51.91012905234795,51.907232455053986,1.0096269104643836,1.7283269847559182,0.2503489614552129
frequency,500.0,500 MHz,9,D:\git\sim\outputs\仅节点KF对照_40-600MHz_N500_MC10_预热20_20260910\frequency\point_09,7,12263,Node-KF DPC,-3.8231259325428923,-4.0160601155220235,51.464690029169375,51.47176649909282,0.17169911237186103,0.1609993631960497,0.2503489614552129
frequency,500.0,500 MHz,9,D:\git\sim\outputs\仅节点KF对照_40-600MHz_N500_MC10_预热20_20260910\frequency\point_09,7,12263,KF-DPC,-3.336819515723767,-3.408945360731339,48.6033181886424,48.59808634950329,0.1023076174434712,0.1609993631960497,0.011174938544858858
frequency,500.0,500 MHz,9,D:\git\sim\outputs\仅节点KF对照_40-600MHz_N500_MC10_预热20_20260910\frequency\point_09,8,13272,No Algorithm,-3.9018886469708547,-3.6224187943192137,51.8941725613798,51.886124860703916,,,
frequency,500.0,500 MHz,9,D:\git\sim\outputs\仅节点KF对照_40-600MHz_N500_MC10_预热20_20260910\frequency\point_09,8,13272,DPC,-3.88325718630989,-3.953666439573768,51.79149844436571,51.79123193281132,1.0127574197533902,1.7356880859137136,0.24832557233817376
frequency,500.0,500 MHz,9,D:\git\sim\outputs\仅节点KF对照_40-600MHz_N500_MC10_预热20_20260910\frequency\point_09,8,13272,Node-KF DPC,-3.890785586071681,-4.018950993989606,51.84567830686395,51.828712203499705,0.1851912418524224,0.16078846004125696,0.24832557233817376
frequency,500.0,500 MHz,9,D:\git\sim\outputs\仅节点KF对照_40-600MHz_N500_MC10_预热20_20260910\frequency\point_09,8,13272,KF-DPC,-3.3404630619914615,-3.5951820757232,48.62820253031218,48.637849808790165,0.1042635229934005,0.16078846004125696,0.022582306215579908
frequency,500.0,500 MHz,9,D:\git\sim\outputs\仅节点KF对照_40-600MHz_N500_MC10_预热20_20260910\frequency\point_09,9,14281,No Algorithm,-3.9284192105904525,-4.098687302403206,52.054195472221835,52.05109560989323,,,
frequency,500.0,500 MHz,9,D:\git\sim\outputs\仅节点KF对照_40-600MHz_N500_MC10_预热20_20260910\frequency\point_09,9,14281,DPC,-3.8962358151493777,-3.8761499279318046,51.8680997140236,51.87213786616376,1.0061048663333945,1.7307096134166249,0.2532758863275396
frequency,500.0,500 MHz,9,D:\git\sim\outputs\仅节点KF对照_40-600MHz_N500_MC10_预热20_20260910\frequency\point_09,9,14281,Node-KF DPC,-3.906802631058527,-3.707997452051707,51.93881510198967,51.948351382414366,0.17704985433119894,0.16276647249759404,0.2532758863275396
frequency,500.0,500 MHz,9,D:\git\sim\outputs\仅节点KF对照_40-600MHz_N500_MC10_预热20_20260910\frequency\point_09,9,14281,KF-DPC,-3.4489550855318996,-3.4552270067425073,49.293291144417346,49.29335239717174,0.10675514553159261,0.16276647249759404,0.0451340219142453
frequency,600.0,600 MHz,10,D:\git\sim\outputs\仅节点KF对照_40-600MHz_N500_MC10_预热20_20260910\frequency\point_10,0,5200,No Algorithm,-3.895520354568597,-4.051115636195331,51.88190776180257,51.88037625844836,,,
frequency,600.0,600 MHz,10,D:\git\sim\outputs\仅节点KF对照_40-600MHz_N500_MC10_预热20_20260910\frequency\point_10,0,5200,DPC,-3.9181204770157207,-3.970706313013351,51.98953321468651,51.99608333349793,1.0067489437121429,1.733676964086123,0.2456707353163069
frequency,600.0,600 MHz,10,D:\git\sim\outputs\仅节点KF对照_40-600MHz_N500_MC10_预热20_20260910\frequency\point_10,0,5200,Node-KF DPC,-3.939977311954526,-4.206420271925946,52.12005116614496,52.114405211015416,0.17294345041494547,0.1603187102016936,0.2456707353163069
frequency,600.0,600 MHz,10,D:\git\sim\outputs\仅节点KF对照_40-600MHz_N500_MC10_预热20_20260910\frequency\point_10,0,5200,KF-DPC,-3.716339632265901,-3.8127997791303474,50.872290538073926,50.87153831280308,0.10746598621053143,0.1603187102016936,0.04822399807378909
frequency,600.0,600 MHz,10,D:\git\sim\outputs\仅节点KF对照_40-600MHz_N500_MC10_预热20_20260910\frequency\point_10,1,6209,No Algorithm,-3.9123851089485706,-3.977122617934657,51.96957390169875,51.96674805597993,,,
frequency,600.0,600 MHz,10,D:\git\sim\outputs\仅节点KF对照_40-600MHz_N500_MC10_预热20_20260910\frequency\point_10,1,6209,DPC,-3.9167338130024705,-4.127382583318518,51.993267036072645,51.99820589779994,1.0098835460540494,1.7316727706353323,0.24924635207279314
frequency,600.0,600 MHz,10,D:\git\sim\outputs\仅节点KF对照_40-600MHz_N500_MC10_预热20_20260910\frequency\point_10,1,6209,Node-KF DPC,-3.8927486587649462,-4.134022612388292,51.85364522904262,51.850402425621255,0.17667457353296218,0.1609859363512123,0.24924635207279314
frequency,600.0,600 MHz,10,D:\git\sim\outputs\仅节点KF对照_40-600MHz_N500_MC10_预热20_20260910\frequency\point_10,1,6209,KF-DPC,-3.7636394332130463,-3.7918119529634065,51.12231079083007,51.12661928806234,0.1081667978932488,0.1609859363512123,0.056810733625986515
frequency,600.0,600 MHz,10,D:\git\sim\outputs\仅节点KF对照_40-600MHz_N500_MC10_预热20_20260910\frequency\point_10,2,7218,No Algorithm,-3.893332690751433,-3.5799772933793887,51.851829770942814,51.85539563174335,,,
frequency,600.0,600 MHz,10,D:\git\sim\outputs\仅节点KF对照_40-600MHz_N500_MC10_预热20_20260910\frequency\point_10,2,7218,DPC,-3.918332187718226,-3.8628499842350483,52.00008499233185,52.001981681942986,1.0094968271243836,1.733828360695596,0.2419007211253757
frequency,600.0,600 MHz,10,D:\git\sim\outputs\仅节点KF对照_40-600MHz_N500_MC10_预热20_20260910\frequency\point_10,2,7218,Node-KF DPC,-3.935178552040675,-4.108749116303299,52.081106065885244,52.070080770178215,0.17967029301824322,0.16415063387305312,0.2419007211253757
frequency,600.0,600 MHz,10,D:\git\sim\outputs\仅节点KF对照_40-600MHz_N500_MC10_预热20_20260910\frequency\point_10,2,7218,KF-DPC,-3.7871485665022147,-3.6892081762225555,51.279437118094755,51.291572320412044,0.11049701148047306,0.16415063387305312,0.06344126522094597
frequency,600.0,600 MHz,10,D:\git\sim\outputs\仅节点KF对照_40-600MHz_N500_MC10_预热20_20260910\frequency\point_10,3,8227,No Algorithm,-3.9231384573172017,-3.7405989226358125,52.019625684824554,52.02074770354285,,,
frequency,600.0,600 MHz,10,D:\git\sim\outputs\仅节点KF对照_40-600MHz_N500_MC10_预热20_20260910\frequency\point_10,3,8227,DPC,-3.9120849062194303,-3.8500775104280374,51.96473569043205,51.97078618939258,1.009734979580256,1.7347140063230597,0.24577282191415137
frequency,600.0,600 MHz,10,D:\git\sim\outputs\仅节点KF对照_40-600MHz_N500_MC10_预热20_20260910\frequency\point_10,3,8227,Node-KF DPC,-3.9283234370143054,-3.661244931260254,52.053457532997285,52.0469301364033,0.16774576919319967,0.16132773543213527,0.24577282191415137
frequency,600.0,600 MHz,10,D:\git\sim\outputs\仅节点KF对照_40-600MHz_N500_MC10_预热20_20260910\frequency\point_10,3,8227,KF-DPC,-3.715689989342396,-3.6627357561152833,50.8718769086797,50.86978419727705,0.10696323448593273,0.16132773543213527,0.03163230389490333
frequency,600.0,600 MHz,10,D:\git\sim\outputs\仅节点KF对照_40-600MHz_N500_MC10_预热20_20260910\frequency\point_10,4,9236,No Algorithm,-3.9124230327532565,-4.140749727772618,51.9592069078332,51.95852277062157,,,
frequency,600.0,600 MHz,10,D:\git\sim\outputs\仅节点KF对照_40-600MHz_N500_MC10_预热20_20260910\frequency\point_10,4,9236,DPC,-3.940262545856405,-3.868026708111358,52.119032390624334,52.11066325237011,1.012740042424719,1.7316723058864232,0.24703924243246939
frequency,600.0,600 MHz,10,D:\git\sim\outputs\仅节点KF对照_40-600MHz_N500_MC10_预热20_20260910\frequency\point_10,4,9236,Node-KF DPC,-3.8538967887430724,-3.804327772825626,51.645472976150295,51.6513238654704,0.1845147124079744,0.16328682796311977,0.24703924243246939
frequency,600.0,600 MHz,10,D:\git\sim\outputs\仅节点KF对照_40-600MHz_N500_MC10_预热20_20260910\frequency\point_10,4,9236,KF-DPC,-3.6825564511920055,-3.6456351111159697,50.67258341062678,50.665377856905636,0.10527971923881976,0.16328682796311977,0.01300914532000521
frequency,600.0,600 MHz,10,D:\git\sim\outputs\仅节点KF对照_40-600MHz_N500_MC10_预热20_20260910\frequency\point_10,5,10245,No Algorithm,-3.9026457114129727,-3.8462740979411283,51.91136709893942,51.91158609493521,,,
frequency,600.0,600 MHz,10,D:\git\sim\outputs\仅节点KF对照_40-600MHz_N500_MC10_预热20_20260910\frequency\point_10,5,10245,DPC,-3.911785569230016,-4.154260423182665,51.96075204377406,51.94742876453457,1.0125753535760877,1.7334953366445758,0.24792963582330863
frequency,600.0,600 MHz,10,D:\git\sim\outputs\仅节点KF对照_40-600MHz_N500_MC10_预热20_20260910\frequency\point_10,5,10245,Node-KF DPC,-3.921451597644709,-3.7965592636599172,52.0175684683634,52.01630267559285,0.17144317243051882,0.163857529761374,0.24792963582330863
frequency,600.0,600 MHz,10,D:\git\sim\outputs\仅节点KF对照_40-600MHz_N500_MC10_预热20_20260910\frequency\point_10,5,10245,KF-DPC,-3.7379038452621853,-3.6768542106044872,51.00258382950816,51.00305864267243,0.10871924250088742,0.163857529761374,0.046622308623124664
frequency,600.0,600 MHz,10,D:\git\sim\outputs\仅节点KF对照_40-600MHz_N500_MC10_预热20_20260910\frequency\point_10,6,11254,No Algorithm,-3.9051344960584977,-3.833681764006373,51.91972364131254,51.910724943616174,,,
frequency,600.0,600 MHz,10,D:\git\sim\outputs\仅节点KF对照_40-600MHz_N500_MC10_预热20_20260910\frequency\point_10,6,11254,DPC,-3.928302469631413,-4.356115652113627,52.04977089939102,52.03940668559418,1.0114561969748281,1.7374409659895065,0.24661627852669937
frequency,600.0,600 MHz,10,D:\git\sim\outputs\仅节点KF对照_40-600MHz_N500_MC10_预热20_20260910\frequency\point_10,6,11254,Node-KF DPC,-3.916086057676336,-3.9063473238549236,51.991133521447665,51.9919833680904,0.18020834122143278,0.16150932085446887,0.24661627852669937
frequency,600.0,600 MHz,10,D:\git\sim\outputs\仅节点KF对照_40-600MHz_N500_MC10_预热20_20260910\frequency\point_10,6,11254,KF-DPC,-3.687798839748093,-3.414919275230898,50.707740729972116,50.70601108389039,0.10577689972194412,0.16150932085446887,0.020662072140368932
frequency,600.0,600 MHz,10,D:\git\sim\outputs\仅节点KF对照_40-600MHz_N500_MC10_预热20_20260910\frequency\point_10,7,12263,No Algorithm,-3.9193923018108157,-3.8909535139752323,52.00203342941286,52.00294727128855,,,
frequency,600.0,600 MHz,10,D:\git\sim\outputs\仅节点KF对照_40-600MHz_N500_MC10_预热20_20260910\frequency\point_10,7,12263,DPC,-3.89096128731822,-4.195262881562547,51.850687404194495,51.8575994680774,1.0096269104643836,1.7283269847559182,0.2503489614552129
frequency,600.0,600 MHz,10,D:\git\sim\outputs\仅节点KF对照_40-600MHz_N500_MC10_预热20_20260910\frequency\point_10,7,12263,Node-KF DPC,-3.8743806829891296,-3.8486942127361705,51.75379145675709,51.76213307400483,0.17169911237186103,0.1609993631960497,0.2503489614552129
frequency,600.0,600 MHz,10,D:\git\sim\outputs\仅节点KF对照_40-600MHz_N500_MC10_预热20_20260910\frequency\point_10,7,12263,KF-DPC,-3.664897534002296,-3.6389070926562446,50.56558712277336,50.56538889204024,0.1023076174434712,0.1609993631960497,0.011174938544858858
frequency,600.0,600 MHz,10,D:\git\sim\outputs\仅节点KF对照_40-600MHz_N500_MC10_预热20_20260910\frequency\point_10,8,13272,No Algorithm,-3.906038756348651,-4.220409982524528,51.92067889451372,51.91088486984975,,,
frequency,600.0,600 MHz,10,D:\git\sim\outputs\仅节点KF对照_40-600MHz_N500_MC10_预热20_20260910\frequency\point_10,8,13272,DPC,-3.907826467642942,-3.854955468452395,51.94028224415988,51.94448130113628,1.0127574197533902,1.7356880859137136,0.24832557233817376
frequency,600.0,600 MHz,10,D:\git\sim\outputs\仅节点KF对照_40-600MHz_N500_MC10_预热20_20260910\frequency\point_10,8,13272,Node-KF DPC,-3.910124490164018,-4.047149028383308,51.95138773197006,51.95415401324251,0.1851912418524224,0.16078846004125696,0.24832557233817376
frequency,600.0,600 MHz,10,D:\git\sim\outputs\仅节点KF对照_40-600MHz_N500_MC10_预热20_20260910\frequency\point_10,8,13272,KF-DPC,-3.662556777873908,-3.8133027753980224,50.565959010953016,50.56430970560282,0.1042635229934005,0.16078846004125696,0.022582306215579908
frequency,600.0,600 MHz,10,D:\git\sim\outputs\仅节点KF对照_40-600MHz_N500_MC10_预热20_20260910\frequency\point_10,9,14281,No Algorithm,-3.9039959716932726,-4.001423625469943,51.91503991906886,51.90647260194747,,,
frequency,600.0,600 MHz,10,D:\git\sim\outputs\仅节点KF对照_40-600MHz_N500_MC10_预热20_20260910\frequency\point_10,9,14281,DPC,-3.8807935309125736,-3.603723725330083,51.79467435867821,51.80363997994151,1.0061048663333945,1.7307096134166249,0.2532758863275396
frequency,600.0,600 MHz,10,D:\git\sim\outputs\仅节点KF对照_40-600MHz_N500_MC10_预热20_20260910\frequency\point_10,9,14281,Node-KF DPC,-3.9604771917627284,-3.892161647388053,52.23276762598151,52.22447853004249,0.17704985433119894,0.16276647249759404,0.2532758863275396
frequency,600.0,600 MHz,10,D:\git\sim\outputs\仅节点KF对照_40-600MHz_N500_MC10_预热20_20260910\frequency\point_10,9,14281,KF-DPC,-3.7638038250805024,-3.7803087628834895,51.14182421290103,51.15089279129229,0.10675514553159261,0.16276647249759404,0.0451340219142453
