global_step,long_block,physical_time_s,iteration_step,no_algorithm_gain_linear,no_algorithm_norm_db,no_algorithm_power_linear,no_algorithm_ideal_power_linear,no_algorithm_single_node_mean_power_linear,no_algorithm_single_node_best_power_linear,no_algorithm_gain_over_single_mean_linear,no_algorithm_gain_over_single_mean_db,no_algorithm_gain_over_single_best_linear,no_algorithm_gain_over_single_best_db,no_algorithm_phase_std_deg,no_algorithm_phase_rmse_deg,no_algorithm_distance_rmse,no_algorithm_node_rmse,no_algorithm_uav_rmse,no_algorithm_uav_line_intercept_rmse,no_algorithm_uav_velocity_rmse,dpc_gain_linear,dpc_norm_db,dpc_power_linear,dpc_ideal_power_linear,dpc_single_node_mean_power_linear,dpc_single_node_best_power_linear,dpc_gain_over_single_mean_linear,dpc_gain_over_single_mean_db,dpc_gain_over_single_best_linear,dpc_gain_over_single_best_db,dpc_phase_std_deg,dpc_phase_rmse_deg,dpc_distance_rmse,dpc_node_rmse,dpc_uav_rmse,dpc_uav_line_intercept_rmse,dpc_uav_velocity_rmse,node_kf_dpc_gain_linear,node_kf_dpc_norm_db,node_kf_dpc_power_linear,node_kf_dpc_ideal_power_linear,node_kf_dpc_single_node_mean_power_linear,node_kf_dpc_single_node_best_power_linear,node_kf_dpc_gain_over_single_mean_linear,node_kf_dpc_gain_over_single_mean_db,node_kf_dpc_gain_over_single_best_linear,node_kf_dpc_gain_over_single_best_db,node_kf_dpc_phase_std_deg,node_kf_dpc_phase_rmse_deg,node_kf_dpc_distance_rmse,node_kf_dpc_node_rmse,node_kf_dpc_uav_rmse,node_kf_dpc_uav_line_intercept_rmse,node_kf_dpc_uav_velocity_rmse,kf_dpc_gain_linear,kf_dpc_norm_db,kf_dpc_power_linear,kf_dpc_ideal_power_linear,kf_dpc_single_node_mean_power_linear,kf_dpc_single_node_best_power_linear,kf_dpc_gain_over_single_mean_linear,kf_dpc_gain_over_single_mean_db,kf_dpc_gain_over_single_best_linear,kf_dpc_gain_over_single_best_db,kf_dpc_phase_std_deg,kf_dpc_phase_rmse_deg,kf_dpc_distance_rmse,kf_dpc_node_rmse,kf_dpc_uav_rmse,kf_dpc_uav_line_intercept_rmse,kf_dpc_uav_velocity_rmse,shore_broadcast_gain_linear,shore_broadcast_norm_db,shore_broadcast_power_linear,shore_broadcast_ideal_power_linear,shore_broadcast_single_node_mean_power_linear,shore_broadcast_single_node_best_power_linear,shore_broadcast_gain_over_single_mean_linear,shore_broadcast_gain_over_single_mean_db,shore_broadcast_gain_over_single_best_linear,shore_broadcast_gain_over_single_best_db,shore_broadcast_phase_std_deg,shore_broadcast_phase_rmse_deg,shore_broadcast_distance_rmse,shore_broadcast_node_rmse,shore_broadcast_uav_rmse,shore_broadcast_uav_line_intercept_rmse,shore_broadcast_uav_velocity_rmse
0,0,0.0,0,0.41560335210103105,-3.8132095824404786,519504.1901262888,1250000.0,5.000000000000001,5.000000000000001,103900.83802525775,50.166190504279896,103900.83802525775,50.166190504279896,51.42208046248014,51.49209885706822,,,,,,0.40469703239564075,-3.928699802363628,505871.29049455095,1250000.0,5.000000000000001,5.000000000000001,101174.25809891017,50.05070028435675,101174.25809891017,50.05070028435675,52.050412280616776,52.02663293594139,1.237935591916046,1.7219391137572184,1.2125856741865624,1.2125856741865624,2.0671689242054394,0.5354478259760671,-2.712828404149412,669309.7824700839,1250000.0,5.000000000000001,5.000000000000001,133861.95649401675,51.26657168257096,133861.95649401675,51.26657168257096,44.377639391742946,44.39186042633585,0.7333536421803767,0.39358913171219995,1.2125856741865624,1.2125856741865624,2.0671689242054394,0.8245659375302488,-0.8377460968527637,1030707.421912811,1250000.0,5.000000000000001,5.000000000000001,206141.48438256216,53.141653989867606,206141.48438256216,53.141653989867606,25.22118283525298,26.01915050840322,0.35725401241444715,0.39358913171219995,0.4807561980677876,0.39299297339531225,0.5086321611576284,0.9705425077068303,-0.12985438680321623,1213178.1346335378,1250000.0,5.000000000000001,5.000000000000001,242635.62692670754,53.84954569991716,242635.62692670754,53.84954569991716,9.861127564719357,10.792019481817515,0.13347801612530655,0.17407203995508214,0.18841512162879875,,
1,0,0.05,1,0.401363674018643,-3.964619365001373,501704.5925233037,1250000.0,5.000000000000001,5.000000000000001,100340.91850466072,50.014780721719,100340.91850466072,50.014780721719,52.25989029782621,52.26014850622737,,,,,,0.4137807508915382,-3.8322971660897998,517225.93861442275,1250000.0,5.000000000000001,5.000000000000001,103445.18772288453,50.14710292063057,103445.18772288453,50.14710292063057,51.54069084435772,51.535284685043074,1.2068235219063073,1.731408116993919,1.1819627267606,1.1008070830251109,1.9319079254600218,0.5413681649786112,-2.66507286394517,676710.206223264,1250000.0,5.000000000000001,5.000000000000001,135342.04124465276,51.314327222775205,135342.04124465276,51.314327222775205,44.02973425209344,44.00024306270818,0.7179771168899853,0.3859942469860204,1.1819627267606,1.1008070830251109,1.9319079254600218,0.8357242342061479,-0.7793700404390211,1044655.292757685,1250000.0,5.000000000000001,5.000000000000001,208931.05855153696,53.20003004628135,208931.05855153696,53.20003004628135,24.326091388529438,25.03192035346467,0.34233579851303797,0.3859942469860204,0.45435082514364045,0.3512389703328101,0.4610040706143795,0.971067127700058,-0.12750747247456107,1213833.9096250725,1250000.0,5.000000000000001,5.000000000000001,242766.78192501445,53.85189261424581,242766.78192501445,53.85189261424581,9.754645226395729,10.397917063839229,0.12723563741217767,0.17179841508209268,0.13947677022224833,,
2,0,0.1,2,0.4123716910277882,-3.8471115631871378,515464.61378473527,1250000.0,5.000000000000001,5.000000000000001,103092.92275694704,50.132288523533234,103092.92275694704,50.132288523533234,51.61384105789362,51.62327540118706,,,,,,0.4110691256912321,-3.8608514069826327,513836.4071140401,1250000.0,5.000000000000001,5.000000000000001,102767.28142280801,50.11854867973774,102767.28142280801,50.11854867973774,51.67649766988319,51.64730423196734,1.2262095016847903,1.7596492222794269,1.1566944859142307,1.0064111336469803,1.812529014128184,0.5483175551957794,-2.609678493151227,685396.9439947242,1250000.0,5.000000000000001,5.000000000000001,137079.38879894483,51.369721593569146,137079.38879894483,51.369721593569146,43.59972000721548,43.58269829848665,0.707804136867916,0.37736797993770355,1.1566944859142307,1.0064111336469803,1.812529014128184,0.8465598010420052,-0.7234235787964436,1058199.7513025065,1250000.0,5.000000000000001,5.000000000000001,211639.95026050127,53.25597650792393,211639.95026050127,53.25597650792393,23.454801520199908,23.979935804498663,0.32677306021052105,0.37736797993770355,0.42842087699050396,0.31227145224835506,0.4166862010614335,0.9656803378923606,-0.15166611125305024,1207100.4223654508,1250000.0,5.000000000000001,5.000000000000001,241420.0844730901,53.827733975467325,241420.0844730901,53.827733975467325,10.651771263308015,11.393954115119655,0.14257485612814244,0.173774718300901,0.15897064913530862,,
3,0,0.15000000000000002,3,0.399810712642042,-3.9814557345203028,499763.39080255246,1250000.0,5.000000000000001,5.000000000000001,99952.67816051048,49.99794435220007,99952.67816051048,49.99794435220007,52.3351397121211,52.351737813621455,,,,,,0.4067974654401223,-3.9062176162146125,508496.8318001529,1250000.0,5.000000000000001,5.000000000000001,101699.36636003056,50.07318247050576,101699.36636003056,50.07318247050576,51.925255156551756,51.901324323093625,1.204402692595242,1.728319439838938,1.134582204581387,0.9262619127217622,1.7005834273164577,0.5561727433184486,-2.5479029867295577,695215.9291480607,1250000.0,5.000000000000001,5.000000000000001,139043.18582961214,51.43149709999082,139043.18582961214,51.43149709999082,43.10894964307581,43.124791604531154,0.6957617814284287,0.3707279720499604,1.134582204581387,0.9262619127217622,1.7005834273164577,0.8549217824110329,-0.6807361746033949,1068652.2280137911,1250000.0,5.000000000000001,5.000000000000001,213730.44560275818,53.29866391211698,213730.44560275818,53.29866391211698,22.74842449265034,23.191822607800155,0.3151753939545818,0.3707279720499604,0.4057641035935354,0.2799849508053819,0.3793901967192848,0.9727806761280876,-0.11985065059718408,1215975.8451601095,1250000.0,5.000000000000001,5.000000000000001,243195.16903202186,53.85954943612319,243195.16903202186,53.85954943612319,9.493256719517408,10.400596207693313,0.12683927266425923,0.17477161047763973,0.13656980954607573,,
4,0,0.2,4,0.41812877918894414,-3.7868993957034442,522660.9739861802,1250000.0,5.000000000000001,5.000000000000001,104532.19479723602,50.19250069101693,104532.19479723602,50.19250069101693,51.27000488616606,51.26153948875009,,,,,,0.4016322941601494,-3.961713740212234,502040.36770018673,1250000.0,5.000000000000001,5.000000000000001,100408.07354003732,50.01768634650814,100408.07354003732,50.01768634650814,52.25095266484276,52.24761046250302,1.1931554279464907,1.732779984408424,1.1122194831198766,0.8555747356744356,1.5978919778555087,0.5637856984225676,-2.4888594509254576,704732.1230282095,1250000.0,5.000000000000001,5.000000000000001,140946.4246056419,51.490540635794915,140946.4246056419,51.490540635794915,42.689510118891306,42.72754280289561,0.6899101924310483,0.36398100153993596,1.1122194831198766,0.8555747356744356,1.5978919778555087,0.8609991852415476,-0.6499725951645834,1076248.9815519345,1250000.0,5.000000000000001,5.000000000000001,215249.79631038685,53.32942749155579,215249.79631038685,53.32942749155579,22.238634521384373,22.635978883345015,0.30769547703940153,0.36398100153993596,0.38437839546826424,0.2518136564796334,0.34619985970541267,0.9684752491535409,-0.13911473853898687,1210594.061441926,1250000.0,5.000000000000001,5.000000000000001,242118.81228838518,53.84028534818139,242118.81228838518,53.84028534818139,10.185144223014484,10.784108716228662,0.13188985249755983,0.1738752545072537,0.14713374721820927,,
5,0,0.25,5,0.3969024059069955,-4.013162685179682,496128.00738374435,1250000.0,5.000000000000001,5.000000000000001,99225.60147674885,49.966237401540695,99225.60147674885,49.966237401540695,52.50299261715694,52.51856918879982,,,,,,0.41755480917491156,-3.7928650997699025,521943.5114686394,1250000.0,5.000000000000001,5.000000000000001,104388.70229372787,50.18653498695048,104388.70229372787,50.18653498695048,51.306592875937135,51.28042089426225,1.195709742658335,1.7145450485008005,1.0988761666122706,0.7984987951779535,1.5164649235536052,0.5665348829512259,-2.467733443940083,708168.6036890324,1250000.0,5.000000000000001,5.000000000000001,141633.72073780646,51.51166664278029,141633.72073780646,51.51166664278029,42.47824075588305,42.51694157693102,0.6849218972439086,0.3570895134224046,1.0988761666122706,0.7984987951779535,1.5164649235536052,0.8685472882214423,-0.6120653132793554,1085684.110276803,1250000.0,5.000000000000001,5.000000000000001,217136.82205536054,53.367334773441016,217136.82205536054,53.367334773441016,21.579405329923354,21.965329838187063,0.29827946401254246,0.3570895134224046,0.36559310629962505,0.22673085922640132,0.316579487916608,0.9672394668489757,-0.14465991008914109,1209049.3335612195,1250000.0,5.000000000000001,5.000000000000001,241809.86671224385,53.83474017663123,241809.86671224385,53.83474017663123,10.368699827329555,10.823510659627177,0.1325537191572608,0.17143949836656236,0.1501558525835956,,
6,0,0.30000000000000004,6,0.41465858181047377,-3.8230934199185955,518323.2272630922,1250000.0,5.000000000000001,5.000000000000001,103664.64545261842,50.156306666801775,103664.64545261842,50.156306666801775,51.482808486269406,51.458851550582494,,,,,,0.4173663621376146,-3.794825560532688,521707.9526720182,1250000.0,5.000000000000001,5.000000000000001,104341.59053440363,50.18457452618769,104341.59053440363,50.18457452618769,51.326235665410366,51.30913494218729,1.1684858692543993,1.7189124755852223,1.0846048212004882,0.7494680139100076,1.4337097685500808,0.576615515640926,-2.391136757414665,720769.3945511575,1250000.0,5.000000000000001,5.000000000000001,144153.87891023146,51.58826332930572,144153.87891023146,51.58826332930572,41.86599268867268,41.911355632901746,0.6721698446986564,0.3511331854589223,1.0846048212004882,0.7494680139100076,1.4337097685500808,0.8754284140432839,-0.577793614675449,1094285.5175541048,1250000.0,5.000000000000001,5.000000000000001,218857.10351082092,53.401606472044925,218857.10351082092,53.401606472044925,20.96363564652442,21.311659526181963,0.28882531760384234,0.3511331854589223,0.34937525546326753,0.20584897142537115,0.29162807264026136,0.9695396161681603,-0.1343444060104206,1211924.5202102005,1250000.0,5.000000000000001,5.000000000000001,242384.90404204006,53.845055680709955,242384.90404204006,53.845055680709955,10.019635605108835,11.812668589225044,0.14714710870805464,0.17310614715043635,0.1683200572569708,,
7,0,0.35000000000000003,7,0.3979607447008927,-4.001597651137365,497450.9308761159,1250000.0,5.000000000000001,5.000000000000001,99490.18617522316,49.977802435583015,99490.18617522316,49.977802435583015,52.45095428505708,52.50941468328322,,,,,,0.40947022580205256,-3.8777767202318163,511837.78225256567,1250000.0,5.000000000000001,5.000000000000001,102367.55645051312,50.10162336648855,102367.55645051312,50.10162336648855,51.77325934718529,51.78333725462195,1.1880707013332958,1.7360650395847461,1.0658276906932913,0.7028750238919151,1.3562324579467204,0.5872023271923998,-2.312122318985002,734002.9089904998,1250000.0,5.000000000000001,5.000000000000001,146800.58179809994,51.66727776773538,146800.58179809994,51.66727776773538,41.26038544116187,41.30528921284703,0.6543672322937883,0.3449150960331605,1.0658276906932913,0.7028750238919151,1.3562324579467204,0.8827397572230572,-0.5416731302548684,1103424.6965288215,1250000.0,5.000000000000001,5.000000000000001,220684.93930576424,53.437726956465504,220684.93930576424,53.437726956465504,20.298986666604073,20.6513854244512,0.2796291056761734,0.3449150960331605,0.3339499806563727,0.1871043703505956,0.26948187661577183,0.9745958351977905,-0.11175448848919294,1218244.7939972382,1250000.0,5.000000000000001,5.000000000000001,243648.9587994476,53.86764559823118,243648.9587994476,53.86764559823118,9.190517873041442,10.190097254427311,0.12371607012170105,0.1728356658499869,0.11807891832235287,,
8,0,0.4,8,0.41148452043033157,-3.8564649779833977,514355.6505379145,1250000.0,5.000000000000001,5.000000000000001,102871.13010758288,50.122935108736975,102871.13010758288,50.122935108736975,51.675956793237084,51.662547545638475,,,,,,0.41835894467946955,-3.7845094119145566,522948.6808493369,1250000.0,5.000000000000001,5.000000000000001,104589.73616986736,50.19489067480582,104589.73616986736,50.19489067480582,51.24443944839876,51.22568140783441,1.189931179157911,1.7368366386979628,1.0490396481152433,0.6625555087742955,1.2873939277913646,0.5982494930890678,-2.2311766070234604,747811.8663613348,1250000.0,5.000000000000001,5.000000000000001,149562.37327226694,51.74822347969691,149562.37327226694,51.74822347969691,40.59353716309285,40.62729334229433,0.6412459806174852,0.3408465775586165,1.0490396481152433,0.6625555087742955,1.2873939277913646,0.8874068361406945,-0.518772300179926,1109258.545175868,1250000.0,5.000000000000001,5.000000000000001,221851.70903517358,53.46062778654045,221851.70903517358,53.46062778654045,19.855059299675467,20.225560198765695,0.2728363961191379,0.3408465775586165,0.32006491043810714,0.1709203864715519,0.2506314981732248,0.9677603962740527,-0.14232154527011237,1209700.495342566,1250000.0,5.000000000000001,5.000000000000001,241940.09906851314,53.83707854145026,241940.09906851314,53.83707854145026,10.279250421073444,10.697976931069528,0.13222606971720544,0.1721206782424012,0.17586640842394496,,
9,0,0.45,9,0.41134076417597026,-3.857982494516042,514175.9552199628,1250000.0,5.000000000000001,5.000000000000001,102835.19104399254,50.12141759220433,102835.19104399254,50.12141759220433,51.70563884695889,51.69607378556243,,,,,,0.4156836210792198,-3.8123708738950928,519604.52634902473,1250000.0,5.000000000000001,5.000000000000001,103920.90526980493,50.167029212825284,103920.90526980493,50.167029212825284,51.41621784026584,51.444163096684846,1.15870753173295,1.7457318171363922,1.029073366853785,0.6247312250614092,1.2227681899840186,0.6088307104371978,-2.1550344914644133,761038.3880464972,1250000.0,5.000000000000001,5.000000000000001,152207.67760929943,51.82436559525597,152207.67760929943,51.82436559525597,39.951209700672905,39.99714137989907,0.6264909686570214,0.3352921886858938,1.029073366853785,0.6247312250614092,1.2227681899840186,0.8936283046868775,-0.48843083877850135,1117035.3808585969,1250000.0,5.000000000000001,5.000000000000001,223407.07617171932,53.49096924794188,223407.07617171932,53.49096924794188,19.260894716532395,19.639352699768644,0.26463407183116794,0.3352921886858938,0.30685378024029275,0.1560352521028655,0.23266023995886426,0.9626840434230253,-0.16516226596344205,1203355.0542787816,1250000.0,5.000000000000001,5.000000000000001,240671.0108557563,53.81423782075693,240671.0108557563,53.81423782075693,11.076194698408635,11.565303989557302,0.14504954239845608,0.17416511457714795,0.18591447863684563,,
10,0,0.5,10,0.39868574801081463,-3.993692889698816,498357.1850135183,1250000.0,5.000000000000001,5.000000000000001,99671.43700270365,49.985707197021554,99671.43700270365,49.985707197021554,52.42758139642668,52.42763323061947,,,,,,0.4145397334765906,-3.824338361568638,518174.66684573825,1250000.0,5.000000000000001,5.000000000000001,103634.93336914763,50.15506172515174,103634.93336914763,50.15506172515174,51.48523546997308,51.46838188434557,1.1538855764829592,1.7353027077164982,1.0110819702651797,0.593109059087993,1.163013657277364,0.6136350984915515,-2.120898077206443,767043.8731144394,1250000.0,5.000000000000001,5.000000000000001,153408.77462288787,51.858502009513934,153408.77462288787,51.858502009513934,39.65339538467728,39.72278563163397,0.6185962691253609,0.3288929104525745,1.0110819702651797,0.593109059087993,1.163013657277364,0.8988415036105348,-0.4631688243349995,1123551.8795131685,1250000.0,5.000000000000001,5.000000000000001,224710.37590263365,53.516231262385375,224710.37590263365,53.516231262385375,18.770406915950538,19.12854159973377,0.2567817701429654,0.3288929104525745,0.2949067967259598,0.143091875253477,0.2169871649915848,0.9693326148461777,-0.1352717443959754,1211665.7685577222,1250000.0,5.000000000000001,5.000000000000001,242333.1537115444,53.844128342324396,242333.1537115444,53.844128342324396,10.06316819601913,11.112829874537601,0.13796865984707413,0.1721715471268589,0.16675527652652974,,
11,0,0.55,11,0.4079058556791428,-3.894400601379537,509882.31959892844,1250000.0,5.000000000000001,5.000000000000001,101976.46391978567,50.08499948534084,101976.46391978567,50.08499948534084,51.8875274954309,51.893350997465326,,,,,,0.40807117038068996,-3.89264086400094,510088.96297586244,1250000.0,5.000000000000001,5.000000000000001,102017.79259517248,50.08675922271944,102017.79259517248,50.08675922271944,51.897652083037045,51.88296858064721,1.1683283606210602,1.7255948836952713,0.9972861949286912,0.5679812161430712,1.1091539644358417,0.6187953024417745,-2.084529918882478,773494.1280522181,1250000.0,5.000000000000001,5.000000000000001,154698.8256104436,51.8948701678379,154698.8256104436,51.8948701678379,39.38287682474275,39.49937877688816,0.61109783156849,0.3248114269410468,0.9972861949286912,0.5679812161430712,1.1091539644358417,0.9026954858978575,-0.4445872930779109,1128369.357372322,1250000.0,5.000000000000001,5.000000000000001,225673.87147446434,53.534812793642466,225673.87147446434,53.534812793642466,18.388285420835068,18.77087824099494,0.25191698826399317,0.3248114269410468,0.2846442079517681,0.13215695469653574,0.20381012645508229,0.9705215266945397,-0.12994827281317148,1213151.9083681747,1250000.0,5.000000000000001,5.000000000000001,242630.3816736349,53.8494518139072,242630.3816736349,53.8494518139072,9.871606924161883,10.435483979294325,0.12795147663921538,0.1740967323697713,0.13821682619377965,,
12,0,0.6000000000000001,12,0.4113864370513017,-3.857500306064758,514233.0463141271,1250000.0,5.000000000000001,5.000000000000001,102846.6092628254,50.121899780655625,102846.6092628254,50.121899780655625,51.643852328273624,51.651153389550664,,,,,,0.4103414025066556,-3.8685466150485883,512926.75313331943,1250000.0,5.000000000000001,5.000000000000001,102585.35062666387,50.11085347167179,102585.35062666387,50.11085347167179,51.73474569188693,51.72678790568608,1.145622517500483,1.7124446581533281,0.9774823331110063,0.5428772522007493,1.0561112256459164,0.6207508520478366,-2.0708267565673304,775938.5650597959,1250000.0,5.000000000000001,5.000000000000001,155187.71301195913,51.90857333015305,155187.71301195913,51.90857333015305,39.25545908237898,39.314428470177965,0.6017405697722829,0.3204481052701782,0.9774823331110063,0.5428772522007493,1.0561112256459164,0.9059869720572992,-0.4287804736105185,1132483.715071624,1250000.0,5.000000000000001,5.000000000000001,226496.74301432475,53.55061961310986,226496.74301432475,53.55061961310986,18.051862581209054,18.45325521080473,0.24741485764697174,0.3204481052701782,0.2750911949763849,0.12227394899530955,0.19178855487712881,0.9622226082696902,-0.167244431813012,1202778.2603371127,1250000.0,5.000000000000001,5.000000000000001,240555.6520674225,53.81215565490736,240555.6520674225,53.81215565490736,10.97923937996137,12.060251735452335,0.15137470252409924,0.17343671252558715,0.1876600958134316,,
13,0,0.65,13,0.41706355982377574,-3.797977541935059,521329.4497797197,1250000.0,5.000000000000001,5.000000000000001,104265.88995594392,50.18142254478532,104265.88995594392,50.18142254478532,51.32428299722294,51.313591359364594,,,,,,0.40954174357625556,-3.877018250858118,511927.1794703194,1250000.0,5.000000000000001,5.000000000000001,102385.43589406386,50.10238183586225,102385.43589406386,50.10238183586225,51.76470312273254,51.730428562135515,1.1387982924688778,1.7324679211596223,0.9686010352114449,0.5250247717251977,1.014159331365973,0.6297818190912481,-2.0080988098483075,787227.2738640601,1250000.0,5.000000000000001,5.000000000000001,157445.454772812,51.97130127687207,157445.454772812,51.97130127687207,38.66544769850681,38.71627911656999,0.5917272079647018,0.3162219764427866,0.9686010352114449,0.5250247717251977,1.014159331365973,0.9092030732781392,-0.413391049471972,1136503.841597674,1250000.0,5.000000000000001,5.000000000000001,227300.76831953475,53.5660090372484,227300.76831953475,53.5660090372484,17.720140649736294,18.12939651710477,0.2425479749999829,0.3162219764427866,0.26683815142517087,0.11385224764099541,0.18124739517074023,0.971894619031698,-0.12380822372211582,1214868.2737896226,1250000.0,5.000000000000001,5.000000000000001,242973.65475792447,53.85559186299826,242973.65475792447,53.85559186299826,9.655528469655412,9.835305677722253,0.11610425737795975,0.17223678591251385,0.10240207154899131,,
14,0,0.7000000000000001,14,0.4023903686918771,-3.9535242276830522,502987.9608648464,1250000.0,5.000000000000001,5.000000000000001,100597.59217296926,50.02587585903732,100597.59217296926,50.02587585903732,52.16823479199189,52.201224433750966,,,,,,0.41233778558709683,-3.8474686573208805,515422.231983871,1250000.0,5.000000000000001,5.000000000000001,103084.44639677419,50.1319314293995,103084.44639677419,50.1319314293995,51.59166604252467,51.58781777740645,1.1570468196352128,1.738829634676596,0.9603328594705018,0.5094562958855562,0.9754797625699199,0.6310726800209769,-1.9992062060632998,788840.8500262211,1250000.0,5.000000000000001,5.000000000000001,157768.1700052442,51.98019388065708,157768.1700052442,51.98019388065708,38.62843558442818,38.647513567257,0.5881123397402721,0.3129611400054831,0.9603328594705018,0.5094562958855562,0.9754797625699199,0.9123382263688365,-0.39844128103159154,1140422.7829610456,1250000.0,5.000000000000001,5.000000000000001,228084.5565922091,53.58095880568879,228084.5565922091,53.58095880568879,17.392779809384248,17.782665454268425,0.23759384535889044,0.3129611400054831,0.25967062950724484,0.1063017854147779,0.17193692334309157,0.9714936239127766,-0.12560045407569012,1214367.0298909708,1250000.0,5.000000000000001,5.000000000000001,242873.40597819412,53.85379963264469,242873.40597819412,53.85379963264469,9.711196702530476,11.218751664670544,0.14018554512497206,0.1738952096790037,0.16625306028518697,,
15,0,0.75,15,0.4084235220777412,-3.8888925381727093,510529.4025971765,1250000.0,5.000000000000001,5.000000000000001,102105.88051943528,50.09050754854766,102105.88051943528,50.09050754854766,51.837331851773456,51.84112580222543,,,,,,0.419048542815107,-3.777356652064452,523810.67851888377,1250000.0,5.000000000000001,5.000000000000001,104762.13570377673,50.20204343465593,104762.13570377673,50.20204343465593,51.19966303559512,51.23319727055657,1.135103534735115,1.738777171302154,0.9502756912232293,0.4949754728877302,0.9387226085940421,0.6365853129597288,-1.9614338546701982,795731.641199661,1250000.0,5.000000000000001,5.000000000000001,159146.32823993216,52.017966232050185,159146.32823993216,52.017966232050185,38.24817055079866,38.305485399180675,0.5848426625174078,0.308675292439216,0.9502756912232293,0.4949754728877302,0.9387226085940421,0.9149407344263215,-0.3860703658405879,1143675.9180329018,1250000.0,5.000000000000001,5.000000000000001,228735.18360658034,53.59332972087978,228735.18360658034,53.59332972087978,17.11631760446864,17.51795460802132,0.2341461126982059,0.308675292439216,0.2533718339429647,0.09975386629517691,0.16413932941509773,0.9636153729453971,-0.16096280143079092,1204519.2161817465,1250000.0,5.000000000000001,5.000000000000001,240903.84323634926,53.81843728528959,240903.84323634926,53.81843728528959,10.805410472652573,11.453381442164694,0.14350748628395552,0.17255180318248603,0.181880897218182,,
16,0,0.8,16,0.4104702978976639,-3.8671826345524463,513087.87237207993,1250000.0,5.000000000000001,5.000000000000001,102617.57447441597,50.11221745216793,102617.57447441597,50.11221745216793,51.68660245038687,51.66541200143797,,,,,,0.4085935522665789,-3.8870849095158784,510741.9403332236,1250000.0,5.000000000000001,5.000000000000001,102148.38806664471,50.0923151772045,102148.38806664471,50.0923151772045,51.80576143974535,51.80549508618234,1.1370213321961289,1.7195717948144178,0.9488122137096461,0.4843467464767125,0.9102350690641072,0.6402119873705007,-1.9367619835789478,800264.9842131258,1250000.0,5.000000000000001,5.000000000000001,160052.9968426251,52.04263810314143,160052.9968426251,52.04263810314143,38.040196849637624,38.12438663707397,0.5796726289071505,0.30554364493272657,0.9488122137096461,0.4843467464767125,0.9102350690641072,0.9189223309928697,-0.3672119443182551,1148652.913741087,1250000.0,5.000000000000001,5.000000000000001,229730.58274821736,53.61218814240212,229730.58274821736,53.61218814240212,16.695113441395996,17.09634182836049,0.22798635086443286,0.30554364493272657,0.24901981358909814,0.09444687040433523,0.15776753811090627,0.970116285581114,-0.1317620474479432,1212645.3569763924,1250000.0,5.000000000000001,5.000000000000001,242529.07139527844,53.84763803927243,242529.07139527844,53.84763803927243,9.96208355428676,11.143833051129437,0.13826593879457377,0.1733333059286718,0.1661592364214278,,
17,0,0.8500000000000001,17,0.40453821129785317,-3.930404501406387,505672.76412231644,1250000.0,5.000000000000001,5.000000000000001,101134.55282446327,50.04899558531399,101134.55282446327,50.04899558531399,52.06442946115045,52.05466775601748,,,,,,0.4118189120720695,-3.852937130362367,514773.64009008685,1250000.0,5.000000000000001,5.000000000000001,102954.72801801735,50.126462956358004,102954.72801801735,50.126462956358004,51.63657411618878,51.63196418739069,1.1488166916941536,1.73603331483073,0.9370815545696114,0.4726579728951501,0.8766730430372649,0.6451427023273325,-1.9034421097938523,806428.3779091656,1250000.0,5.000000000000001,5.000000000000001,161285.6755818331,52.07595797692652,161285.6755818331,52.07595797692652,37.7122679771375,37.82473314178734,0.5734001548021324,0.30239182566271544,0.9370815545696114,0.4726579728951501,0.8766730430372649,0.9198976388958817,-0.36260495845676866,1149872.0486198522,1250000.0,5.000000000000001,5.000000000000001,229974.4097239704,53.616795128263604,229974.4097239704,53.616795128263604,16.57987724836031,17.012558814955145,0.22694645554381165,0.30239182566271544,0.2445318260673484,0.08945069060870325,0.15122571304144253,0.971016290529936,-0.127734839664429,1213770.36316242,1250000.0,5.000000000000001,5.000000000000001,242754.07263248396,53.85166524705595,242754.07263248396,53.85166524705595,9.784721418775504,10.881670591912336,0.13542991532080367,0.17280559350101451,0.13803590043155967,,
18,0,0.9,18,0.40433634028229154,-3.932572241008618,505420.42535286443,1250000.0,5.000000000000001,5.000000000000001,101084.08507057287,50.04682784571176,101084.08507057287,50.04682784571176,52.06026798725899,52.05124092876444,,,,,,0.4121489195715221,-3.849458343007857,515186.14946440264,1250000.0,5.000000000000001,5.000000000000001,103037.22989288051,50.129941743712514,103037.22989288051,50.129941743712514,51.63905492162096,51.62403870758832,1.127879905297161,1.7218067096618053,0.9242744214920773,0.4634855190617391,0.8422421730854317,0.6527256739861408,-1.8526930464549587,815907.092482676,1250000.0,5.000000000000001,5.000000000000001,163181.4184965352,52.12670704026542,163181.4184965352,52.12670704026542,37.205074787374244,37.27170595207512,0.5611636095827444,0.2988517353233814,0.9242744214920773,0.4634855190617391,0.8422421730854317,0.9221851171171809,-0.3518189101494089,1152731.396396476,1250000.0,5.000000000000001,5.000000000000001,230546.27927929518,53.62758117657097,230546.27927929518,53.62758117657097,16.32730795458547,16.776439295858474,0.2232883821802527,0.2988517353233814,0.2403448605427648,0.08493667481017288,0.14485674836014803,0.9716821252191028,-0.1247578635126658,1214602.6565238785,1250000.0,5.000000000000001,5.000000000000001,242920.53130477565,53.85464222320771,242920.53130477565,53.85464222320771,9.65987173867615,10.169284507354721,0.12493687005181957,0.17219951843559572,0.13391910182493777,,
19,0,0.9500000000000001,19,0.4129446429673408,-3.841081635134875,516180.803709176,1250000.0,5.000000000000001,5.000000000000001,103236.16074183519,50.1383184515855,103236.16074183519,50.1383184515855,51.57679970581868,51.5606548889236,,,,,,0.41334702352020714,-3.8368518534576257,516683.7794002589,1250000.0,5.000000000000001,5.000000000000001,103336.75588005176,50.14254823326275,103336.75588005176,50.14254823326275,51.56734078364542,51.54852585171138,1.140654996777477,1.735828954395971,0.9143216503034296,0.4565242245553239,0.8110258909127044,0.653334834700579,-1.8486418535079727,816668.5433757236,1250000.0,5.000000000000001,5.000000000000001,163333.7086751447,52.130758233212404,163333.7086751447,52.130758233212404,37.187141318311106,37.24170443050126,0.5566219139731408,0.2974227099046308,0.9143216503034296,0.4565242245553239,0.8110258909127044,0.9238657218840014,-0.34391146185265964,1154832.1523550018,1250000.0,5.000000000000001,5.000000000000001,230966.43047100032,53.63548862486772,230966.43047100032,53.63548862486772,16.14117166664792,16.578278324944602,0.22091403577628496,0.2974227099046308,0.23579469529194066,0.0805906659157514,0.13832666868270777,0.9723295597068643,-0.12186511098443123,1215411.9496335804,1250000.0,5.000000000000001,5.000000000000001,243082.38992671605,53.857534975735945,243082.38992671605,53.857534975735945,9.589495701348905,10.494913774363791,0.12798852900424534,0.17209474306369574,0.13639761681771295,,
20,0,1.0,20,0.4046919283546451,-3.9287545759507987,505864.91044330643,1250000.0,5.000000000000001,5.000000000000001,101172.98208866127,50.05064551076957,101172.98208866127,50.05064551076957,52.044486584205025,52.039350218839445,,,,,,0.4109371546107118,-3.8622459051490496,513671.44326338975,1250000.0,5.000000000000001,5.000000000000001,102734.28865267793,50.11715418157132,102734.28865267793,50.11715418157132,51.6938572861352,51.69380924438025,1.1360060762142972,1.7341775769739214,0.8999767793965464,0.44915107559754774,0.7803170075548606,0.6582708479966962,-1.815953775290788,822838.5599958703,1250000.0,5.000000000000001,5.000000000000001,164567.71199917403,52.16344631142959,164567.71199917403,52.16344631142959,36.878781027074425,36.920245741724855,0.5494670091095241,0.2941910635200383,0.8999767793965464,0.44915107559754774,0.7803170075548606,0.9258115968917472,-0.3347738346404301,1157264.496114684,1250000.0,5.000000000000001,5.000000000000001,231452.89922293677,53.644626252079945,231452.89922293677,53.644626252079945,15.927649662716556,16.38005686629327,0.2179553631373515,0.2941910635200383,0.2302233818705878,0.07654032464038181,0.1316728952225523,0.969677147313055,-0.13372839424172578,1212096.4341413188,1250000.0,5.000000000000001,5.000000000000001,242419.28682826372,53.84567169247865,242419.28682826372,53.84567169247865,10.03011276515469,11.214039512935999,0.13957238010353543,0.17225629968876238,0.15681267910501523,,
21,0,1.05,21,0.4052323082933568,-3.922959365739324,506540.38536669605,1250000.0,5.000000000000001,5.000000000000001,101308.0770733392,50.05644072098106,101308.0770733392,50.05644072098106,52.02432952731978,52.028439481940985,,,,,,0.4231693997039884,-3.734857446122576,528961.7496299855,1250000.0,5.000000000000001,5.000000000000001,105792.34992599708,50.2445426405978,105792.34992599708,50.2445426405978,51.00534621109477,51.004182974532625,1.11387490992196,1.7335004848423363,0.8939763224480339,0.44391854976871076,0.7563605802058195,0.6693697851880486,-1.743338952382639,836712.2314850606,1250000.0,5.000000000000001,5.000000000000001,167342.4462970121,52.23606113433774,167342.4462970121,52.23606113433774,36.14399469480183,36.186814459417455,0.541892319323589,0.2924088204194276,0.8939763224480339,0.44391854976871076,0.7563605802058195,0.9276087834174078,-0.32635147731708236,1159510.9792717597,1250000.0,5.000000000000001,5.000000000000001,231902.1958543519,53.653048609403285,231902.1958543519,53.653048609403285,15.729456783218163,16.177863811813673,0.21457975686922487,0.2924088204194276,0.22514189177426722,0.0726734350085451,0.1256625392893505,0.9699639019523213,-0.13244428078735254,1212454.8774404016,1250000.0,5.000000000000001,5.000000000000001,242490.97548808026,53.84695580593302,242490.97548808026,53.84695580593302,9.956630980015316,11.034038486473822,0.13549444283308854,0.1720483054815195,0.15499173901225116,,
22,0,1.1,22,0.4139220842215267,-3.8308140181938235,517402.6052769084,1250000.0,5.000000000000001,5.000000000000001,103480.52105538166,50.148586068526555,103480.52105538166,50.148586068526555,51.53003049422993,51.51434970358779,,,,,,0.4191633116754613,-3.7761673707916894,523954.1395943266,1250000.0,5.000000000000001,5.000000000000001,104790.82791886531,50.203232715928685,104790.82791886531,50.203232715928685,51.215908029853246,51.29426268338017,1.113198349265293,1.7453447535205755,0.8812369268056071,0.4391434830144325,0.728739606066998,0.6728526934972461,-1.720800047265243,841065.8668715575,1250000.0,5.000000000000001,5.000000000000001,168213.17337431147,52.25860003945513,168213.17337431147,52.25860003945513,35.914251258473065,35.9780754348739,0.5364063538777323,0.2879128512258095,0.8812369268056071,0.4391434830144325,0.728739606066998,0.9301669872184437,-0.3143907820149965,1162708.7340230546,1250000.0,5.000000000000001,5.000000000000001,232541.74680461088,53.66500930470538,232541.74680461088,53.66500930470538,15.439507405250154,15.903572041989218,0.21050965163974422,0.2879128512258095,0.2204207233937193,0.06927751173597335,0.12017393755745953,0.9692730307167007,-0.1355387100752332,1211591.2883958758,1250000.0,5.000000000000001,5.000000000000001,242318.25767917512,53.843861376645144,242318.25767917512,53.843861376645144,10.078199454384134,11.415670385674115,0.14222768976414038,0.17334812665518146,0.16579673352743074,,
23,0,1.1500000000000001,23,0.40776914715846546,-3.895856371300368,509711.4339480818,1250000.0,5.000000000000001,5.000000000000001,101942.28678961634,50.08354371542001,101942.28678961634,50.08354371542001,51.88450194327286,51.89276680416441,,,,,,0.4229616904502755,-3.736989668554523,528702.1130628444,1250000.0,5.000000000000001,5.000000000000001,105740.42261256886,50.242410418165846,105740.42261256886,50.242410418165846,50.94087831296822,50.911618674044576,1.1264213281283408,1.747983146941462,0.8736772840196757,0.43581514509661023,0.7051328500242902,0.6743629351698002,-1.7110630773917015,842953.6689622502,1250000.0,5.000000000000001,5.000000000000001,168590.73379245002,52.268337009328675,168590.73379245002,52.268337009328675,35.85836006818137,35.90698209918331,0.5317091267370865,0.28384289154435777,0.8736772840196757,0.43581514509661023,0.7051328500242902,0.931402594130463,-0.30862556810227043,1164253.2426630787,1250000.0,5.000000000000001,5.000000000000001,232850.6485326157,53.6707745186181,232850.6485326157,53.6707745186181,15.293338050433197,15.768768673601926,0.20788020669325405,0.28384289154435777,0.21645435617401726,0.06653932476107738,0.11560258741556644,0.9675595003125209,-0.14322318440478138,1209449.3753906512,1250000.0,5.000000000000001,5.000000000000001,241889.8750781302,53.83617690231559,241889.8750781302,53.83617690231559,10.349223990299127,12.040125550196231,0.15205226697853516,0.1745242569200003,0.16987569873114636,,
24,0,1.2000000000000002,24,0.41136520607610766,-3.8577244440643903,514206.5075951346,1250000.0,5.000000000000001,5.000000000000001,102841.3015190269,50.12167564265599,102841.3015190269,50.12167564265599,51.61377123793925,51.579378086872524,,,,,,0.4223559263955046,-3.7432140752417356,527944.9079943808,1250000.0,5.000000000000001,5.000000000000001,105588.98159887614,50.23618601147864,105588.98159887614,50.23618601147864,51.00275986880264,50.97972616834429,1.1270744159428023,1.728454974942181,0.8603975255652887,0.4327152267291884,0.6792657561279092,0.6799041970827179,-1.6755227789598983,849880.2463533974,1250000.0,5.000000000000001,5.000000000000001,169976.04927067945,52.30387730776048,169976.04927067945,52.30387730776048,35.49911240606123,35.52111226176338,0.5232959772201864,0.2827007777311562,0.8603975255652887,0.4327152267291884,0.6792657561279092,0.9318791505583195,-0.3064040486564177,1164848.9381978994,1250000.0,5.000000000000001,5.000000000000001,232969.78763957982,53.67299603806396,232969.78763957982,53.67299603806396,15.23932684029548,15.666421937755782,0.20621035533356,0.2827007777311562,0.2124564007854175,0.06427354077425271,0.11091661969327009,0.9692582844537014,-0.13560478298929213,1211572.8555671268,1250000.0,5.000000000000001,5.000000000000001,242314.5711134253,53.843795303731085,242314.5711134253,53.843795303731085,10.021695347851837,11.869512549573617,0.1494014599602872,0.17313983583350726,0.18172001668520993,,
25,0,1.25,25,0.41306053013053784,-3.8398630191390124,516325.6626631723,1250000.0,5.000000000000001,5.000000000000001,103265.13253263444,50.139537067581365,103265.13253263444,50.139537067581365,51.58073111252544,51.588701019464715,,,,,,0.4128086360579216,-3.8425122573872095,516010.79507240205,1250000.0,5.000000000000001,5.000000000000001,103202.15901448039,50.13688782933316,103202.15901448039,50.13688782933316,51.567658578215614,51.57695603575983,1.122105076079634,1.7433153767024514,0.851817642481498,0.4310332419460262,0.656296144475565,0.6879930023577283,-1.6241597899251201,859991.2529471604,1250000.0,5.000000000000001,5.000000000000001,171998.25058943205,52.35524029679525,171998.25058943205,52.35524029679525,34.95062640917705,34.979368159670784,0.5137176573975658,0.28009039687536236,0.851817642481498,0.4310332419460262,0.656296144475565,0.9345735058800185,-0.29386534902978756,1168216.8823500231,1250000.0,5.000000000000001,5.000000000000001,233643.3764700046,53.68553473769059,233643.3764700046,53.68553473769059,14.923031772663961,15.350338025153018,0.20133999254263696,0.28009039687536236,0.20817206252259632,0.06228318061003818,0.10600824868976821,0.9718776006985791,-0.12388427139982129,1214847.0008732239,1250000.0,5.000000000000001,5.000000000000001,242969.40017464475,53.85551581532056,242969.40017464475,53.85551581532056,9.65387387123249,9.949832428545914,0.1188526294128043,0.17309683537063064,0.13404629324277154,,
26,0,1.3,26,0.4073746584987576,-3.900059905947155,509218.323123447,1250000.0,5.000000000000001,5.000000000000001,101843.66462468938,50.07934018077322,101843.66462468938,50.07934018077322,51.882379616159085,51.84327072205834,,,,,,0.4237134602134915,-3.729277394363652,529641.8252668644,1250000.0,5.000000000000001,5.000000000000001,105928.36505337287,50.250122692356726,105928.36505337287,50.250122692356726,50.92238423069132,50.92208168559877,1.0950862919805673,1.718988475671091,0.8426232244800687,0.4298680397174281,0.6335748486601938,0.6983404395498015,-1.5593280807382046,872925.5494372519,1250000.0,5.000000000000001,5.000000000000001,174585.10988745035,52.42007200598217,174585.10988745035,52.42007200598217,34.27030509449514,34.29878319762173,0.5045678792778115,0.2769778755435638,0.8426232244800687,0.4298680397174281,0.6335748486601938,0.9367907802769635,-0.2835739216129432,1170988.4753462044,1250000.0,5.000000000000001,5.000000000000001,234197.69506924084,53.695826165107434,234197.69506924084,53.695826165107434,14.66309146943416,15.082657607632703,0.1980437209795156,0.2769778755435638,0.2046872462015031,0.0607086395475262,0.1015674417733412,0.9712333151443105,-0.12676428889096547,1214041.6439303881,1250000.0,5.000000000000001,5.000000000000001,242808.3287860776,53.85263579782941,242808.3287860776,53.85263579782941,9.754185128789603,10.619582786581173,0.13020100144051247,0.171520038448165,0.15265984000952776,,
27,0,1.35,27,0.4108784992124249,-3.8628658426188363,513598.12401553115,1250000.0,5.000000000000001,5.000000000000001,102719.62480310621,50.116534244101544,102719.62480310621,50.116534244101544,51.69166211663404,51.70862991658682,,,,,,0.4129112690189516,-3.8414326436200668,516139.08627368946,1250000.0,5.000000000000001,5.000000000000001,103227.81725473788,50.13796744310031,103227.81725473788,50.13796744310031,51.58784683614003,51.559022887411025,1.125713551972345,1.7322759589031977,0.8275903104944394,0.42812093011996916,0.6101344628455926,0.7016333687771186,-1.538897646660217,877041.7109713983,1250000.0,5.000000000000001,5.000000000000001,175408.34219427963,52.44050244006016,175408.34219427963,52.44050244006016,34.041082639817375,34.06518130858852,0.4974666703160868,0.2765297363352176,0.8275903104944394,0.42812093011996916,0.6101344628455926,0.9363697405128342,-0.28552629299033727,1170462.1756410426,1250000.0,5.000000000000001,5.000000000000001,234092.43512820848,53.693873793730035,234092.43512820848,53.693873793730035,14.711982802302604,15.099526484246136,0.1975895026510266,0.2765297363352176,0.2006781710952165,0.059235444745318236,0.09728321829981207,0.9645128586222333,-0.15691978085979924,1205641.0732777917,1250000.0,5.000000000000001,5.000000000000001,241128.21465555832,53.82248030586058,241128.21465555832,53.82248030586058,10.792818080785713,12.020613926971901,0.15250164747820563,0.17354287707401692,0.20023016623960252,,
28,0,1.4000000000000001,28,0.3974730773613331,-4.006922827292473,496841.34670166636,1250000.0,5.000000000000001,5.000000000000001,99368.26934033325,49.972477259427905,99368.26934033325,49.972477259427905,52.45130230338732,52.4470404077047,,,,,,0.4192183071700142,-3.775597600670035,524022.8839625177,1250000.0,5.000000000000001,5.000000000000001,104804.57679250353,50.203802486050336,104804.57679250353,50.203802486050336,51.19367888834063,51.15840823318883,1.0907738491301346,1.7286097214194025,0.8181396900088632,0.42724647731813087,0.5899236381673957,0.7067979314803545,-1.5070473017260557,883497.4143504432,1250000.0,5.000000000000001,5.000000000000001,176699.4828700886,52.47235278499432,176699.4828700886,52.47235278499432,33.679937529696716,33.69492603297401,0.48938125555480455,0.2748712272524646,0.8181396900088632,0.42724647731813087,0.5899236381673957,0.9374728285008235,-0.28041310910287565,1171841.0356260294,1250000.0,5.000000000000001,5.000000000000001,234368.20712520584,53.698986977617494,234368.20712520584,53.698986977617494,14.575619562638897,14.941660466492241,0.19525615785659053,0.2748712272524646,0.1966394713057809,0.058009804887838676,0.09324591625667876,0.9673511580297842,-0.1441584410658499,1209188.9475372303,1250000.0,5.000000000000001,5.000000000000001,241837.78950744602,53.83524164565452,241837.78950744602,53.83524164565452,10.358887680182534,10.903191936732796,0.1338526170881072,0.17286621069620883,0.1733897616305755,,
29,0,1.4500000000000002,29,0.41473634675978543,-3.8222790216794182,518420.4334497318,1250000.0,5.000000000000001,5.000000000000001,103684.08668994634,50.15712106504096,103684.08668994634,50.15712106504096,51.42872479620306,51.4351887845249,,,,,,0.4174505810482743,-3.793949301166032,521813.2263103429,1250000.0,5.000000000000001,5.000000000000001,104362.64526206856,50.185450785554345,104362.64526206856,50.185450785554345,51.30463307203663,51.34360865981063,1.1148179520574883,1.7215712132975736,0.8158761968881288,0.4268828145141712,0.5741828724468732,0.7057416787339134,-1.5135423383460178,882177.0984173917,1250000.0,5.000000000000001,5.000000000000001,176435.4196834783,52.465857748374354,176435.4196834783,52.465857748374354,33.7375142354172,33.7474753096444,0.489275607295232,0.2715348528438043,0.8158761968881288,0.4268828145141712,0.5741828724468732,0.938181851495887,-0.2771297244559104,1172727.3143698587,1250000.0,5.000000000000001,5.000000000000001,234545.4628739717,53.702270362264464,234545.4628739717,53.702270362264464,14.491371522618655,14.841563103590328,0.1933497032756605,0.2715348528438043,0.19380001406574324,0.057148593350516794,0.08997733686082167,0.9687434478404027,-0.13791221854800506,1210929.3098005033,1250000.0,5.000000000000001,5.000000000000001,242185.86196010062,53.841487868172365,242185.86196010062,53.841487868172365,10.181566625195629,10.736614475286522,0.1330826590058475,0.17384958553913182,0.1517877111485964,,
30,1,1.5,0,0.4018760472949857,-3.959078779523171,502345.05911873217,1250000.0,5.000000000000001,5.000000000000001,100469.01182374642,50.0203213071972,100469.01182374642,50.0203213071972,52.22082454510148,52.22855837547638,,,,,,0.4156748878756666,-3.8124621168924704,519593.6098445832,1250000.0,5.000000000000001,5.000000000000001,103918.72196891662,50.1669379698279,103918.72196891662,50.1669379698279,51.42702492098654,51.41129909253933,1.113550777599834,1.7218984139569329,0.8109679690645699,0.4261546696542082,0.5589430616553039,0.7092876946033994,-1.4917757463927237,886609.6182542492,1250000.0,5.000000000000001,5.000000000000001,177321.9236508498,52.487624340327656,177321.9236508498,52.487624340327656,33.55004391791505,33.558943905895134,0.4872673153370489,0.2682457126719996,0.8109679690645699,0.4261546696542082,0.5589430616553039,0.939783862906564,-0.2697201654950282,1174729.828633205,1250000.0,5.000000000000001,5.000000000000001,234945.96572664098,53.709679921225344,234945.96572664098,53.709679921225344,14.300116465034119,14.66580398654386,0.19116990848386606,0.2682457126719996,0.19109194966534898,0.0564481337966667,0.08720331786345872,0.9726513821317205,-0.12042791742086686,1215814.2276646507,1250000.0,5.000000000000001,5.000000000000001,243162.84553293008,53.858972169299506,243162.84553293008,53.858972169299506,9.513025988194743,10.290347087484822,0.12454045974825749,0.1724328139517795,0.12951699379130813,,
31,1,1.55,1,0.40975314101549426,-3.8747770860439856,512191.4262693678,1250000.0,5.000000000000001,5.000000000000001,102438.28525387355,50.10462300067638,102438.28525387355,50.10462300067638,51.74849686609234,51.75256361755034,,,,,,0.41844041484432554,-3.7836637601404295,523050.51855540695,1250000.0,5.000000000000001,5.000000000000001,104610.10371108138,50.19573632657995,104610.10371108138,50.19573632657995,51.24069660079408,51.24937058136176,1.1006238192258788,1.7304376367727745,0.7996408781322742,0.42513168595879025,0.5419660804813553,0.7179790666372254,-1.4388821784192154,897473.8332965318,1250000.0,5.000000000000001,5.000000000000001,179494.76665930633,52.540517908301155,179494.76665930633,52.540517908301155,32.94815617270472,32.93772632871093,0.4784072385914241,0.26666918723156596,0.7996408781322742,0.42513168595879025,0.5419660804813553,0.9416550218981363,-0.261081731376409,1177068.7773726704,1250000.0,5.000000000000001,5.000000000000001,235413.75547453403,53.71831835534397,235413.75547453403,53.71831835534397,14.063711579231171,14.428699860663892,0.18814923867674332,0.26666918723156596,0.187782320420082,0.055667600222435075,0.08427948709160607,0.9695574871750474,-0.1342643555615394,1211946.8589688092,1250000.0,5.000000000000001,5.000000000000001,242389.37179376182,53.845135731158834,242389.37179376182,53.845135731158834,9.998859383822342,11.817096685811398,0.14968481887749158,0.17413499284871026,0.18761858807498386,,
32,1,1.6,2,0.406102293112423,-3.913645581995469,507627.8663905288,1250000.0,5.000000000000001,5.000000000000001,101525.57327810574,50.06575450472491,101525.57327810574,50.06575450472491,52.01432466696866,52.01285623432276,,,,,,0.4096515666024758,-3.875853799587179,512064.45825309475,1250000.0,5.000000000000001,5.000000000000001,102412.89165061893,50.1035462871332,102412.89165061893,50.1035462871332,51.783641930346974,51.746447329233845,1.10752149027178,1.728968249542401,0.7916876740846168,0.42462487737049814,0.5266328641538951,0.7199200071677161,-1.4271575686824196,899900.008959645,1250000.0,5.000000000000001,5.000000000000001,179980.00179192898,52.55224251803796,179980.00179192898,52.55224251803796,32.83382766107549,32.85036302285393,0.4751737643231341,0.26539980659770757,0.7916876740846168,0.42462487737049814,0.5266328641538951,0.9412987694011153,-0.2627250908277296,1176623.4617513942,1250000.0,5.000000000000001,5.000000000000001,235324.6923502788,53.716674995892646,235324.6923502788,53.716674995892646,14.106802343635945,14.437976204031921,0.18879787535884374,0.26539980659770757,0.18478540588256678,0.055041067733759295,0.0816361646505612,0.9667452643750655,-0.14687946651653805,1208431.5804688318,1250000.0,5.000000000000001,5.000000000000001,241686.31609376633,53.83252062020384,241686.31609376633,53.83252062020384,10.497103465979302,11.677427168468844,0.1458723595013598,0.17584046748246535,0.17294256875090838,,
33,1,1.6500000000000001,3,0.406741123166191,-3.906819164538148,508426.4039577387,1250000.0,5.000000000000001,5.000000000000001,101685.28079154773,50.072580922182226,101685.28079154773,50.072580922182226,51.94774231206429,51.95215024266527,,,,,,0.4164946679974552,-3.8039055409898297,520618.33499681903,1250000.0,5.000000000000001,5.000000000000001,104123.66699936379,50.175494545730544,104123.66699936379,50.175494545730544,51.39498121145084,51.40089203642789,1.096922493374148,1.7242566550090654,0.7826210214224701,0.42491119195562366,0.5088239833924451,0.724492315585534,-1.399662165647844,905615.3944819175,1250000.0,5.000000000000001,5.000000000000001,181123.07889638346,52.579737921072535,181123.07889638346,52.579737921072535,32.513805993914794,32.55088861143527,0.4706871178240677,0.2638856658774113,0.7826210214224701,0.42491119195562366,0.5088239833924451,0.943659309727472,-0.25184771179939797,1179574.13715934,1250000.0,5.000000000000001,5.000000000000001,235914.82743186798,53.727552374920975,235914.82743186798,53.727552374920975,13.809374682344071,14.152094320128962,0.18435003678286357,0.2638856658774113,0.1820837144188427,0.05468892589412665,0.07942771767440356,0.9658956615933992,-0.1506978460064712,1207369.576991749,1250000.0,5.000000000000001,5.000000000000001,241473.91539834975,53.8287022407139,241473.91539834975,53.8287022407139,10.454459815266267,10.812898355851233,0.13241035758402842,0.17293278020601263,0.152635816968077,,
34,1,1.7000000000000002,4,0.4128382803027709,-3.842200396912504,516047.8503784637,1250000.0,5.000000000000001,5.000000000000001,103209.57007569273,50.13719968980787,103209.57007569273,50.13719968980787,51.597732403963434,51.60029317888318,,,,,,0.41017453331958326,-3.8703130735652365,512718.16664947907,1250000.0,5.000000000000001,5.000000000000001,102543.63332989579,50.10908701315514,102543.63332989579,50.10908701315514,51.73874648384678,51.71156007707132,1.084995739090282,1.7131126492419315,0.7778625316761251,0.424483554305959,0.49698502684834384,0.7209940852614716,-1.4206829803901924,901242.6065768395,1250000.0,5.000000000000001,5.000000000000001,180248.52131536786,52.55871710633018,180248.52131536786,52.55871710633018,32.78060429183783,32.844191102439375,0.46994841628706113,0.2603249509233424,0.7778625316761251,0.424483554305959,0.49698502684834384,0.9442861737478394,-0.24896369213530473,1180357.7171847993,1250000.0,5.000000000000001,5.000000000000001,236071.54343695982,53.73043639458508,236071.54343695982,53.73043639458508,13.726411420902295,14.045091827498933,0.18276248660859132,0.2603249509233424,0.17942709697684953,0.05438891472519991,0.07742097803992311,0.9702087913066632,-0.13134794440243341,1212760.989133329,1250000.0,5.000000000000001,5.000000000000001,242552.19782666574,53.84805214231794,242552.19782666574,53.84805214231794,9.942424471542617,11.169457041798221,0.13808951096974864,0.17276803503288002,0.16289190946693435,,
35,1,1.75,5,0.40219135147529006,-3.955672724934825,502739.1893441126,1250000.0,5.000000000000001,5.000000000000001,100547.8378688225,50.02372736178555,100547.8378688225,50.02372736178555,52.22021543402875,52.19912297650969,,,,,,0.4305078670922378,-3.660189078490499,538134.8338652973,1250000.0,5.000000000000001,5.000000000000001,107626.96677305944,50.31921100822988,107626.96677305944,50.31921100822988,50.53857549130155,50.526263286227426,1.0806607628316138,1.7260168005972454,0.7732137679207505,0.4243561322381762,0.4845767509842229,0.7255544503276912,-1.393299897190067,906943.062909614,1250000.0,5.000000000000001,5.000000000000001,181388.61258192276,52.58610018953031,181388.61258192276,52.58610018953031,32.455164608537565,32.52394856420472,0.4670055326158907,0.2600890821921741,0.7732137679207505,0.4243561322381762,0.4845767509842229,0.9445777544487748,-0.24762286616514095,1180722.1930609685,1250000.0,5.000000000000001,5.000000000000001,236144.43861219365,53.73177722055523,236144.43861219365,53.73177722055523,13.689026345946555,14.01924318211822,0.182084912730886,0.2600890821921741,0.17732277126738896,0.05422721432375155,0.07554858027468925,0.9707033081254981,-0.12913490311799367,1213379.1351568727,1250000.0,5.000000000000001,5.000000000000001,242675.8270313745,53.85026518360238,242675.8270313745,53.85026518360238,9.849837629356346,10.357714172666666,0.12601849974024734,0.17278411313780556,0.12728773863643203,,
36,1,1.8,6,0.41254051979712314,-3.845333885442276,515675.6497464039,1250000.0,5.000000000000001,5.000000000000001,103135.12994928076,50.1340662012781,103135.12994928076,50.1340662012781,51.59104722523027,51.56001591507246,,,,,,0.4198757993602381,-3.768791563389426,524844.7492002976,1250000.0,5.000000000000001,5.000000000000001,104968.9498400595,50.21060852333095,104968.9498400595,50.21060852333095,51.144021493138595,51.14469858257299,1.0917952094826744,1.7438957463473401,0.7648175491460948,0.4243697559689408,0.4702785588795167,0.7298814040192612,-1.3674770120046,912351.7550240764,1250000.0,5.000000000000001,5.000000000000001,182470.35100481525,52.611923074715776,182470.35100481525,52.611923074715776,32.18211487597435,32.2253255825461,0.46256620563457423,0.2579911415870238,0.7648175491460948,0.4243697559689408,0.4702785588795167,0.9463040036430661,-0.2396932248267426,1182880.0045538326,1250000.0,5.000000000000001,5.000000000000001,236576.00091076648,53.73970686189363,236576.00091076648,53.73970686189363,13.470000111580433,13.804727078079646,0.1799061703045949,0.2579911415870238,0.17488067831917933,0.054247341791894256,0.07348261993057181,0.9705349597589673,-0.12988816218994378,1213168.6996987092,1250000.0,5.000000000000001,5.000000000000001,242633.7399397418,53.84951192453043,242633.7399397418,53.84951192453043,9.876811244680075,11.203074505145379,0.13850719371551254,0.17222982204856602,0.1590929879769,,
37,1,1.85,7,0.4043469435160068,-3.9324583540027804,505433.6793950085,1250000.0,5.000000000000001,5.000000000000001,101086.73587900167,50.04694173271759,101086.73587900167,50.04694173271759,52.08638496742016,52.09045181846341,,,,,,0.41955618698979485,-3.7720987019735204,524445.2337372436,1250000.0,5.000000000000001,5.000000000000001,104889.0467474487,50.207301384746856,104889.0467474487,50.207301384746856,51.153337390204584,51.193762246788495,1.0926886359339434,1.7284602886243718,0.761279222362445,0.4243502045118476,0.4591393755880415,0.7288489130487745,-1.3736248955541734,911061.1413109682,1250000.0,5.000000000000001,5.000000000000001,182212.22826219362,52.6057751911662,182212.22826219362,52.6057751911662,32.22638949310746,32.26279369014436,0.4627107818803813,0.2552507295340113,0.761279222362445,0.4243502045118476,0.4591393755880415,0.9467849974443758,-0.2374863242730593,1183481.2468054697,1250000.0,5.000000000000001,5.000000000000001,236696.2493610939,53.74191376244732,236696.2493610939,53.74191376244732,13.410051263850566,13.726624007948269,0.1781032411700199,0.2552507295340113,0.17279969238863135,0.054418203611278804,0.07153765068976485,0.9696729200035619,-0.13374732735975436,1212091.1500044523,1250000.0,5.000000000000001,5.000000000000001,242418.2300008904,53.84565275936062,242418.2300008904,53.84565275936062,10.006952012452295,11.126330329552065,0.13873356998242253,0.17343671105472805,0.15707555344543378,,
38,1,1.9000000000000001,8,0.41147457771258866,-3.856569918009234,514343.22214073583,1250000.0,5.000000000000001,5.000000000000001,102868.64442814715,50.12283016871115,102868.64442814715,50.12283016871115,51.65109650669196,51.66541311236837,,,,,,0.4191022728568471,-3.7767998391320825,523877.8410710589,1250000.0,5.000000000000001,5.000000000000001,104775.56821421176,50.20260024758829,104775.56821421176,50.20260024758829,51.18644526959113,51.20278023302252,1.0986936940971948,1.7401835003615098,0.754197164063079,0.42441740993770427,0.44609039667083356,0.7311232879518504,-1.3600938260100586,913904.109939813,1250000.0,5.000000000000001,5.000000000000001,182780.82198796258,52.61930626071032,182780.82198796258,52.61930626071032,32.07987531529455,32.10425055254844,0.4599388669353555,0.2548017249193858,0.754197164063079,0.42441740993770427,0.44609039667083356,0.9461941670709751,-0.2401973354035664,1182742.708838719,1250000.0,5.000000000000001,5.000000000000001,236548.54176774374,53.73920275131681,236548.54176774374,53.73920275131681,13.484296243123278,13.792834950610438,0.17885997428600095,0.2548017249193858,0.17085893974306698,0.05473088552899643,0.0695788242581404,0.9663146621867293,-0.14881430728182787,1207893.3277334117,1250000.0,5.000000000000001,5.000000000000001,241578.66554668228,53.83058577943855,241578.66554668228,53.83058577943855,10.515932010326981,11.538567050461777,0.14445476718430927,0.17412919309292083,0.20345843118883486,,
39,1,1.9500000000000002,9,0.4070285490189272,-3.9037512825254073,508785.686273659,1250000.0,5.000000000000001,5.000000000000001,101757.13725473179,50.07564880419497,101757.13725473179,50.07564880419497,51.90209852437945,51.87216959028692,,,,,,0.42185440373407834,-3.748374129371768,527318.0046675979,1250000.0,5.000000000000001,5.000000000000001,105463.60093351957,50.23102595734861,105463.60093351957,50.23102595734861,51.07595779593814,51.06183414874393,1.0985898958290967,1.7271518847384577,0.7452092747593945,0.42435041516975697,0.43443449311537474,0.7361497752182252,-1.3303381618798098,920187.2190227816,1250000.0,5.000000000000001,5.000000000000001,184037.44380455627,52.64906192484056,184037.44380455627,52.64906192484056,31.702062139634403,31.711728225039458,0.45299507876071854,0.25533393320477293,0.7452092747593945,0.42435041516975697,0.43443449311537474,0.9476143943055739,-0.2336835094631551,1184517.9928819675,1250000.0,5.000000000000001,5.000000000000001,236903.59857639344,53.74571657725723,236903.59857639344,53.74571657725723,13.297389297654584,13.577716246604131,0.17561749875452665,0.25533393320477293,0.16872880563676954,0.055123774834858176,0.06765702722341677,0.9663750852939086,-0.1485427538980512,1207968.8566173858,1250000.0,5.000000000000001,5.000000000000001,241593.77132347712,53.830857332822326,241593.77132347712,53.830857332822326,10.487078969650245,11.962758748680006,0.14925538985973025,0.1738188454179568,0.1619059299562552,,
40,1,2.0,10,0.40652331398183394,-3.9091454270627333,508154.14247729245,1250000.0,5.000000000000001,5.000000000000001,101630.82849545847,50.07025465965764,101630.82849545847,50.07025465965764,51.98670726734629,51.9659420933145,,,,,,0.4203211985562439,-3.7641870615483395,525401.4981953049,1250000.0,5.000000000000001,5.000000000000001,105080.29963906096,50.215213025172034,105080.29963906096,50.215213025172034,51.129169951783126,51.098776116000884,1.0798980505160929,1.7259581543721443,0.7355189662547672,0.4243309306842959,0.4225883360361772,0.7410066151680768,-1.3017791493812279,926258.268960096,1250000.0,5.000000000000001,5.000000000000001,185251.65379201915,52.67762093733915,185251.65379201915,52.67762093733915,31.38942982182749,31.405600369938234,0.4469177530355582,0.2505671590627857,0.7355189662547672,0.4243309306842959,0.4225883360361772,0.9488946665596183,-0.22781994391316032,1186118.333199523,1250000.0,5.000000000000001,5.000000000000001,237223.66663990455,53.751580142807214,237223.66663990455,53.751580142807214,13.134017100064451,13.416818044092182,0.1735600919173193,0.2505671590627857,0.16622988969798186,0.05556843001116511,0.0656187602961993,0.9699283118399633,-0.1326036359236764,1212410.3897999541,1250000.0,5.000000000000001,5.000000000000001,242482.0779599908,53.8467964507967,242482.0779599908,53.8467964507967,9.960042356458803,11.282888722584488,0.14107239215092943,0.1729565740042559,0.151502312501106,,
41,1,2.0500000000000003,11,0.40488266704488507,-3.9267081490332516,506103.33380610636,1250000.0,5.000000000000001,5.000000000000001,101220.66676122125,50.05269193768712,101220.66676122125,50.05269193768712,52.08832499493769,52.091164762407516,,,,,,0.4152474973040402,-3.816929763607837,519059.37163005024,1250000.0,5.000000000000001,5.000000000000001,103811.87432601003,50.162470323112544,103811.87432601003,50.162470323112544,51.46074733671956,51.44629854089011,1.0866653725124054,1.7311006234468187,0.728216066795512,0.4243309306842959,0.4116948682511639,0.7458308747998191,-1.2735964232406851,932288.5934997739,1250000.0,5.000000000000001,5.000000000000001,186457.71869995474,52.705803663479685,186457.71869995474,52.705803663479685,31.049097629606173,31.076559571335622,0.4428323200085063,0.2502714411933596,0.728216066795512,0.4243309306842959,0.4116948682511639,0.9495441407626116,-0.2248484172838612,1186930.1759532646,1250000.0,5.000000000000001,5.000000000000001,237386.03519065288,53.754551669436516,237386.03519065288,53.754551669436516,13.042909220716396,13.289741812262694,0.17263149186777826,0.2502714411933596,0.1637634507373357,0.05606436938254729,0.0635935416651135,0.9708314105343293,-0.12856180835105546,1213539.2631679117,1250000.0,5.000000000000001,5.000000000000001,242707.85263358228,53.850838278369324,242707.85263358228,53.850838278369324,9.822401089563591,10.977217478130061,0.13609648644421551,0.1732131161338033,0.1427597153375091,,
42,1,2.1,12,0.4111027200842865,-3.860496496762598,513878.4001053581,1250000.0,5.000000000000001,5.000000000000001,102775.6800210716,50.118903589957775,102775.6800210716,50.118903589957775,51.64751721897902,51.636278108311146,,,,,,0.42237884906818096,-3.742978375456538,527973.5613352262,1250000.0,5.000000000000001,5.000000000000001,105594.71226704522,50.23642171126384,105594.71226704522,50.23642171126384,51.02825489120827,51.03872663201273,1.0863951704978876,1.7340887834025345,0.7241037401827889,0.4243543668430421,0.4033246462465894,0.7480443411615281,-1.260726580833757,935055.42645191,1250000.0,5.000000000000001,5.000000000000001,187011.08529038198,52.71867350588661,187011.08529038198,52.71867350588661,30.90404861623123,30.909292293445027,0.4387384851837381,0.24887640839597952,0.7241037401827889,0.4243543668430421,0.4033246462465894,0.9493525794729876,-0.2257246525253639,1186690.7243412344,1250000.0,5.000000000000001,5.000000000000001,237338.14486824683,53.75367543419501,237338.14486824683,53.75367543419501,13.066450359146591,13.328509135375498,0.17245467654558605,0.24887640839597952,0.16144041795192637,0.05661035164407415,0.061764493471323324,0.9635213677871081,-0.16138649654992648,1204401.709733885,1250000.0,5.000000000000001,5.000000000000001,240880.34194677696,53.81801359017045,240880.34194677696,53.81801359017045,10.970156122278464,12.316227772476573,0.15608126648979434,0.1731620662016356,0.20018875787496243,,
43,1,2.15,13,0.40717749642002743,-3.9021623226920674,508971.87052503426,1250000.0,5.000000000000001,5.000000000000001,101794.37410500683,50.077237764028304,101794.37410500683,50.077237764028304,51.89513975056576,51.866934578240965,,,,,,0.4189417069212311,-3.778464021498535,523677.1336515389,1250000.0,5.000000000000001,5.000000000000001,104735.42673030776,50.20093606522184,104735.42673030776,50.20093606522184,51.20949351915018,51.20563399098537,1.0791404796983397,1.731866305642772,0.7215686313815998,0.42427457188501305,0.3940072096634121,0.7458970176620683,-1.2732112929463992,932371.2720775853,1250000.0,5.000000000000001,5.000000000000001,186474.25441551703,52.706188793773975,186474.25441551703,52.706188793773975,31.06533875491407,31.11522513723632,0.4400062155954201,0.2473824803106912,0.7215686313815998,0.42427457188501305,0.3940072096634121,0.949610179235912,-0.22454638659307213,1187012.72404489,1250000.0,5.000000000000001,5.000000000000001,237402.54480897795,53.7548537001273,237402.54480897795,53.7548537001273,13.03000283421137,13.272203382105578,0.17187797819974474,0.2473824803106912,0.15930588009987562,0.05721455130422641,0.06009771510777211,0.9695574006326757,-0.13426474321133489,1211946.7507908447,1250000.0,5.000000000000001,5.000000000000001,242389.3501581689,53.84513534350904,242389.3501581689,53.84513534350904,10.045734939103692,10.853274796531652,0.1333749224266344,0.17315403667523696,0.1510414739696464,,
44,1,2.2,14,0.41476525773781564,-3.8219762886126722,518456.5721722695,1250000.0,5.000000000000001,5.000000000000001,103691.31443445389,50.1574237981077,103691.31443445389,50.1574237981077,51.45315602964765,51.463764510266365,,,,,,0.42863054658159083,-3.679168819663719,535788.1832269885,1250000.0,5.000000000000001,5.000000000000001,107157.63664539768,50.30023126705665,107157.63664539768,50.30023126705665,50.62216208713856,50.67074204103642,1.0731285568770277,1.7428591238589157,0.7119456186413575,0.42430932656514947,0.3837839162079558,0.7521968714149565,-1.2366847725507968,940246.0892686956,1250000.0,5.000000000000001,5.000000000000001,188049.21785373907,52.74271531416958,188049.21785373907,52.74271531416958,30.6253990685674,30.708549684582362,0.4331506755943728,0.24443446669205784,0.7119456186413575,0.42430932656514947,0.3837839162079558,0.9513964644630628,-0.21638466818824037,1189245.5805788285,1250000.0,5.000000000000001,5.000000000000001,237849.11611576565,53.763015418532135,237849.11611576565,53.763015418532135,12.797549475189347,13.030759651957599,0.1674839308707017,0.24443446669205784,0.15722156202719534,0.057859168689707065,0.05844557828464856,0.9726959854552402,-0.12022876556135557,1215869.9818190502,1250000.0,5.000000000000001,5.000000000000001,243173.99636381,53.859171321159025,243173.99636381,53.859171321159025,9.52036827551014,10.530420897052503,0.12976292167920148,0.17220512434906024,0.12474307209973916,,
45,1,2.25,15,0.40233091381407604,-3.9541659635476196,502913.64226759505,1250000.0,5.000000000000001,5.000000000000001,100582.728453519,50.02523412317275,100582.728453519,50.02523412317275,52.14851202416757,52.145939178778974,,,,,,0.4246453387988217,-3.7197363866990454,530806.6734985271,1250000.0,5.000000000000001,5.000000000000001,106161.33469970542,50.259663700021335,106161.33469970542,50.259663700021335,50.8931399256681,50.98016400785772,1.0755674658492471,1.7415621967806754,0.7044609971583162,0.42421305274997845,0.3737525385799243,0.7559918192249478,-1.2148290408171145,944989.7740311848,1250000.0,5.000000000000001,5.000000000000001,188997.95480623693,52.76457104590327,188997.95480623693,52.76457104590327,30.349777807390772,30.414688417789773,0.4293037907188153,0.24263314146212894,0.7044609971583162,0.42421305274997845,0.3737525385799243,0.9522508947007541,-0.212486106193208,1190313.6183759426,1250000.0,5.000000000000001,5.000000000000001,238062.72367518846,53.76691398052717,238062.72367518846,53.76691398052717,12.679283873490043,12.89426520915805,0.1653661999861232,0.24263314146212894,0.1549667201381342,0.05854626363795201,0.05685992176859733,0.9707591490471441,-0.12888507697222046,1213448.9363089302,1250000.0,5.000000000000001,5.000000000000001,242689.787261786,53.85051500974815,242689.787261786,53.85051500974815,9.850214111681447,10.986152462410192,0.13709195564188287,0.17591760492146608,0.1562825952797891,,
46,1,2.3000000000000003,16,0.4039047706257265,-3.9372101723310022,504880.96328215813,1250000.0,5.000000000000001,5.000000000000001,100976.19265643161,50.04218991438937,100976.19265643161,50.04218991438937,52.07739500095639,52.06026993108334,,,,,,0.41091533417199694,-3.8624765182154612,513644.16771499615,1250000.0,5.000000000000001,5.000000000000001,102728.83354299921,50.116923568504916,102728.83354299921,50.116923568504916,51.720262012274894,51.70079213345868,1.08695405366699,1.738361243304253,0.6997805317308957,0.42412413358859513,0.36534470424185,0.7562976125558803,-1.213072705617702,945372.0156948505,1250000.0,5.000000000000001,5.000000000000001,189074.40313897005,52.76632738110267,189074.40313897005,52.76632738110267,30.37020977630926,30.428869085181198,0.4286421297254221,0.24132763058998438,0.6997805317308957,0.42412413358859513,0.36534470424185,0.9517887936194539,-0.21459412899190794,1189735.9920243174,1250000.0,5.000000000000001,5.000000000000001,237947.19840486345,53.76480595772847,237947.19840486345,53.76480595772847,12.743464722126454,12.941976549558541,0.16585220464354464,0.24132763058998438,0.1527766634720173,0.05926728280053125,0.055471010222814664,0.9721067078719003,-0.1228606007749106,1215133.3848398754,1250000.0,5.000000000000001,5.000000000000001,243026.67696797504,53.85653948594546,243026.67696797504,53.85653948594546,9.63271610293391,10.779233496994154,0.1328625313237181,0.17317002960501043,0.1394964822462553,,
47,1,2.35,17,0.4092039149359976,-3.880602199575131,511504.89366999705,1250000.0,5.000000000000001,5.000000000000001,102300.97873399939,50.098797887145246,102300.97873399939,50.098797887145246,51.759604813048306,51.74341540104367,,,,,,0.4297372604658884,-3.6679698908273495,537171.5755823605,1250000.0,5.000000000000001,5.000000000000001,107434.31511647208,50.311430195893024,107434.31511647208,50.311430195893024,50.56505648355947,50.561211528527174,1.088019397934103,1.728721758177942,0.6952183997495627,0.4241551839492484,0.3580026529577011,0.759576474289685,-1.1942849475702317,949470.5928621063,1250000.0,5.000000000000001,5.000000000000001,189894.11857242123,52.78511513915014,189894.11857242123,52.78511513915014,30.11813621910423,30.167811021231536,0.4243622230040451,0.2407525542591626,0.6952183997495627,0.4241551839492484,0.3580026529577011,0.9522029478354194,-0.21270478368046172,1190253.6847942742,1250000.0,5.000000000000001,5.000000000000001,238050.7369588548,53.76669530303992,238050.7369588548,53.76669530303992,12.683500457359905,12.885322841826824,0.16484543134008636,0.2407525542591626,0.15115557817984404,0.06001713441541664,0.05429465467253699,0.9735178236899499,-0.11656092773295988,1216897.2796124374,1250000.0,5.000000000000001,5.000000000000001,243379.45592248742,53.86283915898741,243379.45592248742,53.86283915898741,9.372159440946756,10.902782723965844,0.13462213134969947,0.17168688404927668,0.14726612664895133,,
48,1,2.4000000000000004,18,0.3985189887826651,-3.995509803480322,498148.7359783314,1250000.0,5.000000000000001,5.000000000000001,99629.74719566626,49.98389028324006,99629.74719566626,49.98389028324006,52.42235205403607,52.41734998898494,,,,,,0.4093602729697468,-3.8789430643945866,511700.3412121835,1250000.0,5.000000000000001,5.000000000000001,102340.06824243668,50.100457022325784,102340.06824243668,50.100457022325784,51.793039561784305,51.81970048556044,1.095757928537441,1.7557883538247512,0.6889938465300995,0.42394800729622933,0.34926996044971814,0.7658140566166863,-1.1587666638342864,957267.5707708579,1250000.0,5.000000000000001,5.000000000000001,191453.51415417154,52.82063342288609,191453.51415417154,52.82063342288609,29.681572480269164,29.732055597394957,0.4173747024551447,0.23932690551530683,0.6889938465300995,0.42394800729622933,0.34926996044971814,0.9527382950220303,-0.21026378098770046,1190922.868777538,1250000.0,5.000000000000001,5.000000000000001,238184.57375550756,53.76913630573267,238184.57375550756,53.76913630573267,12.61088616485334,12.794538785383756,0.16369200423124114,0.23932690551530683,0.14982158525701167,0.06079276845392205,0.053229496630762096,0.965534672562323,-0.15232125994252793,1206918.3407029037,1250000.0,5.000000000000001,5.000000000000001,241383.6681405807,53.82707882677785,241383.6681405807,53.82707882677785,10.629888579710066,11.504670254599532,0.14343085958831842,0.17383454401163598,0.18076553500307962,,
49,1,2.45,19,0.4131660787016969,-3.838753416475857,516457.59837712115,1250000.0,5.000000000000001,5.000000000000001,103291.5196754242,50.14064667024452,103291.5196754242,50.14064667024452,51.57254612348443,51.6048840891748,,,,,,0.4217121220696102,-3.7498391505752027,527140.1525870127,1250000.0,5.000000000000001,5.000000000000001,105428.03051740253,50.22956093614518,105428.03051740253,50.22956093614518,51.010069076947644,50.99715430759399,1.0724603909794794,1.7285335882958779,0.6863786093220055,0.4238059877838796,0.34241594742601944,0.7662499419614671,-1.1562954536855696,957812.4274518338,1250000.0,5.000000000000001,5.000000000000001,191562.48549036673,52.82310463303481,191562.48549036673,52.82310463303481,29.654621689073345,29.689695344847358,0.4170234116795461,0.23965258473308423,0.6863786093220055,0.4238059877838796,0.34241594742601944,0.9525469965184897,-0.21113588014400095,1190683.7456481121,1250000.0,5.000000000000001,5.000000000000001,238136.7491296224,53.76826420657637,238136.7491296224,53.76826420657637,12.633032863392607,12.842466112101837,0.1641397142423824,0.23965258473308423,0.14894497638997473,0.061597416879550115,0.0524073845191819,0.9649948451138668,-0.15475006598779473,1206243.5563923335,1250000.0,5.000000000000001,5.000000000000001,241248.71127846665,53.82465002073258,241248.71127846665,53.82465002073258,10.693972862202578,11.293900101514271,0.1414810991851053,0.1747130902410856,0.16609871309731172,,
50,1,2.5,20,0.4091753352145503,-3.8809055311984992,511469.16901818785,1250000.0,5.000000000000001,5.000000000000001,102293.83380363755,50.09849455552188,102293.83380363755,50.09849455552188,51.76714976112343,51.75718451968173,,,,,,0.418394101226981,-3.7841444704381995,522992.62653372623,1250000.0,5.000000000000001,5.000000000000001,104598.52530674523,50.195255616282175,104598.52530674523,50.195255616282175,51.21917801175708,51.229486923573916,1.076377629988214,1.7367213359050573,0.6819324267429172,0.4235860704100395,0.33496899572648864,0.7684311489936074,-1.1439503896670027,960538.9362420093,1250000.0,5.000000000000001,5.000000000000001,192107.78724840182,52.83544969705338,192107.78724840182,52.83544969705338,29.485550557597758,29.5337221145382,0.41368836436445633,0.23590169961959914,0.6819324267429172,0.4235860704100395,0.33496899572648864,0.9538910646699955,-0.2050121933576675,1192363.8308374945,1250000.0,5.000000000000001,5.000000000000001,238472.76616749886,53.77438789336271,238472.76616749886,53.77438789336271,12.450171148305907,12.665639470171543,0.1621043850044717,0.23590169961959914,0.14806910727352407,0.06242167876151561,0.05155187227359363,0.964833137342716,-0.15547789036897736,1206041.421678395,1250000.0,5.000000000000001,5.000000000000001,241208.28433567897,53.8239221963514,241208.28433567897,53.8239221963514,10.702371340236027,11.432816231117648,0.14237440973025664,0.17440687786875436,0.1634423975887587,,
51,1,2.5500000000000003,21,0.39532647655504954,-4.0304409828871295,494158.09569381195,1250000.0,5.000000000000001,5.000000000000001,98831.61913876237,49.948959103833246,98831.61913876237,49.948959103833246,52.611155871094425,52.6296211050081,,,,,,0.4187295690662409,-3.780663698255649,523411.96133280115,1250000.0,5.000000000000001,5.000000000000001,104682.39226656021,50.198736388464724,104682.39226656021,50.198736388464724,51.216953909275105,51.20306441684113,1.0862101756869376,1.7361339771608986,0.6802504323764483,0.42327252996405085,0.32850340162449904,0.7673584095782067,-1.1500174303210533,959198.0119727583,1250000.0,5.000000000000001,5.000000000000001,191839.60239455162,52.82938265639932,191839.60239455162,52.82938265639932,29.573632376059162,29.627065179724912,0.4136185490450301,0.23687319156720096,0.6802504323764483,0.42327252996405085,0.32850340162449904,0.9526810378190596,-0.210524789017569,1190851.2972738245,1250000.0,5.000000000000001,5.000000000000001,238170.25945476486,53.768875297702806,238170.25945476486,53.768875297702806,12.6154192793479,12.819657119816487,0.1636519742060448,0.23687319156720096,0.1473650669487656,0.06326588448056653,0.05071010990996324,0.9719471042316139,-0.1235736981181246,1214933.8802895173,1250000.0,5.000000000000001,5.000000000000001,242986.77605790342,53.85582638860225,242986.77605790342,53.85582638860225,9.65214901518475,10.615015232486988,0.12866951840681654,0.17527688688020435,0.11593819248781476,,
52,1,2.6,22,0.40671099564076535,-3.9071408606220164,508388.7445509567,1250000.0,5.000000000000001,5.000000000000001,101677.74891019132,50.07225922609835,101677.74891019132,50.07225922609835,51.93695442285464,51.954883061604086,,,,,,0.41988311886585744,-3.768715855449163,524853.8985823218,1250000.0,5.000000000000001,5.000000000000001,104970.77971646434,50.210684231271216,104970.77971646434,50.210684231271216,51.194712275993,51.18366092683519,1.0845668214767217,1.7350876449743584,0.6770474240566149,0.4228863733935689,0.32159911033951094,0.7679532533715763,-1.1466521541205859,959941.5667144703,1250000.0,5.000000000000001,5.000000000000001,191988.31334289402,52.83274793259979,191988.31334289402,52.83274793259979,29.511105823902817,29.553816017284806,0.4119797198143013,0.23448846799410492,0.6770474240566149,0.4228863733935689,0.32159911033951094,0.954164293671697,-0.20376839455458579,1192705.3670896213,1250000.0,5.000000000000001,5.000000000000001,238541.0734179242,53.77563169216579,238541.0734179242,53.77563169216579,12.40763286992325,12.616317237550124,0.16017089010343374,0.23448846799410492,0.1467454712706318,0.06411194097421875,0.04986663434010026,0.9696502038326854,-0.13384906912254585,1212062.7547908567,1250000.0,5.000000000000001,5.000000000000001,242412.5509581713,53.84555101759783,242412.5509581713,53.84555101759783,10.006510643045294,10.71574474362301,0.1324437363166861,0.17453543065343777,0.17292808879910032,,
53,1,2.6500000000000004,23,0.4105179203481372,-3.866678798638146,513147.40043517156,1250000.0,5.000000000000001,5.000000000000001,102629.48008703429,50.11272128808223,102629.48008703429,50.11272128808223,51.75226822259301,51.759709333533905,,,,,,0.41597434595700605,-3.8093345243301973,519967.93244625756,1250000.0,5.000000000000001,5.000000000000001,103993.5864892515,50.17006556239018,103993.5864892515,50.17006556239018,51.37630083119914,51.35001356678684,1.0720900636852992,1.7169379359679908,0.6711824871485155,0.42253750807463497,0.31418093032934535,0.770575508083106,-1.1318479868844042,963219.3851038825,1250000.0,5.000000000000001,5.000000000000001,192643.87702077648,52.84755209983597,192643.87702077648,52.84755209983597,29.36093650302152,29.384774653842932,0.40919413252839354,0.23262342450578108,0.6711824871485155,0.42253750807463497,0.31418093032934535,0.9553800033897059,-0.19823852971433684,1194225.0042371324,1250000.0,5.000000000000001,5.000000000000001,238845.00084742645,53.78116155700604,238845.00084742645,53.78116155700604,12.248956339304248,12.45872328261818,0.1589056588356284,0.23262342450578108,0.14622382056149258,0.0649575651674643,0.04900459628722499,0.9707819090307335,-0.12878325542958147,1213477.3862884168,1250000.0,5.000000000000001,5.000000000000001,242695.47725768332,53.85061683129079,242695.47725768332,53.85061683129079,9.834313967665299,10.633192177607619,0.13066485189280524,0.17259630250532115,0.13876583330928172,,
54,1,2.7,24,0.4037071123588016,-3.9393359928680844,504633.890448502,1250000.0,5.000000000000001,5.000000000000001,100926.77808970038,50.040064093852294,100926.77808970038,50.040064093852294,52.1394560586477,52.12705974215108,,,,,,0.40581753998463965,-3.9166918610030823,507271.92498079955,1250000.0,5.000000000000001,5.000000000000001,101454.38499615989,50.062708225717294,101454.38499615989,50.062708225717294,51.98699279715406,51.98453072830954,1.0624643492709793,1.7349161067483891,0.6622048039927264,0.42194670608587287,0.3054909542398227,0.7777694813559741,-1.0914910199432977,972211.8516949676,1250000.0,5.000000000000001,5.000000000000001,194442.3703389935,52.88790906677708,194442.3703389935,52.88790906677708,28.843894079600346,28.85277940570912,0.40104559927165245,0.23172771178467771,0.6622048039927264,0.42194670608587287,0.3054909542398227,0.95563034350365,-0.19710068835326197,1194537.9293795624,1250000.0,5.000000000000001,5.000000000000001,238907.58587591242,53.782299398367115,238907.58587591242,53.782299398367115,12.209069975600455,12.412830586016826,0.15748209354769804,0.23172771178467771,0.14534995296089534,0.06580458565950807,0.0480440539829834,0.9663336080293512,-0.14872915909389586,1207917.010036689,1250000.0,5.000000000000001,5.000000000000001,241583.40200733775,53.83067092762648,241583.40200733775,53.83067092762648,10.525026634715415,12.243341200164682,0.15538852966185274,0.1736172823958212,0.16521647977664083,,
55,1,2.75,25,0.4099047471553287,-3.8731705203864397,512380.9339441609,1250000.0,5.000000000000001,5.000000000000001,102476.18678883216,50.10622956633394,102476.18678883216,50.10622956633394,51.76859364581985,51.75864876122593,,,,,,0.4264181014948556,-3.7016436774210932,533022.6268685695,1250000.0,5.000000000000001,5.000000000000001,106604.52537371388,50.27775640929928,106604.52537371388,50.27775640929928,50.7653595132501,50.73181093172961,1.0583857705923598,1.7294535321357418,0.6583866850773605,0.42183177899836927,0.2998241998177004,0.7810009376880805,-1.0734844469822509,976251.1721101006,1250000.0,5.000000000000001,5.000000000000001,195250.2344220201,52.905915639738126,195250.2344220201,52.905915639738126,28.589525176748793,28.60566296646048,0.39745669791145166,0.22926763872900602,0.6583866850773605,0.42183177899836927,0.2998241998177004,0.956718281485664,-0.1921592722637409,1195897.85185708,1250000.0,5.000000000000001,5.000000000000001,239179.57037141593,53.78724081445664,239179.57037141593,53.78724081445664,12.05665211272559,12.284432595690562,0.1558272573493332,0.22926763872900602,0.1445427875021238,0.06666400644470691,0.04719883636474918,0.9663907510171943,-0.14847235181363583,1207988.4387714928,1250000.0,5.000000000000001,5.000000000000001,241597.68775429853,53.83092773490674,241597.68775429853,53.83092773490674,10.493671009544519,11.876416052146064,0.15215262212320296,0.17376096740029123,0.17357590635454237,,
56,1,2.8000000000000003,26,0.40252138595847614,-3.952110406202827,503151.73244809516,1250000.0,5.000000000000001,5.000000000000001,100630.34648961901,50.02728968051755,100630.34648961901,50.02728968051755,52.206076762989525,52.20795028897004,,,,,,0.4244015580663504,-3.7222303038243982,530501.947582938,1250000.0,5.000000000000001,5.000000000000001,106100.38951658759,50.25716978289598,106100.38951658759,50.25716978289598,50.90007895392465,50.89051526312874,1.048049049668386,1.735215631096493,0.6559464919639508,0.42167892958719017,0.29468787576061706,0.779638401302998,-1.081067777339231,974548.0016287476,1250000.0,5.000000000000001,5.000000000000001,194909.6003257495,52.898332309381146,194909.6003257495,52.898332309381146,28.659252772113284,28.672637683198815,0.39981913314126133,0.22931396409407906,0.6559464919639508,0.42167892958719017,0.29468787576061706,0.9566611073273394,-0.1924188174602698,1195826.3841591743,1250000.0,5.000000000000001,5.000000000000001,239165.2768318348,53.7869812692601,239165.2768318348,53.7869812692601,12.064325762237804,12.264743013079803,0.15643288938139757,0.22931396409407906,0.1436376245045799,0.06755487796210739,0.04640638944268373,0.9662339114420515,-0.1491772435963105,1207792.3893025643,1250000.0,5.000000000000001,5.000000000000001,241558.47786051282,53.83022284312406,241558.47786051282,53.83022284312406,10.570668858262097,12.426534877812426,0.15483570920263534,0.1720298210526412,0.18402133025461961,,
57,1,2.85,27,0.41451134679509416,-3.8246357661419306,518139.1834938677,1250000.0,5.000000000000001,5.000000000000001,103627.83669877352,50.154764320578444,103627.83669877352,50.154764320578444,51.48066797179462,51.48316411905383,,,,,,0.43090869087929407,-3.656147466569151,538635.8635991176,1250000.0,5.000000000000001,5.000000000000001,107727.1727198235,50.32325262015122,107727.1727198235,50.32325262015122,50.51844026045957,50.521303941001975,1.0744225077774934,1.741666167982747,0.6513735614064966,0.4217083643749529,0.28943009391075486,0.7813577397861284,-1.0715008156018033,976697.1747326605,1250000.0,5.000000000000001,5.000000000000001,195339.43494653207,52.907899271118566,195339.43494653207,52.907899271118566,28.562006402208056,28.604159009758064,0.39791279818824354,0.22885075211938483,0.6513735614064966,0.4217083643749529,0.28943009391075486,0.9573364104310352,-0.1893542322557883,1196670.513038794,1250000.0,5.000000000000001,5.000000000000001,239334.10260775877,53.79004585446459,239334.10260775877,53.79004585446459,11.965784596207119,12.197503056042843,0.15536892651419756,0.22885075211938483,0.14294252251815337,0.0684637748080324,0.04576526770342269,0.9639300606851516,-0.15954475807131702,1204912.5758564395,1250000.0,5.000000000000001,5.000000000000001,240982.51517128787,53.81985532864906,240982.51517128787,53.81985532864906,10.690514346221644,11.400763704353617,0.14246554635951214,0.17364638305023777,0.15388166152475952,,
58,1,2.9000000000000004,28,0.40207023467590347,-3.9569807659737792,502587.79334487935,1250000.0,5.000000000000001,5.000000000000001,100517.55866897585,50.0224193207466,100517.55866897585,50.0224193207466,52.20829878704673,52.19889635067835,,,,,,0.4276373213584269,-3.6892439945783924,534546.6516980337,1250000.0,5.000000000000001,5.000000000000001,106909.33033960672,50.290156092141984,106909.33033960672,50.290156092141984,50.71720049128058,50.71529222559721,1.0535777884775985,1.7362008609242738,0.6462026052294567,0.4212638935902279,0.2833034243589423,0.7827815614818929,-1.063594127546846,978476.9518523661,1250000.0,5.000000000000001,5.000000000000001,195695.39037047318,52.915805959173525,195695.39037047318,52.915805959173525,28.447717633712386,28.468941219468427,0.3951365657909946,0.2278783654354039,0.6462026052294567,0.4212638935902279,0.2833034243589423,0.9572192748788518,-0.18988564875520636,1196524.0935985649,1250000.0,5.000000000000001,5.000000000000001,239304.81871971293,53.78951443796517,239304.81871971293,53.78951443796517,11.983846189561925,12.194155595195488,0.15454943971990448,0.2278783654354039,0.14211132176702057,0.06933636486548177,0.04499703478969456,0.9657881277312876,-0.15118137610843868,1207235.1596641096,1250000.0,5.000000000000001,5.000000000000001,241447.03193282188,53.828218710611935,241447.03193282188,53.828218710611935,10.665594800311728,11.94437923087954,0.14997358531400534,0.1734285863454253,0.1718086001559892,,
59,1,2.95,29,0.41038899177654076,-3.8680429720136504,512986.239720676,1250000.0,5.000000000000001,5.000000000000001,102597.24794413518,50.11135711470672,102597.24794413518,50.11135711470672,51.733071570336975,51.73059307499285,,,,,,0.4340033411459448,-3.6250692708734715,542504.176432431,1250000.0,5.000000000000001,5.000000000000001,108500.83528648618,50.35433081584691,108500.83528648618,50.35433081584691,50.35688142541945,50.442391232111895,1.055471105896851,1.728651204740445,0.6409468906325676,0.4213234334554656,0.2782282661636898,0.7860216845163545,-1.04565472617219,982527.1056454431,1250000.0,5.000000000000001,5.000000000000001,196505.4211290886,52.93374536054819,196505.4211290886,52.93374536054819,28.218534552359404,28.240871193137547,0.39294177420045867,0.2250289823747825,0.6409468906325676,0.4213234334554656,0.2782282661636898,0.9583997231315998,-0.1845332041640384,1197999.6539144998,1250000.0,5.000000000000001,5.000000000000001,239599.93078289993,53.794866882556335,239599.93078289993,53.794866882556335,11.810073456565586,12.040495739088652,0.1537363630791141,0.2250289823747825,0.14101537302948214,0.07023121813857622,0.044286236967453096,0.9615776519427645,-0.17015638676113468,1201972.0649284555,1250000.0,5.000000000000001,5.000000000000001,240394.41298569107,53.80924369995924,240394.41298569107,53.80924369995924,11.23369920837485,11.970707697474086,0.15124923121562556,0.17336515254126328,0.1880823604602821,,
60,2,3.0,0,0.4105613183324968,-3.866219707620794,513201.647915621,1250000.0,5.000000000000001,5.000000000000001,102640.32958312418,50.11318037909958,102640.32958312418,50.11318037909958,51.72169507005433,51.744324152041735,,,,,,0.4266781684165893,-3.6989957785492567,533347.7105207366,1250000.0,5.000000000000001,5.000000000000001,106669.5421041473,50.280404308171114,106669.5421041473,50.280404308171114,50.7465816642868,50.764830418026655,1.066222456100493,1.7247880995086444,0.6423385677849576,0.42140936352559927,0.2752648700102992,0.7859645949008491,-1.0459701704648467,982455.7436260615,1250000.0,5.000000000000001,5.000000000000001,196491.14872521226,52.933429916255534,196491.14872521226,52.933429916255534,28.211806341382403,28.215433417245844,0.393568774441743,0.22715119694346625,0.6423385677849576,0.42140936352559927,0.2752648700102992,0.9579626384654265,-0.18651428525537217,1197453.298081783,1250000.0,5.000000000000001,5.000000000000001,239490.65961635657,53.792885801465005,239490.65961635657,53.792885801465005,11.872978153467479,12.095064860405696,0.15431444123117027,0.22715119694346625,0.1403835270192481,0.07113575173496366,0.043663090632648574,0.968711725745196,-0.13805443325409694,1210889.657181495,1250000.0,5.000000000000001,5.000000000000001,242177.93143629897,53.84134565346628,242177.93143629897,53.84134565346628,10.21064025889536,11.653094279765002,0.1481840315270711,0.17545370826879564,0.18028028396884335,,
61,2,3.0500000000000003,1,0.4054435275144834,-3.920696282513425,506804.40939310426,1250000.0,5.000000000000001,5.000000000000001,101360.88187862083,50.05870380420695,101360.88187862083,50.05870380420695,51.994966807243316,52.047886917635914,,,,,,0.4227510187354869,-3.73915337176306,528438.7734193587,1250000.0,5.000000000000001,5.000000000000001,105687.75468387171,50.240246714957316,105687.75468387171,50.240246714957316,51.01644447621174,50.98833039856409,1.0541557007668267,1.7376911974402751,0.6390657857567241,0.4212534690167341,0.27067098526197375,0.7892739874383027,-1.0277221025451806,986592.4842978783,1250000.0,5.000000000000001,5.000000000000001,197318.49685957562,52.9516779841752,197318.49685957562,52.9516779841752,27.94953538028102,27.956610246054925,0.3907660117421904,0.2254511676282438,0.6390657857567241,0.4212534690167341,0.27067098526197375,0.9588529583125416,-0.18247987500550664,1198566.197890677,1250000.0,5.000000000000001,5.000000000000001,239713.23957813537,53.79692021171487,239713.23957813537,53.79692021171487,11.746654963728881,11.977670162035638,0.15360071784143733,0.2254511676282438,0.13963289736361983,0.07204637783674464,0.043052944358326475,0.9724016661905562,-0.12154305673267461,1215502.0827381953,1250000.0,5.000000000000001,5.000000000000001,243100.41654763903,53.8578570299877,243100.41654763903,53.8578570299877,9.56172497816674,10.175804244887699,0.12392215212446056,0.17311886970293772,0.1229888942316459,,
62,2,3.1,2,0.4114729693364754,-3.8565868937903347,514341.2116705943,1250000.0,5.000000000000001,5.000000000000001,102868.24233411884,50.12281319293004,102868.24233411884,50.12281319293004,51.66237611370646,51.6345349958821,,,,,,0.4243588724567039,-3.722667132028803,530448.5905708799,1250000.0,5.000000000000001,5.000000000000001,106089.71811417595,50.25673295469157,106089.71811417595,50.25673295469157,50.90212568774699,50.90183375033724,1.064036642817394,1.717649294092587,0.6367735894684865,0.421015494885717,0.26635161113222927,0.7899819575747741,-1.0238282746297034,987477.4469684676,1250000.0,5.000000000000001,5.000000000000001,197495.48939369348,52.95557181209067,197495.48939369348,52.95557181209067,27.916155929528465,27.92538183798586,0.38823948404302583,0.2232511563769603,0.6367735894684865,0.421015494885717,0.26635161113222927,0.9587449568700979,-0.18296907485464212,1198431.1960876223,1250000.0,5.000000000000001,5.000000000000001,239686.23921752442,53.796431011865735,239686.23921752442,53.796431011865735,11.764747460420592,11.965269211257883,0.1524327830694597,0.2232511563769603,0.1387420240099529,0.072972112329351,0.04241589503461384,0.9713094642389882,-0.12642379567775672,1214136.8302987353,1250000.0,5.000000000000001,5.000000000000001,242827.36605974703,53.852976291042616,242827.36605974703,53.852976291042616,9.761044016570368,10.346734659407865,0.12555784763015396,0.17087967252218278,0.1371862398709637,,
63,2,3.1500000000000004,3,0.39395734720182896,-4.045507956303004,492446.6840022862,1250000.0,5.000000000000001,5.000000000000001,98489.33680045721,49.93389213041737,98489.33680045721,49.93389213041737,52.696648833354196,52.69045672958235,,,,,,0.404527270765921,-3.9305219557472992,505659.08845740126,1250000.0,5.000000000000001,5.000000000000001,101131.81769148023,50.04887813097308,101131.81769148023,50.04887813097308,52.0556930422321,52.01136758299292,1.0689369894855578,1.7387277658851445,0.6309564521780854,0.4205535446740217,0.2609027293367529,0.7908174166420971,-1.019237745274817,988521.7708026214,1250000.0,5.000000000000001,5.000000000000001,197704.35416052424,52.96016234144556,197704.35416052424,52.96016234144556,27.848519791001888,27.85737616104321,0.38767319842164893,0.22431256186472695,0.6309564521780854,0.4205535446740217,0.2609027293367529,0.9582333015900306,-0.18528740130478188,1197791.6269875383,1250000.0,5.000000000000001,5.000000000000001,239558.3253975076,53.79411268541559,239558.3253975076,53.79411268541559,11.840108260615404,12.046658810963628,0.15330967269841836,0.22431256186472695,0.1374943077005853,0.07386428152097493,0.041726902676281874,0.9708541245184416,-0.1284602001577167,1213567.655648052,1250000.0,5.000000000000001,5.000000000000001,242713.53112961035,53.85093988656266,242713.53112961035,53.85093988656266,9.822463545154603,10.324809617131887,0.12630209010744245,0.17288549076960388,0.13028496947003734,,
64,2,3.2,4,0.4090291124982897,-3.882457801408089,511286.39062286215,1250000.0,5.000000000000001,5.000000000000001,102257.27812457242,50.09694228531228,102257.27812457242,50.09694228531228,51.79101567388619,51.77887291567455,,,,,,0.4263440451570467,-3.70239798526807,532930.0564463084,1250000.0,5.000000000000001,5.000000000000001,106586.01128926166,50.277002101452304,106586.01128926166,50.277002101452304,50.75649815527784,50.73957391301208,1.0639618492134908,1.734052738252131,0.6252312499338482,0.4202363484361576,0.25584126798036766,0.791272666716698,-1.0167383604063849,989090.8333958725,1250000.0,5.000000000000001,5.000000000000001,197818.16667917446,52.96266172631399,197818.16667917446,52.96266172631399,27.839622522043364,27.850675097771813,0.3862159687123884,0.2207093803864133,0.6252312499338482,0.4202363484361576,0.25584126798036766,0.9602597514995983,-0.17611273851968956,1200324.6893744979,1250000.0,5.000000000000001,5.000000000000001,240064.93787489954,53.80328734820068,240064.93787489954,53.80328734820068,11.542165490397654,11.763770354775627,0.1495450394610113,0.2207093803864133,0.1361948207063385,0.07477443288850423,0.041097848529689326,0.9662262094240506,-0.14921186210027054,1207782.7617800632,1250000.0,5.000000000000001,5.000000000000001,241556.5523560126,53.8301882246201,241556.5523560126,53.8301882246201,10.551773580358065,11.51426463550901,0.14290723760127647,0.1725054240027401,0.1561035553923495,,
65,2,3.25,5,0.4133974077160883,-3.8363225102302225,516746.75964511035,1250000.0,5.000000000000001,5.000000000000001,103349.35192902206,50.14307757649015,103349.35192902206,50.14307757649015,51.50987671259065,51.49037993834854,,,,,,0.4237988829209594,-3.7284019236779753,529748.6036511993,1250000.0,5.000000000000001,5.000000000000001,105949.72073023983,50.250998163042404,105949.72073023983,50.250998163042404,50.96962491879364,50.999105838639636,1.061806420942577,1.7358727480022087,0.6208933236498743,0.4199116657013936,0.2512879875782189,0.7900504961956263,-1.023451498256775,987563.1202445328,1250000.0,5.000000000000001,5.000000000000001,197512.62404890652,52.9559485884636,197512.62404890652,52.9559485884636,27.911667047896962,27.94569541932899,0.38680221553445926,0.2216633592842788,0.6208933236498743,0.4199116657013936,0.2512879875782189,0.9595493841002528,-0.17932668984452377,1199436.730125316,1250000.0,5.000000000000001,5.000000000000001,239887.34602506316,53.80007339687586,239887.34602506316,53.80007339687586,11.648629080435747,11.868551926673007,0.1507748727339691,0.2216633592842788,0.13472380998714356,0.07568592085216748,0.0405050316294302,0.968125037582596,-0.140685480374147,1210156.296978245,1250000.0,5.000000000000001,5.000000000000001,242031.25939564896,53.83871460634623,242031.25939564896,53.83871460634623,10.228194979481621,11.505571785779827,0.1437928363905538,0.17436779817810077,0.1693449233953389,,
66,2,3.3000000000000003,6,0.40347727465997196,-3.9418092133276956,504346.593324965,1250000.0,5.000000000000001,5.000000000000001,100869.31866499298,50.03759087339268,100869.31866499298,50.03759087339268,52.11116419749394,52.088964910225776,,,,,,0.4185857237946087,-3.7821558771007027,523232.1547432609,1250000.0,5.000000000000001,5.000000000000001,104646.43094865215,50.197244209619676,104646.43094865215,50.197244209619676,51.24969560084016,51.22032727935259,1.049071446279177,1.739298887300596,0.6204085387288673,0.41926429243788943,0.24750856562274706,0.7906681107535216,-1.020057768254394,988335.138441902,1250000.0,5.000000000000001,5.000000000000001,197667.02768838036,52.95934231846598,197667.02768838036,52.95934231846598,27.883320072571234,27.90114234180074,0.38605641946509206,0.21976506955816183,0.6204085387288673,0.41926429243788943,0.24750856562274706,0.9599661885905605,-0.1774406317620219,1199957.7357382006,1250000.0,5.000000000000001,5.000000000000001,239991.54714764009,53.80195945495835,239991.54714764009,53.80195945495835,11.580700182837948,11.799509557928545,0.14993452441104888,0.21976506955816183,0.13336717355755867,0.07658109163379193,0.039934079405747835,0.970423507431595,-0.13038691712617204,1213029.3842894938,1250000.0,5.000000000000001,5.000000000000001,242605.87685789872,53.84901316959421,242605.87685789872,53.84901316959421,9.894466959974173,10.639026723092606,0.13010490949665138,0.17318949937494307,0.1465957910604067,,
67,2,3.35,7,0.40046130208832387,-3.9743944487687184,500576.6276104048,1250000.0,5.000000000000001,5.000000000000001,100115.32552208094,50.005005637951655,100115.32552208094,50.005005637951655,52.290879400093274,52.26087003951068,,,,,,0.41899313129911253,-3.7779309651662625,523741.41412389063,1250000.0,5.000000000000001,5.000000000000001,104748.28282477811,50.20146912155411,104748.28282477811,50.20146912155411,51.20582044132825,51.18065773306616,1.0875795413673344,1.7587688680808313,0.6157493888847156,0.41911007359001945,0.2433272383952164,0.7936448037195006,-1.003738228865076,992056.0046493758,1250000.0,5.000000000000001,5.000000000000001,198411.20092987514,52.9756618578553,198411.20092987514,52.9756618578553,27.6502594605323,27.685136993076846,0.38444766497625193,0.21913202038035845,0.6157493888847156,0.41911007359001945,0.2433272383952164,0.9604357939723521,-0.17531662822629174,1200544.7424654402,1250000.0,5.000000000000001,5.000000000000001,240108.94849308798,53.80408345849409,240108.94849308798,53.80408345849409,11.515993506646629,11.762423765043767,0.1496478520506739,0.21913202038035845,0.1320543711007252,0.07748705512819488,0.039431584691918715,0.9583492967334966,-0.184761715108524,1197936.6209168707,1250000.0,5.000000000000001,5.000000000000001,239587.3241833741,53.79463837161185,239587.3241833741,53.79463837161185,11.581578658424549,12.412515816162541,0.1576103106801169,0.1734893570927148,0.19723605752029855,,
68,2,3.4000000000000004,8,0.4092956067337409,-3.879629169270091,511619.5084171761,1250000.0,5.000000000000001,5.000000000000001,102323.9016834352,50.099770917450286,102323.9016834352,50.099770917450286,51.77704590573428,51.766739309166795,,,,,,0.4323000136458261,-3.6421475075756526,540375.0170572826,1250000.0,5.000000000000001,5.000000000000001,108075.0034114565,50.337252579144725,108075.0034114565,50.337252579144725,50.43106052936608,50.412480036438446,1.079456795317482,1.7428290182327042,0.612010093630418,0.418720953750724,0.239231483704887,0.7956565976704902,-0.9927433165402278,994570.7470881129,1250000.0,5.000000000000001,5.000000000000001,198914.14941762254,52.98665677018015,198914.14941762254,52.98665677018015,27.47990439068595,27.493513520290087,0.38249353547376214,0.21811340996282286,0.612010093630418,0.418720953750724,0.239231483704887,0.960050583087251,-0.17705884276121783,1200063.2288590637,1250000.0,5.000000000000001,5.000000000000001,240012.6457718127,53.802341243959155,240012.6457718127,53.802341243959155,11.572275592888532,11.802323355001224,0.14952939234445287,0.21811340996282286,0.13063402387014128,0.07837480766496399,0.03892014138242998,0.9643229441028138,-0.15777499961887878,1205403.6801285173,1250000.0,5.000000000000001,5.000000000000001,241080.73602570343,53.821625087101495,241080.73602570343,53.821625087101495,10.864954903435681,11.754951697090297,0.1473406754144289,0.17417225929313035,0.178970816930567,,
69,2,3.45,9,0.4060634205254524,-3.9140613136558446,507579.2756568155,1250000.0,5.000000000000001,5.000000000000001,101515.85513136309,50.06533877306453,101515.85513136309,50.06533877306453,51.97673098982883,51.99328007698803,,,,,,0.4303173834868202,-3.662111094138169,537896.7293585252,1250000.0,5.000000000000001,5.000000000000001,107579.34587170502,50.317288992582206,107579.34587170502,50.317288992582206,50.547970859576424,50.576552942256185,1.0370410478209993,1.7202985452720596,0.6118218213076415,0.41804190233134725,0.23583357680951345,0.7961658132940942,-0.9899647459980564,995207.2666176178,1250000.0,5.000000000000001,5.000000000000001,199041.4533235235,52.98943534072232,199041.4533235235,52.98943534072232,27.457348093515566,27.47214843154694,0.381459787951968,0.21909547980066954,0.6118218213076415,0.41804190233134725,0.23583357680951345,0.96080944324408,-0.17362737153192379,1201011.8040551,1250000.0,5.000000000000001,5.000000000000001,240202.36081102,53.80577271518845,240202.36081102,53.80577271518845,11.4605473474536,11.672524730030604,0.1483968896415586,0.21909547980066954,0.12938210039707318,0.07926262912075188,0.03843949692668126,0.9602017349539519,-0.17637513655077447,1200252.1686924398,1250000.0,5.000000000000001,5.000000000000001,240050.43373848792,53.8030249501696,240050.43373848792,53.8030249501696,11.252086400097614,12.310901218479497,0.15528595261014758,0.1725281142116681,0.20366198438215397,,
70,2,3.5,10,0.4105145236603464,-3.86671473297363,513143.154575433,1250000.0,5.000000000000001,5.000000000000001,102628.63091508659,50.11268535374675,102628.63091508659,50.11268535374675,51.67858529710983,51.76151273975786,,,,,,0.4214211917370929,-3.7528362909081987,526776.4896713662,1250000.0,5.000000000000001,5.000000000000001,105355.29793427321,50.226563795812176,105355.29793427321,50.226563795812176,51.08552206881873,51.10475776089883,1.073018436119476,1.7377294547176594,0.6092589268921897,0.41758500942630217,0.2321834587138496,0.797341943001788,-0.9835538988241134,996677.4287522349,1250000.0,5.000000000000001,5.000000000000001,199335.48575044694,52.99584618789626,199335.48575044694,52.99584618789626,27.363553138706386,27.37570044231729,0.3790514638897272,0.21764505311708054,0.6092589268921897,0.41758500942630217,0.2321834587138496,0.9611931679347027,-0.17189324779085952,1201491.4599183784,1250000.0,5.000000000000001,5.000000000000001,240298.29198367565,53.80750683892952,240298.29198367565,53.80750683892952,11.400035663115133,11.615967261947116,0.14770993540486083,0.21764505311708054,0.12813556730377212,0.08013644974567759,0.037975641978717056,0.9705732884939487,-0.12971665235150054,1213216.610617436,1250000.0,5.000000000000001,5.000000000000001,242643.32212348716,53.84968343436888,242643.32212348716,53.84968343436888,9.866733288653641,10.14444340049715,0.12347097508540161,0.17371092776778885,0.150007626798388,,
71,2,3.5500000000000003,11,0.4113546351245147,-3.8578360472059616,514193.2939056434,1250000.0,5.000000000000001,5.000000000000001,102838.65878112866,50.12156403951441,102838.65878112866,50.12156403951441,51.66870502531056,51.6708441596122,,,,,,0.4281378054762745,-3.6841642134857553,535172.2568453432,1250000.0,5.000000000000001,5.000000000000001,107034.45136906861,50.29523587323462,107034.45136906861,50.29523587323462,50.6755326459547,50.647038342460334,1.052848751675394,1.7215237684615368,0.6066995289949312,0.41699321709789194,0.22847524161882324,0.7964628010831538,-0.988345031793352,995578.5013539422,1250000.0,5.000000000000001,5.000000000000001,199115.7002707884,52.99105505492702,199115.7002707884,52.99105505492702,27.413238822395876,27.43973252369712,0.3794127999955759,0.21769512842244754,0.6066995289949312,0.41699321709789194,0.22847524161882324,0.9608835693195957,-0.17329232794934202,1201104.4616494947,1250000.0,5.000000000000001,5.000000000000001,240220.8923298989,53.80610775877103,240220.8923298989,53.80610775877103,11.44961869041872,11.692879810278706,0.14881527053819943,0.21769512842244754,0.12700329962214704,0.08100321724692479,0.037551168847893765,0.9658143914796805,-0.15106327519597473,1207267.9893496006,1250000.0,5.000000000000001,5.000000000000001,241453.59786992008,53.8283368115244,241453.59786992008,53.8283368115244,10.580654262196372,11.365252253455981,0.14111119439132458,0.17353183691454013,0.17573002113003705,,
72,2,3.6,12,0.4008800736195048,-3.969855305096883,501100.092024381,1250000.0,5.000000000000001,5.000000000000001,100220.01840487617,50.00954478162349,100220.01840487617,50.00954478162349,52.294461684223975,52.28062857304441,,,,,,0.4197936556993529,-3.769641291542442,524742.0696241912,1250000.0,5.000000000000001,5.000000000000001,104948.41392483821,50.20975879517793,104948.41392483821,50.20975879517793,51.17664747170281,51.23338741131175,1.0541600505180193,1.732118402600029,0.6031132133331838,0.41646991282201073,0.22468617352399342,0.8003991019922726,-0.9669340729222238,1000498.8774903407,1250000.0,5.000000000000001,5.000000000000001,200099.7754980681,53.012466013798154,200099.7754980681,53.012466013798154,27.136136356739307,27.184089807598447,0.3750325853178101,0.21832935950325455,0.6031132133331838,0.41646991282201073,0.22468617352399342,0.9606798943380603,-0.1742129836818928,1200849.8679225754,1250000.0,5.000000000000001,5.000000000000001,240169.97358451504,53.80518710303848,240169.97358451504,53.80518710303848,11.47023800785057,11.698937905696422,0.14824803718012297,0.21832935950325455,0.12603262092556888,0.08184447175547846,0.037159789223879344,0.9648145861677307,-0.1555613944493441,1206018.2327096635,1250000.0,5.000000000000001,5.000000000000001,241203.64654193266,53.82383869227104,241203.64654193266,53.82383869227104,10.66924292492646,11.79478444524223,0.14893120472144677,0.1730309463795334,0.16731000242900126,,
73,2,3.6500000000000004,13,0.40626088615763845,-3.9119498851190504,507826.10769704805,1250000.0,5.000000000000001,5.000000000000001,101565.2215394096,50.067450201601325,101565.2215394096,50.067450201601325,51.97036043782144,51.957732643167866,,,,,,0.4294496665371485,-3.6708773014738547,536812.0831714356,1250000.0,5.000000000000001,5.000000000000001,107362.4166342871,50.30852278524652,107362.4166342871,50.30852278524652,50.621104904848345,50.60764460935423,1.069062705980325,1.741171285939807,0.5969386597887816,0.41542725864716656,0.21988838390480833,0.804686655027816,-0.9437320097929365,1005858.31878477,1250000.0,5.000000000000001,5.000000000000001,201171.66375695396,53.035668076927436,201171.66375695396,53.035668076927436,26.810858481799585,26.83451853376905,0.37143757589880544,0.21689171743725516,0.5969386597887816,0.41542725864716656,0.21988838390480833,0.9611669089248115,-0.17201189510604217,1201458.6361560144,1250000.0,5.000000000000001,5.000000000000001,240291.72723120285,53.80738819161433,240291.72723120285,53.80738819161433,11.411237283020592,11.638499254932984,0.1481952159322557,0.21689171743725516,0.12493535604109914,0.08263570876950754,0.03673139258351996,0.966302911639691,-0.14886711853437257,1207878.6395496137,1250000.0,5.000000000000001,5.000000000000001,241575.7279099227,53.830532968186006,241575.7279099227,53.830532968186006,10.467389240735049,11.188634257934309,0.13821750544358272,0.1735082114156979,0.17919333342779772,,
74,2,3.7,14,0.3982048849414659,-3.998934166086838,497756.10617683234,1250000.0,5.000000000000001,5.000000000000001,99551.22123536645,49.980465920633534,99551.22123536645,49.980465920633534,52.413936969636076,52.38547749165864,,,,,,0.4215522943220081,-3.751485426839694,526940.3679025101,1250000.0,5.000000000000001,5.000000000000001,105388.07358050201,50.22791465988068,105388.07358050201,50.22791465988068,51.06586263768662,51.08081995330362,1.0560960744702388,1.727919422374017,0.5967599389132833,0.41519405614542276,0.2173818440611804,0.8049796268559141,-0.9421511100606992,1006224.5335698926,1250000.0,5.000000000000001,5.000000000000001,201244.9067139785,53.03724897665968,201244.9067139785,53.03724897665968,26.795198518448238,26.823802212339835,0.37047580562420573,0.21457998282599894,0.5967599389132833,0.41519405614542276,0.2173818440611804,0.9612300065163927,-0.17172680376372024,1201537.508145491,1250000.0,5.000000000000001,5.000000000000001,240307.50162909814,53.80767328295666,240307.50162909814,53.80767328295666,11.396289749973965,11.624547752527395,0.14713177496722296,0.21457998282599894,0.1239718213452794,0.08347144482188298,0.03639323967069962,0.9671502062141415,-0.1450607124892675,1208937.7577676768,1250000.0,5.000000000000001,5.000000000000001,241787.55155353533,53.83433937423111,241787.55155353533,53.83433937423111,10.413686599499162,11.155377346319868,0.1376179670763767,0.17406106944493882,0.17760242795242742,,
75,2,3.75,15,0.4119035911216082,-3.852044216937411,514879.4889020102,1250000.0,5.000000000000001,5.000000000000001,102975.89778040203,50.12735586978296,102975.89778040203,50.12735586978296,51.67382387312269,51.70040126053615,,,,,,0.42651630462452816,-3.7006436221482635,533145.3807806602,1250000.0,5.000000000000001,5.000000000000001,106629.07615613203,50.27875646457211,106629.07615613203,50.27875646457211,50.77765661825875,50.774397823958154,1.0732113182587728,1.7411220590005065,0.5955107161213913,0.41450524719033127,0.2142765511460575,0.8064308736105167,-0.9343285393672168,1008038.5920131458,1250000.0,5.000000000000001,5.000000000000001,201607.71840262914,53.04507154735316,201607.71840262914,53.04507154735316,26.67960758392568,26.707679970089163,0.367978991929217,0.21533216258833726,0.5955107161213913,0.41450524719033127,0.2142765511460575,0.9615643614348633,-0.17021641346954297,1201955.4517935792,1250000.0,5.000000000000001,5.000000000000001,240391.0903587158,53.809183673250836,240391.0903587158,53.809183673250836,11.344458002427022,11.589894572198004,0.14646165556949975,0.21533216258833726,0.12311185277851804,0.0842912799091757,0.036063195006287053,0.9673693389300512,-0.14407681827150198,1209211.673662564,1250000.0,5.000000000000001,5.000000000000001,241842.33473251277,53.835323268448875,241842.33473251277,53.835323268448875,10.365749456919191,10.913904627171593,0.13454797377581643,0.17210507760464483,0.1597216737973683,,
76,2,3.8000000000000003,16,0.4065687959683377,-3.90865956388577,508210.99496042216,1250000.0,5.000000000000001,5.000000000000001,101642.19899208442,50.070740522834605,101642.19899208442,50.070740522834605,51.95191032102591,51.9427507722112,,,,,,0.41795981971751467,-3.7886546682236517,522449.7746468933,1250000.0,5.000000000000001,5.000000000000001,104489.95492937864,50.190745418496725,104489.95492937864,50.190745418496725,51.267966750850874,51.24291513278804,1.076381992670725,1.7389108014060803,0.5926331480772309,0.4137480411500662,0.21078873944609472,0.8053973831060901,-0.9398978583416353,1006746.7288826127,1250000.0,5.000000000000001,5.000000000000001,201349.3457765225,53.03950222837874,201349.3457765225,53.03950222837874,26.75331384078849,26.781384245171143,0.36874569627492954,0.21454453116510322,0.5926331480772309,0.4137480411500662,0.21078873944609472,0.9617574704406046,-0.16934431630419994,1202196.8380507557,1250000.0,5.000000000000001,5.000000000000001,240439.3676101511,53.81005577041617,240439.3676101511,53.81005577041617,11.314067896342827,11.532936279491139,0.14555153116798927,0.21454453116510322,0.12228645688759074,0.08508615504335654,0.03572661343991885,0.9690978157745537,-0.1363238527414721,1211372.269718192,1250000.0,5.000000000000001,5.000000000000001,242274.45394363836,53.843076233978906,242274.45394363836,53.843076233978906,10.11314465780906,11.345731799065558,0.14055735466402464,0.17345352622641722,0.15641100295646088,,
77,2,3.85,17,0.4076814826326791,-3.89679014260579,509601.8532908489,1250000.0,5.000000000000001,5.000000000000001,101920.37065816976,50.08260994411459,101920.37065816976,50.08260994411459,51.86234704837383,51.89586303390352,,,,,,0.4366316544667662,-3.598847824566753,545789.5680834578,1250000.0,5.000000000000001,5.000000000000001,109157.91361669153,50.38055226215362,109157.91361669153,50.38055226215362,50.17557103782536,50.15512866563964,1.0621667547107505,1.7344279285609527,0.5894029027501253,0.4127216578591969,0.2070897270888546,0.808166644280645,-0.9249907829797178,1010208.3053508062,1250000.0,5.000000000000001,5.000000000000001,202041.6610701612,53.054409303740655,202041.6610701612,53.054409303740655,26.54059154912145,26.554370187586983,0.36378325019416874,0.21235528946321244,0.5894029027501253,0.4127216578591969,0.2070897270888546,0.9627034372960898,-0.1650747755009843,1203379.2966201121,1250000.0,5.000000000000001,5.000000000000001,240675.8593240224,53.81432531121939,240675.8593240224,53.81432531121939,11.175239211384394,11.41397866917196,0.14281740298248208,0.21235528946321244,0.12151768540839054,0.08584731697122341,0.03535237086852737,0.9685284285567347,-0.13887627207008385,1210660.5356959184,1250000.0,5.000000000000001,5.000000000000001,242132.10713918364,53.84052381465029,242132.10713918364,53.84052381465029,10.22126385629431,11.109609456384867,0.13696003551527852,0.17187512536352592,0.16843518553494186,,
78,2,3.9000000000000004,18,0.4091752032303183,-3.8809069320657548,511469.00403789786,1250000.0,5.000000000000001,5.000000000000001,102293.80080757955,50.09849315465462,102293.80080757955,50.09849315465462,51.78868546223449,51.76344350616889,,,,,,0.42243760943989733,-3.742374237007881,528047.0117998717,1250000.0,5.000000000000001,5.000000000000001,105609.40235997432,50.237025849712495,105609.40235997432,50.237025849712495,51.021355147473926,51.00478530270782,1.0521003195124894,1.7285529592553683,0.5876207843213676,0.4125697355542125,0.2045564827801291,0.8077429733817368,-0.9272681125499338,1009678.7167271711,1250000.0,5.000000000000001,5.000000000000001,201935.7433454342,53.052131974170436,201935.7433454342,53.052131974170436,26.572233085615586,26.57855575384864,0.3647633127584843,0.2116564190729966,0.5876207843213676,0.4125697355542125,0.2045564827801291,0.9621496315671403,-0.16757382109211322,1202687.0394589254,1250000.0,5.000000000000001,5.000000000000001,240537.40789178503,53.81182626562826,240537.40789178503,53.81182626562826,11.255966083554735,11.490753992802201,0.1448229091945915,0.2116564190729966,0.12081733858331696,0.08662400311649375,0.03500727205756973,0.9642602311724728,-0.15805744405736444,1205325.288965591,1250000.0,5.000000000000001,5.000000000000001,241065.05779311815,53.82134264266301,241065.05779311815,53.82134264266301,10.877435487445485,11.910016960032687,0.1497223757057173,0.17326771373464822,0.187383548605524,,
79,2,3.95,19,0.40638267805858136,-3.9106481200342054,507978.34757322667,1250000.0,5.000000000000001,5.000000000000001,101595.66951464531,50.06875196668617,101595.66951464531,50.06875196668617,51.987247467959435,52.033580647843166,,,,,,0.42111475397894366,-3.7559954257547536,526393.4424736795,1250000.0,5.000000000000001,5.000000000000001,105278.68849473589,50.22340466096562,105278.68849473589,50.22340466096562,51.098383762664504,51.0855705048391,1.0568542948143524,1.7321727472575286,0.5822577967470285,0.4115961147874293,0.2006170202152484,0.8115531053705849,-0.906830561029466,1014441.3817132311,1250000.0,5.000000000000001,5.000000000000001,202888.2763426462,53.07256952569091,202888.2763426462,53.07256952569091,26.278000560823834,26.283146937246652,0.3607553477488016,0.21177031501590643,0.5822577967470285,0.4115961147874293,0.2006170202152484,0.9629819062996066,-0.16381872863067248,1203727.3828745082,1250000.0,5.000000000000001,5.000000000000001,240745.47657490158,53.8155813580897,240745.47657490158,53.8155813580897,11.130538186857475,11.37766245977655,0.14361638192196305,0.21177031501590643,0.11987434866917612,0.08737509248080957,0.03461139941034589,0.9670439864251994,-0.14553771390338,1208804.9830314992,1250000.0,5.000000000000001,5.000000000000001,241760.9966062998,53.833862372816995,241760.9966062998,53.833862372816995,10.418626200238673,11.129274143089843,0.13849179920100596,0.17226432953206527,0.14635005089915418,,
80,2,4.0,20,0.4121363085514187,-3.8495912313881324,515170.38568927336,1250000.0,5.000000000000001,5.000000000000001,103034.07713785465,50.12980885533224,103034.07713785465,50.12980885533224,51.65125489699041,51.63546009585722,,,,,,0.42511457575995976,-3.714940042692954,531393.2196999497,1250000.0,5.000000000000001,5.000000000000001,106278.64393998992,50.26446004402742,106278.64393998992,50.26446004402742,50.836435269907795,50.83798719856645,1.0337937163228041,1.704064416426166,0.5822407210470931,0.41106017176206555,0.19828111708541288,0.810691350561784,-0.9114446053808013,1013364.18820223,1250000.0,5.000000000000001,5.000000000000001,202672.83764044597,53.06795548133957,202672.83764044597,53.06795548133957,26.342478666556115,26.35017093510378,0.36175129467917927,0.21116622846882155,0.5822407210470931,0.41106017176206555,0.19828111708541288,0.9623068822863888,-0.16686408180410817,1202883.602857986,1250000.0,5.000000000000001,5.000000000000001,240576.72057159716,53.81253600491627,240576.72057159716,53.81253600491627,11.236227718102993,11.473460970299513,0.14422498416943025,0.21116622846882155,0.1191229147898614,0.08812135277213132,0.034247790982682366,0.9665260936611464,-0.14786416668976485,1208157.617076433,1250000.0,5.000000000000001,5.000000000000001,241631.52341528656,53.83153592003061,241631.52341528656,53.83153592003061,10.48138791999704,11.286181263490073,0.13996787427946328,0.17455849726865,0.16608335727110274,,
81,2,4.05,21,0.3970697262830849,-4.011332235112855,496337.1578538561,1250000.0,5.000000000000001,5.000000000000001,99267.43157077121,49.968067851607515,99267.43157077121,49.968067851607515,52.50735831732709,52.537280564470905,,,,,,0.4220721179430371,-3.7461333636356144,527590.1474287964,1250000.0,5.000000000000001,5.000000000000001,105518.02948575927,50.23326672308477,105518.02948575927,50.23326672308477,51.029129043045124,51.022002859280846,1.0683873537222028,1.7391818202280482,0.5780574989755547,0.4104992216709059,0.195069449694797,0.812165633552661,-0.9035539144560435,1015207.0419408262,1250000.0,5.000000000000001,5.000000000000001,203041.4083881652,53.07584617226433,203041.4083881652,53.07584617226433,26.209079969230306,26.21692437139916,0.36028954849309747,0.21109399911015317,0.5780574989755547,0.4104992216709059,0.195069449694797,0.9626345464271028,-0.16538556689989992,1203293.1830338784,1250000.0,5.000000000000001,5.000000000000001,240658.63660677566,53.814014519820475,240658.63660677566,53.814014519820475,11.180970138310757,11.410278823710351,0.14317167978294165,0.21109399911015317,0.11832756440904572,0.08887518035126626,0.03389684906003246,0.9663969812150107,-0.1484443534929954,1207996.2265187635,1250000.0,5.000000000000001,5.000000000000001,241599.24530375266,53.83095573322738,241599.24530375266,53.83095573322738,10.500762317069253,11.648378347586226,0.14704134669953398,0.17346021900282613,0.18215171403683622,,
82,2,4.1000000000000005,22,0.41007258788319334,-3.8713926101966463,512590.73485399166,1250000.0,5.000000000000001,5.000000000000001,102518.14697079832,50.108007476523724,102518.14697079832,50.108007476523724,51.750730960126035,51.765699801291774,,,,,,0.42748380576957057,-3.690803328612545,534354.7572119632,1250000.0,5.000000000000001,5.000000000000001,106870.95144239262,50.28859675810783,106870.95144239262,50.28859675810783,50.70244417087679,50.68558758955558,1.0489909921006695,1.7252916639117892,0.5739857382653623,0.41000982756140064,0.19202531733495354,0.8164167147174125,-0.880881124380476,1020520.8933967657,1250000.0,5.000000000000001,5.000000000000001,204104.1786793531,53.0985189623399,204104.1786793531,53.0985189623399,25.907948981134087,25.895396871854683,0.35646434006663397,0.20888177363843488,0.5739857382653623,0.41000982756140064,0.19202531733495354,0.9641097888270207,-0.15873507625377264,1205137.2360337758,1250000.0,5.000000000000001,5.000000000000001,241027.44720675514,53.8206650104666,241027.44720675514,53.8206650104666,10.956331747467054,11.163182469776624,0.1403027972428878,0.20888177363843488,0.1175083667490802,0.08962115200522473,0.03351917269151398,0.9719462511995921,-0.12357750971713974,1214932.81399949,1250000.0,5.000000000000001,5.000000000000001,242986.56279989798,53.85582257700324,242986.56279989798,53.85582257700324,9.646963396355389,10.740556581922208,0.1327167100435897,0.17265765468678448,0.14395324786335034,,
83,2,4.15,23,0.3965674735680637,-4.016829094680808,495709.3419600796,1250000.0,5.000000000000001,5.000000000000001,99141.86839201591,49.96257099203957,99141.86839201591,49.96257099203957,52.52840048020776,52.54520561845002,,,,,,0.4150898506172564,-3.818578854478062,518862.3132715705,1250000.0,5.000000000000001,5.000000000000001,103772.46265431408,50.16082123224231,103772.46265431408,50.16082123224231,51.45700884929319,51.455562403391504,1.0465285842065253,1.7283163220055964,0.5723994723750399,0.40923503000780703,0.1893669929012379,0.8168934440490748,-0.8783458934217923,1021116.8050613435,1250000.0,5.000000000000001,5.000000000000001,204223.36101226867,53.10105419329858,204223.36101226867,53.10105419329858,25.85718821771343,25.863372167676836,0.3557723088983032,0.20834426718484514,0.5723994723750399,0.40923503000780703,0.1893669929012379,0.9638787105893715,-0.15977611984931184,1204848.3882367143,1250000.0,5.000000000000001,5.000000000000001,240969.67764734282,53.81962396687106,240969.67764734282,53.81962396687106,10.989697127822613,11.22048877214447,0.1408607771826023,0.20834426718484514,0.11674034706830683,0.09032602167859667,0.03312982984155809,0.965396850859198,-0.15294122190937434,1206746.0635739975,1250000.0,5.000000000000001,5.000000000000001,241349.21271479945,53.826458864811,241349.21271479945,53.826458864811,10.712467938352304,11.915126616088042,0.14970338854195314,0.17410634805078334,0.1814170623704786,,
84,2,4.2,24,0.4122957813140577,-3.847911089565825,515369.72664257215,1250000.0,5.000000000000001,5.000000000000001,103073.94532851441,50.13148899715455,103073.94532851441,50.13148899715455,51.60048068769711,51.63065922450086,,,,,,0.4133187526916163,-3.837148898895188,516648.4408645203,1250000.0,5.000000000000001,5.000000000000001,103329.68817290405,50.14225118782519,103329.68817290405,50.14225118782519,51.56425517768885,51.556510503602716,1.051919107586326,1.7348904875897713,0.5706033907922123,0.4086551866852757,0.18684248195314698,0.8156501645822899,-0.8849607184521191,1019562.7057278624,1250000.0,5.000000000000001,5.000000000000001,203912.54114557244,53.094439368268254,203912.54114557244,53.094439368268254,25.943916823704548,25.95068118261539,0.356634214092822,0.2083109615197624,0.5706033907922123,0.4086551866852757,0.18684248195314698,0.9632360543669656,-0.16267269940516688,1204045.067958707,1250000.0,5.000000000000001,5.000000000000001,240809.01359174136,53.81672738731521,240809.01359174136,53.81672738731521,11.092586727524145,11.353139970020054,0.14258215587953788,0.2083109615197624,0.1161086029496875,0.09100344515179079,0.03273653944529293,0.9629134745796477,-0.1641273592933019,1203641.8432245597,1250000.0,5.000000000000001,5.000000000000001,240728.36864491188,53.81527272742708,240728.36864491188,53.81527272742708,11.047727527676212,11.58802216659369,0.14527237408113153,0.1730069193994202,0.1607550507926712,,
85,2,4.25,25,0.40466934424252465,-3.928996943743952,505836.6803031558,1250000.0,5.000000000000001,5.000000000000001,101167.33606063115,50.05040314297642,101167.33606063115,50.05040314297642,52.06632525664022,52.09637206627362,,,,,,0.42626239490271184,-3.7032297935525476,532827.9936283898,1250000.0,5.000000000000001,5.000000000000001,106565.59872567793,50.27617029316783,106565.59872567793,50.27617029316783,50.78974914452631,50.77800314203692,1.0389942739102467,1.7280098136155704,0.5688608926419952,0.4083302155990679,0.184582466073061,0.8211058453921142,-0.8560085614873835,1026382.3067401428,1250000.0,5.000000000000001,5.000000000000001,205276.4613480285,53.123391525233,205276.4613480285,53.123391525233,25.540579534404785,25.53674603435504,0.35135857678116966,0.20747849878654256,0.5688608926419952,0.4083302155990679,0.184582466073061,0.964500200414912,-0.156976777773996,1205625.25051864,1250000.0,5.000000000000001,5.000000000000001,241125.05010372796,53.82242330894638,241125.05010372796,53.82242330894638,10.894575201527758,11.118131851315098,0.13971918323484453,0.20747849878654256,0.11553045387959412,0.09168388695528051,0.03235960266214171,0.9691230068082514,-0.13621096233392418,1211403.7585103142,1250000.0,5.000000000000001,5.000000000000001,242280.7517020628,53.84318912438645,242280.7517020628,53.84318912438645,10.13985772595127,10.728077508665512,0.13115592986246122,0.17448939210685685,0.14756926930842856,,
86,2,4.3,26,0.40451520864268153,-3.9306514548452243,505644.01080335194,1250000.0,5.000000000000001,5.000000000000001,101128.80216067037,50.048748631875156,101128.80216067037,50.048748631875156,52.0540357824647,52.048882723210944,,,,,,0.42373587592758033,-3.729047645621779,529669.8449094754,1250000.0,5.000000000000001,5.000000000000001,105933.96898189507,50.25035244109859,105933.96898189507,50.25035244109859,50.91851440336624,50.89961237081529,1.0426586112110912,1.7228534451118853,0.5665907623945086,0.4076603860627852,0.18201282481087952,0.8217808300359075,-0.8524399389275026,1027226.0375448844,1250000.0,5.000000000000001,5.000000000000001,205445.20750897683,53.12696014779287,205445.20750897683,53.12696014779287,25.500765692721025,25.502720641777138,0.3508685947741195,0.20704196959461196,0.5665907623945086,0.4076603860627852,0.18201282481087952,0.9642788521151567,-0.15797357774917514,1205348.5651439459,1250000.0,5.000000000000001,5.000000000000001,241069.71302878912,53.8214265089712,241069.71302878912,53.8214265089712,10.927579308473604,11.137975371892805,0.13982642073433976,0.20704196959461196,0.11493881646740392,0.09235037753810015,0.03196952846349143,0.9645211350654107,-0.15688251439779288,1205651.4188317633,1250000.0,5.000000000000001,5.000000000000001,241130.28376635263,53.82251757232258,241130.28376635263,53.82251757232258,10.803155880088461,11.784848730394646,0.14885910339120315,0.1749313824010738,0.17615788305107968,,
87,2,4.3500000000000005,27,0.4124967563841687,-3.8457946212010565,515620.9454802109,1250000.0,5.000000000000001,5.000000000000001,103124.18909604216,50.133605465519324,103124.18909604216,50.133605465519324,51.578712947732164,51.54717246748955,,,,,,0.4189759572581814,-3.7781089810695043,523719.9465727267,1250000.0,5.000000000000001,5.000000000000001,104743.98931454532,50.20129110565087,104743.98931454532,50.20129110565087,51.26668627947968,51.2785264011932,1.0395399314573044,1.71717533230942,0.5646901829015539,0.40726387373319684,0.17976154100515906,0.8245621519099233,-0.8377660355589012,1030702.6898874041,1250000.0,5.000000000000001,5.000000000000001,206140.5379774808,53.141634051161475,206140.5379774808,53.141634051161475,25.256108718383466,25.259100948216386,0.347352462310775,0.2067840857791595,0.5646901829015539,0.40726387373319684,0.17976154100515906,0.9641422557172198,-0.15858882782842545,1205177.8196465247,1250000.0,5.000000000000001,5.000000000000001,241035.56392930492,53.82081125889195,241035.56392930492,53.82081125889195,10.946083087906715,11.11657718310811,0.13945717732648946,0.2067840857791595,0.11425151063424857,0.09303366227757989,0.0316097833718275,0.9666223874223562,-0.1474315061923542,1208277.9842779452,1250000.0,5.000000000000001,5.000000000000001,241655.596855589,53.83196858052802,241655.596855589,53.83196858052802,10.483175939093197,11.298199900329575,0.13867739891449285,0.17423868778062743,0.16439192543930672,,
88,2,4.4,28,0.404099375755018,-3.935118204466379,505124.2196937725,1250000.0,5.000000000000001,5.000000000000001,101024.84393875448,50.044281882254,101024.84393875448,50.044281882254,52.09246894219443,52.05810410576237,,,,,,0.4246625251947304,-3.7195606210615324,530828.156493413,1250000.0,5.000000000000001,5.000000000000001,106165.6312986826,50.25983946565884,106165.6312986826,50.25983946565884,50.89261529761795,50.8953489356076,1.0534219853209015,1.7346488727527174,0.5629673883626483,0.40691590859564775,0.17763081158156757,0.8261286987084411,-0.8295229071228947,1032660.8733855514,1250000.0,5.000000000000001,5.000000000000001,206532.17467711025,53.14987717959748,206532.17467711025,53.14987717959748,25.148436510872312,25.17210007894544,0.34570703411959774,0.2050858583972595,0.5629673883626483,0.40691590859564775,0.17763081158156757,0.9649400699164409,-0.1549965879384404,1206175.0873955511,1250000.0,5.000000000000001,5.000000000000001,241235.0174791102,53.82440349878194,241235.0174791102,53.82440349878194,10.82714506611116,11.022426619274956,0.13791547856923964,0.2050858583972595,0.11355769972173249,0.0937171859395443,0.03126767329862537,0.967806753348045,-0.14211351713283182,1209758.4416850563,1250000.0,5.000000000000001,5.000000000000001,241951.68833701123,53.83728656958755,241951.68833701123,53.83728656958755,10.277503842520257,11.10785026647214,0.13715990521738375,0.17321021547551688,0.16899328962114077,,
89,2,4.45,29,0.41150993010424164,-3.856196804093223,514387.412630302,1250000.0,5.000000000000001,5.000000000000001,102877.48252606038,50.12320328262716,102877.48252606038,50.12320328262716,51.64450119503802,51.61943628072963,,,,,,0.4216045929827475,-3.7509466654266954,527005.7412284344,1250000.0,5.000000000000001,5.000000000000001,105401.14824568685,50.22845342129368,105401.14824568685,50.22845342129368,51.0645251484503,51.040464713892774,1.0383664722707653,1.7174754055461023,0.5570754239908041,0.4059217628160806,0.17430530405263625,0.8287584294833595,-0.8157204126048511,1035948.0368541994,1250000.0,5.000000000000001,5.000000000000001,207189.60737083983,53.16367967411552,207189.60737083983,53.16367967411552,24.918889924141332,24.932342937630807,0.34246494839417524,0.20515000760739577,0.5570754239908041,0.4059217628160806,0.17430530405263625,0.9649335858342135,-0.15502577120775102,1206166.982292767,1250000.0,5.000000000000001,5.000000000000001,241233.39645855335,53.82437431551263,241233.39645855335,53.82437431551263,10.828089841764317,11.01652283607292,0.137911164239446,0.20515000760739577,0.11272001709212065,0.09440325615199376,0.03092538859919889,0.9658357251742015,-0.15096734575482434,1207294.6564677518,1250000.0,5.000000000000001,5.000000000000001,241458.93129355033,53.82843274096555,241458.93129355033,53.82843274096555,10.566693526965443,11.21086050843796,0.1392209066579641,0.1731053636278776,0.15683013164316986,,
90,3,4.5,0,0.39912683390751386,-3.988890729521321,498908.5423843923,1250000.0,5.000000000000001,5.000000000000001,99781.70847687844,49.99050935719906,99781.70847687844,49.99050935719906,52.35735917705763,52.350682730560834,,,,,,0.41986697403174306,-3.7688828482825616,524833.7175396788,1250000.0,5.000000000000001,5.000000000000001,104966.74350793574,50.210517238437816,104966.74350793574,50.210517238437816,51.1454707726719,51.12698948994746,1.0534687944899401,1.7565396271431464,0.551541108188461,0.40511954760480035,0.17124405276642918,0.8317819071269478,-0.7999053061737894,1039727.3839086847,1250000.0,5.000000000000001,5.000000000000001,207945.4767817369,53.179494780546584,207945.4767817369,53.179494780546584,24.68022205845034,24.701597066268047,0.3397258612053225,0.20417092833665879,0.551541108188461,0.40511954760480035,0.17124405276642918,0.9649144489758144,-0.1551119026735875,1206143.061219768,1250000.0,5.000000000000001,5.000000000000001,241228.61224395354,53.82428818404679,241228.61224395354,53.82428818404679,10.83550615527103,11.022336435972237,0.1382367403217169,0.20417092833665879,0.11178991289675,0.09509765428076296,0.03059618523420706,0.968675482348063,-0.13821692330581598,1210844.3529350788,1250000.0,5.000000000000001,5.000000000000001,242168.87058701573,53.84118316341456,242168.87058701573,53.84118316341456,10.136695222223285,10.45927990982158,0.12769384716082613,0.174246292924701,0.14625219782482146,,
91,3,4.55,1,0.4016832670905589,-3.961162592854936,502104.08386319864,1250000.0,5.000000000000001,5.000000000000001,100420.81677263971,50.01823749386544,100420.81677263971,50.01823749386544,52.221650314913134,52.23951108418419,,,,,,0.4220196057780386,-3.746673725373093,527524.5072225482,1250000.0,5.000000000000001,5.000000000000001,105504.90144450963,50.23272636134728,105504.90144450963,50.23272636134728,51.04808294065332,51.02610323314453,1.046153556600481,1.731382759149565,0.5497073784509149,0.4049577406679242,0.16934507084368064,0.8306741590843225,-0.8056929951627518,1038342.6988554031,1250000.0,5.000000000000001,5.000000000000001,207668.5397710806,53.17370709155762,207668.5397710806,53.17370709155762,24.762123137427167,24.778424592531074,0.340843194310301,0.203564837610236,0.5497073784509149,0.4049577406679242,0.16934507084368064,0.9649344423268583,-0.15502191633245382,1206168.0529085728,1250000.0,5.000000000000001,5.000000000000001,241233.6105817145,53.824378170387924,241233.6105817145,53.824378170387924,10.829085419444876,11.002162234716694,0.13722348613871532,0.203564837610236,0.11103131955512932,0.09581126394990465,0.030324088490704983,0.9714532231807808,-0.12578106442022347,1214316.528975976,1250000.0,5.000000000000001,5.000000000000001,242863.30579519513,53.85361902230015,242863.30579519513,53.85361902230015,9.731003091104736,10.19982310316555,0.12311576855585331,0.17393830773823132,0.12481628320351326,,
92,3,4.6000000000000005,2,0.40308531070522347,-3.946030281826076,503856.6383815293,1250000.0,5.000000000000001,5.000000000000001,100771.32767630584,50.0333698048943,100771.32767630584,50.0333698048943,52.15312508184345,52.160514352917986,,,,,,0.42114803316237454,-3.7556522320163044,526435.0414529681,1250000.0,5.000000000000001,5.000000000000001,105287.00829059361,50.22374785470407,105287.00829059361,50.22374785470407,51.0962774347795,51.08675899772862,1.0455940263357995,1.7474514070793148,0.5447485229644876,0.40389392375066524,0.16634046069432679,0.8326590359659931,-0.7953280064917652,1040823.7949574913,1250000.0,5.000000000000001,5.000000000000001,208164.75899149824,53.18407208022861,208164.75899149824,53.18407208022861,24.595643773693304,24.6214478120772,0.33789186964789,0.20434065920119945,0.5447485229644876,0.40389392375066524,0.16634046069432679,0.9648239066923842,-0.15551943993361042,1206029.8833654802,1250000.0,5.000000000000001,5.000000000000001,241205.976673096,53.82388064678676,241205.976673096,53.82388064678676,10.842420298554497,11.034535272139127,0.13748393861700098,0.20434065920119945,0.11022296807730578,0.09648534998618741,0.03003112985343519,0.9668878521315966,-0.14623896159932256,1208609.8151644957,1250000.0,5.000000000000001,5.000000000000001,241721.9630328991,53.83316112512105,241721.9630328991,53.83316112512105,10.41067344254841,11.410963922953645,0.14206203001230847,0.17353892934571746,0.15701348261768164,,
93,3,4.65,3,0.4065412894280973,-3.908953397128323,508176.6117851216,1250000.0,5.000000000000001,5.000000000000001,101635.3223570243,50.070446689592046,101635.3223570243,50.070446689592046,51.95308711038812,51.96235416139166,,,,,,0.4219309951991501,-3.74758570021016,527413.7439989377,1250000.0,5.000000000000001,5.000000000000001,105482.74879978751,50.231814386510216,105482.74879978751,50.231814386510216,51.08687034141688,51.08079737029183,1.0453006612824232,1.71588496980888,0.5439642398468516,0.40323596280507185,0.16444354047873277,0.8319839030184202,-0.7988507623079438,1039979.8787730252,1250000.0,5.000000000000001,5.000000000000001,207995.97575460502,53.18054932441243,207995.97575460502,53.18054932441243,24.65258330175292,24.68733410392445,0.33937162426486317,0.2017786972759566,0.5439642398468516,0.40323596280507185,0.16444354047873277,0.9657376384919889,-0.15140842146720498,1207172.0481149862,1250000.0,5.000000000000001,5.000000000000001,241434.4096229972,53.82799166525317,241434.4096229972,53.82799166525317,10.703828940918278,10.905291949712907,0.13582803901313928,0.2017786972759566,0.10950723621472877,0.0971592780320576,0.029765624772442455,0.9688740157951683,-0.13732691269255992,1211092.5197439604,1250000.0,5.000000000000001,5.000000000000001,242218.50394879203,53.84207317402782,242218.50394879203,53.84207317402782,10.104593281492956,10.767420705784136,0.13290878750248522,0.17324938027159018,0.14881772981970717,,
94,3,4.7,4,0.40381323747132336,-3.938194484767772,504766.5468391542,1250000.0,5.000000000000001,5.000000000000001,100953.30936783082,50.041205601952605,100953.30936783082,50.041205601952605,52.10691348742533,52.0923867716142,,,,,,0.42318739028403524,-3.734672814540856,528984.2378550441,1250000.0,5.000000000000001,5.000000000000001,105796.8475710088,50.24472727217952,105796.8475710088,50.24472727217952,50.984891367916546,51.03232751880539,1.0590502692950132,1.7516402673110467,0.542772500926758,0.4028294209521507,0.1626588452930276,0.8355946961611701,-0.780043253160075,1044493.3702014626,1250000.0,5.000000000000001,5.000000000000001,208898.6740402925,53.1993568335603,208898.6740402925,53.1993568335603,24.345029934500367,24.373039631096432,0.33469720734428743,0.2001324866619517,0.542772500926758,0.4028294209521507,0.1626588452930276,0.9662727964750094,-0.14900247002191266,1207840.9955937618,1250000.0,5.000000000000001,5.000000000000001,241568.19911875232,53.83039761669846,241568.19911875232,53.83039761669846,10.614946348252108,10.777465421753273,0.13422315229432744,0.2001324866619517,0.10882313302909233,0.09786670907695401,0.029536482904388102,0.9661485688185493,-0.14956085119843765,1207685.7110231866,1250000.0,5.000000000000001,5.000000000000001,241537.14220463726,53.829839235521945,241537.14220463726,53.829839235521945,10.584249448609278,11.501587704930031,0.14559570473096545,0.17333756711885212,0.1848747821034808,,
95,3,4.75,5,0.4080656781976413,-3.8926993155901757,510082.0977470516,1250000.0,5.000000000000001,5.000000000000001,102016.4195494103,50.086700771130204,102016.4195494103,50.086700771130204,51.859054379723965,51.88315945921776,,,,,,0.4292193180734476,-3.6732073977249806,536524.1475918095,1250000.0,5.000000000000001,5.000000000000001,107304.82951836188,50.306192688995395,107304.82951836188,50.306192688995395,50.584675007523785,50.57508756007355,1.0239679276557638,1.7109641274102056,0.5402674551325684,0.40192141860849107,0.16035913073951327,0.8347260195782353,-0.7845604872096158,1043407.5244727941,1250000.0,5.000000000000001,5.000000000000001,208681.5048945588,53.19483959951076,208681.5048945588,53.19483959951076,24.428497893511917,24.46287650199779,0.3363305676572081,0.2027638545414149,0.5402674551325684,0.40192141860849107,0.16035913073951327,0.965074398187554,-0.1543920533303703,1206342.9977344426,1250000.0,5.000000000000001,5.000000000000001,241268.59954688846,53.825008033390006,241268.59954688846,53.825008033390006,10.809604363331873,10.984983561817469,0.13710526048504873,0.2027638545414149,0.10814159906513923,0.09854545665686809,0.029294115517787878,0.9674693906805053,-0.14362766535244226,1209336.7383506317,1250000.0,5.000000000000001,5.000000000000001,241867.3476701263,53.835772421367935,241867.3476701263,53.835772421367935,10.366341036272287,11.22769115170274,0.1396025231586507,0.17361269899700252,0.17204259852701453,,
96,3,4.800000000000001,6,0.3976096840227691,-4.00543046642847,497012.1050284614,1250000.0,5.000000000000001,5.000000000000001,99402.42100569226,49.97396962029191,99402.42100569226,49.97396962029191,52.44679645528906,52.42368048974125,,,,,,0.4188007892572886,-3.779925085362654,523500.98657161073,1250000.0,5.000000000000001,5.000000000000001,104700.19731432213,50.19947500135772,104700.19731432213,50.19947500135772,51.23412857548029,51.21966536399411,1.0487643456279856,1.7476167547095405,0.5379707641396533,0.4013019302519729,0.15831988378365902,0.8364706413429136,-0.7754929741111778,1045588.301678642,1250000.0,5.000000000000001,5.000000000000001,209117.66033572837,53.2039071126092,209117.66033572837,53.2039071126092,24.29186137784246,24.331923520258766,0.33399341979036096,0.20120643549857253,0.5379707641396533,0.4013019302519729,0.15831988378365902,0.9655308234226022,-0.1523385732873551,1206913.5292782527,1250000.0,5.000000000000001,5.000000000000001,241382.7058556505,53.82706151343302,241382.7058556505,53.82706151343302,10.734051708589593,10.90285760147064,0.13518711980486353,0.20120643549857253,0.10739530441712801,0.09921212257987287,0.029052633019509232,0.9652820185871763,-0.15345783834861204,1206602.5232339704,1250000.0,5.000000000000001,5.000000000000001,241320.50464679403,53.82594224837177,241320.50464679403,53.82594224837177,10.669331234876157,11.347620245463474,0.14267330283503038,0.17295466061026357,0.18070890949710175,,
97,3,4.8500000000000005,7,0.4221678130442934,-3.7451488128444623,527709.7663053668,1250000.0,5.000000000000001,5.000000000000001,105541.95326107333,50.23425127387591,105541.95326107333,50.23425127387591,51.03109868178473,51.04358297508803,,,,,,0.42320927491536475,-3.7344482301345656,529011.593644206,1250000.0,5.000000000000001,5.000000000000001,105802.31872884117,50.24495185658581,105802.31872884117,50.24495185658581,50.982794566718944,51.01105284582653,1.0507164914418334,1.721649447793163,0.5350254479675222,0.4011745283281362,0.15648315896230874,0.8364764853728988,-0.7754626320885984,1045595.6067161234,1250000.0,5.000000000000001,5.000000000000001,209119.12134322466,53.20393745463178,209119.12134322466,53.20393745463178,24.27950559525751,24.32476064177076,0.3341293474473496,0.20151945865446746,0.5350254479675222,0.4011745283281362,0.15648315896230874,0.9652503488469454,-0.15360032747398344,1206562.9360586817,1250000.0,5.000000000000001,5.000000000000001,241312.5872117363,53.825799759246394,241312.5872117363,53.825799759246394,10.77316330640394,10.963180242715971,0.13685097171664617,0.20151945865446746,0.10668948723108074,0.0998875527991729,0.028817681002516284,0.9648025912352673,-0.15561538788431897,1206003.2390440842,1250000.0,5.000000000000001,5.000000000000001,241200.6478088168,53.82378469883606,241200.6478088168,53.82378469883606,10.73137998680935,11.578771381326593,0.14479385055029867,0.17357010318618193,0.15360471435394443,,
98,3,4.9,8,0.400257653129419,-3.976603553984184,500322.0664117738,1250000.0,5.000000000000001,5.000000000000001,100064.41328235474,50.00279653273619,100064.41328235474,50.00279653273619,52.34554400826615,52.354218267969976,,,,,,0.4251576899695498,-3.714499612866243,531447.1124619372,1250000.0,5.000000000000001,5.000000000000001,106289.42249238743,50.26490047385413,106289.42249238743,50.26490047385413,50.83356524027856,50.84346150028374,1.023217971017371,1.7226406943811239,0.5343830067269583,0.40060865475808216,0.15484708780963383,0.8368788394643822,-0.773374131667004,1046098.5493304778,1250000.0,5.000000000000001,5.000000000000001,209219.70986609554,53.20602595505338,209219.70986609554,53.20602595505338,24.245318575138693,24.283985721620578,0.3328519500990286,0.2023287631820097,0.5343830067269583,0.40060865475808216,0.15484708780963383,0.964846007016981,-0.15541996127197094,1206057.5087712263,1250000.0,5.000000000000001,5.000000000000001,241211.50175424523,53.8239801254484,241211.50175424523,53.8239801254484,10.84501368550784,11.012078323194006,0.13726789355557353,0.2023287631820097,0.10618279464376154,0.10056824890080429,0.02862212768753672,0.9627772124748971,-0.16474197389036357,1203471.5155936214,1250000.0,5.000000000000001,5.000000000000001,240694.30311872423,53.81465811283001,240694.30311872423,53.81465811283001,11.096510792493163,12.104961800670626,0.15194987031142615,0.17492256895960862,0.1850156050283715,,
99,3,4.95,9,0.4068367777685986,-3.9057979404823326,508545.9722107483,1250000.0,5.000000000000001,5.000000000000001,101709.19444214964,50.073602146238045,101709.19444214964,50.073602146238045,51.94251898288003,51.954553465999254,,,,,,0.4296252946224806,-3.66910157030165,537031.6182781007,1250000.0,5.000000000000001,5.000000000000001,107406.32365562013,50.310298516418726,107406.32365562013,50.310298516418726,50.6279897557112,50.676340157395636,1.0493403607019336,1.7259406121309944,0.5309843799767097,0.3996483918297877,0.1525454794017576,0.8419982603795672,-0.7468880577865816,1052497.825474459,1250000.0,5.000000000000001,5.000000000000001,210499.56509489176,53.2325120289338,210499.56509489176,53.2325120289338,23.833212162868264,23.869362995487972,0.32778582763864256,0.19807117859320775,0.5309843799767097,0.3996483918297877,0.1525454794017576,0.9667084453519335,-0.1470448730995536,1208385.5566899169,1250000.0,5.000000000000001,5.000000000000001,241677.11133798334,53.83235521362082,241677.11133798334,53.83235521362082,10.543907202333667,10.731348699936282,0.13431045798404723,0.19807117859320775,0.10556962455243193,0.10120900860249164,0.028398497817571228,0.9677233770028534,-0.14248767701897955,1209654.2212535667,1250000.0,5.000000000000001,5.000000000000001,241930.8442507133,53.8369124097014,241930.8442507133,53.8369124097014,10.311099793008921,10.72503000212376,0.1309096890225636,0.17479089913438145,0.13570885714733544,,
100,3,5.0,10,0.4027849748681712,-3.949267383506668,503481.218585214,1250000.0,5.000000000000001,5.000000000000001,100696.24371704279,50.03013270321371,100696.24371704279,50.03013270321371,52.183228954305626,52.1721835727177,,,,,,0.42505843082110045,-3.715513653875151,531323.0385263755,1250000.0,5.000000000000001,5.000000000000001,106264.60770527509,50.263886432845226,106264.60770527509,50.263886432845226,50.88637671578658,50.88104152517297,1.0415999728987915,1.7130172611001224,0.5271012090974797,0.3987975944747375,0.15025882623143677,0.8417625900938746,-0.7481037922570017,1052203.2376173432,1250000.0,5.000000000000001,5.000000000000001,210440.6475234686,53.23129629446338,210440.6475234686,53.23129629446338,23.845454080117793,23.87040263658103,0.327293567348624,0.20007417438845293,0.5271012090974797,0.3987975944747375,0.15025882623143677,0.9659444635247776,-0.15047842402395026,1207430.579405972,1250000.0,5.000000000000001,5.000000000000001,241486.11588119436,53.82892166269642,241486.11588119436,53.82892166269642,10.669814331778834,10.865569063808298,0.13530507533072972,0.20007417438845293,0.10495467612364581,0.10183158698141195,0.028177274146549303,0.9670176812828424,-0.14565585055189312,1208772.101603553,1250000.0,5.000000000000001,5.000000000000001,241754.42032071055,53.833744236168485,241754.42032071055,53.833744236168485,10.398245015415455,11.117967151193557,0.13752098793246184,0.17392966269895085,0.15149058777662777,,
101,3,5.050000000000001,11,0.4135516734604443,-3.8347021743758707,516939.59182555537,1250000.0,5.000000000000001,5.000000000000001,103387.91836511105,50.144697912344505,103387.91836511105,50.144697912344505,51.57103227414831,51.55431359130508,,,,,,0.4252379252835558,-3.7136800941950514,531547.4066044447,1250000.0,5.000000000000001,5.000000000000001,106309.48132088892,50.26571999252532,106309.48132088892,50.26571999252532,50.813549113056666,50.804678945380026,1.0369368631010558,1.7244382907713245,0.5249757327790037,0.39769948773371216,0.14819006574936358,0.8438501914564182,-0.7373464673763007,1054812.7393205226,1250000.0,5.000000000000001,5.000000000000001,210962.5478641045,53.24205361934408,210962.5478641045,53.24205361934408,23.68363548408906,23.71971710716028,0.3252547267187727,0.1989389221098712,0.5249757327790037,0.39769948773371216,0.14819006574936358,0.9666956987437425,-0.14710213770837632,1208369.6234296781,1250000.0,5.000000000000001,5.000000000000001,241673.92468593558,53.832297949012,241673.92468593558,53.832297949012,10.548294628125735,10.712446174914103,0.13337501863670725,0.1989389221098712,0.10438882502520204,0.10244939729528131,0.02796595093756902,0.9658069470882555,-0.1510967502674337,1207258.6838603194,1250000.0,5.000000000000001,5.000000000000001,241451.73677206386,53.82830333645294,241451.73677206386,53.82830333645294,10.51458031768473,11.29489124406615,0.13928122295585293,0.17505401807263876,0.14823147946666473,,
102,3,5.1000000000000005,12,0.40477995785680576,-3.9278099915165527,505974.9473210072,1250000.0,5.000000000000001,5.000000000000001,101194.98946420143,50.05159009520383,101194.98946420143,50.05159009520383,52.0729884925582,52.084355654953114,,,,,,0.41994779157735684,-3.7680469826691745,524934.7394716961,1250000.0,5.000000000000001,5.000000000000001,104986.9478943392,50.211353104051206,104986.9478943392,50.211353104051206,51.14522244533316,51.13176533741328,1.0549735680212309,1.72586558590367,0.525052177501913,0.3973067613346411,0.14690127644924514,0.8416615669481518,-0.7486250369427343,1052076.9586851897,1250000.0,5.000000000000001,5.000000000000001,210415.39173703792,53.23077504977764,210415.39173703792,53.23077504977764,23.865894046963245,23.90705164689241,0.327796244059822,0.19794517903882716,0.525052177501913,0.3973067613346411,0.14690127644924514,0.9661228291440375,-0.1496765554273458,1207653.536430047,1250000.0,5.000000000000001,5.000000000000001,241530.70728600933,53.829723531293034,241530.70728600933,53.829723531293034,10.635935074329058,10.813734566154888,0.1348705257785649,0.19794517903882716,0.1037887070529564,0.10304496377561982,0.027748145480360465,0.9714616793466371,-0.1257432607452946,1214327.0991832963,1250000.0,5.000000000000001,5.000000000000001,242865.41983665922,53.85365682597509,242865.41983665922,53.85365682597509,9.727277678323116,10.56962542394059,0.12877533889647258,0.17387955381415862,0.1345935796138818,,
103,3,5.15,13,0.40305246965210373,-3.9463841341948704,503815.58706512966,1250000.0,5.000000000000001,5.000000000000001,100763.11741302592,50.03301595252551,100763.11741302592,50.03301595252551,52.14675757303028,52.17503674668694,,,,,,0.4207891848288158,-3.759354309967286,525986.4810360197,1250000.0,5.000000000000001,5.000000000000001,105197.29620720394,50.220045776753096,105197.29620720394,50.220045776753096,51.092077633904566,51.06878943183419,1.0365739895723183,1.7583005569841457,0.5226726418148572,0.3968367921782662,0.1451728139085321,0.8443642657804928,-0.7347015469021594,1055455.332225616,1250000.0,5.000000000000001,5.000000000000001,211091.06644512317,53.244698539818216,211091.06644512317,53.244698539818216,23.646107570491832,23.69153377512675,0.3246000399263632,0.19917432733298962,0.5226726418148572,0.3968367921782662,0.1451728139085321,0.966796275101538,-0.14665031522521357,1208495.3438769225,1250000.0,5.000000000000001,5.000000000000001,241699.06877538445,53.83274977149516,241699.06877538445,53.83274977149516,10.531772563123692,10.716157962377636,0.13384262667113556,0.19917432733298962,0.1031445225370532,0.10364773073843034,0.02752417307418928,0.9682234200687897,-0.1402441654781864,1210279.275085987,1250000.0,5.000000000000001,5.000000000000001,242055.85501719738,53.83915592124219,242055.85501719738,53.83915592124219,10.249516071406443,12.196626658979007,0.15519147075706088,0.1730213353328202,0.19375248327895042,,
104,3,5.2,14,0.4172985101411383,-3.7955316582420657,521623.13767642283,1250000.0,5.000000000000001,5.000000000000001,104324.62753528456,50.18386842847831,104324.62753528456,50.18386842847831,51.28804622582114,51.27720436361917,,,,,,0.42155135491869217,-3.751495104835436,526939.1936483652,1250000.0,5.000000000000001,5.000000000000001,105387.83872967302,50.22790498188493,105387.83872967302,50.22790498188493,51.08971080141824,51.09077039349885,1.0484290656086352,1.7229156712819322,0.5197919098047361,0.3960075448117557,0.14320469321884935,0.8456472007202653,-0.7281078440420738,1057059.0009003317,1250000.0,5.000000000000001,5.000000000000001,211411.8001800663,53.2512922426783,211411.8001800663,53.2512922426783,23.533436163617452,23.58557653820086,0.323797708445775,0.199563801352035,0.5197919098047361,0.3960075448117557,0.14320469321884935,0.9663015270456974,-0.14887334144806402,1207876.9088071217,1250000.0,5.000000000000001,5.000000000000001,241575.3817614243,53.83052674527231,241575.3817614243,53.83052674527231,10.608555691811674,10.795435162651097,0.13538269555856755,0.199563801352035,0.1024636168438698,0.10423593621726679,0.027283903036090063,0.96278398475186,-0.16471142526361363,1203479.980939825,1250000.0,5.000000000000001,5.000000000000001,240695.99618796498,53.814688661456756,240695.99618796498,53.814688661456756,11.080510379372436,12.009391183347347,0.15113370770914636,0.17328711077464243,0.19645549459966544,,
105,3,5.25,15,0.4024119424054614,-3.9532913917521197,503014.9280068268,1250000.0,5.000000000000001,5.000000000000001,100602.98560136533,50.02610869496826,100602.98560136533,50.02610869496826,52.18163827245801,52.15233624126982,,,,,,0.420482759513741,-3.7625180629066923,525603.4493921762,1250000.0,5.000000000000001,5.000000000000001,105120.68987843522,50.21688202381369,105120.68987843522,50.21688202381369,51.133048794160786,51.13930287479694,1.0547679950780222,1.7434588005922145,0.5183859592348191,0.3952488102415491,0.14155165790357727,0.845147133023913,-0.7306767744329791,1056433.9162798913,1250000.0,5.000000000000001,5.000000000000001,211286.78325597823,53.248723312287396,211286.78325597823,53.248723312287396,23.57117838059138,23.6268787828891,0.32383849601858977,0.19808375963189281,0.5183859592348191,0.3952488102415491,0.14155165790357727,0.9660568185406905,-0.14997329844320567,1207571.023175863,1250000.0,5.000000000000001,5.000000000000001,241514.2046351726,53.82942678827717,241514.2046351726,53.82942678827717,10.653025511459866,10.826054395240224,0.1347409518761921,0.19808375963189281,0.10190421840368091,0.10481739039385776,0.027060669343316312,0.9655472306973056,-0.15226477421070217,1206934.038371632,1250000.0,5.000000000000001,5.000000000000001,241386.80767432638,53.827135312509675,241386.80767432638,53.827135312509675,10.662737191952305,11.73843428241965,0.14673978894502657,0.17406148019712867,0.16572187658376386,,
106,3,5.300000000000001,16,0.4049404721087458,-3.9260881514290924,506175.59013593226,1250000.0,5.000000000000001,5.000000000000001,101235.11802718643,50.05331193529129,101235.11802718643,50.05331193529129,52.05311204757218,52.06875200358762,,,,,,0.4254268886502578,-3.7117506444882773,531783.6108128222,1250000.0,5.000000000000001,5.000000000000001,106356.72216256443,50.2676494422321,106356.72216256443,50.2676494422321,50.85369827760387,50.856170244047824,1.0301316120556994,1.7169604608173703,0.5172074934937585,0.3947520241628655,0.14009453120738344,0.8462444168515441,-0.7250418358132181,1057805.52106443,1250000.0,5.000000000000001,5.000000000000001,211561.10421288596,53.25435825090715,211561.10421288596,53.25435825090715,23.48233771817134,23.530726420822155,0.32332168203622125,0.1977527413795049,0.5172074934937585,0.3947520241628655,0.14009453120738344,0.9668680043173011,-0.14632811242152075,1208585.0053966264,1250000.0,5.000000000000001,5.000000000000001,241717.00107932524,53.83307197429885,241717.00107932524,53.83307197429885,10.517009123307238,10.683499103820795,0.13312722099760838,0.1977527413795049,0.10147139472626039,0.10540358290973362,0.02684796702205543,0.9665713726042781,-0.14766071709143622,1208214.2157553476,1250000.0,5.000000000000001,5.000000000000001,241642.84315106948,53.83173936962894,241642.84315106948,53.83173936962894,10.462668321489645,10.833408493368339,0.1322384332876209,0.17205663621411232,0.138891867758468,,
107,3,5.3500000000000005,17,0.396211050869972,-4.02073415559414,495263.813587465,1250000.0,5.000000000000001,5.000000000000001,99052.76271749298,49.958665931126234,99052.76271749298,49.958665931126234,52.54451136025464,52.52745389016489,,,,,,0.43099907875782895,-3.655236581242312,538748.8484472862,1250000.0,5.000000000000001,5.000000000000001,107749.76968945721,50.32416350547806,107749.76968945721,50.32416350547806,50.545411489595786,50.55618265185895,1.038331189079012,1.735326247213558,0.5127397521542782,0.39418081837277275,0.13810572450522823,0.8506868526397813,-0.7023027916185132,1063358.5657997266,1250000.0,5.000000000000001,5.000000000000001,212671.7131599453,53.27709729510186,212671.7131599453,53.27709729510186,23.104448094570337,23.14122916724424,0.31697041513887086,0.19626866586308972,0.5127397521542782,0.39418081837277275,0.13810572450522823,0.967552429417933,-0.1432549226257546,1209440.5367724162,1250000.0,5.000000000000001,5.000000000000001,241888.1073544832,53.836145164094624,241888.1073544832,53.836145164094624,10.405168488587156,10.555533302795022,0.13131461028408742,0.19626866586308972,0.10085525754424415,0.10599676656663062,0.026624116952098636,0.9687634845494013,-0.13782239350523026,1210954.3556867517,1250000.0,5.000000000000001,5.000000000000001,242190.8711373503,53.84157769321514,242190.8711373503,53.84157769321514,10.171618740646293,10.949847467583178,0.13481232391561093,0.17392148724224837,0.15431109763163925,,
108,3,5.4,18,0.414865588763781,-3.8209258645273914,518581.98595472623,1250000.0,5.000000000000001,5.000000000000001,103716.39719094522,50.158474222192986,103716.39719094522,50.158474222192986,51.415191057075255,51.41921807173325,,,,,,0.4291144199473747,-3.674268912041016,536393.0249342184,1250000.0,5.000000000000001,5.000000000000001,107278.60498684365,50.30513117467936,107278.60498684365,50.30513117467936,50.62236689947754,50.63819311863641,1.0415437709727882,1.7412364410173304,0.5090774609539809,0.3938682514599968,0.13640681094619153,0.8496110098321147,-0.7077986834552407,1062013.7622901434,1250000.0,5.000000000000001,5.000000000000001,212402.75245802864,53.27160140326513,212402.75245802864,53.27160140326513,23.198921820599956,23.24397084594184,0.3176980897515622,0.19729517797526058,0.5090774609539809,0.3938682514599968,0.13640681094619153,0.9666407629822997,-0.14734894728893813,1208300.9537278747,1250000.0,5.000000000000001,5.000000000000001,241660.1907455749,53.83205113943144,241660.1907455749,53.83205113943144,10.548208636092696,10.719333041992133,0.13335411111270767,0.19729517797526058,0.10017805009359122,0.10661033424305208,0.026424589292183685,0.967457177622748,-0.1436824897956861,1209321.472028435,1250000.0,5.000000000000001,5.000000000000001,241864.29440568696,53.83571759692469,241864.29440568696,53.83571759692469,10.3448536263338,11.027386878312424,0.13545698793165611,0.17257460940303787,0.15863947614685686,,
109,3,5.45,19,0.3956789477945456,-4.026570558746862,494598.684743182,1250000.0,5.000000000000001,5.000000000000001,98919.73694863638,49.95282952797352,98919.73694863638,49.95282952797352,52.59175534071843,52.59409581581309,,,,,,0.42848084008184245,-3.680685931871504,535601.050102303,1250000.0,5.000000000000001,5.000000000000001,107120.21002046058,50.298714154848874,107120.21002046058,50.298714154848874,50.66315565886436,50.677692663658945,1.0406624858366973,1.7238068198037564,0.5063479926169753,0.3933191097454436,0.13476284818471085,0.8534652211400516,-0.6881417176624707,1066831.5264250645,1250000.0,5.000000000000001,5.000000000000001,213366.30528501287,53.2912583690579,213366.30528501287,53.2912583690579,22.889004204483808,22.937269359043547,0.3138554749402393,0.1949184134825469,0.5063479926169753,0.3933191097454436,0.13476284818471085,0.9680522770277297,-0.1410118916718635,1210065.3462846621,1250000.0,5.000000000000001,5.000000000000001,242013.0692569324,53.838388195048516,242013.0692569324,53.838388195048516,10.326517883013755,10.490305205801434,0.1307096760068251,0.1949184134825469,0.09948250132115312,0.1072321693917299,0.02623198970106132,0.9688883523639914,-0.13726264998592755,1211110.4404549892,1250000.0,5.000000000000001,5.000000000000001,242222.0880909978,53.84213743673445,242222.0880909978,53.84213743673445,10.102832003418852,10.670062791686721,0.1308858087978234,0.17123205100088895,0.13713930126545593,,
110,3,5.5,20,0.4060559038609506,-3.9141417069137696,507569.8798261882,1250000.0,5.000000000000001,5.000000000000001,101513.97596523762,50.06525837980661,101513.97596523762,50.06525837980661,51.97880345420759,51.98608364116948,,,,,,0.4254377546052655,-3.7116397214563213,531797.1932565819,1250000.0,5.000000000000001,5.000000000000001,106359.43865131636,50.26776036526406,106359.43865131636,50.26776036526406,50.8571713126977,50.82866934285621,1.0343790559266055,1.7161572514232262,0.5035290742972922,0.3922568962137515,0.13290008957214183,0.852623243088459,-0.6924283236508935,1065779.0538605738,1250000.0,5.000000000000001,5.000000000000001,213155.81077211472,53.28697176306949,213155.81077211472,53.28697176306949,22.950159718430236,23.002852448480738,0.3137636153926421,0.19686262656595915,0.5035290742972922,0.3922568962137515,0.13290008957214183,0.9671333376943891,-0.14513646048463852,1208916.6721179865,1250000.0,5.000000000000001,5.000000000000001,241783.33442359726,53.83426362623574,241783.33442359726,53.83426362623574,10.478219286665778,10.644929012169623,0.1319471627014722,0.19686262656595915,0.09885367629946575,0.1078264325965119,0.026046517743788956,0.9703253706305597,-0.1308261318198336,1212906.7132881996,1250000.0,5.000000000000001,5.000000000000001,242581.34265763988,53.848573954900544,242581.34265763988,53.848573954900544,9.92403649975725,10.470877343017857,0.13010084568180064,0.17495485898081037,0.13701734200043325,,
111,3,5.550000000000001,21,0.40479908254486646,-3.9276048047199597,505998.85318108305,1250000.0,5.000000000000001,5.000000000000001,101199.77063621659,50.05179528200042,101199.77063621659,50.05179528200042,52.031420444294284,52.02719116281553,,,,,,0.4221392138292785,-3.7454430300161112,527674.0172865981,1250000.0,5.000000000000001,5.000000000000001,105534.8034573196,50.23395705670427,105534.8034573196,50.23395705670427,51.017795988133535,51.02099731173327,1.0667185184437242,1.7404825860191486,0.502243740251447,0.3916642851480878,0.1315189048099408,0.8538223130032826,-0.6863249993312726,1067277.8912541033,1250000.0,5.000000000000001,5.000000000000001,213455.5782508206,53.293075087389106,213455.5782508206,53.293075087389106,22.86783526849202,22.928139409461558,0.31306842794287915,0.19483748971354903,0.502243740251447,0.3916642851480878,0.1315189048099408,0.9673877011454195,-0.14399438302361256,1209234.6264317743,1250000.0,5.000000000000001,5.000000000000001,241846.92528635482,53.83540570369676,241846.92528635482,53.83540570369676,10.430026787784488,10.612865932226063,0.13181160568654374,0.19483748971354903,0.09816083925780039,0.108424059711165,0.025871368458581727,0.9713590078328248,-0.1262022806871047,1214198.759791031,1250000.0,5.000000000000001,5.000000000000001,242839.75195820615,53.853197806033265,242839.75195820615,53.853197806033265,9.765464755609461,10.330192575013717,0.1263623586703291,0.17217225872697495,0.14982494084314552,,
112,3,5.6000000000000005,22,0.39614717897133317,-4.021434324082152,495183.9737141665,1250000.0,5.000000000000001,5.000000000000001,99036.79474283328,49.95796576263822,99036.79474283328,49.95796576263822,52.563633261217504,52.56969017740283,,,,,,0.4137099490619111,-3.833040348919346,517137.43632738886,1250000.0,5.000000000000001,5.000000000000001,103427.48726547776,50.14635973780103,103427.48726547776,50.14635973780103,51.50859499808073,51.542081126691166,1.0380671521925309,1.720436775646385,0.5009204302401519,0.39062526979716683,0.12996225213587853,0.8553489280615244,-0.6785668454825883,1069186.1600769055,1250000.0,5.000000000000001,5.000000000000001,213837.23201538107,53.30083324123778,213837.23201538107,53.30083324123778,22.725903547415193,22.798998729859154,0.310794792198264,0.19587798672282009,0.5009204302401519,0.39062526979716683,0.12996225213587853,0.9676530194797799,-0.14280343868787446,1209566.2743497249,1250000.0,5.000000000000001,5.000000000000001,241913.25486994494,53.836596648032504,241913.25486994494,53.836596648032504,10.389274378767158,10.553842983427993,0.13079119429685457,0.19587798672282009,0.09746727971667042,0.10900312796248772,0.025694886331595744,0.9650417616041057,-0.15453892416018256,1206302.202005132,1250000.0,5.000000000000001,5.000000000000001,241260.44040102637,53.82486116256019,241260.44040102637,53.82486116256019,10.636319641764418,11.853398166744622,0.14852551148093807,0.17430895663949944,0.17660962321040452,,
113,3,5.65,23,0.403769436285473,-3.9386655848533096,504711.7953568413,1250000.0,5.000000000000001,5.000000000000001,100942.35907136824,50.040734501867064,100942.35907136824,50.040734501867064,52.094547626746945,52.08874109406713,,,,,,0.42702911299524465,-3.6954251564902005,533786.3912440558,1250000.0,5.000000000000001,5.000000000000001,106757.27824881114,50.28397493023017,106757.27824881114,50.28397493023017,50.75017885604135,50.72768586052699,1.0283850931183225,1.741695445527937,0.49897354162660956,0.39040574764923475,0.12869176005677851,0.8549730789453144,-0.680475599496827,1068716.348681643,1250000.0,5.000000000000001,5.000000000000001,213743.26973632854,53.298924487223545,213743.26973632854,53.298924487223545,22.757852239375506,22.81811314562591,0.311559405248365,0.192997532715759,0.49897354162660956,0.39040574764923475,0.12869176005677851,0.9680258020783908,-0.1411306670924555,1210032.2525979886,1250000.0,5.000000000000001,5.000000000000001,242006.45051959768,53.83826941962792,242006.45051959768,53.83826941962792,10.329449765297376,10.507078072643115,0.13000134114247744,0.192997532715759,0.09678525999413337,0.1095935604879231,0.02553497965259009,0.9652450305700058,-0.15362425602986335,1206556.2882125073,1250000.0,5.000000000000001,5.000000000000001,241311.2576425014,53.82577583069051,241311.2576425014,53.82577583069051,10.707172121160344,11.774324379911977,0.14804681107318957,0.17296218624591614,0.16505017744159117,,
114,3,5.7,24,0.4094944205415729,-3.877520112283848,511868.0256769662,1250000.0,5.000000000000001,5.000000000000001,102373.60513539321,50.10187997443652,102373.60513539321,50.10187997443652,51.799358701334235,51.8053951158009,,,,,,0.41981689355935753,-3.769400892600748,524771.1169491969,1250000.0,5.000000000000001,5.000000000000001,104954.22338983936,50.209999194119625,104954.22338983936,50.209999194119625,51.170122926096724,51.17702414989757,1.0345476744646498,1.727298995411775,0.49706453597037015,0.3898131457198005,0.12728705725289582,0.8563667075791359,-0.6734022483826945,1070458.3844739199,1250000.0,5.000000000000001,5.000000000000001,214091.67689478394,53.30599783833768,214091.67689478394,53.30599783833768,22.6310598520002,22.694920698713013,0.30913562291881025,0.19589744076682813,0.49706453597037015,0.3898131457198005,0.12728705725289582,0.9672065605685949,-0.1448076631490679,1209008.2007107437,1250000.0,5.000000000000001,5.000000000000001,241801.64014214868,53.83459242357131,241801.64014214868,53.83459242357131,10.46297600739612,10.631932604784325,0.13166359393091193,0.19589744076682813,0.09618400528260654,0.11017724081665252,0.02537841859673242,0.9672886771477932,-0.144438959452675,1209110.8464347415,1250000.0,5.000000000000001,5.000000000000001,241822.16928694825,53.834961127267704,241822.16928694825,53.834961127267704,10.278560993113537,11.350534988631631,0.14075765834345733,0.1722198822950634,0.1639745257499498,,
115,3,5.75,25,0.402119644033597,-3.9564471056531065,502649.5550419963,1250000.0,5.000000000000001,5.000000000000001,100529.91100839924,50.02295298106727,100529.91100839924,50.02295298106727,52.189778033994344,52.219949637635224,,,,,,0.4310737198103864,-3.654484528808133,538842.149762983,1250000.0,5.000000000000001,5.000000000000001,107768.42995259658,50.32491555791224,107768.42995259658,50.32491555791224,50.50743386816741,50.507810664531604,1.0372373009396738,1.739359199795873,0.4951951174078794,0.3892327125830583,0.12591885033714764,0.8589987394901321,-0.6600747345965606,1073748.424362665,1250000.0,5.000000000000001,5.000000000000001,214749.68487253296,53.31932535212381,214749.68487253296,53.31932535212381,22.41817432132883,22.485684110859005,0.30665333087134117,0.19337160398368244,0.4951951174078794,0.3892327125830583,0.12591885033714764,0.9683375955612235,-0.1397320640159571,1210421.9944515293,1250000.0,5.000000000000001,5.000000000000001,242084.39889030583,53.83966802270442,242084.39889030583,53.83966802270442,10.283121111920023,10.469353409476021,0.1304545777229405,0.19337160398368244,0.09562024604435301,0.1107554537572966,0.025230300721861637,0.9707343491228279,-0.12899602733381482,1213417.9364035348,1250000.0,5.000000000000001,5.000000000000001,242683.58728070694,53.85040405938656,242683.58728070694,53.85040405938656,9.824877837972569,10.164335654026331,0.1232814501353181,0.17264886804301507,0.1317405822790593,,
116,3,5.800000000000001,26,0.4050636153765943,-3.9247676533489355,506329.51922074286,1250000.0,5.000000000000001,5.000000000000001,101265.90384414856,50.05463243337144,101265.90384414856,50.05463243337144,51.99362126751655,51.9861277366078,,,,,,0.4304672351123088,-3.660598991498201,538084.043890386,1250000.0,5.000000000000001,5.000000000000001,107616.80877807717,50.31880109522217,107616.80877807717,50.31880109522217,50.540793614688255,50.56080280221538,1.0245214080352179,1.6978851353083673,0.4946958242943036,0.38889144142272897,0.12488035528284477,0.8570719189188991,-0.6698273387712046,1071339.8986486238,1250000.0,5.000000000000001,5.000000000000001,214267.97972972473,53.309572747949176,214267.97972972473,53.309572747949176,22.589615474212906,22.649507494644347,0.3080848892938101,0.19409502587748947,0.4946958242943036,0.38889144142272897,0.12488035528284477,0.9677292693946424,-0.14246123324889848,1209661.586743303,1250000.0,5.000000000000001,5.000000000000001,241932.31734866058,53.83693885347148,241932.31734866058,53.83693885347148,10.372426789118315,10.535187725678592,0.13088932589074592,0.19409502587748947,0.09506670723132479,0.11132942700027437,0.0250888352171516,0.9644651415590549,-0.15713464341637884,1205581.4269488186,1250000.0,5.000000000000001,5.000000000000001,241116.28538976368,53.822265443304,241116.28538976368,53.822265443304,10.824941869477609,11.469560441299574,0.1425066929461423,0.17379148544537043,0.19390151738065775,,
117,3,5.8500000000000005,27,0.40279225203972036,-3.9491889196340018,503490.31504965044,1250000.0,5.000000000000001,5.000000000000001,100698.06300993008,50.03021116708637,100698.06300993008,50.03021116708637,52.15463512525887,52.1558431735112,,,,,,0.4303817380561674,-3.661461649199623,537977.1725702093,1250000.0,5.000000000000001,5.000000000000001,107595.43451404183,50.31793843752075,107595.43451404183,50.31793843752075,50.527395611912844,50.53406927733441,1.0454241963980049,1.7454288782498466,0.4938159778643908,0.38858865934586995,0.12381268174358798,0.8598267964972349,-0.6558902422303705,1074783.4956215436,1250000.0,5.000000000000001,5.000000000000001,214956.69912430868,53.323509844490005,214956.69912430868,53.323509844490005,22.34888076869969,22.417847071297672,0.3052843778662822,0.19286165461753504,0.4938159778643908,0.38858865934586995,0.12381268174358798,0.9681994425704902,-0.14035171735027768,1210249.3032131128,1250000.0,5.000000000000001,5.000000000000001,242049.86064262252,53.8390483693701,242049.86064262252,53.8390483693701,10.302216471025853,10.491620980789358,0.12997888894040327,0.19286165461753504,0.09450283237035971,0.11191227097917597,0.024958306841351363,0.9612302824404767,-0.17172555710798637,1201537.8530505958,1250000.0,5.000000000000001,5.000000000000001,240307.57061011912,53.807674529612385,240307.57061011912,53.807674529612385,11.306750098691221,11.87032489475478,0.14893623472362508,0.173977187414599,0.17004006638517,,
118,3,5.9,28,0.4129240708499533,-3.8412979977822257,516155.08856244164,1250000.0,5.000000000000001,5.000000000000001,103231.0177124883,50.13810208893815,103231.0177124883,50.13810208893815,51.542995795345504,51.55902848433169,,,,,,0.4255633151932033,-3.710358165584846,531954.1439915041,1250000.0,5.000000000000001,5.000000000000001,106390.8287983008,50.269041921135525,106390.8287983008,50.269041921135525,50.82322523626662,50.8087136890331,1.0388522112205318,1.739431339534089,0.49101645381050574,0.38783504127305457,0.12229374243056731,0.8600993012712974,-0.6545140514648315,1075124.1265891218,1250000.0,5.000000000000001,5.000000000000001,215024.82531782432,53.324886035255545,215024.82531782432,53.324886035255545,22.31451187869002,22.36351811745174,0.3048618537375015,0.19183497420306134,0.49101645381050574,0.38783504127305457,0.12229374243056731,0.9683920353942426,-0.1394879109994052,1210490.0442428032,1250000.0,5.000000000000001,5.000000000000001,242098.0088485606,53.83991217572097,242098.0088485606,53.83991217572097,10.268817641636108,10.436854281916226,0.12818757766211694,0.19183497420306134,0.09385175637531792,0.11245299426430244,0.02480803473198166,0.9703832872998569,-0.1305669183640613,1212979.1091248211,1250000.0,5.000000000000001,5.000000000000001,242595.8218249642,53.84883316835632,242595.8218249642,53.84883316835632,9.920217473972649,10.559635754968841,0.1275015634435353,0.17358336267872126,0.12912846654229015,,
119,3,5.95,29,0.3947924859413748,-4.036311218211766,493490.60742671846,1250000.0,5.000000000000001,5.000000000000001,98698.12148534367,49.9430888685086,98698.12148534367,49.9430888685086,52.65595773045808,52.67792251515722,,,,,,0.41242285383163035,-3.846572769046116,515528.5672895379,1250000.0,5.000000000000001,5.000000000000001,103105.71345790756,50.132827317674256,103105.71345790756,50.132827317674256,51.597737351735496,51.58907666808567,1.0501552032467112,1.7357811892299608,0.4894522141019153,0.387283836648374,0.1210647001856863,0.8590195467048366,-0.6599695382944837,1073774.4333810457,1250000.0,5.000000000000001,5.000000000000001,214754.8866762091,53.31943054842589,214754.8866762091,53.31943054842589,22.41350299550998,22.46142874729472,0.3053106067214502,0.19371773482157323,0.4894522141019153,0.387283836648374,0.1210647001856863,0.9681501705298845,-0.14057273710008944,1210187.7131623556,1250000.0,5.000000000000001,5.000000000000001,242037.54263247107,53.83882734962029,242037.54263247107,53.83882734962029,10.306364906515446,10.49152214705737,0.13030236131192624,0.19371773482157323,0.09322421996396552,0.11299046763329426,0.024665181263537523,0.9634485593506735,-0.16171468332387928,1204310.6991883419,1250000.0,5.000000000000001,5.000000000000001,240862.13983766834,53.817685403396496,240862.13983766834,53.817685403396496,10.926716969479438,12.039084095611816,0.15068007180871784,0.1718503601904358,0.16416184701262365,,
120,4,6.0,0,0.4040934145242444,-3.9351822715964375,505116.76815530553,1250000.0,5.000000000000001,5.000000000000001,101023.3536310611,50.04421781512394,101023.3536310611,50.04421781512394,52.11309407656304,52.108989446788584,,,,,,0.4212634632894636,-3.7544620614698414,526579.3291118295,1250000.0,5.000000000000001,5.000000000000001,105315.86582236589,50.22493802525054,105315.86582236589,50.22493802525054,51.09880911030863,51.12601827621408,1.0232870022800857,1.7170333280862937,0.4878068097514294,0.3868566085436237,0.11988885378249206,0.858564525652216,-0.6622705975568084,1073205.65706527,1250000.0,5.000000000000001,5.000000000000001,214641.13141305395,53.31712948916356,214641.13141305395,53.31712948916356,22.458613423353828,22.493357442208946,0.3057867433718148,0.19162194082705614,0.4878068097514294,0.3868566085436237,0.11988885378249206,0.9679987075404253,-0.14125222555693226,1209998.3844255316,1250000.0,5.000000000000001,5.000000000000001,241999.67688510628,53.83814786116345,241999.67688510628,53.83814786116345,10.33508641823622,10.499353028412933,0.12963709855171307,0.19162194082705614,0.09260887128146886,0.1135215057888254,0.02452426027573592,0.9680580145326715,-0.1409861517463335,1210072.5181658394,1250000.0,5.000000000000001,5.000000000000001,242014.50363316783,53.83841393497404,242014.50363316783,53.83841393497404,10.281559314609718,11.11776228114617,0.13681100651735295,0.17402427328900685,0.1471066386930441,,
121,4,6.050000000000001,1,0.40234833179209467,-3.953977949956319,502935.4147401183,1250000.0,5.000000000000001,5.000000000000001,100587.08294802364,50.02542213676406,100587.08294802364,50.02542213676406,52.20819841774103,52.20623277766835,,,,,,0.4316369191863535,-3.6488141590483374,539546.1489829419,1250000.0,5.000000000000001,5.000000000000001,107909.22979658835,50.33058592767204,107909.22979658835,50.33058592767204,50.47437274345775,50.490374858797004,1.0450989141400948,1.7447696466230265,0.48436344397109005,0.38627342236464435,0.11841024197968544,0.8592039598985579,-0.6590373006382877,1074004.9498731974,1250000.0,5.000000000000001,5.000000000000001,214800.98997463944,53.320362786082086,214800.98997463944,53.320362786082086,22.394706870942493,22.433097155983127,0.3042521517499496,0.1928944988137862,0.48436344397109005,0.38627342236464435,0.11841024197968544,0.9677905978889199,-0.1421860138919986,1209738.2473611499,1250000.0,5.000000000000001,5.000000000000001,241947.64947222994,53.83721407282838,241947.64947222994,53.83721407282838,10.36392827651336,10.543738868830001,0.13012212904509207,0.1928944988137862,0.09188846481007887,0.11405105809040321,0.024377685445635747,0.9695884989001928,-0.13412544677176477,1211985.623625241,1250000.0,5.000000000000001,5.000000000000001,242397.12472504817,53.84527463994861,242397.12472504817,53.84527463994861,9.98275884685374,10.702024157121159,0.13143023358575698,0.17182455183895043,0.1485032849464189,,
122,4,6.1000000000000005,2,0.40121730440158865,-3.966203442357277,501521.63050198584,1250000.0,5.000000000000001,5.000000000000001,100304.32610039716,50.0131966443631,100304.32610039716,50.0131966443631,52.26897260910819,52.260601874086056,,,,,,0.42027328334369574,-3.764682170971004,525341.6041796197,1250000.0,5.000000000000001,5.000000000000001,105068.32083592392,50.214717915749375,105068.32083592392,50.214717915749375,51.15333106224678,51.19352938700622,1.0395033106019338,1.7284193318301178,0.4817446999006026,0.3858553726847093,0.11713689911517569,0.8609429173908891,-0.650256423720966,1076178.6467386114,1250000.0,5.000000000000001,5.000000000000001,215235.72934772223,53.329143662999414,215235.72934772223,53.329143662999414,22.245286366403654,22.27372167145373,0.30208339331051276,0.19199811835859665,0.4817446999006026,0.3858553726847093,0.11713689911517569,0.9681697840928938,-0.1404847551303189,1210212.2301161173,1250000.0,5.000000000000001,5.000000000000001,242042.44602322343,53.83891533159006,242042.44602322343,53.83891533159006,10.307274400514297,10.48502049981234,0.12908661700388918,0.19199811835859665,0.09114223548808255,0.11457971050282396,0.024233442399477393,0.9589625627118002,-0.18198347078601465,1198703.2033897503,1250000.0,5.000000000000001,5.000000000000001,239740.64067795002,53.79741661593436,239740.64067795002,53.79741661593436,11.498632516117494,12.528314563810602,0.15851247255648238,0.17320461265937162,0.1976520025500839,,
123,4,6.15,3,0.41292030976921656,-3.841337555273887,516150.3872115207,1250000.0,5.000000000000001,5.000000000000001,103230.07744230411,50.138062531446494,103230.07744230411,50.138062531446494,51.56158442343063,51.53174394998209,,,,,,0.4200860790277959,-3.766617100392132,525107.5987847449,1250000.0,5.000000000000001,5.000000000000001,105021.51975694895,50.212782986328236,105021.51975694895,50.212782986328236,51.15962807695069,51.170116001755204,1.043188875231792,1.7341355791747817,0.4802020650107912,0.3852340080283006,0.11596335308714682,0.860821309444724,-0.6508699067895507,1076026.636805905,1250000.0,5.000000000000001,5.000000000000001,215205.32736118097,53.32853017993082,215205.32736118097,53.32853017993082,22.253100723020523,22.284107064138006,0.3020258104755817,0.19097472547130545,0.4802020650107912,0.3852340080283006,0.11596335308714682,0.9679839795503682,-0.14131830347027408,1209979.9744379602,1250000.0,5.000000000000001,5.000000000000001,241995.994887592,53.838081783250104,241995.994887592,53.838081783250104,10.334919344989482,10.524973290100332,0.12927388603754197,0.19097472547130545,0.09044267842713172,0.11511232329361795,0.024101380516763117,0.9716216398814025,-0.12502821186354673,1214527.049851753,1250000.0,5.000000000000001,5.000000000000001,242905.40997035056,53.854371874856824,242905.40997035056,53.854371874856824,9.703406550792533,10.423346389507321,0.1278916838035092,0.17302764829164038,0.1354109842206052,,
124,4,6.2,4,0.3959601006425829,-4.023485740335016,494950.12580322864,1250000.0,5.000000000000001,5.000000000000001,98990.02516064572,49.955914346385356,98990.02516064572,49.955914346385356,52.55206101711591,52.56443756479175,,,,,,0.4229369091692934,-3.7372441286894134,528671.1364616167,1250000.0,5.000000000000001,5.000000000000001,105734.22729232332,50.24215595803096,105734.22729232332,50.24215595803096,50.99139105046716,51.018729707474684,1.0598860353082493,1.748078378528304,0.48001862982949134,0.3849324881608086,0.11511662347734512,0.8613692733450938,-0.6481062439450116,1076711.5916813673,1250000.0,5.000000000000001,5.000000000000001,215342.3183362734,53.331293842775366,215342.3183362734,53.331293842775366,22.21100997045256,22.225362042485223,0.3017440025073232,0.18857137858865144,0.48001862982949134,0.3849324881608086,0.11511662347734512,0.9686949130837414,-0.13812980871683855,1210868.6413546768,1250000.0,5.000000000000001,5.000000000000001,242173.72827093533,53.841270278003535,242173.72827093533,53.841270278003535,10.215383560702325,10.3735204183988,0.12733890561973393,0.18857137858865144,0.08980642614685241,0.11564547948749049,0.023978395412072473,0.9636822617336598,-0.16066134896042378,1204602.8271670747,1250000.0,5.000000000000001,5.000000000000001,240920.5654334149,53.81873873775995,240920.5654334149,53.81873873775995,10.952941736237857,12.1639100623284,0.15420242251060606,0.1732742837504943,0.1820253454958638,,
125,4,6.25,5,0.4088572896305441,-3.8842825468551414,511071.6120381801,1250000.0,5.000000000000001,5.000000000000001,102214.322407636,50.095117539865235,102214.322407636,50.095117539865235,51.833109342269424,51.87939637314706,,,,,,0.4224606770871902,-3.742137092440493,528075.8463589877,1250000.0,5.000000000000001,5.000000000000001,105615.16927179752,50.23726299427988,105615.16927179752,50.23726299427988,51.00583171878264,51.01425694618252,1.0129856021765349,1.7205582663074719,0.4797017046149413,0.38436676744177695,0.11416322384750813,0.862255148086412,-0.6436420400163085,1077818.935108015,1250000.0,5.000000000000001,5.000000000000001,215563.78702160297,53.335758046704065,215563.78702160297,53.335758046704065,22.12949234126906,22.144016449960766,0.30077020995073384,0.19129172673120196,0.4797017046149413,0.38436676744177695,0.11416322384750813,0.9684271759159642,-0.13933031926768913,1210533.9698949552,1250000.0,5.000000000000001,5.000000000000001,242106.793978991,53.84006976745269,242106.793978991,53.84006976745269,10.258908256123293,10.435314168131434,0.12854188928011645,0.19129172673120196,0.08919000541531612,0.11617201693435306,0.023858980814099304,0.9706929192417277,-0.1291813834276908,1213366.1490521596,1250000.0,5.000000000000001,5.000000000000001,242673.2298104319,53.85021870329268,242673.2298104319,53.85021870329268,9.843615313137912,10.232344308272124,0.12453703177858817,0.17375435462538458,0.1434276546484208,,
126,4,6.300000000000001,6,0.40339793819695524,-3.9426632583563173,504247.42274619406,1250000.0,5.000000000000001,5.000000000000001,100849.4845492388,50.03673682836406,100849.4845492388,50.03673682836406,52.12461121279944,52.107134593542256,,,,,,0.4153955051828885,-3.8153820709035142,519244.3814786106,1250000.0,5.000000000000001,5.000000000000001,103848.8762957221,50.164018015816865,103848.8762957221,50.164018015816865,51.43871359387778,51.425430350832826,1.0487503504361602,1.7400598206687306,0.4785507302462887,0.3833630081072054,0.11294352360098756,0.8628116129396957,-0.6408401818042498,1078514.5161746196,1250000.0,5.000000000000001,5.000000000000001,215702.90323492387,53.33855990491613,215702.90323492387,53.33855990491613,22.08455752681748,22.11080865189014,0.30046000905778253,0.18888180169135724,0.4785507302462887,0.3833630081072054,0.11294352360098756,0.9691624739976078,-0.13603410105393388,1211453.0924970098,1250000.0,5.000000000000001,5.000000000000001,242290.61849940193,53.843365985666445,242290.61849940193,53.843365985666445,10.139182730364054,10.314254476964429,0.1270696196777271,0.18888180169135724,0.08865393905310766,0.11666280195851433,0.023731016726700187,0.9681309485187164,-0.14065896438702147,1210163.6856483954,1250000.0,5.000000000000001,5.000000000000001,242032.73712967904,53.83874112233335,242032.73712967904,53.83874112233335,10.255419675469307,10.594294520813266,0.12999231597055977,0.17419625324558108,0.1358224422049173,,
127,4,6.3500000000000005,7,0.41020698730913296,-3.8699694629833274,512758.7341364162,1250000.0,5.000000000000001,5.000000000000001,102551.74682728323,50.10943062373705,102551.74682728323,50.10943062373705,51.7319704035252,51.76803111921438,,,,,,0.42155589002273425,-3.7514483831242385,526944.8625284178,1250000.0,5.000000000000001,5.000000000000001,105388.97250568355,50.22795170359614,105388.97250568355,50.22795170359614,51.08145158440632,51.12364281197462,1.0554064630935023,1.743797484058954,0.4769600477208099,0.38296464302481736,0.11190369425539422,0.8623216912596494,-0.6433068930712684,1077902.1140745617,1250000.0,5.000000000000001,5.000000000000001,215580.4228149123,53.336093193649106,215580.4228149123,53.336093193649106,22.11901771754743,22.141427784211366,0.3005812453221417,0.18907245768487999,0.4769600477208099,0.38296464302481736,0.11190369425539422,0.9683687583884576,-0.13959230257115304,1210460.947985572,1250000.0,5.000000000000001,5.000000000000001,242092.18959711437,53.83980778414922,242092.18959711437,53.83980778414922,10.271793003277669,10.429786414302672,0.12805851671293625,0.18907245768487999,0.0880947763885381,0.1171657930034784,0.023612620329731233,0.9715746840863798,-0.12523809948451606,1214468.3551079747,1250000.0,5.000000000000001,5.000000000000001,242893.6710215949,53.85416198723586,242893.6710215949,53.85416198723586,9.614518791296948,10.231021080598955,0.12340014113015998,0.1712050553244812,0.1144055697126793,,
128,4,6.4,8,0.40062889099259746,-3.972577351566814,500786.11374074686,1250000.0,5.000000000000001,5.000000000000001,100157.22274814936,50.00682273515356,100157.22274814936,50.00682273515356,52.29128213545617,52.31073096502273,,,,,,0.42007877237662766,-3.7666926388600492,525098.4654707846,1250000.0,5.000000000000001,5.000000000000001,105019.6930941569,50.212707447860325,105019.6930941569,50.212707447860325,51.158009175202764,51.138781322317065,1.0432447775632476,1.746146879326388,0.4758660726943501,0.38210604645527874,0.1107831478796745,0.8632051084193757,-0.638859981771135,1079006.3855242196,1250000.0,5.000000000000001,5.000000000000001,215801.27710484387,53.34054010494924,215801.27710484387,53.34054010494924,22.048362545207112,22.080702515099684,0.2987619931017752,0.1892741561184082,0.4758660726943501,0.38210604645527874,0.1107831478796745,0.9688308004469117,-0.13752062834137446,1211038.5005586396,1250000.0,5.000000000000001,5.000000000000001,242207.7001117279,53.841879458379005,242207.7001117279,53.841879458379005,10.191515374624036,10.344462964492838,0.1256423413749274,0.1892741561184082,0.08762660999889932,0.11764836977699704,0.02348927249754293,0.960613515494265,-0.17451307283474551,1200766.8943678313,1250000.0,5.000000000000001,5.000000000000001,240153.37887356622,53.80488701388563,240153.37887356622,53.80488701388563,11.287870121943337,11.875688800063443,0.14900035609939802,0.17355877669924172,0.1843334928541195,,
129,4,6.45,9,0.40804897592690836,-3.892877077476423,510061.2199086354,1250000.0,5.000000000000001,5.000000000000001,102012.24398172706,50.086523009243955,102012.24398172706,50.086523009243955,51.873624745020706,51.85565490644183,,,,,,0.43478986191834623,-3.617205909984632,543487.3273979328,1250000.0,5.000000000000001,5.000000000000001,108697.46547958654,50.36219417673574,108697.46547958654,50.36219417673574,50.278949868456415,50.25790094748261,1.042210127280847,1.7229886294617576,0.47400201890919147,0.3817069860049699,0.10974302506227998,0.8640464455419827,-0.6346291203447468,1080058.0569274784,1250000.0,5.000000000000001,5.000000000000001,216011.61138549563,53.34477096637563,216011.61138549563,53.34477096637563,21.962889590821025,22.003263881822527,0.298881785295171,0.18884506992976074,0.47400201890919147,0.3817069860049699,0.10974302506227998,0.9688013621952575,-0.13765259219393428,1211001.7027440718,1250000.0,5.000000000000001,5.000000000000001,242200.34054881433,53.84174749452644,242200.34054881433,53.84174749452644,10.197440029483369,10.369405556105201,0.12738994755093092,0.18884506992976074,0.08715726069930477,0.11812420783579047,0.023360023889778554,0.9669083855996098,-0.146146732938631,1208635.4819995123,1250000.0,5.000000000000001,5.000000000000001,241727.09639990242,53.83325335378174,241727.09639990242,53.83325335378174,10.48407453477272,11.16940694398136,0.13879577810398097,0.17389097945049417,0.15253240432633294,,
130,4,6.5,10,0.40424503173832654,-3.9335530896488495,505306.2896729082,1250000.0,5.000000000000001,5.000000000000001,101061.25793458162,50.04584699707152,101061.25793458162,50.04584699707152,52.08066175000822,52.08447332566325,,,,,,0.42900123403808876,-3.675414585491648,536251.5425476109,1250000.0,5.000000000000001,5.000000000000001,107250.30850952216,50.30398550122872,107250.30850952216,50.30398550122872,50.62736663816258,50.59469563074968,1.0441221814857637,1.7273380661395852,0.4717276852004836,0.3802935623489688,0.10829059256221658,0.8647343345114344,-0.6311729690176553,1080917.918139293,1250000.0,5.000000000000001,5.000000000000001,216183.58362785858,53.34822711770272,216183.58362785858,53.34822711770272,21.89929609479332,21.9421801793653,0.2976327859870418,0.18877294589629562,0.4717276852004836,0.3802935623489688,0.10829059256221658,0.9687633564317938,-0.1378229678536089,1210954.1955397422,1250000.0,5.000000000000001,5.000000000000001,242190.8391079484,53.841577118866766,242190.8391079484,53.841577118866766,10.200705373629747,10.381951665616425,0.12779022311641564,0.18877294589629562,0.08673175230001047,0.11858396394923384,0.023229673960390523,0.9686955023527529,-0.1381271668509761,1210869.3779409411,1250000.0,5.000000000000001,5.000000000000001,242173.87558818818,53.8412729198694,242173.87558818818,53.8412729198694,10.202853614535474,10.60750081559786,0.13077237719519766,0.17236219209975376,0.14558943988744627,,
131,4,6.550000000000001,11,0.4029138610206107,-3.9478779177960983,503642.3262757634,1250000.0,5.000000000000001,5.000000000000001,100728.46525515267,50.031522168924276,100728.46525515267,50.031522168924276,52.18897997290892,52.17957239025291,,,,,,0.4170803063576153,-3.7978031612908234,521350.3829470191,1250000.0,5.000000000000001,5.000000000000001,104270.0765894038,50.18159692542955,104270.0765894038,50.18159692542955,51.36494402615797,51.420850649969225,1.0415483625389277,1.7472545589215467,0.4708232416955493,0.3799057340245571,0.10741485452541714,0.8667266549961785,-0.6211784709628853,1083408.318745223,1250000.0,5.000000000000001,5.000000000000001,216681.6637490446,53.358221615757486,216681.6637490446,53.358221615757486,21.72697255363498,21.772275875389493,0.29480829437353884,0.18825798123440526,0.4708232416955493,0.3799057340245571,0.10741485452541714,0.9690884524527044,-0.1363658140232966,1211360.5655658804,1250000.0,5.000000000000001,5.000000000000001,242272.11311317605,53.843034272697075,242272.11311317605,53.843034272697075,10.147261775038146,10.328741719722128,0.126450081826944,0.18825798123440526,0.08641145676385022,0.11903953490657264,0.023105845037182347,0.9693715718477637,-0.1350972070845209,1211714.4648097046,1250000.0,5.000000000000001,5.000000000000001,242342.89296194087,53.844302879635855,242342.89296194087,53.844302879635855,10.06939821014306,10.672101736607072,0.1308518601830196,0.17496905397149642,0.13825644436523568,,
132,4,6.6000000000000005,12,0.4067360585699604,-3.906873241683652,508420.07321245054,1250000.0,5.000000000000001,5.000000000000001,101684.01464249009,50.07252684503673,101684.01464249009,50.07252684503673,51.97079129545907,51.952852317364226,,,,,,0.4233171517279451,-3.7333413466821885,529146.4396599313,1250000.0,5.000000000000001,5.000000000000001,105829.28793198625,50.24605874003819,105829.28793198625,50.24605874003819,50.96020695421263,50.94339168595304,1.0347897638684103,1.7223103115124154,0.46983121486590473,0.3793148033926391,0.10646236995198563,0.8641448216683683,-0.6341346819142673,1080181.0270854603,1250000.0,5.000000000000001,5.000000000000001,216036.20541709202,53.345265404806106,216036.20541709202,53.345265404806106,21.945139662442564,21.986476763972746,0.29793537383409213,0.18728079352756968,0.46983121486590473,0.3793148033926391,0.10646236995198563,0.9687558301066925,-0.13785670833456218,1210944.7876333657,1250000.0,5.000000000000001,5.000000000000001,242188.9575266731,53.841543378385815,242188.9575266731,53.841543378385815,10.204736569471711,10.383153638099362,0.12700377931884468,0.18728079352756968,0.08608018817445756,0.11948585392382668,0.022977760657804117,0.9635128369690593,-0.16142494825146425,1204391.0462113242,1250000.0,5.000000000000001,5.000000000000001,240878.2092422648,53.81797513846891,240878.2092422648,53.81797513846891,10.656153349719515,10.98448692391075,0.13611722472643834,0.17075535743487075,0.16552282591072284,,
133,4,6.65,13,0.40461849875522005,-3.9295426559966735,505773.12344402506,1250000.0,5.000000000000001,5.000000000000001,101154.624688805,50.049857430723705,101154.624688805,50.049857430723705,52.04746606514756,52.064424605509124,,,,,,0.42162767287852027,-3.7507089261516384,527034.5910981504,1250000.0,5.000000000000001,5.000000000000001,105406.91821963005,50.22869116056874,105406.91821963005,50.22869116056874,51.05419575210826,51.03584838484727,1.0196337381860567,1.7206802408698252,0.4676254103921112,0.3781821612128172,0.10517385678871709,0.8665856191067239,-0.6218852231112518,1083232.023883405,1250000.0,5.000000000000001,5.000000000000001,216646.40477668095,53.357514863609126,216646.40477668095,53.357514863609126,21.733361630769892,21.768118372324643,0.2947621856844417,0.18882923908471083,0.4676254103921112,0.3781821612128172,0.10517385678871709,0.968968685053235,-0.13690258169398156,1211210.8563165436,1250000.0,5.000000000000001,5.000000000000001,242242.1712633087,53.842497505026394,242242.1712633087,53.842497505026394,10.1658691630593,10.329401360168628,0.12660730928065128,0.18882923908471083,0.08572238120222034,0.11991722948098112,0.022843240959246627,0.9652539942743318,-0.15358392565646112,1206567.4928429148,1250000.0,5.000000000000001,5.000000000000001,241313.4985685829,53.82581616106392,241313.4985685829,53.82581616106392,10.727717558888958,11.362801796474923,0.14078006022793194,0.17379882008524536,0.15643273708914826,,
134,4,6.7,14,0.41044378995230435,-3.8674631085891487,513054.73744038044,1250000.0,5.000000000000001,5.000000000000001,102610.94748807607,50.111936978131226,102610.94748807607,50.111936978131226,51.705991015133954,51.73778478545019,,,,,,0.42796469315323604,-3.6859205855975086,534955.8664415451,1250000.0,5.000000000000001,5.000000000000001,106991.173288309,50.293479501122874,106991.173288309,50.293479501122874,50.669901875966545,50.638513754150964,1.0313232048230179,1.7353318922629435,0.4653936953219938,0.3775673051324626,0.10408054317791274,0.867377063623032,-0.6179206624726842,1084221.32952879,1250000.0,5.000000000000001,5.000000000000001,216844.26590575796,53.36147942424769,216844.26590575796,53.36147942424769,21.674954858072738,21.71594098507179,0.29271472842150076,0.18766663634957242,0.4653936953219938,0.3775673051324626,0.10408054317791274,0.9684759349245835,-0.13911166332901664,1210594.9186557294,1250000.0,5.000000000000001,5.000000000000001,242118.98373114583,53.84028842339136,242118.98373114583,53.84028842339136,10.251183976525931,10.42942311364813,0.12659621811258479,0.18766663634957242,0.08537174991771099,0.12038034288741639,0.022722507743946758,0.9645495025390666,-0.15675478618468336,1205686.8781738332,1250000.0,5.000000000000001,5.000000000000001,241137.37563476662,53.82264530053569,241137.37563476662,53.82264530053569,10.625971107241398,11.306536571728781,0.14125084570189106,0.17317269018110903,0.15885567494774086,,
135,4,6.75,15,0.40959589042816436,-3.876444093889753,511994.86303520546,1250000.0,5.000000000000001,5.000000000000001,102398.97260704107,50.10295599283062,102398.97260704107,50.10295599283062,51.785247516296025,51.779708639832755,,,,,,0.4333257555095278,-3.6318549711091634,541657.1943869097,1250000.0,5.000000000000001,5.000000000000001,108331.43887738192,50.34754511561121,108331.43887738192,50.34754511561121,50.42533039290232,50.40956992908001,1.0376491376890415,1.7470569296220222,0.464253242788547,0.37698938538497295,0.10314889448737659,0.8669313128432948,-0.6201531040711163,1083664.1410541185,1250000.0,5.000000000000001,5.000000000000001,216732.82821082367,53.35924698264926,216732.82821082367,53.35924698264926,21.707504649597404,21.740937334907443,0.29370496586390615,0.18706165351199727,0.464253242788547,0.37698938538497295,0.10314889448737659,0.969090453538165,-0.13635684621985286,1211363.0669227063,1250000.0,5.000000000000001,5.000000000000001,242272.6133845412,53.84304324050052,242272.6133845412,53.84304324050052,10.152106972481281,10.310460854963969,0.12587486712173385,0.18706165351199727,0.08507605486646728,0.12084616946194959,0.022610193750004594,0.9646238144302863,-0.15642020510761145,1205779.768037858,1250000.0,5.000000000000001,5.000000000000001,241155.95360757154,53.82297988161277,241155.95360757154,53.82297988161277,10.72160311854272,11.43206960842782,0.14500453448608464,0.17270343686785905,0.17286528660549427,,
136,4,6.800000000000001,16,0.40963208747382934,-3.8760603136081277,512040.10934228665,1250000.0,5.000000000000001,5.000000000000001,102408.02186845732,50.10333977311225,102408.02186845732,50.10333977311225,51.75941641982676,51.754432751743046,,,,,,0.42951020314745403,-3.670265149107249,536887.7539343175,1250000.0,5.000000000000001,5.000000000000001,107377.55078686347,50.30913493761312,107377.55078686347,50.30913493761312,50.59477921278343,50.589706601511025,1.0298712864413702,1.728882997541568,0.46338846681298407,0.37668535118412694,0.10236705085336413,0.8680562909082618,-0.614521111850639,1085070.3636353272,1250000.0,5.000000000000001,5.000000000000001,217014.0727270654,53.36487897486974,217014.0727270654,53.36487897486974,21.60978287267289,21.6396155117885,0.29274259023919047,0.1877282194960056,0.46338846681298407,0.37668535118412694,0.10236705085336413,0.9694315339903299,-0.1348285750860525,1211789.4174879123,1250000.0,5.000000000000001,5.000000000000001,242357.88349758243,53.84457151163432,242357.88349758243,53.84457151163432,10.091067914264247,10.259778637279345,0.1257834951717241,0.1877282194960056,0.08480842814010096,0.12131304910492749,0.022504558400575175,0.964738241621495,-0.15590505972446256,1205922.8020268688,1250000.0,5.000000000000001,5.000000000000001,241184.56040537372,53.82349502699591,241184.56040537372,53.82349502699591,10.73631483569483,11.423094194886625,0.1432372368267318,0.17278595009508133,0.16509519444668294,,
137,4,6.8500000000000005,17,0.4130284205020105,-3.840200634948587,516285.5256275131,1250000.0,5.000000000000001,5.000000000000001,103257.10512550261,50.13919945177179,103257.10512550261,50.13919945177179,51.54788946728062,51.56916588373266,,,,,,0.41178956961115143,-3.853246580037813,514736.9620139393,1250000.0,5.000000000000001,5.000000000000001,102947.39240278784,50.12615350668256,102947.39240278784,50.12615350668256,51.6424186705101,51.62769215374825,1.0270210938125675,1.7247952426270765,0.4618709010098533,0.37638871075424607,0.10151208452025066,0.8679010501868653,-0.615297861224058,1084876.3127335815,1250000.0,5.000000000000001,5.000000000000001,216975.26254671626,53.36410222549632,216975.26254671626,53.36410222549632,21.627964902984097,21.673593423790077,0.2928003307579809,0.18663821155981145,0.4618709010098533,0.37638871075424607,0.10151208452025066,0.9689705677317083,-0.13689414348446602,1211213.2096646354,1250000.0,5.000000000000001,5.000000000000001,242242.64193292704,53.842505943235906,242242.64193292704,53.842505943235906,10.168894111485024,10.363346080608576,0.1271426977389863,0.18663821155981145,0.08447067867155666,0.12178313266295593,0.022399459613887732,0.9658049764011786,-0.15110561186652277,1207256.2205014732,1250000.0,5.000000000000001,5.000000000000001,241451.2441002946,53.82829447485385,241451.2441002946,53.82829447485385,10.563428709820274,11.578184660401975,0.1453185884324819,0.17205517489332603,0.1602868014282574,,
138,4,6.9,18,0.4063256651716847,-3.9112574501198,507907.0814646059,1250000.0,5.000000000000001,5.000000000000001,101581.41629292116,50.06814263660058,101581.41629292116,50.06814263660058,51.95852603701619,51.98841546217584,,,,,,0.4400301269547854,-3.5651758823583926,550037.6586934817,1250000.0,5.000000000000001,5.000000000000001,110007.53173869631,50.414224204361986,110007.53173869631,50.414224204361986,49.977808045368924,49.96160478419839,1.0345636279763295,1.7220307427550192,0.4578895092318481,0.3755394564612479,0.10017602526500817,0.8695302696616907,-0.6071529495140842,1086912.8370771133,1250000.0,5.000000000000001,5.000000000000001,217382.5674154226,53.372247137206294,217382.5674154226,53.372247137206294,21.480135178051768,21.496142882867957,0.2898629106380237,0.18626312120171185,0.4578895092318481,0.3755394564612479,0.10017602526500817,0.9690080054278968,-0.13672635024777055,1211260.006784871,1250000.0,5.000000000000001,5.000000000000001,242252.00135697416,53.842673736472605,242252.00135697416,53.842673736472605,10.15923564946053,10.30830498019386,0.12554590522596723,0.18626312120171185,0.08394926005842568,0.12223109700278838,0.022276550620786394,0.9725053709711481,-0.12107991465811624,1215631.713713935,1250000.0,5.000000000000001,5.000000000000001,243126.34274278698,53.85832017206226,243126.34274278698,53.85832017206226,9.551169282257398,10.322121799290297,0.12635979179037865,0.17355396166530832,0.13082353605879488,,
139,4,6.95,19,0.41803018181345325,-3.7879236099569864,522537.72726681654,1250000.0,5.000000000000001,5.000000000000001,104507.54545336329,50.191476476763384,104507.54545336329,50.191476476763384,51.2707642255647,51.29975864883055,,,,,,0.4214949429703357,-3.7520763160448927,526868.6787129196,1250000.0,5.000000000000001,5.000000000000001,105373.7357425839,50.22732377067548,105373.7357425839,50.22732377067548,51.06304012838634,51.04980079720144,1.0277243602771462,1.7172536838252561,0.4575322870078186,0.3748048389124677,0.09934695596397852,0.8696091261601512,-0.6067591117084504,1087011.407700189,1250000.0,5.000000000000001,5.000000000000001,217402.28154003774,53.37264097501192,217402.28154003774,53.37264097501192,21.4700118715688,21.490382841995874,0.28988404371114473,0.18779991513859523,0.4575322870078186,0.3748048389124677,0.09934695596397852,0.9686274730779607,-0.1384321726660825,1210784.3413474509,1250000.0,5.000000000000001,5.000000000000001,242156.86826949014,53.840967914054296,242156.86826949014,53.840967914054296,10.22836819462638,10.40811082488577,0.12708768967789227,0.18779991513859523,0.08343816607816476,0.1226594910945346,0.02214828694670366,0.9681743136965666,-0.1404644366147972,1210217.8921207082,1250000.0,5.000000000000001,5.000000000000001,242043.5784241416,53.83893565010558,242043.5784241416,53.83893565010558,10.206947729312217,11.01338986826519,0.13728907805685087,0.17414987328635767,0.1448098079769891,,
140,4,7.0,20,0.411053800927642,-3.861013316109576,513817.2511595525,1250000.0,5.000000000000001,5.000000000000001,102763.45023191048,50.1183867706108,102763.45023191048,50.1183867706108,51.688716834715464,51.74526761989314,,,,,,0.43629128653608,-3.602234605109725,545364.1081701,1250000.0,5.000000000000001,5.000000000000001,109072.82163401999,50.377165481610646,109072.82163401999,50.377165481610646,50.183411825742205,50.15747584933028,1.031027455560187,1.7237739025116192,0.4553531292347655,0.374346093611995,0.0983971503801827,0.8698094033623364,-0.6057590156111841,1087261.7542029205,1250000.0,5.000000000000001,5.000000000000001,217452.35084058405,53.37364107110919,217452.35084058405,53.37364107110919,21.470240089547154,21.480167592539683,0.2894846695488128,0.18658924735393584,0.4553531292347655,0.374346093611995,0.0983971503801827,0.9688940934597601,-0.13723691617646103,1211117.6168247,1250000.0,5.000000000000001,5.000000000000001,242223.52336493996,53.84216317054391,242223.52336493996,53.84216317054391,10.18146469079051,10.318855493313631,0.12545058610243276,0.18658924735393584,0.08286683178105325,0.12308609328498665,0.022018654904971798,0.9623335815554673,-0.16674358817997184,1202916.976944334,1250000.0,5.000000000000001,5.000000000000001,240583.39538886677,53.8126564985404,240583.39538886677,53.8126564985404,10.995384493237552,11.755518429035419,0.14752326096464258,0.17280872865481905,0.17194193778038278,,
141,4,7.050000000000001,21,0.40076775306282836,-3.971072303301443,500959.69132853544,1250000.0,5.000000000000001,5.000000000000001,100191.93826570707,50.008327783418935,100191.93826570707,50.008327783418935,52.28674402375431,52.2840812344837,,,,,,0.42092497076589364,-3.7579530959491403,526156.213457367,1250000.0,5.000000000000001,5.000000000000001,105231.2426914734,50.221446990771234,105231.2426914734,50.221446990771234,51.14274157550459,51.11876568453542,1.0301551683420844,1.7479916882198243,0.4542903345208618,0.3739983878676403,0.09762842983469114,0.8708391230417425,-0.6006206821675637,1088548.903802178,1250000.0,5.000000000000001,5.000000000000001,217709.7807604356,53.378779404552816,217709.7807604356,53.378779404552816,21.375750705912576,21.400741606302812,0.2889509274266839,0.18563546409833925,0.4542903345208618,0.3739983878676403,0.09762842983469114,0.9693607545486841,-0.1351456706422328,1211700.9431858552,1250000.0,5.000000000000001,5.000000000000001,242340.188637171,53.844254416078144,242340.188637171,53.844254416078144,10.101533833146124,10.272496938433969,0.12556673720663641,0.18563546409833925,0.08229440943593065,0.12351026646329358,0.021889578494678354,0.9711776190114558,-0.12701334559409094,1213972.0237643197,1250000.0,5.000000000000001,5.000000000000001,242794.4047528639,53.85238674112628,242794.4047528639,53.85238674112628,9.764137028599347,10.197083603557376,0.12477491755752515,0.17261265506026102,0.13895956573623464,,
142,4,7.1000000000000005,22,0.41086322026829597,-3.863027342539504,513579.02533537,1250000.0,5.000000000000001,5.000000000000001,102715.80506707398,50.116372744180865,102715.80506707398,50.116372744180865,51.681560456103625,51.67771062774582,,,,,,0.42602207843552575,-3.705678931642945,532527.5980444072,1250000.0,5.000000000000001,5.000000000000001,106505.51960888143,50.273721155077425,106505.51960888143,50.273721155077425,50.8301338689677,50.81117232015664,1.0252910178302215,1.7289743271388704,0.45256698917916094,0.37313542288580015,0.09662464054040186,0.8721051762219466,-0.5943113582620702,1090131.4702774333,1250000.0,5.000000000000001,5.000000000000001,218026.29405548662,53.3850887284583,218026.29405548662,53.3850887284583,21.252820426781952,21.278150321129345,0.28726753150639744,0.18568665215170238,0.45256698917916094,0.37313542288580015,0.09662464054040186,0.9695362219139282,-0.13435961022115067,1211920.2773924102,1250000.0,5.000000000000001,5.000000000000001,242384.055478482,53.84504047649923,242384.055478482,53.84504047649923,10.075714661653205,10.251484475550091,0.12542128593467075,0.18568665215170238,0.08169064578173373,0.12392560578251086,0.02175261231467514,0.9660102147783919,-0.15018281246582596,1207512.7684729898,1250000.0,5.000000000000001,5.000000000000001,241502.5536945979,53.829217274254546,241502.5536945979,53.829217274254546,10.603387047231417,11.373338401523817,0.1419373375183271,0.17164053129777074,0.16922282914653203,,
143,4,7.15,23,0.4001541779975573,-3.9777264429092227,500192.72249694663,1250000.0,5.000000000000001,5.000000000000001,100038.5444993893,50.001673643811145,100038.5444993893,50.001673643811145,52.35901120507983,52.36017718027465,,,,,,0.4193983580294051,-3.7737327415719073,524247.9475367564,1250000.0,5.000000000000001,5.000000000000001,104849.58950735127,50.20566734514847,104849.58950735127,50.20566734514847,51.193379739347726,51.18827375879664,1.0342381003642178,1.7388955716022036,0.45122049744532766,0.37226673979622443,0.0956759260094803,0.8724981550277827,-0.5923548272076002,1090622.6937847284,1250000.0,5.000000000000001,5.000000000000001,218124.53875694564,53.387045259512774,218124.53875694564,53.387045259512774,21.223659713339856,21.24384240909885,0.285971801350693,0.18547591596945584,0.45122049744532766,0.37226673979622443,0.0956759260094803,0.9691002905633165,-0.13631276216099894,1211375.3632041456,1250000.0,5.000000000000001,5.000000000000001,242275.07264082908,53.84308732455938,242275.07264082908,53.84308732455938,10.147729085056175,10.316222994825518,0.1248662373129219,0.18547591596945584,0.08111582830735817,0.12433079035635948,0.02161860382871186,0.9598362424017999,-0.17802855593482447,1199795.30300225,1250000.0,5.000000000000001,5.000000000000001,239959.06060044994,53.80137153078556,239959.06060044994,53.80137153078556,11.512096655210831,12.17339084570487,0.15424327553379297,0.1746028578637468,0.21341939691996742,,
144,4,7.2,24,0.40547061035411125,-3.920406191928991,506838.26294263906,1250000.0,5.000000000000001,5.000000000000001,101367.6525885278,50.058993894791385,101367.6525885278,50.058993894791385,52.018292770580885,52.02156069063229,,,,,,0.4244178171251964,-3.722063926388986,530522.2714064955,1250000.0,5.000000000000001,5.000000000000001,106104.45428129908,50.25733616033139,106104.45428129908,50.25733616033139,50.87632922610605,50.88056068157746,1.0251662440711244,1.7164045369991197,0.4502355772752241,0.37198529644653694,0.0949681877003449,0.8725098138308934,-0.5922967947636572,1090637.2672886169,1250000.0,5.000000000000001,5.000000000000001,218127.45345772334,53.38710329195671,218127.45345772334,53.38710329195671,21.225390118209734,21.24647095667035,0.2872465232628455,0.18697858890071567,0.4502355772752241,0.37198529644653694,0.0949681877003449,0.9695310620161073,-0.1343827235516615,1211913.8275201342,1250000.0,5.000000000000001,5.000000000000001,242382.7655040268,53.845017363168715,242382.7655040268,53.845017363168715,10.077499759432095,10.258846174158524,0.12540853362610424,0.18697858890071567,0.08051331027127746,0.12474151807934138,0.021489697666882294,0.9627749144083092,-0.1647523401393396,1203468.6430103865,1250000.0,5.000000000000001,5.000000000000001,240693.72860207726,53.81464774658103,240693.72860207726,53.81464774658103,11.040141514696318,12.031377929134699,0.15163917408491132,0.17468414257347875,0.18260631281731163,,
145,4,7.25,25,0.40113560735224996,-3.9670878556202798,501419.5091903124,1250000.0,5.000000000000001,5.000000000000001,100283.90183806246,50.0123122311001,100283.90183806246,50.0123122311001,52.27438840406874,52.257761691700864,,,,,,0.42522761585615193,-3.7137853854083156,531534.5198201899,1250000.0,5.000000000000001,5.000000000000001,106306.90396403796,50.26561470131206,106306.90396403796,50.26561470131206,50.87759602691956,50.89249059116715,1.038333578072126,1.7300244851328912,0.44993522992807583,0.37157944518621905,0.09431699903285655,0.8729434910285924,-0.5901386892762263,1091179.3637857405,1250000.0,5.000000000000001,5.000000000000001,218235.87275714806,53.38926139744415,218235.87275714806,53.38926139744415,21.19282098858924,21.21465098144927,0.28765950842956306,0.1863641326568427,0.44993522992807583,0.37157944518621905,0.09431699903285655,0.9698255819685193,-0.13306364290166342,1212281.977460649,1250000.0,5.000000000000001,5.000000000000001,242456.39549212978,53.846336443818714,242456.39549212978,53.846336443818714,10.031225737326979,10.198182116551385,0.12596966706073898,0.1863641326568427,0.07992589058952192,0.1251557655024688,0.02136457370258634,0.9705213235804592,-0.12994918171968395,1213151.654475574,1250000.0,5.000000000000001,5.000000000000001,242630.33089511475,53.84945090500069,242630.33089511475,53.84945090500069,9.865941761396627,10.425702353604844,0.12775204567076076,0.1733396523795612,0.12059441146316659,,
146,4,7.300000000000001,26,0.3995124116987034,-3.984697238630661,499390.5146233792,1250000.0,5.000000000000001,5.000000000000001,99878.10292467583,49.994702848089716,99878.10292467583,49.994702848089716,52.34763696971824,52.31958228283328,,,,,,0.42723735847921696,-3.693307787510337,534046.6980990212,1250000.0,5.000000000000001,5.000000000000001,106809.33961980422,50.28609229921003,106809.33961980422,50.28609229921003,50.71654494070965,50.76482413155696,1.024883024732388,1.712758257460387,0.44908015900247716,0.3707808747180536,0.09348883795637869,0.8729131699881947,-0.5902895408418288,1091141.4624852433,1250000.0,5.000000000000001,5.000000000000001,218228.29249704862,53.389110545878545,218228.29249704862,53.389110545878545,21.190049187263007,21.204477277972963,0.2868465923240502,0.18360508698849404,0.44908015900247716,0.3707808747180536,0.09348883795637869,0.9705041587283613,-0.13002599266953438,1213130.1984104516,1250000.0,5.000000000000001,5.000000000000001,242626.03968209028,53.84937409405084,242626.03968209028,53.84937409405084,9.91508476895881,10.078282049580897,0.12319691366279364,0.18360508698849404,0.07938164217726525,0.1255389065726029,0.021233119736507128,0.9615312516670851,-0.17036595766637488,1201914.0645838564,1250000.0,5.000000000000001,5.000000000000001,240382.81291677125,53.809034129054,240382.81291677125,53.809034129054,11.029030247816557,11.39858930876834,0.1430346563740522,0.17441912092870498,0.167890139311291,,
147,4,7.3500000000000005,27,0.408420038867096,-3.888929576823311,510525.04858387,1250000.0,5.000000000000001,5.000000000000001,102105.00971677399,50.09047050989707,102105.00971677399,50.09047050989707,51.83696867902755,51.84050639538303,,,,,,0.42167304634632335,-3.750241585231336,527091.3079329042,1250000.0,5.000000000000001,5.000000000000001,105418.26158658083,50.229158501489046,105418.26158658083,50.229158501489046,51.066340196024825,51.04909950509007,1.0425300680907674,1.7456379535725097,0.4475390545804473,0.37020563896916203,0.0926523892650309,0.8742833012587294,-0.5834781652233171,1092854.1265734117,1250000.0,5.000000000000001,5.000000000000001,218570.8253146823,53.395921921497056,218570.8253146823,53.395921921497056,21.072995725321622,21.08438818706488,0.2851014919591771,0.18428208664450568,0.4475390545804473,0.37020563896916203,0.0926523892650309,0.9699799156905491,-0.1323725809980712,1212474.8946131864,1250000.0,5.000000000000001,5.000000000000001,242494.97892263724,53.8470275057223,242494.97892263724,53.8470275057223,10.00004428231144,10.158748474527686,0.12479939441695682,0.18428208664450568,0.07875282567409025,0.12591384421591806,0.021094747965246484,0.9578090909497794,-0.18721045210943305,1197261.3636872242,1250000.0,5.000000000000001,5.000000000000001,239452.27273744481,53.792189634610935,239452.27273744481,53.792189634610935,11.783838966842287,12.365804797494272,0.15706661148802395,0.17418964993959282,0.2008541027649054,,
148,4,7.4,28,0.4060450126024758,-3.914258195230947,507556.26575309475,1250000.0,5.000000000000001,5.000000000000001,101511.25315061893,50.06514189148943,101511.25315061893,50.06514189148943,51.96732797393855,51.99134803957857,,,,,,0.4290081319549964,-3.675344755781895,536260.1649437455,1250000.0,5.000000000000001,5.000000000000001,107252.03298874908,50.30405533093848,107252.03298874908,50.30405533093848,50.6125377163783,50.618678017567504,1.0407618336794067,1.7372493388000283,0.4470917609317776,0.36942162726107197,0.09189124460347431,0.8740787130319897,-0.5844945627155382,1092598.3912899871,1250000.0,5.000000000000001,5.000000000000001,218519.67825799738,53.39490552400484,218519.67825799738,53.39490552400484,21.090139203374164,21.104354032036028,0.2848786367286302,0.18350823474181954,0.4470917609317776,0.36942162726107197,0.09189124460347431,0.9699785113079388,-0.13237886892269526,1212473.1391349235,1250000.0,5.000000000000001,5.000000000000001,242494.62782698465,53.84702121779768,242494.62782698465,53.84702121779768,9.997018118458811,10.148950434628153,0.12364299303991746,0.18350823474181954,0.07809338438815128,0.12628365664463775,0.020951295012934034,0.9632089689007591,-0.16279482143171767,1204011.211125949,1250000.0,5.000000000000001,5.000000000000001,240802.24222518975,53.81660526528866,240802.24222518975,53.81660526528866,11.060045848236872,12.181637761980255,0.15385508411486076,0.17185895833708492,0.1888657095078669,,
149,4,7.45,29,0.4030415408556397,-3.9465018950499715,503801.92606954963,1250000.0,5.000000000000001,5.000000000000001,100760.3852139099,50.032898191670405,100760.3852139099,50.032898191670405,52.16277897479483,52.134244176480955,,,,,,0.43514056271012963,-3.6137043097966255,543925.7033876621,1250000.0,5.000000000000001,5.000000000000001,108785.1406775324,50.36569577692375,108785.1406775324,50.36569577692375,50.26493039874941,50.29814256792138,1.0461241161207675,1.727540797521779,0.4463304746171655,0.3690654848217359,0.09123436355843259,0.8749881568375945,-0.5799782521184622,1093735.1960469931,1250000.0,5.000000000000001,5.000000000000001,218747.0392093986,53.39942183460192,218747.0392093986,53.39942183460192,21.010449123478352,21.029252406990924,0.28406418121074617,0.18438285831676962,0.4463304746171655,0.3690654848217359,0.09123436355843259,0.9699162602501383,-0.1326575983806126,1212395.3253126729,1250000.0,5.000000000000001,5.000000000000001,242479.06506253453,53.84674248833976,242479.06506253453,53.84674248833976,10.012361367618563,10.1819515211538,0.12390838252893202,0.18438285831676962,0.07747591322840344,0.1266803279188943,0.020826005861094798,0.9673839542628532,-0.14401120413444854,1209229.9428285665,1250000.0,5.000000000000001,5.000000000000001,241845.98856571325,53.835388882585924,241845.98856571325,53.835388882585924,10.393214602523999,10.903801309948864,0.13545528384006236,0.17186125042917855,0.16736441769995208,,
150,5,7.5,0,0.4046206085248123,-3.929520010988943,505775.76065601537,1250000.0,5.000000000000001,5.000000000000001,101155.15213120305,50.04988007573143,101155.15213120305,50.04988007573143,52.0463426399388,52.03496954966378,,,,,,0.43099855097260953,-3.655241899452027,538748.1887157619,1250000.0,5.000000000000001,5.000000000000001,107749.63774315236,50.32415818726835,107749.63774315236,50.32415818726835,50.50213274099936,50.5205986462867,1.0219837465210901,1.7317559874034525,0.44539500766277895,0.3678890136044804,0.09032034621288967,0.8750984409399265,-0.5794308988936712,1093873.0511749082,1250000.0,5.000000000000001,5.000000000000001,218774.6102349816,53.399969187826706,218774.6102349816,53.399969187826706,21.003546949193275,21.01267200194707,0.28328594352778835,0.18388839873763874,0.44539500766277895,0.3678890136044804,0.09032034621288967,0.9695989891136934,-0.13407845965096835,1211998.7363921166,1250000.0,5.000000000000001,5.000000000000001,242399.74727842328,53.8453216270694,242399.74727842328,53.8453216270694,10.06653866206502,10.21920852454452,0.1238495978819002,0.18388839873763874,0.07688934869278753,0.1270537986353701,0.020691827342191334,0.9651666757739447,-0.1539768135228256,1206458.3447174309,1250000.0,5.000000000000001,5.000000000000001,241291.66894348615,53.82542327319755,241291.66894348615,53.82542327319755,10.742999809798894,11.668015383155687,0.14601181194580154,0.17285349180386636,0.1715147791323258,,
151,5,7.550000000000001,1,0.4104466893408171,-3.8674324299916076,513058.36167602136,1250000.0,5.000000000000001,5.000000000000001,102611.67233520426,50.11196765672877,102611.67233520426,50.11196765672877,51.71210511264955,51.755804889773266,,,,,,0.4222118950220505,-3.7446953542990764,527764.8687775631,1250000.0,5.000000000000001,5.000000000000001,105552.9737555126,50.23470473242129,105552.9737555126,50.23470473242129,51.02459153854481,51.02307700620873,1.040960400880164,1.7177460487320537,0.44403626196506407,0.36732158231873907,0.08954445322613816,0.8765317928803241,-0.5723232689240122,1095664.741100405,1250000.0,5.000000000000001,5.000000000000001,219132.948220081,53.407076817796366,219132.948220081,53.407076817796366,20.873393170276575,20.881052394557948,0.2815704518065778,0.18422161752786212,0.44403626196506407,0.36732158231873907,0.08954445322613816,0.9702062983745385,-0.13135910352680058,1212757.8729681731,1250000.0,5.000000000000001,5.000000000000001,242551.57459363458,53.84804098319357,242551.57459363458,53.84804098319357,9.963543366821904,10.10689112107693,0.12286481841327634,0.18422161752786212,0.0762563563919221,0.12743214321647672,0.020562536912980413,0.9658640421374171,-0.15084001850575823,1207330.0526717713,1250000.0,5.000000000000001,5.000000000000001,241466.01053435422,53.82856006821462,241466.01053435422,53.82856006821462,10.618156333674575,11.033360351957679,0.13795573010788204,0.173373920286845,0.1574331750413893,,
152,5,7.6000000000000005,2,0.41780441554737313,-3.7902697450955083,522255.51943421643,1250000.0,5.000000000000001,5.000000000000001,104451.10388684327,50.18913034162487,104451.10388684327,50.18913034162487,51.26275004475174,51.290447777087806,,,,,,0.42439614726331504,-3.7222856734816485,530495.1840791438,1250000.0,5.000000000000001,5.000000000000001,106099.03681582875,50.257114413238725,106099.03681582875,50.257114413238725,50.91314242989379,50.918683626904446,1.0295693663742027,1.7281536835744595,0.44251570384374944,0.366879620077379,0.08880070892869195,0.8774084323749906,-0.5679819610348064,1096760.5404687382,1250000.0,5.000000000000001,5.000000000000001,219352.1080937476,53.41141812568557,219352.1080937476,53.41141812568557,20.80199478445116,20.819236146692955,0.2813704976661525,0.18251053074129564,0.44251570384374944,0.366879620077379,0.08880070892869195,0.9706775198571921,-0.12925028184701345,1213346.89982149,1250000.0,5.000000000000001,5.000000000000001,242669.37996429796,53.850149804873354,242669.37996429796,53.850149804873354,9.884371642262696,10.042412130426772,0.12311649022491103,0.18251053074129564,0.07562691830854043,0.12781782589710405,0.0204374042387549,0.962407916509157,-0.16640813263699653,1203009.8956364463,1250000.0,5.000000000000001,5.000000000000001,240601.97912728923,53.81299195408338,240601.97912728923,53.81299195408338,11.017179762795001,11.436977092630334,0.1431058080369086,0.17197582071963663,0.172307583066632,,
153,5,7.65,3,0.40685534225731085,-3.9055997708107815,508569.1778216385,1250000.0,5.000000000000001,5.000000000000001,101713.83556432769,50.073800315909594,101713.83556432769,50.073800315909594,51.92348208801816,51.89821353189793,,,,,,0.42064841127674,-3.7608074700760756,525810.514095925,1250000.0,5.000000000000001,5.000000000000001,105162.10281918499,50.2185926166443,105162.10281918499,50.2185926166443,51.10149977460618,51.094766629189266,1.0425185328140454,1.7471062336137186,0.4423940344062173,0.36613514772624517,0.08813179641868212,0.8760026977006385,-0.5749455639505039,1095003.3721257981,1250000.0,5.000000000000001,5.000000000000001,219000.67442515958,53.404454522769875,219000.67442515958,53.404454522769875,20.925531709383527,20.94452432317933,0.28225825992404296,0.18206141655030356,0.4423940344062173,0.36613514772624517,0.08813179641868212,0.9698382382240497,-0.13300696769969023,1212297.797780062,1250000.0,5.000000000000001,5.000000000000001,242459.55955601236,53.84639311902069,242459.55955601236,53.84639311902069,10.028477692844614,10.180568851922754,0.1228024055094084,0.18206141655030356,0.07507072042319363,0.1281777646281046,0.02031303625329193,0.9656136819059906,-0.15196589292048204,1207017.1023824883,1250000.0,5.000000000000001,5.000000000000001,241403.42047649762,53.82743419379989,241403.42047649762,53.82743419379989,10.665289403415454,11.318916357014189,0.14065346822374428,0.17166345708430739,0.16101667536223369,,
154,5,7.7,4,0.4063061998049968,-3.9114655074630256,507882.74975624605,1250000.0,5.000000000000001,5.000000000000001,101576.5499512492,50.06793457925735,101576.5499512492,50.06793457925735,51.95267221055362,51.99267391588776,,,,,,0.42682949959368,-3.6974557268706976,533536.8744921,1250000.0,5.000000000000001,5.000000000000001,106707.37489841998,50.28194435984968,106707.37489841998,50.28194435984968,50.782923786746416,50.771557002391425,1.0490413029228827,1.732694041256147,0.44029182843404324,0.3653080410838618,0.08722540283601028,0.8775947363453768,-0.5670599024534726,1096993.420431721,1250000.0,5.000000000000001,5.000000000000001,219398.68408634418,53.4123401842669,219398.68408634418,53.4123401842669,20.786795501492044,20.80526444636094,0.2812063027335953,0.18362644500685205,0.44029182843404324,0.3653080410838618,0.08722540283601028,0.9697288706919217,-0.13349674416098983,1212161.0883649022,1250000.0,5.000000000000001,5.000000000000001,242432.2176729804,53.84590334255939,242432.2176729804,53.84590334255939,10.039925588778136,10.196544487182724,0.12379165267120729,0.18362644500685205,0.07449795929187801,0.1285393889301361,0.020190833625167125,0.9672695553900117,-0.14452481340888473,1209086.9442375146,1250000.0,5.000000000000001,5.000000000000001,241817.38884750288,53.83487527331149,241817.38884750288,53.83487527331149,10.362183604963022,11.0224903238845,0.13606952974807562,0.1731670368975953,0.16297011020897592,,
155,5,7.75,5,0.3991316867704112,-3.98883792528502,498914.608463014,1250000.0,5.000000000000001,5.000000000000001,99782.92169260279,49.990562161435356,99782.92169260279,49.990562161435356,52.39482387972497,52.39999844684132,,,,,,0.42838663804426336,-3.6816408385826085,535483.2975553292,1250000.0,5.000000000000001,5.000000000000001,107096.65951106581,50.297759248137766,107096.65951106581,50.297759248137766,50.677534919136356,50.687880679495336,1.0479071041229562,1.7531049825918714,0.4384977097351923,0.3647046393926459,0.08642716049236208,0.8791264372225389,-0.5594865958017798,1098908.0465281736,1250000.0,5.000000000000001,5.000000000000001,219781.6093056347,53.419913490918596,219781.6093056347,53.419913490918596,20.642093325908608,20.662856459618972,0.2793087679270226,0.18313576298732984,0.4384977097351923,0.3647046393926459,0.08642716049236208,0.9704077347983967,-0.1304575051032636,1213009.668497996,1250000.0,5.000000000000001,5.000000000000001,242601.93369959915,53.848942581617116,242601.93369959915,53.848942581617116,9.929003019031473,10.088723948098957,0.12294769452684284,0.18313576298732984,0.07388873966971457,0.12889268528272071,0.02006417913287764,0.9656526629243937,-0.1517905754016009,1207065.828655492,1250000.0,5.000000000000001,5.000000000000001,241413.16573109836,53.82760951131878,241413.16573109836,53.82760951131878,10.449317438474392,10.828335623522348,0.13430829489478088,0.17279054381375675,0.14642129181017555,,
156,5,7.800000000000001,6,0.406315350317769,-3.9113677001330798,507894.18789721123,1250000.0,5.000000000000001,5.000000000000001,101578.83757944223,50.0680323865873,101578.83757944223,50.0680323865873,51.94600149952423,51.95707957824651,,,,,,0.4294472003083108,-3.6709022420602437,536809.0003853885,1250000.0,5.000000000000001,5.000000000000001,107361.80007707769,50.30849784466013,107361.80007707769,50.30849784466013,50.587038700038704,50.58337033829444,1.0307062425848756,1.727457033842208,0.43752335871740955,0.3641772213217751,0.08575549188004636,0.8794543121892113,-0.5578671729748486,1099317.8902365142,1250000.0,5.000000000000001,5.000000000000001,219863.57804730278,53.42153291374552,219863.57804730278,53.42153291374552,20.598044616775287,20.62104598922796,0.2794720243252585,0.18346601884469793,0.43752335871740955,0.3641772213217751,0.08575549188004636,0.9702308639738655,-0.13124914166418605,1212788.5799673318,1250000.0,5.000000000000001,5.000000000000001,242557.71599346632,53.84815094505619,242557.71599346632,53.84815094505619,9.957569687750752,10.105638641003596,0.12333946549138335,0.18346601884469793,0.07330815589035214,0.12925190111171744,0.019945613778810704,0.9626698376759855,-0.16522635265016888,1203337.297094982,1250000.0,5.000000000000001,5.000000000000001,240667.45941899632,53.81417373407021,240667.45941899632,53.81417373407021,11.1068603033769,11.57808857993453,0.14547921965482713,0.174043429444297,0.17058729687810995,,
157,5,7.8500000000000005,7,0.41335402073398514,-3.8367783359181553,516692.52591748146,1250000.0,5.000000000000001,5.000000000000001,103338.50518349628,50.14262175080222,103338.50518349628,50.14262175080222,51.512221159080056,51.48829828804493,,,,,,0.41927578884970584,-3.775002152796085,524094.7360621323,1250000.0,5.000000000000001,5.000000000000001,104818.94721242644,50.204397933924284,104818.94721242644,50.204397933924284,51.18962996420299,51.20594019089303,1.0400262982550812,1.7326072503390222,0.4366711559213887,0.36352223132363226,0.08506561615073405,0.8799559511447219,-0.5553906722890274,1099944.9389309024,1250000.0,5.000000000000001,5.000000000000001,219988.98778618043,53.424009414431346,219988.98778618043,53.424009414431346,20.554573243297416,20.585875253693125,0.2785400339018436,0.1819888423376717,0.4366711559213887,0.36352223132363226,0.08506561615073405,0.9711652231024209,-0.1270687783917967,1213956.5288780262,1250000.0,5.000000000000001,5.000000000000001,242791.3057756052,53.85233130832858,242791.3057756052,53.85233130832858,9.797793634942957,9.956978914127543,0.12139399728024869,0.1819888423376717,0.07274682294910154,0.12960497511453248,0.01982798177513713,0.967573383687843,-0.1431608685468627,1209466.7296098038,1250000.0,5.000000000000001,5.000000000000001,241893.34592196072,53.83623921817352,241893.34592196072,53.83623921817352,10.346724076413022,10.892250714441893,0.13600947001710448,0.171356713602831,0.14715701376643292,,
158,5,7.9,8,0.40624753338662895,-3.912092629111077,507809.41673328617,1250000.0,5.000000000000001,5.000000000000001,101561.88334665721,50.067307457609296,101561.88334665721,50.067307457609296,51.98002785475656,51.99104621209942,,,,,,0.4253968618298101,-3.712057182297726,531746.0772872627,1250000.0,5.000000000000001,5.000000000000001,106349.21545745252,50.26734290442265,106349.21545745252,50.26734290442265,50.8274533679119,50.841968562628615,1.0195714840997063,1.7173121465883554,0.4357655695302691,0.3631582219534642,0.08446149817246076,0.8812583189376008,-0.5489677031073745,1101572.898672001,1250000.0,5.000000000000001,5.000000000000001,220314.57973440015,53.430432383613,220314.57973440015,53.430432383613,20.437528458182822,20.46474176724734,0.27659522345380855,0.18089791010676914,0.4357655695302691,0.3631582219534642,0.08446149817246076,0.9713531325874952,-0.12622854898052177,1214191.415734369,1250000.0,5.000000000000001,5.000000000000001,242838.2831468738,53.853171537739854,242838.2831468738,53.853171537739854,9.763709126422828,9.927390634850136,0.12040308200110168,0.18089791010676914,0.07216592301440038,0.1299539069090436,0.01970966593887961,0.9664256271846992,-0.1483156216941091,1208032.0339808739,1250000.0,5.000000000000001,5.000000000000001,241606.40679617474,53.831084465026265,241606.40679617474,53.831084465026265,10.491234810834404,11.395637934547196,0.14220399607653963,0.17251354291821822,0.17838363662105566,,
159,5,7.95,9,0.4048715179908441,-3.9268277402064307,506089.3974885551,1250000.0,5.000000000000001,5.000000000000001,101217.87949771101,50.05257234651395,101217.87949771101,50.05257234651395,52.05296220085479,52.02840254260964,,,,,,0.4268079415699158,-3.6976750830121228,533509.9269623947,1250000.0,5.000000000000001,5.000000000000001,106701.98539247892,50.28172500370825,106701.98539247892,50.28172500370825,50.76566344741146,50.759599706748105,1.0220602936460184,1.7338752514135174,0.43434536277718816,0.3622992332516994,0.0836697658932344,0.8822964569515741,-0.5438546477130746,1102870.5711894676,1250000.0,5.000000000000001,5.000000000000001,220574.11423789346,53.4355454390073,220574.11423789346,53.4355454390073,20.344864855029215,20.370496406149236,0.27531549086158125,0.1822590981254657,0.43434536277718816,0.3622992332516994,0.0836697658932344,0.9706686651240494,-0.12928989932247853,1213335.8314050618,1250000.0,5.000000000000001,5.000000000000001,242667.16628101232,53.850110187397895,242667.16628101232,53.850110187397895,9.889552613280676,10.04494653041996,0.12297053141226626,0.1822590981254657,0.07155814668314842,0.13028416355979214,0.019585439577301612,0.9621216653305572,-0.16770005674555843,1202652.0816631964,1250000.0,5.000000000000001,5.000000000000001,240530.41633263926,53.811700029974816,240530.41633263926,53.811700029974816,11.147680538291656,11.890306627354482,0.15054077521599435,0.17106883691869418,0.18373968825365633,,
160,5,8.0,10,0.40420375264201935,-3.9339965879657774,505254.6908025242,1250000.0,5.000000000000001,5.000000000000001,101050.93816050483,50.045403498754595,101050.93816050483,50.045403498754595,52.06936110181173,52.063132610645695,,,,,,0.4285170417388631,-3.6803190189485506,535646.3021735789,1250000.0,5.000000000000001,5.000000000000001,107129.26043471576,50.29908106777182,107129.26043471576,50.29908106777182,50.65325078281287,50.648046034240835,1.020801847412115,1.721886747589361,0.4318158693396811,0.3613215004028151,0.08273130078152255,0.882116283143748,-0.544741611279095,1102645.353929685,1250000.0,5.000000000000001,5.000000000000001,220529.07078593696,53.43465847544128,220529.07078593696,53.43465847544128,20.36599349451867,20.395808109403045,0.2754366865677874,0.18275004193970265,0.4318158693396811,0.3613215004028151,0.08273130078152255,0.9707440609994773,-0.12895257782218675,1213430.0762493466,1250000.0,5.000000000000001,5.000000000000001,242686.0152498693,53.850447508898185,242686.0152498693,53.850447508898185,9.873394488527495,10.055198662079935,0.12264965151581371,0.18275004193970265,0.07097952726493414,0.13060459230392396,0.01946153262087121,0.9662596102555603,-0.14906173632269049,1207824.5128194503,1250000.0,5.000000000000001,5.000000000000001,241564.90256389003,53.83033835039768,241564.90256389003,53.83033835039768,10.556752202610982,11.184235812668042,0.139858024281865,0.17385546057685525,0.15249194176359013,,
161,5,8.05,11,0.4063861940491917,-3.9106105453835784,507982.74256148963,1250000.0,5.000000000000001,5.000000000000001,101596.54851229792,50.0687895413368,101596.54851229792,50.0687895413368,51.98603231089608,51.97020430454104,,,,,,0.4206404763210428,-3.760889394549924,525800.5954013035,1250000.0,5.000000000000001,5.000000000000001,105160.11908026069,50.218510692170454,105160.11908026069,50.218510692170454,51.12624590958109,51.1122806152729,1.0372788259539079,1.7477573678065887,0.42936627912314196,0.36032172051723643,0.08180819740768121,0.8852547229026333,-0.5293174756891292,1106568.4036282916,1250000.0,5.000000000000001,5.000000000000001,221313.68072565828,53.45008261103125,221313.68072565828,53.45008261103125,20.061808640797768,20.08247592230625,0.2716747139538851,0.18088621159143028,0.42936627912314196,0.36032172051723643,0.08180819740768121,0.9715979393667292,-0.12513414948224197,1214497.4242084115,1250000.0,5.000000000000001,5.000000000000001,242899.48484168225,53.85426593723813,242899.48484168225,53.85426593723813,9.725010302582735,9.885087910629439,0.11970017582328796,0.18088621159143028,0.07039009795411431,0.13090993636013332,0.01933127092452591,0.9677033865294591,-0.1425773911063288,1209629.2331618238,1250000.0,5.000000000000001,5.000000000000001,241925.84663236473,53.836822695614046,241925.84663236473,53.836822695614046,10.324398831851576,10.70076957075235,0.13199160314819244,0.17343586294873375,0.1505451896695716,,
162,5,8.1,12,0.41045833762557565,-3.86730918100108,513072.9220319696,1250000.0,5.000000000000001,5.000000000000001,102614.5844063939,50.1120909057193,102614.5844063939,50.1120909057193,51.731437956187825,51.71052848392276,,,,,,0.42900988200886875,-3.675327039633109,536262.3525110859,1250000.0,5.000000000000001,5.000000000000001,107252.47050221717,50.30407304708727,107252.47050221717,50.30407304708727,50.63514369380557,50.67591594353222,1.0116117041452504,1.714675875451777,0.42854431450432795,0.35971923230310743,0.08117988227495217,0.8840474781250397,-0.5352441040093482,1105059.3476562996,1250000.0,5.000000000000001,5.000000000000001,221011.86953125987,53.444155982711024,221011.86953125987,53.444155982711024,20.165534129843998,20.187325717820247,0.2730035359682085,0.18133094542241088,0.42854431450432795,0.35971923230310743,0.08117988227495217,0.9709371948250113,-0.12808861567882993,1213671.4935312641,1250000.0,5.000000000000001,5.000000000000001,242734.2987062528,53.85131147104155,242734.2987062528,53.85131147104155,9.834214294237702,10.015722837197286,0.12163699050795831,0.18133094542241088,0.06981802028353921,0.13122115324667072,0.019205766254676408,0.9683960023125334,-0.13947012060943645,1210495.0028906667,1250000.0,5.000000000000001,5.000000000000001,242099.0005781333,53.839929966110944,242099.0005781333,53.839929966110944,10.244878036671135,10.703538628034506,0.13191103456707048,0.17116713700134975,0.14305184548974542,,
163,5,8.15,13,0.3967627919419591,-4.014690623544668,495953.4899274489,1250000.0,5.000000000000001,5.000000000000001,99190.69798548977,49.96470946317571,99190.69798548977,49.96470946317571,52.56009542383223,52.58623805599306,,,,,,0.42147434579168835,-3.7522885477631855,526842.9322396105,1250000.0,5.000000000000001,5.000000000000001,105368.58644792208,50.227111538957196,105368.58644792208,50.227111538957196,51.11171063185041,51.14620336002734,1.0181705768740437,1.7223717327731087,0.42732321307271565,0.35929102567823495,0.08056298096348982,0.8855455599836578,-0.5278909010293189,1106931.9499795723,1250000.0,5.000000000000001,5.000000000000001,221386.38999591442,53.45150918569105,221386.38999591442,53.45150918569105,20.041244702285503,20.047178763065308,0.27160330475082656,0.18190923257534358,0.42732321307271565,0.35929102567823495,0.08056298096348982,0.9714348566071669,-0.12586317415835188,1214293.5707589586,1250000.0,5.000000000000001,5.000000000000001,242858.71415179168,53.85353691256203,242858.71415179168,53.85353691256203,9.750814578737007,9.893487880509776,0.12072235782598084,0.18190923257534358,0.06924754619995677,0.13153534037002876,0.019081431789462054,0.9547558328179069,-0.20107679743968399,1193444.7910223836,1250000.0,5.000000000000001,5.000000000000001,238688.9582044767,53.77832328928069,238688.9582044767,53.77832328928069,12.085251723771798,12.431365315548138,0.15961267995219977,0.1740797334284936,0.19464975922034516,,
164,5,8.200000000000001,14,0.4146941481306501,-3.822720930480845,518367.6851633126,1250000.0,5.000000000000001,5.000000000000001,103673.5370326625,50.156679156239534,103673.5370326625,50.156679156239534,51.44937556085407,51.4541139849562,,,,,,0.42709371037308036,-3.694768241956941,533867.1379663504,1250000.0,5.000000000000001,5.000000000000001,106773.42759327007,50.28463184476343,106773.42759327007,50.28463184476343,50.7480570237705,50.74409334714274,1.0160848062044685,1.7545994859113532,0.42647195831728774,0.35876515446967916,0.07996895087208758,0.884929753663368,-0.5309120253064713,1106162.19207921,1250000.0,5.000000000000001,5.000000000000001,221232.43841584196,53.44848806141391,221232.43841584196,53.44848806141391,20.103190099656018,20.11235320774769,0.27270015519605745,0.18150595826222898,0.42647195831728774,0.35876515446967916,0.07996895087208758,0.9715202463403083,-0.12548144336197753,1214400.3079253854,1250000.0,5.000000000000001,5.000000000000001,242880.06158507706,53.8539186433584,242880.06158507706,53.8539186433584,9.742547413618585,9.872842961088375,0.1207549752775637,0.18150595826222898,0.0687322175583779,0.13185041150450247,0.01896182705546654,0.9643599513135602,-0.1576083363746725,1205449.9391419503,1250000.0,5.000000000000001,5.000000000000001,241089.98782839003,53.82179175034571,241089.98782839003,53.82179175034571,10.817479558787143,11.309943233000498,0.14221793616814954,0.17228070200248516,0.1624165681935401,,
165,5,8.25,15,0.4081054350882801,-3.89227621318053,510131.79386035015,1250000.0,5.000000000000001,5.000000000000001,102026.35877207002,50.087123873539845,102026.35877207002,50.087123873539845,51.87242862234357,51.854829209870445,,,,,,0.421114426747931,-3.7559988004804543,526393.0334349137,1250000.0,5.000000000000001,5.000000000000001,105278.60668698273,50.22340128623992,105278.60668698273,50.22340128623992,51.06236697302862,51.031994751482024,1.0331231402901828,1.7344435829674534,0.424339903832098,0.3583434687417821,0.07927062999127202,0.886331660879766,-0.5240373687441447,1107914.5760997075,1250000.0,5.000000000000001,5.000000000000001,221582.91521994147,53.45536271797623,221582.91521994147,53.45536271797623,19.958851348638365,19.963997508917256,0.2702701595383735,0.18101331154637534,0.424339903832098,0.3583434687417821,0.07927062999127202,0.97150020855963,-0.12557101830758888,1214375.2606995376,1250000.0,5.000000000000001,5.000000000000001,242875.05213990746,53.853829068412786,242875.05213990746,53.853829068412786,9.746180687721958,9.880322249702102,0.11977352985934564,0.18101331154637534,0.06822189163056105,0.13217486227156963,0.018848613105657174,0.9661541510217745,-0.1495357586491938,1207692.688777218,1250000.0,5.000000000000001,5.000000000000001,241538.53775544357,53.82986432807118,241538.53775544357,53.82986432807118,10.528602452598724,10.990744457873358,0.13687763580121,0.17240140472317886,0.1660012435346305,,
166,5,8.3,16,0.4065544670204724,-3.908812627591442,508193.08377559046,1250000.0,5.000000000000001,5.000000000000001,101638.61675511807,50.07058745912893,101638.61675511807,50.07058745912893,51.93476139735467,51.92442297326578,,,,,,0.4241198100671478,-3.7251144175411124,530149.7625839347,1250000.0,5.000000000000001,5.000000000000001,106029.95251678693,50.25428566917927,106029.95251678693,50.25428566917927,50.94560361181613,50.915660552646614,1.0140450299074426,1.72282546621223,0.42255475822592026,0.3580550287059704,0.0786530873685469,0.8877161234433908,-0.5172589202811674,1109645.1543042385,1250000.0,5.000000000000001,5.000000000000001,221929.03086084765,53.46214116643921,221929.03086084765,53.46214116643921,19.83377020722188,19.85454817368019,0.26876171252736325,0.18180244550049968,0.42255475822592026,0.3580550287059704,0.0786530873685469,0.9715485564944785,-0.12535489155155413,1214435.6956180981,1250000.0,5.000000000000001,5.000000000000001,242887.1391236196,53.85404519516882,242887.1391236196,53.85404519516882,9.73912068064279,9.886637096627458,0.12102326506990188,0.18180244550049968,0.0676980140966688,0.13251468147368764,0.018743398720443977,0.967459590618906,-0.143671657795742,1209324.4882736325,1250000.0,5.000000000000001,5.000000000000001,241864.89765472646,53.83572842892463,241864.89765472646,53.83572842892463,10.348171478461797,11.508949750115402,0.14419482463182504,0.17345649195353924,0.17122462805819,,
167,5,8.35,17,0.4080206513011981,-3.8931785524545983,510025.8141264976,1250000.0,5.000000000000001,5.000000000000001,102005.1628252995,50.08622153426578,102005.1628252995,50.08622153426578,51.862184615683795,51.87348625964414,,,,,,0.423089932885971,-3.735673082638044,528862.4161074638,1250000.0,5.000000000000001,5.000000000000001,105772.48322149273,50.24372700408233,105772.48322149273,50.24372700408233,50.99001864916686,50.980527173817265,1.0448848206929224,1.7572065445426723,0.42204025421525565,0.357565499133894,0.07811815156045188,0.8860564538726274,-0.5253860675370008,1107570.5673407842,1250000.0,5.000000000000001,5.000000000000001,221514.1134681568,53.454014019183376,221514.1134681568,53.454014019183376,19.98685959292885,19.995903145666965,0.2700893444271202,0.1806664791411729,0.42204025421525565,0.357565499133894,0.07811815156045188,0.9703355187530368,-0.13078071148269335,1212919.398441296,1250000.0,5.000000000000001,5.000000000000001,242583.87968825919,53.848619375237675,242583.87968825919,53.848619375237675,9.948828878878409,10.079355780066914,0.12206222358166534,0.1806664791411729,0.06722527859229645,0.13284692666265363,0.018641471310725945,0.9638861695129605,-0.15974251233431772,1204857.7118912006,1250000.0,5.000000000000001,5.000000000000001,240971.5423782401,53.81965757438606,240971.5423782401,53.81965757438606,10.951751261950593,11.397391783346247,0.1438161509569793,0.1723448263553486,0.18354567742126107,,
168,5,8.4,18,0.4111737322805619,-3.8597463790867677,513967.1653507024,1250000.0,5.000000000000001,5.000000000000001,102793.43307014047,50.1196537076336,102793.43307014047,50.1196537076336,51.65701927527166,51.662765507093944,,,,,,0.4343000332649567,-3.6221013737323817,542875.0415811959,1250000.0,5.000000000000001,5.000000000000001,108575.00831623915,50.35729871298799,108575.00831623915,50.35729871298799,50.321008565058165,50.300816326821476,1.0325331049884139,1.7266327922870843,0.4195836104655718,0.35664453810433955,0.07728009800873557,0.8871619699973066,-0.5199708337638075,1108952.4624966332,1250000.0,5.000000000000001,5.000000000000001,221790.4924993266,53.45942925295657,221790.4924993266,53.45942925295657,19.88708979221504,19.910647171761074,0.26982411485559077,0.17994883734792796,0.4195836104655718,0.35664453810433955,0.07728009800873557,0.9714064301270995,-0.12599026084853476,1214258.0376588744,1250000.0,5.000000000000001,5.000000000000001,242851.60753177485,53.85340982587184,242851.60753177485,53.85340982587184,9.758918274508883,9.906664739834799,0.1203255763634137,0.17994883734792796,0.06671986276977623,0.13316701393307978,0.018534302398840262,0.9662964236686261,-0.1488962781225059,1207870.5295857827,1250000.0,5.000000000000001,5.000000000000001,241574.1059171565,53.83050380859787,241574.1059171565,53.83050380859787,10.501322580352747,10.963700328881151,0.13397805039641839,0.17353152302171013,0.1442526346840502,,
169,5,8.450000000000001,19,0.408969827721046,-3.883087314489267,511212.2846513075,1250000.0,5.000000000000001,5.000000000000001,102242.45693026148,50.09631277223111,102242.45693026148,50.09631277223111,51.82963500645862,51.82620749855115,,,,,,0.4222539332041192,-3.7442629637888496,527817.416505149,1250000.0,5.000000000000001,5.000000000000001,105563.48330102977,50.235137122931526,105563.48330102977,50.235137122931526,51.02755177138303,51.007690870654876,1.0296271703072826,1.7335140201411232,0.418393944808359,0.35647164397302056,0.07677372211898717,0.8884907102893401,-0.5134710864784051,1110613.3878616751,1250000.0,5.000000000000001,5.000000000000001,222122.67757233497,53.46592900024197,222122.67757233497,53.46592900024197,19.761946744179976,19.78563330692879,0.2675367946709702,0.18126393725144435,0.418393944808359,0.35647164397302056,0.07677372211898717,0.9712497305232629,-0.12669088687581345,1214062.1631540786,1250000.0,5.000000000000001,5.000000000000001,242812.4326308157,53.85270919984456,242812.4326308157,53.85270919984456,9.786927020146402,9.950071819387093,0.12146943277529523,0.18126393725144435,0.06627596221120564,0.13350353339973606,0.01843900615864788,0.967430123720405,-0.1438039372876831,1209287.6546505063,1250000.0,5.000000000000001,5.000000000000001,241857.53093010123,53.835596149432696,241857.53093010123,53.835596149432696,10.242990556354524,10.512202645809001,0.12953529167815478,0.1721179188446163,0.1364749254986038,,
170,5,8.5,20,0.40873113681975415,-3.8856227681269933,510913.9210246927,1250000.0,5.000000000000001,5.000000000000001,102182.78420493852,50.09377731859338,102182.78420493852,50.09377731859338,51.793465580419706,51.78929486570286,,,,,,0.4236061652992079,-3.730377276581782,529507.7066240099,1250000.0,5.000000000000001,5.000000000000001,105901.54132480196,50.24902281013859,105901.54132480196,50.24902281013859,50.96918817463657,50.95699427159179,1.0269101054346277,1.718471347524935,0.41657267606541437,0.35603294947528935,0.07613790825008036,0.8906517458571677,-0.5029207645452589,1113314.6823214595,1250000.0,5.000000000000001,5.000000000000001,222662.93646429185,53.476479322175116,222662.93646429185,53.476479322175116,19.554632602452564,19.567615634620314,0.26388213331073707,0.17895241250794233,0.41657267606541437,0.35603294947528935,0.07613790825008036,0.9718359798097744,-0.12407026302455242,1214794.974762218,1250000.0,5.000000000000001,5.000000000000001,242958.99495244358,53.855329823695826,242958.99495244358,53.855329823695826,9.686635707899677,9.83245634398963,0.11874068840462093,0.17895241250794233,0.0658455266210344,0.13383916585749023,0.018344426552149108,0.9677107458996009,-0.14254436319990457,1209638.4323745011,1250000.0,5.000000000000001,5.000000000000001,241927.6864749002,53.83685572352047,241927.6864749002,53.83685572352047,10.31731631477742,10.983154564203929,0.13352306162356228,0.17170625925275163,0.1523034332031025,,
171,5,8.55,21,0.4085407592957046,-3.88764608276834,510675.94911963074,1250000.0,5.000000000000001,5.000000000000001,102135.18982392614,50.09175400395203,102135.18982392614,50.09175400395203,51.83257550456126,51.820190079961435,,,,,,0.428691453356844,-3.6785517475146463,535864.316696055,1250000.0,5.000000000000001,5.000000000000001,107172.86333921098,50.30084833920573,107172.86333921098,50.30084833920573,50.634818315698865,50.63189139605443,1.0212251919465676,1.7278502449745854,0.41638271724707093,0.35551208948845253,0.07565487293244597,0.8909396910413239,-0.5015169297145726,1113674.613801655,1250000.0,5.000000000000001,5.000000000000001,222734.92276033093,53.4778831570058,222734.92276033093,53.4778831570058,19.53164632803378,19.564438461678357,0.2640362229904178,0.1806391857230718,0.41638271724707093,0.35551208948845253,0.07565487293244597,0.9715976684394374,-0.1251353605000866,1214497.0855492968,1250000.0,5.000000000000001,5.000000000000001,242899.41710985932,53.85426472622029,242899.41710985932,53.85426472622029,9.724747471088362,9.914779565520249,0.12055840227247334,0.1806391857230718,0.06548092285305215,0.1341567482547845,0.01824979530458043,0.9645071962769475,-0.1569452769691429,1205633.9953461844,1250000.0,5.000000000000001,5.000000000000001,241126.79906923682,53.82245480975123,241126.79906923682,53.82245480975123,10.753734250670195,11.108913157233621,0.13894851547339743,0.17449971333272413,0.17267447303447903,,
172,5,8.6,22,0.4049725827037623,-3.9257437822612973,506215.72837970284,1250000.0,5.000000000000001,5.000000000000001,101243.14567594056,50.05365630445908,101243.14567594056,50.05365630445908,52.03097591431204,52.01328330043227,,,,,,0.4210512391184828,-3.7566505021576333,526314.0488981035,1250000.0,5.000000000000001,5.000000000000001,105262.80977962069,50.222749584562735,105262.80977962069,50.222749584562735,51.10459085257773,51.10841336288233,1.0405986570748929,1.720487120186759,0.4148429719839445,0.3550730690695185,0.07506249808794478,0.8904338271041278,-0.5039834974521721,1113042.2838801597,1250000.0,5.000000000000001,5.000000000000001,222608.4567760319,53.47541658926821,222608.4567760319,53.47541658926821,19.58647875478121,19.59841156681661,0.26428433997026307,0.18010112222020985,0.4148429719839445,0.3550730690695185,0.07506249808794478,0.9713557165091099,-0.12621699621594312,1214194.6456363874,1250000.0,5.000000000000001,5.000000000000001,242838.92912727743,53.85318309050443,242838.92912727743,53.85318309050443,9.7704189051754,9.894886585159059,0.12029291228486531,0.18010112222020985,0.06508796054369874,0.13445992293666162,0.01814993396231284,0.9679342356568713,-0.14154148953556472,1209917.794571089,1250000.0,5.000000000000001,5.000000000000001,241983.55891421778,53.837858597184805,241983.55891421778,53.837858597184805,10.234988296129153,10.677787913766771,0.13228403155030066,0.1728105321805149,0.15259099952436522,,
173,5,8.65,23,0.408053794294023,-3.8928257949584353,510067.24286752875,1250000.0,5.000000000000001,5.000000000000001,102013.44857350574,50.086574291761934,102013.44857350574,50.086574291761934,51.848889428307835,51.82717338336522,,,,,,0.4259582016609108,-3.70633015166381,532447.7520761385,1250000.0,5.000000000000001,5.000000000000001,106489.55041522768,50.27306993505657,106489.55041522768,50.27306993505657,50.810562763711815,50.81279960878585,1.0320509104102484,1.7449456558235397,0.41281689627099694,0.3548933258911881,0.07449161993323658,0.8912332161131762,-0.5000863578587598,1114041.5201414702,1250000.0,5.000000000000001,5.000000000000001,222808.30402829402,53.47931372886162,222808.30402829402,53.47931372886162,19.496848502145653,19.500740158536082,0.2628066502657847,0.180134355429368,0.41281689627099694,0.3548933258911881,0.07449161993323658,0.9718693484069424,-0.1239211478535443,1214836.685508678,1250000.0,5.000000000000001,5.000000000000001,242967.33710173555,53.855478938866824,242967.33710173555,53.855478938866824,9.678875932451188,9.801381338433266,0.11864457530477046,0.180134355429368,0.06466234250234512,0.1347677803326372,0.01805096183367257,0.9664497257406479,-0.1482073284215493,1208062.1571758098,1250000.0,5.000000000000001,5.000000000000001,241612.43143516194,53.831192758298826,241612.43143516194,53.831192758298826,10.493434988987017,10.844774510279045,0.13319271055455378,0.1724966604010499,0.15025740097428836,,
174,5,8.700000000000001,24,0.4028006236226742,-3.9490986573590585,503500.77952834277,1250000.0,5.000000000000001,5.000000000000001,100700.15590566854,50.03030142936132,100700.15590566854,50.03030142936132,52.16530980074208,52.14588735452869,,,,,,0.42916142200138063,-3.673793243690222,536451.7775017258,1250000.0,5.000000000000001,5.000000000000001,107290.35550034515,50.305606843030155,107290.35550034515,50.305606843030155,50.63993398197691,50.600329114850354,1.040009828549925,1.740680178100466,0.41220713687185695,0.35390443083249207,0.07387080215904122,0.8901520370869801,-0.5053580995197892,1112690.046358725,1250000.0,5.000000000000001,5.000000000000001,222538.00927174496,53.47404198720058,222538.00927174496,53.47404198720058,19.61300525152765,19.627409467142037,0.26410692781283013,0.179737663198074,0.41220713687185695,0.35390443083249207,0.07387080215904122,0.9717539807983294,-0.1244367160206574,1214692.4759979118,1250000.0,5.000000000000001,5.000000000000001,242938.4951995823,53.85496337069972,242938.4951995823,53.85496337069972,9.701651166781813,9.847028642082508,0.11836934970377506,0.179737663198074,0.06428434454689892,0.13505726938310428,0.017950477065983482,0.9589796740526473,-0.1819059777232354,1198724.5925658091,1250000.0,5.000000000000001,5.000000000000001,239744.9185131618,53.797494108997135,239744.9185131618,53.797494108997135,11.613726669781006,12.550900238283436,0.1589476160660714,0.17327944072855112,0.20101768619023974,,
175,5,8.75,25,0.3944733816828786,-4.039822968354593,493091.72710359824,1250000.0,5.000000000000001,5.000000000000001,98618.34542071963,49.93957711836578,98618.34542071963,49.93957711836578,52.6982999581012,52.68861062352359,,,,,,0.4266715378586473,-3.6990632682244744,533339.4223233091,1250000.0,5.000000000000001,5.000000000000001,106667.88446466181,50.2803368184959,106667.88446466181,50.2803368184959,50.751018177122354,50.76043031579837,1.0497596536010902,1.7476519646577142,0.4108110875277644,0.3534376557774026,0.07330520088260499,0.8917088657209669,-0.49776915409775996,1114636.0821512085,1250000.0,5.000000000000001,5.000000000000001,222927.21643024168,53.481630932622615,222927.21643024168,53.481630932622615,19.465233706520586,19.483308225408713,0.26293061689839164,0.17942035951107407,0.4108110875277644,0.3534376557774026,0.07330520088260499,0.9715375166157662,-0.12540424148485912,1214421.8957697076,1250000.0,5.000000000000001,5.000000000000001,242884.3791539415,53.85399584523552,242884.3791539415,53.85399584523552,9.740598952405602,9.885978993268509,0.12022012311197627,0.17942035951107407,0.0639019708367051,0.13533289622014122,0.01784768822072578,0.9693213662501938,-0.13532214228247452,1211651.7078127423,1250000.0,5.000000000000001,5.000000000000001,242330.34156254842,53.8440779444379,242330.34156254842,53.8440779444379,10.063584671266057,10.633788665055082,0.13093462414762866,0.17273912486301624,0.14159132526929455,,
176,5,8.8,26,0.40365238282967375,-3.939924794577247,504565.47853709216,1250000.0,5.000000000000001,5.000000000000001,100913.09570741841,50.03947529214312,100913.09570741841,50.03947529214312,52.140717132259354,52.13225429517305,,,,,,0.41764170773381804,-3.7919613707913795,522052.13466727256,1250000.0,5.000000000000001,5.000000000000001,104410.4269334545,50.187438715929,104410.4269334545,50.187438715929,51.29301831108417,51.27717480412135,1.0284710126857668,1.7213754280253206,0.41082527525317997,0.35318819506014615,0.07293525124874803,0.8916171675741861,-0.4982157802159147,1114521.4594677326,1250000.0,5.000000000000001,5.000000000000001,222904.29189354647,53.48118430650446,222904.29189354647,53.48118430650446,19.47174808655453,19.486834829381515,0.26173639943603577,0.17829571858034798,0.41082527525317997,0.35318819506014615,0.07293525124874803,0.9713393104042924,-0.1262903487565448,1214174.1380053656,1250000.0,5.000000000000001,5.000000000000001,242834.82760107308,53.85310973796383,242834.82760107308,53.85310973796383,9.771938477216581,9.916535134391678,0.11930765873556445,0.17829571858034798,0.06358139572134329,0.13562135473554607,0.01775295662427419,0.9684382608380114,-0.13928060883983848,1210547.8260475143,1250000.0,5.000000000000001,5.000000000000001,242109.56520950282,53.840119477880535,242109.56520950282,53.840119477880535,10.20290637568615,10.583018986415643,0.13037412265779627,0.17394998926793534,0.14734755367988497,,
177,5,8.85,27,0.4020991664194685,-3.956668272198949,502623.9580243357,1250000.0,5.000000000000001,5.000000000000001,100524.79160486712,50.02273181452143,100524.79160486712,50.02273181452143,52.23450809293089,52.25098382124897,,,,,,0.4267994519673807,-3.697761469038359,533499.314959226,1250000.0,5.000000000000001,5.000000000000001,106699.86299184516,50.28163861768202,106699.86299184516,50.28163861768202,50.80354202181596,50.78410097043978,1.0389170043189715,1.7447942921099968,0.4106689617170393,0.35261546566800617,0.07247771677090006,0.8931833572375372,-0.49059377771714163,1116479.1965469215,1250000.0,5.000000000000001,5.000000000000001,223295.83930938426,53.48880630900324,223295.83930938426,53.48880630900324,19.32670487660426,19.339281059771277,0.26025708713904117,0.17925850104402177,0.4106689617170393,0.35261546566800617,0.07247771677090006,0.9719131664732205,-0.12372534462710534,1214891.4580915256,1250000.0,5.000000000000001,5.000000000000001,242978.29161830508,53.85567474209327,242978.29161830508,53.85567474209327,9.672845293221052,9.816299295653172,0.1187855209181237,0.17925850104402177,0.06327350429816993,0.13591038139658426,0.017659852118137042,0.966762974100473,-0.1467999092033841,1208453.7176255912,1250000.0,5.000000000000001,5.000000000000001,241690.7435251182,53.83260017751699,241690.7435251182,53.83260017751699,10.446691132118794,10.764647811284899,0.13245539695196443,0.17319966244710508,0.13848285808159658,,
178,5,8.9,28,0.39977786816650934,-3.9818125223693346,499722.3352081367,1250000.0,5.000000000000001,5.000000000000001,99944.46704162733,49.997587564351036,99944.46704162733,49.997587564351036,52.37565517434784,52.349258051680444,,,,,,0.4200945324485952,-3.7665297078968445,525118.165560744,1250000.0,5.000000000000001,5.000000000000001,105023.63311214879,50.21287037882353,105023.63311214879,50.21287037882353,51.15305480756193,51.1411260679881,1.0186508996717714,1.7157664685403382,0.4096850015023329,0.3520046759636468,0.07193196008404566,0.8910881129702475,-0.5007934974007904,1113860.1412128094,1250000.0,5.000000000000001,5.000000000000001,222772.02824256182,53.47860658931958,222772.02824256182,53.47860658931958,19.516360177489023,19.530598101752446,0.2633331469876555,0.17804199921640032,0.4096850015023329,0.3520046759636468,0.07193196008404566,0.9716427120792221,-0.1249340245829971,1214553.3900990277,1250000.0,5.000000000000001,5.000000000000001,242910.6780198055,53.85446606213738,242910.6780198055,53.85446606213738,9.719659501808081,9.851035912902983,0.11944757909821813,0.17804199921640032,0.06299075363120901,0.13620015445716854,0.01756991499319075,0.959714562118725,-0.17857915428775362,1199643.2026484061,1250000.0,5.000000000000001,5.000000000000001,239928.6405296812,53.800820932432615,239928.6405296812,53.800820932432615,11.164536325268198,11.638331814897516,0.1447316027068872,0.17293314063891302,0.16505892237921388,,
179,5,8.950000000000001,29,0.40303317520804416,-3.9465920394129195,503791.4690100552,1250000.0,5.000000000000001,5.000000000000001,100758.29380201102,50.032808047307455,100758.29380201102,50.032808047307455,52.16622716773236,52.13678682542026,,,,,,0.4166971633342539,-3.801794559921431,520871.45416781737,1250000.0,5.000000000000001,5.000000000000001,104174.29083356346,50.17760552679895,104174.29083356346,50.17760552679895,51.355149607326936,51.37167049698819,1.0518976442905514,1.7425799989618889,0.40927085720354067,0.35128885835267604,0.07142188580143986,0.8927578513795554,-0.49266321705527827,1115947.3142244443,1250000.0,5.000000000000001,5.000000000000001,223189.46284488883,53.4867368696651,223189.46284488883,53.4867368696651,19.35268649166522,19.366765567922204,0.260983364297945,0.17783665826712158,0.40927085720354067,0.35128885835267604,0.07142188580143986,0.9722183567075922,-0.12236183157022866,1215272.9458844902,1250000.0,5.000000000000001,5.000000000000001,243054.58917689798,53.85703825515015,243054.58917689798,53.85703825515015,9.619613557266616,9.754491271142808,0.11807137563325514,0.17783665826712158,0.06271278474689074,0.13647318411661707,0.017477078354640907,0.9657314441011791,-0.15143627787735126,1207164.3051264738,1250000.0,5.000000000000001,5.000000000000001,241432.86102529473,53.82796380884302,241432.86102529473,53.82796380884302,10.591637072501884,11.05258588228468,0.13710222436897845,0.17124800916608787,0.16476267050010113,,
180,6,9.0,0,0.4022714384775096,-3.954808015126355,502839.298096887,1250000.0,5.000000000000001,5.000000000000001,100567.85961937738,50.024592071594014,100567.85961937738,50.024592071594014,52.19772241923319,52.20392611844884,,,,,,0.42531083631962274,-3.712935519347829,531638.5453995285,1250000.0,5.000000000000001,5.000000000000001,106327.70907990568,50.266464567372545,106327.70907990568,50.266464567372545,50.874184085462346,50.89398395060478,1.0139449127902782,1.7306968214049867,0.40713166096707465,0.35104729990385364,0.0708634403352846,0.8951278078092891,-0.4811495098185896,1118909.7597616115,1250000.0,5.000000000000001,5.000000000000001,223781.95195232224,53.49825057690179,223781.95195232224,53.49825057690179,19.13810106285075,19.155268775345615,0.25786430294910356,0.17645954126256214,0.40713166096707465,0.35104729990385364,0.0708634403352846,0.972542403432188,-0.12091454089512155,1215678.004290235,1250000.0,5.000000000000001,5.000000000000001,243135.60085804696,53.858485545825246,243135.60085804696,53.858485545825246,9.56213712414124,9.689482578994042,0.11706347534887265,0.17645954126256214,0.062474102176250136,0.13676576995674486,0.01739338481307624,0.9623142146110403,-0.16683099073864294,1202892.7682638003,1250000.0,5.000000000000001,5.000000000000001,240578.55365276002,53.81256909598173,240578.55365276002,53.81256909598173,11.101160886896764,12.205256828479248,0.15532227155767359,0.17347033842534457,0.19377016073412628,,
181,6,9.05,1,0.40945140626251614,-3.8779763296169896,511814.2578281452,1250000.0,5.000000000000001,5.000000000000001,102362.85156562901,50.10142375710338,102362.85156562901,50.10142375710338,51.778910340368135,51.744069599750354,,,,,,0.4183830687853901,-3.784258989062197,522978.83598173765,1250000.0,5.000000000000001,5.000000000000001,104595.76719634751,50.19514109765818,104595.76719634751,50.19514109765818,51.23961263438042,51.22729025982094,1.028850361129297,1.723390682850475,0.4042952321335969,0.3506338443992494,0.07020402997468497,0.8940142564462248,-0.48655555648645865,1117517.820557781,1250000.0,5.000000000000001,5.000000000000001,223503.56411155616,53.492844530233924,223503.56411155616,53.492844530233924,19.239915165149913,19.25377857393527,0.2589374628737932,0.1777262077457499,0.4042952321335969,0.3506338443992494,0.07020402997468497,0.971838164545927,-0.1240604998771831,1214797.7056824088,1250000.0,5.000000000000001,5.000000000000001,242959.5411364817,53.85533958684319,242959.5411364817,53.85533958684319,9.687654699366504,9.81829235937515,0.11823883274673275,0.1777262077457499,0.06215092900056761,0.13705850677798664,0.017306095124807463,0.9662695621704569,-0.14901700673427676,1207836.9527130711,1250000.0,5.000000000000001,5.000000000000001,241567.3905426142,53.8303830799861,241567.3905426142,53.8303830799861,10.509209190489825,11.447362557492081,0.1444785720885965,0.17405739146155488,0.19852909618948095,,
182,6,9.1,2,0.39921327239643767,-3.9879502842495897,499016.5904955471,1250000.0,5.000000000000001,5.000000000000001,99803.3180991094,49.99144980247078,99803.3180991094,49.99144980247078,52.37764652933011,52.39262846029949,,,,,,0.4174614639637331,-3.793836082290839,521826.8299546664,1250000.0,5.000000000000001,5.000000000000001,104365.36599093326,50.18556400442954,104365.36599093326,50.18556400442954,51.29780341807823,51.29925265076395,1.026317333420097,1.737466294997765,0.4030352233896493,0.3498977440858441,0.06962578687705054,0.8954246380355733,-0.47970959968563215,1119280.7975444666,1250000.0,5.000000000000001,5.000000000000001,223856.15950889327,53.49969048703474,223856.15950889327,53.49969048703474,19.098848880460128,19.111617441009834,0.25694632638079107,0.17702665139885082,0.4030352233896493,0.3498977440858441,0.06962578687705054,0.9720436242282045,-0.1231424398684492,1215054.5302852555,1250000.0,5.000000000000001,5.000000000000001,243010.90605705106,53.85625764685193,243010.90605705106,53.85625764685193,9.653583495472086,9.771852322819736,0.11771467193839687,0.17702665139885082,0.06183705385358225,0.1373398268246097,0.017217424477112532,0.965568052729754,-0.15217111958663818,1206960.0659121925,1250000.0,5.000000000000001,5.000000000000001,241392.01318243844,53.82722896713374,241392.01318243844,53.82722896713374,10.632040923848852,10.888405855079357,0.13408707186773433,0.17420410292528557,0.15304693263123872,,
183,6,9.15,3,0.4086643022834091,-3.886332972001675,510830.3778542614,1250000.0,5.000000000000001,5.000000000000001,102166.07557085226,50.09306711471871,102166.07557085226,50.09306711471871,51.792405658689994,51.78589826252244,,,,,,0.42136014139243655,-3.7534654891784185,526700.1767405457,1250000.0,5.000000000000001,5.000000000000001,105340.03534810912,50.22593459754195,105340.03534810912,50.22593459754195,51.11715346200428,51.128193185545015,1.032347815276599,1.7356460598162997,0.4029818042740919,0.3496786290554909,0.06928592310515942,0.8962566430107884,-0.4756761234256824,1120320.8037634855,1250000.0,5.000000000000001,5.000000000000001,224064.16075269706,53.50372396329469,224064.16075269706,53.50372396329469,19.020672999850095,19.03826900761533,0.25593667831800015,0.17682391948616188,0.4029818042740919,0.3496786290554909,0.06928592310515942,0.972266615727829,-0.1221462616224807,1215333.2696597863,1250000.0,5.000000000000001,5.000000000000001,243066.6539319572,53.85725382509789,243066.6539319572,53.85725382509789,9.6121871129061,9.748637997039017,0.1173693308917724,0.17682391948616188,0.06151597017990897,0.13761538425845227,0.017129778289801875,0.9634279500611573,-0.16180758497761213,1204284.9375764467,1250000.0,5.000000000000001,5.000000000000001,240856.9875152893,53.817592501742766,240856.9875152893,53.817592501742766,10.946870699121368,11.563332510165589,0.14583880554016804,0.17302737566719817,0.18597687563141166,,
184,6,9.200000000000001,4,0.4046543324338508,-3.929158054702622,505817.9155423135,1250000.0,5.000000000000001,5.000000000000001,101163.58310846268,50.05024203201775,101163.58310846268,50.05024203201775,52.04733703563841,52.03258546499997,,,,,,0.41810995126097994,-3.7870949586431686,522637.4390762249,1250000.0,5.000000000000001,5.000000000000001,104527.48781524497,50.19230512807721,104527.48781524497,50.19230512807721,51.24870657660473,51.251641265415785,1.021273681230914,1.7418562718544854,0.4031301555929388,0.34936661936063623,0.06894747374806713,0.8968898839884419,-0.4726087436036598,1121112.3549855524,1250000.0,5.000000000000001,5.000000000000001,224222.47099711045,53.50679134311672,224222.47099711045,53.50679134311672,18.974202036438513,18.981344076376004,0.2549226169852538,0.17595525023269182,0.4031301555929388,0.34936661936063623,0.06894747374806713,0.972568006771719,-0.12080020919426904,1215710.0084646486,1250000.0,5.000000000000001,5.000000000000001,243142.00169292968,53.8585998775261,243142.00169292968,53.8585998775261,9.562958706826334,9.677808960845388,0.11551923659274539,0.17595525023269182,0.061287890207963755,0.13789027342926244,0.017046161916120416,0.9664307894622016,-0.1482924233994601,1208038.486827752,1250000.0,5.000000000000001,5.000000000000001,241607.69736555038,53.831107663320914,241607.69736555038,53.831107663320914,10.462395790138432,10.76181566801599,0.13195338766581713,0.17316637238483784,0.1347594357185981,,
185,6,9.25,5,0.39916238092180856,-3.988503955608315,498952.9761522607,1250000.0,5.000000000000001,5.000000000000001,99790.59523045212,49.99089613111206,99790.59523045212,49.99089613111206,52.377677441967215,52.38191685035137,,,,,,0.4260253669008227,-3.7056454085723645,532531.7086260284,1250000.0,5.000000000000001,5.000000000000001,106506.34172520565,50.27375467814801,106506.34172520565,50.27375467814801,50.795965097502794,50.77357736783867,1.030357126247239,1.7297143344510058,0.4025486488512808,0.34899451504479506,0.06853128309599574,0.8955396671443873,-0.47915172695594815,1119424.583930484,1250000.0,5.000000000000001,5.000000000000001,223884.91678609676,53.50024835976443,223884.91678609676,53.50024835976443,19.096149220576724,19.103257804939336,0.25721830369537757,0.178069132389436,0.4025486488512808,0.34899451504479506,0.06853128309599574,0.9719565467973996,-0.12353150616881056,1214945.6834967495,1250000.0,5.000000000000001,5.000000000000001,242989.13669934985,53.855868580551565,242989.13669934985,53.855868580551565,9.66267382111788,9.785208340535855,0.11880045327288291,0.178069132389436,0.06108218948814239,0.13816985911649618,0.016967491473304314,0.9649708556926694,-0.1548580313598868,1206213.5696158367,1250000.0,5.000000000000001,5.000000000000001,241242.7139231673,53.82454205536049,241242.7139231673,53.82454205536049,10.754670860838102,11.676804264523046,0.14684479833579503,0.1727559631923,0.16361196448596751,,
186,6,9.3,6,0.401347616292199,-3.9647931206734714,501684.5203652488,1250000.0,5.000000000000001,5.000000000000001,100336.90407304974,50.0146069660469,100336.90407304974,50.0146069660469,52.250002365106056,52.2703199497264,,,,,,0.42545879621116156,-3.7114249302851943,531823.495263952,1250000.0,5.000000000000001,5.000000000000001,106364.69905279037,50.267975156435185,106364.69905279037,50.267975156435185,50.80862496781728,50.79739828101849,1.0074588549313208,1.7167971774046062,0.4017523696737018,0.34825896297317305,0.06801775620623988,0.8951403804787132,-0.48108851067902497,1118925.4755983916,1250000.0,5.000000000000001,5.000000000000001,223785.09511967827,53.49831157604135,223785.09511967827,53.49831157604135,19.1471660719748,19.159449820171695,0.257549100856642,0.17686478496309488,0.4017523696737018,0.34825896297317305,0.06801775620623988,0.9720077629110906,-0.12330266579911264,1215009.7036388633,1250000.0,5.000000000000001,5.000000000000001,243001.94072777263,53.85609742092126,243001.94072777263,53.85609742092126,9.660424642626248,9.786685254232193,0.11773075223327653,0.17686478496309488,0.060926188255670165,0.13843954606014744,0.016890674103050934,0.9615728539694043,-0.17017805675886227,1201966.0674617554,1250000.0,5.000000000000001,5.000000000000001,240393.21349235103,53.80922202996152,240393.21349235103,53.80922202996152,11.136708226756351,11.81921287613621,0.14919557357428812,0.17348506100069233,0.17749305968833237,,
187,6,9.35,7,0.4097834185906743,-3.8744561880028194,512229.2732383429,1250000.0,5.000000000000001,5.000000000000001,102445.85464766856,50.10494389871756,102445.85464766856,50.10494389871756,51.79804661681301,51.81593319095653,,,,,,0.4248211791095901,-3.717938399935737,531026.4738869877,1250000.0,5.000000000000001,5.000000000000001,106205.29477739752,50.26146168678464,106205.29477739752,50.26146168678464,50.886190571845894,50.892694524462485,1.0139847208576185,1.7269955014441956,0.4021210437781935,0.3478342830928792,0.06768599061050581,0.897111033391536,-0.4715380198933655,1121388.79173942,1250000.0,5.000000000000001,5.000000000000001,224277.75834788397,53.507862066827016,224277.75834788397,53.507862066827016,18.94843566684559,18.96495158638281,0.25499989031851034,0.17707150724188556,0.4021210437781935,0.3478342830928792,0.06768599061050581,0.9722900421788279,-0.12204162102629648,1215362.5527235349,1250000.0,5.000000000000001,5.000000000000001,243072.51054470692,53.85735846569408,243072.51054470692,53.85735846569408,9.609668014082601,9.739033644483664,0.11742469205136992,0.17707150724188556,0.06081911947754555,0.13870301881038688,0.016815678537318447,0.9637801902911548,-0.16022004508824983,1204725.2378639434,1250000.0,5.000000000000001,5.000000000000001,240945.04757278864,53.81918004163212,240945.04757278864,53.81918004163212,10.93320160156022,11.480234831567277,0.14157259850217674,0.17324371013426224,0.1566485998699702,,
188,6,9.4,8,0.4111736495406666,-3.8597472530113586,513967.06192583323,1250000.0,5.000000000000001,5.000000000000001,102793.41238516662,50.11965283370902,102793.41238516662,50.11965283370902,51.657307922612446,51.65249662036604,,,,,,0.4234576501936877,-3.7319001675443735,529322.0627421096,1250000.0,5.000000000000001,5.000000000000001,105864.41254842191,50.24749991917601,105864.41254842191,50.24749991917601,50.934691807807766,50.91348383644325,1.0352237942603664,1.7356089000222632,0.4009520019051632,0.34719283256948796,0.06716527243008455,0.8956995000240395,-0.4783766820695231,1119624.3750300494,1250000.0,5.000000000000001,5.000000000000001,223924.87500600982,53.50102340465085,223924.87500600982,53.50102340465085,19.089295439339885,19.11313719755425,0.2567787232882809,0.17663071838356412,0.4009520019051632,0.34719283256948796,0.06716527243008455,0.9715832216858225,-0.12519993653012468,1214479.0271072781,1250000.0,5.000000000000001,5.000000000000001,242895.8054214556,53.85420015019025,242895.8054214556,53.85420015019025,9.72900904550561,9.862845884517862,0.11895148291972854,0.17663071838356412,0.060700316134638055,0.13896119617411357,0.01674064864809673,0.9653177622554296,-0.15329702534074569,1206647.202819287,1250000.0,5.000000000000001,5.000000000000001,241329.44056385738,53.82610306137963,241329.44056385738,53.82610306137963,10.570922114266256,11.226901755126715,0.13827146948361974,0.1737496801766676,0.15586156340479612,,
189,6,9.450000000000001,9,0.40723423513923074,-3.90155719111684,509042.7939240384,1250000.0,5.000000000000001,5.000000000000001,101808.55878480767,50.07784289560354,101808.55878480767,50.07784289560354,51.927672612576586,51.91971320403559,,,,,,0.4282062701441338,-3.6834697770234386,535257.8376801673,1250000.0,5.000000000000001,5.000000000000001,107051.56753603344,50.295930309696935,107051.56753603344,50.295930309696935,50.6544456619226,50.63386276220952,1.0188239531678875,1.743665229713642,0.3996756151751381,0.34610369966158866,0.06654268111513825,0.8974188629434249,-0.47004806224667023,1121773.578679281,1250000.0,5.000000000000001,5.000000000000001,224354.71573585618,53.509352024473706,224354.71573585618,53.509352024473706,18.92260273976428,18.93794838939924,0.2543113316704864,0.1754260804693232,0.3996756151751381,0.34610369966158866,0.06654268111513825,0.972436708411866,-0.12138655382169897,1215545.8855148326,1250000.0,5.000000000000001,5.000000000000001,243109.17710296647,53.858013532898674,243109.17710296647,53.858013532898674,9.583721700028303,9.732534262352273,0.11748273104348458,0.1754260804693232,0.06055857871122934,0.13920185629651988,0.016661005829953272,0.954341104825729,-0.20296370090462085,1192926.3810321612,1250000.0,5.000000000000001,5.000000000000001,238585.2762064322,53.77643638581575,238585.2762064322,53.77643638581575,12.146382827214403,12.5335037826863,0.15833819724086073,0.17195311333727467,0.20304463898326533,,
190,6,9.5,10,0.40286113267807167,-3.948446305458073,503576.4158475896,1250000.0,5.000000000000001,5.000000000000001,100715.2831695179,50.0309537812623,100715.2831695179,50.0309537812623,52.184166755508876,52.19541656576225,,,,,,0.42523117508189456,-3.71374903439128,531538.9688523682,1250000.0,5.000000000000001,5.000000000000001,106307.79377047363,50.26565105232909,106307.79377047363,50.26565105232909,50.87163973394228,50.89782708951235,1.0214506231325182,1.7419488192780501,0.39717697187318235,0.34533728304466976,0.06588598158585526,0.8982951766038978,-0.4658093225699795,1122868.9707548723,1250000.0,5.000000000000001,5.000000000000001,224573.79415097443,53.5135907641504,224573.79415097443,53.5135907641504,18.836486214047316,18.84301211371022,0.25277574150929266,0.17647444347587388,0.39717697187318235,0.34533728304466976,0.06588598158585526,0.9725473503193985,-0.1208924503379738,1215684.1878992482,1250000.0,5.000000000000001,5.000000000000001,243136.8375798496,53.8585076363824,243136.8375798496,53.8585076363824,9.564051472575045,9.685468631188526,0.11625268174583621,0.17647444347587388,0.06040259492086775,0.13944427051823463,0.01658330740696025,0.9681504871631402,-0.14057131674137394,1210188.1089539253,1250000.0,5.000000000000001,5.000000000000001,242037.62179078502,53.838828769979,242037.62179078502,53.838828769979,10.288068137972207,10.757282301422045,0.13195560345051116,0.1731076343061717,0.1472323521106374,,
191,6,9.55,11,0.4103603249646225,-3.8683463493782364,512950.4062057781,1250000.0,5.000000000000001,5.000000000000001,102590.08124115561,50.11105373734214,102590.08124115561,50.11105373734214,51.73744542456065,51.73075700970746,,,,,,0.4314691307396098,-3.650502702361691,539336.4134245123,1250000.0,5.000000000000001,5.000000000000001,107867.28268490243,50.32889738435869,107867.28268490243,50.32889738435869,50.49280670967743,50.5123932536798,1.0384382649744603,1.7331010296961449,0.3967883373867969,0.34465886014180264,0.06544505112710308,0.8983445026730359,-0.465570854724778,1122930.6283412948,1250000.0,5.000000000000001,5.000000000000001,224586.12566825893,53.513829231995594,224586.12566825893,53.513829231995594,18.824584395344097,18.830604325976466,0.2522117602563677,0.17532533297875316,0.3967883373867969,0.34465886014180264,0.06544505112710308,0.971688430960089,-0.12472968001975553,1214610.5387001112,1250000.0,5.000000000000001,5.000000000000001,242922.1077400222,53.85467040670062,242922.1077400222,53.85467040670062,9.709904006686248,9.825510615920008,0.11795375147360536,0.17532533297875316,0.06028246479602674,0.139680254560391,0.016505218344138737,0.9570222688931826,-0.19077956533598972,1196277.8361164783,1250000.0,5.000000000000001,5.000000000000001,239255.56722329563,53.78862052138438,239255.56722329563,53.78862052138438,11.86594662875962,12.797509901497303,0.16374847341939797,0.17410459132751793,0.19771810507858353,,
192,6,9.600000000000001,12,0.40753058824630134,-3.898397886221063,509413.23530787666,1250000.0,5.000000000000001,5.000000000000001,101882.64706157532,50.08100220049931,101882.64706157532,50.08100220049931,51.85120394622861,51.84133072205208,,,,,,0.4296705435149333,-3.6686441877926135,537088.1793936666,1250000.0,5.000000000000001,5.000000000000001,107417.63587873329,50.31075589892776,107417.63587873329,50.31075589892776,50.59132693422993,50.57202679049114,1.0240133295185398,1.7393251478989822,0.3969538428174155,0.3443961113135957,0.06514659385897298,0.8973017177126054,-0.47061500874460205,1121627.1471407567,1250000.0,5.000000000000001,5.000000000000001,224325.4294281513,53.50878507797577,224325.4294281513,53.50878507797577,18.92849085171653,18.93886767097674,0.25414357179765174,0.17727107775736226,0.3969538428174155,0.3443961113135957,0.06514659385897298,0.9719093396146246,-0.12374244478482058,1214886.6745182807,1250000.0,5.000000000000001,5.000000000000001,242977.3349036561,53.85565764193555,242977.3349036561,53.85565764193555,9.676265145085097,9.786891712479065,0.1181399077154249,0.17727107775736226,0.06020460204758924,0.13992796793696177,0.016432999175805728,0.9644324947736379,-0.15728165296725174,1205540.6184670473,1250000.0,5.000000000000001,5.000000000000001,241108.12369340943,53.822118433753126,241108.12369340943,53.822118433753126,10.684321544834887,11.040480885688535,0.13582932343111043,0.1739049537246185,0.14752163032265703,,
193,6,9.65,13,0.39879183917077965,-3.992537376205674,498489.7989634746,1250000.0,5.000000000000001,5.000000000000001,99697.95979269489,49.9868627105147,99697.95979269489,49.9868627105147,52.388576013058966,52.384175274078004,,,,,,0.4299645983074278,-3.665673011475464,537455.7478842847,1250000.0,5.000000000000001,5.000000000000001,107491.14957685691,50.313727075244906,107491.14957685691,50.313727075244906,50.56587599353611,50.54075484678292,1.0156401441824854,1.7232075167773195,0.3966507556806053,0.34410567981936124,0.06480649018047811,0.8986492300391972,-0.4640979345640877,1123311.5375489965,1250000.0,5.000000000000001,5.000000000000001,224662.30750979926,53.51530215215629,224662.30750979926,53.51530215215629,18.793086733712492,18.810034269121427,0.25208201985382345,0.1763590332916681,0.3966507556806053,0.34410567981936124,0.06480649018047811,0.9722610473231476,-0.1221711347829106,1215326.3091539345,1250000.0,5.000000000000001,5.000000000000001,243065.26183078685,53.85722895193746,243065.26183078685,53.85722895193746,9.610253934379369,9.751048090526236,0.1170544137541724,0.1763590332916681,0.06011249564777497,0.14017491082159197,0.016361947472778145,0.9656523236889163,-0.15179210108601546,1207065.4046111454,1250000.0,5.000000000000001,5.000000000000001,241413.08092222904,53.82760798563436,241413.08092222904,53.82760798563436,10.581194362336166,10.951358937500128,0.13485064483817805,0.17282516251353566,0.15820045564751353,,
194,6,9.700000000000001,14,0.4156459789209026,-3.812764166318585,519557.47365112824,1250000.0,5.000000000000001,5.000000000000001,103911.49473022563,50.16663592040179,103911.49473022563,50.16663592040179,51.42121169544644,51.399389804296334,,,,,,0.4228694382191975,-3.737937012148329,528586.7977739968,1250000.0,5.000000000000001,5.000000000000001,105717.35955479935,50.241463074572046,105717.35955479935,50.241463074572046,50.97548671757614,50.99169603196609,1.014235354363451,1.7201383251764804,0.3961793343451394,0.3439166417700673,0.06447325603123255,0.8991203727499755,-0.46182161746709277,1123900.4659374694,1250000.0,5.000000000000001,5.000000000000001,224780.09318749383,53.51757846925328,224780.09318749383,53.51757846925328,18.74222279936323,18.75700816746269,0.25165255920695606,0.17641079996025058,0.3961793343451394,0.3439166417700673,0.06447325603123255,0.9727687711020426,-0.11990380048885788,1215960.9638775534,1250000.0,5.000000000000001,5.000000000000001,243192.19277551063,53.85949628623152,243192.19277551063,53.85949628623152,9.522256624927552,9.644203130824124,0.11632056274496164,0.17641079996025058,0.06008233284677078,0.14042746414449833,0.016296473129785074,0.967671022514553,-0.14272263962280812,1209588.7781431912,1250000.0,5.000000000000001,5.000000000000001,241917.7556286382,53.83667744709757,241917.7556286382,53.83667744709757,10.227335839207578,10.390091659236717,0.1270516305931612,0.1737816414796356,0.13221730015736252,,
195,6,9.75,15,0.3991595672570738,-3.9885345687981695,498949.45907134225,1250000.0,5.000000000000001,5.000000000000001,99789.89181426843,49.99086551792221,99789.89181426843,49.99086551792221,52.336687790276414,52.31105059543004,,,,,,0.41349600691522265,-3.835286800245129,516870.0086440283,1250000.0,5.000000000000001,5.000000000000001,103374.00172880564,50.144113286475246,103374.00172880564,50.144113286475246,51.557079501907765,51.60062235707753,1.0350962377503077,1.7412925787583895,0.3961524174531005,0.343627544410767,0.06416181189327096,0.8979797297596683,-0.46733466620981573,1122474.6621995855,1250000.0,5.000000000000001,5.000000000000001,224494.93243991706,53.51206542051056,224494.93243991706,53.51206542051056,18.856005355368602,18.86937334709942,0.25284151966961266,0.17589972040512955,0.3961524174531005,0.343627544410767,0.06416181189327096,0.9721564287548949,-0.12263847543891229,1215195.5359436187,1250000.0,5.000000000000001,5.000000000000001,243039.10718872372,53.85676161128146,243039.10718872372,53.85676161128146,9.634923501549427,9.749703485599408,0.11777524305943528,0.17589972040512955,0.06006130634202154,0.14067366348023264,0.01623232739788462,0.9625998509848188,-0.1655420988957234,1203249.8137310236,1250000.0,5.000000000000001,5.000000000000001,240649.96274620466,53.81385798782465,240649.96274620466,53.81385798782465,10.898976045054752,11.234040032478662,0.13982247039389314,0.1725519212852353,0.1523078287496808,,
196,6,9.8,16,0.4058483268710132,-3.91636240092796,507310.40858876647,1250000.0,5.000000000000001,5.000000000000001,101462.08171775327,50.06303768579241,101462.08171775327,50.06303768579241,52.0247017713795,52.044175955119194,,,,,,0.42714024120939487,-3.694295114298358,533925.3015117436,1250000.0,5.000000000000001,5.000000000000001,106785.06030234869,50.28510497242202,106785.06030234869,50.28510497242202,50.742222053486685,50.74463335001657,1.0222166324715283,1.7387505623062267,0.3954164683701553,0.3430057527660578,0.06372112468035403,0.8991150319962822,-0.46184741453295064,1123893.7899953527,1250000.0,5.000000000000001,5.000000000000001,224778.7579990705,53.51755267218742,224778.7579990705,53.51755267218742,18.746000068391737,18.764536441719613,0.2509593643369586,0.17426925498922102,0.3954164683701553,0.3430057527660578,0.06372112468035403,0.9722767948741396,-0.12210079339534698,1215345.9935926746,1250000.0,5.000000000000001,5.000000000000001,243069.19871853487,53.85729929332503,243069.19871853487,53.85729929332503,9.608189271744086,9.738359122771081,0.11691390199160959,0.17426925498922102,0.06002642123310248,0.14090842954676677,0.016165461499324112,0.9679826215767008,-0.1413243961422239,1209978.276970876,1250000.0,5.000000000000001,5.000000000000001,241995.65539417515,53.83807569057815,241995.65539417515,53.83807569057815,10.2641036470166,10.982680132397547,0.13584100884290196,0.17216288905747848,0.16741531058841683,,
197,6,9.850000000000001,17,0.39941757346139983,-3.9857283107919987,499271.9668267498,1250000.0,5.000000000000001,5.000000000000001,99854.39336534994,49.99367177592838,99854.39336534994,49.99367177592838,52.35741093508227,52.327034040520324,,,,,,0.4265446869938979,-3.700354632110593,533180.8587423724,1250000.0,5.000000000000001,5.000000000000001,106636.17174847446,50.27904545460978,106636.17174847446,50.27904545460978,50.790262629821015,50.798781967062006,1.0266914588838003,1.7361164412639152,0.39352459373993065,0.3425163731358386,0.06321115808815422,0.8998539197456535,-0.4582798722467768,1124817.3996820669,1250000.0,5.000000000000001,5.000000000000001,224963.47993641332,53.5211202144736,224963.47993641332,53.5211202144736,18.68378227919586,18.694224366038938,0.2505789929079694,0.17537908445185427,0.39352459373993065,0.3425163731358386,0.06321115808815422,0.9724298035820341,-0.12141739120283535,1215537.2544775426,1250000.0,5.000000000000001,5.000000000000001,243107.4508955085,53.857982695517535,243107.4508955085,53.857982695517535,9.578951110023462,9.687656303827556,0.11698863941414357,0.17537908445185427,0.059969596418850066,0.1411340387223206,0.016096265211410842,0.9654203696920307,-0.1528354211198244,1206775.4621150384,1250000.0,5.000000000000001,5.000000000000001,241355.09242300765,53.82656466560056,241355.09242300765,53.82656466560056,10.60226364352138,11.197308237743426,0.13893362766316344,0.17280250743217032,0.16559810992598378,,
198,6,9.9,18,0.40636338290434937,-3.9108543290683544,507954.2286304367,1250000.0,5.000000000000001,5.000000000000001,101590.84572608733,50.068545757652025,101590.84572608733,50.068545757652025,51.95263418535524,51.94628792321331,,,,,,0.43355652711020176,-3.6295427117140977,541945.6588877522,1250000.0,5.000000000000001,5.000000000000001,108389.13177755043,50.34985737500627,108389.13177755043,50.34985737500627,50.4035697500379,50.38861324072225,1.0432567333841463,1.738271009917225,0.3930802093557416,0.3419772212223816,0.0628206576366108,0.8989586837340828,-0.4626026804278407,1123698.3546676035,1250000.0,5.000000000000001,5.000000000000001,224739.67093352065,53.51679740629254,224739.67093352065,53.51679740629254,18.76709546249142,18.773587292832875,0.2515049376484307,0.17678782092330803,0.3930802093557416,0.3419772212223816,0.0628206576366108,0.971946619517803,-0.12357586396218069,1214933.2743972538,1250000.0,5.000000000000001,5.000000000000001,242986.6548794507,53.85582422275819,242986.6548794507,53.85582422275819,9.667471683250474,9.770120533970108,0.11812821932649653,0.17678782092330803,0.059932543825891624,0.14135932178742266,0.016028098708447673,0.966124796788165,-0.14966771042243582,1207655.9959852062,1250000.0,5.000000000000001,5.000000000000001,241531.1991970412,53.82973237629794,241531.1991970412,53.82973237629794,10.573935572659133,10.98629146167388,0.1374016344236179,0.17427083360453494,0.14552096343642565,,
199,6,9.950000000000001,19,0.4100476796186124,-3.871656413501924,512559.5995232655,1250000.0,5.000000000000001,5.000000000000001,102511.91990465308,50.10774367321845,102511.91990465308,50.10774367321845,51.744126030603184,51.72417881762732,,,,,,0.4321724865740535,-3.6434288509139727,540215.6082175669,1250000.0,5.000000000000001,5.000000000000001,108043.12164351335,50.335971235806404,108043.12164351335,50.335971235806404,50.44121350581878,50.4135363256208,1.0298989288745537,1.73924302183309,0.3914284674254614,0.34126775176852187,0.06229323311794721,0.8997948986660518,-0.45856473370345624,1124743.6233325647,1250000.0,5.000000000000001,5.000000000000001,224948.7246665129,53.52083535301692,224948.7246665129,53.52083535301692,18.672746377902374,18.6783365765641,0.250158842202978,0.17625148632412735,0.3914284674254614,0.34126775176852187,0.06229323311794721,0.9723715092770719,-0.12167774576771194,1215464.38659634,1250000.0,5.000000000000001,5.000000000000001,243092.87731926795,53.85772234095266,243092.87731926795,53.85772234095266,9.594304430096237,9.70031582517743,0.11710701376060159,0.17625148632412735,0.05986313527591053,0.14158317694277206,0.015959809371944637,0.9665095463247363,-0.14793852038241928,1208136.9329059203,1250000.0,5.000000000000001,5.000000000000001,241627.38658118402,53.83146156633796,241627.38658118402,53.83146156633796,10.53213243882341,10.786390762307855,0.1318617980646087,0.17457482442388103,0.1482398199828861,,
200,6,10.0,20,0.399652611502642,-3.9831734481725856,499565.76437830244,1250000.0,5.000000000000001,5.000000000000001,99913.15287566047,49.99622663854779,99913.15287566047,49.99622663854779,52.379844775363985,52.38881800229077,,,,,,0.4194370426858328,-3.773332173526771,524296.303357291,1250000.0,5.000000000000001,5.000000000000001,104859.26067145819,50.2060679131936,104859.26067145819,50.2060679131936,51.20800058400906,51.19072475872202,1.023334520848054,1.7285938139671586,0.3907694436937642,0.3408518253994487,0.061919334598465214,0.8996267289959917,-0.45937649631451366,1124533.4112449896,1250000.0,5.000000000000001,5.000000000000001,224906.68224899788,53.52002359040586,224906.68224899788,53.52002359040586,18.69022721153737,18.701927980866365,0.2501132930528206,0.17502488901440078,0.3907694436937642,0.3408518253994487,0.061919334598465214,0.9725112686595458,-0.12105357726361841,1215639.0858244323,1250000.0,5.000000000000001,5.000000000000001,243127.81716488642,53.85834650945676,243127.81716488642,53.85834650945676,9.571528586489404,9.68028178132738,0.11625348678982253,0.17502488901440078,0.05983877209062999,0.14181551580022733,0.01589706358309107,0.970341126727139,-0.13075561186382667,1212926.4084089238,1250000.0,5.000000000000001,5.000000000000001,242585.28168178472,53.84864447485655,242585.28168178472,53.84864447485655,9.905392165570708,10.252899238342904,0.12422806011769216,0.17381485768246385,0.12209968692592921,,
201,6,10.05,21,0.4004280925549321,-3.974754616282569,500535.1156936651,1250000.0,5.000000000000001,5.000000000000001,100107.023138733,50.00464547043781,100107.023138733,50.00464547043781,52.30488932379127,52.29017393881751,,,,,,0.4387507476539735,-3.5778213046522285,548438.4345674668,1250000.0,5.000000000000001,5.000000000000001,109687.68691349335,50.40157878206814,109687.68691349335,50.40157878206814,50.078872829810976,50.103399645703924,1.021180881700097,1.7292072040792135,0.3898237971094249,0.33981088125053105,0.0613923988330755,0.9006833607588215,-0.45427860346479304,1125854.2009485268,1250000.0,5.000000000000001,5.000000000000001,225170.84018970534,53.52512148325558,225170.84018970534,53.52512148325558,18.585113873574553,18.605697892472985,0.24878105837460085,0.17601166523412723,0.3898237971094249,0.33981088125053105,0.0613923988330755,0.9724291848062051,-0.12142015470321953,1215536.4810077564,1250000.0,5.000000000000001,5.000000000000001,243107.29620155125,53.85797993201716,243107.29620155125,53.85797993201716,9.587702506912361,9.707669199251315,0.11639992937883559,0.17601166523412723,0.05980948933378111,0.14202887416933047,0.0158311055663722,0.9697961243974094,-0.1331955579090313,1212245.1554967617,1250000.0,5.000000000000001,5.000000000000001,242449.0310993523,53.84620452881134,242449.0310993523,53.84620452881134,9.987956915694667,10.343824955340828,0.12745608534530864,0.17167358473601918,0.14393335307757743,,
202,6,10.100000000000001,22,0.40258429735988377,-3.95143168600244,503230.37169985473,1250000.0,5.000000000000001,5.000000000000001,100646.07433997093,50.02796840071794,100646.07433997093,50.02796840071794,52.16556368105679,52.188665251186876,,,,,,0.4236937613223315,-3.729479307198816,529617.2016529144,1250000.0,5.000000000000001,5.000000000000001,105923.44033058286,50.24992077952156,105923.44033058286,50.24992077952156,50.91359489980623,50.89859813236586,1.022625700247153,1.7236466543205609,0.388661756577632,0.3393252326002457,0.06096708586112694,0.9015448091845306,-0.45012682809626103,1126931.0114806632,1250000.0,5.000000000000001,5.000000000000001,225386.2022961326,53.52927325862411,225386.2022961326,53.52927325862411,18.50101092822207,18.518100424951058,0.24750314935544887,0.1726151713741213,0.388661756577632,0.3393252326002457,0.06096708586112694,0.9734979019667491,-0.116649801123579,1216872.3774584364,1250000.0,5.000000000000001,5.000000000000001,243374.47549168725,53.862750285596796,243374.47549168725,53.862750285596796,9.394082187429689,9.514152079352318,0.11396866243910338,0.1726151713741213,0.059794150269877555,0.14223937556546232,0.015764528378801195,0.9690895181768123,-0.1363610380109145,1211361.8977210154,1250000.0,5.000000000000001,5.000000000000001,242272.37954420302,53.843039048709464,242272.37954420302,53.843039048709464,10.134319754565846,10.61896218470864,0.13077752475903967,0.1725653263822581,0.15073237660032823,,
203,6,10.15,23,0.4103723305232462,-3.8682192934404,512965.4131540577,1250000.0,5.000000000000001,5.000000000000001,102593.08263081152,50.11118079327997,102593.08263081152,50.11118079327997,51.71083812744401,51.6930147752325,,,,,,0.42322491555515684,-3.7342877299177166,529031.1444439461,1250000.0,5.000000000000001,5.000000000000001,105806.22888878919,50.24511235680266,105806.22888878919,50.24511235680266,50.963906995028665,50.96026424354382,1.0067210066640686,1.7146937984583164,0.38595919583350635,0.3383665333372448,0.06031849778695462,0.9024390514882116,-0.4458211961197283,1128048.8143602645,1250000.0,5.000000000000001,5.000000000000001,225609.76287205284,53.533578890600644,225609.76287205284,53.533578890600644,18.416969772011168,18.430836103646214,0.24642182857732847,0.17417217229253593,0.38595919583350635,0.3383665333372448,0.06031849778695462,0.9732344074997077,-0.11782545525117004,1216543.0093746346,1250000.0,5.000000000000001,5.000000000000001,243308.60187492688,53.86157463146921,243308.60187492688,53.86157463146921,9.442506721754025,9.542646493997648,0.11438802985209537,0.17417217229253593,0.059777424268543565,0.14244968767872446,0.015698643993874405,0.9671686800913449,-0.14497775716079653,1208960.8501141812,1250000.0,5.000000000000001,5.000000000000001,241792.1700228362,53.83442232955958,241792.1700228362,53.83442232955958,10.423421255897654,10.975395730177784,0.13572148161664083,0.17275544443681085,0.15271925817588286,,
204,6,10.200000000000001,24,0.413437578151153,-3.835900520387118,516796.9726889413,1250000.0,5.000000000000001,5.000000000000001,103359.39453778823,50.143499566333254,103359.39453778823,50.143499566333254,51.52804386327925,51.515177160385136,,,,,,0.4315473149705652,-3.6497158116752515,539434.1437132065,1250000.0,5.000000000000001,5.000000000000001,107886.82874264129,50.329684275045125,107886.82874264129,50.329684275045125,50.47885927106448,50.47683034587202,1.0181257252337563,1.7271100903344494,0.385336878187173,0.3378216732922726,0.05993481810588348,0.9019655820768312,-0.4481003429763337,1127456.977596039,1250000.0,5.000000000000001,5.000000000000001,225491.39551920776,53.53129974374404,225491.39551920776,53.53129974374404,18.462551541354085,18.491922881065324,0.24738594297215757,0.17344911150046075,0.385336878187173,0.3378216732922726,0.05993481810588348,0.9729625283361385,-0.11903885374210908,1216203.160420173,1250000.0,5.000000000000001,5.000000000000001,243240.6320840346,53.86036123297827,243240.6320840346,53.86036123297827,9.489825217455028,9.622946487216094,0.11611098386932035,0.17344911150046075,0.0597854070135093,0.1426616974646027,0.01563560134906964,0.9680697033372637,-0.14093371322910492,1210087.1291715796,1250000.0,5.000000000000001,5.000000000000001,242017.4258343159,53.83846637349127,242017.4258343159,53.83846637349127,10.276027808578672,10.802073521225907,0.13494865236378473,0.1700108868436238,0.15062808592137894,,
205,6,10.25,25,0.4175203903560081,-3.7932231011364923,521900.4879450101,1250000.0,5.000000000000001,5.000000000000001,104380.097589002,50.18617698558388,104380.097589002,50.18617698558388,51.29582634352323,51.32002330298634,,,,,,0.42562189278507045,-3.709760412599649,532027.3659813381,1250000.0,5.000000000000001,5.000000000000001,106405.4731962676,50.269639674120725,106405.4731962676,50.269639674120725,50.789129920870266,50.7920558802647,1.0165814680391314,1.732689448699062,0.3843367144682741,0.3374888574822721,0.05956622272137122,0.9031609554888316,-0.4423484564273586,1128951.1943610394,1250000.0,5.000000000000001,5.000000000000001,225790.23887220785,53.53705163029302,225790.23887220785,53.53705163029302,18.34544825251542,18.35844653179855,0.24543681254509106,0.17415825123679704,0.3843367144682741,0.3374888574822721,0.05956622272137122,0.9730043380771268,-0.11885223453376359,1216255.4225964085,1250000.0,5.000000000000001,5.000000000000001,243251.08451928166,53.86054785218661,243251.08451928166,53.86054785218661,9.484415757642344,9.574896282287082,0.11513644704053842,0.17415825123679704,0.059814036316385114,0.14288103561004958,0.015575817362128434,0.965107765345389,-0.15424189991169562,1206384.7066817363,1250000.0,5.000000000000001,5.000000000000001,241276.94133634723,53.82515818680868,241276.94133634723,53.82515818680868,10.770050618730334,11.418635545688254,0.1425565722821404,0.17272267061172603,0.1668784519377809,,
206,6,10.3,26,0.4113644865610774,-3.857732040275153,514205.6082013467,1250000.0,5.000000000000001,5.000000000000001,102841.12164026932,50.12166804644522,102841.12164026932,50.12166804644522,51.709429811587185,51.690176626581476,,,,,,0.43282274950166,-3.6368992044450312,541028.436877075,1250000.0,5.000000000000001,5.000000000000001,108205.68737541499,50.342500882275345,108205.68737541499,50.342500882275345,50.436147014307366,50.46430861112732,1.0166581134643917,1.7171702567627942,0.38342696851858415,0.33707952733400853,0.05919085657114261,0.9019321491181239,-0.4482613249347989,1127415.186397655,1250000.0,5.000000000000001,5.000000000000001,225483.03727953095,53.53113876178558,225483.03727953095,53.53113876178558,18.467427208262784,18.492448621408066,0.24722844060839808,0.17345068390932455,0.38342696851858415,0.33707952733400853,0.05919085657114261,0.9726961591731949,-0.12022798993625256,1215870.1989664936,1250000.0,5.000000000000001,5.000000000000001,243174.03979329867,53.85917209678412,243174.03979329867,53.85917209678412,9.539835829704177,9.676260085409782,0.1162373041978592,0.17345068390932455,0.05981603488163324,0.1430994811136347,0.015514705152306341,0.9672790906354547,-0.14448200130914216,1209098.8632943183,1250000.0,5.000000000000001,5.000000000000001,241819.77265886363,53.83491808541123,241819.77265886363,53.83491808541123,10.432979409495069,11.206325560139954,0.13898330477628026,0.17100411801504362,0.1740730938447032,,
207,6,10.350000000000001,27,0.40257977225693586,-3.951480501574682,503224.7153211698,1250000.0,5.000000000000001,5.000000000000001,100644.94306423394,50.027919585145696,100644.94306423394,50.027919585145696,52.17415501748371,52.15219550241346,,,,,,0.434668578132399,-3.618417534989268,543335.7226654987,1250000.0,5.000000000000001,5.000000000000001,108667.14453309972,50.36098255173111,108667.14453309972,50.36098255173111,50.26053988960876,50.291459086752845,1.0169669360125253,1.7211363498786318,0.3831471046580065,0.3365005671923084,0.05884189498510149,0.9031738982040057,-0.44228622046075927,1128967.3727550071,1250000.0,5.000000000000001,5.000000000000001,225793.4745510014,53.53711386625962,225793.4745510014,53.53711386625962,18.342659003820422,18.3585359495445,0.2457115882602877,0.17425822982792533,0.3831471046580065,0.3365005671923084,0.05884189498510149,0.9731243701498915,-0.11831651182746117,1216405.4626873643,1250000.0,5.000000000000001,5.000000000000001,243281.0925374728,53.861083574892916,243281.0925374728,53.861083574892916,9.461602749506726,9.56455181009753,0.1155429888103724,0.17425822982792533,0.05983231024031108,0.1433075610138616,0.01545234455164678,0.9649483980844569,-0.15495910517740316,1206185.497605571,1250000.0,5.000000000000001,5.000000000000001,241237.09952111417,53.82444098154298,241237.09952111417,53.82444098154298,10.654564588971414,11.223502320839675,0.13976349174468516,0.17171200312676888,0.14184494153704133,,
208,6,10.4,28,0.4089103398024124,-3.8837190763505736,511137.9247530155,1250000.0,5.000000000000001,5.000000000000001,102227.58495060308,50.0956810103698,102227.58495060308,50.0956810103698,51.77194039573324,51.77482827928056,,,,,,0.43099153318556155,-3.6553126145622397,538739.416481952,1250000.0,5.000000000000001,5.000000000000001,107747.88329639037,50.32408747215814,107747.88329639037,50.32408747215814,50.487182033734996,50.47971932100056,1.020846898715822,1.7242624249662666,0.38042925050807375,0.33572047538569116,0.058251969664233315,0.903208008317548,-0.44212220382577444,1129010.010396935,1250000.0,5.000000000000001,5.000000000000001,225802.00207938696,53.53727788289461,225802.00207938696,53.53727788289461,18.340836032684102,18.353168118856786,0.24512260207716724,0.17355387502044797,0.38042925050807375,0.33572047538569116,0.058251969664233315,0.9725999020536532,-0.12065778503765827,1215749.8775670666,1250000.0,5.000000000000001,5.000000000000001,243149.9755134133,53.85874230168271,243149.9755134133,53.85874230168271,9.554973828789851,9.653232038477393,0.11577459160067882,0.17355387502044797,0.05981641021436142,0.14351698333419757,0.015390568221069444,0.9694427323770147,-0.13477840785625464,1211803.4154712684,1250000.0,5.000000000000001,5.000000000000001,242360.68309425362,53.84462167886412,242360.68309425362,53.84462167886412,10.043906389218424,10.437938455168476,0.12939139143737477,0.17385717627326813,0.13676053981809572,,
209,6,10.450000000000001,29,0.40534743936843953,-3.921725661317655,506684.29921054945,1250000.0,5.000000000000001,5.000000000000001,101336.85984210987,50.057674425402716,101336.85984210987,50.057674425402716,52.03604797574203,52.044318161208324,,,,,,0.42259938557081644,-3.7407113871626088,528249.2319635205,1250000.0,5.000000000000001,5.000000000000001,105649.84639270409,50.23868869955777,105649.84639270409,50.23868869955777,51.00913212884167,51.01115878660553,1.0145521338667505,1.7042245781583276,0.3808086058704283,0.3353012489817989,0.05799592829919209,0.9039003511053297,-0.43879444912348653,1129875.4388816622,1250000.0,5.000000000000001,5.000000000000001,225975.0877763324,53.54060563759689,225975.0877763324,53.54060563759689,18.264062879984774,18.27593373467375,0.2435252014711719,0.1741847091510795,0.3808086058704283,0.3353012489817989,0.05799592829919209,0.9726047936852509,-0.1206359425177936,1215755.9921065636,1250000.0,5.000000000000001,5.000000000000001,243151.1984213127,53.85876414420258,243151.1984213127,53.85876414420258,9.55414822321731,9.64369783074676,0.11551444810568753,0.1741847091510795,0.05979696905860325,0.14372004833448646,0.015328666909912516,0.9628258951331249,-0.16452237921113114,1203532.368916406,1250000.0,5.000000000000001,5.000000000000001,240706.47378328117,53.81487770750924,240706.47378328117,53.81487770750924,11.006098043466002,11.283541184097814,0.14035231562901684,0.1722894481376477,0.151068085965731,,
210,7,10.5,0,0.4071541691278819,-3.9024111381241067,508942.7114098524,1250000.0,5.000000000000001,5.000000000000001,101788.54228197045,50.07698894859627,101788.54228197045,50.07698894859627,51.925122331377494,51.91323263293971,,,,,,0.43100150622627137,-3.6552121210234234,538751.8827828392,1250000.0,5.000000000000001,5.000000000000001,107750.37655656783,50.32418796569695,107750.37655656783,50.32418796569695,50.48757756582077,50.47124652863108,1.023054326884322,1.7257955651862744,0.37936073779233337,0.3346379475691851,0.057539818230178244,0.9041575377947556,-0.4375589271695086,1130196.9222434445,1250000.0,5.000000000000001,5.000000000000001,226039.38444868886,53.54184115955086,226039.38444868886,53.54184115955086,18.236640316838447,18.257914636066925,0.2436137377333035,0.17413419922533593,0.37936073779233337,0.3346379475691851,0.057539818230178244,0.9725352598271735,-0.12094644119707164,1215669.0747839669,1250000.0,5.000000000000001,5.000000000000001,243133.81495679333,53.858453645523305,243133.81495679333,53.858453645523305,9.562603116249234,9.67691958190569,0.11604123415846872,0.17413419922533593,0.059769579854389465,0.14392433595450407,0.015269000889761913,0.9667782693203214,-0.14673119973465754,1208472.8366504018,1250000.0,5.000000000000001,5.000000000000001,241694.56733008032,53.832668886985715,241694.56733008032,53.832668886985715,10.440421126982738,11.155844325167637,0.13966567843820554,0.17376697459671683,0.14087399819176882,,
211,7,10.55,1,0.4168999534413504,-3.799681533749397,521124.941801688,1250000.0,5.000000000000001,5.000000000000001,104224.98836033758,50.17971855297098,104224.98836033758,50.17971855297098,51.3377069492672,51.3173496918973,,,,,,0.4177015748588475,-3.7913388731276276,522126.9685735594,1250000.0,5.000000000000001,5.000000000000001,104425.39371471187,50.18806121359275,104425.39371471187,50.18806121359275,51.312592263617674,51.30283665986842,1.021775460334957,1.7221815710540735,0.37871615964114336,0.33390182007123453,0.057139949151543426,0.9033199642944147,-0.44158391309605755,1129149.9553680185,1250000.0,5.000000000000001,5.000000000000001,225829.99107360365,53.53781617362432,225829.99107360365,53.53781617362432,18.320182445038768,18.33393954476547,0.24439940945211897,0.17443548868059958,0.37871615964114336,0.33390182007123453,0.057139949151543426,0.9723729417918554,-0.12167134766985019,1215466.1772398192,1250000.0,5.000000000000001,5.000000000000001,243093.2354479638,53.85772873905053,243093.2354479638,53.85772873905053,9.594445945073613,9.691702115643544,0.11611643156029802,0.17443548868059958,0.0597702559129798,0.14411895936269323,0.015208700373398196,0.9670651205397275,-0.14544280271882712,1208831.4006746593,1250000.0,5.000000000000001,5.000000000000001,241766.28013493182,53.83395728400154,241766.28013493182,53.83395728400154,10.40442416294903,11.070131719668533,0.1384630784671939,0.17423613307159647,0.17278725961646285,,
212,7,10.600000000000001,2,0.4032517035575545,-3.944237892357578,504064.6294469431,1250000.0,5.000000000000001,5.000000000000001,100812.9258893886,50.0351621943628,100812.9258893886,50.0351621943628,52.15901905155622,52.156108131148265,,,,,,0.42803406972741626,-3.6852166158089448,535042.5871592703,1250000.0,5.000000000000001,5.000000000000001,107008.51743185404,50.294183470911435,107008.51743185404,50.294183470911435,50.66952378338472,50.67666126465877,1.0224980401628698,1.7193195893131363,0.3779627813116857,0.3337531192464728,0.05684917920081674,0.9028822618923638,-0.44368879082117174,1128602.8273654548,1250000.0,5.000000000000001,5.000000000000001,225720.56547309092,53.535711295899205,225720.56547309092,53.535711295899205,18.3547742448293,18.364899767189645,0.24501286457910645,0.17551146051450564,0.3779627813116857,0.3337531192464728,0.05684917920081674,0.9722355039595751,-0.12228523467002088,1215294.379949469,1250000.0,5.000000000000001,5.000000000000001,243058.87598989374,53.85711485205036,243058.87598989374,53.85711485205036,9.620654882319354,9.711239299712556,0.11656976068384237,0.17551146051450564,0.0597536530710527,0.14432386650371004,0.015151586325117664,0.9615476783451404,-0.17029176398119353,1201934.5979314256,1250000.0,5.000000000000001,5.000000000000001,240386.91958628508,53.809108322739185,240386.91958628508,53.809108322739185,11.000540410167357,11.839872347719284,0.14862955279816636,0.17352206687690255,0.18894214026330663,,
213,7,10.65,3,0.3989862717725822,-3.990420471603291,498732.8397157278,1250000.0,5.000000000000001,5.000000000000001,99746.56794314554,49.98897961511709,99746.56794314554,49.98897961511709,52.40575866978146,52.399197155084195,,,,,,0.41871119967387854,-3.7808542245839094,523388.9995923482,1250000.0,5.000000000000001,5.000000000000001,104677.79991846962,50.19854586213647,104677.79991846962,50.19854586213647,51.23792259813297,51.25406476807632,1.0188203171073653,1.7222980664464196,0.37742995826438963,0.3330756998629585,0.0564772589619192,0.903894057172662,-0.4388246895116032,1129867.5714658275,1250000.0,5.000000000000001,5.000000000000001,225973.51429316547,53.54057539720877,225973.51429316547,53.54057539720877,18.268909536066793,18.2759777440427,0.24395822888997526,0.1740233801977858,0.37742995826438963,0.3330756998629585,0.0564772589619192,0.972274585578176,-0.12211066184166869,1215343.23197272,1250000.0,5.000000000000001,5.000000000000001,243068.64639454396,53.8572894248787,243068.64639454396,53.8572894248787,9.6100163674151,9.692072681834272,0.11641159874277336,0.1740233801977858,0.05971848881973378,0.1445104881108922,0.015089899419766151,0.9685738147759761,-0.1386727620628815,1210717.2684699702,1250000.0,5.000000000000001,5.000000000000001,242143.453693994,53.84072732465749,242143.453693994,53.84072732465749,10.170380744693867,10.932361075358047,0.13490511842627032,0.1731616765779987,0.16498688053408353,,
214,7,10.700000000000001,4,0.4035891325387358,-3.9406053654316042,504486.4156734197,1250000.0,5.000000000000001,5.000000000000001,100897.28313468392,50.03879472128877,100897.28313468392,50.03879472128877,52.09652274525091,52.10616070143027,,,,,,0.42177525386652664,-3.749189045028472,527219.0673331583,1250000.0,5.000000000000001,5.000000000000001,105443.81346663165,50.2302110416919,105443.81346663165,50.2302110416919,51.056589062531984,51.12678338529547,1.023155317333696,1.7336401529393513,0.37758623960717064,0.33295468962946057,0.05626789564194155,0.9034248176705111,-0.4410798325734155,1129281.0220881389,1250000.0,5.000000000000001,5.000000000000001,225856.20441762774,53.53832025414696,225856.20441762774,53.53832025414696,18.310179794807517,18.315904121404216,0.2443811977191946,0.17373791668271404,0.37758623960717064,0.33295468962946057,0.05626789564194155,0.9729610911155673,-0.11904526896783654,1216201.363894459,1250000.0,5.000000000000001,5.000000000000001,243240.27277889178,53.86035481775254,243240.27277889178,53.86035481775254,9.48725110755622,9.58694004423995,0.11498994673770983,0.17373791668271404,0.059656230790469646,0.14471278708589605,0.015031837960263528,0.9658235822552854,-0.15102194754365142,1207279.4778191068,1250000.0,5.000000000000001,5.000000000000001,241455.8955638213,53.82837813917672,241455.8955638213,53.82837813917672,10.611515852213351,11.016596542307946,0.13784003096164482,0.1735179689906903,0.1627885306797905,,
215,7,10.75,5,0.4076567688524929,-3.8970534212719277,509570.9610656161,1250000.0,5.000000000000001,5.000000000000001,101914.1922131232,50.08234666544845,101914.1922131232,50.08234666544845,51.88947443806093,51.89601076148282,,,,,,0.42994041245419196,-3.665917312473174,537425.51556774,1250000.0,5.000000000000001,5.000000000000001,107485.10311354797,50.3134827742472,107485.10311354797,50.3134827742472,50.58967798785008,50.58671579132077,1.0225548563901843,1.7209081841851646,0.3773222366070335,0.3327159502610361,0.05600652851477291,0.9044006275860159,-0.43639144958866005,1130500.7844825198,1250000.0,5.000000000000001,5.000000000000001,226100.15689650393,53.54300863713171,226100.15689650393,53.54300863713171,18.203688760937432,18.21104392565288,0.24291139034217454,0.17307316185792368,0.3773222366070335,0.3327159502610361,0.05600652851477291,0.9728843435273569,-0.11938785582990727,1216105.4294091961,1250000.0,5.000000000000001,5.000000000000001,243221.0858818392,53.86001223089047,243221.0858818392,53.86001223089047,9.504161851463929,9.600152413719956,0.11528232817307064,0.17307316185792368,0.05960869809699297,0.14491556901617633,0.014975476936032833,0.9602269730094501,-0.1762609875777661,1200283.7162618127,1250000.0,5.000000000000001,5.000000000000001,240056.7432523625,53.803139099142605,240056.7432523625,53.803139099142605,11.398767816169617,12.168230335650879,0.1531951628050206,0.17246077395255027,0.19968338393640975,,
216,7,10.8,6,0.40563253810505506,-3.9186721503395883,507040.67263131886,1250000.0,5.000000000000001,5.000000000000001,101408.13452626375,50.060727936380786,101408.13452626375,50.060727936380786,52.02023255482637,52.03057131301556,,,,,,0.4257113854099374,-3.7088473470755017,532139.2317624218,1250000.0,5.000000000000001,5.000000000000001,106427.84635248434,50.27055273964487,106427.84635248434,50.27055273964487,50.84311262600011,50.831057573627305,1.0143302482958672,1.7330832407348324,0.37758331498368064,0.3323122156101091,0.05575739202826365,0.9033728655132528,-0.44132958422448804,1129216.081891566,1250000.0,5.000000000000001,5.000000000000001,225843.21637831317,53.53807050249589,225843.21637831317,53.53807050249589,18.312295589137314,18.324464132310005,0.24438929148535055,0.17214085191715775,0.37758331498368064,0.3323122156101091,0.05575739202826365,0.9725897658962356,-0.12070304619965959,1215737.2073702945,1250000.0,5.000000000000001,5.000000000000001,243147.44147405887,53.85869704052071,243147.44147405887,53.85869704052071,9.557433085831466,9.652777624102782,0.11554099471518806,0.17214085191715775,0.05958941678581382,0.1451099600638639,0.01491867592286202,0.9690133114104121,-0.13670256971545672,1211266.6392630152,1250000.0,5.000000000000001,5.000000000000001,242253.32785260302,53.84269751700492,242253.32785260302,53.84269751700492,10.085087665129311,10.778579194717953,0.13300662269755176,0.1722573812383777,0.1626294303251012,,
217,7,10.850000000000001,7,0.3973582215570599,-4.00817796765812,496697.77694632486,1250000.0,5.000000000000001,5.000000000000001,99339.55538926495,49.97122211906226,99339.55538926495,49.97122211906226,52.53489212116732,52.5149436947773,,,,,,0.4293235351341379,-3.6721530323096454,536654.4189176724,1250000.0,5.000000000000001,5.000000000000001,107330.88378353445,50.30724705441073,107330.88378353445,50.30724705441073,50.611275178169876,50.61375424709397,1.0336921352751784,1.7402637980856972,0.3764186270752756,0.33140865323659596,0.05530233107342732,0.9042066987128,-0.43732279868381735,1130258.373391,1250000.0,5.000000000000001,5.000000000000001,226051.67467819998,53.542077288036566,226051.67467819998,53.542077288036566,18.229947146261267,18.24098832849802,0.24324723856156139,0.1734805358359817,0.3764186270752756,0.33140865323659596,0.05530233107342732,0.9726985812117109,-0.12021717590513945,1215873.2265146386,1250000.0,5.000000000000001,5.000000000000001,243174.64530292767,53.859182910815235,243174.64530292767,53.859182910815235,9.53671117339497,9.628773613207262,0.11538272563615952,0.1734805358359817,0.05957495029870098,0.14529475294264588,0.014860720938194053,0.9610690005060312,-0.1724543078800032,1201336.250632539,1250000.0,5.000000000000001,5.000000000000001,240267.25012650774,53.80694577884037,240267.25012650774,53.80694577884037,11.360621277555634,11.884563777218695,0.14914415945222645,0.1735082392421635,0.17646478070878538,,
218,7,10.9,8,0.4061533689030769,-3.913099400907263,507691.71112884616,1250000.0,5.000000000000001,5.000000000000001,101538.34222576921,50.06630068581312,101538.34222576921,50.06630068581312,51.98822254247676,51.98147239960211,,,,,,0.42483371084380384,-3.717810289968209,531042.1385547548,1250000.0,5.000000000000001,5.000000000000001,106208.42771095094,50.26158979675216,106208.42771095094,50.26158979675216,50.895563685826424,50.881393343478294,1.0234273224826635,1.742275028197789,0.3758947318802462,0.33094862666220215,0.054985798157365484,0.9049743535463165,-0.43363728276716584,1131217.9419328957,1250000.0,5.000000000000001,5.000000000000001,226243.5883865791,53.54576280395321,226243.5883865791,53.54576280395321,18.1569062387698,18.160706985680036,0.2427191177622527,0.17348948172967765,0.3758947318802462,0.33094862666220215,0.054985798157365484,0.9728566242263263,-0.11951159624222413,1216070.780282908,1250000.0,5.000000000000001,5.000000000000001,243214.15605658153,53.859888490478156,243214.15605658153,53.859888490478156,9.510551052116305,9.602815514653315,0.11593635365362125,0.17348948172967765,0.05956811037407315,0.14548631888142652,0.014805460661788797,0.9698482327365179,-0.13296221240877829,1212310.2909206473,1250000.0,5.000000000000001,5.000000000000001,242462.05818412942,53.8464378743116,242462.05818412942,53.8464378743116,10.004258575327569,10.314672346625418,0.12512449234746292,0.17431261702135986,0.12981412320851196,,
219,7,10.950000000000001,9,0.401791626632302,-3.959991182231068,502239.5332903775,1250000.0,5.000000000000001,5.000000000000001,100447.90665807549,50.01940890448931,100447.90665807549,50.01940890448931,52.221858600750565,52.21562797669625,,,,,,0.4312913990428634,-3.6522920261330882,539114.2488035792,1250000.0,5.000000000000001,5.000000000000001,107822.84976071584,50.32710806058729,107822.84976071584,50.32710806058729,50.48666034775521,50.46941739969658,1.0040222498915654,1.732629972836396,0.3751554457102616,0.3300725286476242,0.05457631399318709,0.9073009706043068,-0.42248624526810863,1134126.2132553835,1250000.0,5.000000000000001,5.000000000000001,226825.24265107667,53.55691384145227,226825.24265107667,53.55691384145227,17.925081939499538,17.927908822151682,0.2395939096473622,0.17372478535917998,0.3751554457102616,0.3300725286476242,0.05457631399318709,0.9736708307685074,-0.11587840393235876,1217088.5384606342,1250000.0,5.000000000000001,5.000000000000001,243417.7076921268,53.86352168278802,243417.7076921268,53.86352168278802,9.363015536420919,9.454138020555908,0.1146093451548154,0.17372478535917998,0.05954144732439148,0.1456620666033302,0.014746024867028765,0.9651947677454402,-0.15385041037435698,1206493.4596818003,1250000.0,5.000000000000001,5.000000000000001,241298.69193636003,53.825549676346014,241298.69193636003,53.825549676346014,10.696357747478505,11.104032149465173,0.13783700295983997,0.17323163450672804,0.1572056316137443,,
220,7,11.0,10,0.40311897697313864,-3.9456675679429134,503898.7212164233,1250000.0,5.000000000000001,5.000000000000001,100779.74424328464,50.03373251877746,100779.74424328464,50.03373251877746,52.18296687940894,52.18223433870308,,,,,,0.4288694819726693,-3.676748567276386,536086.8524658366,1250000.0,5.000000000000001,5.000000000000001,107217.3704931673,50.30265151944399,107217.3704931673,50.30265151944399,50.641602703204704,50.6451880282727,1.0252523970332763,1.7387093377741099,0.37420253024817546,0.3296190124500009,0.05423148522098772,0.9062626757008344,-0.42745905995098377,1132828.344626043,1250000.0,5.000000000000001,5.000000000000001,226565.66892520856,53.55194102676939,226565.66892520856,53.55194102676939,18.01830008246163,18.029541776656153,0.2402056434114909,0.17183093445716344,0.37420253024817546,0.3296190124500009,0.05423148522098772,0.9727741819478402,-0.11987964373129446,1215967.7274348002,1250000.0,5.000000000000001,5.000000000000001,243193.54548696,53.85952044298908,243193.54548696,53.85952044298908,9.522826330617278,9.619100771083284,0.11517540936243258,0.17183093445716344,0.059518600045509386,0.1458423325421491,0.014689186094619878,0.9623756480825683,-0.16655374900515674,1202969.5601032104,1250000.0,5.000000000000001,5.000000000000001,240593.91202064205,53.81284633771522,240593.91202064205,53.81284633771522,11.115481135930938,11.68341743277385,0.14680563445072384,0.1736969074590138,0.1694113861793177,,
221,7,11.05,11,0.4001583380515317,-3.977681293334543,500197.9225644147,1250000.0,5.000000000000001,5.000000000000001,100039.58451288292,50.001718793385834,100039.58451288292,50.001718793385834,52.333451208981,52.34218375101041,,,,,,0.4317687281136659,-3.647488156828614,539710.9101420824,1250000.0,5.000000000000001,5.000000000000001,107942.18202841646,50.33191192989176,107942.18202841646,50.33191192989176,50.494176850616995,50.559355733512675,1.0102978282285504,1.7256269593462794,0.37378305201775525,0.32919543291142217,0.05393719435282744,0.9047311254688578,-0.43480468391332117,1130913.9068360722,1250000.0,5.000000000000001,5.000000000000001,226182.7813672144,53.54459540280706,226182.7813672144,53.54459540280706,18.181626760087298,18.199867761426887,0.24199376011378018,0.1755230777082048,0.37378305201775525,0.32919543291142217,0.05393719435282744,0.9714842324548059,-0.12564243765630978,1214355.2905685073,1250000.0,5.000000000000001,5.000000000000001,242871.0581137014,53.853757649064065,242871.0581137014,53.853757649064065,9.749831188658948,9.857342203889127,0.11724774002237096,0.1755230777082048,0.05952475828250557,0.14602418705712114,0.014634628813463123,0.970036995612227,-0.13211702142150342,1212546.2445152837,1250000.0,5.000000000000001,5.000000000000001,242509.2489030567,53.84728306529887,242509.2489030567,53.84728306529887,9.932601313304737,10.47133095686306,0.12740509279023401,0.1743148269733256,0.14189037432073925,,
222,7,11.100000000000001,12,0.4127000584674577,-3.843654695958274,515875.07308432215,1250000.0,5.000000000000001,5.000000000000001,103175.01461686441,50.135745390762104,103175.01461686441,50.135745390762104,51.59732542965588,51.61626640961433,,,,,,0.42304544428584157,-3.7361297744177024,528806.805357302,1250000.0,5.000000000000001,5.000000000000001,105761.36107146037,50.24327031230268,105761.36107146037,50.24327031230268,50.97493705546556,50.97363051267866,1.0165474145866247,1.7256233088755848,0.37294639552429387,0.3286634782594941,0.05359290089173513,0.9068892331419449,-0.424457541448603,1133611.5414274312,1250000.0,5.000000000000001,5.000000000000001,226722.3082854862,53.55494254527177,226722.3082854862,53.55494254527177,17.971537956202628,17.971537585164675,0.24015136816832744,0.17333747668924857,0.37294639552429387,0.3286634782594941,0.05359290089173513,0.9733775721741523,-0.11718664660439185,1216721.9652176904,1250000.0,5.000000000000001,5.000000000000001,243344.39304353806,53.86221344011599,243344.39304353806,53.86221344011599,9.418256082363015,9.498932041895872,0.11503601949537405,0.17333747668924857,0.059525215060420265,0.1462088996610138,0.014581496236541262,0.9658347738733171,-0.15097162334486805,1207293.4673416463,1250000.0,5.000000000000001,5.000000000000001,241458.69346832923,53.8284284633755,241458.69346832923,53.8284284633755,10.520170614599934,10.94369043443017,0.1339098331979961,0.17279968223605974,0.14517673628185254,,
223,7,11.15,13,0.40898008305584027,-3.8829784120918767,511225.10381980037,1250000.0,5.000000000000001,5.000000000000001,102245.02076396006,50.0964216746285,102245.02076396006,50.0964216746285,51.81131136290238,51.838834147769354,,,,,,0.4294487944268188,-3.6708861209728068,536810.9930335236,1250000.0,5.000000000000001,5.000000000000001,107362.1986067047,50.30851396574757,107362.1986067047,50.30851396574757,50.61415518469711,50.60470561246296,1.029710844446401,1.734133437115767,0.3715402413083797,0.3278985664891504,0.05316446655445271,0.9082771745735384,-0.4178159969614601,1135346.468216923,1250000.0,5.000000000000001,5.000000000000001,227069.29364338456,53.56158408975891,227069.29364338456,53.56158408975891,17.814337037802314,17.83128133137592,0.2379334049089136,0.17286332580506622,0.3715402413083797,0.3278985664891504,0.05316446655445271,0.9732550537633875,-0.11773332468928577,1216568.8172042344,1250000.0,5.000000000000001,5.000000000000001,243313.76344084684,53.86166676203109,243313.76344084684,53.86166676203109,9.434128331784557,9.542745436713265,0.1145569940936991,0.17286332580506622,0.059524189583028644,0.14638769921401928,0.014528251582046634,0.965586374724124,-0.1520887114587383,1206982.968405155,1250000.0,5.000000000000001,5.000000000000001,241396.59368103096,53.82731137526164,241396.59368103096,53.82731137526164,10.568167906210602,11.125539996683523,0.13738816711064233,0.17327747508333122,0.1752490253815096,,
224,7,11.200000000000001,14,0.40889264332939756,-3.8839070306803873,511115.804161747,1250000.0,5.000000000000001,5.000000000000001,102223.16083234939,50.095493056039984,102223.16083234939,50.095493056039984,51.79988389726746,51.80557948679147,,,,,,0.42559525228246636,-3.7100322544756468,531994.065353083,1250000.0,5.000000000000001,5.000000000000001,106398.81307061657,50.269367832244725,106398.81307061657,50.269367832244725,50.81692792909315,50.86950175174683,1.0162900146372482,1.7234586042158149,0.37039125494094033,0.32729160733714985,0.052787828399908907,0.9076637043947429,-0.42075030750740533,1134579.6304934286,1250000.0,5.000000000000001,5.000000000000001,226915.92609868568,53.55864977921297,226915.92609868568,53.55864977921297,17.881607705755563,17.89313004856845,0.23897690458695947,0.17162752919926885,0.37039125494094033,0.32729160733714985,0.052787828399908907,0.9737065855030674,-0.11571892705033934,1217133.2318788343,1250000.0,5.000000000000001,5.000000000000001,243426.6463757668,53.86368115967003,243426.6463757668,53.86368115967003,9.355471759548152,9.468027775526,0.11398857338265907,0.17162752919926885,0.059502122810533374,0.14656162993224048,0.014474141128949203,0.9606683060308423,-0.174265371248899,1200835.3825385529,1250000.0,5.000000000000001,5.000000000000001,240167.07650771053,53.805134715471475,240167.07650771053,53.805134715471475,11.328363497737508,12.425050123896543,0.15830985244314405,0.17408618363071446,0.2010995919717944,,
225,7,11.25,15,0.40917516435922785,-3.8809073446396534,511468.9554490348,1250000.0,5.000000000000001,5.000000000000001,102293.79108980694,50.09849274208072,102293.79108980694,50.09849274208072,51.7649046040104,51.75679179812952,,,,,,0.4162461578608188,-3.8064976220044926,520307.6973260235,1250000.0,5.000000000000001,5.000000000000001,104061.53946520468,50.17290246471588,104061.53946520468,50.17290246471588,51.35771786116935,51.368800385886445,1.044140305446391,1.742609217087273,0.36944510911122475,0.32680680694030895,0.05245140847157146,0.9053726391493458,-0.43172634256502973,1131715.7989366823,1250000.0,5.000000000000001,5.000000000000001,226343.15978733642,53.54767374415535,226343.15978733642,53.54767374415535,18.111022357555765,18.113233465572332,0.24162522210211074,0.1722677043412712,0.36944510911122475,0.32680680694030895,0.05245140847157146,0.9724772034092102,-0.12120570516010112,1215596.5042615128,1250000.0,5.000000000000001,5.000000000000001,243119.30085230252,53.858194381560274,243119.30085230252,53.858194381560274,9.577991822040124,9.670175874521865,0.11604123384064376,0.1722677043412712,0.05948481628453468,0.14672892480938143,0.014419319906075808,0.9632953513686322,-0.16240535509353313,1204119.1892107902,1250000.0,5.000000000000001,5.000000000000001,240823.837842158,53.81699473162684,240823.837842158,53.81699473162684,10.957153801136581,11.474853304062599,0.14314213301906564,0.1725781551029591,0.1609816243740639,,
226,7,11.3,16,0.40374054063615067,-3.938976397633726,504675.67579518835,1250000.0,5.000000000000001,5.000000000000001,100935.13515903766,50.040423689086644,100935.13515903766,50.040423689086644,52.14276890510661,52.13737006143062,,,,,,0.41644032103412515,-3.8044722739672348,520550.40129265643,1250000.0,5.000000000000001,5.000000000000001,104110.08025853126,50.17492781275314,104110.08025853126,50.17492781275314,51.36303036496507,51.36514319509731,1.0142792775649474,1.724454103371238,0.36958885741675623,0.3263678344204939,0.05221023918296697,0.9084559210388254,-0.41696140138028365,1135569.9012985318,1250000.0,5.000000000000001,5.000000000000001,227113.98025970632,53.56243868534009,227113.98025970632,53.56243868534009,17.80082183341895,17.806798854932428,0.23710182402936372,0.17120630987902719,0.36958885741675623,0.3263678344204939,0.05221023918296697,0.973567204705208,-0.1163406404611745,1216959.00588151,1250000.0,5.000000000000001,5.000000000000001,243391.80117630196,53.8630594462592,243391.80117630196,53.8630594462592,9.383735186871071,9.48961816461173,0.1130192377513403,0.17120630987902719,0.05948754573242856,0.1468993783168472,0.014366267979746874,0.9650127795098689,-0.15466935325774314,1206265.974387336,1250000.0,5.000000000000001,5.000000000000001,241253.19487746718,53.82473073346263,241253.19487746718,53.82473073346263,10.770312299942749,11.171213354281242,0.13846706301438674,0.1736151770182478,0.15075846859187916,,
227,7,11.350000000000001,17,0.4121482466953702,-3.849465433324596,515185.3083692128,1250000.0,5.000000000000001,5.000000000000001,103037.06167384255,50.12993465339578,103037.06167384255,50.12993465339578,51.611842038554514,51.618075333078934,,,,,,0.4268047655053231,-3.697707400884511,533505.9568816539,1250000.0,5.000000000000001,5.000000000000001,106701.19137633075,50.281692685835864,106701.19137633075,50.281692685835864,50.76200681688682,50.73524231837689,1.0261887012029516,1.7401344441897932,0.37047344323199105,0.3264134876195902,0.052112597185269484,0.9084543299003024,-0.41696900794951464,1135567.912375378,1250000.0,5.000000000000001,5.000000000000001,227113.58247507556,53.56243107877086,227113.58247507556,53.56243107877086,17.80145071047583,17.804927490624188,0.23717030232026248,0.17294245672409542,0.37047344323199105,0.3264134876195902,0.052112597185269484,0.9733317045627281,-0.1173913001783112,1216664.6307034101,1250000.0,5.000000000000001,5.000000000000001,243332.926140682,53.86200878654207,243332.926140682,53.86200878654207,9.426150156790799,9.515330226287967,0.11317360266974459,0.17294245672409542,0.059493256111177464,0.147079642658717,0.014316678890685905,0.9647833462373825,-0.15570201783143456,1205979.182796728,1250000.0,5.000000000000001,5.000000000000001,241195.83655934557,53.823698068888945,241195.83655934557,53.823698068888945,10.737478502558318,10.991003352907116,0.13576227134025426,0.17460121589772173,0.15188111987865255,,
228,7,11.4,18,0.41071013067629136,-3.8646458460057485,513387.6633453642,1250000.0,5.000000000000001,5.000000000000001,102677.53266907283,50.114754240714625,102677.53266907283,50.114754240714625,51.71336631786996,51.70803163834795,,,,,,0.43821210213062634,-3.5831563267222464,547765.1276632829,1250000.0,5.000000000000001,5.000000000000001,109553.02553265657,50.39624375999813,109553.02553265657,50.39624375999813,50.08520963713742,50.064207389522764,1.0113203600226772,1.7099887411644343,0.3696560901772611,0.3262309535365292,0.05184687774479244,0.9091948120168194,-0.4134305108047617,1136493.5150210243,1250000.0,5.000000000000001,5.000000000000001,227298.7030042048,53.56596957591562,227298.7030042048,53.56596957591562,17.730295838351907,17.726197981053257,0.23634898212123118,0.17292080776238364,0.3696560901772611,0.3262309535365292,0.05184687774479244,0.9729355165278998,-0.11915942613587885,1216169.3956598747,1250000.0,5.000000000000001,5.000000000000001,243233.87913197489,53.860240660584495,243233.87913197489,53.860240660584495,9.49481271662129,9.567975405392547,0.1144570857049148,0.17292080776238364,0.05948415949177793,0.1472647787526588,0.01426879167245097,0.964391429079848,-0.15746658020701298,1205489.28634981,1250000.0,5.000000000000001,5.000000000000001,241097.85726996194,53.82193350651336,241097.85726996194,53.82193350651336,10.840003456578582,11.42979272000124,0.1435389044319201,0.17284826086773847,0.1672187328016564,,
229,7,11.450000000000001,19,0.4119305296964563,-3.8517601967902615,514913.1621205704,1250000.0,5.000000000000001,5.000000000000001,102982.63242411407,50.127639889930116,102982.63242411407,50.127639889930116,51.650731467301526,51.676427710234705,,,,,,0.42724646036348046,-3.693215266200429,534058.0754543506,1250000.0,5.000000000000001,5.000000000000001,106811.6150908701,50.28618482051995,106811.6150908701,50.28618482051995,50.70308326415448,50.6839296151219,1.0146728341087063,1.7220034983281671,0.36899638195633316,0.32573609106870716,0.05154233435188484,0.9097503762307702,-0.4107775613753505,1137187.9702884627,1250000.0,5.000000000000001,5.000000000000001,227437.5940576925,53.56862252534502,227437.5940576925,53.56862252534502,17.67652322831276,17.679086092460533,0.23585602127191302,0.17054911555963456,0.36899638195633316,0.32573609106870716,0.05154233435188484,0.973101819924647,-0.11841715211726683,1216377.2749058087,1250000.0,5.000000000000001,5.000000000000001,243275.45498116172,53.86098293460311,243275.45498116172,53.86098293460311,9.465363900932354,9.566547045073403,0.11463782907151418,0.17054911555963456,0.059477097035497896,0.1474385450271134,0.014219770955476057,0.9611618977697238,-0.1720345376112677,1201452.3722121548,1250000.0,5.000000000000001,5.000000000000001,240290.47444243092,53.80736554910911,240290.47444243092,53.80736554910911,11.230418757273332,11.939485172769954,0.15080098516199808,0.17393017360448432,0.17248676191918508,,
230,7,11.5,20,0.3932239582363034,-4.053600294644138,491529.94779537927,1250000.0,5.000000000000001,5.000000000000001,98305.98955907584,49.92579979207623,98305.98955907584,49.92579979207623,52.746249630573914,52.73717320050815,,,,,,0.4284318502256644,-3.6811825057808703,535539.8127820805,1250000.0,5.000000000000001,5.000000000000001,107107.96255641608,50.29821758093951,107107.96255641608,50.29821758093951,50.687069730697964,50.730023475492146,1.0170688682316158,1.723638507611134,0.368619523031729,0.32504353105473716,0.05122680239977254,0.9095720226034966,-0.41162906517094067,1136965.0282543707,1250000.0,5.000000000000001,5.000000000000001,227393.00565087408,53.56777102154943,227393.00565087408,53.56777102154943,17.689174896964285,17.684361752350274,0.236227055321105,0.17042268827829737,0.368619523031729,0.32504353105473716,0.05122680239977254,0.973757884229796,-0.11549012951078677,1217197.355287245,1250000.0,5.000000000000001,5.000000000000001,243439.47105744897,53.863909957209586,243439.47105744897,53.863909957209586,9.348616813645993,9.421426435820841,0.11311471330972737,0.17042268827829737,0.05949227872385608,0.1476020595630223,0.01417016091387549,0.9678499819034732,-0.141919537252574,1209812.4773793414,1250000.0,5.000000000000001,5.000000000000001,241962.49547586823,53.8374805494678,241962.49547586823,53.8374805494678,10.302528538168147,10.645429898038888,0.13013690161107558,0.17315480960514212,0.12986030527475106,,
231,7,11.55,21,0.4141987935436841,-3.8279117043069686,517748.49192960514,1250000.0,5.000000000000001,5.000000000000001,103549.69838592102,50.151488382413405,103549.69838592102,50.151488382413405,51.49207441735888,51.51833048611968,,,,,,0.4152637687522863,-3.816759588910019,519079.7109403579,1250000.0,5.000000000000001,5.000000000000001,103815.94218807155,50.16264049781036,103815.94218807155,50.16264049781036,51.46726754093796,51.439167850180276,1.0251770586370244,1.7328617813810758,0.3672045252330634,0.324228074124936,0.05081157427581647,0.9115856441326408,-0.4020252281051829,1139482.055165801,1250000.0,5.000000000000001,5.000000000000001,227896.41103316014,53.577374858615194,227896.41103316014,53.577374858615194,17.481729522418615,17.476356566751136,0.2328780132192696,0.17172401376271895,0.3672045252330634,0.324228074124936,0.05081157427581647,0.9733410834850084,-0.11734945221888468,1216676.3543562605,1250000.0,5.000000000000001,5.000000000000001,243335.27087125205,53.86205063450149,243335.27087125205,53.86205063450149,9.423369177216935,9.48502332357573,0.11279884458477336,0.17172401376271895,0.05947248871549338,0.14776180031624359,0.014119952821831502,0.9645967853522888,-0.15654189756131393,1205745.981690361,1250000.0,5.000000000000001,5.000000000000001,241149.19633807216,53.822858189159064,241149.19633807216,53.822858189159064,10.795687000025946,11.325394558851333,0.1410050883420235,0.17258110116875908,0.1718811169301555,,
232,7,11.600000000000001,22,0.4024911955097278,-3.952436153790022,503113.9943871597,1250000.0,5.000000000000001,5.000000000000001,100622.79887743192,50.02696393293036,100622.79887743192,50.02696393293036,52.195616437584114,52.19073290758811,,,,,,0.42545989190521166,-3.711413745811602,531824.8648815146,1250000.0,5.000000000000001,5.000000000000001,106364.9729763029,50.26798634090877,106364.9729763029,50.26798634090877,50.83620580940415,50.84134598111544,1.0020943153147963,1.70485508600025,0.36734220954779906,0.323744212020601,0.05057429422679791,0.9083866152213644,-0.41729273591809857,1135483.2690267055,1250000.0,5.000000000000001,5.000000000000001,227096.65380534108,53.56210735080228,227096.65380534108,53.56210735080228,17.802148878623715,17.801868737293184,0.23723118149854208,0.17272066863746371,0.36734220954779906,0.323744212020601,0.05057429422679791,0.9721843304544467,-0.12251383109254957,1215230.4130680584,1250000.0,5.000000000000001,5.000000000000001,243046.08261361165,53.85688625562783,243046.08261361165,53.85688625562783,9.62877395965326,9.70535024168923,0.11603646883939259,0.17272066863746371,0.05945925317382689,0.1479211393380369,0.014070540323734906,0.9607039028664444,-0.17410444970329347,1200879.8785830555,1250000.0,5.000000000000001,5.000000000000001,240175.97571661105,53.80529563701708,240175.97571661105,53.80529563701708,11.347862712032704,11.62349936664792,0.1463515477466427,0.17330294687960537,0.17568894761412399,,
233,7,11.65,23,0.39585084712540647,-4.024684213280436,494813.5589067581,1250000.0,5.000000000000001,5.000000000000001,98962.7117813516,49.95471587343994,98962.7117813516,49.95471587343994,52.55892595799246,52.54043145217115,,,,,,0.42873847534694187,-3.6780754079289975,535923.0941836773,1250000.0,5.000000000000001,5.000000000000001,107184.61883673545,50.30132467879138,107184.61883673545,50.30132467879138,50.64157756717881,50.67522771221474,1.0102831070271854,1.721487791532929,0.36601015160722333,0.32295598289090527,0.050176983797867045,0.9109528402022264,-0.4050410576035618,1138691.050252783,1250000.0,5.000000000000001,5.000000000000001,227738.21005055658,53.57435902911681,227738.21005055658,53.57435902911681,17.547060427078442,17.54584661617009,0.23326084874519068,0.17021255102493169,0.36601015160722333,0.32295598289090527,0.050176983797867045,0.9732978470680987,-0.11754237281642836,1216622.3088351234,1250000.0,5.000000000000001,5.000000000000001,243324.46176702465,53.861857713903945,243324.46176702465,53.861857713903945,9.42912814114322,9.500880237691229,0.11234247489757032,0.17021255102493169,0.059427254948712184,0.1480749227797789,0.014020172094287905,0.965318594493306,-0.15329328112121846,1206648.2431166326,1250000.0,5.000000000000001,5.000000000000001,241329.64862332647,53.82610680559915,241329.64862332647,53.82610680559915,10.666512880080159,11.221794767328408,0.1394711070599058,0.17402009176236236,0.14670659772643269,,
234,7,11.700000000000001,24,0.39563371968064204,-4.027067007777036,494542.1496008026,1250000.0,5.000000000000001,5.000000000000001,98908.4299201605,49.95233307894334,98908.4299201605,49.95233307894334,52.594325469515226,52.5631282308142,,,,,,0.42954551080463266,-3.6699081543177097,536931.8885057908,1250000.0,5.000000000000001,5.000000000000001,107386.37770115816,50.30949193240267,107386.37770115816,50.30949193240267,50.5885601840185,50.58848365596785,1.0208940818809753,1.7288965259005262,0.36430313803261005,0.3224208263143952,0.04979815709745688,0.9109990074871854,-0.4048209618075959,1138748.7593589819,1250000.0,5.000000000000001,5.000000000000001,227749.75187179632,53.57457912491278,227749.75187179632,53.57457912491278,17.539382772332203,17.535556885041768,0.23328480045823033,0.17212442915732892,0.36430313803261005,0.3224208263143952,0.04979815709745688,0.9728687486618457,-0.11945747169293591,1216085.9358273072,1250000.0,5.000000000000001,5.000000000000001,243217.1871654614,53.85994261502744,243217.1871654614,53.85994261502744,9.507816020290168,9.566464801139512,0.11344905363574811,0.17212442915732892,0.05937534176108089,0.14822749479349093,0.01396938545601667,0.9643764127712448,-0.1575342036899804,1205470.515964056,1250000.0,5.000000000000001,5.000000000000001,241094.10319281113,53.82186588303039,241094.10319281113,53.82186588303039,10.857603709942229,11.427927813743738,0.14403553395506644,0.1729151058760801,0.1650320934534406,,
235,7,11.75,25,0.40805028660328313,-3.8928631277145924,510062.8582541039,1250000.0,5.000000000000001,5.000000000000001,102012.57165082077,50.08653695900578,102012.57165082077,50.08653695900578,51.84729954776126,51.81958120442463,,,,,,0.425000513665223,-3.716105450512482,531250.6420815288,1250000.0,5.000000000000001,5.000000000000001,106250.12841630574,50.263294636207895,106250.12841630574,50.263294636207895,50.89310566756901,50.87751688572417,1.010990709468579,1.7270458772902024,0.3634171779761649,0.3219430636107785,0.049493201243212354,0.9110558827988587,-0.40454983239040926,1138819.8534985734,1250000.0,5.000000000000001,5.000000000000001,227763.97069971464,53.57485025432997,227763.97069971464,53.57485025432997,17.526513164944003,17.520795990757545,0.23365056220159222,0.17088181343401782,0.3634171779761649,0.3219430636107785,0.049493201243212354,0.9730628365418924,-0.11859113809488936,1216328.5456773655,1250000.0,5.000000000000001,5.000000000000001,243265.70913547307,53.86080894862548,243265.70913547307,53.86080894862548,9.473763119710318,9.544207796419837,0.11441788995659832,0.17088181343401782,0.05929586725298226,0.1483771620072352,0.013917176726541561,0.9676989487987434,-0.14259730719226935,1209623.6859984293,1250000.0,5.000000000000001,5.000000000000001,241924.73719968583,53.836802779528114,241924.73719968583,53.836802779528114,10.261205536102251,10.7148921323202,0.13118580646035866,0.1733303759286334,0.13469636952891723,,
236,7,11.8,26,0.4038284420623018,-3.9380309649760212,504785.55257787724,1250000.0,5.000000000000001,5.000000000000001,100957.11051557543,50.04136912174435,100957.11051557543,50.04136912174435,52.15698914220195,52.15839758311969,,,,,,0.43290041192255097,-3.6361200093758086,541125.5149031887,1250000.0,5.000000000000001,5.000000000000001,108225.10298063772,50.34328007734457,108225.10298063772,50.34328007734457,50.42460912285601,50.422332515554984,1.0141749045297774,1.7208813102067206,0.3624863003778174,0.32141552048264405,0.0491766033543881,0.9118564761998201,-0.400735130965802,1139820.595249775,1250000.0,5.000000000000001,5.000000000000001,227964.11904995498,53.578664955754576,227964.11904995498,53.578664955754576,17.451035419069534,17.445462698759677,0.23335834067221478,0.1709497287022483,0.3624863003778174,0.32141552048264405,0.0491766033543881,0.9739881181839546,-0.1144634110764569,1217485.1477299433,1250000.0,5.000000000000001,5.000000000000001,243497.02954598863,53.86493667564392,243497.02954598863,53.86493667564392,9.306440402356337,9.351439880113404,0.11268118857155643,0.1709497287022483,0.0592194771364147,0.14852058038643515,0.013863420710993567,0.9641535847084493,-0.15853779708642626,1205191.9808855616,1250000.0,5.000000000000001,5.000000000000001,241038.39617711227,53.82086228963395,241038.39617711227,53.82086228963395,10.797979897930919,11.04133674791673,0.1382886747388264,0.17317906927432425,0.15702414207482523,,
237,7,11.850000000000001,27,0.4037085509127872,-3.9393205174175505,504635.68864098395,1250000.0,5.000000000000001,5.000000000000001,100927.13772819677,50.04007956930282,100927.13772819677,50.04007956930282,52.113710356763114,52.17661616378574,,,,,,0.4344413783183678,-3.620688171219782,543051.7228979598,1250000.0,5.000000000000001,5.000000000000001,108610.34457959193,50.35871191550059,108610.34457959193,50.35871191550059,50.345410126160054,50.376898036027285,1.0064554041098601,1.7245497119007855,0.36138347178000235,0.3207635865750507,0.0488297017871418,0.911670313690868,-0.4016218670543997,1139587.892113585,1250000.0,5.000000000000001,5.000000000000001,227917.57842271696,53.57777821966597,227917.57842271696,53.57777821966597,17.464841880422973,17.46260992004449,0.2329706912537192,0.17100280262442097,0.36138347178000235,0.3207635865750507,0.0488297017871418,0.9730067133551799,-0.11884163263969258,1216258.3916939748,1250000.0,5.000000000000001,5.000000000000001,243251.67833879494,53.86055845408069,243251.67833879494,53.86055845408069,9.47881101659087,9.5610969012947,0.11492000365681745,0.17100280262442097,0.059148199705217674,0.14867188584954855,0.013812715911497266,0.965602048190329,-0.15201821704395707,1207002.5602379113,1250000.0,5.000000000000001,5.000000000000001,241400.51204758222,53.82738186967642,241400.51204758222,53.82738186967642,10.68063896679809,11.007870736007463,0.136622904239018,0.17195203593383462,0.1577391336192145,,
238,7,11.9,28,0.4071374306893113,-3.9025896837829235,508921.78836163913,1250000.0,5.000000000000001,5.000000000000001,101784.35767232781,50.076810402937454,101784.35767232781,50.076810402937454,51.90047904833629,51.85850882317025,,,,,,0.43260992407103765,-3.639035220678614,540762.4050887971,1250000.0,5.000000000000001,5.000000000000001,108152.4810177594,50.34036486604176,108152.4810177594,50.34036486604176,50.415796568596555,50.42939299698559,1.021275711207605,1.720917031294644,0.3606580449915929,0.32021385153320314,0.048531650598931254,0.9115992409184673,-0.4019604512511773,1139499.0511480842,1250000.0,5.000000000000001,5.000000000000001,227899.8102296168,53.5774396354692,227899.8102296168,53.5774396354692,17.477003595980044,17.469351258715335,0.23285825573953484,0.17094772084360557,0.3606580449915929,0.32021385153320314,0.048531650598931254,0.9731383330139082,-0.11825419757991124,1216422.9162673852,1250000.0,5.000000000000001,5.000000000000001,243284.583253477,53.86114588914047,243284.583253477,53.86114588914047,9.455518357582816,9.534499128832614,0.11362964005592417,0.17094772084360557,0.059094103992755685,0.14882266066167715,0.01376411396917612,0.954307925928034,-0.20311469159964982,1192884.9074100426,1250000.0,5.000000000000001,5.000000000000001,238576.98148200847,53.77628539512073,238576.98148200847,53.77628539512073,12.074027146012197,12.409180567047345,0.15704004031443777,0.17258088719636394,0.20242681084005545,,
239,7,11.950000000000001,29,0.4116505126068597,-3.854713394479133,514563.14075857465,1250000.0,5.000000000000001,5.000000000000001,102912.62815171492,50.12468669224124,102912.62815171492,50.12468669224124,51.63971010404928,51.62092242196527,,,,,,0.4203461047119816,-3.7639297277383195,525432.630889977,1250000.0,5.000000000000001,5.000000000000001,105086.52617799537,50.21547035898205,105086.52617799537,50.21547035898205,51.12689895785724,51.115363986657314,1.0312092885790156,1.7442224516316138,0.3610505977553474,0.3203133339916645,0.048424799961615445,0.9112888371318284,-0.40343949601125145,1139111.0464147856,1250000.0,5.000000000000001,5.000000000000001,227822.20928295708,53.57596059070913,227822.20928295708,53.57596059070913,17.509424229567635,17.50497078698394,0.23373897774183255,0.17122161263252691,0.3610505977553474,0.3203133339916645,0.048424799961615445,0.9731620035540322,-0.11814856141711688,1216452.5044425402,1250000.0,5.000000000000001,5.000000000000001,243290.50088850802,53.86125152530326,243290.50088850802,53.86125152530326,9.452788466449011,9.520627231260573,0.11412627033432925,0.17122161263252691,0.05904959109085539,0.14898134235458632,0.01371841901388433,0.9678852698690541,-0.1417611956744366,1209856.5873363176,1250000.0,5.000000000000001,5.000000000000001,241971.3174672635,53.837638891045934,241971.3174672635,53.837638891045934,10.280129755377843,10.923694581666695,0.13575890285419134,0.17272041768010948,0.15142780585549423,,
240,8,12.0,0,0.4043047630127672,-3.932911423220827,505380.953765959,1250000.0,5.000000000000001,5.000000000000001,101076.19075319178,50.046488663499545,101076.19075319178,50.046488663499545,52.081742731492966,52.06611241225911,,,,,,0.4141231790817757,-3.8287046071813435,517653.97385221964,1250000.0,5.000000000000001,5.000000000000001,103530.79477044391,50.15069547953903,103530.79477044391,50.15069547953903,51.48474463731376,51.50717259759508,1.0226236072382016,1.741172563381316,0.36095353288521476,0.31970515236030245,0.048165899496817634,0.9118804151500541,-0.40062111721700855,1139850.5189375677,1250000.0,5.000000000000001,5.000000000000001,227970.1037875135,53.57877896950336,227970.1037875135,53.57877896950336,17.446900981272442,17.448769593463478,0.23273198290060765,0.1714363776553633,0.36095353288521476,0.31970515236030245,0.048165899496817634,0.9732813921002611,-0.11761579702221622,1216601.7401253264,1250000.0,5.000000000000001,5.000000000000001,243320.34802506524,53.861784289698164,243320.34802506524,53.861784289698164,9.433351741952986,9.504700806493023,0.11415463041908111,0.1714363776553633,0.05901960279935213,0.14913240316796555,0.013673500684930295,0.958103653286155,-0.1858750384935752,1197629.5666076937,1250000.0,5.000000000000001,5.000000000000001,239525.91332153868,53.7935250482268,239525.91332153868,53.7935250482268,11.762211782203499,12.258981518716393,0.15498912691776273,0.17460071351852854,0.19832262286684885,,
241,8,12.05,1,0.39741443672791393,-4.007563604839083,496768.0459098924,1250000.0,5.000000000000001,5.000000000000001,99353.60918197846,49.9718364818813,99353.60918197846,49.9718364818813,52.501563548727674,52.49989211868117,,,,,,0.4321759850572644,-3.643393694446335,540219.9813215805,1250000.0,5.000000000000001,5.000000000000001,108043.99626431607,50.336006392274044,108043.99626431607,50.336006392274044,50.46591028579353,50.446954006442624,1.0126309486712768,1.7438029623504323,0.3596869506071692,0.31912192468743716,0.0478278967183538,0.9110867775181308,-0.4044025617469705,1138858.4718976635,1250000.0,5.000000000000001,5.000000000000001,227771.69437953268,53.574997524973405,227771.69437953268,53.574997524973405,17.528642740012987,17.524871911719554,0.23379247635194803,0.170383177667427,0.3596869506071692,0.31912192468743716,0.0478278967183538,0.9731844500802698,-0.11804839011960584,1216480.5626003372,1250000.0,5.000000000000001,5.000000000000001,243296.1125200674,53.861351696600764,243296.1125200674,53.861351696600764,9.44744225035307,9.504618376098794,0.1140117312805125,0.170383177667427,0.058955787724857364,0.1492761249137941,0.013626422298234553,0.9685140783903886,-0.13894061963123716,1210642.5979879857,1250000.0,5.000000000000001,5.000000000000001,242128.5195975971,53.84045946708913,242128.5195975971,53.84045946708913,10.215303772393886,10.751084584587819,0.13257513942124075,0.17483552811412895,0.14580059792211222,,
242,8,12.100000000000001,2,0.4081842127104878,-3.8914379644823933,510230.2658881098,1250000.0,5.000000000000001,5.000000000000001,102046.05317762194,50.08796212223798,102046.05317762194,50.08796212223798,51.87458435501081,51.96220118618531,,,,,,0.4321214254974528,-3.643941999127186,540151.781871816,1250000.0,5.000000000000001,5.000000000000001,108030.35637436318,50.335458087593196,108030.35637436318,50.335458087593196,50.46225270298273,50.49192197854133,1.0161911664449985,1.728632809855025,0.3591672522045558,0.31859326250420394,0.047555891260358245,0.912008948118352,-0.40000900597724814,1140011.18514794,1250000.0,5.000000000000001,5.000000000000001,228002.23702958794,53.57939108074313,228002.23702958794,53.57939108074313,17.437448234817712,17.43495809759846,0.23185778183969968,0.17049802549657242,0.3591672522045558,0.31859326250420394,0.047555891260358245,0.973286869683302,-0.11759135519671696,1216608.5871041275,1250000.0,5.000000000000001,5.000000000000001,243321.71742082547,53.86180873152366,243321.71742082547,53.86180873152366,9.428814663389868,9.49381069130586,0.11322776143759183,0.17049802549657242,0.05887975584893257,0.1494130216743032,0.013578310554154021,0.9682650244136694,-0.14005755411514217,1210331.2805170866,1250000.0,5.000000000000001,5.000000000000001,242066.25610341728,53.83934253260524,242066.25610341728,53.83934253260524,10.217259835881181,10.698632998162832,0.1335141521063717,0.17540381947348221,0.15633678924406805,,
243,8,12.15,3,0.40844368002414794,-3.888678195256989,510554.6000301849,1250000.0,5.000000000000001,5.000000000000001,102110.92000603696,50.09072189146338,102110.92000603696,50.09072189146338,51.86355159647917,51.8670138971273,,,,,,0.4246605753176233,-3.7195805621385496,530825.7191470291,1250000.0,5.000000000000001,5.000000000000001,106165.1438294058,50.25981952458182,106165.1438294058,50.25981952458182,50.89637240301257,50.90301009674065,1.0201910548961874,1.7228412218439224,0.3598683485384207,0.31855994420121203,0.04745324549848371,0.9128387024399318,-0.39605955027422624,1141048.3780499147,1250000.0,5.000000000000001,5.000000000000001,228209.6756099829,53.58334053644615,228209.6756099829,53.58334053644615,17.344962219329965,17.33852002195366,0.2317540859789658,0.16961410412560934,0.3598683485384207,0.31855994420121203,0.04745324549848371,0.9741218122666814,-0.11386731943321905,1217652.2653333517,1250000.0,5.000000000000001,5.000000000000001,243530.4530666703,53.865532767287156,243530.4530666703,53.865532767287156,9.279279695795942,9.349693623463397,0.11280383238200564,0.16961410412560934,0.05880416946031471,0.14955524004052953,0.013532509270455776,0.9658705190148675,-0.1508108957453823,1207338.1487685845,1250000.0,5.000000000000001,5.000000000000001,241467.62975371684,53.828589190974995,241467.62975371684,53.828589190974995,10.612853619036368,11.334325220245201,0.1418110805399032,0.1754969897836166,0.14898074786327312,,
244,8,12.200000000000001,4,0.4070359529763106,-3.903672283924484,508794.9412203883,1250000.0,5.000000000000001,5.000000000000001,101758.98824407764,50.07572780279589,101758.98824407764,50.07572780279589,51.94504514185544,51.92066478269453,,,,,,0.43556537853749927,-3.6094664798806653,544456.7231718741,1250000.0,5.000000000000001,5.000000000000001,108891.3446343748,50.36993360683971,108891.3446343748,50.36993360683971,50.23508957830382,50.23894957869541,1.0216816390212202,1.7212478693406124,0.35897849102784574,0.3177244525048962,0.04710750426611525,0.9120781382025703,-0.3996795384642307,1140097.672753213,1250000.0,5.000000000000001,5.000000000000001,228019.53455064257,53.57972054825615,228019.53455064257,53.57972054825615,17.42480708072619,17.42014803408109,0.23178115107727307,0.17198296086410428,0.35897849102784574,0.3177244525048962,0.04710750426611525,0.9733048740145293,-0.11751101804612663,1216631.0925181615,1250000.0,5.000000000000001,5.000000000000001,243326.21850363226,53.861889068674245,243326.21850363226,53.861889068674245,9.430616131467751,9.498137391039837,0.11325664916766813,0.17198296086410428,0.058753310196901366,0.14968648807647927,0.013485869251779128,0.9627354548022963,-0.1649303406261291,1203419.3185028704,1250000.0,5.000000000000001,5.000000000000001,240683.86370057403,53.81446974609425,240683.86370057403,53.81446974609425,11.029941253589774,11.31891804053311,0.14079231824972102,0.1721678372030971,0.1719152266822742,,
245,8,12.25,5,0.4003795754303873,-3.9752808529892274,500474.4692879842,1250000.0,5.000000000000001,5.000000000000001,100094.89385759682,50.004119233731146,100094.89385759682,50.004119233731146,52.31585864559209,52.309340936213786,,,,,,0.43228231909772336,-3.6423252730541,540352.8988721542,1250000.0,5.000000000000001,5.000000000000001,108070.57977443082,50.33707481366627,108070.57977443082,50.33707481366627,50.41628524073177,50.4287775049351,1.0273808034317757,1.7489126512992357,0.35828221968195106,0.317384958164605,0.04685913218899744,0.9111823180664014,-0.40394716541664294,1138977.8975830018,1250000.0,5.000000000000001,5.000000000000001,227795.57951660032,53.575452921303736,227795.57951660032,53.575452921303736,17.52485647028335,17.52288726695318,0.23328886926935177,0.17192995460375607,0.35828221968195106,0.317384958164605,0.04685913218899744,0.9732999563710861,-0.1175329609220302,1216624.9454638576,1250000.0,5.000000000000001,5.000000000000001,243324.9890927715,53.86186712579835,243324.9890927715,53.86186712579835,9.430194248118726,9.487936812266815,0.11334931441744837,0.17192995460375607,0.05871469947170184,0.14981956234330454,0.013440752548854523,0.9622702301405478,-0.16702949813986126,1202837.7876756848,1250000.0,5.000000000000001,5.000000000000001,240567.5575351369,53.812370588580514,240567.5575351369,53.812370588580514,11.161558438388997,11.911288379414595,0.1509279500530581,0.17103786768023047,0.17939261899104972,,
246,8,12.3,6,0.4038954640624865,-3.9373102413551795,504869.3300781081,1250000.0,5.000000000000001,5.000000000000001,100973.8660156216,50.04208984536519,100973.8660156216,50.04208984536519,52.055830983405016,52.05847674131792,,,,,,0.42825340595706923,-3.6829917434615616,535316.7574463366,1250000.0,5.000000000000001,5.000000000000001,107063.3514892673,50.29640834325882,107063.3514892673,50.29640834325882,50.665249603728455,50.648320575774505,1.0281082740797913,1.7433283181999186,0.3580121060431674,0.3173247709497101,0.04668669069639985,0.9111746015139147,-0.4039839447777909,1138968.2518923935,1250000.0,5.000000000000001,5.000000000000001,227793.65037847866,53.57541614194258,227793.65037847866,53.57541614194258,17.520006259213734,17.515026399443165,0.23342667332334593,0.17016398008612427,0.3580121060431674,0.3173247709497101,0.04668669069639985,0.9732151248468867,-0.11791150268859635,1216518.9060586083,1250000.0,5.000000000000001,5.000000000000001,243303.78121172162,53.86148858403178,243303.78121172162,53.86148858403178,9.443390217820774,9.501591599296113,0.11367075962269142,0.17016398008612427,0.0586756412890716,0.14996267863107654,0.01339767837756351,0.9525601246687826,-0.21107602541807535,1190700.1558359782,1250000.0,5.000000000000001,5.000000000000001,238140.03116719562,53.7683240613023,238140.03116719562,53.7683240613023,12.418492402006514,12.689305363646229,0.16086561631167634,0.1743259855874012,0.21015282337941082,,
247,8,12.350000000000001,7,0.4135360761967813,-3.8348659733330006,516920.0952459766,1250000.0,5.000000000000001,5.000000000000001,103384.0190491953,50.14453411338738,103384.0190491953,50.14453411338738,51.52709712452126,51.52697573210163,,,,,,0.43436555243821573,-3.6214462397906773,542956.9405477697,1250000.0,5.000000000000001,5.000000000000001,108591.38810955391,50.3579538469297,108591.38810955391,50.3579538469297,50.35009467592528,50.418310822888266,0.9975763188916125,1.7103040908409164,0.3568402626186243,0.3165977136604252,0.046345487224143084,0.9117948165131846,-0.4010288105939074,1139743.5206414808,1250000.0,5.000000000000001,5.000000000000001,227948.7041282961,53.57837127612647,227948.7041282961,53.57837127612647,17.468812667905762,17.4640041569549,0.23356546811125517,0.1719047506557051,0.3568402626186243,0.3165977136604252,0.046345487224143084,0.9733466583593814,-0.11732457779115317,1216683.3229492267,1250000.0,5.000000000000001,5.000000000000001,243336.6645898453,53.86207550892922,243336.6645898453,53.86207550892922,9.422847413743286,9.483091081211748,0.11418658512882214,0.1719047506557051,0.05864118602686983,0.15009148389695692,0.013353014934098581,0.9613645772987077,-0.17111884045442705,1201705.7216233846,1250000.0,5.000000000000001,5.000000000000001,240341.1443246769,53.80828124626595,240341.1443246769,53.80828124626595,11.345750222229341,11.872280576855086,0.1508329179469406,0.17290832500272374,0.18168949920688415,,
248,8,12.4,8,0.40902220782595267,-3.8825311137057628,511277.75978244084,1250000.0,5.000000000000001,5.000000000000001,102255.55195648815,50.09686897301461,102255.55195648815,50.09686897301461,51.81489879642412,51.8073711822722,,,,,,0.43296513706682493,-3.6354707221259868,541206.4213335312,1250000.0,5.000000000000001,5.000000000000001,108241.2842667062,50.34392936459439,108241.2842667062,50.34392936459439,50.39374198709756,50.440019122646085,1.0107447956266111,1.7232418388647903,0.3557415322053874,0.3159707695047749,0.046028488167123814,0.9127076102825517,-0.39668328247178364,1140884.5128531896,1250000.0,5.000000000000001,5.000000000000001,228176.90257063787,53.58271680424859,228176.90257063787,53.58271680424859,17.37012694447103,17.369952555603355,0.2322553426498159,0.16804683665484316,0.3557415322053874,0.3159707695047749,0.046028488167123814,0.9743894021254037,-0.11267448257471308,1217986.7526567546,1250000.0,5.000000000000001,5.000000000000001,243597.35053135088,53.866725604145664,243597.35053135088,53.866725604145664,9.229060555727575,9.298575002915666,0.1111003789678413,0.16804683665484316,0.05858791624668529,0.1502173503357555,0.013307975819757284,0.9683413223737418,-0.13971534948370473,1210426.6529671773,1250000.0,5.000000000000001,5.000000000000001,242085.3305934354,53.83968473723667,242085.3305934354,53.83968473723667,10.230808795837039,10.532622091536554,0.1305894350722744,0.17322352969352728,0.15661409651777716,,
249,8,12.450000000000001,9,0.40111570775975425,-3.967303306391179,501394.6346996928,1250000.0,5.000000000000001,5.000000000000001,100278.92693993854,50.0120967803292,100278.92693993854,50.0120967803292,52.2403006131597,52.2289659225397,,,,,,0.4335333479480399,-3.629774904074175,541916.6849350499,1250000.0,5.000000000000001,5.000000000000001,108383.33698700996,50.3496251826462,108383.33698700996,50.3496251826462,50.37077899124349,50.37182195032442,1.0358958253644888,1.7318382663630625,0.35461473058872756,0.31518824011896834,0.04568628995075633,0.911223826777843,-0.40374932802036195,1139029.7834723038,1250000.0,5.000000000000001,5.000000000000001,227805.9566944607,53.57565075870001,227805.9566944607,53.57565075870001,17.516805124603795,17.51201609643205,0.23414363084889836,0.17050971359137662,0.35461473058872756,0.31518824011896834,0.04568628995075633,0.9733090212257343,-0.11749251298001126,1216636.2765321678,1250000.0,5.000000000000001,5.000000000000001,243327.2553064335,53.86190757374037,243327.2553064335,53.86190757374037,9.425420951535747,9.49037064072174,0.11385771669580298,0.17050971359137662,0.058553271740039756,0.15033879996838623,0.01326266475165675,0.9645801398119042,-0.15661684212698038,1205725.1747648802,1250000.0,5.000000000000001,5.000000000000001,241145.034952976,53.822783244593396,241145.034952976,53.822783244593396,10.817152731062889,11.180854891667726,0.13990627642948888,0.17194808489006036,0.16262292983320956,,
250,8,12.5,10,0.4103319034104374,-3.8686471521329806,512914.8792630468,1250000.0,5.000000000000001,5.000000000000001,102582.97585260934,50.11075293458739,102582.97585260934,50.11075293458739,51.71836080417123,51.759029004672655,,,,,,0.42932635557719834,-3.672124501406167,536657.9444714979,1250000.0,5.000000000000001,5.000000000000001,107331.58889429957,50.30727558531421,107331.58889429957,50.30727558531421,50.62217801116249,50.634624973828636,1.0041084831749978,1.7237514000890726,0.3544400014809107,0.3148459581814777,0.04548126035025974,0.9127598177441966,-0.3964348703427625,1140949.7721802457,1250000.0,5.000000000000001,5.000000000000001,228189.9544360491,53.582965216377616,228189.9544360491,53.582965216377616,17.35994429948058,17.35888399025835,0.23219927844871377,0.16853641634349042,0.3544400014809107,0.3148459581814777,0.04548126035025974,0.9740103858454339,-0.11436412226811583,1217512.9823067924,1250000.0,5.000000000000001,5.000000000000001,243502.59646135845,53.86503596445226,243502.59646135845,53.86503596445226,9.300727404157337,9.34727507280843,0.11223440075111765,0.16853641634349042,0.0585017421506606,0.15047121130833757,0.013220183383430905,0.9578614688478189,-0.18697296417622278,1197326.8360597736,1250000.0,5.000000000000001,5.000000000000001,239465.36721195467,53.792427122544154,239465.36721195467,53.792427122544154,11.822189162226517,12.068583517995972,0.15189600662954666,0.17257071871486498,0.17810713091349548,,
251,8,12.55,11,0.4021780080291518,-3.955816812597028,502722.51003643975,1250000.0,5.000000000000001,5.000000000000001,100544.50200728793,50.02358327412335,100544.50200728793,50.02358327412335,52.186522496760084,52.192539617625314,,,,,,0.4173390991017784,-3.7951092578745076,521673.873877223,1250000.0,5.000000000000001,5.000000000000001,104334.77477544459,50.18429082884587,104334.77477544459,50.18429082884587,51.320690140577895,51.31315357457451,1.0356114568788002,1.7425288197823339,0.35350063799253395,0.3145274262298217,0.045230267687822845,0.9131126847766992,-0.39475624046298974,1141390.855970874,1250000.0,5.000000000000001,5.000000000000001,228278.17119417476,53.58464384625739,228278.17119417476,53.58464384625739,17.326912449489487,17.32545279535684,0.2314420839298271,0.16947749358202288,0.35350063799253395,0.3145274262298217,0.045230267687822845,0.9737350536752637,-0.11559195461792485,1217168.8170940797,1250000.0,5.000000000000001,5.000000000000001,243433.76341881588,53.86380813210245,243433.76341881588,53.86380813210245,9.349442340039264,9.39863702617825,0.11290514722720355,0.16947749358202288,0.05842223980689261,0.1505941248551122,0.013174921434354558,0.9641969973673383,-0.15834225299419835,1205246.2467091728,1250000.0,5.000000000000001,5.000000000000001,241049.24934183454,53.82105783372617,241049.24934183454,53.82105783372617,10.804075090523952,11.247022844790413,0.13972301600523968,0.17338400702989673,0.14539296044139616,,
252,8,12.600000000000001,12,0.41230622736822203,-3.8478010567588776,515382.78421027755,1250000.0,5.000000000000001,5.000000000000001,103076.55684205549,50.1315990299615,103076.55684205549,50.1315990299615,51.60255861438593,51.59266141751421,,,,,,0.41595769385862247,-3.8095083826285907,519947.1173232781,1250000.0,5.000000000000001,5.000000000000001,103989.4234646556,50.16989170409178,103989.4234646556,50.16989170409178,51.38218806137994,51.358841543599965,1.0294222885714035,1.7397164752947034,0.3527654379144539,0.3142161843386313,0.04499681959755859,0.9131145753171842,-0.3947472486872299,1141393.2191464803,1250000.0,5.000000000000001,5.000000000000001,228278.64382929602,53.58465283803315,228278.64382929602,53.58465283803315,17.31328201157767,17.317257010024115,0.23144127559264688,0.1697105003289186,0.3527654379144539,0.3142161843386313,0.04499681959755859,0.9734704210131938,-0.1167724002059209,1216838.0262664922,1250000.0,5.000000000000001,5.000000000000001,243367.6052532984,53.86262768651445,243367.6052532984,53.86262768651445,9.395720323065841,9.444829279328268,0.11366224814253043,0.1697105003289186,0.058299760233920105,0.15071692650941879,0.013129388119440703,0.9673461496906487,-0.144180926175447,1209182.687113311,1250000.0,5.000000000000001,5.000000000000001,241836.53742266214,53.83521916054492,241836.53742266214,53.83521916054492,10.363699515543212,10.67280638234166,0.13234424371573678,0.17536564025144602,0.1494887141384141,,
253,8,12.65,13,0.4017259179194367,-3.960701482377406,502157.3973992959,1250000.0,5.000000000000001,5.000000000000001,100431.47947985916,50.01869860434297,100431.47947985916,50.01869860434297,52.21278557645483,52.1871631875696,,,,,,0.4257804647988759,-3.708142682726978,532225.5809985949,1250000.0,5.000000000000001,5.000000000000001,106445.11619971896,50.2712574039934,106445.11619971896,50.2712574039934,50.841449534452295,50.83299762750194,1.0016098180912332,1.724815183282082,0.35150668509715033,0.313600029468658,0.04467987546426578,0.9136453229532914,-0.39222364636435664,1142056.6536916143,1250000.0,5.000000000000001,5.000000000000001,228411.3307383228,53.58717644035602,228411.3307383228,53.58717644035602,17.256147029383605,17.253664764641464,0.2302987415370597,0.17031158779230954,0.35150668509715033,0.313600029468658,0.04467987546426578,0.9732379255774881,-0.11780975626854404,1216547.4069718602,1250000.0,5.000000000000001,5.000000000000001,243309.481394372,53.861590330451826,243309.481394372,53.861590330451826,9.440172688341523,9.487218452153089,0.11413887432934462,0.17031158779230954,0.058140301837851904,0.15083857491820138,0.013082965595545748,0.9572318476874223,-0.18982860575922803,1196539.8096092779,1250000.0,5.000000000000001,5.000000000000001,239307.96192185555,53.78957148096114,239307.96192185555,53.78957148096114,11.872778443489688,12.370746203189004,0.15728914709733677,0.17197565764095096,0.22050666864451784,,
254,8,12.700000000000001,14,0.40657238117019173,-3.9086212671317626,508215.4764627397,1250000.0,5.000000000000001,5.000000000000001,101643.09529254792,50.07077881958861,101643.09529254792,50.07077881958861,51.94969850354622,52.014410882961805,,,,,,0.42638480923335553,-3.701982762695897,532981.0115416944,1250000.0,5.000000000000001,5.000000000000001,106596.20230833886,50.277417324024476,106596.20230833886,50.277417324024476,50.80798412199819,50.80851053452203,1.0224759997045925,1.738044132316407,0.35143539159203474,0.31306834164772546,0.044462271215217564,0.9131021300049557,-0.39480644133847165,1141377.6625061946,1250000.0,5.000000000000001,5.000000000000001,228275.53250123886,53.58459364538191,228275.53250123886,53.58459364538191,17.32118135958211,17.32990015583512,0.2311484499141224,0.1696429846703693,0.35143539159203474,0.31306834164772546,0.044462271215217564,0.9736396369370919,-0.11601754259647003,1217049.5461713648,1250000.0,5.000000000000001,5.000000000000001,243409.90923427293,53.8633825441239,243409.90923427293,53.8633825441239,9.366147527136006,9.432407489314432,0.11275670981126054,0.1696429846703693,0.057987854188647825,0.15095152151876895,0.013035968369967602,0.9628089687452043,-0.16459872844026652,1203511.2109315053,1250000.0,5.000000000000001,5.000000000000001,240702.242186301,53.81480135828011,240702.242186301,53.81480135828011,11.036497977715044,11.444198727695113,0.14427893035562472,0.17376420693182665,0.1644334060647988,,
255,8,12.75,15,0.4069779806296187,-3.9042908745720006,508722.4757870234,1250000.0,5.000000000000001,5.000000000000001,101744.49515740466,50.07510921214838,101744.49515740466,50.07510921214838,51.92520097367958,51.90587796176353,,,,,,0.43819464835322963,-3.5833293075718027,547743.3104415371,1250000.0,5.000000000000001,5.000000000000001,109548.66208830739,50.39607077914857,109548.66208830739,50.39607077914857,50.10399573171891,50.07444122991002,1.0150597110800321,1.745508233016826,0.3509943841029797,0.3123430194973703,0.0441893654085207,0.9146004901908001,-0.3876857019008156,1143250.6127385,1250000.0,5.000000000000001,5.000000000000001,228650.12254769998,53.591714384819554,228650.12254769998,53.591714384819554,17.165197835234952,17.163649997805,0.22885508806242974,0.17009404307798656,0.3509943841029797,0.3123430194973703,0.0441893654085207,0.973829741501514,-0.1151696590354808,1217287.1768768926,1250000.0,5.000000000000001,5.000000000000001,243457.43537537847,53.8642304276849,243457.43537537847,53.8642304276849,9.330959383576081,9.374216907914047,0.11219143987437283,0.17009404307798656,0.05785023281819823,0.15105266085227745,0.012986669155721275,0.9700834487390442,-0.13190905148122015,1212604.3109238052,1250000.0,5.000000000000001,5.000000000000001,242520.862184761,53.84749103523916,242520.862184761,53.84749103523916,9.955775040188637,10.291986322487798,0.12687645547592535,0.17263498636051366,0.13985210771063805,,
256,8,12.8,16,0.4047914886581242,-3.927686277583547,505989.36082265526,1250000.0,5.000000000000001,5.000000000000001,101197.87216453103,50.05171380913683,101197.87216453103,50.05171380913683,52.04415865712068,52.02677334236732,,,,,,0.4392657463283188,-3.5727266142987353,549082.1829103985,1250000.0,5.000000000000001,5.000000000000001,109816.43658207967,50.40667347242164,109816.43658207967,50.40667347242164,49.98860576632237,49.992076177463005,1.0358262355783396,1.7219304373173099,0.35118737120411797,0.3121110925657367,0.04403740157376381,0.9133429877460273,-0.3936610120292542,1141678.7346825341,1250000.0,5.000000000000001,5.000000000000001,228335.7469365068,53.58573907469112,228335.7469365068,53.58573907469112,17.292245645210436,17.29402961728504,0.230664031018282,0.17006011818206834,0.35118737120411797,0.3121110925657367,0.04403740157376381,0.9732730346128253,-0.11765308969306214,1216591.2932660317,1250000.0,5.000000000000001,5.000000000000001,243318.25865320629,53.86174699702731,243318.25865320629,53.86174699702731,9.431964811040695,9.482349253119308,0.11357510090838248,0.17006011818206834,0.05773514243830622,0.15116344440893567,0.012940849406105032,0.9622332447801355,-0.16719642470715057,1202791.5559751694,1250000.0,5.000000000000001,5.000000000000001,240558.31119503384,53.812203662013225,240558.31119503384,53.812203662013225,11.174149687611964,11.490224989861153,0.14343993221739282,0.17410648285133482,0.1732965323072973,,
257,8,12.850000000000001,17,0.4025623028472683,-3.9516689619335805,503202.87855908537,1250000.0,5.000000000000001,5.000000000000001,100640.57571181706,50.02773112478679,100640.57571181706,50.02773112478679,52.18561209926772,52.15766330398143,,,,,,0.4333222728283001,-3.6318898759191898,541652.8410353751,1250000.0,5.000000000000001,5.000000000000001,108330.568207075,50.34751021080119,108330.568207075,50.34751021080119,50.36134334333322,50.339128869883574,1.0119139896027698,1.7241093987263691,0.35033194714741483,0.3115409125093394,0.0437640140621427,0.9147487246299909,-0.38698187347278323,1143435.9057874887,1250000.0,5.000000000000001,5.000000000000001,228687.1811574977,53.59241821324759,228687.1811574977,53.59241821324759,17.157667355606886,17.164253519469476,0.22866327464816177,0.16988709996136633,0.35033194714741483,0.3115409125093394,0.0437640140621427,0.9737568091870121,-0.11549492418730899,1217196.0114837652,1250000.0,5.000000000000001,5.000000000000001,243439.202296753,53.863905162533065,243439.202296753,53.863905162533065,9.34870413636083,9.402290243637358,0.11192490356087129,0.16988709996136633,0.057611207584341115,0.15127078988607762,0.012894153074949097,0.9669020931714087,-0.146174995965184,1208627.616464261,1250000.0,5.000000000000001,5.000000000000001,241725.52329285216,53.83322509075519,241725.52329285216,53.83322509075519,10.494602551322643,10.625381862710483,0.1315106386320087,0.1731789050763205,0.14449027433701658,,
258,8,12.9,18,0.40144572180480126,-3.9637316598726002,501807.15225600154,1250000.0,5.000000000000001,5.000000000000001,100361.43045120029,50.015668426847775,100361.43045120029,50.015668426847775,52.221698624790875,52.221924667548635,,,,,,0.42543451274876476,-3.7116728150343685,531793.1409359559,1250000.0,5.000000000000001,5.000000000000001,106358.62818719116,50.267727271686,106358.62818719116,50.267727271686,50.807040872447146,50.80299367048198,1.0162882545411005,1.7210955421820064,0.34949903799576043,0.31117259452296175,0.043523149406025766,0.916383558738579,-0.37922711290981903,1145479.4484232238,1250000.0,5.000000000000001,5.000000000000001,229095.88968464473,53.60017297381056,229095.88968464473,53.60017297381056,16.982225208560784,16.993089969204643,0.2262688786826998,0.16794188143959562,0.34949903799576043,0.31117259452296175,0.043523149406025766,0.9741737384765763,-0.11363582204648788,1217717.1730957204,1250000.0,5.000000000000001,5.000000000000001,243543.43461914404,53.865764264673885,243543.43461914404,53.865764264673885,9.273262972646759,9.335537152623306,0.11107673341112131,0.16794188143959562,0.05749964283561282,0.1513818578437816,0.012849053655740563,0.9613989885702258,-0.17096339102109642,1201748.7357127822,1250000.0,5.000000000000001,5.000000000000001,240349.7471425564,53.80843669569928,240349.7471425564,53.80843669569928,11.139546762159787,11.612263205054681,0.14580853725969622,0.17317266841642948,0.1811801192239671,,
259,8,12.950000000000001,19,0.41222163779866544,-3.8486921554097755,515277.04724833183,1250000.0,5.000000000000001,5.000000000000001,103055.40944966635,50.1307079313106,103055.40944966635,50.1307079313106,51.61588623699113,51.651520185903436,,,,,,0.42989579602740907,-3.6663680184978857,537369.7450342614,1250000.0,5.000000000000001,5.000000000000001,107473.94900685226,50.31303206822248,107473.94900685226,50.31303206822248,50.58538397199816,50.56555446716568,1.0227338927804854,1.735687993026514,0.3486503164927432,0.31111760268566624,0.04333380348121373,0.9151692244729137,-0.3849859286302676,1143961.5305911421,1250000.0,5.000000000000001,5.000000000000001,228792.3061182284,53.5944141580901,228792.3061182284,53.5944141580901,17.103347340519328,17.112727215581568,0.22743404485763477,0.16978840791196087,0.3486503164927432,0.31111760268566624,0.04333380348121373,0.9732020550716456,-0.11796982658057141,1216502.568839557,1250000.0,5.000000000000001,5.000000000000001,243300.51376791135,53.8614302601398,243300.51376791135,53.8614302601398,9.448023160921608,9.506175409381115,0.11249029125619467,0.16978840791196087,0.05737990837712635,0.151498126804114,0.01280547904131464,0.9660658468577169,-0.14993271149357046,1207582.308572146,1250000.0,5.000000000000001,5.000000000000001,241516.46171442917,53.829467375226805,241516.46171442917,53.829467375226805,10.495928520851534,10.777297958364894,0.13170185571018247,0.17163418970434816,0.1510545339913982,,
260,8,13.0,20,0.412480641626878,-3.8459642876715887,515600.8020335975,1250000.0,5.000000000000001,5.000000000000001,103120.16040671949,50.13343579904878,103120.16040671949,50.13343579904878,51.577098624983364,51.5926894805235,,,,,,0.43758355430194185,-3.5893900845280218,546979.4428774273,1250000.0,5.000000000000001,5.000000000000001,109395.88857548544,50.390010002192355,109395.88857548544,50.390010002192355,50.05702540272851,50.02418194062816,0.9968329424988271,1.7179203608448703,0.3473257076139257,0.3102871066112387,0.04299283592355048,0.9169550768011032,-0.37651940638914727,1146193.846001379,1250000.0,5.000000000000001,5.000000000000001,229238.76920027574,53.602880680331225,229238.76920027574,53.602880680331225,16.912575942870998,16.917134998304586,0.2255269837561053,0.16893644797816496,0.3473257076139257,0.3102871066112387,0.04299283592355048,0.9734850631924947,-0.11670707752417361,1216856.3289906185,1250000.0,5.000000000000001,5.000000000000001,243371.26579812364,53.86269300919621,243371.26579812364,53.86269300919621,9.396440971958626,9.458547418488228,0.11353316552038364,0.16893644797816496,0.05728195455404431,0.15160860296233664,0.012761948731261403,0.965770435473847,-0.1512609351746297,1207213.0443423088,1250000.0,5.000000000000001,5.000000000000001,241442.6088684617,53.82813915154575,241442.6088684617,53.82813915154575,10.608731099084903,11.048003979164466,0.1364680326192484,0.17270863428982644,0.1438965194977094,,
261,8,13.05,21,0.4106525347294502,-3.8652549217036745,513315.66841181275,1250000.0,5.000000000000001,5.000000000000001,102663.13368236253,50.1141451650167,102663.13368236253,50.1141451650167,51.69528641192253,51.691147226566805,,,,,,0.4269939784970587,-3.6957824938701194,533742.4731213234,1250000.0,5.000000000000001,5.000000000000001,106748.49462426465,50.283617592850256,106748.49462426465,50.283617592850256,50.74469636958521,50.712507231107594,1.025490875106126,1.722196076689079,0.3474609691883732,0.31027439101820475,0.04287621658639825,0.916780955714668,-0.37734416879669336,1145976.194643335,1250000.0,5.000000000000001,5.000000000000001,229195.23892866695,53.602055917923686,229195.23892866695,53.602055917923686,16.933666985051037,16.938063321618138,0.22533495650209417,0.16886256654819043,0.3474609691883732,0.31027439101820475,0.04287621658639825,0.9735421335570974,-0.11645248072680352,1216927.6669463718,1250000.0,5.000000000000001,5.000000000000001,243385.53338927432,53.86294760599357,243385.53338927432,53.86294760599357,9.386834576828543,9.434500182105136,0.11224516704654001,0.16886256654819043,0.05718276338347642,0.1517219386182673,0.01271914113565808,0.9661032865468342,-0.14976440479506528,1207629.1081835427,1250000.0,5.000000000000001,5.000000000000001,241525.8216367085,53.82963568192531,241525.8216367085,53.82963568192531,10.566483126729645,10.723358634821414,0.13267749630518885,0.17332673760506734,0.15165141565823212,,
262,8,13.100000000000001,22,0.4032645574073195,-3.944099461025321,504080.6967591493,1250000.0,5.000000000000001,5.000000000000001,100816.13935182984,50.03530062569506,100816.13935182984,50.03530062569506,52.152715694054905,52.21607333512859,,,,,,0.43850793798754634,-3.580225405123409,548134.9224844329,1250000.0,5.000000000000001,5.000000000000001,109626.98449688657,50.39917468159697,109626.98449688657,50.39917468159697,50.07244232947346,50.09285935257187,1.011287717764982,1.7258962399194697,0.34695950878563436,0.3097484654992459,0.04264152083795992,0.9155788152954679,-0.3830426460684142,1144473.5191193349,1250000.0,5.000000000000001,5.000000000000001,228894.70382386693,53.59635744065196,228894.70382386693,53.59635744065196,17.057584315805663,17.06557809926884,0.22764589049370448,0.17128955036784874,0.34695950878563436,0.3097484654992459,0.04264152083795992,0.9729300125126091,-0.11918399477572955,1216162.5156407615,1250000.0,5.000000000000001,5.000000000000001,243232.50312815225,53.86021609194465,243232.50312815225,53.86021609194465,9.494282050188994,9.535559312580002,0.11401532999855413,0.17128955036784874,0.05708060242931583,0.15182661332717454,0.012674692013533195,0.9703981917605229,-0.13050021404837253,1212997.7397006536,1250000.0,5.000000000000001,5.000000000000001,242599.54794013067,53.84889987267201,242599.54794013067,53.84889987267201,9.90558927220997,10.397239407043816,0.12526941031151828,0.1725863630855215,0.1449943109024501,,
263,8,13.15,23,0.3935486466352717,-4.050015767497618,491935.8082940896,1250000.0,5.000000000000001,5.000000000000001,98387.1616588179,49.929384319222756,98387.1616588179,49.929384319222756,52.726961536782156,52.727629480819544,,,,,,0.4201473365470257,-3.765983852484335,525184.1706837821,1250000.0,5.000000000000001,5.000000000000001,105036.8341367564,50.213416234236036,105036.8341367564,50.213416234236036,51.14728695814377,51.11814276008023,1.0412864338196655,1.7427936705181555,0.34610312588902525,0.30927308010091903,0.0423927984733842,0.9168923478870291,-0.37681651748881717,1146115.4348587864,1250000.0,5.000000000000001,5.000000000000001,229223.08697175724,53.602583569231555,229223.08697175724,53.602583569231555,16.928104528022008,16.932447822807084,0.2254248198373397,0.16846110921914956,0.34610312588902525,0.30927308010091903,0.0423927984733842,0.9736630387830209,-0.11591315931101048,1217078.7984787761,1250000.0,5.000000000000001,5.000000000000001,243415.75969575517,53.86348692740937,243415.75969575517,53.86348692740937,9.361735847296814,9.402997748783028,0.1122609570826513,0.16846110921914956,0.056994533406000934,0.1519265566830745,0.012629980934506374,0.9680046533245142,-0.14122554976418694,1210005.8166556428,1250000.0,5.000000000000001,5.000000000000001,242001.1633311285,53.83817453695619,242001.1633311285,53.83817453695619,10.216420402362314,10.524931674156425,0.1283300273865268,0.17208110313347197,0.13349633738511618,,
264,8,13.200000000000001,24,0.401046336842928,-3.9680544615140123,501307.92105366,1250000.0,5.000000000000001,5.000000000000001,100261.58421073198,50.01134562520636,100261.58421073198,50.01134562520636,52.29349580831266,52.30094602310125,,,,,,0.41931457340516015,-3.77460043297704,524143.2167564502,1250000.0,5.000000000000001,5.000000000000001,104828.64335129003,50.204799653743336,104828.64335129003,50.204799653743336,51.26732711286492,51.27011945317868,1.0247087919292812,1.7373937947624285,0.3454381744946023,0.30908077893422364,0.04220014155425249,0.9157151553210098,-0.3823959806851951,1144643.9441512623,1250000.0,5.000000000000001,5.000000000000001,228928.78883025242,53.597004106035186,228928.78883025242,53.597004106035186,17.04749587520137,17.052885314873656,0.2270453442288006,0.16819283704633242,0.3454381744946023,0.30908077893422364,0.04220014155425249,0.9736241814394433,-0.11608648279122584,1217030.2267993041,1250000.0,5.000000000000001,5.000000000000001,243406.0453598608,53.86331360392915,243406.0453598608,53.86331360392915,9.367512864430493,9.40786918773565,0.11224369849177547,0.16819283704633242,0.05690788189124148,0.15203190356629054,0.012587315032543142,0.9653756630700583,-0.15303653857502086,1206719.5788375728,1250000.0,5.000000000000001,5.000000000000001,241343.91576751453,53.82636354814536,241343.91576751453,53.82636354814536,10.73029885928538,11.080038236750777,0.1368951941117988,0.17114921610397266,0.16807080110318307,,
265,8,13.25,25,0.4107304518772786,-3.8644309701974766,513413.06484659825,1250000.0,5.000000000000001,5.000000000000001,102682.61296931963,50.1149691165229,102682.61296931963,50.1149691165229,51.717565442810326,51.7132356618798,,,,,,0.4253081577328716,-3.7129628710870555,531635.1971660896,1250000.0,5.000000000000001,5.000000000000001,106327.0394332179,50.26643721563332,106327.0394332179,50.26643721563332,50.84539218413056,50.81131024585658,1.0005586186187287,1.711540076125647,0.3438159374814758,0.3084133828740693,0.04187477995495052,0.9156469365083989,-0.3827195328000366,1144558.6706354986,1250000.0,5.000000000000001,5.000000000000001,228911.73412709968,53.59668055392034,228911.73412709968,53.59668055392034,17.059407344559496,17.060097375158403,0.22716602380698733,0.17021553529830835,0.3438159374814758,0.3084133828740693,0.04187477995495052,0.9730853278641671,-0.11849075666110437,1216356.6598302089,1250000.0,5.000000000000001,5.000000000000001,243271.33196604173,53.86090933005927,243271.33196604173,53.86090933005927,9.470164437558086,9.514090054053492,0.11400759196209923,0.17021553529830835,0.05680588422789183,0.15213210694665716,0.01254410009432779,0.9612000081402,-0.17186234190189187,1201500.01017525,1250000.0,5.000000000000001,5.000000000000001,240300.00203504995,53.80753774481849,240300.00203504995,53.80753774481849,11.307009552087472,11.547607737126524,0.14652162426822707,0.17315319010162028,0.1865110484237404,,
266,8,13.3,26,0.40520120099802553,-3.9232927608065578,506501.5012475319,1250000.0,5.000000000000001,5.000000000000001,101300.30024950637,50.05610732591382,101300.30024950637,50.05610732591382,51.99710206148499,51.97752067213965,,,,,,0.42461896948338795,-3.7200060800813395,530773.7118542349,1250000.0,5.000000000000001,5.000000000000001,106154.74237084697,50.25939400663904,106154.74237084697,50.25939400663904,50.89695688603014,50.923197490856,1.0195352952725196,1.737785425030718,0.3436156580722944,0.3079659874262787,0.04167606733237415,0.9172083106423382,-0.37532018868224915,1146510.3883029227,1250000.0,5.000000000000001,5.000000000000001,229302.0776605845,53.60407989803812,229302.0776605845,53.60407989803812,16.88756538430463,16.89255092253752,0.22466067172290818,0.16903522862159975,0.3436156580722944,0.3079659874262787,0.04167606733237415,0.974052004868489,-0.11417855416573935,1217565.0060856112,1250000.0,5.000000000000001,5.000000000000001,243513.0012171222,53.865221532554635,243513.0012171222,53.865221532554635,9.295198859479633,9.340755151752743,0.11118861083546003,0.16903522862159975,0.056731081537941,0.15222542239179168,0.012500379147893781,0.9669008328639525,-0.14618065677545994,1208626.0410799405,1250000.0,5.000000000000001,5.000000000000001,241725.20821598807,53.83321942994492,241725.20821598807,53.83321942994492,10.409063603984613,10.843510650022449,0.13398212611371135,0.17286836150196924,0.15084173163459208,,
267,8,13.350000000000001,27,0.40110915917769213,-3.9673742095299653,501386.4489721152,1250000.0,5.000000000000001,5.000000000000001,100277.28979442302,50.01202587719041,100277.28979442302,50.01202587719041,52.268508371202984,52.26501361789245,,,,,,0.4313001911892055,-3.6522034933747394,539125.2389865068,1250000.0,5.000000000000001,5.000000000000001,107825.04779730135,50.32719659334564,107825.04779730135,50.32719659334564,50.445522133663744,50.41118887448817,1.0124644379110026,1.7381642484147126,0.3435714450286372,0.30757184774337826,0.041499314287943845,0.9175992185299624,-0.3734696497194744,1146999.023162453,1250000.0,5.000000000000001,5.000000000000001,229399.80463249056,53.60593043700091,229399.80463249056,53.60593043700091,16.845470905510204,16.85423976790055,0.22458244188332777,0.16860011224622995,0.3435714450286372,0.30757184774337826,0.041499314287943845,0.9739962272480005,-0.11442725347820085,1217495.2840600007,1250000.0,5.000000000000001,5.000000000000001,243499.05681200008,53.86497283324218,243499.05681200008,53.86497283324218,9.30395525523956,9.33471695922305,0.11168159843050604,0.16860011224622995,0.05665411240057008,0.1523188167395748,0.012456393701703105,0.9512004484832436,-0.21727953623014962,1189000.5606040545,1250000.0,5.000000000000001,5.000000000000001,237800.11212081087,53.76212055049023,237800.11212081087,53.76212055049023,12.42384708066231,12.764639513196714,0.1629684166329991,0.17350924410153185,0.20844506539394186,,
268,8,13.4,28,0.4094008827406384,-3.8785122525686706,511751.103425798,1250000.0,5.000000000000001,5.000000000000001,102350.22068515958,50.100887834151706,102350.22068515958,50.100887834151706,51.7797344874548,51.79372940332895,,,,,,0.4234849130826097,-3.7316205707278467,529356.1413532621,1250000.0,5.000000000000001,5.000000000000001,105871.22827065241,50.247779515992534,105871.22827065241,50.247779515992534,50.9775197525827,50.9798767773559,1.0143012787007404,1.7385023266700972,0.34351309866388213,0.3072451934995717,0.04132923872356016,0.9168547398579696,-0.3769946550259643,1146068.424822462,1250000.0,5.000000000000001,5.000000000000001,229213.68496449236,53.60240543169441,229213.68496449236,53.60240543169441,16.92604191856688,16.933534401982662,0.22550809689455767,0.168149049473452,0.34351309866388213,0.3072451934995717,0.04132923872356016,0.9742951103271622,-0.11309477028609266,1217868.8879089528,1250000.0,5.000000000000001,5.000000000000001,243573.77758179052,53.86630531643428,243573.77758179052,53.86630531643428,9.250992186477708,9.298539062697627,0.11099096208924593,0.168149049473452,0.05656664609711008,0.15241178151618964,0.012412766809098277,0.961060562420242,-0.17249243865086053,1201325.7030253024,1250000.0,5.000000000000001,5.000000000000001,240265.14060506044,53.80690764806951,240265.14060506044,53.80690764806951,11.206324363116781,11.607894553326831,0.1454854337274873,0.17492049373015073,0.178831905329897,,
269,8,13.450000000000001,29,0.41415087531433004,-3.8284141641592906,517688.59414291254,1250000.0,5.000000000000001,5.000000000000001,103537.7188285825,50.150985922561084,103537.7188285825,50.150985922561084,51.487172306039575,51.47248978309817,,,,,,0.42853131243568,-3.680174390355523,535664.1405446,1250000.0,5.000000000000001,5.000000000000001,107132.82810891997,50.29922569636486,107132.82810891997,50.29922569636486,50.677086566409805,50.67969583439112,1.0234794653136874,1.736293481391907,0.3435300510658915,0.30660638554598657,0.041121347897817385,0.9174007144591233,-0.3744092598130464,1146750.893073904,1250000.0,5.000000000000001,5.000000000000001,229350.17861478077,53.60499082690733,229350.17861478077,53.60499082690733,16.86329120611321,16.8713620092707,0.22464238789735624,0.16901592493375947,0.3435300510658915,0.30660638554598657,0.041121347897817385,0.9739180460007523,-0.11477586927462215,1217397.5575009403,1250000.0,5.000000000000001,5.000000000000001,243479.511500188,53.86462421744575,243479.511500188,53.86462421744575,9.314969983151736,9.347949610087985,0.11181845588523995,0.16901592493375947,0.056506878084700465,0.15249921238871844,0.01236896358851252,0.9654237344815155,-0.1528202846362226,1206779.6681018944,1250000.0,5.000000000000001,5.000000000000001,241355.93362037884,53.82657980208415,241355.93362037884,53.82657980208415,10.581505389001729,10.852640192474109,0.133984529158985,0.17134698418782485,0.15305805948169415,,
270,9,13.5,0,0.4166996569955132,-3.8017685703016424,520874.5712443915,1250000.0,5.000000000000001,5.000000000000001,104174.91424887828,50.177631516418735,104174.91424887828,50.177631516418735,51.33346524993535,51.33204121805439,,,,,,0.43150046907908435,-3.6501872783209217,539375.5863488554,1250000.0,5.000000000000001,5.000000000000001,107875.11726977106,50.32921280839945,107875.11726977106,50.32921280839945,50.50246146540269,50.53093733019954,1.0182102118945828,1.716738783534812,0.34337439119875474,0.3062111741163167,0.04093896838500462,0.9167679265615424,-0.3774058905141902,1145959.908201928,1250000.0,5.000000000000001,5.000000000000001,229191.98164038555,53.60199419620619,229191.98164038555,53.60199419620619,16.927233123760473,16.932320222271528,0.22526883879206175,0.1687245975299966,0.34337439119875474,0.3062111741163167,0.04093896838500462,0.9741047250236425,-0.11394350046474547,1217630.9062795532,1250000.0,5.000000000000001,5.000000000000001,243526.1812559106,53.86545658625563,243526.1812559106,53.86545658625563,9.283559801921715,9.322562374908856,0.11108871592528553,0.1687245975299966,0.056451955952795806,0.15258619789113625,0.012325545029628399,0.9689227433044897,-0.13710849878181047,1211153.4291306122,1250000.0,5.000000000000001,5.000000000000001,242230.68582612238,53.84229158793857,242230.68582612238,53.84229158793857,10.124537893549638,10.490795905765449,0.12850402063544147,0.1742616859779335,0.1321246126395823,,
271,9,13.55,1,0.39980634416522226,-3.9815031873694133,499757.9302065278,1250000.0,5.000000000000001,5.000000000000001,99951.58604130555,49.99789689935096,99951.58604130555,49.99789689935096,52.33308154677246,52.31067115618722,,,,,,0.4236715402160649,-3.7297070839042834,529589.4252700811,1250000.0,5.000000000000001,5.000000000000001,105917.88505401621,50.24969300281609,105917.88505401621,50.24969300281609,50.92746922103237,50.912836464389564,1.0256927258806063,1.7464744454235999,0.34285326995257553,0.3061342711700309,0.04078130907671756,0.9165249104519854,-0.3785572674669775,1145656.1380649817,1250000.0,5.000000000000001,5.000000000000001,229131.2276129963,53.600842819253394,229131.2276129963,53.600842819253394,16.953388864860518,16.96558622775574,0.22598829486067068,0.16825682478173068,0.34285326995257553,0.3061342711700309,0.04078130907671756,0.974245131885769,-0.11331755615261707,1217806.4148572113,1250000.0,5.000000000000001,5.000000000000001,243561.2829714422,53.866082530567766,243561.2829714422,53.866082530567766,9.256701810289119,9.297000270264602,0.11124816780112076,0.16825682478173068,0.05642648122577032,0.15268541027544455,0.012285410696144571,0.9682872189089041,-0.13995800661423952,1210359.0236361302,1250000.0,5.000000000000001,5.000000000000001,242071.804727226,53.83944208010614,242071.804727226,53.83944208010614,10.154994048783776,10.44098128906623,0.1276330819909654,0.17128606630189788,0.13014195792248603,,
272,9,13.600000000000001,2,0.40267944972898895,-3.9504053353394646,503349.3121612362,1250000.0,5.000000000000001,5.000000000000001,100669.86243224722,50.02899475138091,100669.86243224722,50.02899475138091,52.17793643463399,52.19527094212033,,,,,,0.4348985067752659,-3.616120834829178,543623.1334690824,1250000.0,5.000000000000001,5.000000000000001,108724.62669381646,50.3632792518912,108724.62669381646,50.3632792518912,50.28041990793213,50.304348932597115,1.015615462925274,1.7129156454690153,0.341876125437313,0.30586675352398573,0.04056939755306445,0.9172966385267977,-0.37490197980397993,1146620.798158497,1250000.0,5.000000000000001,5.000000000000001,229324.15963169938,53.604498106916395,229324.15963169938,53.604498106916395,16.87874278637626,16.892592502259554,0.22423877418066956,0.16784086633014494,0.341876125437313,0.30586675352398573,0.04056939755306445,0.9734806136511496,-0.11672692801538861,1216850.767063937,1250000.0,5.000000000000001,5.000000000000001,243370.15341278733,53.862673158704986,243370.15341278733,53.862673158704986,9.394465502250338,9.44209306248735,0.11236063566677154,0.16784086633014494,0.05639227981596874,0.15277927909801609,0.012244450558433578,0.9635193697800715,-0.16139550231108019,1204399.2122250893,1250000.0,5.000000000000001,5.000000000000001,240879.84244501783,53.818004584409294,240879.84244501783,53.818004584409294,10.92750684536967,11.225582924960927,0.13829765800274038,0.1724464866232534,0.15490976100896647,,
273,9,13.65,3,0.4015721944147193,-3.9623636615765707,501965.24301839917,1250000.0,5.000000000000001,5.000000000000001,100393.04860367981,50.0170364251438,100393.04860367981,50.0170364251438,52.26273129271258,52.28596101072642,,,,,,0.42511918418970934,-3.7148929635082695,531398.9802371367,1250000.0,5.000000000000001,5.000000000000001,106279.79604742733,50.264507123212105,106279.79604742733,50.264507123212105,50.87346338160792,50.87692126562588,1.0338792100967602,1.7307525301132092,0.3414677191598273,0.3055067701539276,0.04038059991631536,0.9165607533904311,-0.3783874293553038,1145700.9417380388,1250000.0,5.000000000000001,5.000000000000001,229140.1883476077,53.60101265736507,229140.1883476077,53.60101265736507,16.955733566460424,16.965269583359614,0.2258721876104229,0.17011066483764958,0.3414677191598273,0.3055067701539276,0.04038059991631536,0.9735908618734671,-0.11623511048074554,1216988.5773418339,1250000.0,5.000000000000001,5.000000000000001,243397.71546836672,53.86316497623963,243397.71546836672,53.86316497623963,9.3752968097045,9.418960992367037,0.11334160355596215,0.17011066483764958,0.056364819827682086,0.15286653899826647,0.012203342228704544,0.9638026095467109,-0.16011902157862248,1204753.2619333887,1250000.0,5.000000000000001,5.000000000000001,240950.65238667768,53.81928106514175,240950.65238667768,53.81928106514175,10.949529241923901,11.780174995502032,0.14924960859344838,0.17175354142259494,0.1979938790661869,,
274,9,13.700000000000001,4,0.39948800696160675,-3.9849625411864324,499360.0087020084,1250000.0,5.000000000000001,5.000000000000001,99872.00174040167,49.99443754553394,99872.00174040167,49.99443754553394,52.38899442117152,52.36737261820072,,,,,,0.42583083148291,-3.707628974816602,532288.5393536375,1250000.0,5.000000000000001,5.000000000000001,106457.70787072748,50.27177111190377,106457.70787072748,50.27177111190377,50.79662391918918,50.77534003512947,1.0087164701741926,1.7171490149035737,0.34096014889001774,0.3049244380459689,0.04015538823576875,0.9175078305720484,-0.3739022052577104,1146884.7882150605,1250000.0,5.000000000000001,5.000000000000001,229376.95764301205,53.60549788146266,229376.95764301205,53.60549788146266,16.86059470219803,16.86775496899009,0.22428677857974666,0.16908033071183395,0.34096014889001774,0.3049244380459689,0.04015538823576875,0.9738879169146877,-0.11491022450376517,1217359.8961433596,1250000.0,5.000000000000001,5.000000000000001,243471.97922867187,53.864489862216615,243471.97922867187,53.864489862216615,9.318083040782556,9.356735038595286,0.11217130926904235,0.16908033071183395,0.05632575750123875,0.15294542237221778,0.012161070738858965,0.9699020311495613,-0.1327213117695476,1212377.5389369517,1250000.0,5.000000000000001,5.000000000000001,242475.5077873903,53.84667877495083,242475.5077873903,53.84667877495083,9.936067471521994,10.143445111948942,0.12309208824446978,0.1734887799575519,0.13362795111430215,,
275,9,13.75,5,0.40796328787883857,-3.8937891678512666,509954.1098485482,1250000.0,5.000000000000001,5.000000000000001,101990.82196970962,50.08561091886911,101990.82196970962,50.08561091886911,51.8822543692786,51.87536460311261,,,,,,0.43141858489510315,-3.651011500458586,539273.2311188789,1250000.0,5.000000000000001,5.000000000000001,107854.64622377577,50.32838858626179,107854.64622377577,50.32838858626179,50.479052689644924,50.4960874371212,1.0231430299453455,1.7245130606255188,0.3404382004306321,0.3046318591488173,0.03997172306920355,0.918107488640764,-0.37106470224920574,1147634.360800955,1250000.0,5.000000000000001,5.000000000000001,229526.87216019095,53.60833538447117,229526.87216019095,53.60833538447117,16.787042432359044,16.789295531087852,0.22248674559687182,0.16804131815028506,0.3404382004306321,0.3046318591488173,0.03997172306920355,0.974043488689165,-0.11421652488842261,1217554.3608614563,1250000.0,5.000000000000001,5.000000000000001,243510.87217229122,53.865183561831955,243510.87217229122,53.865183561831955,9.292819044203386,9.315728823182486,0.11026829251906185,0.16804131815028506,0.05625372324204593,0.15302745033871257,0.012118902476434672,0.9620199210677137,-0.16815934697941418,1202524.9013346422,1250000.0,5.000000000000001,5.000000000000001,240504.9802669284,53.81124073974096,240504.9802669284,53.81124073974096,11.200923918674977,11.783314661213199,0.1473574718858514,0.1726811303443085,0.18464279218468233,,
276,9,13.8,6,0.40184525162684076,-3.959411591127551,502306.56453355093,1250000.0,5.000000000000001,5.000000000000001,100461.31290671017,50.01998849559282,100461.31290671017,50.01998849559282,52.217154130139235,52.20664533470797,,,,,,0.4199606217155395,-3.7679143001498177,524950.7771444244,1250000.0,5.000000000000001,5.000000000000001,104990.15542888486,50.211485786570556,104990.15542888486,50.211485786570556,51.16335929413357,51.17628715021617,1.0483210291122855,1.7566308598877503,0.33927979866496455,0.30400540459426745,0.03970233463809024,0.9168635058413791,-0.3769531326357918,1146079.3823017238,1250000.0,5.000000000000001,5.000000000000001,229215.87646034473,53.602446954084584,229215.87646034473,53.602446954084584,16.922760392098354,16.933216884813678,0.22496638580611097,0.16813708392522764,0.33927979866496455,0.30400540459426745,0.03970233463809024,0.9738085594380256,-0.11526412476132201,1217260.699297532,1250000.0,5.000000000000001,5.000000000000001,243452.13985950637,53.86413596195905,243452.13985950637,53.86413596195905,9.336763119667665,9.37790397092627,0.11215788598741014,0.16813708392522764,0.05618157611455142,0.1531056559640797,0.01207671045510431,0.9615918189400126,-0.17009240229358513,1201989.7736750157,1250000.0,5.000000000000001,5.000000000000001,240397.9547350031,53.809307684426784,240397.9547350031,53.809307684426784,11.28775393413842,11.685192343258468,0.14723753018900781,0.17451490433413974,0.17812751450511147,,
277,9,13.850000000000001,7,0.40147628534460605,-3.963401028090861,501845.35668075754,1250000.0,5.000000000000001,5.000000000000001,100369.0713361515,50.01599905862952,100369.0713361515,50.01599905862952,52.231657326574194,52.21326116924017,,,,,,0.4307563585756608,-3.657683030292308,538445.448219576,1250000.0,5.000000000000001,5.000000000000001,107689.08964391518,50.321717056428064,107689.08964391518,50.321717056428064,50.5269033021458,50.506546533055065,1.0025549048488043,1.7120900552254643,0.3386253623025727,0.30339267750827525,0.039467482457626206,0.9186524181905897,-0.36848777422961343,1148315.5227382372,1250000.0,5.000000000000001,5.000000000000001,229663.10454764738,53.61091231249076,229663.10454764738,53.61091231249076,16.72964026141502,16.74151479648826,0.22257749097248009,0.16720837618574802,0.3386253623025727,0.30339267750827525,0.039467482457626206,0.974664190052416,-0.11144989971393682,1218330.23756552,1250000.0,5.000000000000001,5.000000000000001,243666.04751310396,53.86795018700644,243666.04751310396,53.86795018700644,9.1779779091685,9.21785111744336,0.10988126087609898,0.16720837618574802,0.05609997091917207,0.15317826689518607,0.012033296734636264,0.9638141049736658,-0.16006722289420475,1204767.6312170823,1250000.0,5.000000000000001,5.000000000000001,240953.52624341642,53.819332863826176,240953.52624341642,53.819332863826176,10.874008941320172,11.497222706510454,0.1435241278520565,0.17344622035833293,0.16876811613374773,,
278,9,13.9,8,0.40647356729627626,-3.9096769103083684,508091.9591203453,1250000.0,5.000000000000001,5.000000000000001,101618.39182406904,50.069723176412005,101618.39182406904,50.069723176412005,51.97345522975705,51.96241925745877,,,,,,0.4234912630950796,-3.7315554502332375,529364.0788688496,1250000.0,5.000000000000001,5.000000000000001,105872.8157737699,50.24784463648714,105872.8157737699,50.24784463648714,50.980151847193625,50.94264361290814,1.019189016829291,1.7259296451270505,0.337130130344189,0.30289161537645837,0.039198113839378525,0.919301908340237,-0.36541838348674466,1149127.3854252961,1250000.0,5.000000000000001,5.000000000000001,229825.4770850592,53.61398170323363,229825.4770850592,53.61398170323363,16.666145449801117,16.680655832678855,0.2210297045266812,0.1683285979636598,0.337130130344189,0.30289161537645837,0.039198113839378525,0.9737793809517015,-0.11539425552809256,1217224.2261896268,1250000.0,5.000000000000001,5.000000000000001,243444.84523792533,53.86400583119229,243444.84523792533,53.86400583119229,9.341438137678146,9.388991393088382,0.11166457010978652,0.1683285979636598,0.05601223850397909,0.15325619002393998,0.01199068135567582,0.9649148580865212,-0.15511006132397354,1206143.5726081515,1250000.0,5.000000000000001,5.000000000000001,241228.71452163026,53.824290025396394,241228.71452163026,53.824290025396394,10.739348633858459,11.03822096625894,0.13676114226895184,0.17413365801897757,0.1542590740690467,,
279,9,13.950000000000001,9,0.4103326589051083,-3.8686391559995608,512915.82363138534,1250000.0,5.000000000000001,5.000000000000001,102583.16472627706,50.110760930720815,102583.16472627706,50.110760930720815,51.70709713955169,51.712114434310955,,,,,,0.4279316778280606,-3.686255634887007,534914.5972850757,1250000.0,5.000000000000001,5.000000000000001,106982.91945701512,50.29314445183337,106982.91945701512,50.29314445183337,50.68392265717415,50.688424852493576,1.0071579359811675,1.7290041327571462,0.33605785436860514,0.30262795488075594,0.03899117831982223,0.9191956249571074,-0.3659205140148158,1148994.5311963842,1250000.0,5.000000000000001,5.000000000000001,229798.9062392768,53.61347957270556,229798.9062392768,53.61347957270556,16.666095291293644,16.68120853958441,0.2211691366794651,0.170037122505644,0.33605785436860514,0.30262795488075594,0.03899117831982223,0.9738292546528319,-0.1151718302132547,1217286.5683160399,1250000.0,5.000000000000001,5.000000000000001,243457.31366320793,53.86422825650712,243457.31366320793,53.86422825650712,9.330727995604258,9.372106613814696,0.11172763318116292,0.170037122505644,0.055911170885277785,0.1533427382439514,0.01194994617027961,0.9694303769647893,-0.1348337584341276,1211787.9712059866,1250000.0,5.000000000000001,5.000000000000001,242357.59424119728,53.84456632828625,242357.59424119728,53.84456632828625,10.027007110711764,10.501733281920927,0.13003871437544848,0.17214660025743386,0.14400724091825606,,
280,9,14.0,10,0.39883401237774857,-3.9920781235108853,498542.5154721857,1250000.0,5.000000000000001,5.000000000000001,99708.50309443712,49.987321963209496,99708.50309443712,49.987321963209496,52.411095352592305,52.44024683822666,,,,,,0.4233705708355722,-3.732793337703596,529213.2135444653,1250000.0,5.000000000000001,5.000000000000001,105842.64270889304,50.24660674901678,105842.64270889304,50.24660674901678,50.994549033991646,50.99764030734097,1.013520369850794,1.7120950090223004,0.3362968992059199,0.30211634204791066,0.038830322599164815,0.9189571394836008,-0.3670474380414012,1148696.424354501,1250000.0,5.000000000000001,5.000000000000001,229739.28487090018,53.61235264867897,229739.28487090018,53.61235264867897,16.692243175643437,16.701038920109973,0.22066089434380745,0.1672327427916642,0.3362968992059199,0.30211634204791066,0.038830322599164815,0.9738627998420216,-0.11502223273938991,1217328.499802527,1250000.0,5.000000000000001,5.000000000000001,243465.69996050536,53.86437785398098,243465.69996050536,53.86437785398098,9.325349388496742,9.35507281848815,0.10985207378026003,0.1672327427916642,0.05582313422730686,0.15342330780694924,0.011909000486366183,0.9627258495108212,-0.16497367076291655,1203407.3118885264,1250000.0,5.000000000000001,5.000000000000001,240681.46237770523,53.81442641595746,240681.46237770523,53.81442641595746,11.072747064289267,11.687370563093939,0.14598480947130416,0.1722913529883988,0.19530215726512246,,
281,9,14.05,11,0.4126967150756056,-3.843689879440419,515870.89384450705,1250000.0,5.000000000000001,5.000000000000001,103174.17876890139,50.135710207279956,103174.17876890139,50.135710207279956,51.56327612001887,51.55045213590197,,,,,,0.4249850793387189,-3.7162631718406685,531231.3491733986,1250000.0,5.000000000000001,5.000000000000001,106246.2698346797,50.26313691487971,106246.2698346797,50.26313691487971,50.86028129187007,50.8692941916825,1.0340980486923919,1.7389325815064456,0.33520898612429917,0.30185158110567445,0.03862091309951905,0.9192201023259655,-0.3658048667640937,1149025.1279074568,1250000.0,5.000000000000001,5.000000000000001,229805.02558149133,53.61359521995628,229805.02558149133,53.61359521995628,16.67061578288135,16.68187005950785,0.22119597869672153,0.16828524355959762,0.33520898612429917,0.30185158110567445,0.03862091309951905,0.9735918622171821,-0.11623064820044647,1216989.8277714776,1250000.0,5.000000000000001,5.000000000000001,243397.9655542955,53.86316943851993,243397.9655542955,53.86316943851993,9.371417871465045,9.396844295352661,0.11224829844455016,0.16828524355959762,0.05574181479116772,0.1535088886141599,0.011869877246305482,0.964272577976174,-0.15800183547563626,1205340.7224702176,1250000.0,5.000000000000001,5.000000000000001,241068.1444940435,53.821398251244744,241068.1444940435,53.821398251244744,10.887544236814184,11.075448011556249,0.13809346604917533,0.17294143355330774,0.17145144504971874,,
282,9,14.100000000000001,12,0.40687937379183164,-3.90534325569274,508599.21723978955,1250000.0,5.000000000000001,5.000000000000001,101719.84344795789,50.07405683102763,101719.84344795789,50.07405683102763,51.90010175644245,51.8634795334198,,,,,,0.4196803241940024,-3.7708139127046794,524600.405242503,1250000.0,5.000000000000001,5.000000000000001,104920.0810485006,50.20858617401569,104920.0810485006,50.20858617401569,51.16989965158912,51.135761011587924,1.0194847455650407,1.738826301952208,0.33444014974328573,0.30129973679534394,0.03839547539769343,0.9199886790984495,-0.3621751682327518,1149985.8488730618,1250000.0,5.000000000000001,5.000000000000001,229997.16977461232,53.61722491848762,229997.16977461232,53.61722491848762,16.58165305862113,16.59076098457677,0.21998187321485183,0.1681943559609821,0.33444014974328573,0.30129973679534394,0.03839547539769343,0.9734543740784977,-0.11684399100601472,1216817.967598122,1250000.0,5.000000000000001,5.000000000000001,243363.59351962438,53.86255609571436,243363.59351962438,53.86255609571436,9.40109532432674,9.436563850668852,0.11274504749296385,0.1681943559609821,0.05564923799507495,0.15358841498656184,0.011829521081096972,0.9638086739119103,-0.1600916953187595,1204760.842389888,1250000.0,5.000000000000001,5.000000000000001,240952.16847797754,53.81930839140161,240952.16847797754,53.81930839140161,10.939300865585023,11.426407441381269,0.14391145972536432,0.17275535519285912,0.1836778686087214,,
283,9,14.15,13,0.3975862934964596,-4.005685960087773,496982.8668705745,1250000.0,5.000000000000001,5.000000000000001,99396.57337411487,49.9737141266326,99396.57337411487,49.9737141266326,52.446026291818136,52.434732655001504,,,,,,0.42440766983455924,-3.7221677619216815,530509.587293199,1250000.0,5.000000000000001,5.000000000000001,106101.91745863979,50.25723232479869,106101.91745863979,50.25723232479869,50.88976027598456,50.86064534160733,1.0150172104167627,1.7330600584721583,0.3337859887259761,0.30091880184329634,0.03820065621688073,0.9200941923759021,-0.36167710551040627,1150117.7404698776,1250000.0,5.000000000000001,5.000000000000001,230023.5480939755,53.617722981209965,230023.5480939755,53.617722981209965,16.573315809387086,16.577602621637908,0.2196981999704533,0.16737100533273913,0.3337859887259761,0.30091880184329634,0.03820065621688073,0.9739697157721177,-0.1145454669174552,1217462.144715147,1250000.0,5.000000000000001,5.000000000000001,243492.42894302937,53.86485461980292,243492.42894302937,53.86485461980292,9.304148861324807,9.340170286309739,0.11114551391683766,0.16737100533273913,0.05554409643626014,0.1536645832882492,0.01178907462695802,0.9665394261048179,-0.14780425970101857,1208174.2826310224,1250000.0,5.000000000000001,5.000000000000001,241634.85652620444,53.831595827019356,241634.85652620444,53.831595827019356,10.449144841818038,10.839983131044916,0.1334677534687326,0.17219264520019678,0.14836271412405738,,
284,9,14.200000000000001,14,0.3962358781587497,-4.020462027477409,495294.84769843717,1250000.0,5.000000000000001,5.000000000000001,99058.96953968742,49.95893805924297,99058.96953968742,49.95893805924297,52.537397519350705,52.56068499032396,,,,,,0.4185846987574411,-3.782166512163138,523230.8734468013,1250000.0,5.000000000000001,5.000000000000001,104646.17468936025,50.19723357455724,104646.17468936025,50.19723357455724,51.25525795700696,51.22902906995834,1.020148148615378,1.736185678591167,0.3326346116482187,0.3001658579480421,0.03792611551515007,0.919715502546439,-0.36346493069760005,1149644.3781830487,1250000.0,5.000000000000001,5.000000000000001,229928.8756366097,53.61593515602277,229928.8756366097,53.61593515602277,16.61490890606611,16.622526703071397,0.2196037369595769,0.165735407573844,0.3326346116482187,0.3001658579480421,0.03792611551515007,0.9734898274904455,-0.11668582292741339,1216862.284363057,1250000.0,5.000000000000001,5.000000000000001,243372.45687261136,53.86271426379296,243372.45687261136,53.86271426379296,9.392382935663923,9.436306403458868,0.11140790940010373,0.165735407573844,0.05541801585935115,0.1537329341259387,0.011746646254580943,0.9688536309926762,-0.13741828783758625,1211067.0387408452,1250000.0,5.000000000000001,5.000000000000001,242213.407748169,53.84198179888279,242213.407748169,53.84198179888279,10.167818202358287,10.325028105648343,0.12517176519154166,0.17303282930036804,0.14396586444652448,,
285,9,14.25,15,0.4144847910700177,-3.824914006397604,518105.9888375221,1250000.0,5.000000000000001,5.000000000000001,103621.1977675044,50.15448608032277,103621.1977675044,50.15448608032277,51.49816272027535,51.52677114704322,,,,,,0.4281488330543151,-3.684052353366105,535186.0413178939,1250000.0,5.000000000000001,5.000000000000001,107037.20826357875,50.29534773335427,107037.20826357875,50.29534773335427,50.6731478169325,50.67057540012066,1.0314128146093515,1.7308755013560393,0.33125148928810555,0.2998564151829399,0.037700484093428875,0.9200144700377632,-0.36205341993429907,1150018.087547204,1250000.0,5.000000000000001,5.000000000000001,230003.61750944075,53.61734666678608,230003.61750944075,53.61734666678608,16.577557828795946,16.593538515005918,0.21978521319008476,0.1672398641603686,0.33125148928810555,0.2998564151829399,0.037700484093428875,0.9738930399442419,-0.11488737898350063,1217366.2999303024,1250000.0,5.000000000000001,5.000000000000001,243473.25998606044,53.86451270773687,243473.25998606044,53.86451270773687,9.31966355469723,9.359835907737947,0.1112738700784549,0.1672398641603686,0.05527460014088492,0.15380894261044106,0.011705609329124863,0.9655051867261599,-0.15245388833835624,1206881.4834077,1250000.0,5.000000000000001,5.000000000000001,241376.29668153994,53.82694619838202,241376.29668153994,53.82694619838202,10.594880198669184,11.05662091383942,0.13841098790496006,0.17333885108925515,0.15757212741871193,,
286,9,14.3,16,0.410861503173771,-3.8630454927704956,513576.8789672138,1250000.0,5.000000000000001,5.000000000000001,102715.37579344274,50.11635459394988,102715.37579344274,50.11635459394988,51.712339940600394,51.73825676046685,,,,,,0.42279719220618933,-3.7386790550228244,528496.4902577366,1250000.0,5.000000000000001,5.000000000000001,105699.29805154732,50.24072103169755,105699.29805154732,50.24072103169755,51.036515191056274,51.016071639336445,1.0181555955544028,1.729792527219723,0.3310781329848454,0.2996864580139419,0.03756862967808821,0.920634263259934,-0.35912865996664467,1150792.8290749176,1250000.0,5.000000000000001,5.000000000000001,230158.56581498348,53.62027142675373,230158.56581498348,53.62027142675373,16.517788024887338,16.522565203652903,0.21878653694573127,0.16806392387819274,0.3310781329848454,0.2996864580139419,0.03756862967808821,0.9736093524300959,-0.11615262952524363,1217011.6905376199,1250000.0,5.000000000000001,5.000000000000001,243402.33810752394,53.86324745719513,243402.33810752394,53.86324745719513,9.375437311881068,9.419289324457264,0.11251333482062034,0.16806392387819274,0.05514334786859505,0.1538885993585532,0.011666286957377063,0.95869578667365,-0.18319181284608205,1198369.7333420624,1250000.0,5.000000000000001,5.000000000000001,239673.94666841245,53.7962082738743,239673.94666841245,53.7962082738743,11.574351511400948,11.899529023880447,0.1514916146742385,0.17299504570177643,0.18065516012415012,,
287,9,14.350000000000001,17,0.41643971865692414,-3.804478556002629,520549.64832115517,1250000.0,5.000000000000001,5.000000000000001,104109.92966423102,50.17492153071775,104109.92966423102,50.17492153071775,51.35245217555016,51.34064664652717,,,,,,0.4265203144381016,-3.700602792953607,533150.3930476271,1250000.0,5.000000000000001,5.000000000000001,106630.07860952539,50.27879729376677,106630.07860952539,50.27879729376677,50.78507568051005,50.793525817818015,1.0232904787204011,1.7444955330313725,0.33074351283929315,0.2993461132355006,0.03740551219917424,0.9208590703906024,-0.3580682977590524,1151073.837988253,1250000.0,5.000000000000001,5.000000000000001,230214.76759765056,53.62133178896133,230214.76759765056,53.62133178896133,16.492713893754775,16.49843415292491,0.21805305373217365,0.16834629659560205,0.33074351283929315,0.2993461132355006,0.03740551219917424,0.9735483145489993,-0.11642490757858859,1216935.393186249,1250000.0,5.000000000000001,5.000000000000001,243387.07863724977,53.86297517914179,243387.07863724977,53.86297517914179,9.382974025042547,9.413417760103275,0.11146993566980896,0.16834629659560205,0.05500417628037364,0.15396318245278248,0.0116266796773077,0.9652239114663678,-0.15371927864300539,1206529.8893329597,1250000.0,5.000000000000001,5.000000000000001,241305.9778665919,53.82568080807737,241305.9778665919,53.82568080807737,10.68153124548086,10.961088395448776,0.1352183108956687,0.17338932158088477,0.14496038042062162,,
288,9,14.4,18,0.39894083610944275,-3.9909150645957956,498676.04513680347,1250000.0,5.000000000000001,5.000000000000001,99735.20902736067,49.98848502212458,99735.20902736067,49.98848502212458,52.43669793901029,52.43478208860563,,,,,,0.43153689036404835,-3.6498207226227235,539421.1129550604,1250000.0,5.000000000000001,5.000000000000001,107884.22259101206,50.329579364097654,107884.22259101206,50.329579364097654,50.459591555996745,50.43491968360796,1.0077285782823515,1.7306003786538748,0.3307659739593561,0.2990269095003446,0.037266217491522695,0.9216689095935662,-0.3542506220054698,1152086.1369919577,1250000.0,5.000000000000001,5.000000000000001,230417.2273983915,53.62514946471491,230417.2273983915,53.62514946471491,16.39612450125791,16.402200703410152,0.2173448484392349,0.16737229216946828,0.3307659739593561,0.2990269095003446,0.037266217491522695,0.9738759816628945,-0.11496344875746216,1217344.977078618,1250000.0,5.000000000000001,5.000000000000001,243468.99541572356,53.86443663796292,243468.99541572356,53.86443663796292,9.324729370367582,9.348390253824181,0.11138488235024897,0.16737229216946828,0.05487466511893391,0.1540349397922467,0.011587434500145896,0.9652780761092477,-0.15347557616899024,1206597.5951365596,1250000.0,5.000000000000001,5.000000000000001,241319.51902731188,53.82592451055139,241319.51902731188,53.82592451055139,10.642548970755627,10.94324775326625,0.1344127440870145,0.17254948903056294,0.1608411036172836,,
289,9,14.450000000000001,19,0.40823613782041596,-3.8908855336487,510295.17227551993,1250000.0,5.000000000000001,5.000000000000001,102059.03445510397,50.088514553071676,102059.03445510397,50.088514553071676,51.82695863938376,51.86637196303711,,,,,,0.4173487582791317,-3.795008742996105,521685.94784891466,1250000.0,5.000000000000001,5.000000000000001,104337.18956978292,50.18439134372427,104337.18956978292,50.18439134372427,51.28466452560999,51.27271425839892,1.0122673570644793,1.719347130198291,0.32999658734366044,0.29875997761664796,0.03708915330362173,0.9219279719749178,-0.35303008009031367,1152409.9649686473,1250000.0,5.000000000000001,5.000000000000001,230481.99299372942,53.62637000663006,230481.99299372942,53.62637000663006,16.370598970017497,16.372721460456276,0.21656580819352733,0.1671919827998219,0.32999658734366044,0.29875997761664796,0.03708915330362173,0.97340475438043,-0.11706536871901072,1216755.9429755374,1250000.0,5.000000000000001,5.000000000000001,243351.18859510744,53.862334718001364,243351.18859510744,53.862334718001364,9.407529278871772,9.444025281288516,0.11226516458325286,0.1671919827998219,0.05473265123928552,0.1541097493256868,0.011548633699159911,0.9627692439523993,-0.16477791885900567,1203461.5549404991,1250000.0,5.000000000000001,5.000000000000001,240692.31098809978,53.814622167861366,240692.31098809978,53.814622167861366,10.995469253573468,11.085524270214147,0.13651719964152292,0.1747053771962365,0.1400694846952539,,
290,9,14.5,20,0.407042508500488,-3.9036023391191366,508803.13562561,1250000.0,5.000000000000001,5.000000000000001,101760.62712512199,50.07579774760124,101760.62712512199,50.07579774760124,51.92101633656772,51.89877422869656,,,,,,0.42323388906168696,-3.734195648782799,529042.3613271087,1250000.0,5.000000000000001,5.000000000000001,105808.47226542172,50.24520443793757,105808.47226542172,50.24520443793757,50.960109730580484,50.96715905371708,1.0056684874850095,1.7302386732857797,0.3290632346394947,0.2983302790499029,0.0368794022499788,0.9223544538362555,-0.3510215078703535,1152943.0672953194,1250000.0,5.000000000000001,5.000000000000001,230588.61345906384,53.62837857885002,230588.61345906384,53.62837857885002,16.31850573441937,16.32488473346121,0.21592545437604693,0.16745257498513957,0.3290632346394947,0.2983302790499029,0.0368794022499788,0.9738760545459043,-0.11496312373981704,1217345.0681823804,1250000.0,5.000000000000001,5.000000000000001,243469.01363647604,53.864436962980555,243469.01363647604,53.864436962980555,9.320759754964078,9.349811949305849,0.11101976192885762,0.16745257498513957,0.05458280063951927,0.15417721274004226,0.011508912046176392,0.9610904206655387,-0.17235751406598815,1201363.0258319234,1250000.0,5.000000000000001,5.000000000000001,240272.60516638463,53.80704257265439,240272.60516638463,53.80704257265439,11.34060077757962,11.710719552935618,0.1461862337363517,0.17287840866714094,0.17371913173586362,,
291,9,14.55,21,0.39208249426367653,-4.066225476880774,490103.1178295957,1250000.0,5.000000000000001,5.000000000000001,98020.62356591912,49.9131746098396,98020.62356591912,49.9131746098396,52.80566622195219,52.785462039662455,,,,,,0.4317092503380525,-3.6480864551160113,539636.5629225656,1250000.0,5.000000000000001,5.000000000000001,107927.3125845131,50.33131363160436,107927.3125845131,50.33131363160436,50.439145002219774,50.457955299902835,1.015142661733518,1.7318653796321235,0.3285384188638668,0.2978813933356564,0.036693938099885554,0.923009200772477,-0.34793969803123526,1153761.5009655962,1250000.0,5.000000000000001,5.000000000000001,230752.30019311918,53.631460388689135,230752.30019311918,53.631460388689135,16.251205487462233,16.25329177967044,0.21500284068637265,0.16749295277368043,0.3285384188638668,0.2978813933356564,0.036693938099885554,0.9740805415805776,-0.11405132117417309,1217600.676975722,1250000.0,5.000000000000001,5.000000000000001,243520.13539514435,53.8653487655462,243520.13539514435,53.8653487655462,9.287693935096407,9.322929023848705,0.11066327138899026,0.16749295277368043,0.05442425081430744,0.15424049018263225,0.011468392248343121,0.9679440696570024,-0.14149736639021734,1209930.087071253,1250000.0,5.000000000000001,5.000000000000001,241986.01741425056,53.83790272033016,241986.01741425056,53.83790272033016,10.265352285128447,10.513179088503918,0.1307449241156641,0.17404718456463597,0.13857050173893354,,
292,9,14.600000000000001,22,0.40877464769574406,-3.885160470887733,510968.30961968005,1250000.0,5.000000000000001,5.000000000000001,102193.66192393599,50.09423961583265,102193.66192393599,50.09423961583265,51.8246482651287,51.82742384145079,,,,,,0.4280589393254487,-3.684964289739664,535073.6741568109,1250000.0,5.000000000000001,5.000000000000001,107014.73483136215,50.294435796980714,107014.73483136215,50.294435796980714,50.722582322209504,50.755651557749296,1.0328903341716305,1.7366509107413326,0.32789587978500256,0.29747666157146874,0.03650751253852942,0.9222291677501492,-0.3516114627555877,1152786.4596876865,1250000.0,5.000000000000001,5.000000000000001,230557.29193753726,53.62778862396479,230557.29193753726,53.62778862396479,16.335010243707664,16.334295420966324,0.21600343296726554,0.16674226966466138,0.32789587978500256,0.29747666157146874,0.03650751253852942,0.973432327036475,-0.11694235223769471,1216790.4087955938,1250000.0,5.000000000000001,5.000000000000001,243358.0817591187,53.862457734482675,243358.0817591187,53.862457734482675,9.406738043569808,9.441152429711234,0.11226330418937887,0.16674226966466138,0.05425432577091625,0.15430261023405026,0.011427688714037171,0.9592526782261256,-0.18066979581088413,1199065.847782657,1250000.0,5.000000000000001,5.000000000000001,239813.16955653136,53.79873029090949,239813.16955653136,53.79873029090949,11.584574010786941,12.27761979137309,0.15588121904978974,0.17587668068559748,0.19448285701554913,,
293,9,14.65,23,0.39883695432627486,-3.9920460884471973,498546.19290784356,1250000.0,5.000000000000001,5.000000000000001,99709.2385815687,49.98735399827318,99709.2385815687,49.98735399827318,52.42109832606061,52.409826871941846,,,,,,0.4225059950555782,-3.7416712434485815,528132.4938194727,1250000.0,5.000000000000001,5.000000000000001,105626.49876389453,50.237728843271796,105626.49876389453,50.237728843271796,51.02737877981146,51.01551289905941,1.015973277157555,1.7437887718639034,0.327085056512293,0.29735541677881494,0.03635118589027346,0.9216552376478336,-0.3543150452985463,1152069.047059792,1250000.0,5.000000000000001,5.000000000000001,230413.80941195838,53.62508504142183,230413.80941195838,53.62508504142183,16.39881763917961,16.404257730812738,0.2171948632124542,0.16826236753011037,0.327085056512293,0.29735541677881494,0.03635118589027346,0.9737857244149564,-0.11536596449864067,1217232.1555186955,1250000.0,5.000000000000001,5.000000000000001,243446.43110373904,53.86403412222173,243446.43110373904,53.86403412222173,9.34324652419485,9.369441105945693,0.11126689895012483,0.16826236753011037,0.05406233265157782,0.15437262137119345,0.011387989680240858,0.9619124970605323,-0.16864432922880843,1202390.6213256654,1250000.0,5.000000000000001,5.000000000000001,240478.12426513302,53.81075575749157,240478.12426513302,53.81075575749157,11.161859153113406,11.478498655071794,0.14232261496810047,0.17321249767270316,0.1612723398654176,,
294,9,14.700000000000001,24,0.4143582120879865,-3.826240495337946,517947.76510998316,1250000.0,5.000000000000001,5.000000000000001,103589.55302199662,50.153159591382426,103589.55302199662,50.153159591382426,51.497437577608935,51.473682769083496,,,,,,0.4293011061935818,-3.6723799245895035,536626.3827419772,1250000.0,5.000000000000001,5.000000000000001,107325.27654839543,50.307020162130875,107325.27654839543,50.307020162130875,50.61486739794189,50.61340812357447,1.0131252052583404,1.7235582418270532,0.3264154306442892,0.2969585864314639,0.036166679521205405,0.9236392983194908,-0.34497597322401535,1154549.1228993635,1250000.0,5.000000000000001,5.000000000000001,230909.82457987266,53.634424113496365,230909.82457987266,53.634424113496365,16.178577639247017,16.185720044349882,0.21453061289115666,0.16779539013913894,0.3264154306442892,0.2969585864314639,0.036166679521205405,0.9743918598917266,-0.11266352809385213,1217989.8248646583,1250000.0,5.000000000000001,5.000000000000001,243597.96497293163,53.86673655862652,243597.96497293163,53.86673655862652,9.229250997525584,9.265898935523207,0.11040074297672539,0.16779539013913894,0.05386023587911568,0.15443555383378726,0.01134763803390832,0.9634858661624316,-0.1615465183643307,1204357.3327030395,1250000.0,5.000000000000001,5.000000000000001,240871.46654060786,53.81785356835604,240871.46654060786,53.81785356835604,10.849586109050108,11.383831001902454,0.14163357827878337,0.1738148135510222,0.175739226057701,,
295,9,14.75,25,0.40320242248778987,-3.9447686726213647,504003.0281097373,1250000.0,5.000000000000001,5.000000000000001,100800.60562194744,50.03463141409901,100800.60562194744,50.03463141409901,52.119254336573064,52.12289160923147,,,,,,0.4311005256151546,-3.6542144763643414,538875.6570189432,1250000.0,5.000000000000001,5.000000000000001,107775.13140378862,50.32518561035603,107775.13140378862,50.32518561035603,50.50620228801499,50.48055765267667,1.0257493844919106,1.7323135493743678,0.3259017221447931,0.29641105903548903,0.03597140408680078,0.9235368419180758,-0.34545774915048516,1154421.0523975948,1250000.0,5.000000000000001,5.000000000000001,230884.21047951892,53.63394233756989,230884.21047951892,53.63394233756989,16.191341836157015,16.196740639100334,0.21456468251417576,0.1681334531930814,0.3259017221447931,0.29641105903548903,0.03597140408680078,0.9741247068157388,-0.11385441463219995,1217655.8835196735,1250000.0,5.000000000000001,5.000000000000001,243531.17670393465,53.865545672088174,243531.17670393465,53.865545672088174,9.279701966665053,9.310559292399898,0.11119646849771456,0.1681334531930814,0.053673610429410566,0.1544962917308254,0.011307062064629902,0.9625134359829437,-0.1659319934411228,1203141.7949786796,1250000.0,5.000000000000001,5.000000000000001,240628.35899573588,53.813468093279255,240628.35899573588,53.813468093279255,11.145892360126116,11.344887518475696,0.14148845931536874,0.17330921173680652,0.1771240590508416,,
296,9,14.8,26,0.41233110880772694,-3.8475389810218714,515413.8860096587,1250000.0,5.000000000000001,5.000000000000001,103082.77720193172,50.131861105698505,103082.77720193172,50.131861105698505,51.60137765997568,51.58824942007036,,,,,,0.43440133334401043,-3.621088504011212,543001.6666800131,1250000.0,5.000000000000001,5.000000000000001,108600.33333600259,50.35831158270916,108600.33333600259,50.35831158270916,50.29102001095738,50.30527977053017,0.9904400713825467,1.7018846839161565,0.32605775220262057,0.2963057725945101,0.035875116346469726,0.9225757620460834,-0.3499795938297926,1153219.7025576043,1250000.0,5.000000000000001,5.000000000000001,230643.9405115208,53.62942049289059,230643.9405115208,53.62942049289059,16.3019197917033,16.312086234926035,0.21650354854343123,0.1691679107666558,0.32605775220262057,0.2963057725945101,0.035875116346469726,0.9735528105066773,-0.11640485140805568,1216941.0131333466,1250000.0,5.000000000000001,5.000000000000001,243388.20262666928,53.86299523531232,243388.20262666928,53.86299523531232,9.38137473477092,9.414495672576896,0.11326935006402025,0.1691679107666558,0.05349610354307553,0.15455654221411597,0.011266544713670345,0.9643510520653237,-0.1576484138605735,1205438.8150816546,1250000.0,5.000000000000001,5.000000000000001,241087.76301633086,53.8217516728598,241087.76301633086,53.8217516728598,10.765920987414397,10.996586056076623,0.13434466670706632,0.17281249887742917,0.13951996341543144,,
297,9,14.850000000000001,27,0.41015227993192255,-3.8705486997403407,512690.34991490317,1250000.0,5.000000000000001,5.000000000000001,102538.06998298061,50.108851386980035,102538.06998298061,50.108851386980035,51.75942458753178,51.78927716109716,,,,,,0.42613729124747945,-3.704504590538193,532671.6140593493,1250000.0,5.000000000000001,5.000000000000001,106534.32281186983,50.27489549618218,106534.32281186983,50.27489549618218,50.80778402537145,50.803022938050304,1.0140000288881532,1.71005436586392,0.3259226570187195,0.29600749003616456,0.03573794937907908,0.9235033909732075,-0.3456150555319449,1154379.2387165094,1250000.0,5.000000000000001,5.000000000000001,230875.84774330186,53.63378503118844,230875.84774330186,53.63378503118844,16.187838017775597,16.19778357918988,0.21439561250475533,0.16599047062149672,0.3259226570187195,0.29600749003616456,0.03573794937907908,0.9742799865069051,-0.11316218561633865,1217849.9831336313,1250000.0,5.000000000000001,5.000000000000001,243569.9966267262,53.86623790110404,243569.9966267262,53.86623790110404,9.251978280190022,9.28369287353642,0.11030944570147046,0.16599047062149672,0.05332492390797744,0.1546157786811358,0.011226063073311143,0.9602198560061094,-0.1762931767040871,1200274.8200076367,1250000.0,5.000000000000001,5.000000000000001,240054.9640015273,53.80310691001629,240054.9640015273,53.80310691001629,11.396005094774996,11.651274938595865,0.14531554696866983,0.17490935120589118,0.16826892437921942,,
298,9,14.9,28,0.39394151719365417,-4.045682468172746,492426.8964920677,1250000.0,5.000000000000001,5.000000000000001,98485.37929841352,49.93371761854763,98485.37929841352,49.93371761854763,52.662154976267786,52.68625163887682,,,,,,0.42550057024330795,-3.7109985355035446,531875.7128041349,1250000.0,5.000000000000001,5.000000000000001,106375.14256082696,50.26840155121683,106375.14256082696,50.26840155121683,50.843526607140994,50.86516307030261,1.0168244155960546,1.7179796316181029,0.32545376828019407,0.29540930621365075,0.035542682697858125,0.9229682592953745,-0.3481323402272978,1153710.3241192182,1250000.0,5.000000000000001,5.000000000000001,230742.0648238436,53.63126774649308,230742.0648238436,53.63126774649308,16.250033887967653,16.261887348336423,0.2155680518618452,0.1665698498323729,0.32545376828019407,0.29540930621365075,0.035542682697858125,0.974190391197657,-0.11356158351207765,1217737.9889970713,1250000.0,5.000000000000001,5.000000000000001,243547.59779941422,53.865838503208295,243547.59779941422,53.865838503208295,9.259248953935515,9.288535649545043,0.11064316355310386,0.1665698498323729,0.05315782598373038,0.15467180670820796,0.011185823673428503,0.9610270607106982,-0.17264383245222062,1201283.8258883727,1250000.0,5.000000000000001,5.000000000000001,240256.7651776745,53.80675625426815,240256.7651776745,53.80675625426815,11.289202636284212,11.655998478182923,0.1479607390214364,0.1742441773809167,0.16259010096920182,,
299,9,14.950000000000001,29,0.41544400436053275,-3.814875043372692,519305.00545066595,1250000.0,5.000000000000001,5.000000000000001,103861.00109013317,50.16452504334769,103861.00109013317,50.16452504334769,51.43716237813375,51.441630542968994,,,,,,0.43336506065683716,-3.6314610588101024,541706.3258210465,1250000.0,5.000000000000001,5.000000000000001,108341.26516420928,50.34793902791027,108341.26516420928,50.34793902791027,50.38809164704887,50.38835379478523,1.0274130775549015,1.7375121856256583,0.3245051809261365,0.2946880526366351,0.03530601953392967,0.9236729791175143,-0.34481760926023924,1154591.223896893,1250000.0,5.000000000000001,5.000000000000001,230918.24477937855,53.634582477460135,230918.24477937855,53.634582477460135,16.171894687446354,16.20731764712817,0.2146617848810144,0.16821596264995176,0.3245051809261365,0.2946880526366351,0.03530601953392967,0.9742712867224576,-0.11320096589819453,1217839.108403072,1250000.0,5.000000000000001,5.000000000000001,243567.82168061435,53.86619912082218,243567.82168061435,53.86619912082218,9.252584929843335,9.303807435777685,0.11062247777217046,0.16821596264995176,0.05301146924372161,0.15472951767886584,0.011146642687560191,0.9689272451971758,-0.13708832026269607,1211159.0564964698,1250000.0,5.000000000000001,5.000000000000001,242231.8112992939,53.842311766457684,242231.8112992939,53.842311766457684,10.108303596974011,10.634749153772274,0.13164366754466003,0.17380422476160978,0.14410322140648768,,
300,10,15.0,0,0.40815977359133526,-3.8916979963996194,510199.7169891691,1250000.0,5.000000000000001,5.000000000000001,102039.94339783379,50.087702090320754,102039.94339783379,50.087702090320754,51.85928047367882,51.844056951814096,,,,,,0.42508323954619914,-3.7152601833586,531354.0494327489,1250000.0,5.000000000000001,5.000000000000001,106270.80988654977,50.26413990336177,106270.80988654977,50.26413990336177,50.857465117221864,50.85193059399065,1.018918057971303,1.7280680156420734,0.32420937671661604,0.29426225646681786,0.035146728667994356,0.9232565346474932,-0.34677609806088244,1154070.6683093666,1250000.0,5.000000000000001,5.000000000000001,230814.13366187326,53.63262398865949,230814.13366187326,53.63262398865949,16.2262075636499,16.237188590114915,0.2153061331484265,0.16647740985189627,0.32420937671661604,0.29426225646681786,0.035146728667994356,0.9741402105029217,-0.11378529501984178,1217675.263128652,1250000.0,5.000000000000001,5.000000000000001,243535.05262573037,53.86561479170054,243535.05262573037,53.86561479170054,9.273347181427344,9.303910759198056,0.11112243237617647,0.16647740985189627,0.052873551233370134,0.15478649808700667,0.01110787295320086,0.9639413678053734,-0.15949381463342974,1204926.7097567169,1250000.0,5.000000000000001,5.000000000000001,240985.34195134332,53.819906272086946,240985.34195134332,53.819906272086946,10.905393315773964,11.598054574682298,0.14631022592055842,0.17140755891600912,0.1984628605212269,,
301,10,15.05,1,0.40331410932990147,-3.9435658459556544,504142.63666237687,1250000.0,5.000000000000001,5.000000000000001,100828.52733247535,50.03583424076473,100828.52733247535,50.03583424076473,52.17035400962823,52.17488355510037,,,,,,0.4270636117150029,-3.6950743139364963,533829.5146437536,1250000.0,5.000000000000001,5.000000000000001,106765.90292875071,50.28432577278388,106765.90292875071,50.28432577278388,50.78121189370079,50.75728510039084,0.9997983792446627,1.7300690039438593,0.3237420744801168,0.2943290624394833,0.03504037754081689,0.924271560016146,-0.3420041006853319,1155339.4500201824,1250000.0,5.000000000000001,5.000000000000001,231067.89000403645,53.637395986035045,231067.89000403645,53.637395986035045,16.1077115882643,16.117143854514556,0.21278768228981315,0.16710543814373446,0.3237420744801168,0.2943290624394833,0.03504037754081689,0.9733305995797733,-0.11739623054552328,1216663.2494747166,1250000.0,5.000000000000001,5.000000000000001,243332.6498949433,53.86200385617485,243332.6498949433,53.86200385617485,9.420197414409184,9.443149654521857,0.11201146726484516,0.16710543814373446,0.05274124100014373,0.1548525407607327,0.011071312798800576,0.962640145276026,-0.16536030765556592,1203300.1815950326,1250000.0,5.000000000000001,5.000000000000001,240660.03631900647,53.81403977906481,240660.03631900647,53.81403977906481,11.117538986154603,11.771640286345143,0.14849596600567613,0.17226406641705722,0.1926352891739594,,
302,10,15.100000000000001,2,0.4079905559071603,-3.8934988976521097,509988.1948839504,1250000.0,5.000000000000001,5.000000000000001,101997.63897679007,50.08590118906827,101997.63897679007,50.08590118906827,51.88168653055045,51.87362280684914,,,,,,0.42756798841273486,-3.689948174392294,534459.9855159186,1250000.0,5.000000000000001,5.000000000000001,106891.99710318369,50.28945191232808,106891.99710318369,50.28945191232808,50.71011889924288,50.69800225163256,1.0218974213644385,1.7350112348324298,0.3233691877763202,0.29415748964501465,0.03490966547937275,0.9239999761292623,-0.3432803999951428,1154999.970161578,1250000.0,5.000000000000001,5.000000000000001,230999.99403231553,53.63611968672523,230999.99403231553,53.63611968672523,16.134761839293663,16.14793712760266,0.2137428588396039,0.16819817531117684,0.3233691877763202,0.29415748964501465,0.03490966547937275,0.9739748753818323,-0.11452246020527251,1217468.5942272902,1250000.0,5.000000000000001,5.000000000000001,243493.718845458,53.86487762651511,243493.718845458,53.86487762651511,9.303785221257087,9.332425402205018,0.11140506211383269,0.16819817531117684,0.052624428882382814,0.15491551338017634,0.011035354870870446,0.9670748047082756,-0.1453993127840258,1208843.5058853445,1250000.0,5.000000000000001,5.000000000000001,241768.70117706884,53.834000773936346,241768.70117706884,53.834000773936346,10.406072718233137,10.981767113778428,0.13477726080880145,0.17250413154458755,0.14916597706753582,,
303,10,15.15,3,0.4120186929261374,-3.850830799607714,515023.3661576718,1250000.0,5.000000000000001,5.000000000000001,103004.67323153434,50.12856928711266,103004.67323153434,50.12856928711266,51.63705229767769,51.6212673020692,,,,,,0.4316428950264279,-3.6487540331349,539553.6187830348,1250000.0,5.000000000000001,5.000000000000001,107910.72375660695,50.330646053585475,107910.72375660695,50.330646053585475,50.46896313386769,50.45487068401387,0.9992564849915858,1.704550535727043,0.32324588576095464,0.293700076295425,0.034758327947377904,0.9243700198154878,-0.3415414848051049,1155462.5247693597,1250000.0,5.000000000000001,5.000000000000001,231092.50495387192,53.63785860191527,231092.50495387192,53.63785860191527,16.10175628419851,16.11142832910911,0.21275100730889726,0.16636037715529867,0.32324588576095464,0.293700076295425,0.034758327947377904,0.973967754272875,-0.11455421327929136,1217459.6928410938,1250000.0,5.000000000000001,5.000000000000001,243491.9385682187,53.864845873441084,243491.9385682187,53.864845873441084,9.306658000417535,9.334146272118035,0.11041762123395278,0.16636037715529867,0.052499141729476895,0.15496932407138903,0.010997844835743942,0.9630373738656152,-0.1635685830781655,1203796.717332019,1250000.0,5.000000000000001,5.000000000000001,240759.34346640375,53.81583150364221,240759.34346640375,53.81583150364221,11.043902484052476,11.346007048525184,0.14150672435771783,0.17340289413580198,0.15704122941875062,,
304,10,15.200000000000001,4,0.40527468637825226,-3.922505216211646,506593.35797281534,1250000.0,5.000000000000001,5.000000000000001,101318.67159456306,50.05689487050873,101318.67159456306,50.05689487050873,52.00161196230547,52.01543660673267,,,,,,0.4302367491143791,-3.6629249665438373,537795.9363929739,1250000.0,5.000000000000001,5.000000000000001,107559.18727859475,50.316475120176534,107559.18727859475,50.316475120176534,50.55833060036078,50.558728144773305,1.017751071104126,1.7325907048376936,0.32247555256102023,0.293396097678578,0.0345914054059379,0.9233332312367137,-0.3464153367687558,1154166.5390458922,1250000.0,5.000000000000001,5.000000000000001,230833.3078091784,53.63298474995162,230833.3078091784,53.63298474995162,16.213311024099706,16.22288851131682,0.21442864626909425,0.1689625645727475,0.32247555256102023,0.293396097678578,0.0345914054059379,0.9734628952661433,-0.11680597496052536,1216828.619082679,1250000.0,5.000000000000001,5.000000000000001,243365.72381653576,53.86259411175985,243365.72381653576,53.86259411175985,9.399169943568966,9.430741266004866,0.11198686007196354,0.1689625645727475,0.052376337864639654,0.1550283510093045,0.010961484630339932,0.9611438562274642,-0.172116057860919,1201429.8202843303,1250000.0,5.000000000000001,5.000000000000001,240285.964056866,53.807284028859456,240285.964056866,53.807284028859456,11.253141878173277,11.747446417299289,0.14909711356350747,0.17411046742162117,0.17558449520693417,,
305,10,15.25,5,0.4080398676915106,-3.892974019283782,510049.8346143883,1250000.0,5.000000000000001,5.000000000000001,102009.96692287765,50.0864260674366,102009.96692287765,50.0864260674366,51.841614351096155,51.84806528109914,,,,,,0.42511236001304387,-3.714962678688555,531390.4500163049,1250000.0,5.000000000000001,5.000000000000001,106278.09000326095,50.26443740803182,106278.09000326095,50.26443740803182,50.8310638503623,50.81681549682097,1.0041677580539323,1.7259038988267192,0.3217960382491546,0.2931582172324269,0.03443690977751446,0.9242492861620003,-0.34210876179279676,1155311.6077025004,1250000.0,5.000000000000001,5.000000000000001,231062.32154050004,53.63729132492758,231062.32154050004,53.63729132492758,16.109813944350428,16.120117357270658,0.21294651808812123,0.16629310053573715,0.3217960382491546,0.2931582172324269,0.03443690977751446,0.9740944385901635,-0.11398936170297894,1217618.0482377044,1250000.0,5.000000000000001,5.000000000000001,243523.60964754084,53.8654107250174,243523.60964754084,53.8654107250174,9.283096183096033,9.313525678239255,0.11016579236827524,0.16629310053573715,0.052239619256605765,0.1550866474224552,0.01092534200581984,0.9620835083521657,-0.16787229789104896,1202604.385440207,1250000.0,5.000000000000001,5.000000000000001,240520.87708804136,53.81152778882932,240520.87708804136,53.81152778882932,11.136653770913659,11.503452704034142,0.1456355480383666,0.172085574810733,0.1739244599412812,,
306,10,15.3,6,0.4074791908733145,-3.898945648863278,509348.98859164317,1250000.0,5.000000000000001,5.000000000000001,101869.79771832861,50.0804544378571,101869.79771832861,50.0804544378571,51.90729038399851,51.884794871883926,,,,,,0.4259777905280938,-3.706130433914969,532472.2381601173,1250000.0,5.000000000000001,5.000000000000001,106494.44763202344,50.2732696528054,106494.44763202344,50.2732696528054,50.81671638547571,50.785788670973645,1.0072541797617778,1.7104160584392782,0.32065715274850004,0.29265083339817477,0.03422290829232572,0.9251904826766525,-0.33768843413601213,1156488.1033458156,1250000.0,5.000000000000001,5.000000000000001,231297.62066916307,53.64171165258436,231297.62066916307,53.64171165258436,16.007532399531918,16.015382792681102,0.21171599676537545,0.16692573762420013,0.32065715274850004,0.29265083339817477,0.03422290829232572,0.974247256432269,-0.11330808545797125,1217809.0705403362,1250000.0,5.000000000000001,5.000000000000001,243561.8141080672,53.8660920012624,243561.8141080672,53.8660920012624,9.259963858327247,9.291921888644987,0.11027886588348956,0.16692573762420013,0.052082788706756276,0.15513929935940426,0.010888257640752106,0.962878957208193,-0.1642830427792968,1203598.6965102414,1250000.0,5.000000000000001,5.000000000000001,240719.73930204823,53.81511704394108,240719.73930204823,53.81511704394108,11.029864789508453,11.219581797027086,0.13897226648501734,0.17136634727852534,0.15625337007332302,,
307,10,15.350000000000001,7,0.3962484663276908,-4.02032405699643,495310.5829096135,1250000.0,5.000000000000001,5.000000000000001,99062.11658192269,49.959076029723946,99062.11658192269,49.959076029723946,52.58269714348144,52.61733075698646,,,,,,0.42500516005906713,-3.716057970753943,531256.4500738339,1250000.0,5.000000000000001,5.000000000000001,106251.29001476677,50.26334211596644,106251.29001476677,50.26334211596644,50.87241268333019,50.885995028002654,1.022971317250782,1.7363660599924664,0.31991335952586925,0.2920751325444665,0.0340253254480924,0.925621661243622,-0.33566490650407316,1157027.0765545275,1250000.0,5.000000000000001,5.000000000000001,231405.41531090546,53.643735180216304,231405.41531090546,53.643735180216304,15.964371208245577,15.981041848464695,0.21130993053607536,0.16649680425949634,0.31991335952586925,0.2920751325444665,0.0340253254480924,0.9739148265367161,-0.11479022569590754,1217393.5331708952,1250000.0,5.000000000000001,5.000000000000001,243478.706634179,53.86460986102446,243478.706634179,53.86460986102446,9.315671577335632,9.356337606056808,0.11154468023900552,0.16649680425949634,0.051947863840916944,0.15518619619834806,0.010851162543544813,0.9534350152242077,-0.2070890250399153,1191793.7690302597,1250000.0,5.000000000000001,5.000000000000001,238358.7538060519,53.77231106168046,238358.7538060519,53.77231106168046,12.3176655518213,12.822025308376155,0.1660288655246448,0.17313533489358926,0.21605279474288933,,
308,10,15.4,8,0.40730999081572977,-3.900749370710706,509137.48851966223,1250000.0,5.000000000000001,5.000000000000001,101827.49770393243,50.07865071600967,101827.49770393243,50.07865071600967,51.87896490572327,51.84425149300986,,,,,,0.4289814080102416,-3.675615296649932,536226.760012802,1250000.0,5.000000000000001,5.000000000000001,107245.35200256038,50.303784790070445,107245.35200256038,50.303784790070445,50.6157893775747,50.61262848916128,1.00702132603798,1.7223102744779617,0.3193459235651398,0.2919321117613513,0.033891962155947086,0.9249812854329112,-0.3386705398035978,1156226.606791139,1250000.0,5.000000000000001,5.000000000000001,231245.32135822778,53.64072954691678,231245.32135822778,53.64072954691678,16.035922989563197,16.044815735944177,0.21202275899337747,0.16860530828430748,0.3193459235651398,0.2919321117613513,0.033891962155947086,0.9734120388409283,-0.11703286847544278,1216765.0485511604,1250000.0,5.000000000000001,5.000000000000001,243353.00971023203,53.86236721824493,243353.00971023203,53.86236721824493,9.408548025051225,9.436759115710469,0.11225079250580523,0.16860530828430748,0.05182669288295705,0.15523699195177004,0.010815004599476477,0.9631987774144074,-0.16284077334707367,1203998.4717680092,1250000.0,5.000000000000001,5.000000000000001,240799.6943536018,53.816559313373304,240799.6943536018,53.816559313373304,10.866978955619905,11.271473951144973,0.1386563032286196,0.17174953577928123,0.1720859378563419,,
309,10,15.450000000000001,9,0.3985725198535365,-3.9949264765103853,498215.64981692063,1250000.0,5.000000000000001,5.000000000000001,99643.12996338411,49.984473610209996,99643.12996338411,49.984473610209996,52.41847258390244,52.418942266530436,,,,,,0.4330810992290167,-3.6343076958269327,541351.3740362709,1250000.0,5.000000000000001,5.000000000000001,108270.27480725416,50.34509239089345,108270.27480725416,50.34509239089345,50.371915849442686,50.36415323500434,1.01665916032159,1.7299637348662524,0.3192413846720343,0.29165074243832045,0.0337681769322921,0.924885567629243,-0.33911997446340914,1156106.9595365538,1250000.0,5.000000000000001,5.000000000000001,231221.39190731072,53.640280112256974,231221.39190731072,53.640280112256974,16.048619175852647,16.061710031863463,0.21222574531020716,0.1668249371204697,0.3192413846720343,0.29165074243832045,0.0337681769322921,0.973735220513907,-0.11559121050282194,1217169.0256423838,1250000.0,5.000000000000001,5.000000000000001,243433.80512847673,53.863808876217554,243433.80512847673,53.863808876217554,9.34782984444892,9.371847937317053,0.11088485417815108,0.1668249371204697,0.05172159035084314,0.15528230182394362,0.010778655856839512,0.9661882158274244,-0.14938263715916997,1207735.2697842806,1250000.0,5.000000000000001,5.000000000000001,241547.05395685608,53.83001744956121,241547.05395685608,53.83001744956121,10.513666923981138,10.664790151425265,0.1307686816108356,0.17211808507099513,0.13021379713991968,,
310,10,15.5,10,0.40840924853210925,-3.8890443176391756,510511.56066513655,1250000.0,5.000000000000001,5.000000000000001,102102.3121330273,50.0903557690812,102102.3121330273,50.0903557690812,51.84468678749531,51.87447841339034,,,,,,0.4276550745335713,-3.6890637028783937,534568.8431669641,1250000.0,5.000000000000001,5.000000000000001,106913.7686333928,50.29033638384198,106913.7686333928,50.29033638384198,50.738081782459616,50.73306588995805,1.0135174053117555,1.7264066031595413,0.3195287004477205,0.2914107901588566,0.033671861686000976,0.9251746020610606,-0.3377629801137528,1156468.2525763258,1250000.0,5.000000000000001,5.000000000000001,231293.65051526512,53.64163710660662,231293.65051526512,53.64163710660662,16.01695354076161,16.02971403115668,0.21230919218754335,0.1674460986216882,0.3195287004477205,0.2914107901588566,0.033671861686000976,0.9744417088526335,-0.11244135285013304,1218052.1360657918,1250000.0,5.000000000000001,5.000000000000001,243610.4272131583,53.86695873387025,243610.4272131583,53.86695873387025,9.221401143526077,9.248500033915125,0.10980449444880222,0.1674460986216882,0.05165643713117966,0.15532749024556186,0.010743381441546622,0.9575330737725815,-0.18846216305701466,1196916.3422157269,1250000.0,5.000000000000001,5.000000000000001,239383.26844314532,53.790937923663364,239383.26844314532,53.790937923663364,11.838593112964139,12.020167253566333,0.15219129560215167,0.17444466853618995,0.17393934409406725,,
311,10,15.55,11,0.4027571826633726,-3.9495670574858854,503446.4783292158,1250000.0,5.000000000000001,5.000000000000001,100689.29566584314,50.029833029234496,100689.29566584314,50.029833029234496,52.17378162095298,52.16937015857992,,,,,,0.42905666602734577,-3.6748534623532936,536320.8325341822,1250000.0,5.000000000000001,5.000000000000001,107264.16650683642,50.30454662436708,107264.16650683642,50.30454662436708,50.6367736751136,50.622892427878035,1.018959874602004,1.7464134793498114,0.31916372898920664,0.2913732817265976,0.033566734213024405,0.9255552985229494,-0.33597628638866495,1156944.1231536868,1250000.0,5.000000000000001,5.000000000000001,231388.8246307373,53.64342380033171,231388.8246307373,53.64342380033171,15.97401825035575,15.9878540630283,0.21144509293026698,0.16567148196499973,0.31916372898920664,0.2913732817265976,0.033566734213024405,0.9740993144763443,-0.1139676228953333,1217624.1430954305,1250000.0,5.000000000000001,5.000000000000001,243524.82861908604,53.865432463825044,243524.82861908604,53.865432463825044,9.281696582316021,9.305375498708282,0.11021783794042476,0.16567148196499973,0.05159890810450225,0.1553796682340651,0.010709575653687662,0.9667489903720793,-0.1468627281172517,1208436.237965099,1250000.0,5.000000000000001,5.000000000000001,241687.24759301977,53.83253735860312,241687.24759301977,53.83253735860312,10.493954866289808,10.706007728554154,0.130972086207765,0.17314859845392416,0.14924119426808083,,
312,10,15.600000000000001,12,0.40683750788734147,-3.905790146539554,508546.8848591768,1250000.0,5.000000000000001,5.000000000000001,101709.37697183534,50.07360994018082,101709.37697183534,50.07360994018082,51.94909126508496,51.97430714021368,,,,,,0.42632018375558994,-3.70264105574375,532900.2296944874,1250000.0,5.000000000000001,5.000000000000001,106580.04593889746,50.27675903097663,106580.04593889746,50.27675903097663,50.773491123309626,50.739382655249244,1.0095779462942125,1.7307012329231646,0.3190644414199936,0.291028487943268,0.03343731651209868,0.9248913734487919,-0.33909271241535316,1156114.21681099,1250000.0,5.000000000000001,5.000000000000001,231222.84336219795,53.640307374305024,231222.84336219795,53.640307374305024,16.04482578481689,16.062472939542154,0.21275399367012499,0.16695079131801902,0.3190644414199936,0.291028487943268,0.03343731651209868,0.9735945643624041,-0.11621859463697452,1216993.2054530052,1250000.0,5.000000000000001,5.000000000000001,243398.64109060098,53.8631814920834,243398.64109060098,53.8631814920834,9.37017782616347,9.40159841315381,0.11247418760021669,0.16695079131801902,0.05156013226646239,0.1554285295068196,0.010676723765779463,0.962325442398935,-0.16678031978515856,1202906.8029986687,1250000.0,5.000000000000001,5.000000000000001,240581.3605997337,53.81261976693522,240581.3605997337,53.81261976693522,11.132702654519177,11.343677895462767,0.14279045835858237,0.17225141311408804,0.16944604839587238,,
313,10,15.65,13,0.4067091217425187,-3.9071608705443373,508386.4021781484,1250000.0,5.000000000000001,5.000000000000001,101677.28043562965,50.07223921617603,101677.28043562965,50.07223921617603,51.92879498177442,51.89993241720176,,,,,,0.4267524891910927,-3.698239370232975,533440.6114888659,1250000.0,5.000000000000001,5.000000000000001,106688.12229777317,50.2811607164874,106688.12229777317,50.2811607164874,50.75066024241198,50.75801521455204,1.0065746169275593,1.740819213300087,0.3179156111543375,0.2907228350763283,0.033255953846110756,0.9263197190804042,-0.33239090783281466,1157899.6488505052,1250000.0,5.000000000000001,5.000000000000001,231579.929770101,53.64700917888756,231579.929770101,53.64700917888756,15.885924767245118,15.897704519341138,0.21035427056469508,0.16659202806593126,0.3179156111543375,0.2907228350763283,0.033255953846110756,0.9740905392936906,-0.11400674652999204,1217613.1741171132,1250000.0,5.000000000000001,5.000000000000001,243522.63482342262,53.86539334019038,243522.63482342262,53.86539334019038,9.284486658576277,9.315517441469208,0.11090670609058348,0.16659202806593126,0.05150543744567383,0.15547931981822988,0.010644279239554164,0.9665549883903496,-0.14773433435560682,1208193.735487937,1250000.0,5.000000000000001,5.000000000000001,241638.74709758736,53.83166575236477,241638.74709758736,53.83166575236477,10.477977515193343,10.669736772648585,0.13161005375731688,0.17249244917763998,0.15760136148078413,,
314,10,15.700000000000001,14,0.4009864868801964,-3.9687026272208485,501233.1086002455,1250000.0,5.000000000000001,5.000000000000001,100246.62172004908,50.010697459499525,100246.62172004908,50.010697459499525,52.2981877837359,52.32127684599895,,,,,,0.4309267040787645,-3.655965923012729,538658.3800984556,1250000.0,5.000000000000001,5.000000000000001,107731.67601969109,50.323434163707645,107731.67601969109,50.323434163707645,50.52685073167376,50.546300440089354,1.0103598143774115,1.7313785578468213,0.3177127326224223,0.2904199581580883,0.033128337069076266,0.9257580730796107,-0.33502491994005223,1157197.5913495133,1250000.0,5.000000000000001,5.000000000000001,231439.51826990262,53.64437516678032,231439.51826990262,53.64437516678032,15.959403240129149,15.969598045724206,0.21102756119996352,0.1663077981630336,0.3177127326224223,0.2904199581580883,0.033128337069076266,0.9740750506780563,-0.11407580246997018,1217593.8133475704,1250000.0,5.000000000000001,5.000000000000001,243518.76266951402,53.865324284250406,243518.76266951402,53.865324284250406,9.290722361816847,9.311607480069618,0.11017371255840938,0.1663077981630336,0.05143391042453016,0.15552594095020697,0.010611582294957756,0.9601542928222101,-0.17658972026057998,1200192.8660277626,1250000.0,5.000000000000001,5.000000000000001,240038.5732055525,53.802810366459795,240038.5732055525,53.802810366459795,11.36280263303127,11.649087310005072,0.14539571166153534,0.17291622128931303,0.1694912993402463,,
315,10,15.75,15,0.41259309137204003,-3.844780483069297,515741.36421505007,1250000.0,5.000000000000001,5.000000000000001,103148.27284301,50.134619603651075,103148.27284301,50.134619603651075,51.57162293401359,51.62774536651699,,,,,,0.43343930080490156,-3.6307171288496094,541799.126006127,1250000.0,5.000000000000001,5.000000000000001,108359.82520122538,50.34868295787077,108359.82520122538,50.34868295787077,50.397082422007415,50.42669164436561,1.0269772433491275,1.7244301628216394,0.31730038106316594,0.29015889460324595,0.03299519103743242,0.9263715515917942,-0.33214790378738024,1157964.4394897427,1250000.0,5.000000000000001,5.000000000000001,231592.8878979485,53.647252182933,231592.8878979485,53.647252182933,15.889296511587451,15.896660467955448,0.21063188488419762,0.16553131438016738,0.31730038106316594,0.29015889460324595,0.03299519103743242,0.9744680929657636,-0.11232376429131569,1218085.1162072045,1250000.0,5.000000000000001,5.000000000000001,243617.02324144085,53.86707632242906,243617.02324144085,53.86707632242906,9.21392206229963,9.241115724827214,0.11030783499489685,0.16553131438016738,0.05135948078993567,0.15557164370621984,0.010579032461676496,0.9652274353358461,-0.15370342331391953,1206534.2941698076,1250000.0,5.000000000000001,5.000000000000001,241306.85883396148,53.82569666340646,241306.85883396148,53.82569666340646,10.675677330258086,11.238754017179232,0.14155177400447,0.17441824034760245,0.16637103319186913,,
316,10,15.8,16,0.40259838897525557,-3.951279673026961,503247.98621906945,1250000.0,5.000000000000001,5.000000000000001,100649.59724381387,50.028120413693415,100649.59724381387,50.028120413693415,52.16659136640021,52.19243169026115,,,,,,0.42834963981755236,-3.6820159394421372,535437.0497719405,1250000.0,5.000000000000001,5.000000000000001,107087.40995438807,50.29738414727824,107087.40995438807,50.29738414727824,50.64005745867723,50.63073240689652,1.026863548971405,1.7244225926549208,0.3171441346807079,0.2897621434303503,0.03286246037573177,0.9269059636354253,-0.32964323617945157,1158632.4545442816,1250000.0,5.000000000000001,5.000000000000001,231726.49090885627,53.64975685054092,231726.49090885627,53.64975685054092,15.823710565446877,15.827655864557542,0.2093646544235373,0.1670652174239827,0.3171441346807079,0.2897621434303503,0.03286246037573177,0.9739286421515938,-0.11472861863761946,1217410.8026894922,1250000.0,5.000000000000001,5.000000000000001,243482.1605378984,53.864671468082754,243482.1605378984,53.864671468082754,9.309857802183304,9.325337969889798,0.11087139395248755,0.1670652174239827,0.05129942040214357,0.15560989085978952,0.010546014098595893,0.962022318293952,-0.1681485249495661,1202527.89786744,1250000.0,5.000000000000001,5.000000000000001,240505.57957348795,53.81125156177081,240505.57957348795,53.81125156177081,11.188734020986095,11.430584938318685,0.14361868015197013,0.17354725514088046,0.1649781658177737,,
317,10,15.850000000000001,17,0.4066538472123366,-3.9077511463351247,508317.30901542073,1250000.0,5.000000000000001,5.000000000000001,101663.46180308412,50.07164894038525,101663.46180308412,50.07164894038525,51.95392800639856,51.969147272902475,,,,,,0.4269092921495783,-3.6966439219683167,533636.6151869729,1250000.0,5.000000000000001,5.000000000000001,106727.32303739456,50.28275616475206,106727.32303739456,50.28275616475206,50.73172715523153,50.74039019709141,1.0122998115478972,1.7386432074294143,0.31621709679146937,0.2894522666341947,0.03269691134954356,0.9266018753107754,-0.3310682518153889,1158252.3441384693,1250000.0,5.000000000000001,5.000000000000001,231650.4688276938,53.64833183490498,231650.4688276938,53.64833183490498,15.85487857917559,15.860622678299151,0.20991195428592496,0.16588418815497058,0.31621709679146937,0.2894522666341947,0.03269691134954356,0.9741573938518148,-0.11370868830854254,1217696.7423147685,1250000.0,5.000000000000001,5.000000000000001,243539.34846295367,53.86569139841184,243539.34846295367,53.86569139841184,9.27268034213925,9.291414439742516,0.11033630587649654,0.16588418815497058,0.0512313078597396,0.1556516452973285,0.010513786879926084,0.9664537066808879,-0.14818943926733677,1208067.13335111,1250000.0,5.000000000000001,5.000000000000001,241613.42667022193,53.83121064745304,241613.42667022193,53.83121064745304,10.508343236140837,10.73399540780225,0.13229807573758828,0.17297651038886586,0.147839761767244,,
318,10,15.9,18,0.41132161338164247,-3.858184693729937,514152.0167270531,1250000.0,5.000000000000001,5.000000000000001,102830.4033454106,50.12121539299044,102830.4033454106,50.12121539299044,51.65536234169647,51.64711890396701,,,,,,0.4201716352466746,-3.765732690924686,525214.5440583433,1250000.0,5.000000000000001,5.000000000000001,105042.90881166863,50.21366739579569,105042.90881166863,50.21366739579569,51.15683125765768,51.19058274602823,1.0418000295187793,1.7605929206573134,0.31585285355153936,0.28906342970902965,0.03255341513373987,0.9258964588910624,-0.3343757686716983,1157370.573613828,1250000.0,5.000000000000001,5.000000000000001,231474.11472276557,53.64502431804867,231474.11472276557,53.64502431804867,15.933628888202781,15.939317490244676,0.21130359811101745,0.16642629294379566,0.31585285355153936,0.28906342970902965,0.03255341513373987,0.9745182324807938,-0.11210031157209017,1218147.7906009923,1250000.0,5.000000000000001,5.000000000000001,243629.5581201984,53.86729977514828,243629.5581201984,53.86729977514828,9.21012473943272,9.244826137194469,0.10980426733043898,0.16642629294379566,0.0511609098772232,0.15568954835275448,0.010480977670542433,0.9619269656918535,-0.1685790052049978,1202408.7071148169,1250000.0,5.000000000000001,5.000000000000001,240481.74142296333,53.81082108151538,240481.74142296333,53.81082108151538,11.146400349926015,11.603724267499638,0.14508138282451805,0.17233480314139468,0.17782266897900903,,
319,10,15.950000000000001,19,0.41125375818817445,-3.85890120281049,514067.19773521804,1250000.0,5.000000000000001,5.000000000000001,102813.43954704358,50.12049888390989,102813.43954704358,50.12049888390989,51.65202580002152,51.6413222271967,,,,,,0.44115102984072696,-3.554127026015407,551438.7873009087,1250000.0,5.000000000000001,5.000000000000001,110287.75746018172,50.42527306070497,110287.75746018172,50.42527306070497,49.916080727047614,49.89936910248523,0.999408553902958,1.7123495537506865,0.31569315803182174,0.2887109395879942,0.032424790415572065,0.9258752082114851,-0.3344754467588135,1157344.0102643564,1250000.0,5.000000000000001,5.000000000000001,231468.80205287124,53.644924639961566,231468.80205287124,53.644924639961566,15.937906662815255,15.942189230748511,0.21067804103567517,0.16609578343607007,0.31569315803182174,0.2887109395879942,0.032424790415572065,0.9739167667229737,-0.11478157389881756,1217395.958403717,1250000.0,5.000000000000001,5.000000000000001,243479.19168074336,53.86461851282156,243479.19168074336,53.86461851282156,9.318125310864817,9.34410238578291,0.11010293629955406,0.16609578343607007,0.05109027436976802,0.15571963074210496,0.010447042172915259,0.9600472603569917,-0.17707387369749414,1200059.0754462397,1250000.0,5.000000000000001,5.000000000000001,240011.8150892479,53.80232621302288,240011.8150892479,53.80232621302288,11.385073821141084,11.435792678802597,0.14190312306846128,0.17251111070332562,0.15836141141022,,
320,10,16.0,20,0.3953956908264575,-4.029680681040079,494244.6135330719,1250000.0,5.000000000000001,5.000000000000001,98848.92270661436,49.94971940568029,98848.92270661436,49.94971940568029,52.62575973604447,52.617108533112855,,,,,,0.4325525359541852,-3.63961137472283,540690.6699427315,1250000.0,5.000000000000001,5.000000000000001,108138.13398854628,50.33978871199754,108138.13398854628,50.33978871199754,50.45207752313037,50.49384684205877,1.015947846143321,1.7324010948125228,0.31498424796225044,0.28837251736580943,0.03226924233889247,0.9267450693907981,-0.3303971589140126,1158431.3367384977,1250000.0,5.000000000000001,5.000000000000001,231686.2673476995,53.649002927806364,231686.2673476995,53.649002927806364,15.834495989560699,15.841582530438709,0.20960010390278114,0.164680030135168,0.31498424796225044,0.28837251736580943,0.03226924233889247,0.9745871307499696,-0.11179327698388722,1218233.913437462,1250000.0,5.000000000000001,5.000000000000001,243646.78268749235,53.867606809736486,243646.78268749235,53.867606809736486,9.195385646112229,9.231591833949828,0.10907310903599354,0.164680030135168,0.05103066572542857,0.1557542129878387,0.010414327209410679,0.9646542551062895,-0.1562831567699618,1205817.8188828619,1250000.0,5.000000000000001,5.000000000000001,241163.56377657232,53.823116929950416,241163.56377657232,53.823116929950416,10.785451791334085,11.081785127456614,0.1366776432961,0.172718848759113,0.1630148941053024,,
321,10,16.05,21,0.4072647353756209,-3.9012319338765806,509080.9192195262,1250000.0,5.000000000000001,5.000000000000001,101816.18384390522,50.078168152843794,101816.18384390522,50.078168152843794,51.89002942371659,51.87439249432748,,,,,,0.4298140120910436,-3.667194304578226,537267.5151138045,1250000.0,5.000000000000001,5.000000000000001,107453.50302276088,50.312205782142144,107453.50302276088,50.312205782142144,50.605744838838916,50.578004880621386,1.0088473711990462,1.709536429129901,0.3135857105217605,0.2880448794243932,0.032080011608981496,0.9268953061094347,-0.32969317146436106,1158619.1326367934,1250000.0,5.000000000000001,5.000000000000001,231723.82652735864,53.64970691525602,231723.82652735864,53.64970691525602,15.820653446860273,15.820923631636571,0.20923823345613343,0.16534024395345778,0.3135857105217605,0.2880448794243932,0.032080011608981496,0.9744227289957281,-0.11252594413274344,1218028.4112446602,1250000.0,5.000000000000001,5.000000000000001,243605.682248932,53.86687414258763,243605.682248932,53.86687414258763,9.222768304387643,9.245943388774743,0.10914160289660117,0.16534024395345778,0.05097560584938273,0.15579040477001743,0.010382265506413087,0.9684309081891075,-0.1393135817932773,1210538.6352363843,1250000.0,5.000000000000001,5.000000000000001,242107.72704727683,53.8400865049271,242107.72704727683,53.8400865049271,10.219490008722314,10.480450289626908,0.12929653273878453,0.17277169689263133,0.14715599238973404,,
322,10,16.1,22,0.3948264566472753,-4.035937536950279,493533.0708090941,1250000.0,5.000000000000001,5.000000000000001,98706.61416181881,49.943462549770096,98706.61416181881,49.943462549770096,52.63353859886905,52.6632794500934,,,,,,0.42891299177822295,-3.6763079877808824,536141.2397227787,1250000.0,5.000000000000001,5.000000000000001,107228.24794455571,50.303092098939494,107228.24794455571,50.303092098939494,50.617202622186234,50.61034442890742,1.0113530544142686,1.7269793127597695,0.3128011914771424,0.2874280197556351,0.03189024375267719,0.9275843827700738,-0.32646571950690684,1159480.4784625922,1250000.0,5.000000000000001,5.000000000000001,231896.0956925184,53.65293436721346,231896.0956925184,53.65293436721346,15.743826012540287,15.75359022609614,0.20864956658592476,0.16645919499335451,0.3128011914771424,0.2874280197556351,0.03189024375267719,0.9743468960735898,-0.1128639401608447,1217933.6200919873,1250000.0,5.000000000000001,5.000000000000001,243586.72401839742,53.866536146559525,243586.72401839742,53.866536146559525,9.239598671377452,9.27121755149735,0.11026272891412833,0.16645919499335451,0.05091542983729676,0.15581930441771857,0.010349355555949227,0.9590721556349704,-0.1814871752665961,1198840.194543713,1250000.0,5.000000000000001,5.000000000000001,239768.03890874257,53.79791291145378,239768.03890874257,53.79791291145378,11.539470394936373,11.84740060296455,0.14895967088269496,0.1735032903618081,0.17732854804375164,,
323,10,16.150000000000002,23,0.4067810372728286,-3.9063930058636904,508476.29659103573,1250000.0,5.000000000000001,5.000000000000001,101695.25931820713,50.073007080856684,101695.25931820713,50.073007080856684,51.96450806456689,51.938794801957144,,,,,,0.43246523976006296,-3.6404879406522603,540581.5497000787,1250000.0,5.000000000000001,5.000000000000001,108116.30994001571,50.33891214606811,108116.30994001571,50.33891214606811,50.44558121397821,50.44650455068094,1.0185091670411102,1.7474584804532298,0.31215031886155314,0.28683537172645596,0.0317109915302307,0.9263109264716712,-0.3324321311761019,1157888.658089589,1250000.0,5.000000000000001,5.000000000000001,231577.73161791777,53.64696795554427,231577.73161791777,53.64696795554427,15.897569205497643,15.901890820823349,0.21077792229887532,0.16494756422794188,0.31215031886155314,0.28683537172645596,0.0317109915302307,0.9744676007806804,-0.1123259578297317,1218084.5009758505,1250000.0,5.000000000000001,5.000000000000001,243616.90019517005,53.86707412889065,243616.90019517005,53.86707412889065,9.212370810500836,9.239800877425939,0.10963613017438864,0.16494756422794188,0.05084096155892981,0.15584350199940342,0.01031525322545242,0.9663792350803677,-0.1485241045607683,1207974.0438504596,1250000.0,5.000000000000001,5.000000000000001,241594.80877009188,53.83087598215961,241594.80877009188,53.83087598215961,10.568485551565287,10.928908371883157,0.13631291212544652,0.17341069398730463,0.16329659081045744,,
324,10,16.2,24,0.4000179935264087,-3.9792047288835812,500022.4919080109,1250000.0,5.000000000000001,5.000000000000001,100004.49838160217,50.000195357836795,100004.49838160217,50.000195357836795,52.35983520424152,52.377155290459065,,,,,,0.41710454154559307,-3.797550814141722,521380.67693199136,1250000.0,5.000000000000001,5.000000000000001,104276.13538639825,50.181849272578646,104276.13538639825,50.181849272578646,51.31863618016337,51.31818305684273,1.0221916823938977,1.729530856098999,0.31231511261663036,0.2865447321178842,0.031612124689552636,0.9285995969275532,-0.32171509181773916,1160749.4961594415,1250000.0,5.000000000000001,5.000000000000001,232149.89923188827,53.65768499490264,232149.89923188827,53.65768499490264,15.62387596119803,15.639735561244525,0.20699914028545163,0.1645891523912316,0.31231511261663036,0.2865447321178842,0.031612124689552636,0.9750880412944399,-0.10956169817223303,1218860.0516180499,1250000.0,5.000000000000001,5.000000000000001,243772.01032360992,53.86983838854814,243772.01032360992,53.86983838854814,9.105384885681657,9.139699984155689,0.10783426175690843,0.1645891523912316,0.05078771070660928,0.1558727150096338,0.010282599017860185,0.9623441906543638,-0.16669571031516467,1202930.2383179548,1250000.0,5.000000000000001,5.000000000000001,240586.04766359093,53.81270437640521,240586.04766359093,53.81270437640521,11.116839479088744,11.411096022025996,0.14194180455951455,0.17126054137668925,0.17299464154911987,,
325,10,16.25,25,0.4027647731010613,-3.9494852103014626,503455.9663763266,1250000.0,5.000000000000001,5.000000000000001,100691.19327526531,50.029914876418914,100691.19327526531,50.029914876418914,52.14998120923734,52.13482012138915,,,,,,0.43073733230965705,-3.6578748599580484,538421.6653870713,1250000.0,5.000000000000001,5.000000000000001,107684.33307741424,50.32152522676233,107684.33307741424,50.32152522676233,50.48355315052599,50.4572609419079,0.9973332321664955,1.7136470509929502,0.31171640983541826,0.28604107006154394,0.03144838317944395,0.927083971124046,-0.3288092762012063,1158854.9639050574,1250000.0,5.000000000000001,5.000000000000001,231770.99278101145,53.65059081051917,231770.99278101145,53.65059081051917,15.79475436124154,15.801417437209619,0.20957831290644227,0.16600547250719008,0.31171640983541826,0.28604107006154394,0.03144838317944395,0.9740627586042082,-0.11413060742081113,1217578.4482552602,1250000.0,5.000000000000001,5.000000000000001,243515.689651052,53.86526947929957,243515.689651052,53.86526947929957,9.290802661076288,9.308463240118524,0.11128243351640307,0.16600547250719008,0.050721488386924876,0.1558956354447008,0.010249116517761904,0.9621508456898643,-0.16756834079622776,1202688.5571123303,1250000.0,5.000000000000001,5.000000000000001,240537.71142246603,53.811831745924145,240537.71142246603,53.811831745924145,11.152300631778818,11.612512743391981,0.14454756723311996,0.17231570938604987,0.17782152097390305,,
326,10,16.3,26,0.41567990979627323,-3.81240964850198,519599.88724534155,1250000.0,5.000000000000001,5.000000000000001,103919.97744906829,50.16699043821839,103919.97744906829,50.16699043821839,51.391048012022054,51.38310967522936,,,,,,0.4184733789460608,-3.7833216430048737,523091.723682576,1250000.0,5.000000000000001,5.000000000000001,104618.34473651518,50.1960784437155,104618.34473651518,50.1960784437155,51.2793721532369,51.28818981259801,1.0206598942269969,1.7416213826069709,0.3110601204123029,0.28590827284304215,0.03132615225741694,0.9292724593863441,-0.31856933735401205,1161590.57423293,1250000.0,5.000000000000001,5.000000000000001,232318.114846586,53.66083074936636,232318.114846586,53.66083074936636,15.549914245053813,15.562843406608753,0.20581659292082763,0.1642660613373522,0.3110601204123029,0.28590827284304215,0.03132615225741694,0.9747353004535911,-0.11113305491121278,1218419.125566989,1250000.0,5.000000000000001,5.000000000000001,243683.82511339776,53.86826703180916,243683.82511339776,53.86826703180916,9.168590877967464,9.19483617086695,0.10910251952351131,0.1642660613373522,0.05065389528055238,0.15592659061429637,0.010216987513234138,0.9627225875426725,-0.16498838582606615,1203403.2344283406,1250000.0,5.000000000000001,5.000000000000001,240680.64688566807,53.81441170089431,240680.64688566807,53.81441170089431,11.093546283257805,11.460367478482521,0.14600576759410538,0.17275786158634956,0.18103145268206222,,
327,10,16.35,27,0.4049802366179506,-3.925661702105077,506225.2957724382,1250000.0,5.000000000000001,5.000000000000001,101245.05915448762,50.0537383846153,101245.05915448762,50.0537383846153,52.05344707528874,52.052099870347114,,,,,,0.428872343187578,-3.6767195932935404,536090.4289844725,1250000.0,5.000000000000001,5.000000000000001,107218.08579689449,50.302680493426834,107218.08579689449,50.302680493426834,50.67243405689349,50.73477357382568,1.013014842322871,1.7328705747014055,0.30997479354956303,0.2854783170167275,0.031147271714088404,0.9282587840137724,-0.32330932400041584,1160323.4800172155,1250000.0,5.000000000000001,5.000000000000001,232064.69600344307,53.656090762719955,232064.69600344307,53.656090762719955,15.664487086434884,15.669608321717243,0.2077990153385582,0.1650807347432453,0.30997479354956303,0.2854783170167275,0.031147271714088404,0.9747845369764727,-0.11091368653352746,1218480.6712205908,1250000.0,5.000000000000001,5.000000000000001,243696.13424411812,53.868486400186846,243696.13424411812,53.868486400186846,9.162460943405645,9.185543040550144,0.10965154904901031,0.1650807347432453,0.050562651463327904,0.15595314901144236,0.010184246236824785,0.9689411859318611,-0.13702583527609583,1211176.4824148263,1250000.0,5.000000000000001,5.000000000000001,242235.2964829652,53.84237425144428,242235.2964829652,53.84237425144428,10.105924532523204,10.465440735873605,0.12912321389591527,0.1728957555012123,0.15396166160259098,,
328,10,16.400000000000002,28,0.4011099853574272,-3.9673652642111596,501387.48169678403,1250000.0,5.000000000000001,5.000000000000001,100277.49633935679,50.012034822509214,100277.49633935679,50.012034822509214,52.23833445147947,52.24001387134327,,,,,,0.43201666288803986,-3.644995021184939,540020.8286100498,1250000.0,5.000000000000001,5.000000000000001,108004.16572200994,50.334405065535435,108004.16572200994,50.334405065535435,50.45601508194052,50.446676402922535,1.0118851885760995,1.7378863465084238,0.3092755297207005,0.28496769300414565,0.030979931166140794,0.9290210804896061,-0.31974431284677984,1161276.3506120075,1250000.0,5.000000000000001,5.000000000000001,232255.27012240147,53.659655773873595,232255.27012240147,53.659655773873595,15.57967704556815,15.588844815599298,0.2063051498559702,0.16543812506271877,0.3092755297207005,0.28496769300414565,0.030979931166140794,0.9744358611534845,-0.11246741527202493,1218044.8264418556,1250000.0,5.000000000000001,5.000000000000001,243608.96528837108,53.86693267144835,243608.96528837108,53.86693267144835,9.223845640040668,9.246565419507263,0.11024630202395994,0.16543812506271877,0.050466738742038796,0.15597431757373614,0.010150968574006946,0.963161681460597,-0.1630080376611699,1203952.1018257462,1250000.0,5.000000000000001,5.000000000000001,240790.4203651492,53.8163920490592,240790.4203651492,53.8163920490592,10.95700587950741,11.566433387668486,0.14624367166003138,0.17200672665839387,0.19849046089741343,,
329,10,16.45,29,0.4106943795358612,-3.8648124054362927,513367.97441982647,1250000.0,5.000000000000001,5.000000000000001,102673.59488396527,50.11458768128408,102673.59488396527,50.11458768128408,51.708679230267066,51.694948248164735,,,,,,0.4216932114132439,-3.750033903759333,527116.5142665548,1250000.0,5.000000000000001,5.000000000000001,105423.30285331095,50.229366182961044,105423.30285331095,50.229366182961044,51.066354575901414,51.090837836112044,1.032183438514326,1.741304078910391,0.3085231089124581,0.2843979275663638,0.030803226061225673,0.9277111474581193,-0.3258722485077367,1159638.9343226491,1250000.0,5.000000000000001,5.000000000000001,231927.7868645298,53.65352783821264,231927.7868645298,53.65352783821264,15.728721811616504,15.740754433315399,0.20766651241781126,0.16621791910198286,0.3085231089124581,0.2843979275663638,0.030803226061225673,0.9740638098748755,-0.11412592024024308,1217579.7623435943,1250000.0,5.000000000000001,5.000000000000001,243515.95246871884,53.865274166480134,243515.95246871884,53.865274166480134,9.293845031289342,9.323463812116472,0.10973856806941959,0.16621791910198286,0.05037037166108936,0.1559936445652511,0.010117660850579071,0.9648220608384325,-0.15552774865136598,1206027.5760480405,1250000.0,5.000000000000001,5.000000000000001,241205.51520960807,53.82387233806901,241205.51520960807,53.82387233806901,10.678784133528119,11.161999821026996,0.13944476496729202,0.17375475009723895,0.16532941885630897,,
330,11,16.5,0,0.4022778931713891,-3.95473833045137,502847.3664642364,1250000.0,5.000000000000001,5.000000000000001,100569.47329284727,50.024661756269005,100569.47329284727,50.024661756269005,52.19218362604759,52.17131799484538,,,,,,0.4247980419854101,-3.7181749370834734,530997.5524817626,1250000.0,5.000000000000001,5.000000000000001,106199.51049635251,50.2612251496369,106199.51049635251,50.2612251496369,50.87597226279449,50.897566322867505,1.0141486705545577,1.7269199255414265,0.30721946868973715,0.2836055607959123,0.030572716510024384,0.9278666578217505,-0.3251443103660999,1159833.322277188,1250000.0,5.000000000000001,5.000000000000001,231966.66445543757,53.654255776354276,231966.66445543757,53.654255776354276,15.708363363181366,15.71377468039203,0.20711422918334751,0.16629599156621558,0.30721946868973715,0.2836055607959123,0.030572716510024384,0.973721718606488,-0.11565143061623798,1217152.14825811,1250000.0,5.000000000000001,5.000000000000001,243430.42965162196,53.863748656104136,243430.42965162196,53.863748656104136,9.355331288263917,9.377939824130685,0.11013711939292008,0.16629599156621558,0.05027601011660514,0.1560139794361888,0.010084781574902455,0.9678786159247312,-0.14179105232506978,1209848.269905914,1250000.0,5.000000000000001,5.000000000000001,241969.65398118278,53.83760903439531,241969.65398118278,53.83760903439531,10.301980164699103,10.604939436517073,0.13020956660445798,0.17199157670009768,0.1572258105055256,,
331,11,16.55,1,0.39375972112527013,-4.047687112240623,492199.6514065877,1250000.0,5.000000000000001,5.000000000000001,98439.93028131752,49.93171297447975,98439.93028131752,49.93171297447975,52.728506236412024,52.7843614187067,,,,,,0.43576176454394666,-3.607508791289313,544702.2056799333,1250000.0,5.000000000000001,5.000000000000001,108940.44113598664,50.37189129543107,108940.44113598664,50.37189129543107,50.251497003439155,50.2297378631164,1.0213916967194152,1.737798324147775,0.30679172840973734,0.2831580360380013,0.03042886814344519,0.9299112168178361,-0.3155851368983248,1162389.021022295,1250000.0,5.000000000000001,5.000000000000001,232477.80420445898,53.663814949822054,232477.80420445898,53.663814949822054,15.479984408746597,15.489611897668713,0.20431218263162462,0.16389427679076365,0.30679172840973734,0.2831580360380013,0.03042886814344519,0.9745983376879819,-0.11174333703290129,1218247.9221099773,1250000.0,5.000000000000001,5.000000000000001,243649.58442199542,53.86765674968747,243649.58442199542,53.86765674968747,9.193094748504356,9.222901783849958,0.10833169114031238,0.16389427679076365,0.0501925069400763,0.1560368661364204,0.01005299013310693,0.9679443854068881,-0.1414959496925491,1209930.48175861,1250000.0,5.000000000000001,5.000000000000001,241986.096351722,53.83790413702783,241986.096351722,53.83790413702783,10.246619807847448,10.455567518810641,0.12712589688835046,0.17449174465316433,0.12081914080438412,,
332,11,16.6,2,0.40876285059498374,-3.885285808643462,510953.56324372964,1250000.0,5.000000000000001,5.000000000000001,102190.71264874592,50.094114278076916,102190.71264874592,50.094114278076916,51.84854626909265,51.843472792314174,,,,,,0.4232025154377175,-3.7345175959887817,529003.1442971468,1250000.0,5.000000000000001,5.000000000000001,105800.62885942934,50.24488249073159,105800.62885942934,50.24488249073159,50.99627795678883,50.98924001164282,1.0268884512271501,1.7355588316703177,0.306319037037715,0.2828876688825096,0.030304499612592177,0.9291716937573612,-0.3190402899688821,1161464.6171967015,1250000.0,5.000000000000001,5.000000000000001,232292.92343934026,53.66035979675149,232292.92343934026,53.66035979675149,15.564254288376324,15.576536543265394,0.20616167143910324,0.16473920268409525,0.306319037037715,0.2828876688825096,0.030304499612592177,0.9744548481535081,-0.11238279329400369,1218068.560191885,1250000.0,5.000000000000001,5.000000000000001,243613.71203837698,53.86701729342637,243613.71203837698,53.86701729342637,9.21834009938134,9.245831616782862,0.10983986842958193,0.16473920268409525,0.05014031711466518,0.15606141407249435,0.01002274209420229,0.9668789035289583,-0.14627915598921143,1208598.629411198,1250000.0,5.000000000000001,5.000000000000001,241719.72588223955,53.83312093073116,241719.72588223955,53.83312093073116,10.467867935847163,10.92328089561626,0.1373755332361339,0.17294717767183068,0.15756350618756526,,
333,11,16.650000000000002,3,0.41158988488930454,-3.8553530687058184,514487.3561116307,1250000.0,5.000000000000001,5.000000000000001,102897.47122232612,50.124047018014565,102897.47122232612,50.124047018014565,51.655814819915825,51.67205474931891,,,,,,0.4232562517421481,-3.7339661838839437,529070.3146776851,1250000.0,5.000000000000001,5.000000000000001,105814.06293553702,50.24543390283643,105814.06293553702,50.24543390283643,50.95604519707423,50.9466435056659,1.0113319286282525,1.725821505490553,0.3060031865244429,0.282646741854098,0.030192421019583228,0.9292119473029341,-0.31885214913148097,1161514.9341286677,1250000.0,5.000000000000001,5.000000000000001,232302.9868257335,53.6605479375889,232302.9868257335,53.6605479375889,15.559825601300622,15.574130025288696,0.20576397976574096,0.1665553901600696,0.3060031865244429,0.282646741854098,0.030192421019583228,0.9738845430589791,-0.11492526986401222,1217355.678823724,1250000.0,5.000000000000001,5.000000000000001,243471.13576474474,53.864474816856365,243471.13576474474,53.864474816856365,9.327199041374575,9.357017135989008,0.11089630225466482,0.1665553901600696,0.05009999821479266,0.1560867587897718,0.009993173918513702,0.9562730682277173,-0.19418075202334678,1195341.3352846466,1250000.0,5.000000000000001,5.000000000000001,239068.26705692927,53.785219334697025,239068.26705692927,53.785219334697025,11.896357725408219,12.296870543470101,0.1567532398530681,0.17143705707753004,0.19443106681307765,,
334,11,16.7,4,0.4042858712854625,-3.933114358366883,505357.33910682815,1250000.0,5.000000000000001,5.000000000000001,101071.46782136562,50.046285728353496,101071.46782136562,50.046285728353496,52.10232699783749,52.09550630226098,,,,,,0.42902165738008974,-3.675207837051171,536277.0717251122,1250000.0,5.000000000000001,5.000000000000001,107255.41434502241,50.3041922496692,107255.41434502241,50.3041922496692,50.645040911600844,50.65519067430157,1.0167681822335215,1.7365366672035585,0.3052923586734768,0.2821247636613603,0.030028035372932783,0.929428078328554,-0.31784211479537,1161785.0979106924,1250000.0,5.000000000000001,5.000000000000001,232357.01958213846,53.661557971925006,232357.01958213846,53.661557971925006,15.531846571580676,15.545347363727647,0.20593502844417402,0.1648810586326916,0.3052923586734768,0.2821247636613603,0.030028035372932783,0.9748021699303735,-0.11083512737479045,1218502.7124129669,1250000.0,5.000000000000001,5.000000000000001,243700.54248259333,53.86856495934558,243700.54248259333,53.86856495934558,9.151410170427088,9.181493839999892,0.1093266563390631,0.1648810586326916,0.05005865464651256,0.15610652690637128,0.009962905654507774,0.9659341610360788,-0.1505247448842251,1207417.7012950985,1250000.0,5.000000000000001,5.000000000000001,241483.54025901968,53.82887534183615,241483.54025901968,53.82887534183615,10.598111768990936,10.837009693318162,0.13384043776578425,0.17271912875631917,0.14811411694428345,,
335,11,16.75,5,0.40600257042462307,-3.9147121687183004,507503.2130307788,1250000.0,5.000000000000001,5.000000000000001,101500.64260615574,50.06468791800208,101500.64260615574,50.06468791800208,51.97826288212235,52.03098446731715,,,,,,0.43052025851287956,-3.6600640761718055,538150.3231410994,1250000.0,5.000000000000001,5.000000000000001,107630.06462821986,50.31933601054857,107630.06462821986,50.31933601054857,50.55631847621391,50.532765070914344,1.0069795511274395,1.7346114807713158,0.30526445243704387,0.281535069579903,0.029892607500240566,0.9296714080544947,-0.3167052551637415,1162089.2600681183,1250000.0,5.000000000000001,5.000000000000001,232417.85201362363,53.66269483155663,232417.85201362363,53.66269483155663,15.505170370164738,15.512665604890344,0.20526188244016835,0.1650849740051541,0.30526445243704387,0.281535069579903,0.029892607500240566,0.9744626886551345,-0.11234784993157401,1218078.360818918,1250000.0,5.000000000000001,5.000000000000001,243615.67216378357,53.8670522367888,243615.67216378357,53.8670522367888,9.218420179414323,9.238447410141534,0.10979574815258694,0.1650849740051541,0.050017395873938955,0.15612162913629093,0.009932150820670971,0.9634031642943355,-0.16191931580529983,1204253.9553679193,1250000.0,5.000000000000001,5.000000000000001,240850.79107358382,53.817480770915076,240850.79107358382,53.817480770915076,10.950700577859465,11.258873109995358,0.1416151459681546,0.17234198352742405,0.16503816123957432,,
336,11,16.8,6,0.4048425752582635,-3.9271382119929807,506053.21907282935,1250000.0,5.000000000000001,5.000000000000001,101210.64381456585,50.05226187472739,101210.64381456585,50.05226187472739,52.08063336168245,52.10549840896967,,,,,,0.4173699203394863,-3.794788535487274,521712.40042435785,1250000.0,5.000000000000001,5.000000000000001,104342.48008487155,50.184611551233104,104342.48008487155,50.184611551233104,51.349945147125425,51.326015107077595,1.0088491945469882,1.7393177279759346,0.3046159075261345,0.2813536885429947,0.029772314972667392,0.9297040178947527,-0.31655292149853753,1162130.0223684409,1250000.0,5.000000000000001,5.000000000000001,232426.00447368814,53.66284716522184,232426.00447368814,53.66284716522184,15.499198126983075,15.507085558901938,0.20518413928450766,0.16589614842615816,0.3046159075261345,0.2813536885429947,0.029772314972667392,0.9743855173150073,-0.1126917975729877,1217981.8966437592,1250000.0,5.000000000000001,5.000000000000001,243596.3793287518,53.86670828914739,243596.3793287518,53.86670828914739,9.232165814606862,9.252360864665274,0.10995195864820546,0.16589614842615816,0.04996742831355967,0.1561417620983259,0.009902463000296293,0.9650277788844239,-0.1546018505767962,1206284.7236055299,1250000.0,5.000000000000001,5.000000000000001,241256.94472110595,53.82479823614358,241256.94472110595,53.82479823614358,10.756945024281928,10.968950454928768,0.13554832215535628,0.17255285294644224,0.15338237834914348,,
337,11,16.85,7,0.40387089573000684,-3.9375744239644064,504838.61966250854,1250000.0,5.000000000000001,5.000000000000001,100967.72393250169,50.04182566275597,100967.72393250169,50.04182566275597,52.0775384276338,52.07023128982904,,,,,,0.4308661614991282,-3.656576123197708,538582.7018739103,1250000.0,5.000000000000001,5.000000000000001,107716.54037478204,50.322823963522666,107716.54037478204,50.322823963522666,50.5218789709233,50.51363836140063,0.9937504461690491,1.7196755666084442,0.3044300576928217,0.28149243206909436,0.029712709584044334,0.9295047885147946,-0.31748368538457017,1161880.9856434932,1250000.0,5.000000000000001,5.000000000000001,232376.1971286986,53.6619164013358,232376.1971286986,53.6619164013358,15.527207774446532,15.537854391598268,0.20489701826352383,0.16483900144033004,0.3044300576928217,0.28149243206909436,0.029712709584044334,0.9739251068022968,-0.11474438350386884,1217406.383502871,1250000.0,5.000000000000001,5.000000000000001,243481.27670057418,53.864655703216506,243481.27670057418,53.864655703216506,9.313729617231829,9.342623739198853,0.10996159061331574,0.16483900144033004,0.04991662127838728,0.15616572422881334,0.0098737285201374,0.9439013044733353,-0.2507341371405168,1179876.6305916691,1250000.0,5.000000000000001,5.000000000000001,235975.3261183338,53.72866594957986,235975.3261183338,53.72866594957986,13.295206957474395,13.69526696627869,0.17657868428954004,0.17252491693516048,0.22451481184783031,,
338,11,16.900000000000002,8,0.40727421776738004,-3.9011308177691055,509092.77220922505,1250000.0,5.000000000000001,5.000000000000001,101818.55444184499,50.07826926895127,101818.55444184499,50.07826926895127,51.88865817858402,51.88113243911107,,,,,,0.42867326038327785,-3.6787360589961837,535841.5754790973,1250000.0,5.000000000000001,5.000000000000001,107168.31509581945,50.300664027724196,107168.31509581945,50.300664027724196,50.64443322565835,50.65111554462543,1.0246339454758635,1.7339005696601704,0.30455833262255433,0.28122026838742664,0.029622818395997196,0.9295325108619595,-0.3173541596090079,1161915.6385774494,1250000.0,5.000000000000001,5.000000000000001,232383.12771548983,53.662045927111365,232383.12771548983,53.662045927111365,15.51756651362847,15.525769517251783,0.20610554568516473,0.16619353174165563,0.30455833262255433,0.28122026838742664,0.029622818395997196,0.9745982702489879,-0.11174363755038441,1218247.8378112349,1250000.0,5.000000000000001,5.000000000000001,243649.56756224693,53.86765644916999,243649.56756224693,53.86765644916999,9.189149398165195,9.219281187894461,0.1103257102778499,0.16619353174165563,0.049865767110953065,0.15618371903409242,0.009844172905313118,0.9628672776321422,-0.16433572236228808,1203584.0970401778,1250000.0,5.000000000000001,5.000000000000001,240716.81940803552,53.81506436435809,240716.81940803552,53.81506436435809,11.046806659174273,11.137466721237061,0.13965477523819886,0.17416788432843858,0.15354238721752503,,
339,11,16.95,9,0.3958629115873483,-4.024551854099072,494828.63948418543,1250000.0,5.000000000000001,5.000000000000001,98965.72789683707,49.95484823262131,98965.72789683707,49.95484823262131,52.57334475877108,52.57141460527904,,,,,,0.42569865782478766,-3.708977190974874,532123.3222809846,1250000.0,5.000000000000001,5.000000000000001,106424.6644561969,50.2704228957455,106424.6644561969,50.2704228957455,50.80494649351219,50.80951665966901,1.0315208386860717,1.7441992144209177,0.3043364637028144,0.2808064203887359,0.02949918644016706,0.9292111022944827,-0.3188560985283386,1161513.8778681033,1250000.0,5.000000000000001,5.000000000000001,232302.77557362063,53.66054398819203,232302.77557362063,53.66054398819203,15.557300875971729,15.56191435607516,0.20531249764347298,0.16511893285322138,0.3043364637028144,0.2808064203887359,0.02949918644016706,0.9739437614204977,-0.11466119928259966,1217429.701775622,1250000.0,5.000000000000001,5.000000000000001,243485.9403551244,53.86473888743778,243485.9403551244,53.86473888743778,9.314271096208213,9.341168613502466,0.10949420130393475,0.16511893285322138,0.04981174518880668,0.156195782059426,0.009813704582083489,0.9666608868704876,-0.14725853518387014,1208326.1085881095,1250000.0,5.000000000000001,5.000000000000001,241665.22171762187,53.83214155153651,241665.22171762187,53.83214155153651,10.451973851423588,10.699358344903406,0.13159200800794907,0.17310932556318379,0.141074384480254,,
340,11,17.0,10,0.402955225089079,-3.947432083925306,503694.03136134875,1250000.0,5.000000000000001,5.000000000000001,100738.80627226974,50.03196800279507,100738.80627226974,50.03196800279507,52.097602943433344,52.074798073529905,,,,,,0.43222671910925486,-3.6428838969007433,540283.3988865686,1250000.0,5.000000000000001,5.000000000000001,108056.67977731371,50.33651618981963,108056.67977731371,50.33651618981963,50.457384863949635,50.451945953285474,1.0203153524596336,1.7320306390999338,0.3038208648701807,0.28060988385174535,0.029386502162655433,0.9300926431924696,-0.31473790775736465,1162615.8039905871,1250000.0,5.000000000000001,5.000000000000001,232523.16079811737,53.66466217896301,232523.16079811737,53.66466217896301,15.452370895443527,15.458699958434954,0.20434433197301427,0.16608584557612194,0.3038208648701807,0.28060988385174535,0.029386502162655433,0.9743976546355366,-0.11263770051994557,1217997.0682944208,1250000.0,5.000000000000001,5.000000000000001,243599.41365888412,53.866762386200435,243599.41365888412,53.866762386200435,9.230465140663684,9.260493127319561,0.10913311806984347,0.16608584557612194,0.0497507544471769,0.15621130843440706,0.00978440704911324,0.9619441847322451,-0.16850126471573204,1202430.2309153064,1250000.0,5.000000000000001,5.000000000000001,240486.04618306123,53.81089882200464,240486.04618306123,53.81089882200464,11.151144271659446,11.429098255686759,0.14209419850661015,0.17133363276145638,0.15996047051500484,,
341,11,17.05,11,0.4069542207704446,-3.9045444282639497,508692.7759630557,1250000.0,5.000000000000001,5.000000000000001,101738.55519261112,50.07485565845642,101738.55519261112,50.07485565845642,51.91555737376244,51.92962743358559,,,,,,0.4203674157624051,-3.7637095511530956,525459.2697030064,1250000.0,5.000000000000001,5.000000000000001,105091.85394060126,50.21569053556728,105091.85394060126,50.21569053556728,51.173915073038856,51.20763559349251,1.0155686097934156,1.7228509589299246,0.3032719634850635,0.2804526922503133,0.02927656207353051,0.9299635651176754,-0.31534066261452826,1162454.4563970943,1250000.0,5.000000000000001,5.000000000000001,232490.8912794188,53.664059424105844,232490.8912794188,53.664059424105844,15.46150978404788,15.466793495158038,0.20495583546725604,0.1645593090188757,0.3032719634850635,0.2804526922503133,0.02927656207353051,0.9746562353441526,-0.11148534474246025,1218320.2941801907,1250000.0,5.000000000000001,5.000000000000001,243664.05883603808,53.86791474197792,243664.05883603808,53.86791474197792,9.18151217233768,9.205277636691047,0.10924456612136986,0.1645593090188757,0.04969117834850277,0.1562291617080906,0.00975586664900261,0.9615946702232677,-0.17007952474280114,1201993.3377790847,1250000.0,5.000000000000001,5.000000000000001,240398.6675558169,53.80932056197757,240398.6675558169,53.80932056197757,11.204711793817063,11.475137539909918,0.14308077542783393,0.17390316756861843,0.1594076282181877,,
342,11,17.1,12,0.4025115333234209,-3.952216711049112,503139.4166542761,1250000.0,5.000000000000001,5.000000000000001,100627.8833308552,50.02718337567126,100627.8833308552,50.02718337567126,52.15747598670028,52.18292233693745,,,,,,0.4348665207238205,-3.616440262840369,543583.1509047756,1250000.0,5.000000000000001,5.000000000000001,108716.6301809551,50.362959823880004,108716.6301809551,50.362959823880004,50.262274445555036,50.254791636761915,1.0225897634852403,1.7391287892930976,0.3025372848502524,0.2799828438689487,0.029123375113264655,0.9297953226132859,-0.3161264288980965,1162244.1532666073,1250000.0,5.000000000000001,5.000000000000001,232448.83065332143,53.66327365782227,232448.83065332143,53.66327365782227,15.49186302373223,15.497751763770449,0.20462676643353164,0.16538407711072708,0.3025372848502524,0.2799828438689487,0.029123375113264655,0.9740689508025806,-0.11410299904535065,1217586.1885032258,1250000.0,5.000000000000001,5.000000000000001,243517.2377006451,53.86529708767503,243517.2377006451,53.86529708767503,9.289937308334947,9.303271416148332,0.10950296841724552,0.16538407711072708,0.0496199330254378,0.15624222683388833,0.009726540905527383,0.9652974513103414,-0.15338840482757884,1206621.8141379268,1250000.0,5.000000000000001,5.000000000000001,241324.3628275853,53.826011681892794,241324.3628275853,53.826011681892794,10.620051538194954,10.829447435298125,0.133562229338422,0.17331975199866495,0.14744799157579286,,
343,11,17.150000000000002,13,0.3984396030210279,-3.996375012756923,498049.50377628487,1250000.0,5.000000000000001,5.000000000000001,99609.90075525695,49.983025073963454,99609.90075525695,49.983025073963454,52.42529542677528,52.41702785629019,,,,,,0.4289447343963813,-3.675986590805766,536180.9179954766,1250000.0,5.000000000000001,5.000000000000001,107236.18359909531,50.303413495914604,107236.18359909531,50.303413495914604,50.64439634096378,50.72535478312883,0.9979031668460102,1.7288554760876362,0.3020078522677209,0.2799006848765215,0.029025107231463974,0.9306296488110233,-0.31223115449959904,1163287.0610137791,1250000.0,5.000000000000001,5.000000000000001,232657.41220275578,53.667168932220775,232657.41220275578,53.667168932220775,15.389527725953315,15.400134263587296,0.20360224483253636,0.165263530453043,0.3020078522677209,0.2799006848765215,0.029025107231463974,0.9741073615500179,-0.11393174580144069,1217634.2019375223,1250000.0,5.000000000000001,5.000000000000001,243526.8403875044,53.86546834091894,243526.8403875044,53.86546834091894,9.281528871397237,9.311571042643985,0.11049676265221202,0.165263530453043,0.04954112845160027,0.1562555245937666,0.009697397217901155,0.966513337389037,-0.14792148552659617,1208141.6717362963,1250000.0,5.000000000000001,5.000000000000001,241628.33434725922,53.83147860119378,241628.33434725922,53.83147860119378,10.448210345948286,10.69933034913988,0.13129404809148032,0.17400063600699672,0.1418756828520264,,
344,11,17.2,14,0.4030370506391322,-3.946550279320993,503796.3132989152,1250000.0,5.000000000000001,5.000000000000001,100759.26265978302,50.03284980739938,100759.26265978302,50.03284980739938,52.16298605634955,52.1343526893051,,,,,,0.42799798299617126,-3.685582776590169,534997.4787452141,1250000.0,5.000000000000001,5.000000000000001,106999.49574904279,50.29381731013021,106999.49574904279,50.29381731013021,50.696427170286285,50.67752723403145,1.0298727651649968,1.7376050137033705,0.30158509579388737,0.27973471151266394,0.028923032960122108,0.9300755755927984,-0.3148176033922207,1162594.469490998,1250000.0,5.000000000000001,5.000000000000001,232518.89389819955,53.664582483328154,232518.89389819955,53.664582483328154,15.46249441859707,15.470704024391893,0.20396211582908444,0.16452110443346185,0.30158509579388737,0.27973471151266394,0.028923032960122108,0.9739212614789892,-0.11476153067441419,1217401.5768487365,1250000.0,5.000000000000001,5.000000000000001,243480.31536974726,53.86463855604596,243480.31536974726,53.86463855604596,9.318800992891607,9.34112321201068,0.10964315643505489,0.16452110443346185,0.04944773271943535,0.15626857872382613,0.009668316325256951,0.9675328752531923,-0.1433426941139146,1209416.0940664904,1250000.0,5.000000000000001,5.000000000000001,241883.21881329804,53.836057392606456,241883.21881329804,53.836057392606456,10.32732300822446,10.593511555438246,0.13004406887576042,0.17445678347750415,0.14413812376302307,,
345,11,17.25,15,0.40510918808620006,-3.9242790668092873,506386.48510775005,1250000.0,5.000000000000001,5.000000000000001,101277.29702155,50.055121019911084,101277.29702155,50.055121019911084,52.02954453836868,52.02614490703314,,,,,,0.41853087634464425,-3.782724972132294,523163.59543080535,1250000.0,5.000000000000001,5.000000000000001,104632.71908616106,50.196675114588075,104632.71908616106,50.196675114588075,51.230440311361974,51.203979235706036,1.0018323161936322,1.7283974670751152,0.30131305294297983,0.2793797249604274,0.02880719880031733,0.9305848322144169,-0.31244030396416667,1163231.0402680212,1250000.0,5.000000000000001,5.000000000000001,232646.2080536042,53.66695978275621,232646.2080536042,53.66695978275621,15.397528007355012,15.409542963856202,0.20317926310200213,0.1648204319031747,0.30131305294297983,0.2793797249604274,0.02880719880031733,0.9735226369119245,-0.11653945559834254,1216903.2961399057,1250000.0,5.000000000000001,5.000000000000001,243380.6592279811,53.86286063112203,243380.6592279811,53.86286063112203,9.387914358407896,9.414548509609173,0.11115596626081689,0.1648204319031747,0.049367318837758786,0.1562761203462052,0.009638463776886964,0.9674394320173135,-0.1437621510910755,1209299.2900216419,1250000.0,5.000000000000001,5.000000000000001,241859.85800432833,53.83563793562929,241859.85800432833,53.83563793562929,10.380482461883263,10.6465357194185,0.13219102085689438,0.17333886858885633,0.14270897677499345,,
346,11,17.3,16,0.4131823404231885,-3.8385824867385328,516477.9255289856,1250000.0,5.000000000000001,5.000000000000001,103295.5851057971,50.140817599981844,103295.5851057971,50.140817599981844,51.51742860403057,51.49228175252275,,,,,,0.42392846450352056,-3.7270742192722626,529910.5806294007,1250000.0,5.000000000000001,5.000000000000001,105982.11612588011,50.25232586744811,105982.11612588011,50.25232586744811,50.903404424741424,50.87500152125479,1.001017888070191,1.7184997011451775,0.3017193676847557,0.2793350633723445,0.028759924374145956,0.9301992467662309,-0.31424016496617946,1162749.0584577885,1250000.0,5.000000000000001,5.000000000000001,232549.81169155767,53.665159921754196,232549.81169155767,53.665159921754196,15.446602487136833,15.462512803367261,0.20418646374523602,0.16559209250177812,0.3017193676847557,0.2793350633723445,0.028759924374145956,0.973913349526829,-0.11479681208018516,1217391.6869085361,1250000.0,5.000000000000001,5.000000000000001,243478.33738170718,53.86460327464019,243478.33738170718,53.86460327464019,9.321307682789314,9.356961480674574,0.11077919795578099,0.16559209250177812,0.049288158601087345,0.156280818038737,0.009608368201183395,0.9616254318866033,-0.16994059503187206,1202031.7898582541,1250000.0,5.000000000000001,5.000000000000001,240406.35797165078,53.80945949168851,240406.35797165078,53.80945949168851,11.263723738866993,11.738465673602798,0.14649679395494591,0.1725380800482514,0.19814872114861068,,
347,11,17.35,17,0.40628870953701113,-3.911652462286076,507860.8869212639,1250000.0,5.000000000000001,5.000000000000001,101572.17738425276,50.067747624434304,101572.17738425276,50.067747624434304,51.95244355211605,51.95344196011981,,,,,,0.4219864515348628,-3.747014924461549,527483.0644185785,1250000.0,5.000000000000001,5.000000000000001,105496.61288371569,50.23238516225882,105496.61288371569,50.23238516225882,51.084317645757764,51.08809433296016,0.996856704340054,1.7258037966541315,0.30133800042423425,0.27895763490969927,0.028637788123298806,0.9313073618430181,-0.30906963999698217,1164134.2023037726,1250000.0,5.000000000000001,5.000000000000001,232826.84046075447,53.67033044672339,232826.84046075447,53.67033044672339,15.310616039640715,15.313198888936952,0.2021619679999334,0.16434078050650947,0.30133800042423425,0.27895763490969927,0.028637788123298806,0.9743399926335232,-0.1128947108910678,1217924.990791904,1250000.0,5.000000000000001,5.000000000000001,243584.99815838077,53.866505375829306,243584.99815838077,53.866505375829306,9.236520827724567,9.247850379028986,0.1093022393701463,0.16434078050650947,0.04920875371242582,0.15628542740893542,0.009578578127686595,0.9593569642502312,-0.18019767429277436,1199196.205312789,1250000.0,5.000000000000001,5.000000000000001,239839.24106255776,53.799202412427604,239839.24106255776,53.799202412427604,11.496350347586823,11.832660891916552,0.1483821397477456,0.17405262390565554,0.1691964953672817,,
348,11,17.400000000000002,18,0.4033817016256608,-3.942838063296132,504227.127032076,1250000.0,5.000000000000001,5.000000000000001,100845.42540641519,50.03656202342424,100845.42540641519,50.03656202342424,52.11470180049273,52.1607055201359,,,,,,0.4305166931872027,-3.6601000421373686,538145.8664840034,1250000.0,5.000000000000001,5.000000000000001,107629.17329680065,50.319300044583,107629.17329680065,50.319300044583,50.576549500204756,50.56194424050479,1.0079699254721088,1.7407427638306925,0.30109475586527623,0.27862513608254846,0.028528496045602324,0.9315178527229797,-0.30808817348759043,1164397.3159037246,1250000.0,5.000000000000001,5.000000000000001,232879.46318074487,53.671311913232785,232879.46318074487,53.671311913232785,15.28962692403567,15.300079521623385,0.20181247480395875,0.16385798976287913,0.30109475586527623,0.27862513608254846,0.028528496045602324,0.9744393723972749,-0.11245176610396602,1218049.2154965936,1250000.0,5.000000000000001,5.000000000000001,243609.84309931868,53.866948320616416,243609.84309931868,53.866948320616416,9.219378221947245,9.251690378534079,0.10928950049455395,0.16385798976287913,0.04913363841087508,0.15629427933732856,0.009549720444813255,0.963377249924157,-0.16203613729557612,1204221.5624051963,1250000.0,5.000000000000001,5.000000000000001,240844.3124810392,53.817363949424795,240844.3124810392,53.817363949424795,10.892404249615058,11.158549315099123,0.13883867129214572,0.17376518896657708,0.15357686235634818,,
349,11,17.45,19,0.4082028504351987,-3.891239669791946,510253.5630439984,1250000.0,5.000000000000001,5.000000000000001,102050.71260879966,50.08816041692843,102050.71260879966,50.08816041692843,51.85614786753142,51.829632196601395,,,,,,0.4301157925088398,-3.664146112158923,537644.7406360498,1250000.0,5.000000000000001,5.000000000000001,107528.94812720994,50.31525397456146,107528.94812720994,50.31525397456146,50.55896669124644,50.57781958130309,1.0030083703378583,1.73161951278824,0.3012987759754763,0.27830243677919525,0.0284416744113078,0.9326653305291317,-0.3027416673423334,1165831.6631614147,1250000.0,5.000000000000001,5.000000000000001,233166.3326322829,53.67665841937804,233166.3326322829,53.67665841937804,15.157335774401181,15.175618292999086,0.2001994218265882,0.16467956784878116,0.3012987759754763,0.27830243677919525,0.0284416744113078,0.9747650615771666,-0.11100045589254323,1218456.3269714583,1250000.0,5.000000000000001,5.000000000000001,243691.2653942916,53.86839963082784,243691.2653942916,53.86839963082784,9.163684180708715,9.194705568292147,0.10871084951782581,0.16467956784878116,0.04906852939152818,0.1562967645650227,0.00952029870946403,0.9630433575900225,-0.1635415987628262,1203804.1969875281,1250000.0,5.000000000000001,5.000000000000001,240760.8393975056,53.81585848795755,240760.8393975056,53.81585848795755,10.93025601672453,11.16560587247324,0.13827276734643187,0.173320350291864,0.1598000106904196,,
350,11,17.5,20,0.40686775633158373,-3.905467259789172,508584.69541447965,1250000.0,5.000000000000001,5.000000000000001,101716.93908289591,50.0739328269312,101716.93908289591,50.0739328269312,51.91515495921757,51.890535123070734,,,,,,0.4332840700338509,-3.632272777867,541605.0875423136,1250000.0,5.000000000000001,5.000000000000001,108321.0175084627,50.34712730885338,108321.0175084627,50.34712730885338,50.36225803388933,50.347067403697146,1.0083555418663281,1.7317681164613383,0.30072436584431594,0.2783396174465434,0.028356836327720257,0.9317547028935182,-0.30698406531676276,1164693.3786168979,1250000.0,5.000000000000001,5.000000000000001,232938.67572337954,53.67241602140361,232938.67572337954,53.67241602140361,15.264554761371002,15.27340301712575,0.20124601590220675,0.16366790563436903,0.30072436584431594,0.2783396174465434,0.028356836327720257,0.9745619096701119,-0.11190566834630543,1218202.38708764,1250000.0,5.000000000000001,5.000000000000001,243640.47741752793,53.867494418374065,243640.47741752793,53.867494418374065,9.201453518426206,9.2243494527937,0.10838501619014565,0.16366790563436903,0.049002357178336856,0.15630724791177283,0.009492393238549774,0.962351097938752,-0.16666453867451597,1202938.87242344,1250000.0,5.000000000000001,5.000000000000001,240587.77448468795,53.81273554804586,240587.77448468795,53.81273554804586,11.108841836831203,11.37542994260121,0.1406996471141811,0.17402629551828858,0.1540860178679523,,
351,11,17.55,21,0.399182177283651,-3.988288573650153,498977.72160456376,1250000.0,5.000000000000001,5.000000000000001,99795.54432091274,49.99111151307022,99795.54432091274,49.99111151307022,52.36911285601286,52.36667114737493,,,,,,0.4223775120349669,-3.742992122997811,527971.8900437086,1250000.0,5.000000000000001,5.000000000000001,105594.37800874171,50.23640796372256,105594.37800874171,50.23640796372256,50.99655969398646,50.99826294840483,0.9969028953457759,1.7119697020868028,0.2996054397635097,0.27768843196382564,0.028171347485482952,0.9322365180883566,-0.304738886447674,1165295.6476104457,1250000.0,5.000000000000001,5.000000000000001,233059.12952208912,53.6746612002727,233059.12952208912,53.6746612002727,15.208503716493405,15.214543007911558,0.2006047325200743,0.16499747280367177,0.2996054397635097,0.27768843196382564,0.028171347485482952,0.9742298835711848,-0.11338552991496816,1217787.354463981,1250000.0,5.000000000000001,5.000000000000001,243557.47089279615,53.86601455680541,243557.47089279615,53.86601455680541,9.259548952286712,9.275989351709988,0.10977841413982788,0.16499747280367177,0.04893294293191453,0.15630972517606073,0.009463651283433537,0.9663227908895198,-0.1487777742966959,1207903.4886118998,1250000.0,5.000000000000001,5.000000000000001,241580.6977223799,53.830622312423685,241580.6977223799,53.830622312423685,10.497869144457585,10.79080734986736,0.13408109933117227,0.17311761358657987,0.16424410362008746,,
352,11,17.6,22,0.41128348255006625,-3.858587317293484,514104.3531875828,1250000.0,5.000000000000001,5.000000000000001,102820.87063751655,50.12081276942689,102820.87063751655,50.12081276942689,51.67693398166066,51.70421084684892,,,,,,0.4347738313616437,-3.6173660358586153,543467.2892020546,1250000.0,5.000000000000001,5.000000000000001,108693.4578404109,50.36203405086176,108693.4578404109,50.36203405086176,50.28106851182974,50.24856702823947,1.0026245283047486,1.7342580034535415,0.2996203850921688,0.27739899263815343,0.028081023083771806,0.9322888560373792,-0.30449507016310046,1165361.070046724,1250000.0,5.000000000000001,5.000000000000001,233072.21400934478,53.674905016557275,233072.21400934478,53.674905016557275,15.198303389649459,15.21207199368125,0.20069852523649714,0.16510727318625942,0.2996203850921688,0.27739899263815343,0.028081023083771806,0.974425064392866,-0.11251553541746578,1218031.3304910825,1250000.0,5.000000000000001,5.000000000000001,243606.26609821647,53.86688455130291,243606.26609821647,53.86688455130291,9.229054931261238,9.24915107220059,0.1094693656973712,0.16510727318625942,0.048871140168518054,0.15631438314911944,0.009435556803711755,0.9597635003714656,-0.17835770228432424,1199704.375464332,1250000.0,5.000000000000001,5.000000000000001,239940.87509286636,53.80104238443606,239940.87509286636,53.80104238443606,11.402316722528745,11.821181786658062,0.1490813807940587,0.1712466146979627,0.19219020905997064,,
353,11,17.650000000000002,23,0.405691587016638,-3.9180399833495017,507114.4837707975,1250000.0,5.000000000000001,5.000000000000001,101422.89675415948,50.06136010337087,101422.89675415948,50.06136010337087,51.99458961350572,51.98175809542035,,,,,,0.4191184454478167,-3.7766322539874144,523898.0568097709,1250000.0,5.000000000000001,5.000000000000001,104779.61136195416,50.20276783273296,104779.61136195416,50.20276783273296,51.196719469788036,51.18161491223832,1.0159853146773556,1.7416896988755457,0.2996200701264543,0.27706173755783614,0.027985726400916754,0.9319984895881284,-0.3058479147013107,1164998.1119851605,1250000.0,5.000000000000001,5.000000000000001,232999.62239703207,53.67355217201906,232999.62239703207,53.67355217201906,15.231020729651314,15.241406775115507,0.20129339026116755,0.16517237586018657,0.2996200701264543,0.27706173755783614,0.027985726400916754,0.9745993245444688,-0.11173893946630221,1218249.1556805861,1250000.0,5.000000000000001,5.000000000000001,243649.8311361172,53.867661147254076,243649.8311361172,53.867661147254076,9.194410539452296,9.213618684141972,0.10897216351821637,0.16517237586018657,0.048804422725789595,0.15631661378893297,0.00940709137284414,0.9634333069372369,-0.1617834372948128,1204291.6336715461,1250000.0,5.000000000000001,5.000000000000001,240858.32673430917,53.81761664942556,240858.32673430917,53.81761664942556,10.990036943684572,11.536237187801337,0.14299579907457693,0.17205414522421586,0.1797010983180131,,
354,11,17.7,24,0.3977995231209522,-4.0033574184019844,497249.4039011902,1250000.0,5.000000000000001,5.000000000000001,99449.88078023802,49.97604266831839,99449.88078023802,49.97604266831839,52.46346046812628,52.45959353122406,,,,,,0.42406449186283446,-3.725680907415105,530080.614828543,1250000.0,5.000000000000001,5.000000000000001,106016.1229657086,50.25371917930527,106016.1229657086,50.25371917930527,50.90443088131599,50.87767412922115,1.0195884932572459,1.7423367187560668,0.2994201278323568,0.2767528468584139,0.027883698190885958,0.9319336936584484,-0.3061498625401225,1164917.1170730605,1250000.0,5.000000000000001,5.000000000000001,232983.42341461204,53.67325022418025,232983.42341461204,53.67325022418025,15.243811269619778,15.25390958682552,0.20090219720581529,0.16593550935559126,0.2994201278323568,0.2767528468584139,0.027883698190885958,0.9742166391962637,-0.1134445714013767,1217770.7989953295,1250000.0,5.000000000000001,5.000000000000001,243554.15979906588,53.865955515319,243554.15979906588,53.865955515319,9.261279438938036,9.280063486537086,0.10919651471290104,0.16593550935559126,0.04873679702891427,0.15632145850855148,0.00937912149747178,0.9714148784096108,-0.12595249059699248,1214268.5980120136,1250000.0,5.000000000000001,5.000000000000001,242853.71960240268,53.85344759612338,242853.71960240268,53.85344759612338,9.708519776764222,9.920330391559194,0.12024288424852467,0.17323896025828406,0.10826911939519863,,
355,11,17.75,25,0.4033007047000924,-3.943710191352176,504125.88087511546,1250000.0,5.000000000000001,5.000000000000001,100825.17617502308,50.0356898953682,100825.17617502308,50.0356898953682,52.12992845468322,52.12914044444085,,,,,,0.4316194416831253,-3.6489900137203573,539524.3021039066,1250000.0,5.000000000000001,5.000000000000001,107904.8604207813,50.33041007300001,107904.8604207813,50.33041007300001,50.454313970737104,50.47471968270747,1.0118399540246763,1.7304052729733619,0.298877566719215,0.27627417914108043,0.02774742442382258,0.9320241087689635,-0.30572853558135715,1165030.1359612043,1250000.0,5.000000000000001,5.000000000000001,233006.0271922408,53.67367155113902,233006.0271922408,53.67367155113902,15.233165039930748,15.248829133184794,0.20084434186709205,0.16408466230186952,0.298877566719215,0.27627417914108043,0.02774742442382258,0.9742476314819928,-0.11330641358265342,1217809.539352491,1250000.0,5.000000000000001,5.000000000000001,243561.90787049817,53.866093673137726,243561.90787049817,53.866093673137726,9.25534380654683,9.280709760601033,0.10911233343131936,0.16408466230186952,0.048682960465855254,0.15632319485676724,0.009351086939837727,0.9644950106222373,-0.15700014639936075,1205618.7632777966,1250000.0,5.000000000000001,5.000000000000001,241123.75265555928,53.82239994032101,241123.75265555928,53.82239994032101,10.740154071785977,10.975342797530317,0.13649858476710458,0.17474398170580202,0.15023807993632737,,
356,11,17.8,26,0.3997664651152833,-3.9819363999835837,499708.0813941041,1250000.0,5.000000000000001,5.000000000000001,99941.6162788208,49.99746368673679,99941.6162788208,49.99746368673679,52.30633478213688,52.312467328091316,,,,,,0.42129939567000996,-3.7540916384340655,526624.2445875125,1250000.0,5.000000000000001,5.000000000000001,105324.84891750247,50.225308448286306,105324.84891750247,50.225308448286306,51.085205922327454,51.075352612815806,1.0320852932236726,1.7254148000820262,0.29917571897790507,0.2763255227777779,0.027709438950911082,0.9306199324262464,-0.3122764979326907,1163274.915532808,1250000.0,5.000000000000001,5.000000000000001,232654.98310656156,53.66712358878768,232654.98310656156,53.66712358878768,15.394153514525826,15.409675712582844,0.20262804581226593,0.166196861665532,0.29917571897790507,0.2763255227777779,0.027709438950911082,0.9732391167088237,-0.11780444100661164,1216548.8958860296,1250000.0,5.000000000000001,5.000000000000001,243309.77917720587,53.86159564571376,243309.77917720587,53.86159564571376,9.440204965372732,9.469097465058727,0.11112811669517648,0.166196861665532,0.04863264404901403,0.15632670111964422,0.009323850155093412,0.9679004434368621,-0.14169311172563337,1209875.5542960777,1250000.0,5.000000000000001,5.000000000000001,241975.1108592155,53.837706974994745,241975.1108592155,53.837706974994745,10.321255060790657,10.71977749977054,0.13205984193027176,0.17409414906534065,0.15274883846990503,,
357,11,17.85,27,0.4100314127219827,-3.871828704772629,512539.26590247836,1250000.0,5.000000000000001,5.000000000000001,102507.85318049566,50.10757138194775,102507.85318049566,50.10757138194775,51.72952945929226,51.73220805260877,,,,,,0.42984573402608905,-3.6668737902953596,537307.1675326113,1250000.0,5.000000000000001,5.000000000000001,107461.43350652224,50.31252629642502,107461.43350652224,50.31252629642502,50.5779614430989,50.5968246243833,1.0022944271079628,1.7338159142836738,0.29902529369114783,0.2761152663494539,0.027622116752403926,0.9316820284585001,-0.30732281688893887,1164602.5355731251,1250000.0,5.000000000000001,5.000000000000001,232920.50711462498,53.67207726983143,232920.50711462498,53.67207726983143,15.274357486055436,15.287694508978248,0.20142146713203962,0.1649350364780015,0.29902529369114783,0.2761152663494539,0.027622116752403926,0.9743357233080151,-0.11291374068134497,1217919.6541350188,1250000.0,5.000000000000001,5.000000000000001,243583.93082700373,53.866486346039025,243583.93082700373,53.866486346039025,9.235454431667872,9.262382014030658,0.10922479153676705,0.1649350364780015,0.048588809625530714,0.1563280836675236,0.009296659842977315,0.9670538413942737,-0.1454934559695072,1208817.3017428422,1250000.0,5.000000000000001,5.000000000000001,241763.4603485684,53.83390663075087,241763.4603485684,53.83390663075087,10.437774445087781,10.74513574082506,0.13264122099331227,0.1749858621288458,0.14560562858090784,,
358,11,17.900000000000002,28,0.3977910870662397,-4.003449519338417,497238.85883279965,1250000.0,5.000000000000001,5.000000000000001,99447.77176655992,49.97595056738196,99447.77176655992,49.97595056738196,52.47092267571138,52.455645905387165,,,,,,0.4268438723773548,-3.6973094877857005,533554.8404716935,1250000.0,5.000000000000001,5.000000000000001,106710.96809433869,50.28209059893467,106710.96809433869,50.28209059893467,50.75002346675157,50.74271061224962,1.0081852664864177,1.7478231326610072,0.29857809154098663,0.27574258172387894,0.027503895502410718,0.9308346666527212,-0.311274508519749,1163543.3333159015,1250000.0,5.000000000000001,5.000000000000001,232708.66666318025,53.66812557820062,232708.66666318025,53.66812557820062,15.372447134496017,15.384321249139049,0.20176484476509554,0.16668231017295101,0.29857809154098663,0.27574258172387894,0.027503895502410718,0.9731388511136172,-0.1182518853928647,1216423.5638920215,1250000.0,5.000000000000001,5.000000000000001,243284.71277840427,53.86114820132751,243284.71277840427,53.86114820132751,9.460752725116212,9.488974492002395,0.1108160146182628,0.16668231017295101,0.04853733194119263,0.15632491707391233,0.009269124710026982,0.9647168557337014,-0.15600133325860696,1205896.0696671268,1250000.0,5.000000000000001,5.000000000000001,241179.21393342532,53.82339875346177,241179.21393342532,53.82339875346177,10.816047239687908,11.095151967703039,0.13910341980336224,0.1741510150704999,0.16856093882634682,,
359,11,17.95,29,0.4065910042993865,-3.9084223422320195,508238.7553742331,1250000.0,5.000000000000001,5.000000000000001,101647.7510748466,50.07097774448836,101647.7510748466,50.07097774448836,51.936489775792026,51.913584432484775,,,,,,0.41995024185093416,-3.7680216429195514,524937.8023136677,1250000.0,5.000000000000001,5.000000000000001,104987.56046273353,50.211378443800825,104987.56046273353,50.211378443800825,51.186464213301846,51.20442617062567,1.031653920127831,1.7392446865968239,0.2983403488709656,0.2753679218572032,0.027395476744938287,0.9329629375234807,-0.30135608502959504,1166203.6719043509,1250000.0,5.000000000000001,5.000000000000001,233240.73438087013,53.67804400169078,233240.73438087013,53.67804400169078,15.126882291520545,15.137923156392327,0.2000840280085709,0.16451892324755962,0.2983403488709656,0.2753679218572032,0.027395476744938287,0.9751628220760112,-0.10922864480546134,1218953.527595014,1250000.0,5.000000000000001,5.000000000000001,243790.70551900277,53.87017144191492,243790.70551900277,53.87017144191492,9.092780494162723,9.11219381475271,0.10824162950357627,0.16451892324755962,0.048496908564636725,0.15632177704005915,0.009241868549485,0.964803967955851,-0.15560919074376975,1206004.9599448137,1250000.0,5.000000000000001,5.000000000000001,241200.99198896272,53.8237908959766,241200.99198896272,53.8237908959766,10.720989277957194,11.11196357291655,0.1374983379177293,0.17288595389683833,0.15636731533568224,,
360,12,18.0,0,0.40174761812596305,-3.9604668939428134,502184.52265745384,1250000.0,5.000000000000001,5.000000000000001,100436.90453149076,50.01893319277756,100436.90453149076,50.01893319277756,52.21482330935463,52.226058645437476,,,,,,0.4260315347877226,-3.705582532977076,532539.4184846532,1250000.0,5.000000000000001,5.000000000000001,106507.88369693063,50.2738175537433,106507.88369693063,50.2738175537433,50.85597232284884,50.823518570125835,1.0075285751968646,1.7193219574677876,0.2973952761830604,0.27490015479187063,0.027243286113220716,0.9314953535039118,-0.30819307115182765,1164369.1918798897,1250000.0,5.000000000000001,5.000000000000001,232873.8383759779,53.671207015568555,232873.8383759779,53.671207015568555,15.301649699041713,15.310396914555497,0.2013714969120021,0.16531824057536398,0.2973952761830604,0.27490015479187063,0.027243286113220716,0.9736112904257398,-0.11614398478519154,1217014.1130321748,1250000.0,5.000000000000001,5.000000000000001,243402.8226064349,53.86325610193518,243402.8226064349,53.86325610193518,9.377858608390586,9.399778389982844,0.11061182444180791,0.16531824057536398,0.04844386641082711,0.1563198008240949,0.009214753730022902,0.9683206732545206,-0.1398079603631922,1210400.8415681508,1250000.0,5.000000000000001,5.000000000000001,242080.16831363013,53.83959212635719,242080.16831363013,53.83959212635719,10.219656199417102,10.539885062846908,0.12943073991457127,0.17234924626066966,0.13827771375807876,,
361,12,18.05,1,0.4058366113073046,-3.9164877698841165,507295.76413413073,1250000.0,5.000000000000001,5.000000000000001,101459.15282682613,50.06291231683626,101459.15282682613,50.06291231683626,51.96776424865319,51.97803016780038,,,,,,0.4279284707475888,-3.686288182666086,534910.588434486,1250000.0,5.000000000000001,5.000000000000001,106982.11768689717,50.29311190405429,106982.11768689717,50.29311190405429,50.680218673376146,50.6555422952916,1.0178331263633034,1.7460163846128123,0.29698305474478254,0.27439722057857363,0.027114439700993708,0.9334175061968433,-0.2992405820403171,1166771.882746054,1250000.0,5.000000000000001,5.000000000000001,233354.37654921078,53.680159504680056,233354.37654921078,53.680159504680056,15.073164330381024,15.086394410334538,0.19872401941934928,0.16441697430553573,0.29698305474478254,0.27439722057857363,0.027114439700993708,0.9742921350069821,-0.11310803287045185,1217865.1687587276,1250000.0,5.000000000000001,5.000000000000001,243573.03375174548,53.866292053849925,243573.03375174548,53.866292053849925,9.252936506172635,9.280975719275819,0.10976577041643551,0.16441697430553573,0.0483854382165891,0.1563170688841743,0.009187367042181902,0.9606419242335401,-0.17438463849487804,1200802.4052919252,1250000.0,5.000000000000001,5.000000000000001,240160.481058385,53.8050154482255,240160.481058385,53.8050154482255,11.333132683647545,11.451072069386964,0.1431496398705828,0.174638025190156,0.16143386645048946,,
362,12,18.1,2,0.407251854667331,-3.901369291926795,509064.81833416375,1250000.0,5.000000000000001,5.000000000000001,101812.96366683273,50.078030794793584,101812.96366683273,50.078030794793584,51.90116462963397,51.96338380081894,,,,,,0.4266167711788492,-3.699620755456146,533270.9639735615,1250000.0,5.000000000000001,5.000000000000001,106654.19279471229,50.27977933126423,106654.19279471229,50.27977933126423,50.749187481820655,50.73681163231849,0.9930626529425453,1.7291341584548299,0.2963832890048676,0.27384879146783114,0.026972323175646257,0.9320405754263709,-0.30565180671558073,1165050.7192829635,1250000.0,5.000000000000001,5.000000000000001,233010.14385659268,53.673748280004794,233010.14385659268,53.673748280004794,15.234189703797881,15.245670772243159,0.2008332618537803,0.16424196887806636,0.2963832890048676,0.27384879146783114,0.026972323175646257,0.9739474335642938,-0.11464482473568931,1217434.2919553672,1250000.0,5.000000000000001,5.000000000000001,243486.8583910734,53.86475526198468,243486.8583910734,53.86475526198468,9.314510351630508,9.340157841287713,0.11014333831879164,0.16424196887806636,0.04832356285010065,0.15631162816250735,0.009159864198155992,0.9598706681814613,-0.1778727933435524,1199838.3352268266,1250000.0,5.000000000000001,5.000000000000001,239967.6670453653,53.80152729337682,239967.6670453653,53.80152729337682,11.480426307139465,11.755703276140391,0.14730916027480961,0.17240907787041795,0.18000789882720752,,
363,12,18.150000000000002,3,0.4114256854195575,-3.8570859867006013,514282.10677444685,1250000.0,5.000000000000001,5.000000000000001,102856.42135488935,50.12231410001977,102856.42135488935,50.12231410001977,51.63093039467684,51.657387231708014,,,,,,0.42502515828125903,-3.7158536223357745,531281.4478515738,1250000.0,5.000000000000001,5.000000000000001,106256.28957031475,50.2635464643846,106256.28957031475,50.2635464643846,50.8708904252293,50.86356115675395,1.017921382056974,1.7320740739986857,0.2957937972116734,0.27356593635008714,0.026858135747784045,0.9333241621773155,-0.2996749087960773,1166655.2027216444,1250000.0,5.000000000000001,5.000000000000001,233331.04054432883,53.679725177924304,233331.04054432883,53.679725177924304,15.086402518906487,15.096299178666976,0.1989525785881097,0.1636405624263108,0.2957937972116734,0.27356593635008714,0.026858135747784045,0.9747294690109644,-0.11115903705148042,1218411.8362637055,1250000.0,5.000000000000001,5.000000000000001,243682.36725274107,53.868241049668896,243682.36725274107,53.868241049668896,9.16868870869111,9.201146513260639,0.1083749697058242,0.1636405624263108,0.048251721741843175,0.15631008808203026,0.00913297308002893,0.9632179835173268,-0.16275417625462524,1204022.4793966585,1250000.0,5.000000000000001,5.000000000000001,240804.49587933166,53.81664591046575,240804.49587933166,53.81664591046575,10.946644423815256,11.215423041303143,0.13862036135449102,0.17405652998893784,0.1557449732717276,,
364,12,18.2,4,0.4046813130368839,-3.928868495554063,505851.6412961049,1250000.0,5.000000000000001,5.000000000000001,101170.32825922096,50.05053159116631,101170.32825922096,50.05053159116631,52.07841885616507,52.117846318604144,,,,,,0.41639666404341696,-3.8049275849228756,520495.8300542712,1250000.0,5.000000000000001,5.000000000000001,104099.16601085423,50.174472501797496,104099.16601085423,50.174472501797496,51.38216810839926,51.396218185296576,1.0245345660117844,1.7317318572615927,0.2951056434849004,0.2728498981946476,0.02669486627459284,0.9323170625255491,-0.30436367594145775,1165396.3281569364,1250000.0,5.000000000000001,5.000000000000001,233079.26563138724,53.675036410778915,233079.26563138724,53.675036410778915,15.205255588503258,15.207262733392247,0.20002645968257568,0.16595406685390715,0.2951056434849004,0.2728498981946476,0.02669486627459284,0.9735174716839153,-0.11656249806174397,1216896.8396048942,1250000.0,5.000000000000001,5.000000000000001,243379.36792097878,53.862837588658635,243379.36792097878,53.862837588658635,9.387921494670339,9.40228587377334,0.11078032183484872,0.16595406685390715,0.04818546381219923,0.1563014739010942,0.009105342894544207,0.9648233476133226,-0.15552195650705006,1206029.1845166532,1250000.0,5.000000000000001,5.000000000000001,241205.8369033306,53.82387813021332,241205.8369033306,53.82387813021332,10.822788805869106,11.164617734985976,0.13820503946727075,0.17358275793324157,0.16430779393079703,,
365,12,18.25,5,0.40956228321620053,-3.8768004457442746,511952.85402025067,1250000.0,5.000000000000001,5.000000000000001,102390.57080405012,50.1025996409761,102390.57080405012,50.1025996409761,51.81057144698841,51.79011455826899,,,,,,0.4190398172126856,-3.77744708360279,523799.77151585696,1250000.0,5.000000000000001,5.000000000000001,104759.95430317137,50.20195300311759,104759.95430317137,50.20195300311759,51.23693665682619,51.24637713934286,1.0186355065180082,1.7460620288205324,0.2948895447214768,0.27228965910881797,0.026571009109140436,0.932649810782877,-0.3028139354541374,1165812.2634785962,1250000.0,5.000000000000001,5.000000000000001,233162.4526957192,53.676586151266235,233162.4526957192,53.676586151266235,15.159838154983632,15.173725248754314,0.20032785308853174,0.165886763169214,0.2948895447214768,0.27228965910881797,0.026571009109140436,0.9743888899464237,-0.11267676540499365,1217986.1124330296,1250000.0,5.000000000000001,5.000000000000001,243597.22248660587,53.86672332131538,243597.22248660587,53.86672332131538,9.231397559555708,9.268900073728215,0.10978026755640338,0.165886763169214,0.04812038200377612,0.1562915810820243,0.009077716999240664,0.9673988387733128,-0.14394438256892877,1209248.548466641,1250000.0,5.000000000000001,5.000000000000001,241849.70969332816,53.83545570415144,241849.70969332816,53.83545570415144,10.3514244726675,10.563040455559996,0.12929863912571193,0.17312629090766046,0.1347378498956739,,
366,12,18.3,6,0.40611825798820717,-3.9134748535535744,507647.822485259,1250000.0,5.000000000000001,5.000000000000001,101529.56449705178,50.0659252331668,101529.56449705178,50.0659252331668,51.96710253176428,51.967788311492974,,,,,,0.426490803622895,-3.7009032904250816,533113.5045286188,1250000.0,5.000000000000001,5.000000000000001,106622.70090572373,50.27849679629529,106622.70090572373,50.27849679629529,50.77050721018958,50.797091915583216,1.0071122955770297,1.7524151985539902,0.29420003730195915,0.27202339639281004,0.026455399670403,0.9334869016433004,-0.2989177153809118,1166858.6270541255,1250000.0,5.000000000000001,5.000000000000001,233371.72541082508,53.680482371339465,233371.72541082508,53.680482371339465,15.06387660806683,15.075149414423384,0.19850153567444856,0.16495183403387537,0.29420003730195915,0.27202339639281004,0.026455399670403,0.9743616424432315,-0.11279821184040022,1217952.0530540394,1250000.0,5.000000000000001,5.000000000000001,243590.41061080783,53.866601874879976,243590.41061080783,53.866601874879976,9.235406887104995,9.255589423920725,0.10903982347129718,0.16495183403387537,0.04805282316505764,0.15628835673984506,0.009051018333027908,0.9489785747047933,-0.22743592622780945,1186223.2183809916,1250000.0,5.000000000000001,5.000000000000001,237244.6436761983,53.75196416049256,237244.6436761983,53.75196416049256,12.917265788659623,13.011853801518535,0.16685728563983165,0.17155312861407795,0.2092218976857409,,
367,12,18.35,7,0.3994942938551411,-3.9848941951625583,499367.8673189264,1250000.0,5.000000000000001,5.000000000000001,99873.57346378526,49.994505891557814,99873.57346378526,49.994505891557814,52.35289208700914,52.334221418106935,,,,,,0.4359248459944495,-3.605883772067399,544906.0574930619,1250000.0,5.000000000000001,5.000000000000001,108981.21149861235,50.37351631465298,108981.21149861235,50.37351631465298,50.237027875002,50.291206156781314,1.0166612079132646,1.7392413117364225,0.2939698231191213,0.2716854105289056,0.026356745592871284,0.9334454351525864,-0.2991106379389393,1166806.793940733,1250000.0,5.000000000000001,5.000000000000001,233361.35878814655,53.68028944878144,233361.35878814655,53.68028944878144,15.06644062977848,15.072564272813588,0.1981913023976401,0.16551597124442868,0.2939698231191213,0.2716854105289056,0.026356745592871284,0.9739012777192783,-0.11485064389079584,1217376.5971490978,1250000.0,5.000000000000001,5.000000000000001,243475.31942981953,53.864549442829585,243475.31942981953,53.864549442829585,9.31890666966582,9.337914085337687,0.10986865095075468,0.16551597124442868,0.04798025111214982,0.1562823399728001,0.009024214271612381,0.9642606175427056,-0.1580557038795469,1205325.771928382,1250000.0,5.000000000000001,5.000000000000001,241065.15438567637,53.82134438284083,241065.15438567637,53.82134438284083,10.760806372917937,10.878738078977495,0.13368736183324584,0.17328549835757714,0.1291835238062116,,
368,12,18.400000000000002,8,0.4094272716594769,-3.878232326633605,511784.08957434614,1250000.0,5.000000000000001,5.000000000000001,102356.81791486921,50.10116776008677,102356.81791486921,50.10116776008677,51.79566725139764,51.79500108158378,,,,,,0.4241267797702486,-3.725043049058562,530158.4747128107,1250000.0,5.000000000000001,5.000000000000001,106031.69494256213,50.25435703766181,106031.69494256213,50.25435703766181,50.906884210987286,50.92005932208716,1.0149927030120187,1.7238528500067076,0.29344677788946405,0.27118765726047667,0.02622745697870747,0.9338999531489268,-0.2969964638512613,1167374.9414361585,1250000.0,5.000000000000001,5.000000000000001,233474.98828723165,53.68240362286912,233474.98828723165,53.68240362286912,15.018798831788626,15.027615371100813,0.19835425112189992,0.16243298466424283,0.29344677788946405,0.27118765726047667,0.02622745697870747,0.9751531101463821,-0.10927189766903009,1218941.3876829776,1250000.0,5.000000000000001,5.000000000000001,243788.27753659547,53.87012818905134,243788.27753659547,53.87012818905134,9.093492120497938,9.120427821240346,0.10779161858204837,0.16243298466424283,0.047913153657994055,0.15627314105228768,0.008997317634715637,0.964654615565284,-0.15628153395720626,1205818.269456605,1250000.0,5.000000000000001,5.000000000000001,241163.65389132095,53.82311855276317,241163.65389132095,53.82311855276317,10.743942456416757,10.90841683362557,0.13526885312316245,0.17417447154747676,0.14550694440690815,,
369,12,18.45,9,0.40697383713081814,-3.9043350909156613,508717.2964135227,1250000.0,5.000000000000001,5.000000000000001,101743.45928270451,50.075064995804716,101743.45928270451,50.075064995804716,51.943163630935146,51.97031570799569,,,,,,0.42570001186738887,-3.708963377158834,532125.0148342361,1250000.0,5.000000000000001,5.000000000000001,106425.00296684721,50.270436709561544,106425.00296684721,50.270436709561544,50.847087989092685,50.82594331323885,1.0101615974614133,1.7227654110024222,0.292377610744819,0.2709936092530303,0.0261039058074898,0.9332393348171834,-0.3000696454820191,1166549.1685214792,1250000.0,5.000000000000001,5.000000000000001,233309.8337042958,53.67933044123836,233309.8337042958,53.67933044123836,15.095005982060872,15.10398402143521,0.1993980115161448,0.1639187020055702,0.292377610744819,0.2709936092530303,0.0261039058074898,0.9748530665673567,-0.11060837827391895,1218566.3332091959,1250000.0,5.000000000000001,5.000000000000001,243713.26664183915,53.86879170844645,243713.26664183915,53.86879170844645,9.151846934639305,9.16936296748796,0.10838988098499194,0.1639187020055702,0.04783420838992588,0.15626965921781433,0.008971201339684804,0.96654723621978,-0.14776916670806392,1208184.045274725,1250000.0,5.000000000000001,5.000000000000001,241636.80905494496,53.831630920012316,241636.80905494496,53.831630920012316,10.53381759558458,10.844571858883672,0.13610732987476398,0.1726970918353825,0.15660123799504866,,
370,12,18.5,10,0.4050382643338316,-3.9250394665186534,506297.8304172895,1250000.0,5.000000000000001,5.000000000000001,101259.56608345789,50.05436062020173,101259.56608345789,50.05436062020173,52.02217420070823,51.99341162685979,,,,,,0.4238012317868528,-3.7283778533769327,529751.539733566,1250000.0,5.000000000000001,5.000000000000001,105950.30794671318,50.25102223334344,105950.30794671318,50.25102223334344,50.907770571547296,50.9096166504768,1.017100696374134,1.7414134232290226,0.2921249074613891,0.2708311709248119,0.026022372878732138,0.9329757248159278,-0.30129656055903825,1166219.6560199098,1250000.0,5.000000000000001,5.000000000000001,233243.93120398192,53.67810352616134,233243.93120398192,53.67810352616134,15.13095207220872,15.135637766100256,0.19931915717798349,0.16387362575080738,0.2921249074613891,0.2708311709248119,0.026022372878732138,0.9743130926869018,-0.11301461420756802,1217891.3658586273,1250000.0,5.000000000000001,5.000000000000001,243578.27317172542,53.8663854725128,243578.27317172542,53.8663854725128,9.243823970116946,9.25956582043035,0.108849721658743,0.16387362575080738,0.047757249831022544,0.15626511247710853,0.008945375114462665,0.9658761026238942,-0.15078578965163025,1207345.1282798678,1250000.0,5.000000000000001,5.000000000000001,241469.02565597353,53.82861429706875,241469.02565597353,53.82861429706875,10.56594611696633,11.178280136393534,0.13957904013942138,0.17283765816866423,0.18429798955702972,,
371,12,18.55,11,0.3997631928833166,-3.9819719486908127,499703.9911041457,1250000.0,5.000000000000001,5.000000000000001,99940.79822082912,49.99742813802956,99940.79822082912,49.99742813802956,52.351106334367486,52.35718019253053,,,,,,0.426229929421564,-3.7035605784504138,532787.411776955,1250000.0,5.000000000000001,5.000000000000001,106557.48235539098,50.275839508269954,106557.48235539098,50.275839508269954,50.80452644186313,50.790999116505176,1.0087672183822034,1.7166002836469605,0.2913601788100618,0.2703997164270481,0.025890455987216933,0.9331531577046517,-0.3004706998649039,1166441.4471308147,1250000.0,5.000000000000001,5.000000000000001,233288.2894261629,53.67892938685547,233288.2894261629,53.67892938685547,15.105523244503383,15.117492822059145,0.19962723142802188,0.1640620799684261,0.2913601788100618,0.2703997164270481,0.025890455987216933,0.9751772162419658,-0.10916454001631706,1218971.5203024573,1250000.0,5.000000000000001,5.000000000000001,243794.3040604914,53.87023554670406,243794.3040604914,53.87023554670406,9.086727124785778,9.11837072287987,0.10769977439747747,0.1640620799684261,0.04766969547855805,0.15625868756827738,0.008919348566824217,0.958152502579494,-0.18565361738051916,1197690.6282243675,1250000.0,5.000000000000001,5.000000000000001,239538.12564487345,53.79374646933986,239538.12564487345,53.79374646933986,11.690532935310197,11.926625138234071,0.14891005011312294,0.17235071269242722,0.1738201922153915,,
372,12,18.6,12,0.4135160271287407,-3.8350765332139085,516895.03391092585,1250000.0,5.000000000000001,5.000000000000001,103379.00678218516,50.14432355350647,103379.00678218516,50.14432355350647,51.50452876149636,51.48798798659325,,,,,,0.4305127979880154,-3.6601393361111594,538140.9974850193,1250000.0,5.000000000000001,5.000000000000001,107628.19949700384,50.31926075060922,107628.19949700384,50.31926075060922,50.555429368048834,50.53635164384535,1.0084827842273678,1.7218478560971318,0.2909387196175497,0.2701801060634768,0.02579656458209555,0.9330112192653787,-0.3011313392150685,1166264.0240817233,1250000.0,5.000000000000001,5.000000000000001,233252.8048163446,53.67826874750531,233252.8048163446,53.67826874750531,15.123620940351174,15.127692269864394,0.19912600789198884,0.16491796585884927,0.2909387196175497,0.2701801060634768,0.02579656458209555,0.9744384825339645,-0.11245573210649784,1218048.1031674556,1250000.0,5.000000000000001,5.000000000000001,243609.62063349108,53.86694435461388,243609.62063349108,53.86694435461388,9.224570042828665,9.250791353640276,0.10845624960806315,0.16491796585884927,0.04757812203541751,0.15625319878893112,0.008893655472069249,0.9547208985749168,-0.20123570745636352,1193401.123218646,1250000.0,5.000000000000001,5.000000000000001,238680.22464372916,53.77816437926401,238680.22464372916,53.77816437926401,12.055670391897468,12.213310789187979,0.15463523343306887,0.17266784976625119,0.1934464589495193,,
373,12,18.650000000000002,13,0.40544781808404184,-3.920650323934792,506809.77260505233,1250000.0,5.000000000000001,5.000000000000001,101361.95452101046,50.05874976278558,101361.95452101046,50.05874976278558,52.00325088865394,51.987240790592786,,,,,,0.4296135728517445,-3.6692200635528716,537016.9660646806,1250000.0,5.000000000000001,5.000000000000001,107403.3932129361,50.310180023167504,107403.3932129361,50.310180023167504,50.59702511358219,50.56641813964541,1.0081942534247277,1.720635105648718,0.28994800665641873,0.2696213163923406,0.025642012648077327,0.9317667011762207,-0.30692814121566364,1164708.376470276,1250000.0,5.000000000000001,5.000000000000001,232941.67529405514,53.67247194550471,232941.67529405514,53.67247194550471,15.264332086661678,15.264057998924624,0.20104255682673638,0.16555984563463486,0.28994800665641873,0.2696213163923406,0.025642012648077327,0.9735641574848566,-0.1163542336989955,1216955.1968560708,1250000.0,5.000000000000001,5.000000000000001,243391.0393712141,53.86304585302138,243391.0393712141,53.86304585302138,9.3801541766931,9.402624985583056,0.11106728032038822,0.16555984563463486,0.04748174957108568,0.1562461582407732,0.008867863666046878,0.9616429534892121,-0.16986146374281036,1202053.6918615152,1250000.0,5.000000000000001,5.000000000000001,240410.738372303,53.80953862297757,240410.738372303,53.80953862297757,11.215748666857216,11.392622002799156,0.14246247549135896,0.17243319393233886,0.16190204128435207,,
374,12,18.7,14,0.40083954417831713,-3.9702944040608266,501049.4302228964,1250000.0,5.000000000000001,5.000000000000001,100209.88604457927,50.009105682659545,100209.88604457927,50.009105682659545,52.280283160904354,52.264840852907454,,,,,,0.4304534835618045,-3.6607377318577394,538066.8544522556,1250000.0,5.000000000000001,5.000000000000001,107613.37089045111,50.31866235486263,107613.37089045111,50.31866235486263,50.53552264011428,50.5460047979163,1.011236944061753,1.7368476769144081,0.28930039793499573,0.2693051524532736,0.025528551541239414,0.9333007050094471,-0.2997840610820664,1166625.8812618088,1250000.0,5.000000000000001,5.000000000000001,233325.1762523617,53.67961602563831,233325.1762523617,53.67961602563831,15.086144115066611,15.095978821383307,0.19852002458681567,0.16607602759520187,0.28930039793499573,0.2693051524532736,0.025528551541239414,0.9739459897660225,-0.11465126280478163,1217432.4872075282,1250000.0,5.000000000000001,5.000000000000001,243486.4974415056,53.8647488239156,243486.4974415056,53.8647488239156,9.31414694449274,9.349864507198031,0.11009057020701081,0.16607602759520187,0.04738428319694872,0.15623875480738875,0.008842236830649369,0.9678032809542849,-0.14212909921209652,1209754.1011928562,1250000.0,5.000000000000001,5.000000000000001,241950.8202385712,53.83727098750828,241950.8202385712,53.83727098750828,10.25875046172746,10.50468312463345,0.1288831541627743,0.17275950408803,0.13820437556575524,,
375,12,18.75,15,0.4011329283706956,-3.9671168600459645,501416.16046336945,1250000.0,5.000000000000001,5.000000000000001,100283.23209267388,50.01228322667441,100283.23209267388,50.01228322667441,52.280364350361914,52.32336653664904,,,,,,0.430874079214092,-3.656496316783764,538592.599017615,1250000.0,5.000000000000001,5.000000000000001,107718.51980352297,50.32290376993661,107718.51980352297,50.32290376993661,50.52009188642446,50.506555770929616,0.9994270030038619,1.7221683025926506,0.2891737018092183,0.26899352447691705,0.025440878109216036,0.9340761680548866,-0.2961770833394257,1167595.2100686082,1250000.0,5.000000000000001,5.000000000000001,233519.0420137216,53.683223003380945,233519.0420137216,53.683223003380945,15.000035938259757,15.005066752439436,0.19774927342584883,0.16389213144224407,0.2891737018092183,0.26899352447691705,0.025440878109216036,0.9746588162478272,-0.11147384457758627,1218323.520309784,1250000.0,5.000000000000001,5.000000000000001,243664.70406195676,53.867926242142794,243664.70406195676,53.867926242142794,9.185490138669463,9.21790135007361,0.10899983835579204,0.16389213144224407,0.04728053789595861,0.15622851944757726,0.008816295696454018,0.966675720182917,-0.14719189365116353,1208344.6502286464,1250000.0,5.000000000000001,5.000000000000001,241668.93004572924,53.832208193069214,241668.93004572924,53.832208193069214,10.441375633587278,10.903499048158722,0.13441760954267717,0.17316717035760593,0.15715903017361138,,
376,12,18.8,16,0.4052240438202088,-3.9230479384323447,506530.05477526103,1250000.0,5.000000000000001,5.000000000000001,101306.01095505219,50.056352148288035,101306.01095505219,50.056352148288035,52.004151264905374,51.99175039608436,,,,,,0.4202471581663363,-3.764952147043192,525308.9477079203,1250000.0,5.000000000000001,5.000000000000001,105061.78954158405,50.21444793967718,105061.78954158405,50.21444793967718,51.14456944813888,51.14269521145046,1.0211395791635114,1.7313926138096538,0.2889633457905473,0.26874348666849013,0.02535443061627779,0.933763742202374,-0.29762993616980377,1167204.6777529675,1250000.0,5.000000000000001,5.000000000000001,233440.93555059345,53.68177015055057,233440.93555059345,53.68177015055057,15.030505047328464,15.031731791592176,0.19709268377287464,0.1634665054349858,0.2889633457905473,0.26874348666849013,0.02535443061627779,0.9742560014124356,-0.11326910275044456,1217820.0017655445,1250000.0,5.000000000000001,5.000000000000001,243564.00035310886,53.86613098396993,243564.00035310886,53.86613098396993,9.256707283033055,9.271858258539057,0.10792282916482214,0.1634665054349858,0.047178945904833076,0.15621909829143876,0.00879074880707924,0.9704896661584163,-0.13009084648900698,1213112.0826980204,1250000.0,5.000000000000001,5.000000000000001,242622.41653960405,53.84930924023137,242622.41653960405,53.84930924023137,9.822485707907193,10.285798658277088,0.12516518763968087,0.1711335192073176,0.1404917155107604,,
377,12,18.85,17,0.4024215294910751,-3.9531879264136327,503026.9118638439,1250000.0,5.000000000000001,5.000000000000001,100605.38237276877,50.02621216030675,100605.38237276877,50.02621216030675,52.17561441321415,52.16169754609645,,,,,,0.42942816054827515,-3.6710947929960014,536785.2006853439,1250000.0,5.000000000000001,5.000000000000001,107357.04013706876,50.30830529372437,107357.04013706876,50.30830529372437,50.61629518739638,50.635164459539084,1.0266142892366639,1.7586680198834224,0.2892668268202077,0.2686684400359043,0.025309953520664473,0.9342341944668513,-0.2954424088415304,1167792.743083564,1250000.0,5.000000000000001,5.000000000000001,233558.54861671277,53.683957677878844,233558.54861671277,53.683957677878844,14.979015252268391,14.984517506363295,0.1977382921488188,0.1639697816142886,0.2892668268202077,0.2686684400359043,0.025309953520664473,0.9747990062752205,-0.11084922213419403,1218498.7578440257,1250000.0,5.000000000000001,5.000000000000001,243699.7515688051,53.868550864586176,243699.7515688051,53.868550864586176,9.159122932969183,9.1807079564682,0.108864233903777,0.1639697816142886,0.0470835077966368,0.15621346175147893,0.008766107639364702,0.9695587232504962,-0.13425881880470417,1211948.4040631203,1250000.0,5.000000000000001,5.000000000000001,242389.68081262402,53.845141267915665,242389.68081262402,53.845141267915665,10.028971634317802,10.575372176619972,0.12997971111774614,0.17328673171697093,0.16026060636330844,,
378,12,18.900000000000002,18,0.40353713500770966,-3.941164936882479,504421.41875963705,1250000.0,5.000000000000001,5.000000000000001,100884.28375192739,50.038235149837895,100884.28375192739,50.038235149837895,52.09126316634045,52.09181178206448,,,,,,0.42942706698525585,-3.671105852563893,536783.8337315698,1250000.0,5.000000000000001,5.000000000000001,107356.76674631394,50.30829423415648,107356.76674631394,50.30829423415648,50.60612019923994,50.62120889700357,0.9848323240902539,1.7257097309588016,0.2887102494600473,0.2681855709079845,0.025186212613409448,0.9343909427075703,-0.29471379939710324,1167988.6783844628,1250000.0,5.000000000000001,5.000000000000001,233597.73567689254,53.684686287323274,233597.73567689254,53.684686287323274,14.954574957033042,14.951512212688751,0.19709938517372844,0.16537939380014527,0.2887102494600473,0.2681855709079845,0.025186212613409448,0.9745610188935075,-0.11190963792008875,1218201.2736168844,1250000.0,5.000000000000001,5.000000000000001,243640.25472337683,53.86749044880028,243640.25472337683,53.86749044880028,9.203051317193733,9.21737630177701,0.10923986039403817,0.16537939380014527,0.046997286312105695,0.1562021426455529,0.0087411299670586,0.9581093234997854,-0.18584933631411252,1197636.6543747317,1250000.0,5.000000000000001,5.000000000000001,239527.3308749463,53.79355075040627,239527.3308749463,53.79355075040627,11.647486235333675,11.943274057038824,0.15253168907681608,0.17510851401431704,0.18859353615883037,,
379,12,18.95,19,0.4052003042191838,-3.923302372489161,506500.38027397974,1250000.0,5.000000000000001,5.000000000000001,101300.07605479594,50.056097714231214,101300.07605479594,50.056097714231214,51.989663695504134,52.022299309788856,,,,,,0.43358327438931454,-3.62927479192289,541979.0929866432,1250000.0,5.000000000000001,5.000000000000001,108395.81859732862,50.35012529479749,108395.81859732862,50.35012529479749,50.37245140695271,50.35515619100185,1.0122651032321757,1.738262869909584,0.2883273803866379,0.2677805778624654,0.025079360086603275,0.9332771484610364,-0.2998936785723733,1166596.4355762955,1250000.0,5.000000000000001,5.000000000000001,233319.28711525907,53.679506408148,233319.28711525907,53.679506408148,15.086672812019316,15.092057039060231,0.198586165102504,0.16487943016661866,0.2883273803866379,0.2677805778624654,0.025079360086603275,0.9742797454302117,-0.11316326023854227,1217849.6817877647,1250000.0,5.000000000000001,5.000000000000001,243569.93635755288,53.86623682648184,243569.93635755288,53.86623682648184,9.254441635940124,9.285781594883122,0.10942416857809716,0.16487943016661866,0.046915351661386065,0.1561884889501938,0.008715865124223857,0.9687079516015604,-0.13807135359174008,1210884.9395019505,1250000.0,5.000000000000001,5.000000000000001,242176.98790039006,53.84132873312864,242176.98790039006,53.84132873312864,10.178517926012155,10.519288769642838,0.12987354104833032,0.17305030188396597,0.153506299480078,,
380,12,19.0,20,0.40431896494008535,-3.932758872202249,505398.7061751067,1250000.0,5.000000000000001,5.000000000000001,101079.74123502133,50.04664121451813,101079.74123502133,50.04664121451813,52.08741383755417,52.12967323972957,,,,,,0.41902361706053853,-3.7776149858497234,523779.52132567315,1250000.0,5.000000000000001,5.000000000000001,104755.90426513461,50.20178510087065,104755.90426513461,50.20178510087065,51.199890573844314,51.17913554932423,1.0166999975994608,1.7345238402705712,0.2881010041578148,0.2675457686350128,0.024996324864318863,0.934479770945933,-0.29430095528214817,1168099.7136824164,1250000.0,5.000000000000001,5.000000000000001,233619.94273648324,53.68509913143822,233619.94273648324,53.68509913143822,14.951233203690043,14.960659042623467,0.19670679955280104,0.16262938609721606,0.2881010041578148,0.2675457686350128,0.024996324864318863,0.9746287411395107,-0.11160785716629902,1218285.9264243883,1250000.0,5.000000000000001,5.000000000000001,243657.18528487763,53.86779222955408,243657.18528487763,53.86779222955408,9.189536314742,9.218230512020128,0.10850263963416111,0.16262938609721606,0.04682269756130699,0.1561747915554112,0.008690519053931886,0.958007563232879,-0.18631062260350353,1197509.4540410987,1250000.0,5.000000000000001,5.000000000000001,239501.8908082197,53.79308946411687,239501.8908082197,53.79308946411687,11.717607103508048,11.928628933310518,0.15021644086353264,0.17073834939910443,0.19175610286328976,,
381,12,19.05,21,0.4044008693556321,-3.931879194609871,505501.0866945401,1250000.0,5.000000000000001,5.000000000000001,101100.217338908,50.04752089211051,101100.217338908,50.04752089211051,52.07569289608549,52.07129646621181,,,,,,0.41654670090038404,-3.8033630084460097,520683.37612548005,1250000.0,5.000000000000001,5.000000000000001,104136.675225096,50.17603707827437,104136.675225096,50.17603707827437,51.33227379571573,51.31953574849926,1.0106058803041154,1.739350549163144,0.2873562358879754,0.2671059361002065,0.02486967005977988,0.9353716182787157,-0.29015811904467176,1169214.5228483947,1250000.0,5.000000000000001,5.000000000000001,233842.9045696789,53.6892419676757,233842.9045696789,53.6892419676757,14.836246422993927,14.845727099997887,0.1952110066527703,0.1624334346202087,0.2873562358879754,0.2671059361002065,0.02486967005977988,0.9753037945415715,-0.10860086103845815,1219129.7431769643,1250000.0,5.000000000000001,5.000000000000001,243825.94863539282,53.870799225681914,243825.94863539282,53.870799225681914,9.063834663103444,9.087721234852662,0.10662255866886979,0.1624334346202087,0.046723136285390175,0.15616115577478773,0.008665299404237301,0.9673966663437356,-0.14395413527070236,1209245.8329296694,1250000.0,5.000000000000001,5.000000000000001,241849.16658593385,53.83544595144968,241849.16658593385,53.83544595144968,10.378048019207288,10.532514908816806,0.1276645602521981,0.1710984639773016,0.13570814828954997,,
382,12,19.1,22,0.4041503452578131,-3.9345704585590644,505187.9315722664,1250000.0,5.000000000000001,5.000000000000001,101037.58631445326,50.04482962816131,101037.58631445326,50.04482962816131,52.05871958068832,52.04734846250826,,,,,,0.4213945338046904,-3.753111022206972,526743.167255863,1250000.0,5.000000000000001,5.000000000000001,105348.63345117257,50.22628906451341,105348.63345117257,50.22628906451341,51.081947311256,51.07776721391409,1.0049350887611175,1.7227168064247167,0.2870037533871246,0.26680030937387006,0.02477475428489865,0.9336480882059512,-0.29816787741771483,1167060.110257439,1250000.0,5.000000000000001,5.000000000000001,233412.0220514878,53.68123220930266,233412.0220514878,53.68123220930266,15.041425325715972,15.048158544687755,0.19845748653888967,0.16447952345712594,0.2870037533871246,0.26680030937387006,0.02477475428489865,0.9745811401926919,-0.1118199721236349,1218226.425240865,1250000.0,5.000000000000001,5.000000000000001,243645.28504817295,53.86758011459675,243645.28504817295,53.86758011459675,9.196889930607222,9.229746177485362,0.10961755048752468,0.16447952345712594,0.046623255095920614,0.15614702207722442,0.008640161024462944,0.9568678819121252,-0.19148022638561324,1196084.8523901566,1250000.0,5.000000000000001,5.000000000000001,239216.9704780313,53.78791986033476,239216.9704780313,53.78791986033476,11.940598078799798,12.078267874395888,0.1535711213573557,0.1736146502752921,0.1947606013468724,,
383,12,19.150000000000002,23,0.40453843039464904,-3.9304021492799124,505673.0379933113,1250000.0,5.000000000000001,5.000000000000001,101134.60759866225,50.04899793744046,101134.60759866225,50.04899793744046,52.06904586643964,52.04473258293224,,,,,,0.42965386406516426,-3.6688127805367015,537067.3300814553,1250000.0,5.000000000000001,5.000000000000001,107413.46601629104,50.31058730618368,107413.46601629104,50.31058730618368,50.60189721163399,50.598846087046425,1.0242117643199258,1.7463319089279246,0.28681462242750533,0.2666844483034966,0.024706133632179293,0.9353440764506664,-0.2902859980588684,1169180.095563333,1250000.0,5.000000000000001,5.000000000000001,233836.01911266657,53.689114088661505,233836.01911266657,53.689114088661505,14.844741475466364,14.849003612160521,0.1950451138154114,0.1644544216223362,0.28681462242750533,0.2666844483034966,0.024706133632179293,0.974565730937143,-0.11188863964945739,1218207.1636714288,1250000.0,5.000000000000001,5.000000000000001,243641.4327342857,53.86751144707092,243641.4327342857,53.86751144707092,9.201053061261748,9.233202040696337,0.10893591446763404,0.1644544216223362,0.04653531832656006,0.15613523684816205,0.00861585209444701,0.967078911015999,-0.14538087219400675,1208848.6387699987,1250000.0,5.000000000000001,5.000000000000001,241769.7277539997,53.83401921452637,241769.7277539997,53.83401921452637,10.362215498829979,10.621042964974569,0.13110488085928504,0.17284712921923553,0.13336485399611772,,
384,12,19.200000000000003,24,0.4006067831851853,-3.9728170138554004,500758.4789814816,1250000.0,5.000000000000001,5.000000000000001,100151.69579629629,50.00658307286497,100151.69579629629,50.00658307286497,52.31542560188262,52.34247315274989,,,,,,0.4376597577297155,-3.588633843884697,547074.6971621444,1250000.0,5.000000000000001,5.000000000000001,109414.93943242884,50.390766242835674,109414.93943242884,50.390766242835674,50.12991282707403,50.11225535922839,1.0080928536645226,1.735170117195033,0.28592008098733945,0.26613516358447287,0.024563800481091337,0.9348110177550325,-0.2927617762125747,1168513.7721937906,1250000.0,5.000000000000001,5.000000000000001,233702.7544387581,53.6866383105078,233702.7544387581,53.6866383105078,14.905564630960802,14.90774826652051,0.1956139175523056,0.1639568704444468,0.28592008098733945,0.26613516358447287,0.024563800481091337,0.9743600240114052,-0.11280542555412458,1217950.0300142565,1250000.0,5.000000000000001,5.000000000000001,243590.00600285127,53.86659466116625,243590.00600285127,53.86659466116625,9.23667574558373,9.258454336353383,0.10886538056352338,0.1639568704444468,0.046435266012207946,0.15611996112135057,0.008591108065963467,0.9618908399308449,-0.1687421102414165,1202363.549913556,1250000.0,5.000000000000001,5.000000000000001,240472.70998271118,53.81065797647896,240472.70998271118,53.81065797647896,11.221938905179671,11.58469650083467,0.14559041048851135,0.17410054883153742,0.17007998035515073,,
385,12,19.25,25,0.4131999315573208,-3.8383975908920394,516499.914446651,1250000.0,5.000000000000001,5.000000000000001,103299.98288933019,50.14100249582833,103299.98288933019,50.14100249582833,51.58626772474901,51.56283996626195,,,,,,0.44450137972497933,-3.5212688664873912,555626.7246562241,1250000.0,5.000000000000001,5.000000000000001,111125.3449312448,50.45813122023298,111125.3449312448,50.45813122023298,49.71815290015287,49.7561853300612,1.009447287827173,1.7270612010716946,0.2860416946666176,0.26591050734128896,0.024499290437505882,0.9352013135841906,-0.29094891835561015,1169001.6419802383,1250000.0,5.000000000000001,5.000000000000001,233800.3283960476,53.688451168364764,233800.3283960476,53.688451168364764,14.866967797364598,14.873709222287218,0.19542947125386484,0.1624000095045878,0.2860416946666176,0.26591050734128896,0.024499290437505882,0.9750425194466339,-0.10976445267195516,1218803.1493082924,1250000.0,5.000000000000001,5.000000000000001,243760.62986165844,53.869635634048414,243760.62986165844,53.869635634048414,9.115149578453218,9.142687055045194,0.10730553763190823,0.1624000095045878,0.0463365810859082,0.15610428207953647,0.008566350170650595,0.9642816718523417,-0.157960878160185,1205352.089815427,1250000.0,5.000000000000001,5.000000000000001,241070.41796308538,53.82143920856019,241070.41796308538,53.82143920856019,10.807073096352417,10.987862012835127,0.13654709882518687,0.17243500750650162,0.15217740063814117,,
386,12,19.3,26,0.4162779348563931,-3.8061660862818196,520347.41857049137,1250000.0,5.000000000000001,5.000000000000001,104069.48371409826,50.17323400043856,104069.48371409826,50.17323400043856,51.34713549975838,51.34923110091097,,,,,,0.42275091994266006,-3.739154386667405,528438.6499283251,1250000.0,5.000000000000001,5.000000000000001,105687.729985665,50.24024570005297,105687.729985665,50.24024570005297,51.034924698330656,51.062525028272105,1.0146198221446172,1.7165287811009975,0.28552095098810015,0.26564868536112457,0.02440229266439332,0.9354953051567382,-0.2895838769324791,1169369.1314459227,1250000.0,5.000000000000001,5.000000000000001,233873.82628918448,53.6898162097879,233873.82628918448,53.6898162097879,14.827090851798676,14.837754149531985,0.19549261141883487,0.16428713070936626,0.28552095098810015,0.26564868536112457,0.02440229266439332,0.9748150784068148,-0.11077761782933375,1218518.8480085186,1250000.0,5.000000000000001,5.000000000000001,243703.76960170368,53.86862246889105,243703.76960170368,53.86862246889105,9.155421322819205,9.18519152088748,0.10904668504714732,0.16428713070936626,0.046226476974921986,0.15608822615780055,0.008541453239913547,0.9637897000296637,-0.16017719292522814,1204737.1250370797,1250000.0,5.000000000000001,5.000000000000001,240947.4250074159,53.81922289379514,240947.4250074159,53.81922289379514,10.925043675128714,11.428668763574143,0.1427691644844163,0.17224487965358884,0.18314616437971795,,
387,12,19.35,27,0.4038675465690645,-3.9376104386454,504834.4332113306,1250000.0,5.000000000000001,5.000000000000001,100966.88664226611,50.041789648074975,100966.88664226611,50.041789648074975,52.083919043727825,52.04364598908734,,,,,,0.43192388769605317,-3.64592776485729,539904.8596200665,1250000.0,5.000000000000001,5.000000000000001,107980.97192401327,50.333472321863084,107980.97192401327,50.333472321863084,50.455577370605106,50.46189001834382,1.0114349866326304,1.7308372386503859,0.28538696816743403,0.2653241139921532,0.024317913943890875,0.9348276447142465,-0.2926845313760979,1168534.5558928081,1250000.0,5.000000000000001,5.000000000000001,233706.9111785616,53.68671555534428,233706.9111785616,53.68671555534428,14.911251429153111,14.917347161036645,0.19668221313058337,0.16497595295094475,0.28538696816743403,0.2653241139921532,0.024317913943890875,0.9744932631894255,-0.11221158875524659,1218116.5789867819,1250000.0,5.000000000000001,5.000000000000001,243623.31579735634,53.86718849796513,243623.31579735634,53.86718849796513,9.213540447772496,9.237019967060279,0.10976133373145572,0.16497595295094475,0.04612086845526187,0.15607136002535085,0.008516602445071046,0.9699911200577367,-0.1323224153538097,1212488.900072171,1250000.0,5.000000000000001,5.000000000000001,242497.78001443413,53.84707767136657,242497.78001443413,53.84707767136657,9.973467576919374,10.54567858096631,0.1289484318568361,0.17221601034531406,0.1575039394438776,,
388,12,19.400000000000002,28,0.4119197507358306,-3.8518738398448766,514899.68841978826,1250000.0,5.000000000000001,5.000000000000001,102979.93768395763,50.1275262468755,102979.93768395763,50.1275262468755,51.635574196417295,51.65031630225906,,,,,,0.4279655459174131,-3.6859119318367335,534956.9323967664,1250000.0,5.000000000000001,5.000000000000001,106991.38647935326,50.29348815488365,106991.38647935326,50.29348815488365,50.682057758899944,50.67156412966993,1.018614460017075,1.7323752778528294,0.2851921781244007,0.26504228249533346,0.024234921933880344,0.9348682150649067,-0.29249605709209914,1168585.2688311334,1250000.0,5.000000000000001,5.000000000000001,233717.05376622663,53.68690402962827,233717.05376622663,53.68690402962827,14.904901048736505,14.91794272865577,0.1965772863502379,0.16358420877620922,0.2851921781244007,0.26504228249533346,0.024234921933880344,0.9746186687436194,-0.11165273998551446,1218273.3359295242,1250000.0,5.000000000000001,5.000000000000001,243654.66718590478,53.867747346734866,243654.66718590478,53.867747346734866,9.191180747458324,9.231090232562641,0.10941437153230668,0.16358420877620922,0.04601599620298396,0.15605116852051523,0.008491608475565014,0.961970241582956,-0.16838362594422096,1202462.801978695,1250000.0,5.000000000000001,5.000000000000001,240492.56039573895,53.81101646077616,240492.56039573895,53.81101646077616,11.029113076703611,11.202996285555933,0.13884227618377376,0.1757585375830416,0.1524714996807707,,
389,12,19.450000000000003,29,0.4021415045590916,-3.9562110155320616,502676.88069886446,1250000.0,5.000000000000001,5.000000000000001,100535.37613977288,50.02318907118831,100535.37613977288,50.02318907118831,52.219036653566604,52.24166891121875,,,,,,0.42542714797289855,-3.7117479972094953,531783.9349661232,1250000.0,5.000000000000001,5.000000000000001,106356.78699322462,50.267652089510875,106356.78699322462,50.267652089510875,50.87761790343693,50.877190909285574,1.0050735851017996,1.728145882164948,0.28492309444561154,0.26469291054143645,0.024141798283638514,0.9347107858583674,-0.2932274585019165,1168388.4823229592,1250000.0,5.000000000000001,5.000000000000001,233677.6964645918,53.68617262821846,233677.6964645918,53.68617262821846,14.9243403884083,14.933955183910205,0.19623120539378525,0.16453544270141565,0.28492309444561154,0.26469291054143645,0.024141798283638514,0.974328695822215,-0.11294506468228294,1217910.8697777689,1250000.0,5.000000000000001,5.000000000000001,243582.17395555374,53.86645502203809,243582.17395555374,53.86645502203809,9.242197629536378,9.266588725021782,0.1092536938219372,0.16453544270141565,0.0459298470364632,0.15603155356669865,0.008467068466676556,0.9634683312421679,-0.16162555832409314,1204335.41405271,1250000.0,5.000000000000001,5.000000000000001,240867.08281054194,53.817774528396285,240867.08281054194,53.817774528396285,10.964577794626646,11.209563003954223,0.1380856662196575,0.17399959347976335,0.15010758264919472,,
390,13,19.5,0,0.40869357252900057,-3.8860219232789186,510866.9656612507,1250000.0,5.000000000000001,5.000000000000001,102173.39313225012,50.09337816344146,102173.39313225012,50.09337816344146,51.828443551344606,51.85017343441244,,,,,,0.43015991554232913,-3.6637006180038116,537699.8944279114,1250000.0,5.000000000000001,5.000000000000001,107539.97888558226,50.31569946871656,107539.97888558226,50.31569946871656,50.55956342547712,50.55937431943542,1.0099803918356771,1.7351125166544783,0.284656198915631,0.2644236473158485,0.024057242315925893,0.9353639140525948,-0.2901938900324341,1169204.8925657435,1250000.0,5.000000000000001,5.000000000000001,233840.97851314867,53.689206196687934,233840.97851314867,53.689206196687934,14.844994927367463,14.85312069859448,0.19535995131977457,0.16380877552556342,0.284656198915631,0.2644236473158485,0.024057242315925893,0.9747724532113772,-0.11096752350806155,1218465.5665142215,1250000.0,5.000000000000001,5.000000000000001,243693.11330284426,53.868432563212316,243693.11330284426,53.868432563212316,9.163282236569353,9.196052312635658,0.10879587747839736,0.16380877552556342,0.04584410664608958,0.15601752280339634,0.008443337449905917,0.954315877635189,-0.20307850445231698,1192894.8470439862,1250000.0,5.000000000000001,5.000000000000001,238578.9694087972,53.77632158226806,238578.9694087972,53.77632158226806,12.098321849964787,12.607847239331774,0.16149862194652997,0.17392673956037794,0.21222237744673061,,
391,13,19.55,1,0.4160683871361252,-3.808352806355564,520085.4839201565,1250000.0,5.000000000000001,5.000000000000001,104017.09678403128,50.17104728036482,104017.09678403128,50.17104728036482,51.409632265894444,51.44488954258678,,,,,,0.44073250196875197,-3.5582492111432944,550915.6274609399,1250000.0,5.000000000000001,5.000000000000001,110183.12549218796,50.42115087557708,110183.12549218796,50.42115087557708,49.9507736516579,49.946314607073695,1.026162605177385,1.7423064085892352,0.28427647475696116,0.2642014947760035,0.02397204444718965,0.9356520537707491,-0.28885624788770736,1169565.0672134364,1250000.0,5.000000000000001,5.000000000000001,233913.01344268722,53.69054383883267,233913.01344268722,53.69054383883267,14.808335020117264,14.814600641797716,0.19529486626715237,0.16325112994696606,0.28427647475696116,0.2642014947760035,0.02397204444718965,0.9748319547438611,-0.11070243191178561,1218539.9434298263,1250000.0,5.000000000000001,5.000000000000001,243707.98868596522,53.86869765480859,243707.98868596522,53.86869765480859,9.154117234067924,9.177175858620146,0.10920372560967204,0.16325112994696606,0.04575724462877727,0.15600135997671447,0.008419507926327492,0.9671740107938709,-0.14495382040230378,1208967.5134923386,1250000.0,5.000000000000001,5.000000000000001,241793.50269846767,53.83444626631807,241793.50269846767,53.83444626631807,10.436514679546132,10.894774071838713,0.13461460437979986,0.17325408434769088,0.16408612962825234,,
392,13,19.6,2,0.4023455947632152,-3.9540074935256175,502931.99345401896,1250000.0,5.000000000000001,5.000000000000001,100586.39869080378,50.02539259319476,100586.39869080378,50.02539259319476,52.213586979539585,52.206052115022,,,,,,0.42519827283898515,-3.7140850825509446,531497.8410487315,1250000.0,5.000000000000001,5.000000000000001,106299.56820974627,50.26531500416943,106299.56820974627,50.26531500416943,50.861506054052775,50.84359061478754,1.012673801344433,1.7464303418408467,0.2835251734299943,0.26372037218532507,0.023846493689643665,0.9366370978110524,-0.2842864491443291,1170796.3722638155,1250000.0,5.000000000000001,5.000000000000001,234159.27445276306,53.69511363757604,234159.27445276306,53.69511363757604,14.69150672766689,14.706374416509618,0.19263892834524665,0.1629906005576004,0.2835251734299943,0.26372037218532507,0.023846493689643665,0.9749450264921332,-0.11019871854496086,1218681.2831151665,1250000.0,5.000000000000001,5.000000000000001,243736.25662303326,53.86920136817541,243736.25662303326,53.86920136817541,9.13434914516805,9.159940177307412,0.1069325105385168,0.1629906005576004,0.04567426884034967,0.15598136923879974,0.008395193586040735,0.9605398531579602,-0.17484611387893234,1200674.8164474503,1250000.0,5.000000000000001,5.000000000000001,240134.96328949003,53.80455397284145,240134.96328949003,53.80455397284145,11.395745826503415,12.075127243975373,0.15174047209883307,0.17401474086484664,0.20830087405974376,,
393,13,19.650000000000002,3,0.40413977650553945,-3.93468403042317,505174.72063192434,1250000.0,5.000000000000001,5.000000000000001,101034.94412638486,50.044716056297204,101034.94412638486,50.044716056297204,52.0421954465602,52.03164839226362,,,,,,0.42249733691224706,-3.741760241532497,528121.6711403088,1250000.0,5.000000000000001,5.000000000000001,105624.33422806175,50.23763984518788,105624.33422806175,50.23763984518788,51.018029675905254,51.05020345639718,1.014611412740059,1.7394899872579923,0.2827879543844479,0.26323119471922013,0.02372139724711952,0.9358721656127899,-0.28783469168393994,1169840.2070159873,1250000.0,5.000000000000001,5.000000000000001,233968.04140319742,53.691565395036434,233968.04140319742,53.691565395036434,14.782700953019633,14.792139527105302,0.19379192886334,0.16333825221212014,0.2827879543844479,0.26323119471922013,0.02372139724711952,0.9748179831100893,-0.11076467696750115,1218522.4788876115,1250000.0,5.000000000000001,5.000000000000001,243704.49577752227,53.868635409752876,243704.49577752227,53.868635409752876,9.152082026610532,9.182405519067292,0.10727745899711646,0.16333825221212014,0.04558846436530051,0.1559603283463844,0.008370811864835483,0.9653744019050234,-0.15304221219404945,1206718.0023812794,1250000.0,5.000000000000001,5.000000000000001,241343.60047625584,53.82635787452632,241343.60047625584,53.82635787452632,10.687766122862174,10.839786899810585,0.13486582904321393,0.1729856687804476,0.14292508369848064,,
394,13,19.700000000000003,4,0.42164610930102936,-3.7505190272900304,527057.6366262867,1250000.0,5.000000000000001,5.000000000000001,105411.52732525731,50.22888105943035,105411.52732525731,50.22888105943035,51.04855727657759,51.1237604729086,,,,,,0.42096483375369553,-3.757541824175696,526206.0421921194,1250000.0,5.000000000000001,5.000000000000001,105241.20843842387,50.22185826254468,105241.20843842387,50.22185826254468,51.09407036273768,51.09007669305836,1.0149838945926932,1.7387796114863074,0.28252827182350393,0.26276977917028765,0.023620595953587873,0.9366228914300323,-0.2843523209712021,1170778.6142875403,1250000.0,5.000000000000001,5.000000000000001,234155.72285750802,53.69504776574917,234155.72285750802,53.69504776574917,14.688197033963188,14.69604345914114,0.1931656238997292,0.16359751723654986,0.28252827182350393,0.26276977917028765,0.023620595953587873,0.9748087296437695,-0.11080590259633447,1218510.912054712,1250000.0,5.000000000000001,5.000000000000001,243702.18241094236,53.86859418412405,243702.18241094236,53.86859418412405,9.156515096940806,9.181714660190154,0.10863728722438934,0.16359751723654986,0.04550613401134503,0.15593784659515575,0.008346415765625139,0.9671849783186541,-0.14490457271332402,1208981.2228983177,1250000.0,5.000000000000001,5.000000000000001,241796.2445796635,53.83449551400705,241796.2445796635,53.83449551400705,10.382157004123385,10.689764420021675,0.13367394394300175,0.17281545173669693,0.1489180207744914,,
395,13,19.75,5,0.40693857986273346,-3.9047113485243683,508673.22482841683,1250000.0,5.000000000000001,5.000000000000001,101734.64496568334,50.07468873819601,101734.64496568334,50.07468873819601,51.9238614381397,51.92339084496844,,,,,,0.4284414418582374,-3.681085278031153,535551.8023227968,1250000.0,5.000000000000001,5.000000000000001,107110.36046455933,50.29831480868922,107110.36046455933,50.29831480868922,50.678817178361726,50.66737195708968,1.0065210382338943,1.731312267102113,0.28258526831521513,0.2626254090850925,0.02356420227142729,0.9363974945164494,-0.2853975699926658,1170496.8681455618,1250000.0,5.000000000000001,5.000000000000001,234099.37362911232,53.694002516727714,234099.37362911232,53.694002516727714,14.718687251390875,14.738197568980265,0.19371020877662692,0.1635358882945472,0.28258526831521513,0.2626254090850925,0.02356420227142729,0.9748587371153,-0.11058311620517111,1218573.421394125,1250000.0,5.000000000000001,5.000000000000001,243714.68427882498,53.868816970515205,243714.68427882498,53.868816970515205,9.14493812383102,9.18028098020759,0.10835918870689609,0.1635358882945472,0.045421178329436554,0.1559167598143659,0.008322412832071028,0.9689217087418187,-0.1371131359430513,1211152.1359272734,1250000.0,5.000000000000001,5.000000000000001,242230.42718545464,53.84228695077732,242230.42718545464,53.84228695077732,10.139927627355652,10.729200540895901,0.13062193378834994,0.17414701976936175,0.15501175060389188,,
396,13,19.8,6,0.403677489691916,-3.93965467520958,504596.862114895,1250000.0,5.000000000000001,5.000000000000001,100919.37242297898,50.0397454115108,100919.37242297898,50.0397454115108,52.13045819549952,52.11053383187705,,,,,,0.42556384052341173,-3.7103528045055016,531954.8006542646,1250000.0,5.000000000000001,5.000000000000001,106390.96013085291,50.26904728221488,106390.96013085291,50.26904728221488,50.80169758488787,50.85770640602356,1.0221597900887098,1.7197938445404035,0.2817329706615481,0.262289205673616,0.023449597452469044,0.936911829028722,-0.2830127780809647,1171139.7862859026,1250000.0,5.000000000000001,5.000000000000001,234227.95725718047,53.69638730863941,234227.95725718047,53.69638730863941,14.654666989223589,14.667453188574825,0.19244000495885147,0.163062659315185,0.2817329706615481,0.262289205673616,0.023449597452469044,0.9745019540692257,-0.11217285699124127,1218127.442586532,1250000.0,5.000000000000001,5.000000000000001,243625.48851730637,53.86722722972913,243625.48851730637,53.86722722972913,9.212020859286833,9.239505725674496,0.10899898312613321,0.163062659315185,0.04532288323789242,0.15589857620340694,0.00829890756697511,0.9620355269924408,-0.16808889613039174,1202544.408740551,1250000.0,5.000000000000001,5.000000000000001,240508.88174811014,53.81131119058998,240508.88174811014,53.81131119058998,11.131662949305964,11.338013989487608,0.14062068417029955,0.17402068935630619,0.1578886882864782,,
397,13,19.85,7,0.4024267011196039,-3.9531321144071674,503033.37639950484,1250000.0,5.000000000000001,5.000000000000001,100606.67527990096,50.026267972313214,100606.67527990096,50.026267972313214,52.181181485769415,52.16428892188596,,,,,,0.42636038539413307,-3.7022315389697704,532950.4817426663,1250000.0,5.000000000000001,5.000000000000001,106590.09634853325,50.277168547750605,106590.09634853325,50.277168547750605,50.77474527769588,50.777118559147894,1.015879199913217,1.7218008927588861,0.2819751637032403,0.2619019488780936,0.023379192508386524,0.936211008245631,-0.28626256615727186,1170263.7603070387,1250000.0,5.000000000000001,5.000000000000001,234052.7520614077,53.693137520563106,234052.7520614077,53.693137520563106,14.740310648399568,14.756373191590589,0.19422179956117733,0.16515759304722694,0.2819751637032403,0.2619019488780936,0.023379192508386524,0.974278714596485,-0.11316785528055362,1217848.3932456062,1250000.0,5.000000000000001,5.000000000000001,243569.6786491212,53.866232231439824,243569.6786491212,53.866232231439824,9.254872872963928,9.299730546112986,0.11086363976050032,0.16515759304722694,0.04524477018258731,0.15587352518785375,0.00827490677430083,0.9570070582657222,-0.19084859135851476,1196258.8228321527,1250000.0,5.000000000000001,5.000000000000001,239251.7645664305,53.78855149536186,239251.7645664305,53.78855149536186,11.807715118619337,12.303305442248194,0.1573064985730142,0.17363681235892378,0.2157234437536497,,
398,13,19.900000000000002,8,0.40508804423791345,-3.924505743876866,506360.05529739184,1250000.0,5.000000000000001,5.000000000000001,101272.01105947835,50.054894342843504,101272.01105947835,50.054894342843504,52.048109428069004,52.053771761883795,,,,,,0.4277900643536622,-3.687693063621703,534737.5804420777,1250000.0,5.000000000000001,5.000000000000001,106947.51608841552,50.29170702309867,106947.51608841552,50.29170702309867,50.68411039407105,50.7011201856432,1.017379746123623,1.7498222894688458,0.28220023874298356,0.26187159169774316,0.02334228071586238,0.9364268179617753,-0.2852615720732494,1170533.5224522192,1250000.0,5.000000000000001,5.000000000000001,234106.70449044378,53.69413851464713,234106.70449044378,53.69413851464713,14.708037594438835,14.722752950785932,0.19312071862797694,0.1634169245637982,0.28220023874298356,0.26187159169774316,0.02334228071586238,0.9746981650844786,-0.11129851514544054,1218372.7063555983,1250000.0,5.000000000000001,5.000000000000001,243674.5412711196,53.86810157157494,243674.5412711196,53.86810157157494,9.180819732808777,9.20333273630563,0.10792307813549766,0.1634169245637982,0.04517185990322293,0.15585203400167164,0.008251540465547427,0.9620780675488938,-0.16789685831121032,1202597.5844361172,1250000.0,5.000000000000001,5.000000000000001,240519.5168872234,53.811503228409165,240519.5168872234,53.811503228409165,11.122594121777325,11.279983093801036,0.14050507694798664,0.1732980386965714,0.1626348712510993,,
399,13,19.950000000000003,9,0.4142731522376287,-3.8271321107259713,517841.44029703585,1250000.0,5.000000000000001,5.000000000000001,103568.28805940715,50.1522679759944,103568.28805940715,50.1522679759944,51.488694692025845,51.47114548273455,,,,,,0.4303108633919998,-3.6621768981879965,537888.5792399998,1250000.0,5.000000000000001,5.000000000000001,107577.71584799993,50.31722318853238,107577.71584799993,50.31722318853238,50.55959054803803,50.55730926315541,1.0004629981735262,1.7159561310578024,0.2820619705764587,0.26173350044540566,0.023279139871020104,0.9358658510508945,-0.2878639947099232,1169832.3138136182,1250000.0,5.000000000000001,5.000000000000001,233966.4627627236,53.69153609201045,233966.4627627236,53.69153609201045,14.778462197103995,14.788086778248095,0.19433667439555183,0.16375494981889696,0.2820619705764587,0.26173350044540566,0.023279139871020104,0.9745706340038937,-0.11186679023068406,1218213.292504867,1250000.0,5.000000000000001,5.000000000000001,243642.65850097337,53.86753329648969,243642.65850097337,53.86753329648969,9.201466868510215,9.216728564394217,0.10893219100615519,0.16375494981889696,0.045091509070584394,0.15583411115390733,0.008228753116367445,0.9637369824867021,-0.16041475060182037,1204671.2281083777,1250000.0,5.000000000000001,5.000000000000001,240934.24562167548,53.81898533611856,240934.24562167548,53.81898533611856,10.910856430644891,11.143149613959661,0.13890193790859987,0.17246787810368058,0.15484725723791037,,
400,13,20.0,10,0.401093084106074,-3.9675482632666466,501366.35513259255,1250000.0,5.000000000000001,5.000000000000001,100273.27102651849,50.01185182345373,100273.27102651849,50.01185182345373,52.30574647985793,52.29763171230589,,,,,,0.42749424414140375,-3.6906972831465144,534367.8051767547,1250000.0,5.000000000000001,5.000000000000001,106873.56103535093,50.288702803573855,106873.56103535093,50.288702803573855,50.7418185570715,50.73660190296884,1.0186515923104695,1.7249588350001974,0.28244551071434076,0.2616505908008004,0.023244111542162892,0.9375228961465616,-0.28018117148312227,1171903.620183202,1250000.0,5.000000000000001,5.000000000000001,234380.72403664034,53.69921891523725,234380.72403664034,53.69921891523725,14.58188368034942,14.601186987112225,0.19157740471091472,0.1633881498699912,0.28244551071434076,0.2616505908008004,0.023244111542162892,0.9745856166730427,-0.11180002400264599,1218232.0208413033,1250000.0,5.000000000000001,5.000000000000001,243646.4041682606,53.86760006271773,243646.4041682606,53.86760006271773,9.19929467361768,9.231787871450512,0.10914327407517081,0.1633881498699912,0.04499957755858739,0.1558164854926681,0.008205939560200643,0.9565306109830884,-0.19301127081204045,1195663.2637288605,1250000.0,5.000000000000001,5.000000000000001,239132.65274577207,53.78638881590834,239132.65274577207,53.78638881590834,11.892007019407277,12.274375251182905,0.15527205161648436,0.17212014922646518,0.19405946774817845,,
401,13,20.05,11,0.41500132114591426,-3.8195052072051676,518751.6514323928,1250000.0,5.000000000000001,5.000000000000001,103750.33028647855,50.159894879515214,103750.33028647855,50.159894879515214,51.461294248204844,51.48337469696877,,,,,,0.42052153991320784,-3.7621175390682793,525651.9248915098,1250000.0,5.000000000000001,5.000000000000001,105130.38497830194,50.21728254765209,105130.38497830194,50.21728254765209,51.11673814714068,51.119094541706815,1.011658013900624,1.7396885001759792,0.28242597250624496,0.26143931673541015,0.023178827465974695,0.937006786329318,-0.28257263696317486,1171258.4829116475,1250000.0,5.000000000000001,5.000000000000001,234251.69658232946,53.6968274497572,234251.69658232946,53.6968274497572,14.644100123674672,14.667232400383108,0.19281410321207987,0.16322574763191283,0.28242597250624496,0.26143931673541015,0.023178827465974695,0.9749823023615578,-0.11003267436309142,1218727.8779519473,1250000.0,5.000000000000001,5.000000000000001,243745.5755903894,53.869367412357285,243745.5755903894,53.869367412357285,9.128955405348426,9.155787373765216,0.1080417732806648,0.16322574763191283,0.04492559943017924,0.15579801772986318,0.008183582633043796,0.9696074247389093,-0.1340406756847384,1212009.2809236366,1250000.0,5.000000000000001,5.000000000000001,242401.85618472728,53.84535941103564,242401.85618472728,53.84535941103564,9.990211879661343,10.22159524052395,0.1253633456884949,0.1736547312184736,0.13984696231783697,,
402,13,20.1,12,0.4021255818017505,-3.956382977452874,502656.97725218814,1250000.0,5.000000000000001,5.000000000000001,100531.39545043762,50.023017109267506,100531.39545043762,50.023017109267506,52.2180579721652,52.20638397347216,,,,,,0.4369340936275291,-3.595840663075698,546167.6170344114,1250000.0,5.000000000000001,5.000000000000001,109233.52340688226,50.38355942364468,109233.52340688226,50.38355942364468,50.15047963119146,50.13046445059615,1.0201248671983076,1.7260136314371681,0.28185599029181896,0.26091727592126734,0.02306300886985074,0.9373859903876116,-0.2808154147381995,1171732.4879845146,1250000.0,5.000000000000001,5.000000000000001,234346.49759690286,53.698584671982175,234346.49759690286,53.698584671982175,14.594697824269698,14.617387424306594,0.19210606209310482,0.16432216431211316,0.28185599029181896,0.26091727592126734,0.02306300886985074,0.9745967401642647,-0.11175045582509376,1218245.9252053308,1250000.0,5.000000000000001,5.000000000000001,243649.1850410661,53.867649630895286,243649.1850410661,53.867649630895286,9.194247449769312,9.23164395818894,0.10936184500587993,0.16432216431211316,0.04485262528975252,0.15577750496687096,0.00816099711485654,0.9674486219944403,-0.14372089644229402,1209310.7774930503,1250000.0,5.000000000000001,5.000000000000001,241862.15549861002,53.83567919027808,241862.15549861002,53.83567919027808,10.367450783180518,10.53528813789148,0.12878524106819392,0.1728992492093922,0.13708967593962113,,
403,13,20.150000000000002,13,0.416757081387888,-3.8011701206011135,520946.35173486,1250000.0,5.000000000000001,5.000000000000001,104189.27034697199,50.17822996611926,104189.27034697199,50.17822996611926,51.346764604983754,51.34618197433923,,,,,,0.43216700755359383,-3.6434839104910965,540208.7594419923,1250000.0,5.000000000000001,5.000000000000001,108041.75188839843,50.33591617622928,108041.75188839843,50.33591617622928,50.43889740735676,50.434495112146195,1.007280818213641,1.742966675086525,0.28157339819077226,0.26071903510007444,0.02298901025464209,0.9361839846939077,-0.28638792623823656,1170229.9808673847,1250000.0,5.000000000000001,5.000000000000001,234045.9961734769,53.69301216048214,234045.9961734769,53.69301216048214,14.741216182978102,14.751193212340116,0.19360648706494166,0.1642084314999685,0.28157339819077226,0.26071903510007444,0.02298901025464209,0.9742394104992699,-0.11334306075921119,1217799.2631240874,1250000.0,5.000000000000001,5.000000000000001,243559.85262481743,53.86605702596117,243559.85262481743,53.86605702596117,9.259360535008149,9.277554731352822,0.10928277599089989,0.1642084314999685,0.04478414708006052,0.1557582808016598,0.008138840355872493,0.9669412432479041,-0.1459991527428284,1208676.55405988,1250000.0,5.000000000000001,5.000000000000001,241735.31081197597,53.83340093397755,241735.31081197597,53.83340093397755,10.467198227992009,10.589361133627623,0.13028518996778865,0.17172871960622496,0.1324195196070502,,
404,13,20.200000000000003,14,0.40309766031915073,-3.9458972259473137,503872.0753989384,1250000.0,5.000000000000001,5.000000000000001,100774.41507978766,50.03350286077306,100774.41507978766,50.03350286077306,52.105848103298584,52.109035623024546,,,,,,0.4258790292986018,-3.7071374448630126,532348.7866232522,1250000.0,5.000000000000001,5.000000000000001,106469.75732465042,50.27226264185736,106469.75732465042,50.27226264185736,50.83727745757344,50.80025863103134,1.0340124758371663,1.7438415950866708,0.2810065583433757,0.2602427611448772,0.022877957396412584,0.9357122053577568,-0.2885770558255878,1169640.256697196,1250000.0,5.000000000000001,5.000000000000001,233928.05133943917,53.690823030894784,233928.05133943917,53.690823030894784,14.799580712651846,14.817954764859994,0.19506598798460648,0.16584086033083947,0.2810065583433757,0.2602427611448772,0.022877957396412584,0.9740493325510285,-0.11419046907698824,1217561.6656887857,1250000.0,5.000000000000001,5.000000000000001,243512.33313775712,53.86520961764339,243512.33313775712,53.86520961764339,9.295565915484897,9.320682123046865,0.11079606270707183,0.16584086033083947,0.044716775841830946,0.15573767282660878,0.008116617213264298,0.9672375602557653,-0.14466847077917638,1209046.9503197067,1250000.0,5.000000000000001,5.000000000000001,241809.3900639413,53.834731615941195,241809.3900639413,53.834731615941195,10.407799872569374,10.553070643002346,0.1278095499702493,0.17386972287707597,0.12746885820130843,,
405,13,20.25,15,0.4037052584107428,-3.9393559370611837,504631.5730134285,1250000.0,5.000000000000001,5.000000000000001,100926.31460268568,50.040044149659195,100926.31460268568,50.040044149659195,52.13776544110239,52.12837673836573,,,,,,0.42546240466153956,-3.711388096555213,531828.0058269245,1250000.0,5.000000000000001,5.000000000000001,106365.60116538487,50.268011990165164,106365.60116538487,50.268011990165164,50.87996795167306,50.85746132524364,1.0255814961858372,1.7476387177052772,0.28113730308060975,0.26006233318315736,0.02282472449246279,0.9379778245160084,-0.27807429002783735,1172472.2806450105,1250000.0,5.000000000000001,5.000000000000001,234494.45612900206,53.70132579669254,234494.45612900206,53.70132579669254,14.526498723001765,14.545051958282064,0.19093459708704147,0.1641280571228274,0.28113730308060975,0.26006233318315736,0.02282472449246279,0.9749685722062383,-0.11009383416735921,1218710.7152577979,1250000.0,5.000000000000001,5.000000000000001,243742.14305155954,53.86930625255302,243742.14305155954,53.86930625255302,9.122695864661589,9.151191066284856,0.10784028884631816,0.1641280571228274,0.04465609790788629,0.15571939947326224,0.008094905649505834,0.9672801631944509,-0.14447718567526968,1209100.2039930637,1250000.0,5.000000000000001,5.000000000000001,241820.0407986127,53.834922901045104,241820.0407986127,53.834922901045104,10.263771128053772,10.673842696000904,0.1307839910355892,0.17193003827392533,0.15124558935504936,,
406,13,20.3,16,0.41076532452809483,-3.864062252542123,513456.65566011856,1250000.0,5.000000000000001,5.000000000000001,102691.3311320237,50.11533783417825,102691.3311320237,50.11533783417825,51.71617113533588,51.70662716373151,,,,,,0.43419339942264723,-3.623167829454183,542741.749278309,1250000.0,5.000000000000001,5.000000000000001,108548.34985566179,50.356232257266186,108548.34985566179,50.356232257266186,50.335365581185094,50.32200559385598,1.0016374866178395,1.7298584355359434,0.28088451850513035,0.25999327137910516,0.0227654327882875,0.9372283585055923,-0.28154579063375146,1171535.4481319904,1250000.0,5.000000000000001,5.000000000000001,234307.08962639802,53.697854296086625,234307.08962639802,53.697854296086625,14.61158564287588,14.622516018171325,0.19232552272999684,0.1640913173800181,0.28088451850513035,0.25999327137910516,0.0227654327882875,0.9747259703991186,-0.11117462527974388,1218407.4629988982,1250000.0,5.000000000000001,5.000000000000001,243681.4925997796,53.86822546144063,243681.4925997796,53.86822546144063,9.174206096137496,9.197123943595587,0.10912759835855475,0.1640913173800181,0.04458985728814536,0.15570237888155236,0.008073534991839864,0.9596121803616005,-0.17904248167464187,1199515.2254520005,1250000.0,5.000000000000001,5.000000000000001,239903.04509040006,53.80035760504573,239903.04509040006,53.80035760504573,11.581120638520607,11.73012689679545,0.14734697396387778,0.1734656438421659,0.17683956089526237,,
407,13,20.35,17,0.3925317192187357,-4.061252435682162,490664.6490234196,1250000.0,5.000000000000001,5.000000000000001,98132.9298046839,49.91814765103821,98132.9298046839,49.91814765103821,52.816778245156094,52.82873698107496,,,,,,0.4299660730791539,-3.665658115269432,537457.5913489424,1250000.0,5.000000000000001,5.000000000000001,107491.51826978846,50.313741971450945,107491.51826978846,50.313741971450945,50.55384419216519,50.54761218424339,1.0127920853284296,1.7220924541712386,0.2798663899277875,0.2597610873123816,0.022658518939016655,0.9377438266043436,-0.27915786234017254,1172179.7832554295,1250000.0,5.000000000000001,5.000000000000001,234435.95665108584,53.7002422243802,234435.95665108584,53.7002422243802,14.550620595463462,14.574310411837098,0.1907816310545784,0.16446264393575555,0.2798663899277875,0.2597610873123816,0.022658518939016655,0.9738968324531283,-0.11487046683393802,1217371.0405664104,1250000.0,5.000000000000001,5.000000000000001,243474.20811328205,53.86452961988644,243474.20811328205,53.86452961988644,9.32489340558448,9.352610256960753,0.11011565208740799,0.16446264393575555,0.04451691407626881,0.15568577111349152,0.008052178961148241,0.9675872598803172,-0.1430985858227742,1209484.0748503965,1250000.0,5.000000000000001,5.000000000000001,241896.81497007926,53.836301500897605,241896.81497007926,53.836301500897605,10.33429935425768,11.16601297555926,0.1396337755754933,0.17458642454759857,0.1934780310560014,,
408,13,20.400000000000002,18,0.4085069696748445,-3.8880052942408936,510633.71209355566,1250000.0,5.000000000000001,5.000000000000001,102126.74241871112,50.091394792479484,102126.74241871112,50.091394792479484,51.84913822492872,51.832636251710404,,,,,,0.42601285668986877,-3.7057729407753737,532516.070862336,1250000.0,5.000000000000001,5.000000000000001,106503.21417246717,50.273627145945,106503.21417246717,50.273627145945,50.8287764712815,50.85094845759453,0.999816136576759,1.7276285398132185,0.27958578447445614,0.2595358048867632,0.022584086543320052,0.938467034520382,-0.2758097821294905,1173083.7931504776,1250000.0,5.000000000000001,5.000000000000001,234616.7586300955,53.70359030459088,234616.7586300955,53.70359030459088,14.464663258116062,14.482602923621311,0.1895060383197375,0.1642068676751872,0.27958578447445614,0.2595358048867632,0.022584086543320052,0.9741276317837599,-0.11384137425292103,1217659.5397297,1250000.0,5.000000000000001,5.000000000000001,243531.90794593995,53.865558712467454,243531.90794593995,53.865558712467454,9.280509848830874,9.300542910809947,0.10962025106746982,0.1642068676751872,0.044432969514273724,0.15566229238669788,0.008029992258039144,0.9681086222549591,-0.1407591190713705,1210135.777818699,1250000.0,5.000000000000001,5.000000000000001,242027.15556373974,53.838640967649,242027.15556373974,53.838640967649,10.269340306180329,10.512329130820806,0.12879311098918822,0.1717148041797575,0.1442455557844598,,
409,13,20.450000000000003,19,0.4040492760130956,-3.9356566707854634,505061.5950163695,1250000.0,5.000000000000001,5.000000000000001,101012.31900327388,50.04374341593491,101012.31900327388,50.04374341593491,52.12116225712191,52.141667141457276,,,,,,0.42922237874351926,-3.673176429235729,536527.9734293991,1250000.0,5.000000000000001,5.000000000000001,107305.5946858798,50.306223657484644,107305.5946858798,50.306223657484644,50.6179833287453,50.61976793023515,1.0012180529056436,1.715001071469139,0.27955503945552096,0.2593187209705208,0.022520668271172682,0.9367004799061355,-0.28399257264834715,1170875.5998826693,1250000.0,5.000000000000001,5.000000000000001,234175.1199765338,53.69540751407203,234175.1199765338,53.69540751407203,14.67825282921629,14.701472843923563,0.19283147866329617,0.1654177738746128,0.27955503945552096,0.2593187209705208,0.022520668271172682,0.973549530721597,-0.11641948230374148,1216936.9134019963,1250000.0,5.000000000000001,5.000000000000001,243387.3826803992,53.862980604416634,243387.3826803992,53.862980604416634,9.38033966829454,9.404180582383004,0.11139815790703163,0.1654177738746128,0.04435210315777137,0.15564042679556392,0.008008060372863435,0.9697736048496757,-0.1332964062071735,1212217.0060620946,1250000.0,5.000000000000001,5.000000000000001,242443.4012124189,53.8461036805132,242443.4012124189,53.8461036805132,10.002719217033336,10.24977606861698,0.12592373467375398,0.172004565323112,0.1348036489908721,,
410,13,20.5,20,0.4006314076772064,-3.9725500699895244,500789.259596508,1250000.0,5.000000000000001,5.000000000000001,100157.85191930158,50.00685001673085,100157.85191930158,50.00685001673085,52.29184259577706,52.27757741705368,,,,,,0.42628786464432833,-3.7029703046105418,532859.8308054104,1250000.0,5.000000000000001,5.000000000000001,106571.96616108206,50.27642978210984,106571.96616108206,50.27642978210984,50.798616994256065,50.80100943741754,1.0149542081722136,1.7365128080000976,0.279669561734858,0.2591959248817144,0.022472866740803277,0.9371993141726677,-0.2816803788465119,1171499.1427158345,1250000.0,5.000000000000001,5.000000000000001,234299.82854316686,53.697719707873866,234299.82854316686,53.697719707873866,14.617477606829397,14.636236911234459,0.19212958452653028,0.16640066669401032,0.279669561734858,0.2591959248817144,0.022472866740803277,0.9740153149124721,-0.11434214446140833,1217519.1436405901,1250000.0,5.000000000000001,5.000000000000001,243503.82872811798,53.86505794225897,243503.82872811798,53.86505794225897,9.298949294997811,9.328152437356207,0.11050086105743144,0.16640066669401032,0.04428017082709222,0.1556199464731756,0.007986640584653152,0.9665106713336136,-0.1479334652345938,1208138.339167017,1250000.0,5.000000000000001,5.000000000000001,241627.66783340336,53.83146662148579,241627.66783340336,53.83146662148579,10.53555844834182,10.814687630042645,0.13248929072800988,0.17301477462176149,0.15059219129438556,,
411,13,20.55,21,0.41340089339777775,-3.8362858915695073,516751.1167472222,1250000.0,5.000000000000001,5.000000000000001,103350.22334944442,50.14311419515087,103350.22334944442,50.14311419515087,51.504393081668034,51.5294956002572,,,,,,0.43055704145181084,-3.6596930379986614,538196.3018147636,1250000.0,5.000000000000001,5.000000000000001,107639.2603629527,50.31970704872172,107639.2603629527,50.31970704872172,50.50790622716393,50.49445113042982,1.0292824295258425,1.7441809260911305,0.2797227643332418,0.258901847579976,0.022407474275948552,0.9365907586591226,-0.28450131716386884,1170738.4483239031,1250000.0,5.000000000000001,5.000000000000001,234147.6896647806,53.69489876955651,234147.6896647806,53.69489876955651,14.692449489263018,14.720288137146317,0.19298922642802188,0.16369035253078862,0.2797227643332418,0.258901847579976,0.022407474275948552,0.9743159273735952,-0.11300197877233448,1217894.909216994,1250000.0,5.000000000000001,5.000000000000001,243578.98184339874,53.866398107948044,243578.98184339874,53.866398107948044,9.250596457405555,9.2836679231219,0.10910614022073614,0.16369035253078862,0.044206431876073315,0.15559678501725333,0.007965049762151264,0.9634183152929544,-0.16185101684594766,1204272.894116193,1250000.0,5.000000000000001,5.000000000000001,240854.57882323858,53.817549069874424,240854.57882323858,53.817549069874424,10.890670746554964,11.174864622686464,0.13779193521558947,0.17430975230700707,0.15591717321607296,,
412,13,20.6,22,0.4058133102731292,-3.9167371264182265,507266.6378414115,1250000.0,5.000000000000001,5.000000000000001,101453.32756828229,50.06266296030215,101453.32756828229,50.06266296030215,51.978918697594054,52.02620136894221,,,,,,0.42283730640570044,-3.738267024162321,528546.6330071256,1250000.0,5.000000000000001,5.000000000000001,105709.3266014251,50.241133062558056,105709.3266014251,50.241133062558056,50.997303594133164,50.997067972038515,1.0260827824448682,1.7293914012462879,0.27899900552148876,0.2585402144466915,0.022303442704469875,0.9388368664285969,-0.274098647784475,1173546.0830357461,1250000.0,5.000000000000001,5.000000000000001,234709.2166071492,53.7053014389359,234709.2166071492,53.7053014389359,14.430230737578015,14.454301343955986,0.189853812550471,0.16255456107973085,0.27899900552148876,0.2585402144466915,0.022303442704469875,0.9756134717070623,-0.10722211384501851,1219516.8396338278,1250000.0,5.000000000000001,5.000000000000001,243903.36792676552,53.87217797287535,243903.36792676552,53.87217797287535,9.00799623001608,9.033132789157019,0.10653684969163431,0.16255456107973085,0.04413297720982876,0.15557444232417894,0.007943790113665482,0.9706871564807089,-0.12920716648112077,1213358.9456008861,1250000.0,5.000000000000001,5.000000000000001,242671.78912017719,53.85019292023926,242671.78912017719,53.85019292023926,9.839880109178832,10.342871509591816,0.1261248054954836,0.17351908382997,0.16156721368643284,,
413,13,20.650000000000002,23,0.4091642440770087,-3.881023252984284,511455.30509626085,1250000.0,5.000000000000001,5.000000000000001,102291.06101925216,50.0983768337361,102291.06101925216,50.0983768337361,51.78734443184089,51.785046990330514,,,,,,0.4214032157899449,-3.753021545501797,526754.0197374311,1250000.0,5.000000000000001,5.000000000000001,105350.8039474862,50.22637854121858,105350.8039474862,50.22637854121858,51.07447271363809,51.05651934544348,1.0159236585726057,1.7275580309670566,0.278456276196967,0.2583946712855676,0.022226330089464768,0.9372924185106825,-0.28124895842924025,1171615.5231383531,1250000.0,5.000000000000001,5.000000000000001,234323.10462767057,53.69815112829113,234323.10462767057,53.69815112829113,14.603133322797287,14.618990803492565,0.19147889885915126,0.16494758270226512,0.278456276196967,0.2583946712855676,0.022226330089464768,0.9739236318696074,-0.11475096055593124,1217404.5398370093,1250000.0,5.000000000000001,5.000000000000001,243480.9079674018,53.86464912616445,243480.9079674018,53.86464912616445,9.316439272317597,9.340994096223227,0.11026194707564092,0.16494758270226512,0.04406667009916293,0.15555197064827736,0.00792273355356617,0.9639471730496326,-0.15946765974434307,1204933.9663120408,1250000.0,5.000000000000001,5.000000000000001,240986.79326240811,53.81993242697603,240986.79326240811,53.81993242697603,10.9053456106146,11.22874498057526,0.14083263892786624,0.1738673842855022,0.1679886082589445,,
414,13,20.700000000000003,24,0.40329780033312423,-3.94374146714899,504122.2504164053,1250000.0,5.000000000000001,5.000000000000001,100824.45008328104,50.035658619571386,100824.45008328104,50.035658619571386,52.12854501546169,52.113195474776205,,,,,,0.4281881388272321,-3.683653671985824,535235.1735340401,1250000.0,5.000000000000001,5.000000000000001,107047.034706808,50.29574641473455,107047.034706808,50.29574641473455,50.65485440664379,50.633661105389756,1.0186303830682013,1.7313167487995038,0.2781601795835068,0.2580428242164468,0.02214300474896968,0.9375032511430521,-0.28027217519135095,1171879.063928815,1250000.0,5.000000000000001,5.000000000000001,234375.81278576297,53.699127911529025,234375.81278576297,53.699127911529025,14.580960991348954,14.601509270218903,0.19115411960871384,0.16514409412674608,0.2781601795835068,0.2580428242164468,0.02214300474896968,0.9738525782200309,-0.1150678163403278,1217315.7227750386,1250000.0,5.000000000000001,5.000000000000001,243463.14455500766,53.86433227038005,243463.14455500766,53.86433227038005,9.334137939212155,9.354942247094375,0.11036644449843372,0.16514409412674608,0.043998044519786485,0.1555270456090508,0.007901426326784021,0.9663840134935084,-0.14850263024454458,1207980.0168668856,1250000.0,5.000000000000001,5.000000000000001,241596.00337337708,53.830897456475824,241596.00337337708,53.830897456475824,10.531326374896313,10.666113678805377,0.1313223780360044,0.1737043197862271,0.1313528724831379,,
415,13,20.75,25,0.4042829356667197,-3.9331458936675285,505353.6695833996,1250000.0,5.000000000000001,5.000000000000001,101070.7339166799,50.046254193052846,101070.7339166799,50.046254193052846,52.071254275363245,52.08797805625545,,,,,,0.4344029087927902,-3.6210727534271707,543003.6359909878,1250000.0,5.000000000000001,5.000000000000001,108600.72719819754,50.35832733329321,108600.72719819754,50.35832733329321,50.33777015767011,50.34559122606345,1.0053674385420375,1.7389185819066888,0.2779675296826361,0.2579609132118401,0.022087002409376104,0.9381356286340209,-0.27734370033219846,1172669.535792526,1250000.0,5.000000000000001,5.000000000000001,234533.90715850517,53.70205638638818,234533.90715850517,53.70205638638818,14.508047022394184,14.532309906500572,0.18972211354670615,0.16532466825474015,0.2779675296826361,0.2579609132118401,0.022087002409376104,0.9739398944952022,-0.11467844245123175,1217424.8681190028,1250000.0,5.000000000000001,5.000000000000001,243484.97362380053,53.86472164426914,243484.97362380053,53.86472164426914,9.320731245610236,9.352162618618982,0.10966902243478202,0.16532466825474015,0.043920538118239566,0.15550367059617157,0.007880361355484878,0.9677607580872094,-0.14231992158899617,1209700.9476090118,1250000.0,5.000000000000001,5.000000000000001,241940.18952180233,53.83708016513138,241940.18952180233,53.83708016513138,10.318991223481124,10.778134018463621,0.1322906617164564,0.17452753164559193,0.16009292675329,,
416,13,20.8,26,0.4153115097735744,-3.8162603286342867,519139.387216968,1250000.0,5.000000000000001,5.000000000000001,103827.87744339358,50.16313975808609,103827.87744339358,50.16313975808609,51.44556554492435,51.47927724110489,,,,,,0.427314992979279,-3.6925186905049285,534143.7412240987,1250000.0,5.000000000000001,5.000000000000001,106828.74824481973,50.28688139621544,106828.74824481973,50.28688139621544,50.75059499124495,50.767871696400576,1.0093384330735673,1.7469764779662582,0.27757320844772265,0.2577002873200145,0.022006957208351195,0.9372632085479027,-0.2813843049131724,1171579.0106848783,1250000.0,5.000000000000001,5.000000000000001,234315.80213697563,53.6980157818072,234315.80213697563,53.6980157818072,14.607953543704577,14.624746588428726,0.1910485078447585,0.16510190719435455,0.27757320844772265,0.2577002873200145,0.022006957208351195,0.9737318538738403,-0.11560622603990356,1217164.8173423004,1250000.0,5.000000000000001,5.000000000000001,243432.96346846005,53.863793860680474,243432.96346846005,53.863793860680474,9.355185832394836,9.384040955711821,0.11024145660212933,0.16510190719435455,0.043840255192744634,0.15547841036848692,0.00785922411258668,0.9609346411197776,-0.17306150277675733,1201168.301399722,1250000.0,5.000000000000001,5.000000000000001,240233.66027994436,53.80633858394362,240233.66027994436,53.80633858394362,11.304721129800544,11.501875385098767,0.14439497395909529,0.1732226883710975,0.16927800442750168,,
417,13,20.85,27,0.3990331464575766,-3.9899102730644485,498791.43307197077,1250000.0,5.000000000000001,5.000000000000001,99758.28661439414,49.98948981365593,99758.28661439414,49.98948981365593,52.37413826449516,52.371872239675746,,,,,,0.4275490299814826,-3.6901407455118633,534436.2874768532,1250000.0,5.000000000000001,5.000000000000001,106887.25749537062,50.289259341208506,106887.25749537062,50.289259341208506,50.711356564716866,50.73090651175191,1.0016922268571142,1.7370747754098261,0.2773480031281797,0.25769871632843877,0.021957695630663947,0.9368611815333924,-0.2832475549469487,1171076.4769167404,1250000.0,5.000000000000001,5.000000000000001,234215.29538334804,53.69615253177343,234215.29538334804,53.69615253177343,14.655293320490276,14.680113041925287,0.19202822403050743,0.16455371706300498,0.2773480031281797,0.25769871632843877,0.021957695630663947,0.973944927481526,-0.11465599966443836,1217431.1593519074,1250000.0,5.000000000000001,5.000000000000001,243486.23187038145,53.86474408705594,243486.23187038145,53.86474408705594,9.313415105924115,9.349080325254903,0.10992608106153719,0.16455371706300498,0.04374195174474195,0.15545537787870467,0.007838203737938483,0.966228485360448,-0.14920163234822256,1207785.60670056,1250000.0,5.000000000000001,5.000000000000001,241557.12134011197,53.83019845437215,241557.12134011197,53.83019845437215,10.549856318843895,10.695655214315455,0.13228819166276454,0.1721831789329725,0.1364853935039358,,
418,13,20.900000000000002,28,0.40542312674602643,-3.9209148126779785,506778.90843253303,1250000.0,5.000000000000001,5.000000000000001,101355.78168650658,50.0584852740424,101355.78168650658,50.0584852740424,51.98073208052763,51.99675946098497,,,,,,0.41871801931251806,-3.7807834906911184,523397.5241406476,1250000.0,5.000000000000001,5.000000000000001,104679.5048281295,50.198616596029254,104679.5048281295,50.198616596029254,51.259271944832975,51.27946119172081,1.015488493650127,1.7410328176663554,0.27725808488230036,0.257690534889246,0.021913384918653567,0.9381412650173707,-0.27731760769954905,1172676.5812717134,1250000.0,5.000000000000001,5.000000000000001,234535.31625434264,53.70208247902083,234535.31625434264,53.70208247902083,14.49839638043672,14.519990576743865,0.1901182225614919,0.16437278225408297,0.27725808488230036,0.257690534889246,0.021913384918653567,0.974148799029802,-0.11374700552774294,1217685.9987872525,1250000.0,5.000000000000001,5.000000000000001,243537.19975745046,53.86565308119263,243537.19975745046,53.86565308119263,9.27581112775391,9.305025448928301,0.10969719061446256,0.16437278225408297,0.04365233914523377,0.15543470639316903,0.007817882167955158,0.9603180984096892,-0.1758488623003781,1200397.6230121115,1250000.0,5.000000000000001,5.000000000000001,240079.52460242226,53.80355122441999,240079.52460242226,53.80355122441999,11.377705830998726,11.697538936344039,0.14699249399174777,0.17441273527090875,0.1841255160643963,,
419,13,20.950000000000003,29,0.4044238429696818,-3.9316324832109286,505529.80371210224,1250000.0,5.000000000000001,5.000000000000001,101105.96074242043,50.04776760350944,101105.96074242043,50.04776760350944,52.075937621467574,52.043206439854565,,,,,,0.42781239663358256,-3.6874663511849777,534765.4957919782,1250000.0,5.000000000000001,5.000000000000001,106953.09915839562,50.291933735535395,106953.09915839562,50.291933735535395,50.70047796641261,50.69365552174979,1.0040859823415618,1.7322647159640319,0.2768424573961057,0.2572827911497062,0.021820749666247783,0.9383203585993487,-0.2764886074828158,1172900.448249186,1250000.0,5.000000000000001,5.000000000000001,234580.08964983714,53.70291147923756,234580.08964983714,53.70291147923756,14.478700530258948,14.502059611524809,0.1901668002482196,0.16443236659172028,0.2768424573961057,0.2572827911497062,0.021820749666247783,0.9741630905402356,-0.11368329166188061,1217703.8631752946,1250000.0,5.000000000000001,5.000000000000001,243540.77263505888,53.865716795058496,243540.77263505888,53.865716795058496,9.266029262746567,9.296838603939488,0.1100084610833502,0.16443236659172028,0.04356047973465906,0.1554061246760063,0.007796798531860094,0.9608201977983508,-0.17357876025454305,1201025.2472479385,1250000.0,5.000000000000001,5.000000000000001,240205.04944958768,53.80582132646583,240205.04944958768,53.80582132646583,11.364553657362336,11.693808461244569,0.1459234270555952,0.17191087112349263,0.17884713835115226,,
420,14,21.0,0,0.40567912269006207,-3.918173416518539,507098.9033625776,1250000.0,5.000000000000001,5.000000000000001,101419.78067251551,50.06122667020183,101419.78067251551,50.06122667020183,52.00601617212972,52.01195770407427,,,,,,0.4274750027300464,-3.6908927624297405,534343.753412558,1250000.0,5.000000000000001,5.000000000000001,106868.75068251159,50.288507324290634,106868.75068251159,50.288507324290634,50.71162049997422,50.699144662722794,1.0082590349448515,1.7216911731509534,0.27685619602303435,0.25683838139535864,0.021742307208686695,0.9383489712360319,-0.27635617807687174,1172936.2140450398,1250000.0,5.000000000000001,5.000000000000001,234587.24280900793,53.70304390864351,234587.24280900793,53.70304390864351,14.484904956854564,14.49939512788443,0.18988759481563092,0.16303878844871475,0.27685619602303435,0.25683838139535864,0.021742307208686695,0.9742450873409774,-0.11331775472233031,1217806.3591762218,1250000.0,5.000000000000001,5.000000000000001,243561.27183524432,53.866082331998044,243561.27183524432,53.866082331998044,9.260180875311486,9.28525003968321,0.10909920814033014,0.16303878844871475,0.043476353561531275,0.15537355691715352,0.007775326913200464,0.9600022206055109,-0.17727762381676926,1200002.7757568886,1250000.0,5.000000000000001,5.000000000000001,240000.55515137766,53.80212246290361,240000.55515137766,53.80212246290361,11.422741436208785,11.689375455279764,0.14841470644511104,0.17131347052257345,0.1879403726062195,,
421,14,21.05,1,0.40820406776597856,-3.8912267184063425,510255.08470747323,1250000.0,5.000000000000001,5.000000000000001,102051.01694149463,50.08817336831403,102051.01694149463,50.08817336831403,51.85190386153461,51.84511216271087,,,,,,0.42562614217003386,-3.709717053100059,532032.6777125424,1250000.0,5.000000000000001,5.000000000000001,106406.53554250846,50.26968303362032,106406.53554250846,50.26968303362032,50.83089099813441,50.812939465519094,1.0147246697514127,1.7383181483925754,0.2764159150328177,0.2566484960232162,0.021668276401809145,0.9384961830952788,-0.27567489333555756,1173120.2288690985,1250000.0,5.000000000000001,5.000000000000001,234624.04577381964,53.70372519338482,234624.04577381964,53.70372519338482,14.460376308236988,14.475235049859084,0.1900395647128257,0.1644082273238639,0.2764159150328177,0.2566484960232162,0.021668276401809145,0.9742890205677461,-0.11312191562581493,1217861.2757096826,1250000.0,5.000000000000001,5.000000000000001,243572.25514193648,53.866278171094564,243572.25514193648,53.866278171094564,9.249508348710172,9.273032399257744,0.10958641922118757,0.1644082273238639,0.04338220171699923,0.15534508018981663,0.007754286725717027,0.9597206774277415,-0.17855148109611585,1199650.846784677,1250000.0,5.000000000000001,5.000000000000001,239930.16935693534,53.80084860562426,239930.16935693534,53.80084860562426,11.198409243958576,11.417287848132798,0.14072874933824175,0.17187034962555847,0.15938292301141235,,
422,14,21.1,2,0.40097117905908264,-3.9688684240583334,501213.9738238533,1250000.0,5.000000000000001,5.000000000000001,100242.79476477065,50.01053166266204,100242.79476477065,50.01053166266204,52.30536790828302,52.28487854905967,,,,,,0.4280155281603215,-3.6854047474381453,535019.4102004019,1250000.0,5.000000000000001,5.000000000000001,107003.88204008037,50.29399533928223,107003.88204008037,50.29399533928223,50.72948985222347,50.74747364822118,0.9963156644350712,1.7204434281749907,0.2759981327098283,0.2563402515921036,0.02158474321426011,0.9391952604326707,-0.2724410772032299,1173994.0755408383,1250000.0,5.000000000000001,5.000000000000001,234798.81510816762,53.70695900951715,234798.81510816762,53.70695900951715,14.377261266582863,14.405664653148197,0.188919445991446,0.16379245786867908,0.2759981327098283,0.2563402515921036,0.02158474321426011,0.9746873007936167,-0.11134692323767034,1218359.1259920208,1250000.0,5.000000000000001,5.000000000000001,243671.8251984041,53.8680531634827,243671.8251984041,53.8680531634827,9.180229871130962,9.220010748586402,0.10863763457451303,0.16379245786867908,0.0432851043680005,0.1553144750197756,0.007733038985062007,0.9586222727224443,-0.18352484787082113,1198277.8409030554,1250000.0,5.000000000000001,5.000000000000001,239655.56818061104,53.79587523884956,239655.56818061104,53.79587523884956,11.669854744110234,11.842662783595213,0.14837733868575753,0.1745041834808732,0.17518270557119683,,
423,14,21.150000000000002,3,0.40367421737382286,-3.9396898804287783,504592.7717172786,1250000.0,5.000000000000001,5.000000000000001,100918.5543434557,50.039710206291595,100918.5543434557,50.039710206291595,52.126751369543896,52.15318796102552,,,,,,0.427072507615046,-3.6949838496600655,533840.6345188075,1250000.0,5.000000000000001,5.000000000000001,106768.12690376148,50.284416237060306,106768.12690376148,50.284416237060306,50.745584966072315,50.736185585026284,1.0121666832169427,1.7282256271321361,0.2759052384661317,0.25617063758115427,0.02152751584736461,0.9385576890988564,-0.2753902801088099,1173197.1113735705,1250000.0,5.000000000000001,5.000000000000001,234639.42227471407,53.704009806611566,234639.42227471407,53.704009806611566,14.456616572328647,14.48287310638822,0.189605168000659,0.16365524645197851,0.2759052384661317,0.25617063758115427,0.02152751584736461,0.9742621532705826,-0.11324167967470586,1217827.6915882283,1250000.0,5.000000000000001,5.000000000000001,243565.53831764564,53.866158407045674,243565.53831764564,53.866158407045674,9.255966229270948,9.29295655661801,0.10893116891578383,0.16365524645197851,0.04319564153296142,0.15528431967988,0.007712295825372299,0.9584568869717538,-0.18427417654329956,1198071.1087146923,1250000.0,5.000000000000001,5.000000000000001,239614.22174293842,53.79512591017708,239614.22174293842,53.79512591017708,11.581020655674482,11.917939018390285,0.14884566032082336,0.17350720312128115,0.1794279968037817,,
424,14,21.200000000000003,4,0.405305977718388,-3.922169909512116,506632.472147985,1250000.0,5.000000000000001,5.000000000000001,101326.49442959699,50.05723017720826,101326.49442959699,50.05723017720826,52.035755927800764,52.028829478128934,,,,,,0.4356621936105494,-3.6085012612969574,544577.7420131868,1250000.0,5.000000000000001,5.000000000000001,108915.54840263735,50.370898825423424,108915.54840263735,50.370898825423424,50.214591383352335,50.21822480579094,1.0297157739511582,1.7355684066092025,0.27543301003112386,0.2557406307237216,0.02143221038625638,0.9388222843776721,-0.27416610309710576,1173527.8554720902,1250000.0,5.000000000000001,5.000000000000001,234705.571094418,53.705233983623266,234705.571094418,53.705233983623266,14.42349673551513,14.43958603055211,0.18971995614596446,0.16315300470516372,0.27543301003112386,0.2557406307237216,0.02143221038625638,0.9746108279935036,-0.11168767886279865,1218263.5349918795,1250000.0,5.000000000000001,5.000000000000001,243652.70699837586,53.86771240785758,243652.70699837586,53.86771240785758,9.190625838963651,9.21866062060575,0.10915216257352009,0.16315300470516372,0.043114866624132275,0.1552495733431551,0.00769111040179143,0.9599443727537825,-0.1775393290422175,1199930.4659422282,1250000.0,5.000000000000001,5.000000000000001,239986.0931884456,53.80186075767816,239986.0931884456,53.80186075767816,11.414139633243607,11.762075889654204,0.148441584400086,0.17314115810313768,0.1723587031826515,,
425,14,21.25,5,0.40095256737033735,-3.9690700131435404,501190.7092129217,1250000.0,5.000000000000001,5.000000000000001,100238.14184258431,50.01033007357684,100238.14184258431,50.01033007357684,52.25519913678124,52.234338314375385,,,,,,0.42644629219159325,-3.70135657283262,533057.8652394916,1250000.0,5.000000000000001,5.000000000000001,106611.57304789829,50.27804351388775,106611.57304789829,50.27804351388775,50.79985016196442,50.77919721517013,1.0186205634033831,1.7424440437998474,0.27504087550174683,0.25519094780591434,0.02133070914367973,0.938704293574876,-0.27471195693735395,1173380.366968595,1250000.0,5.000000000000001,5.000000000000001,234676.07339371895,53.70468812978302,234676.07339371895,53.70468812978302,14.435519008688354,14.448624936391036,0.18973498135571149,0.1646586080706007,0.27504087550174683,0.25519094780591434,0.02133070914367973,0.9743426469330648,-0.11288287984561346,1217928.308666331,1250000.0,5.000000000000001,5.000000000000001,243585.66173326617,53.86651720687476,243585.66173326617,53.86651720687476,9.239188467430921,9.265954317475517,0.10958239365802887,0.1646586080706007,0.04302994915755658,0.15521289863532878,0.007669729701182576,0.9602692932797721,-0.17606958434310163,1200336.616599715,1250000.0,5.000000000000001,5.000000000000001,240067.32331994298,53.80333050237727,240067.32331994298,53.80333050237727,11.364508904003412,11.600437054972854,0.14599891431633522,0.17273653748668524,0.17677638477972196,,
426,14,21.3,6,0.4115073420258389,-3.8562241179347936,514384.1775322986,1250000.0,5.000000000000001,5.000000000000001,102876.8355064597,50.12317596878559,102876.8355064597,50.12317596878559,51.61341427557291,51.59925334659569,,,,,,0.4282772875278714,-3.6827495656972347,535346.6094098393,1250000.0,5.000000000000001,5.000000000000001,107069.32188196783,50.29665052102314,107069.32188196783,50.29665052102314,50.64649541616535,50.62472648140909,0.9968750652397194,1.7098055005731567,0.2746274651516995,0.25499960568501,0.021259587226198754,0.9387843205404051,-0.27434172545586843,1173480.4006755063,1250000.0,5.000000000000001,5.000000000000001,234696.08013510122,53.705058361264506,234696.08013510122,53.705058361264506,14.428661571661882,14.448231305483228,0.18950927149807434,0.16344919458576873,0.2746274651516995,0.25499960568501,0.021259587226198754,0.9745136013500288,-0.11212095027589479,1218142.001687536,1250000.0,5.000000000000001,5.000000000000001,243628.40033750716,53.86727913644448,243628.40033750716,53.86727913644448,9.210071885687315,9.239796142180754,0.10868760889548931,0.16344919458576873,0.04293263559018081,0.15517907618751656,0.007648462397791345,0.967009025109129,-0.14569472621442367,1208761.2813864113,1250000.0,5.000000000000001,5.000000000000001,241752.25627728223,53.83370536050595,241752.25627728223,53.83370536050595,10.46385047020648,10.769272206374787,0.13222920628042995,0.17350484854186626,0.15518016533727927,,
427,14,21.35,7,0.4141020845329708,-3.828925833133959,517627.6056662135,1250000.0,5.000000000000001,5.000000000000001,103525.52113324268,50.15047425358642,103525.52113324268,50.15047425358642,51.5183378183714,51.52873824696904,,,,,,0.4340235054916923,-3.624867496835611,542529.3818646154,1250000.0,5.000000000000001,5.000000000000001,108505.87637292306,50.35453258988476,108505.87637292306,50.35453258988476,50.35289838362511,50.38221240275733,1.0163102896361234,1.7347328913218991,0.2747198430065232,0.2548101211697638,0.021209288159681428,0.938839872845257,-0.27408474049001363,1173549.8410565713,1250000.0,5.000000000000001,5.000000000000001,234709.96821131423,53.705315346230364,234709.96821131423,53.705315346230364,14.422017612863362,14.439008755099366,0.18988109821683327,0.1629014584749081,0.2747198430065232,0.2548101211697638,0.021209288159681428,0.9748536190773379,-0.11060591685715507,1218567.0238466724,1250000.0,5.000000000000001,5.000000000000001,243713.40476933445,53.86879416986322,243713.40476933445,53.86879416986322,9.14905955618455,9.181519380089256,0.10857477829284312,0.1629014584749081,0.04282692217364463,0.1551467651375162,0.007627455842549065,0.9607919259364914,-0.17370655205443747,1200989.9074206143,1250000.0,5.000000000000001,5.000000000000001,240197.9814841228,53.80569353466594,240197.9814841228,53.80569353466594,11.203253296630105,11.54331880356599,0.14532906393034076,0.1739335841994417,0.16986818603068457,,
428,14,21.400000000000002,8,0.41601830982559534,-3.8088755475491762,520022.88728199416,1250000.0,5.000000000000001,5.000000000000001,104004.57745639881,50.1705245391712,104004.57745639881,50.1705245391712,51.401344946258725,51.377092721271126,,,,,,0.42382765663952016,-3.728107070541214,529784.5707994002,1250000.0,5.000000000000001,5.000000000000001,105956.91415988002,50.25129301617916,105956.91415988002,50.25129301617916,50.95479723870538,50.92129265226457,1.0060168886052214,1.7189875559296357,0.2747487626822047,0.25451490317314807,0.02114803508547656,0.9379573862457644,-0.2781689225922889,1172446.7328072055,1250000.0,5.000000000000001,5.000000000000001,234489.34656144105,53.70123116412809,234489.34656144105,53.70123116412809,14.52526848757962,14.53960395946461,0.19114040320613954,0.16302516690426255,0.2747487626822047,0.25451490317314807,0.02114803508547656,0.9745675148872047,-0.1118806898628593,1218209.393609006,1250000.0,5.000000000000001,5.000000000000001,243641.87872180116,53.86751939685752,243641.87872180116,53.86751939685752,9.196003008967484,9.223866482902631,0.10901567604312727,0.16302516690426255,0.04272192575821341,0.15511520625853595,0.007606626346647498,0.9583825915326316,-0.18461083592056446,1197978.2394157895,1250000.0,5.000000000000001,5.000000000000001,239595.64788315786,53.79478925079981,239595.64788315786,53.79478925079981,11.384278499579295,11.588397031323119,0.14523189902849848,0.17155339457719465,0.16468295964837112,,
429,14,21.450000000000003,9,0.4089248330284693,-3.8835651497817185,511156.04128558666,1250000.0,5.000000000000001,5.000000000000001,102231.20825711731,50.09583493693866,102231.20825711731,50.09583493693866,51.77990734330373,51.76812785361337,,,,,,0.42589417921487,-3.7069829547951985,532367.7240185875,1250000.0,5.000000000000001,5.000000000000001,106473.54480371748,50.272417131925174,106473.54480371748,50.272417131925174,50.830331422969046,50.82237892839545,1.0084322278342122,1.7286388503379597,0.2740480507002671,0.25423753401662136,0.021058307661079325,0.9386642898969529,-0.2748970391501211,1173330.3623711911,1250000.0,5.000000000000001,5.000000000000001,234666.0724742382,53.704503047570256,234666.0724742382,53.704503047570256,14.44057789466991,14.459276511023546,0.19020786121673858,0.16113486701548113,0.2740480507002671,0.25423753401662136,0.021058307661079325,0.9753310678930294,-0.10847941682283321,1219163.8348662867,1250000.0,5.000000000000001,5.000000000000001,243832.7669732573,53.870920669897544,243832.7669732573,53.870920669897544,9.060663138766575,9.090434478974043,0.1070510301880024,0.16113486701548113,0.042613018473935914,0.15508396733080068,0.007586143391120554,0.9635348972180638,-0.1613255148618026,1204418.6215225798,1250000.0,5.000000000000001,5.000000000000001,240883.72430451593,53.818074571858574,240883.72430451593,53.818074571858574,10.976620282135823,11.122910285935117,0.13741070259292448,0.17491765792370076,0.15088615670781924,,
430,14,21.5,10,0.40352333594190737,-3.9413134476409573,504404.16992738424,1250000.0,5.000000000000001,5.000000000000001,100880.83398547683,50.038086639079424,100880.83398547683,50.038086639079424,52.11920104055557,52.12994071885514,,,,,,0.4252790658536898,-3.713259946854277,531598.8323171122,1250000.0,5.000000000000001,5.000000000000001,106319.76646342243,50.266140139866096,106319.76646342243,50.266140139866096,50.835687952359436,50.82891713930659,1.0082573707748517,1.7282568785198582,0.2736570029505539,0.25405442298759995,0.020989967523183474,0.9396643732697405,-0.2702723880993876,1174580.4665871756,1250000.0,5.000000000000001,5.000000000000001,234916.0933174351,53.70912769862099,234916.0933174351,53.70912769862099,14.316641781274106,14.33027518730409,0.18781732345516197,0.1625418403433212,0.2736570029505539,0.25405442298759995,0.020989967523183474,0.9748221496225721,-0.11074611463541037,1218527.687028215,1250000.0,5.000000000000001,5.000000000000001,243705.53740564297,53.868653972084964,243705.53740564297,53.868653972084964,9.150939177892184,9.182430558051744,0.1078526035973538,0.1625418403433212,0.04250628381854905,0.15505440132207265,0.007565933777635409,0.964043387236461,-0.15903420025220885,1205054.2340455763,1250000.0,5.000000000000001,5.000000000000001,241010.84680911523,53.82036588646817,241010.84680911523,53.82036588646817,10.84550904841062,10.928527187755035,0.13353376717607818,0.17372210111397016,0.13312438471313545,,
431,14,21.55,11,0.4001396163918966,-3.9778844854938615,500174.52048987075,1250000.0,5.000000000000001,5.000000000000001,100034.90409797413,50.001515601226515,100034.90409797413,50.001515601226515,52.32130428040214,52.321036527726804,,,,,,0.42749562888241743,-3.690683215485597,534369.5361030218,1250000.0,5.000000000000001,5.000000000000001,106873.90722060435,50.288716871234776,106873.90722060435,50.288716871234776,50.714230555744095,50.70540678602142,1.0161272778393375,1.7289776926403206,0.2740019851285619,0.2537556067706038,0.020941325364520418,0.9387166901295532,-0.2746546042675187,1173395.8626619414,1250000.0,5.000000000000001,5.000000000000001,234679.17253238824,53.70474548245285,234679.17253238824,53.70474548245285,14.434691546550761,14.449197637893821,0.18911974284568972,0.16317188349673994,0.2740019851285619,0.2537556067706038,0.020941325364520418,0.974299247255161,-0.11307632986523303,1217874.0590689513,1250000.0,5.000000000000001,5.000000000000001,243574.8118137902,53.866323756855145,243574.8118137902,53.866323756855145,9.250057533952816,9.276428438857659,0.10877130983050395,0.16317188349673994,0.04240975784000224,0.1550211247167445,0.0075455929884005275,0.9636621648261848,-0.16075191892705493,1204577.706032731,1250000.0,5.000000000000001,5.000000000000001,240915.5412065462,53.81864816779333,240915.5412065462,53.81864816779333,10.826602974287239,11.169742106064447,0.13884530453754113,0.174153193662744,0.16941789906658855,,
432,14,21.6,12,0.4056934619288633,-3.9180199123848087,507116.82741107914,1250000.0,5.000000000000001,5.000000000000001,101423.36548221581,50.06138017433557,101423.36548221581,50.06138017433557,51.96391903163442,51.9369513388918,,,,,,0.4203896363501606,-3.763479989506843,525487.0454377007,1250000.0,5.000000000000001,5.000000000000001,105097.40908754012,50.215920097213534,105097.40908754012,50.215920097213534,51.14062607495869,51.1148817918985,0.9970896129495822,1.7253687408279466,0.27320031672424244,0.2534539740846103,0.02084668152453776,0.9386839297769182,-0.2748061717084279,1173354.9122211477,1250000.0,5.000000000000001,5.000000000000001,234670.9824442295,53.70459391501194,234670.9824442295,53.70459391501194,14.439139795913658,14.443669699954478,0.18965751102206158,0.1639812048067634,0.27320031672424244,0.2534539740846103,0.02084668152453776,0.9744012715892099,-0.11262157958514363,1218001.5894865124,1250000.0,5.000000000000001,5.000000000000001,243600.31789730242,53.86677850713524,243600.31789730242,53.86677850713524,9.23155971698345,9.256934303166496,0.10959450368151638,0.1639812048067634,0.042315004700144036,0.15499043431420492,0.007525541548544035,0.9573062359932419,-0.18949112037800492,1196632.7949915524,1250000.0,5.000000000000001,5.000000000000001,239326.55899831044,53.78990896634237,239326.55899831044,53.78990896634237,11.79480950144041,11.907206869160662,0.14999324252426768,0.17364772389597782,0.1780233897280306,,
433,14,21.650000000000002,13,0.4084761283291572,-3.8883331890599067,510595.1604114465,1250000.0,5.000000000000001,5.000000000000001,102119.03208228928,50.09106689766047,102119.03208228928,50.09106689766047,51.84484922803997,51.82898246352421,,,,,,0.42535007097426486,-3.7125349039233653,531687.5887178311,1250000.0,5.000000000000001,5.000000000000001,106337.51774356619,50.266865182797005,106337.51774356619,50.266865182797005,50.871909391508936,50.86050053073078,1.0254663212739463,1.7416519626539373,0.2732921323810894,0.25329742451127685,0.020800430164193563,0.9390051926893939,-0.27332006083074933,1173756.4908617423,1250000.0,5.000000000000001,5.000000000000001,234751.2981723484,53.70608002588963,234751.2981723484,53.70608002588963,14.402763872820591,14.407195448080396,0.18863073996309287,0.16169704377896987,0.2732921323810894,0.25329742451127685,0.020800430164193563,0.9747696344944436,-0.11098008187464413,1218462.0431180545,1250000.0,5.000000000000001,5.000000000000001,243692.40862361086,53.86842000484573,243692.40862361086,53.86842000484573,9.166469491188671,9.197075688828146,0.10759129561033846,0.16169704377896987,0.042204244521179414,0.15495969461726183,0.007505569760520766,0.958086478660617,-0.18595288927649845,1197608.0983257713,1250000.0,5.000000000000001,5.000000000000001,239521.61966515423,53.793447197443875,239521.61966515423,53.793447197443875,11.67976954418012,11.931342049522863,0.14975814980045013,0.17342941155905192,0.18376896255642525,,
434,14,21.700000000000003,14,0.4154144687157877,-3.8151838123857864,519268.0858947346,1250000.0,5.000000000000001,5.000000000000001,103853.61717894691,50.16421627433459,103853.61717894691,50.16421627433459,51.43726959524999,51.433399394809875,,,,,,0.43141385065348975,-3.6510591587274233,539267.3133168622,1250000.0,5.000000000000001,5.000000000000001,107853.46266337243,50.328340927992954,107853.46266337243,50.328340927992954,50.461421068058854,50.44064794146798,1.0013061480324006,1.7288334286671592,0.27276981299916814,0.2530380467632659,0.020721294338202922,0.9403791126309838,-0.2669702583575027,1175473.8907887298,1250000.0,5.000000000000001,5.000000000000001,235094.77815774592,53.71242982836287,235094.77815774592,53.71242982836287,14.23453260535366,14.246632617703991,0.18764242395947814,0.16266083360444755,0.27276981299916814,0.2530380467632659,0.020721294338202922,0.975767378877328,-0.10653704988233442,1219709.22359666,1250000.0,5.000000000000001,5.000000000000001,243941.84471933194,53.87286303683804,243941.84471933194,53.87286303683804,8.976880896264156,9.010551232492402,0.10702285617748694,0.16266083360444755,0.04210415666406625,0.1549294076486876,0.007485801356041366,0.9636370598177241,-0.16086506136496848,1204546.3247721551,1250000.0,5.000000000000001,5.000000000000001,240909.26495443098,53.81853502535541,240909.26495443098,53.81853502535541,10.795701890065313,10.879654255893803,0.13408339261918087,0.17363013270203312,0.13084983215289056,,
435,14,21.75,15,0.4015658366800564,-3.962432420095646,501957.2958500705,1250000.0,5.000000000000001,5.000000000000001,100391.45917001407,50.01696766662473,100391.45917001407,50.01696766662473,52.2519389820994,52.22223769343439,,,,,,0.42674191443968273,-3.6983469879552597,533427.3930496034,1250000.0,5.000000000000001,5.000000000000001,106685.47860992067,50.28105309876511,106685.47860992067,50.28105309876511,50.75504234007806,50.76764330713135,1.0244133679631435,1.7362292624252487,0.27280905859423277,0.2529310203912565,0.020677675376170414,0.937926963111531,-0.27830979054425464,1172408.7038894137,1250000.0,5.000000000000001,5.000000000000001,234481.74077788272,53.70109029617612,234481.74077788272,53.70109029617612,14.535221141860271,14.541686920378107,0.1908818490008994,0.16344739767535177,0.27280905859423277,0.2529310203912565,0.020677675376170414,0.9745628728139775,-0.11190137628589097,1218203.5910174719,1250000.0,5.000000000000001,5.000000000000001,243640.71820349433,53.86749871043448,243640.71820349433,53.86749871043448,9.199454668434349,9.220977363501982,0.10851666163041913,0.16344739767535177,0.04201655652347193,0.15489955374416237,0.007466574068318879,0.9682495333455355,-0.1401270365301593,1210311.9166819195,1250000.0,5.000000000000001,5.000000000000001,242062.38333638385,53.839273050190215,242062.38333638385,53.839273050190215,10.271034811528235,10.537697503313858,0.13025180062453465,0.17280870316811062,0.14435158461499736,,
436,14,21.8,16,0.3977691233844348,-4.003689317802124,497211.4042305435,1250000.0,5.000000000000001,5.000000000000001,99442.28084610868,49.97571076891825,99442.28084610868,49.97571076891825,52.43919483765457,52.438030812353915,,,,,,0.42818725153782833,-3.6836626714245337,535234.0644222854,1250000.0,5.000000000000001,5.000000000000001,107046.81288445706,50.29573741529585,107046.81288445706,50.29573741529585,50.64125551496041,50.64599606335382,1.0129687826286609,1.7336572850689425,0.27278862055810527,0.2527003165891296,0.02062124645212802,0.9399116668280918,-0.2691295960427672,1174889.5835351148,1250000.0,5.000000000000001,5.000000000000001,234977.9167070229,53.710270490677615,234977.9167070229,53.710270490677615,14.286549564618195,14.290514349549719,0.18742263182504362,0.1637192954965873,0.27278862055810527,0.2527003165891296,0.02062124645212802,0.9751666102477428,-0.1092117739932566,1218958.2628096784,1250000.0,5.000000000000001,5.000000000000001,243791.65256193565,53.87018831272712,243791.65256193565,53.87018831272712,9.0928943610906,9.115116804236292,0.10717197681039625,0.1637192954965873,0.04192170044109434,0.15486578856290428,0.007446940333903118,0.9601950413527675,-0.17640541148243793,1200243.8016909594,1250000.0,5.000000000000001,5.000000000000001,240048.76033819185,53.80299467523794,240048.76033819185,53.80299467523794,11.466290898637677,11.647468545794412,0.1453978429714856,0.174980949212303,0.17272005930750742,,
437,14,21.85,17,0.4082640758253159,-3.8905883305086295,510330.0947816448,1250000.0,5.000000000000001,5.000000000000001,102066.01895632895,50.08881175621174,102066.01895632895,50.08881175621174,51.84658405454623,51.825219996749965,,,,,,0.42631950323813345,-3.702647988214305,532899.3790476668,1250000.0,5.000000000000001,5.000000000000001,106579.87580953333,50.276752098506066,106579.87580953333,50.276752098506066,50.77817671884156,50.858507946620065,1.0127724031726886,1.735883402274688,0.2729166203836728,0.25250074494240055,0.020574052887995308,0.9397424625883063,-0.26991148954861965,1174678.078235383,1250000.0,5.000000000000001,5.000000000000001,234935.61564707654,53.709488597171756,234935.61564707654,53.709488597171756,14.309129714705284,14.314294726297774,0.188220388256043,0.16348592562031877,0.2729166203836728,0.25250074494240055,0.020574052887995308,0.9752183531923005,-0.10898134076365962,1219022.9414903757,1250000.0,5.000000000000001,5.000000000000001,243804.5882980751,53.87041874595671,243804.5882980751,53.87041874595671,9.079361970327202,9.101239843487068,0.1077850470041101,0.16348592562031877,0.04183040401207792,0.15483154151461756,0.007427433071805481,0.9601753098812278,-0.17649465748859822,1200219.1373515348,1250000.0,5.000000000000001,5.000000000000001,240043.82747030692,53.80290542923178,240043.82747030692,53.80290542923178,11.330615378915073,11.571716325799176,0.14420014653081753,0.17196861547478443,0.17256339850681585,,
438,14,21.900000000000002,18,0.4009721753717358,-3.968857632944843,501215.2192146697,1250000.0,5.000000000000001,5.000000000000001,100243.04384293393,50.01054245377553,100243.04384293393,50.01054245377553,52.25927642884034,52.26401756968924,,,,,,0.4254336357395426,-3.7116817677790785,531792.0446744283,1250000.0,5.000000000000001,5.000000000000001,106358.40893488564,50.2677183189413,106358.40893488564,50.2677183189413,50.81164761148896,50.80049680831392,1.0230003859020376,1.7382537833700904,0.27238062399203244,0.25230298419345104,0.020500593062493973,0.9395274295026226,-0.2709053615128294,1174409.2868782782,1250000.0,5.000000000000001,5.000000000000001,234881.8573756556,53.708494725207544,234881.8573756556,53.708494725207544,14.332520851614584,14.339804472157175,0.18785991352906206,0.16338594706891058,0.27238062399203244,0.25230298419345104,0.020500593062493973,0.9746566979705108,-0.11148328333845348,1218320.8724631385,1250000.0,5.000000000000001,5.000000000000001,243664.17449262767,53.867916803381924,243664.17449262767,53.867916803381924,9.183277242282099,9.213363781233992,0.10821273452737365,0.16338594706891058,0.04175089238037435,0.15479937226919246,0.007408315525689553,0.9665761533687173,-0.1476392364792497,1208220.1917108966,1250000.0,5.000000000000001,5.000000000000001,241644.03834217926,53.831760850241125,241644.03834217926,53.831760850241125,10.397612528381897,10.895667931008877,0.1356132774567831,0.17368177854649805,0.16396305964843866,,
439,14,21.950000000000003,19,0.41278238848877125,-3.8427884031812,515977.98561096407,1250000.0,5.000000000000001,5.000000000000001,103195.59712219279,50.13661168353917,103195.59712219279,50.13661168353917,51.57907122198484,51.58818256723182,,,,,,0.42747157210784975,-3.690927616076351,534339.4651348122,1250000.0,5.000000000000001,5.000000000000001,106867.89302696241,50.288472470644024,106867.89302696241,50.288472470644024,50.72383759701104,50.74393209338335,1.0106127161024219,1.7324875034462295,0.27245824751155734,0.2520411872424426,0.020445960234403145,0.9397450802562485,-0.26989939222190873,1174681.3503203106,1250000.0,5.000000000000001,5.000000000000001,234936.27006406206,53.709500694498466,234936.27006406206,53.709500694498466,14.304951810783374,14.308768083965182,0.18779930528983446,0.1622679909860638,0.27245824751155734,0.2520411872424426,0.020445960234403145,0.975002928488262,-0.10994079866199097,1218753.6606103275,1250000.0,5.000000000000001,5.000000000000001,243750.73212206547,53.86945928805838,243750.73212206547,53.86945928805838,9.1161131268583,9.141230261164646,0.10754035941455038,0.1622679909860638,0.041670411949740346,0.15476551853304335,0.007389047752833837,0.9636417102614019,-0.16084410267379173,1204552.1378267524,1250000.0,5.000000000000001,5.000000000000001,240910.42756535043,53.81855598404658,240910.42756535043,53.81855598404658,10.947214353785586,11.098165408688478,0.1374808589810507,0.17426657261661566,0.1512548029997518,,
440,14,22.0,20,0.4035156460134114,-3.9413962117598365,504394.5575167642,1250000.0,5.000000000000001,5.000000000000001,100878.91150335282,50.03800387496054,100878.91150335282,50.03800387496054,52.13555217177252,52.25940343036173,,,,,,0.41536721445392233,-3.815677859513026,519209.01806740294,1250000.0,5.000000000000001,5.000000000000001,103841.80361348057,50.163722227207344,103841.80361348057,50.163722227207344,51.42195141213803,51.44796232090697,1.0119940636870457,1.718971997933491,0.2724850033174923,0.2517769000759551,0.02038950996847259,0.9384171694315202,-0.27604054898118874,1173021.4617894003,1250000.0,5.000000000000001,5.000000000000001,234604.29235788,53.70335953773918,234604.29235788,53.70335953773918,14.46703610389829,14.472973563973472,0.18987112034470238,0.1626585373449037,0.2724850033174923,0.2517769000759551,0.02038950996847259,0.9744827352646064,-0.11225850795444164,1218103.419080758,1250000.0,5.000000000000001,5.000000000000001,243620.68381615155,53.86714157876593,243620.68381615155,53.86714157876593,9.20982602376561,9.234217161307747,0.10856032128147564,0.1626585373449037,0.04157672843811287,0.15472947356897687,0.007369413443064275,0.9664632732861816,-0.14814645010709138,1208079.091607727,1250000.0,5.000000000000001,5.000000000000001,241615.81832154538,53.83125363661328,241615.81832154538,53.83125363661328,10.460040916665815,10.790564510811462,0.1330976090799108,0.17231004973241823,0.15488590990423312,,
441,14,22.05,21,0.4185779049403334,-3.7822370006744004,523222.3811754168,1250000.0,5.000000000000001,5.000000000000001,104644.47623508335,50.197163086045975,104644.47623508335,50.197163086045975,51.21971107694609,51.27231829426719,,,,,,0.43520719629017257,-3.6130393205235585,544008.9953627157,1250000.0,5.000000000000001,5.000000000000001,108801.79907254312,50.36636076619682,108801.79907254312,50.36636076619682,50.246236183492364,50.235142361661005,1.0127930926582012,1.7370707963883185,0.27224137864101855,0.2516316257197182,0.020333084024257715,0.9397818572586933,-0.26972943403821914,1174727.3215733666,1250000.0,5.000000000000001,5.000000000000001,234945.4643146733,53.70967065268216,234945.4643146733,53.70967065268216,14.305851093631086,14.309029630946963,0.18797700651665025,0.1612261587421553,0.27224137864101855,0.2516316257197182,0.020333084024257715,0.9751886177307708,-0.10911376386358423,1218985.7721634635,1250000.0,5.000000000000001,5.000000000000001,243797.15443269265,53.870286322856785,243797.15443269265,53.870286322856785,9.08811924865537,9.116635027494372,0.10748394290822905,0.1612261587421553,0.041489597740641954,0.15469788118722447,0.007350476681319065,0.9684096179185976,-0.1394090594216769,1210512.022398247,1250000.0,5.000000000000001,5.000000000000001,242102.40447964935,53.8399910272987,242102.40447964935,53.8399910272987,10.206053541754716,10.415810526673335,0.12959402801791686,0.17414738297433605,0.1431041444303059,,
442,14,22.1,22,0.4022814847550804,-3.954699556309368,502851.85594385053,1250000.0,5.000000000000001,5.000000000000001,100570.37118877009,50.02470053041101,100570.37118877009,50.02470053041101,52.2288466305479,52.28344568825321,,,,,,0.4239445670884409,-3.7269092591068715,529930.7088605511,1250000.0,5.000000000000001,5.000000000000001,105986.1417721102,50.2524908276135,105986.1417721102,50.2524908276135,50.94168462215697,50.91442690004375,1.0143507562070662,1.7288675597490504,0.2719597298810975,0.2515226355300815,0.020278310593531884,0.9396297067271481,-0.2704326130297645,1174537.133408935,1250000.0,5.000000000000001,5.000000000000001,234907.42668178698,53.708967473690606,234907.42668178698,53.708967473690606,14.328003944119235,14.33395753366934,0.1880097082784818,0.16370465381232427,0.2719597298810975,0.2515226355300815,0.020278310593531884,0.9742675586783406,-0.11321758418622214,1217834.4483479257,1250000.0,5.000000000000001,5.000000000000001,243566.8896695851,53.86618250253416,243566.8896695851,53.86618250253416,9.253853079244157,9.278586557358775,0.10963032865331641,0.16370465381232427,0.041397017253428856,0.1546670722721102,0.007331660938349608,0.9695164988085754,-0.1344479588846963,1211895.6235107193,1250000.0,5.000000000000001,5.000000000000001,242379.1247021438,53.84495212783568,242379.1247021438,53.84495212783568,10.051082483869731,10.513496703937063,0.13003265256488136,0.1737274058926575,0.15143645554578541,,
443,14,22.150000000000002,23,0.4091208161835287,-3.8814842291265284,511401.02022941085,1250000.0,5.000000000000001,5.000000000000001,102280.20404588216,50.09791585759385,102280.20404588216,50.09791585759385,51.79326776617891,51.76408376455497,,,,,,0.40974264681865885,-3.8748883147249757,512178.30852332356,1250000.0,5.000000000000001,5.000000000000001,102435.6617046647,50.104511771995405,102435.6617046647,50.104511771995405,51.776342222710106,51.76325100397283,1.0203720482089098,1.7264039087616259,0.27144799991577395,0.2513111938756082,0.020205928479670888,0.9406777480445679,-0.2655912919262218,1175847.18505571,1250000.0,5.000000000000001,5.000000000000001,235169.43701114194,53.71380879479416,235169.43701114194,53.71380879479416,14.193653220078332,14.20077408243669,0.18575575187135374,0.1629473702139505,0.27144799991577395,0.2513111938756082,0.020205928479670888,0.9747759124946075,-0.11095211124494775,1218469.8906182593,1250000.0,5.000000000000001,5.000000000000001,243693.97812365182,53.868447975475426,243693.97812365182,53.868447975475426,9.160583596298528,9.195688626179837,0.10791757365435466,0.1629473702139505,0.041308834844733314,0.15463414363818784,0.007312854075521402,0.9578738592575112,-0.18691678641012904,1197342.324071889,1250000.0,5.000000000000001,5.000000000000001,239468.46481437777,53.792483300310245,239468.46481437777,53.792483300310245,11.781550985726929,12.081150447842983,0.15158403955675603,0.1736320665175482,0.19466435231269325,,
444,14,22.200000000000003,24,0.4104934974898656,-3.866937180247765,513116.871862332,1250000.0,5.000000000000001,5.000000000000001,102623.37437246638,50.11246290647261,102623.37437246638,50.11246290647261,51.73846422067847,51.75340451795613,,,,,,0.4231611806871908,-3.734941797881208,528951.4758589885,1250000.0,5.000000000000001,5.000000000000001,105790.29517179768,50.24445828883917,105790.29517179768,50.24445828883917,50.95799170795563,50.96508080305409,0.9927119308829795,1.7128711136020907,0.27107937203899973,0.2508922161822452,0.020122327715707447,0.9395571259588886,-0.27076809246815536,1174446.4074486108,1250000.0,5.000000000000001,5.000000000000001,234889.2814897221,53.70863199425222,234889.2814897221,53.70863199425222,14.334233558396821,14.33730011694586,0.1880175434040477,0.16318913680546684,0.27107937203899973,0.2508922161822452,0.020122327715707447,0.9743723107353175,-0.11275066116908614,1217965.3884191469,1250000.0,5.000000000000001,5.000000000000001,243593.07768382932,53.86664942555129,243593.07768382932,53.86664942555129,9.239045530911234,9.257398622945466,0.10933529692032082,0.16318913680546684,0.0412171455489458,0.15459789530083706,0.007293711665093581,0.9667322677128735,-0.14693785228600847,1208415.3346410918,1250000.0,5.000000000000001,5.000000000000001,241683.06692821832,53.83246223443437,241683.06692821832,53.83246223443437,10.489780174961451,10.797637639983757,0.13122663616000124,0.1733108607309434,0.1498973608260719,,
445,14,22.25,25,0.399137496086865,-3.9887747146755226,498921.87010858126,1250000.0,5.000000000000001,5.000000000000001,99784.37402171624,49.99062537204486,99784.37402171624,49.99062537204486,52.40840893569479,52.41617008924419,,,,,,0.4299069543098586,-3.666255295422885,537383.6928873232,1250000.0,5.000000000000001,5.000000000000001,107476.73857746462,50.31314479129749,107476.73857746462,50.31314479129749,50.559526191614644,50.51856352447734,1.0236494614022742,1.7487488027828708,0.2706604626052769,0.25081456197312235,0.02006577641494652,0.9401927164586199,-0.26783117553299635,1175240.895573275,1250000.0,5.000000000000001,5.000000000000001,235048.17911465495,53.71156891118738,235048.17911465495,53.71156891118738,14.250392531546819,14.259695951000813,0.1866930977552934,0.16237010724475734,0.2706604626052769,0.25081456197312235,0.02006577641494652,0.9752013511421305,-0.10905705673959737,1219001.688927663,1250000.0,5.000000000000001,5.000000000000001,243800.33778553255,53.87034302998078,243800.33778553255,53.87034302998078,9.07665403106322,9.10723715745202,0.10687695299014155,0.16237010724475734,0.0411223760939619,0.15456332938804346,0.007274914640508466,0.9620144966811676,-0.168183834910846,1202518.1208514594,1250000.0,5.000000000000001,5.000000000000001,240503.62417029185,53.811216251809526,240503.62417029185,53.811216251809526,11.123302415572107,11.36905752687265,0.14153829850127295,0.17213980287991082,0.1586679506343866,,
446,14,22.3,26,0.40551022862697184,-3.919981866310615,506887.7857837148,1250000.0,5.000000000000001,5.000000000000001,101377.55715674294,50.05941822040975,101377.55715674294,50.05941822040975,52.00643073496457,51.994108766692406,,,,,,0.42268922751254795,-3.7397882028423544,528361.5343906849,1250000.0,5.000000000000001,5.000000000000001,105672.30687813697,50.23961188387802,105672.30687813697,50.23961188387802,50.991612377298004,50.985082162394534,1.0049355111113294,1.7290543367244844,0.27023638042490666,0.25022876669440924,0.01996735134156586,0.9403762270268574,-0.266983584938825,1175470.2837835718,1250000.0,5.000000000000001,5.000000000000001,235094.05675671433,53.712416501781554,235094.05675671433,53.712416501781554,14.228884246427913,14.242411281698063,0.1866315156422097,0.1617065906482222,0.27023638042490666,0.25022876669440924,0.01996735134156586,0.9748427201782088,-0.11065447141055222,1218553.400222761,1250000.0,5.000000000000001,5.000000000000001,243710.68004455217,53.86874561530982,243710.68004455217,53.86874561530982,9.149604181508435,9.196550656125208,0.108503890054482,0.1617065906482222,0.04102720647089137,0.1545228871962111,0.007255591691062555,0.9720906033430997,-0.12293254931584911,1215113.2541788747,1250000.0,5.000000000000001,5.000000000000001,243022.6508357749,53.85646753740453,243022.6508357749,53.85646753740453,9.628140828276374,9.839549395655972,0.11854072034320462,0.1726638537647734,0.11551249787400977,,
447,14,22.35,27,0.4086428166593135,-3.88656130937378,510803.5208241419,1250000.0,5.000000000000001,5.000000000000001,102160.70416482836,50.0928387773466,102160.70416482836,50.0928387773466,51.85207944088067,51.901852957101745,,,,,,0.435786615173353,-3.6072611288192284,544733.2689666912,1250000.0,5.000000000000001,5.000000000000001,108946.65379333822,50.37213895790114,108946.65379333822,50.37213895790114,50.21056413439434,50.191383698778246,1.0014235656169506,1.723662155039953,0.27012554743968986,0.25012875637397103,0.019921039980627157,0.9395786871644777,-0.2706684305645769,1174473.358955597,1250000.0,5.000000000000001,5.000000000000001,234894.67179111936,53.70873165615579,234894.67179111936,53.70873165615579,14.326441729023676,14.324765822655305,0.1874809257455335,0.16329049724746525,0.27012554743968986,0.25012875637397103,0.019921039980627157,0.9745874223031914,-0.11179197776771177,1218234.2778789892,1250000.0,5.000000000000001,5.000000000000001,243646.85557579782,53.867608108952666,243646.85557579782,53.867608108952666,9.191799020525622,9.224202035302529,0.10853772066881237,0.16329049724746525,0.04093142880431669,0.15448658438801716,0.007236788046625297,0.9623367636229154,-0.16672922775365556,1202920.9545286442,1250000.0,5.000000000000001,5.000000000000001,240584.1909057288,53.812670858966726,240584.1909057288,53.812670858966726,11.1052151382361,11.44250831205377,0.14427495531229828,0.17254843908687242,0.1872771294387237,,
448,14,22.400000000000002,28,0.4143626158662844,-3.826194338983482,517953.26983285556,1250000.0,5.000000000000001,5.000000000000001,103590.65396657109,50.15320574773689,103590.65396657109,50.15320574773689,51.48259780071824,51.49564167470394,,,,,,0.42103305246578465,-3.756838092948515,526291.3155822308,1250000.0,5.000000000000001,5.000000000000001,105258.26311644615,50.22256199377186,105258.26311644615,50.22256199377186,51.06486661442447,51.07616392048299,1.0258364080281126,1.7429977385281468,0.2696614192920058,0.24995331158506,0.019855656737841208,0.9389654916016744,-0.27350368417981336,1173706.864502093,1250000.0,5.000000000000001,5.000000000000001,234741.37290041856,53.70589640254056,234741.37290041856,53.70589640254056,14.393934984144519,14.400951886317966,0.1886289025582384,0.16278858708624155,0.2696614192920058,0.24995331158506,0.019855656737841208,0.9748931288499314,-0.11042990552399919,1218616.4110624143,1250000.0,5.000000000000001,5.000000000000001,243723.28221248282,53.868970181196374,243723.28221248282,53.868970181196374,9.133432274154092,9.166087485580855,0.1075059007720625,0.16278858708624155,0.04084011893901182,0.1544511773506672,0.007218183915935565,0.9632829026731785,-0.1624614794656542,1204103.6283414732,1250000.0,5.000000000000001,5.000000000000001,240820.7256682946,53.81693860725473,240820.7256682946,53.81693860725473,10.850448538388424,10.986116460591841,0.13528802190391004,0.17321975294057487,0.13328985460990556,,
449,14,22.450000000000003,29,0.39695200966161637,-4.012619949974861,496190.0120770205,1250000.0,5.000000000000001,5.000000000000001,99238.00241540407,49.96678013674551,99238.00241540407,49.96678013674551,52.52883631417416,52.547834076875105,,,,,,0.4228698806238548,-3.73793246857569,528587.3507798185,1250000.0,5.000000000000001,5.000000000000001,105717.47015596367,50.24146761814468,105717.47015596367,50.24146761814468,50.99789369554125,50.975284327654464,1.0201486915338738,1.731101741408489,0.26959803283635225,0.24972858665812417,0.019801148410523748,0.938589106095688,-0.2752449081176779,1173236.38261961,1250000.0,5.000000000000001,5.000000000000001,234647.27652392196,53.7041551786027,234647.27652392196,53.7041551786027,14.448093593804668,14.452591451545938,0.18900524550023584,0.16180006994301468,0.26959803283635225,0.24972858665812417,0.019801148410523748,0.9744096177669213,-0.11258438050189895,1218012.0222086515,1250000.0,5.000000000000001,5.000000000000001,243602.40444173026,53.866815706218475,243602.40444173026,53.866815706218475,9.22733730226078,9.264079116343664,0.10854112281997838,0.16180006994301468,0.04074649135382663,0.15441407670613397,0.007199489923891103,0.9637021142947066,-0.16057188203496942,1204627.6428683833,1250000.0,5.000000000000001,5.000000000000001,240925.52857367662,53.8188282046854,240925.52857367662,53.8188282046854,10.898735851756854,11.069581230162658,0.13814490064902285,0.17445294639227915,0.15280607281624273,,
450,15,22.5,0,0.4120303173732915,-3.850708272107737,515037.89671661437,1250000.0,5.000000000000001,5.000000000000001,103007.57934332285,50.12869181461264,103007.57934332285,50.12869181461264,51.62487312922824,51.61621702922281,,,,,,0.4197804056890961,-3.7697783707259185,524725.5071113701,1250000.0,5.000000000000001,5.000000000000001,104945.101422274,50.20962171599446,104945.101422274,50.20962171599446,51.145413604769416,51.13341276625645,1.008085448967568,1.7402261358659348,0.2692938628180262,0.24955294920740223,0.01974162674003021,0.9390667251167479,-0.2730354796769161,1173833.406395935,1250000.0,5.000000000000001,5.000000000000001,234766.68127918695,53.70636460704346,234766.68127918695,53.70636460704346,14.391556968544702,14.39433102573146,0.18814876461178381,0.1621530274444017,0.2692938628180262,0.24955294920740223,0.01974162674003021,0.9747911577398045,-0.11088418923328112,1218488.9471747556,1250000.0,5.000000000000001,5.000000000000001,243697.7894349511,53.86851589748709,243697.7894349511,53.86851589748709,9.158956573023765,9.180696172993072,0.10704364901599481,0.1621530274444017,0.04064699093560235,0.15437738211801494,0.0071808300791660635,0.9717504756447372,-0.1244523812161582,1214688.0945559214,1250000.0,5.000000000000001,5.000000000000001,242937.61891118422,53.854947705504216,242937.61891118422,53.854947705504216,9.646447797746859,9.926511514613727,0.12130792932148293,0.17450694725328086,0.1299820507810027,,
451,15,22.55,1,0.4095172874670555,-3.8772776009873517,511896.60933381936,1250000.0,5.000000000000001,5.000000000000001,102379.32186676386,50.10212248573303,102379.32186676386,50.10212248573303,51.74838391385917,51.75237127343043,,,,,,0.43318587913983136,-3.633257088140404,541482.3489247892,1250000.0,5.000000000000001,5.000000000000001,108296.46978495782,50.34614299857998,108296.46978495782,50.34614299857998,50.354577643704616,50.33595483139809,0.9996343691594662,1.7263272915757786,0.2693634659384691,0.24932733393275724,0.019692588436709728,0.9395959909302151,-0.27058844938918425,1174494.9886627689,1250000.0,5.000000000000001,5.000000000000001,234898.99773255372,53.708811637331195,234898.99773255372,53.708811637331195,14.325136495143212,14.324348450902153,0.18809995973235757,0.1633920121416178,0.2693634659384691,0.24932733393275724,0.019692588436709728,0.9746790192636773,-0.11138382366749104,1218348.7740795966,1250000.0,5.000000000000001,5.000000000000001,243669.7548159193,53.86801626305289,243669.7548159193,53.86801626305289,9.176161830585611,9.195589532040767,0.10916183843311207,0.1633920121416178,0.04055436226234829,0.15433946782958816,0.0071622866350495445,0.9672748233563399,-0.14450116082451073,1209093.5291954249,1250000.0,5.000000000000001,5.000000000000001,241818.70583908493,53.834898925895864,241818.70583908493,53.834898925895864,10.363283474217253,10.591013915022987,0.13129605313880666,0.17491821583960676,0.15024458057833986,,
452,15,22.6,2,0.3947189332651218,-4.037120415412495,493398.66658140224,1250000.0,5.000000000000001,5.000000000000001,98679.73331628043,49.94227967130789,98679.73331628043,49.94227967130789,52.687463279458186,52.6716943106566,,,,,,0.42998018790661313,-3.665515548414799,537475.2348832664,1250000.0,5.000000000000001,5.000000000000001,107495.04697665326,50.31388453830558,107495.04697665326,50.31388453830558,50.56973858595222,50.53715493953423,1.008090316018634,1.7438304190915936,0.2684829243992769,0.24902877727023878,0.01960154117813544,0.9395496410966971,-0.2708026901227919,1174437.0513708715,1250000.0,5.000000000000001,5.000000000000001,234887.41027417427,53.70859739659758,234887.41027417427,53.70859739659758,14.333898418337322,14.340608808352973,0.18816310621270435,0.1636350534217441,0.2684829243992769,0.24902877727023878,0.01960154117813544,0.9747944281241575,-0.1108696188559814,1218493.035155197,1250000.0,5.000000000000001,5.000000000000001,243698.60703103934,53.86853046786439,243698.60703103934,53.86853046786439,9.161177067864372,9.195738983108196,0.10884346745056513,0.1636350534217441,0.040450507887464945,0.15430380238625324,0.007143993485341419,0.9665515897913013,-0.1477496050378293,1208189.4872391266,1250000.0,5.000000000000001,5.000000000000001,241637.89744782526,53.831650481682544,241637.89744782526,53.831650481682544,10.38784734918988,10.457150420627302,0.12758984291335776,0.171767161181466,0.12340653391612795,,
453,15,22.650000000000002,3,0.40101273069622057,-3.968418398901477,501265.9133702757,1250000.0,5.000000000000001,5.000000000000001,100253.18267405512,50.0109816878189,100253.18267405512,50.0109816878189,52.27368651143517,52.25849840562845,,,,,,0.43547053341752634,-3.61041226665793,544338.1667719079,1250000.0,5.000000000000001,5.000000000000001,108867.63335438157,50.36898782006244,108867.63335438157,50.36898782006244,50.2406706184229,50.2557424137994,1.0126238861911017,1.7334583577917229,0.2679262413535375,0.2483862050376235,0.019495184233581465,0.9401155468313869,-0.26818765264848815,1175144.4335392336,1250000.0,5.000000000000001,5.000000000000001,235028.8867078467,53.71121243407189,235028.8867078467,53.71121243407189,14.262425719603502,14.268198484609073,0.18674998497736364,0.16259530025356442,0.2679262413535375,0.2483862050376235,0.019495184233581465,0.9748470738142683,-0.1106350759136618,1218558.8422678353,1250000.0,5.000000000000001,5.000000000000001,243711.76845356703,53.86876501080671,243711.76845356703,53.86876501080671,9.150373615280092,9.182768670920826,0.10810914273091014,0.16259530025356442,0.04035579328340995,0.1542624549843719,0.007125247915161975,0.969527752724093,-0.1343975473130647,1211909.6909051163,1250000.0,5.000000000000001,5.000000000000001,242381.9381810232,53.845002539407304,242381.9381810232,53.845002539407304,10.039118793919151,10.369798344848817,0.1280674356849097,0.1744185783446905,0.1451752651364116,,
454,15,22.700000000000003,4,0.4110269537347269,-3.861296976508524,513783.69216840866,1250000.0,5.000000000000001,5.000000000000001,102756.73843368172,50.118103110211855,102756.73843368172,50.118103110211855,51.68196558918906,51.70507610623773,,,,,,0.42389651312689464,-3.7274015582143925,529870.6414086183,1250000.0,5.000000000000001,5.000000000000001,105974.12828172365,50.25199852850598,105974.12828172365,50.25199852850598,50.965985297701245,50.96076792073326,1.0105734684120484,1.7318728848408032,0.2674414642828745,0.248048335065315,0.019416556251729084,0.9404167888099341,-0.26679626226779474,1175520.9860124176,1250000.0,5.000000000000001,5.000000000000001,235104.19720248348,53.71260382445258,235104.19720248348,53.71260382445258,14.220356399357504,14.226444963616922,0.18575184120585775,0.16402274960292923,0.2674414642828745,0.248048335065315,0.019416556251729084,0.9745289204304278,-0.11205268093840318,1218161.1505380347,1250000.0,5.000000000000001,5.000000000000001,243632.2301076069,53.86734740578198,243632.2301076069,53.86734740578198,9.204498537338964,9.234262210138956,0.10839177146448162,0.16402274960292923,0.04025245892001704,0.1542232912028299,0.007106605187864675,0.9635525330395682,-0.16124602557820145,1204440.6662994602,1250000.0,5.000000000000001,5.000000000000001,240888.133259892,53.818154061142174,240888.133259892,53.818154061142174,10.950039507596635,11.413100613628393,0.1433466067079229,0.17296352719321334,0.1786667718022224,,
455,15,22.75,5,0.40467886526107566,-3.928894764588665,505848.58157634456,1250000.0,5.000000000000001,5.000000000000001,101169.71631526889,50.05050532213171,101169.71631526889,50.05050532213171,52.053128634424766,52.0816577480238,,,,,,0.4190108728438698,-3.7777470745177317,523763.5910548372,1250000.0,5.000000000000001,5.000000000000001,104752.71821096743,50.20165301220264,104752.71821096743,50.20165301220264,51.24061119155364,51.244483582694045,1.0042763883378067,1.7161694487252657,0.2664339745626677,0.24769229700905218,0.01931665035899387,0.9398012342369935,-0.2696398895558275,1174751.5427962418,1250000.0,5.000000000000001,5.000000000000001,234950.3085592483,53.70976019716455,234950.3085592483,53.70976019716455,14.296580445914364,14.299207184534865,0.18670598822734086,0.16316101737082808,0.2664339745626677,0.24769229700905218,0.01931665035899387,0.9742701777575318,-0.11320590926077284,1217837.7221969147,1250000.0,5.000000000000001,5.000000000000001,243567.5444393829,53.866194177459604,243567.5444393829,53.866194177459604,9.255222419190078,9.281510148267099,0.10904731590504743,0.16316101737082808,0.040145617003585134,0.1541837718421863,0.0070881241833969585,0.968467280304943,-0.13915047348641635,1210584.1003811788,1250000.0,5.000000000000001,5.000000000000001,242116.82007623572,53.840249613233965,242116.82007623572,53.840249613233965,10.151442147055793,10.341598867093605,0.12740369244639144,0.17223858818580756,0.1298349682354949,,
456,15,22.8,6,0.4121155617645367,-3.8498098591010073,515144.4522056708,1250000.0,5.000000000000001,5.000000000000001,103028.89044113415,50.12959022761937,103028.89044113415,50.12959022761937,51.61638156886285,51.61508585909811,,,,,,0.42830508464865863,-3.6824676982069144,535381.3558108233,1250000.0,5.000000000000001,5.000000000000001,107076.27116216463,50.296932388513454,107076.27116216463,50.296932388513454,50.66983985594668,50.6727811687495,1.018619991936549,1.7244642712723077,0.2664613763189796,0.247608874654357,0.01927931476417879,0.9411121307007572,-0.2635862859890663,1176390.1633759465,1250000.0,5.000000000000001,5.000000000000001,235278.03267518926,53.71581380073131,235278.03267518926,53.71581380073131,14.134877092403437,14.129063767014358,0.18513480025983492,0.1633054656600018,0.2664613763189796,0.247608874654357,0.01927931476417879,0.9747369412383166,-0.11112574438134729,1218421.1765478957,1250000.0,5.000000000000001,5.000000000000001,243684.2353095791,53.86827434233902,243684.2353095791,53.86827434233902,9.168072182890791,9.180082925324623,0.10876376651002524,0.1633054656600018,0.040035774883468545,0.1541469239282054,0.0070700078620109675,0.9634277048337936,-0.16180869041475915,1204284.631042242,1250000.0,5.000000000000001,5.000000000000001,240856.92620844836,53.817591396305616,240856.92620844836,53.817591396305616,10.820807393687145,11.260408767051693,0.13926916225514316,0.17305641481584297,0.1743915975341575,,
457,15,22.85,7,0.40013907029653245,-3.977890412584191,500173.83787066553,1250000.0,5.000000000000001,5.000000000000001,100034.76757413309,50.00150967413618,100034.76757413309,50.00150967413618,52.29846482457126,52.328238022489415,,,,,,0.42285051542698043,-3.7381313569597054,528563.1442837255,1250000.0,5.000000000000001,5.000000000000001,105712.62885674508,50.24126872976068,105712.62885674508,50.24126872976068,50.97983255491674,50.991877220120784,1.017019403260332,1.7328427075855521,0.2667889392310022,0.24747181352779068,0.019248789895531325,0.9398040667705814,-0.2696268000661738,1174755.0834632267,1250000.0,5.000000000000001,5.000000000000001,234951.0166926453,53.7097732866542,234951.0166926453,53.7097732866542,14.303231498250682,14.301738826521165,0.1866272647220653,0.16238013652779343,0.2667889392310022,0.24747181352779068,0.019248789895531325,0.974469060480335,-0.1123194523386316,1218086.3256004187,1250000.0,5.000000000000001,5.000000000000001,243617.2651200837,53.86708063438174,243617.2651200837,53.86708063438174,9.215868563593803,9.244952359795258,0.10810572769831914,0.16238013652779343,0.039928009357310314,0.15410844266861454,0.007051779440046138,0.9651293905520816,-0.15414458847088847,1206411.738190102,1250000.0,5.000000000000001,5.000000000000001,241282.34763802035,53.82525549824948,241282.34763802035,53.82525549824948,10.66267438744023,10.832482664089175,0.1339938275431909,0.17438328336211267,0.1391952997292174,,
458,15,22.900000000000002,8,0.40677196954224065,-3.906489817388567,508464.9619278008,1250000.0,5.000000000000001,5.000000000000001,101692.99238556014,50.07291026933181,101692.99238556014,50.07291026933181,51.91435243908252,51.884383224571124,,,,,,0.42327382106621,-3.7337859124266846,529092.2763327624,1250000.0,5.000000000000001,5.000000000000001,105818.45526655247,50.245614174293685,105818.45526655247,50.245614174293685,50.93769814774741,50.917777343323515,1.0086834170697674,1.732002782333781,0.2665360906844431,0.2473121292203398,0.019194641170249032,0.9410294277843636,-0.26396795143913004,1176286.7847304544,1250000.0,5.000000000000001,5.000000000000001,235257.35694609085,53.71543213528125,235257.35694609085,53.71543213528125,14.15058768499583,14.14361503796666,0.18530127000879276,0.1625627374757823,0.2665360906844431,0.2473121292203398,0.019194641170249032,0.9751360318836741,-0.10934795813714109,1218920.0398545926,1250000.0,5.000000000000001,5.000000000000001,243784.0079709185,53.87005212858323,243784.0079709185,53.87005212858323,9.096383201214495,9.119568864769832,0.10751025534324885,0.1625627374757823,0.039814415980799156,0.15407177038313946,0.007033703614160745,0.9659433484932626,-0.15048343727607705,1207429.1856165782,1250000.0,5.000000000000001,5.000000000000001,241485.8371233156,53.8289166494443,241485.8371233156,53.8289166494443,10.606393674289672,10.92256634767266,0.13413367192341175,0.17377464819730054,0.15542847199392235,,
459,15,22.950000000000003,9,0.40848507219876323,-3.88823809829637,510606.340248454,1250000.0,5.000000000000001,5.000000000000001,102121.26804969079,50.091161988424005,102121.26804969079,50.091161988424005,51.84160090442909,51.81800137139006,,,,,,0.4325060890554954,-3.640077739226661,540632.6113193693,1250000.0,5.000000000000001,5.000000000000001,108126.52226387383,50.33932234749371,108126.52226387383,50.33932234749371,50.4170296833294,50.40636944342417,1.0075456231434383,1.7288928883843522,0.26674827188383027,0.24742016317045498,0.019179633255128017,0.9405982216228578,-0.2659584670423842,1175747.7770285723,1250000.0,5.000000000000001,5.000000000000001,235149.5554057144,53.71344161967799,235149.5554057144,53.71344161967799,14.20628807565988,14.202238604669498,0.1861459785291209,0.16108287165900542,0.26674827188383027,0.24742016317045498,0.019179633255128017,0.9749534361408299,-0.11016125747615436,1218691.7951760374,1250000.0,5.000000000000001,5.000000000000001,243738.35903520742,53.86923882924422,243738.35903520742,53.86923882924422,9.132523922848915,9.150025024053715,0.10811358372331507,0.16108287165900542,0.0397029569720697,0.15403589689412506,0.007016110039832125,0.9648350192771764,-0.15546941933991837,1206043.7740964706,1250000.0,5.000000000000001,5.000000000000001,241208.75481929406,53.82393066738046,241208.75481929406,53.82393066738046,10.714068901461939,10.940084251836652,0.13542256982673098,0.17205149514986212,0.16016637152491028,,
460,15,23.0,10,0.41012749015252803,-3.8708111971173222,512659.36269066005,1250000.0,5.000000000000001,5.000000000000001,102531.872538132,50.108588889603055,102531.872538132,50.108588889603055,51.74602745736276,51.76259411098582,,,,,,0.42608427922416964,-3.7050448920284484,532605.349030212,1250000.0,5.000000000000001,5.000000000000001,106521.06980604239,50.27435519469193,106521.06980604239,50.27435519469193,50.82704277621694,50.8165877372884,1.007348460049694,1.720779935191167,0.2661091870425077,0.2473532784500682,0.01911896034017075,0.940745385767825,-0.2652790316008993,1175931.7322097812,1250000.0,5.000000000000001,5.000000000000001,235186.3464419562,53.71412105511948,235186.3464419562,53.71412105511948,14.179269220659245,14.16977853317874,0.18522489476815668,0.1641130120973259,0.2661091870425077,0.2473532784500682,0.01911896034017075,0.974772533357268,-0.11096716643070896,1218465.666696585,1250000.0,5.000000000000001,5.000000000000001,243693.13333931696,53.86843292028967,243693.13333931696,53.86843292028967,9.163440636271996,9.181725872282158,0.1078619645878925,0.1641130120973259,0.039595969626597324,0.15400107796994983,0.006998854557491575,0.9679026679352603,-0.14168313046903094,1209878.3349190752,1250000.0,5.000000000000001,5.000000000000001,241975.666983815,53.83771695625135,241975.666983815,53.83771695625135,10.228425462431238,10.425855399538312,0.12788870938128422,0.17214399814808462,0.13308179030889905,,
461,15,23.05,11,0.4074240349324792,-3.8995335449477944,509280.04366559896,1250000.0,5.000000000000001,5.000000000000001,101856.00873311977,50.07986654177258,101856.00873311977,50.07986654177258,51.91716842492285,51.88855436129578,,,,,,0.43185639907676987,-3.646606408152453,539820.4988459623,1250000.0,5.000000000000001,5.000000000000001,107964.09976919244,50.332793678567924,107964.09976919244,50.332793678567924,50.46894088226704,50.45925009109334,0.9979992527847811,1.7212427377302268,0.26613383929594814,0.2469192929406654,0.01905337009911045,0.9418394209036917,-0.26023136018319365,1177299.2761296146,1250000.0,5.000000000000001,5.000000000000001,235459.85522592286,53.71916872653718,235459.85522592286,53.71916872653718,14.045344083399351,14.041368017104764,0.18389161666974502,0.1620763027705392,0.26613383929594814,0.2469192929406654,0.01905337009911045,0.9749604862358365,-0.11012985283492205,1218700.6077947957,1250000.0,5.000000000000001,5.000000000000001,243740.1215589591,53.86927023388545,243740.1215589591,53.86927023388545,9.12568759940346,9.158037991778105,0.10831644318570102,0.1620763027705392,0.039496788883526965,0.15395927273486293,0.006981037182131382,0.9671678090708483,-0.14498166836649856,1208959.7613385604,1250000.0,5.000000000000001,5.000000000000001,241791.95226771204,53.83441841835388,241791.95226771204,53.83441841835388,10.381746108776573,10.703816586197902,0.13011562492853765,0.17305707573997003,0.14586733010463823,,
462,15,23.1,12,0.4044819473957735,-3.9310085679918827,505602.43424471683,1250000.0,5.000000000000001,5.000000000000001,101120.48684894334,50.048391518728494,101120.48684894334,50.048391518728494,52.10070785484585,52.082784298848935,,,,,,0.4320577050157236,-3.644582455548135,540072.1312696545,1250000.0,5.000000000000001,5.000000000000001,108014.42625393088,50.334817631172236,108014.42625393088,50.334817631172236,50.462787291883345,50.53448597665304,0.9936317652502146,1.72109140722297,0.26565841159044334,0.2466208657251902,0.018980745699317514,0.9407426818789258,-0.26529151410396434,1175928.3523486573,1250000.0,5.000000000000001,5.000000000000001,235185.6704697314,53.71410857261641,235185.6704697314,53.71410857261641,14.184573938523139,14.184012156503371,0.1852744564569235,0.16397399312794464,0.26565841159044334,0.2466208657251902,0.018980745699317514,0.9746622928137804,-0.11145835350838894,1218327.8660172254,1250000.0,5.000000000000001,5.000000000000001,243665.57320344503,53.867941733211985,243665.57320344503,53.867941733211985,9.183211549236928,9.217318039291037,0.10811722875100482,0.16397399312794464,0.039396875321475525,0.1539180599296957,0.006963224470659705,0.9546497280061885,-0.20155946843662198,1193312.1600077357,1250000.0,5.000000000000001,5.000000000000001,238662.4320015471,53.777840618283754,238662.4320015471,53.777840618283754,12.125970630042069,12.282309600377415,0.15462475724800603,0.17461330418794105,0.1824049421262644,,
463,15,23.150000000000002,13,0.41083882007116035,-3.863285267443088,513548.5250889504,1250000.0,5.000000000000001,5.000000000000001,102709.70501779007,50.11611481927729,102709.70501779007,50.11611481927729,51.690136819998145,51.7149474929174,,,,,,0.431748758850107,-3.647689022268024,539685.9485626337,1250000.0,5.000000000000001,5.000000000000001,107937.18971252673,50.33171106445235,107937.18971252673,50.33171106445235,50.47184940827721,50.49706872020975,1.0212676349853234,1.727586965640627,0.26514415723963963,0.24647462391527092,0.018919244472307174,0.9419544864248469,-0.25970081041590976,1177443.1080310587,1250000.0,5.000000000000001,5.000000000000001,235488.6216062117,53.71969927630446,235488.6216062117,53.71969927630446,14.030776508597167,14.028825351179169,0.18382682631614808,0.1614714374572815,0.26514415723963963,0.24647462391527092,0.018919244472307174,0.9754871143349119,-0.10778463030308334,1219358.8929186398,1250000.0,5.000000000000001,5.000000000000001,243871.77858372792,53.87161545641729,243871.77858372792,53.87161545641729,9.032751774511928,9.067528833119544,0.10705746942402332,0.1614714374572815,0.03929450439929412,0.15387730949280332,0.006945556779805298,0.9623028233633414,-0.16688239998962706,1202878.5292041767,1250000.0,5.000000000000001,5.000000000000001,240575.70584083532,53.81251768673075,240575.70584083532,53.81251768673075,11.139982738020803,11.616773858712735,0.14529530400615703,0.17227124632915658,0.17937574415573124,,
464,15,23.200000000000003,14,0.4031549817654052,-3.945279692768616,503943.7272067565,1250000.0,5.000000000000001,5.000000000000001,100788.74544135128,50.03412039395176,100788.74544135128,50.03412039395176,52.117624747052005,52.128508389182684,,,,,,0.4175521265310296,-3.792893001763888,521940.158163787,1250000.0,5.000000000000001,5.000000000000001,104388.03163275738,50.18650708495649,104388.03163275738,50.18650708495649,51.33916631604777,51.36725114675519,1.003157289200928,1.7352002225176306,0.26431498682433835,0.24609368341620153,0.018827325064250302,0.9407725259121087,-0.2651537411125321,1175965.6573901358,1250000.0,5.000000000000001,5.000000000000001,235193.13147802712,53.71424634560785,235193.13147802712,53.71424634560785,14.180318246339064,14.18270384363107,0.18593514619112153,0.1624698403979758,0.26431498682433835,0.24609368341620153,0.018827325064250302,0.9752492467702891,-0.10884376441583342,1219061.5584628615,1250000.0,5.000000000000001,5.000000000000001,243812.31169257226,53.87055632230454,243812.31169257226,53.87055632230454,9.078604256066459,9.120117999718698,0.10766990055687516,0.1624698403979758,0.03917624720662566,0.15383323347806913,0.006927350016254242,0.9630783721723326,-0.1633836997095094,1203847.9652154157,1250000.0,5.000000000000001,5.000000000000001,240769.5930430831,53.81601638701086,240769.5930430831,53.81601638701086,11.029825003641495,11.271867073334755,0.14136936505034622,0.1736679129995719,0.18196182298649058,,
465,15,23.25,15,0.411082604794315,-3.8607090026094895,513853.25599289377,1250000.0,5.000000000000001,5.000000000000001,102770.65119857874,50.11869108411089,102770.65119857874,50.11869108411089,51.6680994243428,51.63622692751011,,,,,,0.4196834394462133,-3.7707816755054213,524604.2993077666,1250000.0,5.000000000000001,5.000000000000001,104920.8598615533,50.20861841121495,104920.8598615533,50.20861841121495,51.2132165438662,51.21886708282494,1.0254789022113928,1.7277305319147118,0.2638272240997747,0.2459183342510458,0.01876415939872319,0.9414903699124235,-0.26184117830305287,1176862.9623905295,1250000.0,5.000000000000001,5.000000000000001,235372.59247810586,53.717558908417324,235372.59247810586,53.717558908417324,14.094703464283771,14.089349656122252,0.18457850809703663,0.16294310018999364,0.2638272240997747,0.2459183342510458,0.01876415939872319,0.9748111669146243,-0.11079504413838566,1218513.9586432804,1250000.0,5.000000000000001,5.000000000000001,243702.79172865604,53.86860504258199,243702.79172865604,53.86860504258199,9.158378200573907,9.18253972959648,0.10877200752185781,0.16294310018999364,0.039066528823963234,0.15379071198037805,0.006909551919614112,0.9635760416106982,-0.1611400685304571,1204470.0520133728,1250000.0,5.000000000000001,5.000000000000001,240894.01040267452,53.818260018189925,240894.01040267452,53.818260018189925,10.933081807328737,11.226313214046698,0.13854681884425607,0.1713157042972401,0.15876435857413565,,
466,15,23.3,16,0.39892866532919535,-3.9910475600149784,498660.83166149416,1250000.0,5.000000000000001,5.000000000000001,99732.16633229882,49.98835252670539,99732.16633229882,49.98835252670539,52.393804582880094,52.38248778545686,,,,,,0.43429704571105593,-3.6221312489922664,542871.30713882,1250000.0,5.000000000000001,5.000000000000001,108574.26142776397,50.35726883772811,108574.26142776397,50.35726883772811,50.27943028491536,50.27129100132466,0.9961335145344057,1.7158488670180863,0.2635931265762297,0.2456132817923601,0.01870087940736309,0.9401069020247217,-0.2682275882617888,1175133.6275309022,1250000.0,5.000000000000001,5.000000000000001,235026.7255061804,53.71117249845859,235026.7255061804,53.71117249845859,14.2588420018334,14.256384533849175,0.18611360275715882,0.16274346275525858,0.2635931265762297,0.2456132817923601,0.01870087940736309,0.9745103203567151,-0.11213557213122899,1218137.9004458939,1250000.0,5.000000000000001,5.000000000000001,243627.58008917872,53.86726451458914,243627.58008917872,53.86726451458914,9.21241872036262,9.236470624384358,0.10806113052585928,0.16274346275525858,0.03895973509902432,0.15374479870167418,0.006891463555466724,0.9621483743188808,-0.1675794960549289,1202685.467898601,1250000.0,5.000000000000001,5.000000000000001,240537.09357972015,53.81182059066545,240537.09357972015,53.81182059066545,11.104996474924457,11.34312545855347,0.14101599236583212,0.17335411896642916,0.1619133931495707,,
467,15,23.35,17,0.4106966304276655,-3.8647886031331717,513370.7880345819,1250000.0,5.000000000000001,5.000000000000001,102674.15760691637,50.114611483587204,102674.15760691637,50.114611483587204,51.695723123182105,51.699330621104764,,,,,,0.43887866586280594,-3.576555299393775,548598.3323285074,1250000.0,5.000000000000001,5.000000000000001,109719.66646570146,50.4028447873266,109719.66646570146,50.4028447873266,50.04370915696212,50.027073369199954,1.0083042148206125,1.7317300617081681,0.26330042219816246,0.24536107623828135,0.018639683640461792,0.9407904272670198,-0.26507110279693835,1175988.0340837748,1250000.0,5.000000000000001,5.000000000000001,235197.6068167549,53.71432898392344,235197.6068167549,53.71432898392344,14.17920775412731,14.17563534614967,0.18531272322894435,0.16308183104252472,0.26330042219816246,0.24536107623828135,0.018639683640461792,0.9745772097239619,-0.11183748717961613,1218221.5121549524,1250000.0,5.000000000000001,5.000000000000001,243644.30243099044,53.86756259954076,243644.30243099044,53.86756259954076,9.20158128378686,9.231675824760194,0.10885158831669217,0.16308183104252472,0.03886585832228205,0.15370068184152177,0.006873735156668776,0.9657803639172526,-0.15121628847741259,1207225.4548965658,1250000.0,5.000000000000001,5.000000000000001,241445.0909793131,53.82818379824296,241445.0909793131,53.82818379824296,10.510884868370464,10.615902360488455,0.13028772674033545,0.17488917549657393,0.1316365151349306,,
468,15,23.400000000000002,18,0.4068468006640571,-3.90569094832209,508558.5008300714,1250000.0,5.000000000000001,5.000000000000001,101711.70016601426,50.073709138398286,101711.70016601426,50.073709138398286,51.91889096801035,51.90832540763476,,,,,,0.4281817320675114,-3.683718653730002,535227.1650843893,1250000.0,5.000000000000001,5.000000000000001,107045.43301687784,50.29568143299038,107045.43301687784,50.29568143299038,50.6528947563226,50.6398367850126,1.0093136236237243,1.7249141194197364,0.26288116463353334,0.24519409974019807,0.018580607811291484,0.9419991271794976,-0.2594949960765711,1177498.908974372,1250000.0,5.000000000000001,5.000000000000001,235499.78179487438,53.719905090643806,235499.78179487438,53.719905090643806,14.032332566820026,14.027741141148866,0.18340470225683203,0.16215023016509758,0.26288116463353334,0.24519409974019807,0.018580607811291484,0.9755954521901608,-0.10730232849206385,1219494.315237701,1250000.0,5.000000000000001,5.000000000000001,243898.86304754016,53.872097758228314,243898.86304754016,53.872097758228314,9.010239557439736,9.02911802170218,0.10601136347696605,0.16215023016509758,0.03878068262157371,0.15365716296007928,0.006856318202653958,0.9656921505125288,-0.1516129867958396,1207115.188140661,1250000.0,5.000000000000001,5.000000000000001,241423.03762813215,53.827787099924535,241423.03762813215,53.827787099924535,10.615495469824072,10.708581728640738,0.13046405876706174,0.17228587833238213,0.14072725418164994,,
469,15,23.450000000000003,19,0.40627437793928645,-3.911805659838494,507842.97242410807,1250000.0,5.000000000000001,5.000000000000001,101568.5944848216,50.06759442688188,101568.5944848216,50.06759442688188,51.95134987627837,51.929309272333036,,,,,,0.42323026748332365,-3.7342328111714678,529037.8343541545,1250000.0,5.000000000000001,5.000000000000001,105807.5668708309,50.2451672755489,105807.5668708309,50.2451672755489,50.96224474890791,50.98234795760176,1.0012262510458572,1.7215339739329754,0.26254104268933953,0.24475438771602134,0.018503565955132466,0.9412943345992666,-0.2627455520730954,1176617.9182490832,1250000.0,5.000000000000001,5.000000000000001,235323.5836498166,53.71665453464728,235323.5836498166,53.71665453464728,14.115385977661386,14.116825416284465,0.18388846308229617,0.1616827543319918,0.26254104268933953,0.24475438771602134,0.018503565955132466,0.9746940883063981,-0.11131668000909184,1218367.6103829977,1250000.0,5.000000000000001,5.000000000000001,243673.5220765995,53.86808340671128,243673.5220765995,53.86808340671128,9.173413638943108,9.213038514332931,0.10726145050692686,0.1616827543319918,0.038695084434004226,0.153610819842633,0.006838575992994038,0.9675162919556884,-0.14341713185658192,1209395.3649446105,1250000.0,5.000000000000001,5.000000000000001,241879.07298892207,53.835982954863795,241879.07298892207,53.835982954863795,10.366093126620367,10.605372673734305,0.13138862395355128,0.17394883480526815,0.14173689011033352,,
470,15,23.5,20,0.40013201608456545,-3.9779669767730934,500165.0201057068,1250000.0,5.000000000000001,5.000000000000001,100033.00402114134,50.001433109947286,100033.00402114134,50.001433109947286,52.34454875691665,52.365902892292084,,,,,,0.4312458100502679,-3.6527511146855463,539057.2625628349,1250000.0,5.000000000000001,5.000000000000001,107811.45251256696,50.326648972034825,107811.45251256696,50.326648972034825,50.52135161908744,50.53712671435669,1.0064570863960904,1.7276997644935992,0.2622648384682861,0.24448724758941393,0.018442656791964863,0.942090163038167,-0.25907530926754935,1177612.7037977087,1250000.0,5.000000000000001,5.000000000000001,235522.5407595417,53.720324777452824,235522.5407595417,53.720324777452824,14.019340278514989,14.019342828379513,0.18308740451053104,0.16149740634767948,0.2622648384682861,0.24448724758941393,0.018442656791964863,0.9751791849297198,-0.10915577248821184,1218973.9811621497,1250000.0,5.000000000000001,5.000000000000001,243794.7962324299,53.87024431423217,243794.7962324299,53.87024431423217,9.08736326085563,9.12592965093582,0.10685928804629333,0.16149740634767948,0.038608825736912336,0.15356314211492705,0.006820836824298968,0.9622413118013758,-0.16716001515527457,1202801.6397517198,1250000.0,5.000000000000001,5.000000000000001,240560.32795034393,53.81224007156511,240560.32795034393,53.81224007156511,11.079599962854255,11.23172632248156,0.14055655996570865,0.17311924976947846,0.15312049268867559,,
471,15,23.55,21,0.4098552363664628,-3.8736951193631524,512319.0454580785,1250000.0,5.000000000000001,5.000000000000001,102463.80909161568,50.10570496735723,102463.80909161568,50.10570496735723,51.75208366381854,51.73250519787909,,,,,,0.4156298229739765,-3.812932977646542,519537.27871747065,1250000.0,5.000000000000001,5.000000000000001,103907.45574349411,50.166467109073835,103907.45574349411,50.166467109073835,51.42334086215243,51.42914656222696,1.0325088648292273,1.7315907753203525,0.26219880670920437,0.24423849960163188,0.01839125676882244,0.9416728457735706,-0.2609995278378714,1177091.0572169633,1250000.0,5.000000000000001,5.000000000000001,235418.21144339262,53.7184005588825,235418.21144339262,53.7184005588825,14.071580137216532,14.070993854393853,0.1841103805756437,0.1619464810201629,0.26219880670920437,0.24423849960163188,0.01839125676882244,0.9753437084956905,-0.10842313123335212,1219179.635619613,1250000.0,5.000000000000001,5.000000000000001,243835.9271239226,53.87097695548702,243835.9271239226,53.87097695548702,9.059763031506588,9.090084567762014,0.10650556348453517,0.1619464810201629,0.03851376903509239,0.1535162814193503,0.006803089360751274,0.9637313999708766,-0.16043990749508225,1204664.2499635958,1250000.0,5.000000000000001,5.000000000000001,240932.8499927191,53.81896017922529,240932.8499927191,53.81896017922529,10.875865428813201,11.2389080286864,0.14010802729815175,0.17523142260730754,0.16230284693042124,,
472,15,23.6,22,0.40572988786944797,-3.9176299905269123,507162.35983681,1250000.0,5.000000000000001,5.000000000000001,101432.47196736198,50.06177009619346,101432.47196736198,50.06177009619346,51.97934267703515,51.96835038075285,,,,,,0.4306349491777631,-3.6589072690658533,538293.6864722039,1250000.0,5.000000000000001,5.000000000000001,107658.73729444077,50.320492817654525,107658.73729444077,50.320492817654525,50.52134075396503,50.546349786969415,1.0237961994414118,1.736119957537425,0.262146230484994,0.2440029471149355,0.018341338168078893,0.9411055248245906,-0.2636167701953837,1176381.9060307383,1250000.0,5.000000000000001,5.000000000000001,235276.3812061476,53.71578331652499,235276.3812061476,53.71578331652499,14.14449132002151,14.142570108762147,0.18413609084628654,0.1619026608427585,0.262146230484994,0.2440029471149355,0.018341338168078893,0.9744968436020601,-0.1121956322509552,1218121.0545025752,1250000.0,5.000000000000001,5.000000000000001,243624.210900515,53.867204454469416,243624.210900515,53.867204454469416,9.216047495129192,9.248772422672529,0.10773476820175505,0.1619026608427585,0.03842244572911793,0.15346775528271514,0.00678506431831421,0.9675967718213097,-0.14305589237948865,1209495.964776637,1250000.0,5.000000000000001,5.000000000000001,241899.19295532737,53.83634419434089,241899.19295532737,53.83634419434089,10.32683832328582,10.420405585804795,0.1262857645906631,0.17281709697184816,0.11790291172147804,,
473,15,23.650000000000002,23,0.40551628647634774,-3.9199169882700775,506895.35809543467,1250000.0,5.000000000000001,5.000000000000001,101379.07161908691,50.0594830984503,101379.07161908691,50.0594830984503,52.003313672525415,52.031720705313646,,,,,,0.4316087976788992,-3.6490971147647904,539510.997098624,1250000.0,5.000000000000001,5.000000000000001,107902.19941972478,50.33030297195558,107902.19941972478,50.33030297195558,50.499319498564766,50.4938573374926,1.0164159605188068,1.7489758829474844,0.26175842732122084,0.24388031930394308,0.018287733644312527,0.9417464640216917,-0.26066001768443503,1177183.0800271146,1250000.0,5.000000000000001,5.000000000000001,235436.61600542287,53.718740069035945,235436.61600542287,53.718740069035945,14.060246793546117,14.060792539806684,0.18400958477195856,0.16102039257975426,0.26175842732122084,0.24388031930394308,0.018287733644312527,0.9754620123753645,-0.10789638762538098,1219327.5154692056,1250000.0,5.000000000000001,5.000000000000001,243865.50309384108,53.871503699094994,243865.50309384108,53.871503699094994,9.037290077660904,9.070235919517128,0.10645673849947294,0.16102039257975426,0.03832966266582484,0.1534224962647793,0.006767482091335232,0.9585212160804558,-0.18398269927602098,1198151.5201005698,1250000.0,5.000000000000001,5.000000000000001,239630.30402011392,53.79541738744435,239630.30402011392,53.79541738744435,11.540902170172401,11.734264828989414,0.14705164400278223,0.17557250264717014,0.16305635816853997,,
474,15,23.700000000000003,24,0.40605797311520964,-3.9141195753942415,507572.46639401204,1250000.0,5.000000000000001,5.000000000000001,101514.49327880239,50.06528051132613,101514.49327880239,50.06528051132613,51.97043525200719,51.961147968452714,,,,,,0.43452570709254407,-3.61984525042289,543157.1338656801,1250000.0,5.000000000000001,5.000000000000001,108631.426773136,50.359554836297484,108631.426773136,50.359554836297484,50.311366539225695,50.32516747624548,1.0111806791098272,1.7253547564130574,0.26160909525994114,0.24385814359708324,0.01825135457664686,0.942016499822541,-0.2594149028660703,1177520.6247781762,1250000.0,5.000000000000001,5.000000000000001,235504.1249556352,53.719985183854305,235504.1249556352,53.719985183854305,14.028636843596455,14.027838220851674,0.18325417089131685,0.16247428381865106,0.26160909525994114,0.24385814359708324,0.01825135457664686,0.9749493066958382,-0.1101796521902474,1218686.6333697978,1250000.0,5.000000000000001,5.000000000000001,243737.32667395953,53.86922043453013,243737.32667395953,53.86922043453013,9.131958573138302,9.160944204092397,0.10749866746160461,0.16247428381865106,0.03824042820165703,0.1533798135254752,0.0067503559892333285,0.9639537043813998,-0.15943823373619925,1204942.1304767497,1250000.0,5.000000000000001,5.000000000000001,240988.42609534992,53.81996185298418,240988.42609534992,53.81996185298418,10.83474816525674,11.072095254231638,0.13661284980581556,0.17193391384379164,0.16067971608234916,,
475,15,23.75,25,0.4040576897336261,-3.935566236410964,505072.1121670326,1250000.0,5.000000000000001,5.000000000000001,101014.42243340651,50.04383385030941,101014.42243340651,50.04383385030941,52.105491410331034,52.07665406262915,,,,,,0.4229063002201383,-3.737558449300447,528632.8752751729,1250000.0,5.000000000000001,5.000000000000001,105726.57505503455,50.241841637419924,105726.57505503455,50.241841637419924,51.00050681716787,51.02493609868659,1.0130981385472182,1.7142642429570079,0.26176650358192377,0.24346331529467274,0.018197884116475133,0.9432210220974849,-0.2538652843969046,1179026.2776218562,1250000.0,5.000000000000001,5.000000000000001,235805.2555243712,53.72553480232347,235805.2555243712,53.72553480232347,13.875734485918064,13.876364339790033,0.18135318259717645,0.1611063832656899,0.26176650358192377,0.24346331529467274,0.018197884116475133,0.9758196165215771,-0.10630455683227909,1219774.5206519715,1250000.0,5.000000000000001,5.000000000000001,243954.90413039425,53.8730955298881,243954.90413039425,53.8730955298881,8.972689397972179,9.001161063311336,0.10546845531270965,0.1611063832656899,0.038146096077941706,0.15333278972397396,0.006732836886510234,0.9659060584676379,-0.1506510989199142,1207382.5730845474,1250000.0,5.000000000000001,5.000000000000001,241476.51461690944,53.82874898780046,241476.51461690944,53.82874898780046,10.608442314579472,11.086535416904217,0.13833427792438946,0.17356568815759155,0.17729528369087622,,
476,15,23.8,26,0.40423967251368736,-3.93361066604271,505299.5906421092,1250000.0,5.000000000000001,5.000000000000001,101059.91812842182,50.045789420677664,101059.91812842182,50.045789420677664,52.06155577977853,52.02536139429103,,,,,,0.4258046747016253,-3.7078957496445035,532255.8433770316,1250000.0,5.000000000000001,5.000000000000001,106451.16867540631,50.27150433707587,106451.16867540631,50.27150433707587,50.797919548760404,50.78127345690271,1.0137149030385673,1.7227012207381822,0.2614393803405265,0.2433347199772456,0.01814693304962589,0.9430908442669693,-0.25446471352161004,1178863.5553337117,1250000.0,5.000000000000001,5.000000000000001,235772.71106674228,53.72493537319876,235772.71106674228,53.72493537319876,13.89618928123517,13.893483767446318,0.18175995619546542,0.16114071185344464,0.2614393803405265,0.2433347199772456,0.01814693304962589,0.9758448082557807,-0.10619244092735308,1219806.0103197258,1250000.0,5.000000000000001,5.000000000000001,243961.20206394512,53.873207645793016,243961.20206394512,53.873207645793016,8.964012531064647,8.991302873466473,0.10565444581157162,0.16114071185344464,0.03804337191363566,0.15328922959472152,0.006715446391260094,0.9642862865234975,-0.1579400945916305,1205357.8581543718,1250000.0,5.000000000000001,5.000000000000001,241071.57163087433,53.821459992128744,241071.57163087433,53.821459992128744,10.851597907240969,11.238362669242244,0.13956691959717454,0.17173080116107278,0.15948299999853072,,
477,15,23.85,27,0.40259046475416965,-3.951365154724209,503238.0809427121,1250000.0,5.000000000000001,5.000000000000001,100647.6161885424,50.02803493199616,100647.6161885424,50.02803493199616,52.190268419596144,52.179270236246076,,,,,,0.4282591646172015,-3.68293334491834,535323.9557715019,1250000.0,5.000000000000001,5.000000000000001,107064.79115430036,50.296466741802035,107064.79115430036,50.296466741802035,50.70757098039466,50.73072107738635,1.0082139156439258,1.7175368559463604,0.2612388961725466,0.24310945984964105,0.01809335664810834,0.9430666623961254,-0.2545760727589283,1178833.3279951566,1250000.0,5.000000000000001,5.000000000000001,235766.6655990313,53.724824013961445,235766.6655990313,53.724824013961445,13.897377351315322,13.902384203855728,0.18151587452871612,0.16146363939712924,0.2612388961725466,0.24310945984964105,0.01809335664810834,0.975864527461571,-0.10610468254954719,1219830.6593269638,1250000.0,5.000000000000001,5.000000000000001,243966.13186539273,53.87329540417083,243966.13186539273,53.87329540417083,8.959052693235321,9.000604367429933,0.105158955015541,0.16146363939712924,0.03793887953425359,0.15324220222917057,0.006697832197981203,0.9683932481307196,-0.1394824722472167,1210491.5601633994,1250000.0,5.000000000000001,5.000000000000001,242098.31203267985,53.83991761447316,242098.31203267985,53.83991761447316,10.193951100018857,10.566772075469633,0.12946171196096593,0.17282341133670237,0.1541912609679535,,
478,15,23.900000000000002,28,0.4035497770043693,-3.941028883396584,504437.22125546157,1250000.0,5.000000000000001,5.000000000000001,100887.4442510923,50.03837120332379,100887.4442510923,50.03837120332379,52.114858294161614,52.10583536860817,,,,,,0.4356523543671731,-3.6085993459465144,544565.4429589664,1250000.0,5.000000000000001,5.000000000000001,108913.08859179325,50.370800740773866,108913.08859179325,50.370800740773866,50.241095122343566,50.26053378001991,1.0126409755626853,1.7201593276734397,0.2603946398332945,0.24267788624053033,0.018000499903702845,0.9431197229894832,-0.2543317286889418,1178899.653736854,1250000.0,5.000000000000001,5.000000000000001,235779.93074737076,53.725068358031436,235779.93074737076,53.725068358031436,13.891711195257496,13.889918603766702,0.18143041138973723,0.16185140915718196,0.2603946398332945,0.24267788624053033,0.018000499903702845,0.9757280403126338,-0.10671214147011875,1219660.0503907923,1250000.0,5.000000000000001,5.000000000000001,243932.01007815843,53.87268794525026,243932.01007815843,53.87268794525026,8.984887294759504,9.02114965552035,0.10566394483179446,0.16185140915718196,0.03783938384679994,0.15319403823863048,0.006680197554722635,0.9645476300332095,-0.1567632172682956,1205684.537541512,1250000.0,5.000000000000001,5.000000000000001,241136.90750830233,53.82263686945208,241136.90750830233,53.82263686945208,10.836472839913219,10.964870496714477,0.13499299305131623,0.17388094791511302,0.14500992808236485,,
479,15,23.950000000000003,29,0.400198028811106,-3.9772505482666336,500247.5360138825,1250000.0,5.000000000000001,5.000000000000001,100049.50720277648,50.002149538453736,100049.50720277648,50.002149538453736,52.33241778274172,52.33352195304228,,,,,,0.4247542163412902,-3.7186230139436653,530942.7704266127,1250000.0,5.000000000000001,5.000000000000001,106188.55408532252,50.26077707277671,106188.55408532252,50.26077707277671,50.906505307231896,50.90362478234723,1.008393473346103,1.7308331113755486,0.260124280207551,0.24247649536746238,0.017946521138054016,0.9430824583374461,-0.25450333100084765,1178853.0729218076,1250000.0,5.000000000000001,5.000000000000001,235770.6145843615,53.72489675571953,235770.6145843615,53.72489675571953,13.895435829932008,13.893325517161383,0.18216004511999637,0.16294359523107899,0.260124280207551,0.24247649536746238,0.017946521138054016,0.9757276565915443,-0.1067138494048882,1219659.5707394304,1250000.0,5.000000000000001,5.000000000000001,243931.91414788604,53.87268623731549,243931.91414788604,53.87268623731549,8.986759344006956,9.017428788507026,0.10666462174801991,0.16294359523107899,0.03773783821893019,0.1531483018185946,0.006662791726095537,0.9687261287968763,-0.1379898617288453,1210907.6609960953,1250000.0,5.000000000000001,5.000000000000001,242181.53219921901,53.841410224991535,242181.53219921901,53.841410224991535,10.190598633032597,10.391923385102736,0.1282964379305918,0.17266837544955055,0.14186629894228117,,
480,16,24.0,0,0.4099714429639705,-3.8724639351221724,512464.30370496307,1250000.0,5.000000000000001,5.000000000000001,102492.86074099259,50.1069361515982,102492.86074099259,50.1069361515982,51.73240027930783,51.69232598337787,,,,,,0.434990790624571,-3.6151993758161254,543738.4882807138,1250000.0,5.000000000000001,5.000000000000001,108747.69765614274,50.36420071090425,108747.69765614274,50.36420071090425,50.27578449907166,50.28260610135538,1.010887451419504,1.7338460319332445,0.2595880590393362,0.24239471788021677,0.01789296484848998,0.9432223001700422,-0.25385939967349386,1179027.8752125527,1250000.0,5.000000000000001,5.000000000000001,235805.5750425105,53.72554068704688,235805.5750425105,53.72554068704688,13.878555749691525,13.878253115688556,0.18030400036421732,0.16103081912558986,0.2595880590393362,0.24239471788021677,0.01789296484848998,0.9753197436101744,-0.10852984177358801,1219149.679512718,1250000.0,5.000000000000001,5.000000000000001,243829.93590254357,53.870870244946786,243829.93590254357,53.870870244946786,9.063556051448638,9.104329210482659,0.10554062052216699,0.16103081912558986,0.037637517003650214,0.1531050886070789,0.006645774285103713,0.96730889944496,-0.1443481660786159,1209136.1243062,1250000.0,5.000000000000001,5.000000000000001,241827.22486123999,53.83505192064176,241827.22486123999,53.83505192064176,10.3732268295126,10.67040753060277,0.131872424601697,0.17305831830543628,0.13911745119312652,,
481,16,24.05,1,0.4033134005082458,-3.943573478656745,504141.7506353073,1250000.0,5.000000000000001,5.000000000000001,100828.35012706144,50.03582660806363,100828.35012706144,50.03582660806363,52.134845844270714,52.130684697783444,,,,,,0.42861901953500436,-3.679285614887031,535773.7744187554,1250000.0,5.000000000000001,5.000000000000001,107154.75488375107,50.300114471833346,107154.75488375107,50.300114471833346,50.67756621342188,50.653706979615905,1.0037342677662087,1.7246595805802367,0.25938758178164095,0.24226321542129042,0.017847533495022095,0.94411455134029,-0.2497530867143753,1180143.1891753625,1250000.0,5.000000000000001,5.000000000000001,236028.63783507244,53.729647000006004,236028.63783507244,53.729647000006004,13.758128078583315,13.755641847123595,0.17875374294242657,0.15974041128270527,0.25938758178164095,0.24226321542129042,0.017847533495022095,0.9755657343312674,-0.10743462204342732,1219457.1679140842,1250000.0,5.000000000000001,5.000000000000001,243891.4335828168,53.87196546467695,243891.4335828168,53.87196546467695,9.016020886885293,9.040701968163827,0.10494971315972468,0.15974041128270527,0.03753840885817638,0.15306205124583616,0.006628952807336426,0.9659056198437048,-0.1506530710785454,1207382.024804631,1250000.0,5.000000000000001,5.000000000000001,241476.40496092616,53.82874701564183,241476.40496092616,53.82874701564183,10.63600517784472,10.773296609379639,0.13254111184653833,0.17703492100723542,0.1438540841089691,,
482,16,24.1,2,0.4092609229019068,-3.879997207303885,511576.1536273835,1250000.0,5.000000000000001,5.000000000000001,102315.2307254767,50.099402879416495,102315.2307254767,50.099402879416495,51.78834028284774,51.79407020799074,,,,,,0.42224328764463087,-3.7443724563396517,527804.1095557886,1250000.0,5.000000000000001,5.000000000000001,105560.82191115769,50.23502763038073,105560.82191115769,50.23502763038073,51.01632257591797,51.01428398176397,1.011765415106957,1.732876470540912,0.2595488084803967,0.24216436032747088,0.017817604367330486,0.9436569813601464,-0.25185842751341087,1179571.226700183,1250000.0,5.000000000000001,5.000000000000001,235914.24534003655,53.72754165920696,235914.24534003655,53.72754165920696,13.824450327269513,13.82622178625753,0.18009018671057897,0.16111320556293934,0.2595488084803967,0.24216436032747088,0.017817604367330486,0.9755617089187274,-0.10745254208713889,1219452.1361484092,1250000.0,5.000000000000001,5.000000000000001,243890.4272296818,53.87194754463324,243890.4272296818,53.87194754463324,9.019737075270655,9.05889119825517,0.10567693323356338,0.16111320556293934,0.03744920073282724,0.15301663956905082,0.006612147742351962,0.9645675291356113,-0.15667362105806276,1205709.411419514,1250000.0,5.000000000000001,5.000000000000001,241141.88228390279,53.82272646566231,241141.88228390279,53.82272646566231,10.746110939625293,10.897276922165823,0.13552580280990031,0.17349525099366617,0.14869843711402408,,
483,16,24.150000000000002,3,0.40190686711776497,-3.958745732409758,502383.5838972062,1250000.0,5.000000000000001,5.000000000000001,100476.71677944122,50.02065435431062,100476.71677944122,50.02065435431062,52.2031255532835,52.203417134625894,,,,,,0.4212828390035344,-3.754262315398143,526603.548754418,1250000.0,5.000000000000001,5.000000000000001,105320.70975088359,50.22513777132224,105320.70975088359,50.22513777132224,51.068893767195576,51.092610352059765,1.024548049520003,1.7514110422977325,0.2592607855607023,0.24183884106969855,0.017755047287676587,0.9430374315979708,-0.2547106864780924,1178796.7894974635,1250000.0,5.000000000000001,5.000000000000001,235759.35789949266,53.72468940024228,235759.35789949266,53.72468940024228,13.899135100032305,13.904537644733765,0.1816101589957305,0.16186287732861304,0.2592607855607023,0.24183884106969855,0.017755047287676587,0.9755376509161496,-0.10755964332432602,1219422.063645187,1250000.0,5.000000000000001,5.000000000000001,243884.41272903737,53.87184044339605,243884.41272903737,53.87184044339605,9.023084782265476,9.07518182168437,0.10661943871040347,0.16186287732861304,0.037369279061729196,0.1529701992048055,0.0065953813807670975,0.9558489295856364,-0.19610741857547426,1194811.1619820455,1250000.0,5.000000000000001,5.000000000000001,238962.23239640906,53.7832926681449,238962.23239640906,53.7832926681449,12.02395042091446,12.178388393494993,0.1541198738664279,0.17194382352080045,0.18723287078133954,,
484,16,24.200000000000003,4,0.4110480604058551,-3.861073967399947,513810.0755073189,1250000.0,5.000000000000001,5.000000000000001,102762.01510146377,50.11832611932043,102762.01510146377,50.11832611932043,51.65688840084596,51.65381502658789,,,,,,0.43093363637311516,-3.655896058858592,538667.0454663939,1250000.0,5.000000000000001,5.000000000000001,107733.40909327877,50.32350402786179,107733.40909327877,50.32350402786179,50.53128678382561,50.51613656029556,1.0119793300184616,1.737637134296755,0.25844708760858126,0.24167592802518145,0.017685831207355028,0.9425413668232256,-0.25699580126076993,1178176.708529032,1250000.0,5.000000000000001,5.000000000000001,235635.34170580638,53.722404285459604,235635.34170580638,53.722404285459604,13.962861705647132,13.961837699012117,0.1822042367849726,0.16226575950472125,0.25844708760858126,0.24167592802518145,0.017685831207355028,0.9748818690001821,-0.11048006608733196,1218602.3362502276,1250000.0,5.000000000000001,5.000000000000001,243720.46725004548,53.86892002063305,243720.46725004548,53.86892002063305,9.142363071444123,9.17670966832102,0.10763052027802145,0.16226575950472125,0.03729099135750711,0.15292470324283997,0.006578843204626239,0.9687259086833876,-0.13799084853080654,1210907.3858542345,1250000.0,5.000000000000001,5.000000000000001,242181.47717084686,53.84140923818957,242181.47717084686,53.84140923818957,10.14403399147483,10.440123461536526,0.1264101601390337,0.17255381599935207,0.1368504563496285,,
485,16,24.25,5,0.40293475779446203,-3.9476526806147385,503668.4472430775,1250000.0,5.000000000000001,5.000000000000001,100733.68944861548,50.03174740610564,100733.68944861548,50.03174740610564,52.15312655061912,52.175964925499066,,,,,,0.43484350589722337,-3.6166701144435356,543554.3823715292,1250000.0,5.000000000000001,5.000000000000001,108710.87647430583,50.36272997227684,108710.87647430583,50.36272997227684,50.307023591431275,50.31147918006671,1.0109008298199786,1.739608097858603,0.2581293694060488,0.24150997616820963,0.01763439207033756,0.9430630342535894,-0.25459278086002785,1178828.7928169868,1250000.0,5.000000000000001,5.000000000000001,235765.7585633973,53.724807305860345,235765.7585633973,53.724807305860345,13.896752440103509,13.893747069943942,0.18137002619211634,0.16085757602456904,0.2581293694060488,0.24150997616820963,0.01763439207033756,0.9755721624833376,-0.10740600580899831,1219465.203104172,1250000.0,5.000000000000001,5.000000000000001,243893.04062083433,53.87199408091138,243893.04062083433,53.87199408091138,9.013494155016819,9.049495628386746,0.10589883121110158,0.16085757602456904,0.0372209535699536,0.1528789418436161,0.006562566061173733,0.958574373189989,-0.18374185745801994,1198217.9664874861,1250000.0,5.000000000000001,5.000000000000001,239643.5932974972,53.79565822926236,239643.5932974972,53.79565822926236,11.635671664972275,11.977990936698523,0.15249559984477318,0.17500548244944972,0.1933622978352036,,
486,16,24.3,6,0.4046362512107472,-3.929352115416535,505795.314013434,1250000.0,5.000000000000001,5.000000000000001,101159.06280268678,50.05004797130384,101159.06280268678,50.05004797130384,52.07647853167259,52.05542848427952,,,,,,0.43626999381206966,-3.6024465630031703,545337.4922650871,1250000.0,5.000000000000001,5.000000000000001,109067.4984530174,50.376953523717205,109067.4984530174,50.376953523717205,50.21306441069775,50.205702414859495,1.0033496629693741,1.728577987550993,0.25788481876678304,0.2413919599857975,0.017589601268767387,0.9430571545474759,-0.2546198578611171,1178821.4431843448,1250000.0,5.000000000000001,5.000000000000001,235764.2886368689,53.72478022885926,235764.2886368689,53.72478022885926,13.895018337415461,13.889052377587243,0.18122137524541646,0.16307290150538234,0.25788481876678304,0.2413919599857975,0.017589601268767387,0.975007546495887,-0.10992022877014021,1218759.4331198586,1250000.0,5.000000000000001,5.000000000000001,243751.8866239717,53.86947985795024,243751.8866239717,53.86947985795024,9.118561967903409,9.14655684483437,0.10735895674734178,0.16307290150538234,0.03714682397960196,0.15283241446746235,0.006546236496302152,0.9623425392840851,-0.16670316275912328,1202928.1741051064,1250000.0,5.000000000000001,5.000000000000001,240585.63482102123,53.81269692396125,240585.63482102123,53.81269692396125,11.108484224583663,11.389158367761011,0.14315567580153438,0.1720490208131662,0.16765039684062094,,
487,16,24.35,7,0.40219548124714094,-3.955628131039117,502744.35155892617,1250000.0,5.000000000000001,5.000000000000001,100548.87031178521,50.02377195568126,100548.87031178521,50.02377195568126,52.195117025921114,52.171572806477364,,,,,,0.43189755650663103,-3.6461925299970828,539871.9456332888,1250000.0,5.000000000000001,5.000000000000001,107974.38912665774,50.33320755672329,107974.38912665774,50.33320755672329,50.43780492564188,50.43305510857341,1.01789615171686,1.731872367174195,0.2576988502066708,0.2412721739709655,0.017547162561104293,0.9436251880216879,-0.2520047508526456,1179531.48502711,1250000.0,5.000000000000001,5.000000000000001,235906.29700542195,53.72739533586773,235906.29700542195,53.72739533586773,13.82670526721312,13.82630143742812,0.18039415011437196,0.16124164801374133,0.2576988502066708,0.2412721739709655,0.017547162561104293,0.9754596564364757,-0.1079068767318935,1219324.5705455947,1250000.0,5.000000000000001,5.000000000000001,243864.9141091189,53.87149320998848,243864.9141091189,53.87149320998848,9.032357421695426,9.06445691139838,0.10638688423589404,0.16124164801374133,0.037077278884778644,0.1527844270593323,0.006529872404632648,0.9619006387636166,-0.16869786865859396,1202375.7984545208,1250000.0,5.000000000000001,5.000000000000001,240475.1596909041,53.81070221806178,240475.1596909041,53.81070221806178,11.16066332452255,11.438877137131962,0.14302349323680252,0.17201590263921748,0.16370874231522078,,
488,16,24.400000000000002,8,0.3996632510074313,-3.983057832345672,499579.0637592891,1250000.0,5.000000000000001,5.000000000000001,99915.8127518578,49.996342254374696,99915.8127518578,49.996342254374696,52.34664516644763,52.330612456431524,,,,,,0.4255591759179569,-3.7104004077865826,531948.9698974461,1250000.0,5.000000000000001,5.000000000000001,106389.7939794892,50.26899967893379,106389.7939794892,50.26899967893379,50.87476907262417,50.86956386042522,0.9951396057128429,1.729684662518305,0.2575063094866571,0.24088090105208543,0.017483468512524816,0.9442311901194352,-0.24921657926120117,1180288.987649294,1250000.0,5.000000000000001,5.000000000000001,236057.79752985877,53.730183507459174,236057.79752985877,53.730183507459174,13.743906711212892,13.747181424204092,0.17948316759726982,0.16067153287646146,0.2575063094866571,0.24088090105208543,0.017483468512524816,0.9755871804810401,-0.10733915085371139,1219483.9756013001,1250000.0,5.000000000000001,5.000000000000001,243896.79512025998,53.872060935866664,243896.79512025998,53.872060935866664,9.010258486903783,9.053928465834215,0.10656816099269892,0.16067153287646146,0.037014663005934804,0.15273281522844395,0.006513268150829463,0.9714483593582842,-0.12580280850947834,1214310.4491978553,1250000.0,5.000000000000001,5.000000000000001,242862.089839571,53.8535972782109,242862.089839571,53.8535972782109,9.734598167091747,9.856703579963298,0.1187581701005899,0.17335101976027772,0.10236625647528674,,
489,16,24.450000000000003,9,0.4118044927766173,-3.8530891955030997,514755.61597077164,1250000.0,5.000000000000001,5.000000000000001,102951.12319415431,50.12631089121727,102951.12319415431,50.12631089121727,51.62844374761653,51.64193785738674,,,,,,0.4265570110239487,-3.700229154497345,533196.2637799359,1250000.0,5.000000000000001,5.000000000000001,106639.25275598715,50.27917093222303,106639.25275598715,50.27917093222303,50.784793673650476,50.77608075697283,0.9973039428875781,1.7249472059410187,0.2571905915238569,0.24066674779154992,0.017429007335956058,0.9433204658463678,-0.2534074320600694,1179150.5823079597,1250000.0,5.000000000000001,5.000000000000001,235830.11646159188,53.7259926546603,235830.11646159188,53.7259926546603,13.863883373567608,13.86606660717309,0.18030135316106655,0.16175092141713504,0.2571905915238569,0.24066674779154992,0.017429007335956058,0.9753031515569989,-0.10860372419499906,1219128.9394462486,1250000.0,5.000000000000001,5.000000000000001,243825.78788924968,53.870796362525375,243825.78788924968,53.870796362525375,9.065570841411905,9.109018491711847,0.10581698426244279,0.16175092141713504,0.036943654686881586,0.15268207994188912,0.006496699093821995,0.9652081824250532,-0.1537900507346039,1206510.2280313165,1250000.0,5.000000000000001,5.000000000000001,241302.04560626327,53.825610035985775,241302.04560626327,53.825610035985775,10.705558089750884,11.017981370524367,0.13684929974677015,0.1743880454451782,0.17771527542574223,,
490,16,24.5,10,0.4052827963183189,-3.9224183105375925,506603.49539789866,1250000.0,5.000000000000001,5.000000000000001,101320.69907957972,50.05698177618278,101320.69907957972,50.05698177618278,52.01200943577273,52.00193747913984,,,,,,0.42532775834215714,-3.7127627281987694,531659.6979276964,1250000.0,5.000000000000001,5.000000000000001,106331.93958553926,50.266637358521606,106331.93958553926,50.266637358521606,50.83303767420272,50.798090630581,1.000547018993728,1.7338938829949537,0.2570980417521699,0.24037326251121033,0.017377040055508317,0.9425206034687175,-0.2570914735562295,1178150.7543358968,1250000.0,5.000000000000001,5.000000000000001,235630.15086717933,53.722308613164145,235630.15086717933,53.722308613164145,13.962504285499179,13.962463278154866,0.1828308419168256,0.16312425819679613,0.2570980417521699,0.24037326251121033,0.017377040055508317,0.975119938551052,-0.10941963329834423,1218899.923188815,1250000.0,5.000000000000001,5.000000000000001,243779.98463776294,53.86998045342203,243779.98463776294,53.86998045342203,9.097602870424533,9.118923046259926,0.10752059671283706,0.16312425819679613,0.03687083092136598,0.1526314351267874,0.006480203468875907,0.9595623525766458,-0.17926799458849865,1199452.9407208073,1250000.0,5.000000000000001,5.000000000000001,239890.58814416142,53.80013209213188,239890.58814416142,53.80013209213188,11.489898571114976,11.853350843459875,0.14873808648860032,0.17280284361072024,0.18105032898301354,,
491,16,24.55,11,0.40999136054087176,-3.872252947655282,512489.20067608973,1250000.0,5.000000000000001,5.000000000000001,102497.84013521794,50.10714713906509,102497.84013521794,50.10714713906509,51.735828055328355,51.77588956159936,,,,,,0.4240011468262976,-3.726329687382599,530001.433532872,1250000.0,5.000000000000001,5.000000000000001,106000.28670657438,50.25307039933778,106000.28670657438,50.25307039933778,50.95011925886339,50.94022818804915,1.0154296695704066,1.7378225059381691,0.2568866570146269,0.24052707934086195,0.017354669629521435,0.9432360025094567,-0.2537963094860398,1179045.0031368209,1250000.0,5.000000000000001,5.000000000000001,235809.00062736412,53.72560377723434,235809.00062736412,53.72560377723434,13.872636704387157,13.873836502752278,0.18071581421634836,0.16142999470428848,0.2568866570146269,0.24052707934086195,0.017354669629521435,0.9753806546328966,-0.10825862307606005,1219225.8182911207,1250000.0,5.000000000000001,5.000000000000001,243845.1636582241,53.871141463644314,243845.1636582241,53.871141463644314,9.052653809230325,9.092694761198143,0.10589501381427387,0.16142999470428848,0.036801012696052446,0.15258513378337923,0.006464425019346585,0.9631026748451743,-0.16327410962993144,1203878.343556468,1250000.0,5.000000000000001,5.000000000000001,240775.66871129355,53.816125977090444,240775.66871129355,53.816125977090444,11.04929663504734,11.245186952198965,0.14084138902771912,0.1729908591056118,0.17153134127064426,,
492,16,24.6,12,0.41005717814559295,-3.8715558127600795,512571.4726819912,1250000.0,5.000000000000001,5.000000000000001,102514.29453639821,50.107844273960296,102514.29453639821,50.107844273960296,51.74825153431552,51.72963387120198,,,,,,0.4245549663069794,-3.7206607451674807,530693.7078837242,1250000.0,5.000000000000001,5.000000000000001,106138.74157674483,50.2587393415529,106138.74157674483,50.2587393415529,50.907276944300506,50.89123808575513,1.0277444763011396,1.7513645611061137,0.25625352230299814,0.24041038145953583,0.017296757920186586,0.9431240737098765,-0.2543116942282595,1178905.0921373456,1250000.0,5.000000000000001,5.000000000000001,235781.01842746907,53.72508839249211,235781.01842746907,53.72508839249211,13.88348433548631,13.886066630684827,0.18137685587602925,0.1623247926518743,0.25625352230299814,0.24041038145953583,0.017296757920186586,0.975286938983296,-0.1086759180539848,1219108.67372912,1250000.0,5.000000000000001,5.000000000000001,243821.73474582398,53.870724168666385,243821.73474582398,53.870724168666385,9.065779272676938,9.091405930902082,0.10668491654443905,0.1623247926518743,0.03672937889252925,0.15253937985857224,0.006448763668984797,0.9639030788168611,-0.15966632540274914,1204878.8485210764,1250000.0,5.000000000000001,5.000000000000001,240975.76970421523,53.81973376131762,240975.76970421523,53.81973376131762,10.878116120028654,11.138077168133254,0.13720932820860346,0.17522635870704845,0.1513579346402339,,
493,16,24.650000000000002,13,0.41170916001211727,-3.8540947038783813,514636.4500151466,1250000.0,5.000000000000001,5.000000000000001,102927.2900030293,50.125305382841994,102927.2900030293,50.125305382841994,51.6645405904693,51.67347067177201,,,,,,0.4317061130681313,-3.6481180158010025,539632.6413351641,1250000.0,5.000000000000001,5.000000000000001,107926.5282670328,50.33128207091937,107926.5282670328,50.33128207091937,50.46571704149402,50.51077376010444,1.02873619876944,1.7376068046096826,0.2562123884456297,0.24027486228017275,0.01725893635538929,0.9432707387204115,-0.253636376373564,1179088.4234005143,1250000.0,5.000000000000001,5.000000000000001,235817.68468010283,53.72576371034681,235817.68468010283,53.72576371034681,13.86559474803612,13.868784315613961,0.18089599482018,0.1610079228590693,0.2562123884456297,0.24027486228017275,0.01725893635538929,0.9754807941955328,-0.10781276814835693,1219350.992744416,1250000.0,5.000000000000001,5.000000000000001,243870.19854888317,53.87158731857202,243870.19854888317,53.87158731857202,9.029816821636691,9.075267646992293,0.10601288122652508,0.1610079228590693,0.03666262756161652,0.1524914983130183,0.006433013402100045,0.9548989187795067,-0.20042598405443784,1193623.6484743834,1250000.0,5.000000000000001,5.000000000000001,238724.72969487665,53.77897410266594,238724.72969487665,53.77897410266594,11.935241847366688,12.397354690607031,0.1566758811236578,0.17301906277685078,0.20513114617853603,,
494,16,24.700000000000003,14,0.39875779291655683,-3.9929081644238,498447.241145696,1250000.0,5.000000000000001,5.000000000000001,99689.44822913919,49.98649192229657,99689.44822913919,49.98649192229657,52.39573595871461,52.419722465809755,,,,,,0.4304201567101406,-3.661073987194341,538025.1958876757,1250000.0,5.000000000000001,5.000000000000001,107605.03917753513,50.31832609952603,107605.03917753513,50.31832609952603,50.53748234165257,50.533687624130685,1.0080354240388458,1.733979274466646,0.2558266913967687,0.24013981945343438,0.017209620406566088,0.9429179838741714,-0.25526081069593753,1178647.4798427143,1250000.0,5.000000000000001,5.000000000000001,235729.49596854282,53.72413927602444,235729.49596854282,53.72413927602444,13.914238148475704,13.912573617330548,0.18194500400413313,0.16210811730151078,0.2558266913967687,0.24013981945343438,0.017209620406566088,0.9755082287912017,-0.1076906281119687,1219385.285989002,1250000.0,5.000000000000001,5.000000000000001,243877.05719780037,53.87170945860841,243877.05719780037,53.87170945860841,9.029427526029773,9.05339025930432,0.10642474371040819,0.16210811730151078,0.036603693729699696,0.1524432180581519,0.006417335668111086,0.9641251339316758,-0.15866595299293546,1205156.4174145947,1250000.0,5.000000000000001,5.000000000000001,241031.2834829189,53.82073413372744,241031.2834829189,53.82073413372744,10.790505379132401,11.212305788804121,0.14013142098614914,0.17159471540962162,0.1654538357028869,,
495,16,24.75,15,0.406859190761168,-3.9055586904583746,508573.98845146,1250000.0,5.000000000000001,5.000000000000001,101714.79769029199,50.073841396262004,101714.79769029199,50.073841396262004,51.9136079628644,51.90715839733703,,,,,,0.4200713129438413,-3.766769758187986,525089.1411798017,1250000.0,5.000000000000001,5.000000000000001,105017.82823596032,50.212630328532384,105017.82823596032,50.212630328532384,51.127594813248564,51.08800243336966,1.0132131838390812,1.7340800572680972,0.2560892379375625,0.23993529627962973,0.01717727954945574,0.9431315170099251,-0.2542774190838496,1178914.3962624064,1250000.0,5.000000000000001,5.000000000000001,235782.87925248125,53.725122667636526,235782.87925248125,53.725122667636526,13.886340527939343,13.886003979243025,0.18172662526114,0.1609453235795161,0.2560892379375625,0.23993529627962973,0.01717727954945574,0.9760247363968528,-0.10539175422939048,1220030.920496066,1250000.0,5.000000000000001,5.000000000000001,244006.1840992132,53.87400833249099,244006.1840992132,53.87400833249099,8.931354619061931,8.958715348585226,0.10520776872945001,0.1609453235795161,0.036556539593992715,0.1523923445836045,0.006401484880665165,0.959802014003813,-0.17818343099341472,1199752.5175047664,1250000.0,5.000000000000001,5.000000000000001,239950.50350095323,53.80121665572696,239950.50350095323,53.80121665572696,11.415792585251884,11.620971678600736,0.14645416590569948,0.1736186285015426,0.1708672098976484,,
496,16,24.8,16,0.406166650854592,-3.9129573810601057,507708.31356824003,1250000.0,5.000000000000001,5.000000000000001,101541.662713648,50.06644270566027,101541.662713648,50.06644270566027,51.99499786301082,51.97966965625129,,,,,,0.4276252915717872,-3.6893661668767592,534531.614464734,1250000.0,5.000000000000001,5.000000000000001,106906.32289294677,50.290033919843616,106906.32289294677,50.290033919843616,50.71067446168918,50.71203761945261,0.993877322676487,1.7272767570918446,0.2558592590990417,0.23973012359330167,0.017127786524672207,0.942665748719756,-0.2564227250088845,1178332.185899695,1250000.0,5.000000000000001,5.000000000000001,235666.43717993895,53.72297736171149,235666.43717993895,53.72297736171149,13.944599083506551,13.956582292946322,0.1820786305692868,0.1629412629526732,0.2558592590990417,0.23973012359330167,0.017127786524672207,0.975027991035357,-0.10982916426894189,1218784.9887941962,1250000.0,5.000000000000001,5.000000000000001,243756.9977588392,53.86957092245144,243756.9977588392,53.86957092245144,9.112645008455923,9.148252822068432,0.10733194333088787,0.1629412629526732,0.036515014097580054,0.15234367017100736,0.006385944694761929,0.9505346496190269,-0.2203204727400681,1188168.3120237836,1250000.0,5.000000000000001,5.000000000000001,237633.66240475667,53.759079613980305,237633.66240475667,53.759079613980305,12.544107953845538,12.688498790123067,0.16232971536450974,0.17421177454356002,0.1988722705109939,,
497,16,24.85,17,0.3996699819969876,-3.982984690594487,499587.4774962345,1250000.0,5.000000000000001,5.000000000000001,99917.49549924688,49.99641539612589,99917.49549924688,49.99641539612589,52.372446603577316,52.33853939102613,,,,,,0.42260074764266836,-3.7406973895242746,528250.9345533354,1250000.0,5.000000000000001,5.000000000000001,105650.18691066706,50.238702697196096,105650.18691066706,50.238702697196096,50.98847517776149,50.98521277779811,1.0178155377716531,1.7279972934108159,0.255355526212433,0.2393492548457925,0.017056010183445595,0.9438167721344564,-0.25112309276685707,1179770.9651680705,1250000.0,5.000000000000001,5.000000000000001,235954.19303361405,53.728276993953514,235954.19303361405,53.728276993953514,13.80317663033181,13.797678383356224,0.17962144641956623,0.16139024631612123,0.255355526212433,0.2393492548457925,0.017056010183445595,0.9755251528391424,-0.10761528321319336,1219406.441048928,1250000.0,5.000000000000001,5.000000000000001,243881.28820978556,53.87178480350718,243881.28820978556,53.87178480350718,9.025589879443507,9.040204635287042,0.1055910420935409,0.16139024631612123,0.03647096557257429,0.15229301328150907,0.006370277763853305,0.9643552731542884,-0.157629404272426,1205444.0914428604,1250000.0,5.000000000000001,5.000000000000001,241088.81828857205,53.82177068244795,241088.81828857205,53.82177068244795,10.804113850155876,11.060392581011056,0.13638921658681713,0.17236871941873613,0.14660665594485386,,
498,16,24.900000000000002,18,0.40685547815702855,-3.9055983201603532,508569.3476962857,1250000.0,5.000000000000001,5.000000000000001,101713.86953925712,50.073801766560024,101713.86953925712,50.073801766560024,51.90761214095039,51.90042365983211,,,,,,0.4311549688334267,-3.6536660451984915,538943.7110417833,1250000.0,5.000000000000001,5.000000000000001,107788.74220835665,50.32573404152188,107788.74220835665,50.32573404152188,50.49885858426178,50.49952713999876,1.0064367607007967,1.7167912231032332,0.2551772007789316,0.23927313154911878,0.017018515460403144,0.9438732603376185,-0.2508631717574617,1179841.5754220232,1250000.0,5.000000000000001,5.000000000000001,235968.3150844046,53.728536914962916,235968.3150844046,53.728536914962916,13.794434897145507,13.794095895095783,0.180032067132906,0.1624331924241491,0.2551772007789316,0.23927313154911878,0.017018515460403144,0.975356854919395,-0.10836459411721235,1219196.0686492438,1250000.0,5.000000000000001,5.000000000000001,243839.2137298487,53.87103549260316,243839.2137298487,53.87103549260316,9.053545234751919,9.088255320618178,0.10732892266091021,0.1624331924241491,0.03642806427831264,0.15224429206466478,0.006354941518530259,0.9661378322886351,-0.14960911335764832,1207672.290360794,1250000.0,5.000000000000001,5.000000000000001,241534.45807215874,53.82979097336273,241534.45807215874,53.82979097336273,10.567792859165696,10.781025930603645,0.13326118272850257,0.1738634465846592,0.14181122610087726,,
499,16,24.950000000000003,19,0.4021979758185896,-3.9556011945043807,502747.469773237,1250000.0,5.000000000000001,5.000000000000001,100549.49395464739,50.023798892216,100549.49395464739,50.023798892216,52.20061288156012,52.24812630309689,,,,,,0.4242815950760575,-3.723458070980395,530351.9938450719,1250000.0,5.000000000000001,5.000000000000001,106070.39876901435,50.25594201573998,106070.39876901435,50.25594201573998,50.886957321970456,50.88629449333071,1.0096583975278057,1.7350767544053696,0.2554476276450496,0.23922757944089734,0.016998742697643485,0.9436145882223863,-0.25205353569073535,1179518.235277983,1250000.0,5.000000000000001,5.000000000000001,235903.64705559655,53.72734655102964,235903.64705559655,53.72734655102964,13.823608731041816,13.832496465463686,0.18089989483905033,0.16234734695513134,0.2554476276450496,0.23922757944089734,0.016998742697643485,0.9753974529812569,-0.10818382799844786,1219246.816226571,1250000.0,5.000000000000001,5.000000000000001,243849.3632453142,53.87121625872193,243849.3632453142,53.87121625872193,9.047838808843116,9.086428102117479,0.10780275365413221,0.16234734695513134,0.036378179698770184,0.1521923800437392,0.006339261494197057,0.9678886726843245,-0.14174592711582643,1209860.8408554057,1250000.0,5.000000000000001,5.000000000000001,241972.16817108108,53.83765415960455,241972.16817108108,53.83765415960455,10.315578620485647,10.47101341781249,0.12857119087328592,0.17227799220856907,0.14054727859988986,,
500,16,25.0,20,0.40548161426824564,-3.9202883319850117,506852.01783530705,1250000.0,5.000000000000001,5.000000000000001,101370.4035670614,50.05911175473536,101370.4035670614,50.05911175473536,51.989714773071526,51.976267112468534,,,,,,0.4298128012236881,-3.6672065394923226,537266.0015296101,1250000.0,5.000000000000001,5.000000000000001,107453.200305922,50.31219354722805,107453.200305922,50.31219354722805,50.553052119147026,50.52803872895578,1.0117970955622617,1.7430850489607763,0.25492422980905927,0.2388700009773946,0.01692855279625321,0.9440225010331552,-0.2501765405142734,1180028.126291444,1250000.0,5.000000000000001,5.000000000000001,236005.62525828878,53.7292235462061,236005.62525828878,53.7292235462061,13.780486337084355,13.779181204084784,0.17915509649826744,0.1612787892362199,0.25492422980905927,0.2388700009773946,0.01692855279625321,0.9755447177553553,-0.10752818294806689,1219430.8971941941,1250000.0,5.000000000000001,5.000000000000001,243886.1794388388,53.871871903772316,243886.1794388388,53.871871903772316,9.018861319073027,9.049885581748132,0.10564339379228753,0.1612787892362199,0.036327165418238806,0.15214041802047282,0.006323587700358274,0.9657752649981591,-0.15123921748233315,1207219.081247699,1250000.0,5.000000000000001,5.000000000000001,241443.81624953976,53.82816086923804,241443.81624953976,53.82816086923804,10.635837954819328,10.739850761406547,0.13246625859143366,0.17395616677499778,0.13143543627419207,,
501,16,25.05,21,0.40051998851675463,-3.9737580495825044,500649.9856459433,1250000.0,5.000000000000001,5.000000000000001,100129.99712918865,50.00564203713787,100129.99712918865,50.00564203713787,52.30846615898979,52.28378150961265,,,,,,0.42126360050110845,-3.7544606469096986,526579.5006263856,1250000.0,5.000000000000001,5.000000000000001,105315.9001252771,50.224939439810676,105315.9001252771,50.224939439810676,51.08495638150561,51.05581222342845,1.0027016867168341,1.722530543904891,0.2549743791423734,0.23863417833692663,0.016887420825392324,0.942831945491823,-0.2556571092096461,1178539.9318647787,1250000.0,5.000000000000001,5.000000000000001,235707.9863729557,53.723742977510724,235707.9863729557,53.723742977510724,13.923194459694164,13.929752142951518,0.18093626311866798,0.1612884728082174,0.2549743791423734,0.23863417833692663,0.016887420825392324,0.975241023428802,-0.10888038445834516,1219051.2792860025,1250000.0,5.000000000000001,5.000000000000001,243810.25585720045,53.87051970226203,243810.25585720045,53.87051970226203,9.076982120974863,9.098402207265249,0.10575458816057504,0.1612884728082174,0.036284897256808155,0.1520858131971663,0.006307803333340365,0.9705969337795993,-0.1296108500167671,1213246.1672244992,1250000.0,5.000000000000001,5.000000000000001,242649.2334448998,53.84978923670361,242649.2334448998,53.84978923670361,9.843146659271644,10.379769557391892,0.12738104043381968,0.17040267631454842,0.14422482245607376,,
502,16,25.1,22,0.41386528291940355,-3.831410028548534,517331.6036492544,1250000.0,5.000000000000001,5.000000000000001,103466.32072985086,50.14799005817184,103466.32072985086,50.14799005817184,51.51039922993266,51.51856306873741,,,,,,0.42061411142169375,-3.761161610130648,525767.6392771172,1250000.0,5.000000000000001,5.000000000000001,105153.52785542342,50.218238476589725,105153.52785542342,50.218238476589725,51.11423443881573,51.093065517534846,1.0072816664419606,1.74615578263682,0.2546312760687256,0.23844814340412585,0.016836242129509474,0.9438713958378536,-0.25087175069271933,1179839.244797317,1250000.0,5.000000000000001,5.000000000000001,235967.8489594634,53.72852833602765,235967.8489594634,53.72852833602765,13.7919376305417,13.798669054769263,0.17959827442956444,0.16184357060388635,0.2546312760687256,0.23844814340412585,0.016836242129509474,0.975265457657836,-0.10877157527526918,1219081.822072295,1250000.0,5.000000000000001,5.000000000000001,243816.36441445895,53.870628511445105,243816.36441445895,53.870628511445105,9.071122121813692,9.089743360372859,0.10687560952839478,0.16184357060388635,0.0362426489890391,0.15203299215454255,0.006292307725906665,0.9683848642336491,-0.13952007160061014,1210481.0802920614,1250000.0,5.000000000000001,5.000000000000001,242096.21605841225,53.83988001511977,242096.21605841225,53.83988001511977,10.166940650208392,10.577340224108715,0.1306572961196911,0.1724270811077112,0.141613148452161,,
503,16,25.150000000000002,23,0.40565009074078945,-3.9184842253779917,507062.61342598684,1250000.0,5.000000000000001,5.000000000000001,101412.52268519736,50.06091586134239,101412.52268519736,50.06091586134239,52.038727383355344,52.125057023788074,,,,,,0.42742335921730296,-3.6914174679067004,534279.1990216287,1250000.0,5.000000000000001,5.000000000000001,106855.83980432572,50.28798261881367,106855.83980432572,50.28798261881367,50.7056019562626,50.6950293165833,1.0218465369123757,1.7356709524107203,0.254362910834249,0.2382738378233918,0.016789122510936887,0.9432379019648794,-0.25378756382561213,1179047.3774560993,1250000.0,5.000000000000001,5.000000000000001,235809.4754912198,53.725612522894764,235809.4754912198,53.725612522894764,13.878436295724374,13.8777496911469,0.18019247532821941,0.16286452584570482,0.254362910834249,0.2382738378233918,0.016789122510936887,0.9750357469538881,-0.10979461819175948,1218794.68369236,1250000.0,5.000000000000001,5.000000000000001,243758.93673847197,53.86960546852862,243758.93673847197,53.86960546852862,9.113380977859416,9.131504458792232,0.10650270181706023,0.16286452584570482,0.0362089117533062,0.15198105763447756,0.006276998762611863,0.9491441049237004,-0.22667845294525119,1186430.1311546254,1250000.0,5.000000000000001,5.000000000000001,237286.02623092505,53.752721633775124,237286.02623092505,53.752721633775124,12.715660686216328,12.965891940177897,0.16552597318472081,0.17347463794031484,0.20323097836466833,,
504,16,25.200000000000003,24,0.4070945710967768,-3.9030468921586863,508868.213870971,1250000.0,5.000000000000001,5.000000000000001,101773.64277419419,50.07635319456169,101773.64277419419,50.07635319456169,51.91449772526114,51.94797794228386,,,,,,0.4245140796142982,-3.721079011858835,530642.5995178728,1250000.0,5.000000000000001,5.000000000000001,106128.51990357455,50.25832107486154,106128.51990357455,50.25832107486154,50.87840914183594,50.89757089620032,1.0277263978265494,1.75063304073347,0.2540368908222303,0.23817589482701623,0.0167456537491342,0.9456394333402325,-0.24274425924548965,1182049.2916752906,1250000.0,5.000000000000001,5.000000000000001,236409.85833505806,53.736655827474884,236409.85833505806,53.736655827474884,13.566204426674892,13.569151650835815,0.1764786744476401,0.16078037318014493,0.2540368908222303,0.23817589482701623,0.0167456537491342,0.9758085027028571,-0.10635401984314136,1219760.6283785715,1250000.0,5.000000000000001,5.000000000000001,243952.12567571425,53.87304606687724,243952.12567571425,53.87304606687724,8.970168502335481,9.001041357561721,0.10603177886153772,0.16078037318014493,0.03617759999362681,0.15193184404904464,0.006262073205022173,0.9533614471450085,-0.20742414429870185,1191701.8089312606,1250000.0,5.000000000000001,5.000000000000001,238340.3617862521,53.771975942421676,238340.3617862521,53.771975942421676,12.132031746763849,12.473097113360364,0.1572844221663393,0.17420800205951653,0.20820053375730757,,
505,16,25.25,25,0.4043558640169177,-3.9323625431737463,505444.83002114715,1250000.0,5.000000000000001,5.000000000000001,101088.96600422941,50.04703754354664,101088.96600422941,50.04703754354664,52.06375029133234,52.09963054957508,,,,,,0.4283570821352774,-3.6819404840397736,535446.3526690968,1250000.0,5.000000000000001,5.000000000000001,107089.27053381933,50.2974596026806,107089.27053381933,50.2974596026806,50.672842014243614,50.657334196223744,0.9987176344543792,1.7305457872694958,0.25391164518573306,0.2378872779109714,0.01669511618590525,0.9432654751269437,-0.2536606107304903,1179081.8439086797,1250000.0,5.000000000000001,5.000000000000001,235816.3687817359,53.72573947598988,235816.3687817359,53.72573947598988,13.866939529384917,13.866693821756655,0.18022427711955163,0.16186371161846963,0.25391164518573306,0.2378872779109714,0.01669511618590525,0.9751153418397406,-0.10944010597030852,1218894.1772996758,1250000.0,5.000000000000001,5.000000000000001,243778.8354599351,53.86995998075007,243778.8354599351,53.86995998075007,9.097442053154023,9.123637075047643,0.10685210122748812,0.16186371161846963,0.036158043214708786,0.15188040251416796,0.006247124079686495,0.9613859000742649,-0.17102251632009222,1201732.3750928312,1250000.0,5.000000000000001,5.000000000000001,240346.4750185662,53.80837757040028,240346.4750185662,53.80837757040028,11.219283514712151,11.398732807532749,0.14328273284304144,0.1742143559353141,0.16980771033914283,,
506,16,25.3,26,0.41021914759421313,-3.8698407214797506,512773.9344927664,1250000.0,5.000000000000001,5.000000000000001,102554.78689855326,50.10955936524063,102554.78689855326,50.10955936524063,51.70032068051152,51.688670472712815,,,,,,0.43727085637525337,-3.5924946694324165,546588.5704690667,1250000.0,5.000000000000001,5.000000000000001,109317.71409381332,50.38690541728796,109317.71409381332,50.38690541728796,50.149983554751785,50.18955494457047,0.9935589768012077,1.7257484362296147,0.253811252175762,0.23772224813129988,0.01665458411963217,0.9437254326123323,-0.2515434092013119,1179656.7907654154,1250000.0,5.000000000000001,5.000000000000001,235931.35815308304,53.727856677519064,235931.35815308304,53.727856677519064,13.815514777713531,13.814811988981436,0.17921467447221623,0.16270278608458094,0.253811252175762,0.23772224813129988,0.01665458411963217,0.9750917483647287,-0.10954518728252977,1218864.6854559109,1250000.0,5.000000000000001,5.000000000000001,243772.93709118213,53.86985489943784,243772.93709118213,53.86985489943784,9.104864913744525,9.12241693048314,0.10632009821015243,0.16270278608458094,0.03613477465836219,0.15182832221065629,0.006232225729570122,0.9618614507900048,-0.16887480447400843,1202326.813487506,1250000.0,5.000000000000001,5.000000000000001,240465.36269750117,53.81052528224637,240465.36269750117,53.81052528224637,11.203678086126322,11.418200591944458,0.14248379969774932,0.17272757795104515,0.16792413163673708,,
507,16,25.35,27,0.41844033470861997,-3.783664591859757,523050.41838577494,1250000.0,5.000000000000001,5.000000000000001,104610.08367715497,50.195735494860614,104610.08367715497,50.195735494860614,51.268462111503354,51.28568063332241,,,,,,0.43799200442111685,-3.5853381750385296,547490.0055263961,1250000.0,5.000000000000001,5.000000000000001,109498.0011052792,50.394061911681845,109498.0011052792,50.394061911681845,50.09042938105556,50.07139857960185,0.9992778390255236,1.7239688766003696,0.25360416258068835,0.2374591058212431,0.01660342833616836,0.9438659461904522,-0.2508968257043969,1179832.4327380653,1250000.0,5.000000000000001,5.000000000000001,235966.48654761302,53.72850326101598,235966.48654761302,53.72850326101598,13.799891881483006,13.797723049017602,0.1792823021527346,0.16284537142928884,0.25360416258068835,0.2374591058212431,0.01660342833616836,0.9750476195847999,-0.10974173616446539,1218809.524481,1250000.0,5.000000000000001,5.000000000000001,243761.90489619994,53.86965835055591,243761.90489619994,53.86965835055591,9.116708322245307,9.145690433263834,0.10733386133823701,0.16284537142928884,0.036113765191209804,0.1517751404104735,0.006217288299329535,0.9675690853957489,-0.1431801614368475,1209461.3567446861,1250000.0,5.000000000000001,5.000000000000001,241892.27134893718,53.83621992528353,241892.27134893718,53.83621992528353,10.28581945292412,10.55161345521929,0.12881074832163725,0.1741409743842796,0.14368314053005155,,
508,16,25.400000000000002,28,0.4050267599431255,-3.925162821885246,506283.44992890686,1250000.0,5.000000000000001,5.000000000000001,101256.68998578136,50.05423726483513,101256.68998578136,50.05423726483513,52.065822934774,52.064665147606355,,,,,,0.42669292487124,-3.698845582535393,533366.15608905,1250000.0,5.000000000000001,5.000000000000001,106673.23121780998,50.280554504184984,106673.23121780998,50.280554504184984,50.76650271420731,50.74938509419838,1.0193826683591583,1.7397084889864274,0.2538062683349292,0.237447084489225,0.01658447455253532,0.9426749491694846,-0.25638033792677595,1178343.6864618557,1250000.0,5.000000000000001,5.000000000000001,235668.73729237108,53.7230197487936,235668.73729237108,53.7230197487936,13.945906868960941,13.9455724766473,0.18135752677865352,0.16260223075666463,0.2538062683349292,0.237447084489225,0.01658447455253532,0.9751945317850238,-0.10908742605269417,1218993.1647312797,1250000.0,5.000000000000001,5.000000000000001,243798.6329462559,53.87031266066768,243798.6329462559,53.87031266066768,9.084162195595242,9.110703469245786,0.10659262844757067,0.16260223075666463,0.036095988066893445,0.151721920522982,0.006202437595679602,0.9686108495771873,-0.13850670654837807,1210763.5619714842,1250000.0,5.000000000000001,5.000000000000001,242152.7123942968,53.84089338017199,242152.7123942968,53.84089338017199,10.047186317905306,10.456778941982076,0.1280654477065571,0.17195479687793336,0.14901480365754988,,
509,16,25.450000000000003,29,0.40348720390532933,-3.941702338326802,504359.0048816617,1250000.0,5.000000000000001,5.000000000000001,100871.80097633232,50.03769774839357,100871.80097633232,50.03769774839357,52.10773256962041,52.10267715113632,,,,,,0.4326326114984861,-3.6388074689408834,540790.7643731076,1250000.0,5.000000000000001,5.000000000000001,108158.15287462149,50.340592617779485,108158.15287462149,50.340592617779485,50.42122206325203,50.4454024368117,1.00353365655208,1.7340296969148281,0.2539481454986158,0.23740029671813234,0.016561388737629197,0.9441889722122591,-0.24941076278553437,1180236.2152653239,1250000.0,5.000000000000001,5.000000000000001,236047.24305306474,53.729989323934845,236047.24305306474,53.729989323934845,13.750466260567265,13.75366146054844,0.17879952855840883,0.1621169568957149,0.2539481454986158,0.23740029671813234,0.016561388737629197,0.9752939407373811,-0.10864473941182315,1219117.4259217263,1250000.0,5.000000000000001,5.000000000000001,243823.48518434522,53.87075534730855,243823.48518434522,53.87075534730855,9.066707916366344,9.092376295364168,0.10680281618430545,0.1621169568957149,0.036086137443413366,0.15167198642256235,0.00618802396760802,0.9625993260626108,-0.16554446717866364,1203249.1575782634,1250000.0,5.000000000000001,5.000000000000001,240649.83151565265,53.81385561954171,240649.83151565265,53.81385561954171,11.091622813228902,11.256732097084205,0.13967056808210457,0.17247822829965656,0.15843270881543922,,
510,17,25.5,0,0.40357294977343805,-3.940779508539307,504466.18721679755,1250000.0,5.000000000000001,5.000000000000001,100893.2374433595,50.03862057818107,100893.2374433595,50.03862057818107,52.095961308804284,52.11248734566233,,,,,,0.42511601370877344,-3.7149253527196042,531395.0171359668,1250000.0,5.000000000000001,5.000000000000001,106279.00342719334,50.26447473400077,106279.00342719334,50.26447473400077,50.861081023438686,50.8412194817681,1.0008794480724474,1.7220445406871665,0.2535664138848058,0.23723483810789342,0.016511806404939815,0.943236935586466,-0.25379201331843354,1179046.1694830826,1250000.0,5.000000000000001,5.000000000000001,235809.23389661647,53.725608073401936,235809.23389661647,53.725608073401936,13.875272253211516,13.87690651500857,0.18018364981271642,0.16163321442800632,0.2535664138848058,0.23723483810789342,0.016511806404939815,0.9751381600732938,-0.10933847986980752,1218922.7000916172,1250000.0,5.000000000000001,5.000000000000001,243784.5400183234,53.87006160685057,243784.5400183234,53.87006160685057,9.097063974174867,9.117830948808026,0.10645089757748101,0.16163321442800632,0.03607586467708228,0.15161965965409066,0.006173646472403644,0.9656415319305784,-0.15184063643533655,1207051.9149132231,1250000.0,5.000000000000001,5.000000000000001,241410.38298264457,53.82755945028504,241410.38298264457,53.82755945028504,10.640836287075341,10.830877720799307,0.1328336632931258,0.17493779215230248,0.14531973870059275,,
511,17,25.55,1,0.42004398318097574,-3.7670523185761424,525054.9789762197,1250000.0,5.000000000000001,5.000000000000001,105010.99579524391,50.212347768144234,105010.99579524391,50.212347768144234,51.14543756095245,51.169864291855774,,,,,,0.42372758776835184,-3.7291325932796404,529659.4847104398,1250000.0,5.000000000000001,5.000000000000001,105931.89694208794,50.25026749344073,105931.89694208794,50.25026749344073,50.95758827355793,50.92854621851585,1.0149270322799484,1.7176708276501462,0.25377053821838025,0.23706272079950716,0.01648202536880831,0.9448024015406754,-0.2465901148415015,1181003.0019258442,1250000.0,5.000000000000001,5.000000000000001,236200.6003851688,53.73280997187887,236200.6003851688,53.73280997187887,13.681511668989094,13.683395956029553,0.1775490036830872,0.16250212295524963,0.25377053821838025,0.23706272079950716,0.01648202536880831,0.9752487852743713,-0.10884581953331864,1219060.9815929641,1250000.0,5.000000000000001,5.000000000000001,243812.1963185928,53.87055426718706,243812.1963185928,53.87055426718706,9.075538803163766,9.094872532861663,0.10646146275117938,0.16250212295524963,0.03607351341584471,0.15156695949808555,0.006159263667760484,0.9649590719440242,-0.15491106558604723,1206198.8399300303,1250000.0,5.000000000000001,5.000000000000001,241239.76798600602,53.824489021134326,241239.76798600602,53.824489021134326,10.739561074622245,11.138576869934653,0.13871768996655615,0.1743055319478251,0.1638585171138121,,
512,17,25.6,2,0.40173226330212625,-3.960632884788829,502165.3291276578,1250000.0,5.000000000000001,5.000000000000001,100433.06582553155,50.01876720193155,100433.06582553155,50.01876720193155,52.247196355636596,52.28484103005032,,,,,,0.4316109403583171,-3.649075554695976,539513.6754478964,1250000.0,5.000000000000001,5.000000000000001,107902.73508957925,50.33032453202439,107902.73508957925,50.33032453202439,50.43933314165741,50.44139461196565,1.0052761444484,1.7319082925161617,0.2529919534258077,0.23670700500763558,0.01640552777327738,0.9444450628254485,-0.248232993680523,1180556.3285318105,1250000.0,5.000000000000001,5.000000000000001,236111.26570636206,53.73116709303985,236111.26570636206,53.73116709303985,13.718109116310742,13.722091039462338,0.17775095082359646,0.1629601801882244,0.2529919534258077,0.23670700500763558,0.01640552777327738,0.9749425428629065,-0.11020978201841658,1218678.1785786331,1250000.0,5.000000000000001,5.000000000000001,243735.6357157266,53.86919030470196,243735.6357157266,53.86919030470196,9.134442957261822,9.166398942817994,0.10689298886735481,0.1629601801882244,0.036078315828734414,0.1515133854940533,0.006144979898984349,0.9652875253106924,-0.15343306286570896,1206609.4066383655,1250000.0,5.000000000000001,5.000000000000001,241321.88132767307,53.825967023854666,241321.88132767307,53.825967023854666,10.586162271246423,10.846543569022284,0.13391411473115739,0.17334129445274393,0.1431092895586718,,
513,17,25.650000000000002,3,0.41284271656625515,-3.842153728895224,516053.39570781897,1250000.0,5.000000000000001,5.000000000000001,103210.67914156377,50.137246357825155,103210.67914156377,50.137246357825155,51.542965307879186,51.53037346343588,,,,,,0.42811850842666366,-3.684359963333747,535148.1355333296,1250000.0,5.000000000000001,5.000000000000001,107029.6271066659,50.29504012338663,107029.6271066659,50.29504012338663,50.68456223117014,50.689604416192864,1.003297712634659,1.728211531057741,0.25294260432155424,0.23667586825008416,0.016377453610288827,0.9435302081777487,-0.25244190851579035,1179412.7602221859,1250000.0,5.000000000000001,5.000000000000001,235882.55204443712,53.72695817820458,235882.55204443712,53.72695817820458,13.841010562100838,13.846418029377457,0.17945000989845655,0.16107875944697764,0.25294260432155424,0.23667586825008416,0.016377453610288827,0.9752414545479577,-0.10887846459828508,1219051.8181849471,1250000.0,5.000000000000001,5.000000000000001,243810.36363698938,53.870521622122084,243810.36363698938,53.870521622122084,9.078169719647097,9.104002099875704,0.10569041117705887,0.16107875944697764,0.03607961416981133,0.15145959792557265,0.006130702935512643,0.9589721399615083,-0.18194009760240978,1198715.1749518854,1250000.0,5.000000000000001,5.000000000000001,239743.03499037703,53.79745998911797,239743.03499037703,53.79745998911797,11.56404541216465,11.856327907909066,0.15031438138962466,0.1726612063395094,0.1846331614255668,,
514,17,25.700000000000003,4,0.4166784170713699,-3.801989943580843,520848.02133921237,1250000.0,5.000000000000001,5.000000000000001,104169.60426784246,50.17741014313954,104169.60426784246,50.17741014313954,51.36707456645287,51.3313287532657,,,,,,0.41656218617193225,-3.803201560930822,520702.7327149153,1250000.0,5.000000000000001,5.000000000000001,104140.54654298304,50.17619852578956,104140.54654298304,50.17619852578956,51.365395942335816,51.35736143840353,1.0170386170243086,1.7549591152162816,0.252834225374582,0.2365704748606396,0.016341817322467,0.9433030389607003,-0.25348766428725245,1179128.7987008754,1250000.0,5.000000000000001,5.000000000000001,235825.75974017504,53.725912422433126,235825.75974017504,53.725912422433126,13.87010948410853,13.869719865290886,0.1800484398173203,0.16189586627308872,0.252834225374582,0.2365704748606396,0.016341817322467,0.9751690243038822,-0.1092010229077328,1218961.2803798527,1250000.0,5.000000000000001,5.000000000000001,243792.2560759705,53.870199063812635,243792.2560759705,53.870199063812635,9.088926766311817,9.119098215510755,0.1062586688332013,0.16189586627308872,0.03608146138384144,0.15140715968918284,0.006116599921991259,0.9658192163303282,-0.1510415795078916,1207274.0204129103,1250000.0,5.000000000000001,5.000000000000001,241454.804082582,53.828358507212485,241454.804082582,53.828358507212485,10.659054379223338,11.219810922885687,0.13851763795343436,0.17306106054334214,0.16499067077195853,,
515,17,25.75,5,0.404046128092097,-3.9356905065111025,505057.6601151212,1250000.0,5.000000000000001,5.000000000000001,101011.53202302422,50.043709580209274,101011.53202302422,50.043709580209274,52.13230407444132,52.13745452056961,,,,,,0.43268825431697294,-3.638248939266763,540860.3178962162,1250000.0,5.000000000000001,5.000000000000001,108172.06357924321,50.341151147453616,108172.06357924321,50.341151147453616,50.36499667763706,50.346084991810685,1.002066023830317,1.7344702590305854,0.25265732662761076,0.2364662219218534,0.0163043418414681,0.9440660546246007,-0.24997617825500848,1180082.568280751,1250000.0,5.000000000000001,5.000000000000001,236016.51365615014,53.729423908465364,236016.51365615014,53.729423908465364,13.772524447538903,13.775850714993103,0.17921566706809913,0.1615883480893107,0.25265732662761076,0.2364662219218534,0.0163043418414681,0.9756621213921625,-0.10700555509888904,1219577.6517402031,1250000.0,5.000000000000001,5.000000000000001,243915.5303480406,53.87239453162149,243915.5303480406,53.87239453162149,8.997409448879973,9.021580622375035,0.10563166188558355,0.1615883480893107,0.036072266692868206,0.15135449951552365,0.006102498132732996,0.9671986689682717,-0.1448430981077978,1208998.3362103396,1250000.0,5.000000000000001,5.000000000000001,241799.66724206787,53.834556988612576,241799.66724206787,53.834556988612576,10.39748271378787,10.65873172793648,0.13020418241592793,0.17338239031274566,0.13733314671993735,,
516,17,25.8,6,0.4063748569568363,-3.910731703666077,507968.5711960454,1250000.0,5.000000000000001,5.000000000000001,101593.71423920906,50.0686683830543,101593.71423920906,50.0686683830543,51.94655441471754,51.962155164297144,,,,,,0.42193322340800893,-3.747562765268955,527416.5292600112,1250000.0,5.000000000000001,5.000000000000001,105483.30585200222,50.23183732145142,105483.30585200222,50.23183732145142,51.055263928172394,51.05450839410568,0.9842952885915605,1.728388878790056,0.2525468020684475,0.23634746919192845,0.01626809569209342,0.9440587754929947,-0.2500096642474507,1180073.4693662433,1250000.0,5.000000000000001,5.000000000000001,236014.69387324862,53.729390422472925,236014.69387324862,53.729390422472925,13.771649270684298,13.782829342230325,0.17850164464719995,0.162715847175205,0.2525468020684475,0.23634746919192845,0.01626809569209342,0.9744291743460439,-0.11249721768029937,1218036.467932555,1250000.0,5.000000000000001,5.000000000000001,243607.29358651093,53.866902869040075,243607.29358651093,53.866902869040075,9.229751078434687,9.26339878459381,0.10818142132599637,0.162715847175205,0.03606211942153599,0.15130163849568495,0.006088380458300163,0.9602102712247739,-0.17633652759288299,1200262.8390309673,1250000.0,5.000000000000001,5.000000000000001,240052.56780619343,53.803063559127494,240052.56780619343,53.803063559127494,11.436256967213586,11.667512182502758,0.14550598616929072,0.17438939949170237,0.1833257300130648,,
517,17,25.85,7,0.4051496790366535,-3.923845008088622,506437.0987958169,1250000.0,5.000000000000001,5.000000000000001,101287.41975916336,50.055555078631755,101287.41975916336,50.055555078631755,52.02711520046394,52.02427032312495,,,,,,0.42239918422545053,-3.742769292212315,527998.9802818132,1250000.0,5.000000000000001,5.000000000000001,105599.79605636263,50.23663079450806,105599.79605636263,50.23663079450806,50.98553941695398,50.96363055916422,1.0049766868457894,1.7242801857532897,0.2524480026017858,0.23616921180189848,0.016228749735658556,0.9440478041213395,-0.25006013603988286,1180059.7551516744,1250000.0,5.000000000000001,5.000000000000001,236011.95103033484,53.72933995068049,236011.95103033484,53.72933995068049,13.775468619200506,13.782307811175386,0.17907438681394683,0.16295915011646173,0.2524480026017858,0.23616921180189848,0.016228749735658556,0.9750982038986755,-0.10951643518309852,1218872.7548733444,1250000.0,5.000000000000001,5.000000000000001,243774.55097466885,53.86988365153727,243774.55097466885,53.86988365153727,9.103108153955974,9.135372391092568,0.10712578449080726,0.16295915011646173,0.03605553598586299,0.15124533422253222,0.00607409089527546,0.9624678877496481,-0.16613751591700907,1203084.8596870601,1250000.0,5.000000000000001,5.000000000000001,240616.971937412,53.813262570803374,240616.971937412,53.813262570803374,11.03402326876884,11.3182723853777,0.14097808156814529,0.17197793747616047,0.17945660274365144,,
518,17,25.900000000000002,8,0.4036577196178852,-3.939867375806831,504572.1495223565,1250000.0,5.000000000000001,5.000000000000001,100914.42990447128,50.03953271091355,100914.42990447128,50.03953271091355,52.13719258422624,52.13549602036981,,,,,,0.4212077809289664,-3.755036147341721,526509.726161208,1250000.0,5.000000000000001,5.000000000000001,105301.94523224159,50.224363939378655,105301.94523224159,50.224363939378655,51.09445646214733,51.06997497134701,1.0222892049918868,1.7345103577232812,0.2522936199508031,0.2360247594259896,0.01618969097785558,0.944898623555289,-0.24614783651847127,1181123.2794441113,1250000.0,5.000000000000001,5.000000000000001,236224.65588882222,53.7332522502019,236224.65588882222,53.7332522502019,13.664111831306219,13.670234334069454,0.17757614467896338,0.16113504198167095,0.2522936199508031,0.2360247594259896,0.01618969097785558,0.9756062650836836,-0.1072541942581825,1219507.8313546046,1250000.0,5.000000000000001,5.000000000000001,243901.56627092088,53.87214589246219,243901.56627092088,53.87214589246219,9.010276474966762,9.043910003696391,0.10580329691554069,0.16113504198167095,0.036056705938720485,0.15118992705393203,0.006059991162309729,0.9624750882653093,-0.1661050251444773,1203093.8603316366,1250000.0,5.000000000000001,5.000000000000001,240618.77206632728,53.8132950615759,240618.77206632728,53.8132950615759,11.144444658124936,11.481174770126039,0.1429019806342887,0.17509285957238832,0.1689038705423783,,
519,17,25.950000000000003,9,0.4102154946406573,-3.869879395067877,512769.36830082163,1250000.0,5.000000000000001,5.000000000000001,102553.8736601643,50.1095206916525,102553.8736601643,50.1095206916525,51.725190475662785,51.68191086485871,,,,,,0.4318264458251385,-3.6469076421524234,539783.0572814231,1250000.0,5.000000000000001,5.000000000000001,107956.6114562846,50.33249244456795,107956.6114562846,50.33249244456795,50.435588076854486,50.42999913946983,1.0154594363419176,1.7444293735797491,0.2517731732564293,0.23582859572717102,0.01613510494008257,0.9439151751279223,-0.25067031792066435,1179893.968909903,1250000.0,5.000000000000001,5.000000000000001,235978.79378198055,53.72872976879971,235978.79378198055,53.72872976879971,13.787954479648175,13.78905938906263,0.17909147210048137,0.16215969776005085,0.2517731732564293,0.23582859572717102,0.01613510494008257,0.9750394125217753,-0.10977829127329454,1218799.265652219,1250000.0,5.000000000000001,5.000000000000001,243759.85313044378,53.86962179544709,243759.85313044378,53.86962179544709,9.115708910366546,9.145876557527506,0.10713978421345124,0.16215969776005085,0.0360570755943599,0.1511321697168662,0.006045708298768869,0.9537904194365382,-0.2054704424933339,1192238.0242956728,1250000.0,5.000000000000001,5.000000000000001,238447.6048591345,53.77392964422704,238447.6048591345,53.77392964422704,12.175356938551802,12.638441308538251,0.1590196191118381,0.17321728386931906,0.2181884948182094,,
520,17,26.0,10,0.41158014031655854,-3.8554558910643277,514475.17539569817,1250000.0,5.000000000000001,5.000000000000001,102895.03507913962,50.12394419565605,102895.03507913962,50.12394419565605,51.65787810828645,51.68812141029002,,,,,,0.4254138907681965,-3.7118833346129785,531767.3634602457,1250000.0,5.000000000000001,5.000000000000001,106353.47269204911,50.2675167521074,106353.47269204911,50.2675167521074,50.87113031291039,50.92850867327345,1.0067776735801668,1.7270295492923826,0.251507663648533,0.2358960732586076,0.01610813386280167,0.943026278598264,-0.254762049390206,1178782.84824783,1250000.0,5.000000000000001,5.000000000000001,235756.56964956596,53.724638037330166,235756.56964956596,53.724638037330166,13.902425588617962,13.909879260426644,0.17979042118432303,0.16410014567895181,0.251507663648533,0.2358960732586076,0.01610813386280167,0.9740761947217074,-0.1140707017176967,1217595.2434021342,1250000.0,5.000000000000001,5.000000000000001,243519.0486804268,53.865329385002674,243519.0486804268,53.865329385002674,9.294958987981278,9.319119387444337,0.10814792958561006,0.16410014567895181,0.03605577118340668,0.15107767117195797,0.006031650472720842,0.970426936187384,-0.13037157241247876,1213033.6702342299,1250000.0,5.000000000000001,5.000000000000001,242606.73404684593,53.84902851430789,242606.73404684593,53.84902851430789,9.865349539029538,10.215222008672825,0.12328314249370871,0.17284408659549474,0.12568301638271245,,
521,17,26.05,11,0.40773694375055186,-3.896199367202386,509671.1796881898,1250000.0,5.000000000000001,5.000000000000001,101934.23593763795,50.08320071951799,101934.23593763795,50.08320071951799,51.844066333779494,51.8097235630932,,,,,,0.42309697014343317,-3.73560084701084,528871.2126792915,1250000.0,5.000000000000001,5.000000000000001,105774.24253585828,50.24379923970954,105774.24253585828,50.24379923970954,50.95761185909355,50.932282022210096,1.0020521041447124,1.712444971267066,0.25159541333954927,0.23579945096129343,0.016080946349444958,0.9444073542153703,-0.24840639675989168,1180509.1927692129,1250000.0,5.000000000000001,5.000000000000001,236101.83855384254,53.730993689960485,236101.83855384254,53.730993689960485,13.727900758211756,13.729874441115419,0.17817731658706237,0.1616342625158467,0.25159541333954927,0.23579945096129343,0.016080946349444958,0.9750630076217195,-0.10967319708336505,1218828.7595271494,1250000.0,5.000000000000001,5.000000000000001,243765.75190542985,53.869726889637015,243765.75190542985,53.869726889637015,9.113079896095709,9.145947221506987,0.1072175073680679,0.1616342625158467,0.03604535284491524,0.1510209288449708,0.006017447443475234,0.9653024657469494,-0.15336584456401003,1206628.0821836868,1250000.0,5.000000000000001,5.000000000000001,241325.61643673733,53.82603424215637,241325.61643673733,53.82603424215637,10.651847220470332,10.815055887970443,0.13412552082945436,0.17199410021316797,0.1451669364397304,,
522,17,26.1,12,0.4105097867889592,-3.866764845913741,513137.233486199,1250000.0,5.000000000000001,5.000000000000001,102627.44669723978,50.11263524080664,102627.44669723978,50.11263524080664,51.71565731673147,51.69596390316381,,,,,,0.4283671024020565,-3.6818388936645254,535458.8780025706,1250000.0,5.000000000000001,5.000000000000001,107091.7756005141,50.29756119305585,107091.7756005141,50.29756119305585,50.672763780214325,50.65215661381993,1.006868376022584,1.7319967612312024,0.2516680180097354,0.2357491600114739,0.016056660688571783,0.9433039554522302,-0.2534834447840351,1179129.9443152878,1250000.0,5.000000000000001,5.000000000000001,235825.98886305752,53.725916641936344,235825.98886305752,53.725916641936344,13.86765416686372,13.869394688352932,0.17960222254124003,0.16293061360075864,0.2516680180097354,0.2357491600114739,0.016056660688571783,0.9747533109960942,-0.11105280946448953,1218441.6387451177,1250000.0,5.000000000000001,5.000000000000001,243688.3277490235,53.868347277255886,243688.3277490235,53.868347277255886,9.169226776869078,9.186033386479462,0.10664095106062221,0.16293061360075864,0.036027596802989274,0.15096405564298224,0.006003228615252409,0.9687867362718234,-0.13771815780971494,1210983.4203397792,1250000.0,5.000000000000001,5.000000000000001,242196.6840679558,53.84168192891066,242196.6840679558,53.84168192891066,10.149728305609694,10.519535961371929,0.1278832990138858,0.17338285730542904,0.1373900440302408,,
523,17,26.150000000000002,13,0.4013381994177548,-3.9648950209818623,501672.74927219347,1250000.0,5.000000000000001,5.000000000000001,100334.54985443868,50.01450506573852,100334.54985443868,50.01450506573852,52.26485385377781,52.27093773995343,,,,,,0.42402303066563773,-3.7261055421064935,530028.7883320472,1250000.0,5.000000000000001,5.000000000000001,106005.75766640942,50.25329454461388,106005.75766640942,50.25329454461388,50.928231625458466,50.93697065878268,1.004245419446796,1.7322632259342463,0.2516613478355435,0.23554081663054713,0.016018780010318,0.9442159197389284,-0.24928681519162482,1180269.8996736605,1250000.0,5.000000000000001,5.000000000000001,236053.97993473205,53.73011327152875,236053.97993473205,53.73011327152875,13.757291453656544,13.754712590907804,0.17911229370339488,0.1619183148446966,0.2516613478355435,0.23554081663054713,0.016018780010318,0.9751719426812504,-0.10918802584507983,1218964.928351563,1250000.0,5.000000000000001,5.000000000000001,243792.98567031254,53.87021206087529,243792.98567031254,53.87021206087529,9.093936965527458,9.106989768619894,0.10735559254697939,0.1619183148446966,0.036010294907392916,0.15090644938331635,0.005989013774716017,0.9586031640816423,-0.1836114185692685,1198253.9551020528,1250000.0,5.000000000000001,5.000000000000001,239650.7910204105,53.795788668151104,239650.7910204105,53.795788668151104,11.686376330636325,12.041646611496038,0.1518613984992126,0.172726585751341,0.19060004605185496,,
524,17,26.200000000000003,14,0.4076657658503657,-3.8969575733991246,509582.2073129571,1250000.0,5.000000000000001,5.000000000000001,101916.4414625914,50.082442513321254,101916.4414625914,50.082442513321254,51.893004918521754,51.913370279822914,,,,,,0.4332421182080277,-3.6326932947936026,541552.6477600347,1250000.0,5.000000000000001,5.000000000000001,108310.5295520069,50.34670679192678,108310.5295520069,50.34670679192678,50.377442504458976,50.39949487880602,0.9995371097200219,1.7281178208517083,0.2510122738838395,0.23534764220045315,0.015960776575321904,0.9437241113638389,-0.25154948947966144,1179655.1392047987,1250000.0,5.000000000000001,5.000000000000001,235931.0278409597,53.72785059724072,235931.0278409597,53.72785059724072,13.81804748024544,13.821728187962226,0.1804119678023056,0.16306775188684924,0.2510122738838395,0.23534764220045315,0.015960776575321904,0.97513279203132,-0.10936238742998879,1218915.99003915,1250000.0,5.000000000000001,5.000000000000001,243783.19800782995,53.870037699290386,243783.19800782995,53.870037699290386,9.099177565576372,9.128731409659093,0.10832216707317743,0.16306775188684924,0.03599178314354058,0.15085152592126783,0.005975127517044345,0.97163762273573,-0.12495677244655107,1214547.0284196625,1250000.0,5.000000000000001,5.000000000000001,242909.40568393245,53.85444331427382,242909.40568393245,53.85444331427382,9.681354265658829,9.795055162924893,0.11753886014003476,0.17242853707981623,0.10302715187173736,,
525,17,26.25,15,0.40518224110112616,-3.923495977658596,506477.8013764077,1250000.0,5.000000000000001,5.000000000000001,101295.56027528152,50.055904109061785,101295.56027528152,50.055904109061785,51.98531845633308,51.960803055132374,,,,,,0.44208662227677664,-3.5449262682513707,552608.2778459708,1250000.0,5.000000000000001,5.000000000000001,110521.65556919415,50.434473818469,110521.65556919415,50.434473818469,49.868677139163374,49.88284359060443,0.997379170872469,1.733382976680015,0.25051539162378694,0.23498649831722287,0.01589647855203214,0.9442886030749588,-0.2489525192299411,1180360.7538436984,1250000.0,5.000000000000001,5.000000000000001,236072.15076873964,53.73044756749043,236072.15076873964,53.73044756749043,13.744750735683379,13.74841204625657,0.17835812390076833,0.16171543735877547,0.25051539162378694,0.23498649831722287,0.01589647855203214,0.9751167301186112,-0.10943392289228893,1218895.912648264,1250000.0,5.000000000000001,5.000000000000001,243779.18252965278,53.86996616382809,243779.18252965278,53.86996616382809,9.101123433225471,9.129322665906942,0.10680157851599732,0.16171543735877547,0.03597253118815593,0.1507945582863484,0.005961099381916501,0.9690254611980166,-0.1366481168759413,1211281.8264975208,1250000.0,5.000000000000001,5.000000000000001,242256.3652995041,53.842751969844436,242256.3652995041,53.842751969844436,10.128675367966135,10.467749461254371,0.12708176403971888,0.17221721437841078,0.13272896823016678,,
526,17,26.3,16,0.40236275398841664,-3.9538222796694065,502953.4424855208,1250000.0,5.000000000000001,5.000000000000001,100590.68849710414,50.025577807050965,100590.68849710414,50.025577807050965,52.159623851871515,52.151270545871114,,,,,,0.4235845630111116,-3.730598755741203,529480.7037638895,1250000.0,5.000000000000001,5.000000000000001,105896.14075277788,50.24880133097917,105896.14075277788,50.24880133097917,50.965680485622606,50.99176056709313,1.013373564830095,1.7381730451803346,0.24966885288732152,0.23462956773232685,0.015820849881747406,0.9442451487976974,-0.24915237748308938,1180306.4359971217,1250000.0,5.000000000000001,5.000000000000001,236061.28719942432,53.73024770923728,236061.28719942432,53.73024770923728,13.7446478249316,13.742995402862263,0.17783505093116275,0.16081994303473598,0.24966885288732152,0.23462956773232685,0.015820849881747406,0.9752189044438532,-0.10897888587302923,1219023.6305548165,1250000.0,5.000000000000001,5.000000000000001,243804.72611096324,53.870421200847346,243804.72611096324,53.870421200847346,9.081869686602893,9.107456146746673,0.10580491518111215,0.16081994303473598,0.03594886311404076,0.15073736125824325,0.005947016644390715,0.9655319297527727,-0.15233359703179417,1206914.9121909658,1250000.0,5.000000000000001,5.000000000000001,241382.98243819314,53.827066489688576,241382.98243819314,53.827066489688576,10.662357108876517,10.888462428225225,0.13628254973266968,0.17344495953162703,0.15103262415720123,,
527,17,26.35,17,0.40487468914105285,-3.9267937242882374,506093.3614263161,1250000.0,5.000000000000001,5.000000000000001,101218.6722852632,50.05260636243214,101218.6722852632,50.05260636243214,52.03483264912072,52.01966122083627,,,,,,0.42382770154382365,-3.728106610408661,529784.6269297795,1250000.0,5.000000000000001,5.000000000000001,105956.9253859559,50.251293476311716,105956.9253859559,50.251293476311716,50.91050186038315,50.90236044810632,1.008055448476569,1.7176354277302976,0.24921027631459633,0.23448642032446654,0.015773212307042195,0.94476304776713,-0.24677101491777623,1180953.8097089126,1250000.0,5.000000000000001,5.000000000000001,236190.7619417825,53.732629071802606,236190.7619417825,53.732629071802606,13.680653497352107,13.67994756118651,0.1768895277238818,0.16245355117238527,0.24921027631459633,0.23448642032446654,0.015773212307042195,0.9747819423731108,-0.11092524625139041,1218477.4279663884,1250000.0,5.000000000000001,5.000000000000001,243695.48559327764,53.86847484046898,243695.48559327764,53.86847484046898,9.162490212468674,9.181005544485453,0.10703824565067736,0.16245355117238527,0.03593104885214389,0.15068063679401858,0.0059331495314036324,0.9613587751369271,-0.17114505168071953,1201698.468921159,1250000.0,5.000000000000001,5.000000000000001,240339.69378423176,53.80825503503965,240339.69378423176,53.80825503503965,11.247580488163575,11.678457426253413,0.1439233360079602,0.17248463427950042,0.1698344576715471,,
528,17,26.400000000000002,18,0.39781344064405866,-4.003205477602556,497266.80080507335,1250000.0,5.000000000000001,5.000000000000001,99453.36016101466,49.97619460911782,99453.36016101466,49.97619460911782,52.48795281878472,52.47865647828182,,,,,,0.4228299676884289,-3.738342400483789,528537.4596105361,1250000.0,5.000000000000001,5.000000000000001,105707.4919221072,50.24105768623659,105707.4919221072,50.24105768623659,51.03371404402025,51.01841364419605,1.0087946321809809,1.7370526621101754,0.24845387124013846,0.23434225214030882,0.015715726849764373,0.9445133313826913,-0.2479190782676491,1180641.6642283641,1250000.0,5.000000000000001,5.000000000000001,236128.3328456728,53.73148100845273,236128.3328456728,53.73148100845273,13.713280394602506,13.71466610786231,0.1772346265776921,0.1622108741839402,0.24845387124013846,0.23434225214030882,0.015715726849764373,0.9747797973935073,-0.11093480278696033,1218474.7467418842,1250000.0,5.000000000000001,5.000000000000001,243694.9493483768,53.86846528393342,243694.9493483768,53.86846528393342,9.163360518711723,9.192208677161446,0.10693391529806824,0.1622108741839402,0.035912788812722904,0.1506235539123989,0.005919359959630057,0.9673550607559585,-0.14414091972410414,1209193.825944948,1250000.0,5.000000000000001,5.000000000000001,241838.76518898955,53.835259166996266,241838.76518898955,53.835259166996266,10.328751662021228,10.557863303039037,0.13121779700090166,0.17349010996949787,0.1407272405560392,,
529,17,26.450000000000003,19,0.41004025389900983,-3.8717350623617803,512550.31737376226,1250000.0,5.000000000000001,5.000000000000001,102510.06347475243,50.107665024358596,102510.06347475243,50.107665024358596,51.736923326440866,51.71989705263369,,,,,,0.42009390619820625,-3.766536182089435,525117.3827477578,1250000.0,5.000000000000001,5.000000000000001,105023.47654955155,50.212863904630936,105023.47654955155,50.212863904630936,51.154706019464605,51.191945563222575,1.015369444385945,1.7224218843429298,0.2485654775984604,0.23417927295730814,0.015686036514517346,0.9448767690657179,-0.24624828532591153,1181095.9613321475,1250000.0,5.000000000000001,5.000000000000001,236219.19226642945,53.73315180139446,236219.19226642945,53.73315180139446,13.667056826137204,13.667358965342833,0.17655852728699212,0.16292070123444766,0.2485654775984604,0.23417927295730814,0.015686036514517346,0.9748017919923165,-0.11083681116714875,1218502.2399903957,1250000.0,5.000000000000001,5.000000000000001,243700.4479980791,53.86856327555322,243700.4479980791,53.86856327555322,9.158682092797545,9.172117193542025,0.10674099959980525,0.16292070123444766,0.03590726283662064,0.1505668427728089,0.005905737964573447,0.9676875026675571,-0.14264867669120998,1209609.3783344463,1250000.0,5.000000000000001,5.000000000000001,241921.87566688922,53.836751410029166,241921.87566688922,53.836751410029166,10.293065270611548,10.544381774373695,0.12942119058977392,0.1722720947610255,0.155247086281204,,
530,17,26.5,20,0.41115994955638274,-3.8598919589453913,513949.93694547843,1250000.0,5.000000000000001,5.000000000000001,102789.98738909567,50.119508127774985,102789.98738909567,50.119508127774985,51.63426353638114,51.617192004436404,,,,,,0.42400703982550053,-3.7262693271861758,530008.7997818757,1250000.0,5.000000000000001,5.000000000000001,106001.75995637511,50.2531307595342,106001.75995637511,50.2531307595342,50.920065384267524,50.91480486919033,1.0107480606723815,1.726390089063143,0.2484518508417605,0.2338704099168581,0.015639077690017437,0.9447495886778412,-0.24683288492697272,1180936.9858473015,1250000.0,5.000000000000001,5.000000000000001,236187.39716946028,53.73256720179341,236187.39716946028,53.73256720179341,13.683484442694786,13.685983150178311,0.17727455546491439,0.16220927607534263,0.2484518508417605,0.2338704099168581,0.015639077690017437,0.9751554444392924,-0.10926150166755938,1218944.3055491154,1250000.0,5.000000000000001,5.000000000000001,243788.86110982305,53.870138585052814,243788.86110982305,53.870138585052814,9.096682762029898,9.12533215079741,0.10678002958692785,0.16220927607534263,0.03589543836612446,0.15050784670613235,0.005891945121741809,0.9695237878118156,-0.13441530795002873,1211904.7347647694,1250000.0,5.000000000000001,5.000000000000001,242380.94695295385,53.844984778770346,242380.94695295385,53.844984778770346,10.020807670416897,10.240630930996318,0.1236511473589272,0.17431691941832414,0.11904632102527464,,
531,17,26.55,21,0.4127930594135855,-3.8426761342474354,515991.3242669819,1250000.0,5.000000000000001,5.000000000000001,103198.26485339637,50.13672395247294,103198.26485339637,50.13672395247294,51.57397947145974,51.55616352430328,,,,,,0.41849006151616935,-3.7831485136232827,523112.5768952117,1250000.0,5.000000000000001,5.000000000000001,104622.51537904232,50.196251573097086,104622.51537904232,50.196251573097086,51.21455486997877,51.223034464946146,1.018323547844822,1.7118750882503282,0.24837175454509933,0.23386240347980966,0.015613837001014406,0.9452109927276323,-0.2447123620049109,1181513.7409095403,1250000.0,5.000000000000001,5.000000000000001,236302.748181908,53.734687724715464,236302.748181908,53.734687724715464,13.624250823544505,13.62892694977082,0.17709932421731034,0.16063151417263535,0.24837175454509933,0.23386240347980966,0.015613837001014406,0.9758040285762984,-0.1063739324891675,1219755.035720373,1250000.0,5.000000000000001,5.000000000000001,243951.00714407457,53.873026154231205,243951.00714407457,53.873026154231205,8.972787229621073,9.007058262022984,0.10586202618101907,0.16063151417263535,0.03588167436905272,0.15045045939081442,0.005878327925168501,0.965404898753995,-0.1529050177128326,1206756.1234424938,1250000.0,5.000000000000001,5.000000000000001,241351.22468849874,53.82649506900754,241351.22468849874,53.82649506900754,10.639999204136894,11.042511680301399,0.1375116315971182,0.17132779473711016,0.16635062628684158,,
532,17,26.6,22,0.42001628666482754,-3.767338689556112,525020.3583310344,1250000.0,5.000000000000001,5.000000000000001,105004.07166620687,50.21206139716426,105004.07166620687,50.21206139716426,51.17076551497985,51.15821342348604,,,,,,0.4238897675935596,-3.7274706687431087,529862.2094919495,1250000.0,5.000000000000001,5.000000000000001,105972.4418983899,50.251929417977266,105972.4418983899,50.251929417977266,50.92621258487933,50.953014245821485,0.9998379067996865,1.7262263715655795,0.24811758744549578,0.23372231963582424,0.015573863626131801,0.9447982253025383,-0.24660931167232694,1180997.7816281728,1250000.0,5.000000000000001,5.000000000000001,236199.55632563453,53.732790775048045,236199.55632563453,53.732790775048045,13.677101334205654,13.678355507982952,0.17692381320070621,0.16161965038679113,0.24811758744549578,0.23372231963582424,0.015573863626131801,0.9749641469529806,-0.11011354626359693,1218705.1836912257,1250000.0,5.000000000000001,5.000000000000001,243741.0367382451,53.869286540456784,243741.0367382451,53.869286540456784,9.128791239694612,9.160935800534267,0.10695406499273505,0.16161965038679113,0.0358704109609855,0.15039255658148704,0.005864765112446107,0.965754625349526,-0.15133203184213057,1207193.2816869076,1250000.0,5.000000000000001,5.000000000000001,241438.6563373815,53.828068054878244,241438.6563373815,53.828068054878244,10.604880600883458,10.723950786103035,0.1309402011988626,0.17118627874952813,0.13436621721500225,,
533,17,26.650000000000002,23,0.39877896925031037,-3.992677535183004,498473.71156288794,1250000.0,5.000000000000001,5.000000000000001,99694.74231257757,49.98672255153737,99694.74231257757,49.98672255153737,52.39397952795184,52.40172524765153,,,,,,0.4388735854848204,-3.5766055728079813,548591.9818560255,1250000.0,5.000000000000001,5.000000000000001,109718.39637120509,50.40279451391239,109718.39637120509,50.40279451391239,50.04413734644486,50.03477796311832,1.0156256898372371,1.7453935507522271,0.24795800225426562,0.23344552146996408,0.015527761009932969,0.9442929689822194,-0.24893243972202006,1180366.2112277742,1250000.0,5.000000000000001,5.000000000000001,236073.24224555478,53.730467646998356,236073.24224555478,53.730467646998356,13.744987011915034,13.747881235662968,0.17779049386711115,0.16363484738270206,0.24795800225426562,0.23344552146996408,0.015527761009932969,0.9746114572922178,-0.11168487465764378,1218264.3216152722,1250000.0,5.000000000000001,5.000000000000001,243652.8643230544,53.867715212062734,243652.8643230544,53.867715212062734,9.194930716054259,9.222963614970457,0.1076384116355114,0.16363484738270206,0.03585668892144622,0.15033224865288214,0.005851021268057622,0.9578624103890236,-0.1869686952295948,1197328.0129862796,1250000.0,5.000000000000001,5.000000000000001,239465.60259725587,53.79243139149078,239465.60259725587,53.79243139149078,11.652864647857701,11.911434802741029,0.14879026492856207,0.17285346139164137,0.17689109582904047,,
534,17,26.700000000000003,24,0.4015434536288253,-3.9626745001153307,501929.3170360316,1250000.0,5.000000000000001,5.000000000000001,100385.86340720631,50.01672558660505,100385.86340720631,50.01672558660505,52.23057416869307,52.21390754699665,,,,,,0.421057728936057,-3.7565835632680598,526322.1611700712,1250000.0,5.000000000000001,5.000000000000001,105264.43223401422,50.222816523452316,105264.43223401422,50.222816523452316,51.1057640711859,51.09754287350084,1.0205478016279987,1.7496175887108218,0.2481298342419372,0.23343770870675176,0.015511133981561153,0.9437649878549892,-0.25136138312655726,1179706.2348187366,1250000.0,5.000000000000001,5.000000000000001,235941.24696374728,53.728038703593825,235941.24696374728,53.728038703593825,13.808304796208324,13.810040827388974,0.17859403506880753,0.16336227299086384,0.2481298342419372,0.23343770870675176,0.015511133981561153,0.9746745991910923,-0.11140351853572925,1218343.2489888654,1250000.0,5.000000000000001,5.000000000000001,243668.64979777305,53.867996568184644,243668.64979777305,53.867996568184644,9.184658392244458,9.210505936433304,0.10725596189631363,0.16336227299086384,0.03585111278157317,0.15027347530305263,0.005837519554089743,0.9621599180933107,-0.1675273900846426,1202699.8976166383,1250000.0,5.000000000000001,5.000000000000001,240539.97952332764,53.81187269663573,240539.97952332764,53.81187269663573,11.161132793925614,11.570474966927122,0.14551326689355853,0.17307285216054624,0.18840167069204217,,
535,17,26.75,25,0.4047286636494798,-3.9283603696257723,505910.8295618497,1250000.0,5.000000000000001,5.000000000000001,101182.16591236992,50.0510397170946,101182.16591236992,50.0510397170946,52.05358500030741,52.02493213342382,,,,,,0.43146024419925827,-3.6505921505958128,539325.3052490728,1250000.0,5.000000000000001,5.000000000000001,107865.06104981455,50.32880793612456,107865.06104981455,50.32880793612456,50.4866262604608,50.532085594588594,1.0049415577661966,1.733248541888986,0.2482617504669525,0.23329247258272617,0.015483691529765087,0.9450029294862772,-0.24566845186236524,1181253.6618578464,1250000.0,5.000000000000001,5.000000000000001,236250.73237156923,53.73373163485801,236250.73237156923,53.73373163485801,13.644775721320482,13.646680863581409,0.17720262488250849,0.16238891267347336,0.2482617504669525,0.23329247258272617,0.015483691529765087,0.9752592106423322,-0.1087993938863922,1219074.0133029153,1250000.0,5.000000000000001,5.000000000000001,243814.80266058302,53.87060069283399,243814.80266058302,53.87060069283399,9.071964202101892,9.092169430232254,0.10690581253281987,0.16238891267347336,0.03584686974056522,0.1502154207808498,0.00582418440374659,0.9681796806820314,-0.14044036196544488,1210224.6008525393,1250000.0,5.000000000000001,5.000000000000001,242044.92017050783,53.83895972475493,242044.92017050783,53.83895972475493,10.272916732739233,10.462947259210662,0.12758911700544787,0.17332444793533447,0.14169406768946277,,
536,17,26.8,26,0.40132633348535796,-3.9650234260315864,501657.91685669747,1250000.0,5.000000000000001,5.000000000000001,100331.58337133948,50.0143766606888,100331.58337133948,50.0143766606888,52.25543770899346,52.26630112108285,,,,,,0.4283806991605361,-3.6817010468636537,535475.8739506701,1250000.0,5.000000000000001,5.000000000000001,107095.174790134,50.297699039856724,107095.174790134,50.297699039856724,50.65759281486796,50.61489557522596,1.011559659638636,1.7439879565731349,0.24835196427884335,0.23322488776043487,0.015460226346133282,0.9448006171321254,-0.24659831718642883,1181000.7714151568,1250000.0,5.000000000000001,5.000000000000001,236200.15428303133,53.73280176953394,236200.15428303133,53.73280176953394,13.67941776595293,13.679832033040233,0.17744041553867662,0.16299449316754863,0.24835196427884335,0.23322488776043487,0.015460226346133282,0.975177492667344,-0.10916330895802968,1218971.86583418,1250000.0,5.000000000000001,5.000000000000001,243794.37316683595,53.870236777762344,243794.37316683595,53.870236777762344,9.090500423179456,9.111375633432889,0.1065781031840585,0.16299449316754863,0.03584314423250972,0.15015763588132952,0.005811002396394134,0.9673439282149231,-0.1441908996038563,1209179.9102686539,1250000.0,5.000000000000001,5.000000000000001,241835.98205373072,53.83520918711652,241835.98205373072,53.83520918711652,10.383390082063364,10.674449043181593,0.13139391561906927,0.17232550389456325,0.1463703927269973,,
537,17,26.85,27,0.40442880103950624,-3.9315792408216845,505536.0012993828,1250000.0,5.000000000000001,5.000000000000001,101107.20025987655,50.04782084589869,101107.20025987655,50.04782084589869,52.06994729925276,52.154137185056165,,,,,,0.43673181677206924,-3.597851677186858,545914.7709650865,1250000.0,5.000000000000001,5.000000000000001,109182.95419301729,50.38154840953352,109182.95419301729,50.38154840953352,50.17831889106397,50.1708792822664,1.012469208231152,1.7432700751912187,0.24807370790724917,0.23282150187576853,0.015401833565285409,0.9451853042687927,-0.24483039393230172,1181481.6303359908,1250000.0,5.000000000000001,5.000000000000001,236296.32606719813,53.73456969278807,236296.32606719813,53.73456969278807,13.628045728039726,13.62771772785718,0.17674963930255796,0.16341814300588228,0.24807370790724917,0.23282150187576853,0.015401833565285409,0.9750566503436023,-0.10970151258487736,1218820.812929503,1250000.0,5.000000000000001,5.000000000000001,243764.16258590054,53.8696985741355,243764.16258590054,53.8696985741355,9.11409508430116,9.136787860348907,0.10701064395650361,0.16341814300588228,0.03584295798075542,0.15009783521006823,0.005797648329901301,0.9639157574539978,-0.1596092011331548,1204894.6968174973,1250000.0,5.000000000000001,5.000000000000001,240978.9393634994,53.819790885587224,240978.9393634994,53.819790885587224,10.716519950716952,11.353988809463361,0.14136817790343645,0.1731702684562301,0.17001141910603132,,
538,17,26.900000000000002,28,0.4067205634717309,-3.9070386945295956,508400.7043396636,1250000.0,5.000000000000001,5.000000000000001,101680.1408679327,50.07236139219078,101680.1408679327,50.07236139219078,51.966559935103604,51.967667990325914,,,,,,0.42803950529590573,-3.685161465469771,535049.3816198822,1250000.0,5.000000000000001,5.000000000000001,107009.87632397642,50.29423862125061,107009.87632397642,50.29423862125061,50.70493830082979,50.705835728042395,1.0003744009255258,1.726939089467492,0.24821866049946598,0.23292566707795115,0.015392260279713429,0.9444190061111599,-0.24835281476684545,1180523.75763895,1250000.0,5.000000000000001,5.000000000000001,236104.75152778995,53.731047271953535,236104.75152778995,53.731047271953535,13.722231240044056,13.721571854894268,0.17850145266910336,0.1615249437691219,0.24821866049946598,0.23292566707795115,0.015392260279713429,0.9752347226284932,-0.1089084432825704,1219043.4032856165,1250000.0,5.000000000000001,5.000000000000001,243808.68065712327,53.8704916434378,243808.68065712327,53.8704916434378,9.079469442486314,9.100503892030208,0.10695734487376221,0.1615249437691219,0.03583889556210853,0.15004036411375232,0.005784449610170686,0.9628826113155765,-0.16426656141733742,1203603.2641444707,1250000.0,5.000000000000001,5.000000000000001,240720.6528288941,53.81513352530304,240720.6528288941,53.81513352530304,11.072587488696882,11.673402595100274,0.14810299722411743,0.17480528620264718,0.18584642572216353,,
539,17,26.950000000000003,29,0.41364407276826365,-3.833731944297501,517055.0909603296,1250000.0,5.000000000000001,5.000000000000001,103411.0181920659,50.14566814242287,103411.0181920659,50.14566814242287,51.538471093383535,51.51195309617138,,,,,,0.42906082895742303,-3.6748113250569054,536326.0361967788,1250000.0,5.000000000000001,5.000000000000001,107265.20723935573,50.30458876166347,107265.20723935573,50.30458876166347,50.617349322122884,50.58817120207368,1.0199613629590698,1.7497471636648227,0.2473749766065762,0.23285860474550385,0.015339427069474696,0.9450916531581599,-0.24526072410635785,1181364.5664477,1250000.0,5.000000000000001,5.000000000000001,236272.91328953995,53.734139362614016,236272.91328953995,53.734139362614016,13.639656731016458,13.638493911530613,0.17645836763744002,0.16277430045490796,0.2473749766065762,0.23285860474550385,0.015339427069474696,0.9749258692514043,-0.11028405633789343,1218657.3365642554,1250000.0,5.000000000000001,5.000000000000001,243731.46731285105,53.869116030382486,243731.46731285105,53.869116030382486,9.136951183320662,9.153942080979963,0.10663913007774603,0.16277430045490796,0.035822186846741384,0.14998507107120454,0.005771514183856177,0.9621888907178902,-0.16739661700520447,1202736.1133973626,1250000.0,5.000000000000001,5.000000000000001,240547.2226794725,53.81200346971517,240547.2226794725,53.81200346971517,11.135712328338581,11.378782288541624,0.1423273610734955,0.17444213134700465,0.1717146034750588,,
540,18,27.0,0,0.4204412480466336,-3.7629468341381713,525551.560058292,1250000.0,5.000000000000001,5.000000000000001,105110.31201165839,50.216453252582205,105110.31201165839,50.216453252582205,51.12646069450677,51.11540689759406,,,,,,0.42694750751663085,-3.6962551747439014,533684.3843957885,1250000.0,5.000000000000001,5.000000000000001,106736.87687915769,50.28314491197647,106736.87687915769,50.28314491197647,50.75564113173088,50.7294047341565,1.0242714037912781,1.732890575227529,0.24688942189274904,0.23262715855993293,0.015287006110795046,0.9442902709765408,-0.24894484827202243,1180362.838720676,1250000.0,5.000000000000001,5.000000000000001,236072.56774413516,53.73045523844836,236072.56774413516,53.73045523844836,13.741639401239388,13.743482186601984,0.1780846178370839,0.16208960356456012,0.24688942189274904,0.23262715855993293,0.015287006110795046,0.9749798344633329,-0.11004366734147523,1218724.7930791662,1250000.0,5.000000000000001,5.000000000000001,243744.9586158332,53.869356419378896,243744.9586158332,53.869356419378896,9.126196477786117,9.154133820400293,0.10666267278220257,0.16208960356456012,0.03579684153257632,0.14992785386730303,0.005758410454539034,0.9594455997562578,-0.17979644581916798,1199306.9996953222,1250000.0,5.000000000000001,5.000000000000001,239861.3999390644,53.7996036409012,239861.3999390644,53.7996036409012,11.389018259370571,11.823290208500804,0.1484959483673234,0.1725833653752576,0.18402551113224333,,
541,18,27.05,1,0.4009892505820626,-3.968672694632765,501236.56322757824,1250000.0,5.000000000000001,5.000000000000001,100247.31264551563,50.0107273920876,100247.31264551563,50.0107273920876,52.29818070439662,52.32444124899821,,,,,,0.41688594760879877,-3.7998274382504094,521107.4345109984,1250000.0,5.000000000000001,5.000000000000001,104221.48690219967,50.17957264846997,104221.48690219967,50.17957264846997,51.3674423742123,51.34923605110593,1.0208557791501787,1.7469767115146264,0.24663206708259272,0.23237862721183747,0.015240817863397763,0.9435149287423635,-0.25251223830647407,1179393.6609279544,1250000.0,5.000000000000001,5.000000000000001,235878.73218559084,53.7268878484139,235878.73218559084,53.7268878484139,13.841061417784505,13.834635994612558,0.17944154153108888,0.16259851710649995,0.24663206708259272,0.23237862721183747,0.015240817863397763,0.9745337022834996,-0.11203137087501036,1218167.1278543745,1250000.0,5.000000000000001,5.000000000000001,243633.42557087485,53.86736871584536,243633.42557087485,53.86736871584536,9.207798536350792,9.242346408805576,0.10816658811530808,0.16259851710649995,0.03577444076635146,0.14986879021406385,0.005745189891169643,0.9669442362349298,-0.1459857099845736,1208680.2952936622,1250000.0,5.000000000000001,5.000000000000001,241736.0590587324,53.833414376735796,241736.0590587324,53.833414376735796,10.444636605592937,10.688312967612802,0.13057419453623492,0.17454450091052137,0.13498456981078474,,
542,18,27.1,2,0.41117319719220435,-3.8597520308600686,513966.49649025546,1250000.0,5.000000000000001,5.000000000000001,102793.29929805108,50.11964805586031,102793.29929805108,50.11964805586031,51.655666310575086,51.6628381406437,,,,,,0.43434830928083806,-3.6216186465734097,542935.3866010476,1250000.0,5.000000000000001,5.000000000000001,108587.0773202095,50.357781440146965,108587.0773202095,50.357781440146965,50.33219853124932,50.342362800439794,1.0076763199705407,1.736435509119006,0.2464802024788689,0.23222761728759983,0.015204793481733555,0.9448424098544063,-0.24640621372123403,1181053.0123180079,1250000.0,5.000000000000001,5.000000000000001,236210.60246360154,53.732993872999145,236210.60246360154,53.732993872999145,13.66970825278537,13.671645557127672,0.17743887270149125,0.1628370808998891,0.2464802024788689,0.23222761728759983,0.015204793481733555,0.9752989085172376,-0.10862261814361686,1219123.635646547,1250000.0,5.000000000000001,5.000000000000001,243824.72712930935,53.87077746857676,243824.72712930935,53.87077746857676,9.067450165263086,9.095059968266185,0.1065313308886163,0.1628370808998891,0.03576038734873154,0.14980876457901834,0.005732056372604017,0.9666260699448984,-0.14741496099131207,1208282.587431123,1250000.0,5.000000000000001,5.000000000000001,241656.51748622456,53.83198512572906,241656.51748622456,53.83198512572906,10.48730393604899,11.011685278800153,0.13652328246957324,0.1740612190211339,0.1625728664053855,,
543,18,27.150000000000002,3,0.4123853219487432,-3.8469680097850705,515481.65243592905,1250000.0,5.000000000000001,5.000000000000001,103096.3304871858,50.13243207693531,103096.3304871858,50.13243207693531,51.611937156106976,51.59460448394066,,,,,,0.4286947880872877,-3.678517964489906,535868.4851091097,1250000.0,5.000000000000001,5.000000000000001,107173.6970218219,50.300882122230476,107173.6970218219,50.300882122230476,50.634394486723124,50.618340745070256,1.018458396235573,1.7234456932265805,0.24658559292916576,0.231984252401548,0.015170566757646822,0.9456655058686778,-0.2426245201701132,1182081.8823358472,1250000.0,5.000000000000001,5.000000000000001,236416.3764671694,53.73677556655026,236416.3764671694,53.73677556655026,13.564209954934753,13.567400225417208,0.17580042748041338,0.1612503486583836,0.24658559292916576,0.231984252401548,0.015170566757646822,0.9755447370230341,-0.10752809717192212,1219430.9212787927,1250000.0,5.000000000000001,5.000000000000001,243886.1842557585,53.87187198954845,243886.1842557585,53.87187198954845,9.023912516058747,9.049666760381294,0.10561855841970318,0.1612503486583836,0.03574886244706976,0.1497474926068091,0.005718747150402116,0.9574974591430185,-0.18862369820572522,1196871.8239287732,1250000.0,5.000000000000001,5.000000000000001,239374.3647857546,53.790776388514644,239374.3647857546,53.790776388514644,11.811882600570383,12.049677630868143,0.15323846234897193,0.17341711183309563,0.19012781844237533,,
544,18,27.200000000000003,4,0.40658155109235955,-3.908523316511613,508226.93886544945,1250000.0,5.000000000000001,5.000000000000001,101645.38777308987,50.07087677020876,101645.38777308987,50.07087677020876,51.91908605243448,51.924855972439275,,,,,,0.42966742219241466,-3.668675737036338,537084.2777405183,1250000.0,5.000000000000001,5.000000000000001,107416.85554810365,50.31072434968404,107416.85554810365,50.31072434968404,50.57964515202886,50.63142606184631,1.0148585496535905,1.7291205561016718,0.24675422167681282,0.2318371478320827,0.01514532890542113,0.9451513769691847,-0.24498628615143317,1181439.221211481,1250000.0,5.000000000000001,5.000000000000001,236287.84424229615,53.734413800568944,236287.84424229615,53.734413800568944,13.630911429643115,13.631055374286637,0.17585711408749544,0.16213684837489578,0.24675422167681282,0.2318371478320827,0.01514532890542113,0.9750442551531069,-0.1097567216545128,1218805.3189413836,1250000.0,5.000000000000001,5.000000000000001,243761.0637882767,53.86964336506586,243761.0637882767,53.86964336506586,9.115463907474915,9.140804524790319,0.10585315802871482,0.16213684837489578,0.035738624597793936,0.14968596357436645,0.005705427034242804,0.961020047914007,-0.1726755238597003,1201275.0598925087,1250000.0,5.000000000000001,5.000000000000001,240255.0119785017,53.80672456286067,240255.0119785017,53.80672456286067,11.256920222811699,11.544276469054717,0.14557687285209614,0.17484665416901493,0.1699165367782357,,
545,18,27.25,5,0.4117396628516101,-3.853772954316967,514674.57856451266,1250000.0,5.000000000000001,5.000000000000001,102934.91571290251,50.12562713240341,102934.91571290251,50.12562713240341,51.66463083571701,51.6940908551795,,,,,,0.4259865079726817,-3.7060415584048654,532483.1349658521,1250000.0,5.000000000000001,5.000000000000001,106496.6269931704,50.27335852831551,106496.6269931704,50.27335852831551,50.82535522369816,50.79902891350785,1.0182597949777867,1.7381640269955851,0.24644024378848933,0.23169084549462332,0.015104467506117361,0.9448446370403165,-0.2463959765282281,1181055.7963003956,1250000.0,5.000000000000001,5.000000000000001,236211.1592600791,53.73300411019215,236211.1592600791,53.73300411019215,13.679177516626144,13.68170859024176,0.17791143727168335,0.1620981189389698,0.24644024378848933,0.23169084549462332,0.015104467506117361,0.9756575124212032,-0.1070260709653843,1219571.890526504,1250000.0,5.000000000000001,5.000000000000001,243914.37810530077,53.872374015754986,243914.37810530077,53.872374015754986,9.00210308543445,9.031608272929663,0.10603861807980461,0.1620981189389698,0.035728790161818846,0.14962513747103925,0.00569225962840242,0.9701551917486708,-0.13158787868772964,1212693.9896858386,1250000.0,5.000000000000001,5.000000000000001,242538.79793716766,53.84781220803265,242538.79793716766,53.84781220803265,9.925738362125465,10.14473087688769,0.12362287863001167,0.17367479191267537,0.11201965417558728,,
546,18,27.3,6,0.3936289766567316,-4.049129388511732,492036.2208209145,1250000.0,5.000000000000001,5.000000000000001,98407.24416418288,49.930270698208645,98407.24416418288,49.930270698208645,52.69218285859915,52.68198964555588,,,,,,0.4240409542010931,-3.725921968869461,530051.1927513664,1250000.0,5.000000000000001,5.000000000000001,106010.23855027326,50.25347811785092,106010.23855027326,50.25347811785092,50.92031380164658,50.92809820316834,1.019922374518766,1.7304878195229438,0.2462257893224386,0.23142087169105868,0.015059108910017363,0.9456426709238787,-0.2427293903403267,1182053.3386548483,1250000.0,5.000000000000001,5.000000000000001,236410.6677309696,53.736670696380045,236410.6677309696,53.736670696380045,13.568174836334247,13.566334070387942,0.17652947194102592,0.16247647447000016,0.2462257893224386,0.23142087169105868,0.015059108910017363,0.975728130148755,-0.10671174161146646,1219660.1626859438,1250000.0,5.000000000000001,5.000000000000001,243932.0325371887,53.87268834510891,243932.0325371887,53.87268834510891,8.986106073637703,9.00791401717146,0.10614802463829535,0.16247647447000016,0.03572859887471803,0.14956493028713713,0.00567925032755115,0.9681116258447711,-0.14074564495877898,1210139.5323059638,1250000.0,5.000000000000001,5.000000000000001,242027.90646119273,53.8386544417616,242027.90646119273,53.8386544417616,10.256130433765962,10.48101323171559,0.12788817350191722,0.17286350812695875,0.13376572855502383,,
547,18,27.35,7,0.41125783692348816,-3.858858130536484,514072.29615436017,1250000.0,5.000000000000001,5.000000000000001,102814.45923087202,50.12054195618389,102814.45923087202,50.12054195618389,51.692513508557795,51.68855713267847,,,,,,0.4236780239435213,-3.7296406214388353,529597.5299294016,1250000.0,5.000000000000001,5.000000000000001,105919.5059858803,50.24975946528154,105919.5059858803,50.24975946528154,50.91826807015478,50.88518288697534,1.0049458207330229,1.742195928124841,0.24586966758572512,0.2311120996342793,0.015006586157224977,0.9448744732426222,-0.2462588376491971,1181093.0915532778,1250000.0,5.000000000000001,5.000000000000001,236218.61831065553,53.73314124907118,236218.61831065553,53.73314124907118,13.66801910026318,13.671138752063914,0.1772729365089884,0.16086440449950065,0.24586966758572512,0.2311120996342793,0.015006586157224977,0.9752942412177251,-0.10864340138510334,1219117.8015221565,1250000.0,5.000000000000001,5.000000000000001,243823.56030443124,53.87075668533527,243823.56030443124,53.87075668533527,9.068975996644117,9.080032828607731,0.10599889956916655,0.16086440449950065,0.035716939764933175,0.14950242507908756,0.005665861792439823,0.9633484682113879,-0.16216588839526422,1204185.5852642348,1250000.0,5.000000000000001,5.000000000000001,240837.1170528469,53.81723419832511,240837.1170528469,53.81723419832511,10.929084231983007,11.344493494828122,0.13979693507203994,0.17197811926414566,0.1596083865608838,,
548,18,27.400000000000002,8,0.4016925864049437,-3.9610618348648865,502115.7330061796,1250000.0,5.000000000000001,5.000000000000001,100423.1466012359,50.01833825185549,100423.1466012359,50.01833825185549,52.21974197928498,52.218016725943244,,,,,,0.4300886874236574,-3.6644198049658017,537610.8592795718,1250000.0,5.000000000000001,5.000000000000001,107522.17185591433,50.31498028175457,107522.17185591433,50.31498028175457,50.57597583372611,50.57522930128575,1.0071231683464406,1.7240150274384736,0.24564596505758196,0.23081493436812422,0.014959026497330965,0.9452881829517379,-0.24435771188037425,1181610.2286896724,1250000.0,5.000000000000001,5.000000000000001,236322.04573793444,53.73504237484,236322.04573793444,53.73504237484,13.612994688105607,13.612430102455459,0.17633688326276392,0.16242752467488095,0.24564596505758196,0.23081493436812422,0.014959026497330965,0.9751825496479328,-0.10914078779560657,1218978.187059916,1250000.0,5.000000000000001,5.000000000000001,243795.6374119832,53.87025929892477,243795.6374119832,53.87025929892477,9.091317008747744,9.106185978833249,0.10629465180182032,0.16242752467488095,0.03571120701413695,0.14944116232988272,0.005652658631046177,0.9668606183323618,-0.14636128866419526,1208575.7729154523,1250000.0,5.000000000000001,5.000000000000001,241715.15458309042,53.83303879805618,241715.15458309042,53.83303879805618,10.346096171447739,10.668128681452071,0.12981134484643692,0.17139957929808497,0.1489261638303995,,
549,18,27.450000000000003,9,0.4138209001524997,-3.831875789392937,517276.1251906247,1250000.0,5.000000000000001,5.000000000000001,103455.22503812492,50.14752429732744,103455.22503812492,50.14752429732744,51.534122307813185,51.537965453547216,,,,,,0.42759608038197394,-3.689662844648543,534495.1004774674,1250000.0,5.000000000000001,5.000000000000001,106899.02009549346,50.28973724207183,106899.02009549346,50.28973724207183,50.70153010277369,50.694052083633004,1.010193245793595,1.7386259898561343,0.24515396547109808,0.23056575888605554,0.014906414733358114,0.945263984664228,-0.2444688876830592,1181579.980830285,1250000.0,5.000000000000001,5.000000000000001,236315.99616605695,53.73493119903731,236315.99616605695,53.73493119903731,13.615460296804377,13.616140073022635,0.17641812156982173,0.1612350036357588,0.24515396547109808,0.23056575888605554,0.014906414733358114,0.9754655579504196,-0.10788060207080653,1219331.9474380245,1250000.0,5.000000000000001,5.000000000000001,243866.38948760484,53.87151948464957,243866.38948760484,53.87151948464957,9.035725360709478,9.059961062101909,0.10550324513863193,0.1612350036357588,0.03570117526289225,0.14938027218874622,0.005639599541822101,0.9670403282108128,-0.14555414278716458,1208800.410263516,1250000.0,5.000000000000001,5.000000000000001,241760.08205270316,53.833845943933206,241760.08205270316,53.833845943933206,10.428147383592208,10.793117881116645,0.13427581116131723,0.1712970640797216,0.14932527602018705,,
550,18,27.5,10,0.41506010037388563,-3.8188901323748152,518825.12546735705,1250000.0,5.000000000000001,5.000000000000001,103765.0250934714,50.16050995434556,103765.0250934714,50.16050995434556,51.45200580781783,51.448263089669126,,,,,,0.41991928526365596,-3.7683417944336983,524899.10657957,1250000.0,5.000000000000001,5.000000000000001,104979.82131591399,50.21105829228667,104979.82131591399,50.21105829228667,51.171709406114005,51.156949926547156,1.0214759452612592,1.7314500840611031,0.24496337254020867,0.23024471209906938,0.01485855954770456,0.9450982113247132,-0.24523058771002,1181372.7641558915,1250000.0,5.000000000000001,5.000000000000001,236274.55283117827,53.734169499010356,236274.55283117827,53.734169499010356,13.636691623899276,13.637558574157698,0.17690855315849013,0.16208283326001424,0.24496337254020867,0.23024471209906938,0.01485855954770456,0.9753971915329746,-0.10818499209377332,1219246.4894162181,1250000.0,5.000000000000001,5.000000000000001,243849.2978832436,53.8712150946266,243849.2978832436,53.8712150946266,9.049576503541354,9.074244433249072,0.10600692287999938,0.16208283326001424,0.03568783643447787,0.14931880711303508,0.005626410328642006,0.9626493119846355,-0.16531895230558108,1203311.6399807944,1250000.0,5.000000000000001,5.000000000000001,240662.32799615883,53.8140811344148,240662.32799615883,53.8140811344148,11.101333716765362,11.811869938183815,0.14846863948895409,0.1738913053738012,0.19269901583087765,,
551,18,27.55,11,0.40852944900805527,-3.8877663171243415,510661.8112600691,1250000.0,5.000000000000001,5.000000000000001,102132.3622520138,50.09163376959603,102132.3622520138,50.09163376959603,51.81268986832182,51.782253723332076,,,,,,0.4372016322037361,-3.59318225368829,546502.0402546701,1250000.0,5.000000000000001,5.000000000000001,109300.408050934,50.38621783303208,109300.408050934,50.38621783303208,50.1503936838845,50.12422283423486,0.9909113616087852,1.7302450962268339,0.24506942700977602,0.2299043866020231,0.01481927952641245,0.9443952265130305,-0.2484621674821272,1180494.0331412882,1250000.0,5.000000000000001,5.000000000000001,236098.8066282576,53.73093791923825,236098.8066282576,53.73093791923825,13.728104493046626,13.72535913758625,0.17866056018380921,0.1637411188461691,0.24506942700977602,0.2299043866020231,0.01481927952641245,0.9751149223764826,-0.10944197416589199,1218893.6529706032,1250000.0,5.000000000000001,5.000000000000001,243778.7305941206,53.869958112554485,243778.7305941206,53.869958112554485,9.10255355486928,9.120484264143716,0.10746805172355305,0.1637411188461691,0.03568181338845478,0.14925399342049933,0.0056129448874151265,0.9707263290428538,-0.12903190832297246,1213407.9113035672,1250000.0,5.000000000000001,5.000000000000001,242681.58226071342,53.8503681783974,242681.58226071342,53.8503681783974,9.836160718883999,10.082891396675652,0.12200090706297202,0.17297906624850126,0.12115108157767847,,
552,18,27.6,12,0.40175550247029446,-3.960381663975464,502194.3780878681,1250000.0,5.000000000000001,5.000000000000001,100438.8756175736,50.019018422744914,100438.8756175736,50.019018422744914,52.22261125825594,52.2540650112316,,,,,,0.41807217044204237,-3.7874874090620825,522590.21305255295,1250000.0,5.000000000000001,5.000000000000001,104518.04261051057,50.191912677658294,104518.04261051057,50.191912677658294,51.2918136582805,51.34259602239835,1.0092640433117293,1.717827623383402,0.24562787476398068,0.22991167330145656,0.014817369614659648,0.9451269450005144,-0.24509855183265922,1181408.681250643,1250000.0,5.000000000000001,5.000000000000001,236281.73625012857,53.73430153488772,236281.73625012857,53.73430153488772,13.638543610291723,13.641647285816367,0.1779702373032508,0.16182343082406977,0.24562787476398068,0.22991167330145656,0.014817369614659648,0.9754030280510839,-0.10815900514151662,1219253.785063855,1250000.0,5.000000000000001,5.000000000000001,243850.75701277095,53.87124108157886,243850.75701277095,53.87124108157886,9.048319587021279,9.063014414286071,0.10746910772739242,0.16182343082406977,0.035683453771328484,0.14919381401929302,0.0056000125932100225,0.9702874726062796,-0.13099575764581264,1212859.3407578494,1250000.0,5.000000000000001,5.000000000000001,242571.86815156983,53.84840432907456,242571.86815156983,53.84840432907456,9.88643501744517,10.705947916410793,0.13256487038195636,0.17289541137689315,0.1815619239850363,,
553,18,27.650000000000002,13,0.4103558785954409,-3.8683934066580052,512944.84824430116,1250000.0,5.000000000000001,5.000000000000001,102588.96964886022,50.11100668006237,102588.96964886022,50.11100668006237,51.73006195395796,51.73135850921083,,,,,,0.43372301656899154,-3.627875303445043,542153.7707112394,1250000.0,5.000000000000001,5.000000000000001,108430.75414224787,50.35152478327533,108430.75414224787,50.35152478327533,50.33758689878437,50.43528761474224,1.0231509993712973,1.734925636873065,0.24597203437343707,0.22997449295389,0.014811915788462545,0.9456926191349134,-0.2425000049684955,1182115.7739186417,1250000.0,5.000000000000001,5.000000000000001,236423.1547837283,53.736900081751884,236423.1547837283,53.736900081751884,13.562618894792047,13.560477995905572,0.1756120771640836,0.16166902696770918,0.24597203437343707,0.22997449295389,0.014811915788462545,0.9751702995327499,-0.10919534364101598,1218962.8744159373,1250000.0,5.000000000000001,5.000000000000001,243792.57488318742,53.870204743079356,243792.57488318742,53.870204743079356,9.092603470477282,9.117626191036342,0.10641463954990857,0.16166902696770918,0.03568424082505043,0.14913552267163294,0.005587276341524403,0.965707399793965,-0.15154440773067573,1207134.2497424562,1250000.0,5.000000000000001,5.000000000000001,241426.8499484912,53.8278556789897,241426.8499484912,53.8278556789897,10.61387801089009,10.821928941624712,0.13348468673665642,0.17248004934436106,0.15080034656909197,,
554,18,27.700000000000003,14,0.40671732158553586,-3.9070733113899934,508396.65198191983,1250000.0,5.000000000000001,5.000000000000001,101679.33039638394,50.07232677533038,101679.33039638394,50.07232677533038,51.90162193840142,51.86536638815064,,,,,,0.43703345271749355,-3.594853186941948,546291.815896867,1250000.0,5.000000000000001,5.000000000000001,109258.36317937337,50.38454689977843,109258.36317937337,50.38454689977843,50.168137902145006,50.187897455105386,1.027155097845973,1.7453366225330817,0.2459904223161732,0.22994513721102652,0.014790363472526515,0.9458609991266549,-0.24172681513381777,1182326.2489083186,1250000.0,5.000000000000001,5.000000000000001,236465.24978166368,53.73767327158656,236465.24978166368,53.73767327158656,13.537220927078398,13.535326777364114,0.17534129320992167,0.1615624705725139,0.2459904223161732,0.22994513721102652,0.014790363472526515,0.9753052936780611,-0.10859418551634568,1219131.6170975764,1250000.0,5.000000000000001,5.000000000000001,243826.32341951525,53.87080590120404,243826.32341951525,53.87080590120404,9.066526910691335,9.085640438193018,0.10598291833401237,0.1615624705725139,0.03568140052168974,0.14907626514603528,0.005574548641951296,0.9690643344523858,-0.1364738995625192,1211330.4180654823,1250000.0,5.000000000000001,5.000000000000001,242266.08361309642,53.84292618715786,242266.08361309642,53.84292618715786,10.109436775641914,10.239372145990512,0.12443102791349928,0.17272639586444533,0.11811065451706762,,
555,18,27.75,15,0.41014027385003504,-3.870675829386693,512675.34231254377,1250000.0,5.000000000000001,5.000000000000001,102535.06846250873,50.108724257333684,102535.06846250873,50.108724257333684,51.69779417693091,51.73117676381556,,,,,,0.4221616619574169,-3.7452120910591242,527702.0774467711,1250000.0,5.000000000000001,5.000000000000001,105540.4154893542,50.234187995661244,105540.4154893542,50.234187995661244,51.02470687227637,50.99667613243455,1.0088602984448136,1.724152776320799,0.24598303173709785,0.2297925214009721,0.014759713421592397,0.9454030469767971,-0.24383002326021097,1181753.8087209964,1250000.0,5.000000000000001,5.000000000000001,236350.76174419923,53.73557006346016,236350.76174419923,53.73557006346016,13.604232252013157,13.602298486524683,0.17636489301668185,0.16165694574612505,0.24598303173709785,0.2297925214009721,0.014759713421592397,0.9751606520025226,-0.10923830936576619,1218950.8150031532,1250000.0,5.000000000000001,5.000000000000001,243790.1630006306,53.87016177735461,243790.1630006306,53.87016177735461,9.09430783803314,9.108591932908496,0.10627263294012083,0.16165694574612505,0.03566866687260581,0.14901799289992362,0.005561796182371833,0.9684556669333464,-0.1392025522044464,1210569.583666683,1250000.0,5.000000000000001,5.000000000000001,242113.91673333655,53.84019753451593,242113.91673333655,53.84019753451593,10.213413123767314,10.357548315997422,0.12678349693868787,0.1726833958763064,0.12599382221975627,,
556,18,27.8,16,0.4092014991126623,-3.8806278391597617,511501.8738908279,1250000.0,5.000000000000001,5.000000000000001,102300.37477816555,50.09877224756061,102300.37477816555,50.09877224756061,51.806234310065804,51.784702927988164,,,,,,0.4267225027998696,-3.698544544359175,533403.128499837,1250000.0,5.000000000000001,5.000000000000001,106680.62569996738,50.2808555423612,106680.62569996738,50.2808555423612,50.80616211372899,50.792291457753024,1.0100888852118084,1.7363204351881347,0.245684830883504,0.2295490244466692,0.014714707260275527,0.9467422968876723,-0.23768219803953936,1183427.8711095904,1250000.0,5.000000000000001,5.000000000000001,236685.57422191804,53.74171788868083,236685.57422191804,53.74171788868083,13.428329498898886,13.424818489475285,0.17464244705230217,0.16045489266310828,0.245684830883504,0.2295490244466692,0.014714707260275527,0.9758711632037259,-0.10607515123324254,1219838.9540046575,1250000.0,5.000000000000001,5.000000000000001,243967.79080093146,53.87332493548713,243967.79080093146,53.87332493548713,8.96063131794094,8.988067973740947,0.10579422649705425,0.16045489266310828,0.035658383029068465,0.1489577047405218,0.00554894962475915,0.9662016412021521,-0.14932229150851764,1207752.0515026902,1250000.0,5.000000000000001,5.000000000000001,241550.410300538,53.83007779521186,241550.410300538,53.83007779521186,10.564395506413295,10.818090398989508,0.13355761714749093,0.1740111584466997,0.15928448690252822,,
557,18,27.85,17,0.40239991315893864,-3.953421216762787,502999.8914486733,1250000.0,5.000000000000001,5.000000000000001,100599.97828973464,50.02597886995759,100599.97828973464,50.02597886995759,52.18822852608044,52.187563670788336,,,,,,0.41740825505547957,-3.7943896617235935,521760.31881934946,1250000.0,5.000000000000001,5.000000000000001,104352.06376386987,50.18501042499678,104352.06376386987,50.18501042499678,51.297072884997455,51.302509627331936,1.0102143796986347,1.7275330097021833,0.24539709490307296,0.2291145567865624,0.014657490766628844,0.9454987257076282,-0.2433905213731097,1181873.4071345353,1250000.0,5.000000000000001,5.000000000000001,236374.68142690702,53.73600956534727,236374.68142690702,53.73600956534727,13.58608235320693,13.582162164961716,0.17629434918464065,0.16240725752793164,0.24539709490307296,0.2291145567865624,0.014657490766628844,0.9749812100101681,-0.11003754011753068,1218726.5125127102,1250000.0,5.000000000000001,5.000000000000001,243745.302502542,53.869362546602844,243745.302502542,53.869362546602844,9.127004360669334,9.142900724188895,0.10726236295647959,0.16240725752793164,0.035648142231658984,0.14889404350725588,0.005535901860283128,0.9634336801306743,-0.16178175502144757,1204292.100163343,1250000.0,5.000000000000001,5.000000000000001,240858.42003266854,53.81761833169893,240858.42003266854,53.81761833169893,10.906475043738288,11.484865320803948,0.1457891683441782,0.1748354777632366,0.16721629684620753,,
558,18,27.900000000000002,18,0.40795549253873736,-3.893872153395217,509944.3656734217,1250000.0,5.000000000000001,5.000000000000001,101988.87313468433,50.08552793332516,101988.87313468433,50.08552793332516,51.859846152830244,51.933291555314,,,,,,0.42761032248424125,-3.6895181949732074,534512.9031053015,1250000.0,5.000000000000001,5.000000000000001,106902.58062106029,50.28988189174717,106902.58062106029,50.28988189174717,50.70056095641404,50.716087413171316,0.9981409453668789,1.7286470612051292,0.24482620586113762,0.22870897039289248,0.014593146932793613,0.9461383795347065,-0.24045340264936776,1182672.974418383,1250000.0,5.000000000000001,5.000000000000001,236534.5948836766,53.73894668407101,236534.5948836766,53.73894668407101,13.503195606757874,13.510473730534295,0.17504845981753067,0.16206680723268263,0.24482620586113762,0.22870897039289248,0.014593146932793613,0.9753447474431894,-0.1084185050803199,1219180.9343039868,1250000.0,5.000000000000001,5.000000000000001,243836.18686079732,53.87098158164005,243836.18686079732,53.87098158164005,9.05982582364726,9.096852269641317,0.10619453475933856,0.16206680723268263,0.03563763485608411,0.14883313972768378,0.005523098701215791,0.9658293770105701,-0.15099589079021575,1207286.7212632126,1250000.0,5.000000000000001,5.000000000000001,241457.34425264248,53.82840419593016,241457.34425264248,53.82840419593016,10.575834099247414,10.781101108096644,0.13217549284609775,0.17225252923786366,0.1432699726032174,,
559,18,27.950000000000003,19,0.4088376712522713,-3.8844909412769484,511047.0890653391,1250000.0,5.000000000000001,5.000000000000001,102209.4178130678,50.09490914544343,102209.4178130678,50.09490914544343,51.83221328147164,51.826944862758936,,,,,,0.42579435360241186,-3.7080010197607627,532242.9420030148,1250000.0,5.000000000000001,5.000000000000001,106448.58840060295,50.27139906695961,106448.58840060295,50.27139906695961,50.79925675981934,50.77751208508269,1.0237829501291356,1.733599873004311,0.24435414150859386,0.228531243346536,0.014547073267107549,0.9447174968273812,-0.2469804113239883,1180896.8710342264,1250000.0,5.000000000000001,5.000000000000001,236179.37420684524,53.732419675396386,236179.37420684524,53.732419675396386,13.68580178734572,13.683012662086686,0.17792928140599698,0.16374945914018862,0.24435414150859386,0.228531243346536,0.014547073267107549,0.9749564259651141,-0.11014793927910589,1218695.5324563927,1250000.0,5.000000000000001,5.000000000000001,243739.10649127848,53.86925214744127,243739.10649127848,53.86925214744127,9.130418314356648,9.145911078290501,0.10752233918348901,0.16374945914018862,0.03562592226038165,0.14877252193071633,0.005510375019561543,0.9715589752567073,-0.12530831861752598,1214448.7190708842,1250000.0,5.000000000000001,5.000000000000001,242889.7438141768,53.85409176810285,242889.7438141768,53.85409176810285,9.712059908494833,9.954550309827294,0.12011105512987078,0.1739199792173433,0.12376238385701362,,
560,18,28.0,20,0.4087337750402911,-3.8855947359850718,510917.2188003639,1250000.0,5.000000000000001,5.000000000000001,102183.44376007275,50.09380535073531,102183.44376007275,50.09380535073531,51.83441319868084,51.86072478398719,,,,,,0.4188777840665595,-3.779126726136082,523597.2300831994,1250000.0,5.000000000000001,5.000000000000001,104719.44601663986,50.2002733605843,104719.44601663986,50.2002733605843,51.216811911247,51.23974976620667,1.0171899210332627,1.7412745625719768,0.24420210080732185,0.22830286636092287,0.014507870783933114,0.9465641601869781,-0.23849943273575197,1183205.2002337226,1250000.0,5.000000000000001,5.000000000000001,236641.04004674449,53.740900653984625,236641.04004674449,53.740900653984625,13.449722291165292,13.452978427044963,0.17531626590650334,0.16314759971534923,0.24420210080732185,0.22830286636092287,0.014507870783933114,0.9752828500356207,-0.10869412614294618,1219103.5625445258,1250000.0,5.000000000000001,5.000000000000001,243820.71250890513,53.87070596057743,243820.71250890513,53.87070596057743,9.070348018678231,9.088411122728074,0.10783051514481361,0.16314759971534923,0.03561602707829293,0.14871288908745822,0.005497894929399961,0.9610218454075021,-0.17266740081608803,1201277.3067593777,1250000.0,5.000000000000001,5.000000000000001,240255.4613518755,53.80673268590429,240255.4613518755,53.80673268590429,11.052398793098316,11.52249288307518,0.1430364525759606,0.17242299299657243,0.1849974731683542,,
561,18,28.05,21,0.4008685749807184,-3.9699798776891386,501085.71872589795,1250000.0,5.000000000000001,5.000000000000001,100217.14374517958,50.00942020903124,100217.14374517958,50.00942020903124,52.29326915309398,52.296544560396,,,,,,0.43383505223801944,-3.6267536154599944,542293.8152975243,1250000.0,5.000000000000001,5.000000000000001,108458.76305950484,50.35264647126038,108458.76305950484,50.35264647126038,50.3614767332277,50.418088402293314,1.0111193625064114,1.7327474110861807,0.24404550281462392,0.22828471490184504,0.014482100148681887,0.9462999845796428,-0.23971166985885725,1182874.9807245536,1250000.0,5.000000000000001,5.000000000000001,236574.99614491066,53.73968841686151,236574.99614491066,53.73968841686151,13.48347650371243,13.481720422900452,0.17581180733046653,0.16201566921475824,0.24404550281462392,0.22828471490184504,0.014482100148681887,0.975645982496624,-0.10707739442823473,1219557.47812078,1250000.0,5.000000000000001,5.000000000000001,243911.49562415597,53.872322692292144,243911.49562415597,53.872322692292144,9.004929327130402,9.019410399663466,0.106743277484003,0.16201566921475824,0.035608976277532976,0.14865422889054764,0.005485631110506771,0.9671216971002911,-0.1451887332789908,1208902.1213753638,1250000.0,5.000000000000001,5.000000000000001,241780.42427507273,53.83421135344139,241780.42427507273,53.83421135344139,10.429338004431974,10.931595760051001,0.1369950751993083,0.17437156499503698,0.151204453213073,,
562,18,28.1,22,0.4057512944507769,-3.917400859886491,507189.1180634711,1250000.0,5.000000000000001,5.000000000000001,101437.8236126942,50.061999226833876,101437.8236126942,50.061999226833876,52.008432621728616,51.99958078750124,,,,,,0.42414099107764547,-3.7248975315086614,530176.2388470569,1250000.0,5.000000000000001,5.000000000000001,106035.24776941136,50.254502555211715,106035.24776941136,50.254502555211715,50.97525324785501,50.97354771279462,1.0025389883899312,1.7220709063438406,0.24379628628032446,0.22811064230830627,0.014443846112446349,0.9457065735897702,-0.24243592179910772,1182133.2169872127,1250000.0,5.000000000000001,5.000000000000001,236426.6433974425,53.73696416492127,236426.6433974425,53.73696416492127,13.553214107018345,13.54916097592015,0.17501573576644885,0.1610410837670318,0.24379628628032446,0.22811064230830627,0.014443846112446349,0.9749760281225635,-0.11006062231798668,1218720.0351532043,1250000.0,5.000000000000001,5.000000000000001,243744.00703064082,53.86933946440239,243744.00703064082,53.86933946440239,9.127348827497581,9.140798629443733,0.10587123650216165,0.1610410837670318,0.03559410476709015,0.14859516737834558,0.005473312181682776,0.9663994345497411,-0.14843332833041778,1207999.2931871763,1250000.0,5.000000000000001,5.000000000000001,241599.85863743522,53.830966758389955,241599.85863743522,53.830966758389955,10.516709076858438,10.79849613203066,0.1316621755165162,0.17320330189295155,0.13866166397782562,,
563,18,28.150000000000002,23,0.39936598762840264,-3.986289249793188,499207.4845355033,1250000.0,5.000000000000001,5.000000000000001,99841.49690710065,49.99311083692719,99841.49690710065,49.99311083692719,52.387421718649634,52.35480414564087,,,,,,0.42561540454743085,-3.709826617541867,532019.2556842886,1250000.0,5.000000000000001,5.000000000000001,106403.8511368577,50.26957346917851,106403.8511368577,50.26957346917851,50.820424899189696,50.79854025946959,1.0293268379995668,1.7383934779799468,0.24335939186245503,0.22790651133165557,0.014397834683137198,0.9469012599255919,-0.23695305585109694,1183626.57490699,1250000.0,5.000000000000001,5.000000000000001,236725.31498139794,53.742447030869286,236725.31498139794,53.742447030869286,13.406734516270529,13.405117065570613,0.17342405000300315,0.1604553146317262,0.24335939186245503,0.22790651133165557,0.014397834683137198,0.9757381543986564,-0.10666712412099894,1219672.6929983206,1250000.0,5.000000000000001,5.000000000000001,243934.53859966408,53.87273296259938,243934.53859966408,53.87273296259938,8.988527181582853,9.02155891067844,0.10487703253785534,0.1604553146317262,0.03558090950894459,0.14853468333352052,0.005461012709043334,0.9685363907098271,-0.13884056940161632,1210670.4883872839,1250000.0,5.000000000000001,5.000000000000001,242134.09767745674,53.84055951731875,242134.09767745674,53.84055951731875,10.203382021892343,10.600282362970123,0.1308995517014835,0.172757474038299,0.14467238892250606,,
564,18,28.200000000000003,24,0.4179312058406384,-3.788952000015909,522414.007300798,1250000.0,5.000000000000001,5.000000000000001,104482.8014601596,50.190448086704464,104482.8014601596,50.190448086704464,51.28871676941488,51.292639063649425,,,,,,0.428764797856242,-3.6778087798962025,535955.9973203025,1250000.0,5.000000000000001,5.000000000000001,107191.19946406048,50.30159130682417,107191.19946406048,50.30159130682417,50.6212888106928,50.59938082248493,0.9969598106276745,1.7321768494182468,0.24316556941784465,0.22784586283972316,0.014368854171707968,0.9470499913447556,-0.23627095556242375,1183812.4891809446,1250000.0,5.000000000000001,5.000000000000001,236762.49783618888,53.74312913115795,236762.49783618888,53.74312913115795,13.384879113512735,13.386660470852274,0.17382612351274254,0.16181101467836384,0.24316556941784465,0.22784586283972316,0.014368854171707968,0.9759927422924691,-0.1055341183540996,1219990.9278655865,1250000.0,5.000000000000001,5.000000000000001,243998.18557311725,53.873865968366275,243998.18557311725,53.873865968366275,8.938482871004812,8.961726901547603,0.1050379460213627,0.16181101467836384,0.035574241662608044,0.14847739957168235,0.0054490469328081215,0.9626706411014354,-0.1652227281147334,1203338.3013767942,1250000.0,5.000000000000001,5.000000000000001,240667.6602753588,53.81417735860565,240667.6602753588,53.81417735860565,10.998815174561766,11.222453365257158,0.13907990298804726,0.17391771924942206,0.16490710865512997,,
565,18,28.25,25,0.39855383715462844,-3.995130052592721,498192.29644328554,1250000.0,5.000000000000001,5.000000000000001,99638.45928865709,49.984270034127654,99638.45928865709,49.984270034127654,52.42841741662338,52.43600189468283,,,,,,0.4156616322248752,-3.8126006132980548,519577.04028109397,1250000.0,5.000000000000001,5.000000000000001,103915.40805621877,50.16679947342232,103915.40805621877,50.16679947342232,51.41684143425008,51.45240638935546,1.0199137281489568,1.7320681488049943,0.24315357415798133,0.2277638411717759,0.014343831699245649,0.9455569569997672,-0.24312305670679327,1181946.196249709,1250000.0,5.000000000000001,5.000000000000001,236389.23924994175,53.73627703001358,236389.23924994175,53.73627703001358,13.575754046814703,13.576252938709027,0.1760672966826799,0.1624005640084179,0.24315357415798133,0.2277638411717759,0.014343831699245649,0.9747816210524695,-0.11092667783109433,1218477.0263155869,1250000.0,5.000000000000001,5.000000000000001,243695.40526311734,53.86847340888928,243695.40526311734,53.86847340888928,9.164336886662745,9.175967486452437,0.10774420678517156,0.1624005640084179,0.035569186843205314,0.14841975636688826,0.005437224502767168,0.9606636268230805,-0.1742865248463164,1200829.5335288506,1250000.0,5.000000000000001,5.000000000000001,240165.9067057701,53.80511356187406,240165.9067057701,53.80511356187406,11.332500850804983,11.542941512131076,0.14233099133330757,0.17291216200282897,0.15590164887702068,,
566,18,28.3,26,0.4022432126678575,-3.955112753228185,502804.01583482185,1250000.0,5.000000000000001,5.000000000000001,100560.80316696435,50.02428733349219,100560.80316696435,50.02428733349219,52.2077357219801,52.20278833453274,,,,,,0.44074587245281116,-3.558117461400675,550932.3405660139,1250000.0,5.000000000000001,5.000000000000001,110186.46811320276,50.421282625319705,110186.46811320276,50.421282625319705,49.93610078614281,49.92103226169376,0.9971453420628716,1.7209760362818944,0.24256558271379167,0.22744273395449127,0.01428627972561342,0.9460621099820474,-0.24080350768378142,1182577.6374775593,1250000.0,5.000000000000001,5.000000000000001,236515.5274955118,53.73859657903659,236515.5274955118,53.73859657903659,13.513111875274813,13.512637995612181,0.1748471700008059,0.16311530998886342,0.24256558271379167,0.22744273395449127,0.01428627972561342,0.9745556535261869,-0.11193354771937088,1218194.5669077337,1250000.0,5.000000000000001,5.000000000000001,243638.9133815467,53.86746653900101,243638.9133815467,53.86746653900101,9.20305232558795,9.225997101401962,0.10812497060039397,0.16311530998886342,0.0355603468612603,0.14835865292307968,0.005425051614206823,0.9631353444779426,-0.16312679407395034,1203919.1805974282,1250000.0,5.000000000000001,5.000000000000001,240783.8361194856,53.81627329264642,240783.8361194856,53.81627329264642,10.986222889936833,11.459542792845644,0.14434554128973415,0.17418267550004893,0.19369596672151038,,
567,18,28.35,27,0.40883144587917225,-3.8845570718211526,511039.3073489653,1250000.0,5.000000000000001,5.000000000000001,102207.86146979305,50.094843014899226,102207.86146979305,50.094843014899226,51.81467912343584,51.86315142403178,,,,,,0.4283223971262386,-3.682292156010521,535402.9964077983,1250000.0,5.000000000000001,5.000000000000001,107080.59928155963,50.297107930709856,107080.59928155963,50.297107930709856,50.63207911714788,50.612680202569194,1.0124823072108204,1.724780937650721,0.24238160794103147,0.22736815393395043,0.01425657220468356,0.9464194099643635,-0.2391636141269649,1183024.2624554543,1250000.0,5.000000000000001,5.000000000000001,236604.85249109083,53.740236472593416,236604.85249109083,53.740236472593416,13.46303118772756,13.460438579760282,0.1743539388859058,0.16253192014007473,0.24238160794103147,0.22736815393395043,0.01425657220468356,0.9749687053005391,-0.11009324130602897,1218710.881625674,1250000.0,5.000000000000001,5.000000000000001,243742.17632513476,53.86930684541434,243742.17632513476,53.86930684541434,9.127158268457105,9.137568835111464,0.10715650856780104,0.16253192014007473,0.03554624575166702,0.1482996356510164,0.005413094312347441,0.9685143314689517,-0.1389394847937419,1210642.9143361896,1250000.0,5.000000000000001,5.000000000000001,242128.58286723788,53.84046060192663,242128.58286723788,53.84046060192663,10.170210230692366,10.789027090249068,0.1326568456428632,0.17311743670762483,0.15003121411356685,,
568,18,28.400000000000002,28,0.41474855254450005,-3.8221512097095154,518435.69068062503,1250000.0,5.000000000000001,5.000000000000001,103687.138136125,50.15724887701086,103687.138136125,50.15724887701086,51.44442434269945,51.440746516096866,,,,,,0.4320589749250324,-3.6445696907301848,540073.7186562906,1250000.0,5.000000000000001,5.000000000000001,108014.74373125809,50.33483039599019,108014.74373125809,50.33483039599019,50.45966875906999,50.507192952999546,0.9919931346969817,1.72176054134817,0.24203484784415266,0.2270839628017592,0.014208790748068068,0.9466007109699827,-0.2383317367932385,1183250.8887124783,1250000.0,5.000000000000001,5.000000000000001,236650.17774249564,53.74106834992713,236650.17774249564,53.74106834992713,13.440231248538264,13.445180013857907,0.17354280473557757,0.16222968165662596,0.24203484784415266,0.2270839628017592,0.014208790748068068,0.9745239897687175,-0.11207465426874987,1218154.9872108968,1250000.0,5.000000000000001,5.000000000000001,243630.99744217933,53.86732543245163,243630.99744217933,53.86732543245163,9.208220511595034,9.21920048613109,0.10749517547443836,0.16222968165662596,0.0355286778885567,0.14823958866369627,0.005401093861042245,0.965431897734683,-0.15278356251421754,1206789.8721683538,1250000.0,5.000000000000001,5.000000000000001,241357.97443367072,53.82661652420616,241357.97443367072,53.82661652420616,10.696983975991579,11.290207218275482,0.14025576158300274,0.17337996871141717,0.16650128233496192,,
569,18,28.450000000000003,29,0.3991030146614411,-3.989149917201514,498878.76832680136,1250000.0,5.000000000000001,5.000000000000001,99775.75366536026,49.99025016951886,99775.75366536026,49.99025016951886,52.32649452962047,52.37554909755222,,,,,,0.43034270733984736,-3.661855522635537,537928.3841748092,1250000.0,5.000000000000001,5.000000000000001,107585.67683496182,50.31754456408484,107585.67683496182,50.31754456408484,50.56600986106323,50.53355155200391,1.0075616553262503,1.7377621848821456,0.24175553923431609,0.22670564533415064,0.014157062185626425,0.9476118436642248,-0.23369519914369086,1184514.804580281,1250000.0,5.000000000000001,5.000000000000001,236902.96091605615,53.745704887576686,236902.96091605615,53.745704887576686,13.31089065880036,13.310427392186014,0.17155670598245895,0.16099358500681646,0.24175553923431609,0.22670564533415064,0.014157062185626425,0.9752833442197455,-0.10869192553638286,1219104.180274682,1250000.0,5.000000000000001,5.000000000000001,243820.83605493634,53.87070816118399,243820.83605493634,53.87070816118399,9.068449475540948,9.085395655425955,0.105468674936985,0.16099358500681646,0.035510156412854245,0.1481789907262003,0.005389106625406727,0.9609675943304692,-0.1729125732703361,1201209.4929130864,1250000.0,5.000000000000001,5.000000000000001,240241.89858261726,53.80648751345004,240241.89858261726,53.80648751345004,11.285956548445629,11.419729077102913,0.14219155232930344,0.17408403301866726,0.16771851205564167,,
570,19,28.5,0,0.4092707701472369,-3.8798927127718996,511588.4626840461,1250000.0,5.000000000000001,5.000000000000001,102317.6925368092,50.09950737394847,102317.6925368092,50.09950737394847,51.77150043423628,51.78921447433366,,,,,,0.436472110280597,-3.6004350164502807,545590.1378507463,1250000.0,5.000000000000001,5.000000000000001,109118.02757014924,50.3789650702701,109118.02757014924,50.3789650702701,50.235146771903906,50.21659329299426,1.012088793175432,1.7401134991556482,0.2421624007411407,0.22668724606523738,0.01414993650280714,0.9478364258495449,-0.2326660515183672,1184795.532311931,1250000.0,5.000000000000001,5.000000000000001,236959.10646238617,53.74673403520201,236959.10646238617,53.74673403520201,13.28225298599799,13.278576318641825,0.17149149720696766,0.1596493545282304,0.2421624007411407,0.22668724606523738,0.01414993650280714,0.9757503276678735,-0.10661294205744734,1219687.909584842,1250000.0,5.000000000000001,5.000000000000001,243937.58191696834,53.87278714466292,243937.58191696834,53.87278714466292,8.982456756470633,9.006265879505001,0.10469768336413383,0.1596493545282304,0.03549908742033602,0.1481176763509581,0.005377152540106165,0.9625113986951923,-0.16594118587139733,1203139.2483689904,1250000.0,5.000000000000001,5.000000000000001,240627.84967379805,53.81345890084898,240627.84967379805,53.81345890084898,11.058028624580947,11.507684063753791,0.14382784749683836,0.17518254739259453,0.174066272008004,,
571,19,28.55,1,0.4017521923178967,-3.960417446605299,502190.2403973709,1250000.0,5.000000000000001,5.000000000000001,100438.04807947416,50.01898264011508,100438.04807947416,50.01898264011508,52.266738284518894,52.27649964978373,,,,,,0.427400137944393,-3.6916534200236812,534250.1724304913,1250000.0,5.000000000000001,5.000000000000001,106850.03448609824,50.28774666669669,106850.03448609824,50.28774666669669,50.71908039898985,50.72349519435157,1.0025356330057762,1.7218051725038024,0.24202715811266584,0.22651761540881465,0.014116287165007454,0.948480823566873,-0.2297144527429517,1185601.0294585912,1250000.0,5.000000000000001,5.000000000000001,237120.20589171821,53.74968563397743,237120.20589171821,53.74968563397743,13.194305466232482,13.191301569719155,0.1705383366392029,0.1600520196601952,0.24202715811266584,0.22651761540881465,0.014116287165007454,0.9758020323528107,-0.10638281695476456,1219752.5404410134,1250000.0,5.000000000000001,5.000000000000001,243950.50808820265,53.87301726976561,243950.50808820265,53.87301726976561,8.975725145887845,8.997741343025133,0.10502924853092585,0.1600520196601952,0.03549122877885506,0.14805834125883555,0.005365327666030313,0.9587358069914919,-0.183010522381664,1198419.7587393648,1250000.0,5.000000000000001,5.000000000000001,239683.95174787292,53.79638956433872,239683.95174787292,53.79638956433872,11.43019052525868,11.833333072344448,0.1486135990628908,0.17318071040883493,0.1727494861240069,,
572,19,28.6,2,0.3982889789156733,-3.9980171081971907,497861.2236445916,1250000.0,5.000000000000001,5.000000000000001,99572.2447289183,49.981382978523186,99572.2447289183,49.981382978523186,52.43157923102225,52.444324141966646,,,,,,0.4132256616928625,-3.8381271622901365,516532.0771160781,1250000.0,5.000000000000001,5.000000000000001,103306.4154232156,50.14127292443024,103306.4154232156,50.14127292443024,51.60530176933861,51.64085074571339,1.0256159064226444,1.745811066095453,0.2421185659073754,0.22645976185530553,0.01409661315834419,0.9468378507029075,-0.2372438907963052,1183547.3133786344,1250000.0,5.000000000000001,5.000000000000001,236709.46267572683,53.74215619592407,236709.46267572683,53.74215619592407,13.416852202135015,13.415129222014178,0.17381805940467493,0.16152917236730857,0.2421185659073754,0.22645976185530553,0.01409661315834419,0.9754286049431649,-0.10804512649706821,1219285.756178956,1250000.0,5.000000000000001,5.000000000000001,243857.15123579116,53.87135496022331,243857.15123579116,53.87135496022331,9.046912507308951,9.070938906807744,0.10639100098846246,0.16152917236730857,0.03548120111337418,0.14799885537833812,0.005353615364387295,0.9636516479924496,-0.16079931549348808,1204564.559990562,1250000.0,5.000000000000001,5.000000000000001,240912.91199811237,53.81860077122688,240912.91199811237,53.81860077122688,10.919978622885349,11.354067550162595,0.14149052075554489,0.1722013880159183,0.16154857279166918,,
573,19,28.650000000000002,3,0.40468955972139076,-3.9287799949742674,505861.94965173845,1250000.0,5.000000000000001,5.000000000000001,101172.38993034768,50.05062009174611,101172.38993034768,50.05062009174611,52.061781739013554,52.09576916708105,,,,,,0.4210625062053171,-3.756534289029259,526328.1327566464,1250000.0,5.000000000000001,5.000000000000001,105265.62655132926,50.222865797691114,105265.62655132926,50.222865797691114,51.092394537368946,51.09750894551628,1.008487666886038,1.737743857144327,0.24204917075750662,0.2263913561401314,0.014071332309161032,0.9474610925525184,-0.23438615277235342,1184326.365690648,1250000.0,5.000000000000001,5.000000000000001,236865.2731381296,53.74501393394802,236865.2731381296,53.74501393394802,13.333498992649613,13.332480818986124,0.1727125349509891,0.16243908806917678,0.24204917075750662,0.2263913561401314,0.014071332309161032,0.975551621692257,-0.10749744800546901,1219439.5271153213,1250000.0,5.000000000000001,5.000000000000001,243887.90542306422,53.8719026387149,243887.90542306422,53.8719026387149,9.021352044090026,9.038779337492928,0.10599946299877112,0.16243908806917678,0.035471473405723285,0.14793966102017791,0.005342020476035271,0.9620747045837966,-0.16791203919711178,1202593.3807297458,1250000.0,5.000000000000001,5.000000000000001,240518.67614594914,53.81148804752327,240518.67614594914,53.81148804752327,11.138215746256993,11.54471368944846,0.14446902101356748,0.1741577601440551,0.17974644537324638,,
574,19,28.700000000000003,4,0.40513268301125716,-3.9240271984062374,506415.8537640714,1250000.0,5.000000000000001,5.000000000000001,101283.17075281427,50.05537288831413,101283.17075281427,50.05537288831413,52.044867980400554,52.06061245967605,,,,,,0.4311190119286242,-3.654028247600501,538898.7649107802,1250000.0,5.000000000000001,5.000000000000001,107779.75298215603,50.325371839119875,107779.75298215603,50.325371839119875,50.50077422739183,50.46706338150604,0.9919618319436093,1.7287578689450704,0.24171077229045493,0.22627295124531283,0.014035249752998047,0.946808941701388,-0.23737649229188082,1183511.177126735,1250000.0,5.000000000000001,5.000000000000001,236702.23542534697,53.74202359442849,236702.23542534697,53.74202359442849,13.416106741897073,13.413569931117994,0.17350639929956788,0.1611239645938365,0.24171077229045493,0.22627295124531283,0.014035249752998047,0.9752742393541047,-0.10873246976783323,1219092.799192631,1250000.0,5.000000000000001,5.000000000000001,243818.55983852615,53.870667616952545,243818.55983852615,53.870667616952545,9.072029927631684,9.092846282771564,0.10613153731724867,0.1611239645938365,0.035459372418541316,0.1478811101636714,0.005330536042007037,0.9623779542006152,-0.16654334212147845,1202972.442750769,1250000.0,5.000000000000001,5.000000000000001,240594.48855015376,53.812856744598896,240594.48855015376,53.812856744598896,10.990182260887364,11.72896823750261,0.1471156469643439,0.17348102196166953,0.18033300696084065,,
575,19,28.75,5,0.40748451220363513,-3.898888934082339,509355.6402545439,1250000.0,5.000000000000001,5.000000000000001,101871.12805090877,50.08051115263804,101871.12805090877,50.08051115263804,51.93713192782161,51.91988416961556,,,,,,0.4231029937251715,-3.735539017457023,528878.7421564644,1250000.0,5.000000000000001,5.000000000000001,105775.74843129286,50.24386106926335,105775.74843129286,50.24386106926335,50.972172357343226,50.954730329394174,1.012728960274711,1.7346667117402255,0.24149501267261148,0.22626846614884033,0.014009675142230418,0.9469279794051595,-0.23683050918959975,1183659.9742564494,1250000.0,5.000000000000001,5.000000000000001,236731.99485128984,53.74256957753077,236731.99485128984,53.74256957753077,13.401215192538212,13.400477381351243,0.17368721868664141,0.16093316002691188,0.24149501267261148,0.22626846614884033,0.014009675142230418,0.9756585700086754,-0.10702136332824215,1219573.2125108442,1250000.0,5.000000000000001,5.000000000000001,243914.6425021688,53.87237872339213,243914.6425021688,53.87237872339213,8.998735792542671,9.021123350129534,0.10562611643285832,0.16093316002691188,0.03545012088655097,0.1478232696951352,0.005319137190986205,0.9623293801482128,-0.16676254888138486,1202911.725185266,1250000.0,5.000000000000001,5.000000000000001,240582.34503705316,53.81263753783899,240582.34503705316,53.81263753783899,11.106379327065087,11.370511425658131,0.14290925209070157,0.17337653304469672,0.1784079001724072,,
576,19,28.8,6,0.3953986819071536,-4.029647827750121,494248.352383942,1250000.0,5.000000000000001,5.000000000000001,98849.67047678838,49.94975225897026,98849.67047678838,49.94975225897026,52.58894115180429,52.60158228443324,,,,,,0.42166768434266316,-3.750296810563562,527084.605428329,1250000.0,5.000000000000001,5.000000000000001,105416.92108566577,50.22910327615682,105416.92108566577,50.22910327615682,51.053244654090015,51.0833109525436,1.004495877223737,1.7220626823768874,0.2410937211220025,0.22610196144441885,0.013968546197579382,0.9475905773297306,-0.23379266474018026,1184488.2216621633,1250000.0,5.000000000000001,5.000000000000001,236897.64433243262,53.745607421980196,236897.64433243262,53.745607421980196,13.318162329425064,13.31416740592472,0.17281413125596254,0.16214018996824042,0.2410937211220025,0.22610196144441885,0.013968546197579382,0.9754624152726078,-0.10789459384959879,1219328.0190907598,1250000.0,5.000000000000001,5.000000000000001,243865.60381815193,53.871505492870774,243865.60381815193,53.871505492870774,9.040062141056705,9.056961065512803,0.10694965873971918,0.16214018996824042,0.035436778766474455,0.1477633169054748,0.005307682465176684,0.9569383277179743,-0.19116050514515187,1196172.9096474678,1250000.0,5.000000000000001,5.000000000000001,239234.58192949352,53.78823958157522,239234.58192949352,53.78823958157522,11.745683118865687,12.105945067543596,0.1540805819362692,0.17338707773213038,0.21627653288787468,,
577,19,28.85,7,0.4093030475915848,-3.87955021669705,511628.80948948103,1250000.0,5.000000000000001,5.000000000000001,102325.76189789618,50.09984987002333,102325.76189789618,50.09984987002333,51.780730637611704,51.76145604139155,,,,,,0.43252770853252726,-3.639860655926455,540659.6356656591,1250000.0,5.000000000000001,5.000000000000001,108131.9271331318,50.33953943079392,108131.9271331318,50.33953943079392,50.45067107005169,50.45095797847533,1.0016431299091877,1.7352946007406171,0.2406218162879891,0.2259370802739961,0.013925372072385714,0.948335713248062,-0.230378940948602,1185419.6415600774,1250000.0,5.000000000000001,5.000000000000001,237083.92831201546,53.74902114577178,237083.92831201546,53.74902114577178,13.218457665983284,13.214768232137292,0.17122772996838115,0.15929383703428862,0.2406218162879891,0.2259370802739961,0.013925372072385714,0.9762793820808326,-0.10425882401658834,1220349.2276010409,1250000.0,5.000000000000001,5.000000000000001,244069.84552020812,53.875141262703785,244069.84552020812,53.875141262703785,8.884926314242367,8.903285341894193,0.10430979797242304,0.15929383703428862,0.035423175518397784,0.14770361044315322,0.005296310171389319,0.9633641956177278,-0.16209498705209605,1204205.2445221597,1250000.0,5.000000000000001,5.000000000000001,240841.0489044319,53.81730509966828,240841.0489044319,53.81730509966828,11.007878971041881,11.367375616658938,0.14149009209777208,0.17187725621492927,0.16765842128871802,,
578,19,28.900000000000002,8,0.39908517734516996,-3.9893440230053177,498856.4716814624,1250000.0,5.000000000000001,5.000000000000001,99771.29433629247,49.99005606371505,99771.29433629247,49.99005606371505,52.38030714009767,52.3563008510557,,,,,,0.43900138606136374,-3.575341085554833,548751.7325767047,1250000.0,5.000000000000001,5.000000000000001,109750.34651534092,50.40405900116554,109750.34651534092,50.40405900116554,50.04092587032846,50.04051565712824,1.0201573905884032,1.7383026292881212,0.2406321231957654,0.22571136546447454,0.013893575150810822,0.9462976988391232,-0.23972216003860797,1182872.123548904,1250000.0,5.000000000000001,5.000000000000001,236574.42470978075,53.739677926681765,236574.42470978075,53.739677926681765,13.484638347462113,13.477863940905678,0.17447071839244288,0.16190674716362205,0.2406321231957654,0.22571136546447454,0.013893575150810822,0.9751745147592352,-0.10917657106717028,1218968.143449044,1250000.0,5.000000000000001,5.000000000000001,243793.62868980877,53.87022351565321,243793.62868980877,53.87022351565321,9.0911639512239,9.118794125831052,0.10674060539172463,0.16190674716362205,0.03541365650185518,0.1476432605206131,0.005284904471424532,0.9653970118394163,-0.15294049772206633,1206746.2647992703,1250000.0,5.000000000000001,5.000000000000001,241349.25295985403,53.826459588998304,241349.25295985403,53.826459588998304,10.707315801908326,11.006416164813272,0.13614579152273215,0.1738027605814775,0.15389162401403253,,
579,19,28.950000000000003,9,0.4132734050702482,-3.8376254149512,516591.7563378102,1250000.0,5.000000000000001,5.000000000000001,103318.35126756201,50.14177467176918,103318.35126756201,50.14177467176918,51.541452800149955,51.5439398309955,,,,,,0.42682467457616113,-3.697504821188911,533530.8432202014,1250000.0,5.000000000000001,5.000000000000001,106706.16864404027,50.28189526553146,106706.16864404027,50.28189526553146,50.707717475435935,50.73140561902731,1.0193114642295336,1.7412609087054236,0.24062218882548744,0.22564726774719984,0.013871051069028795,0.9471550208860684,-0.23578934190412196,1183943.7761075855,1250000.0,5.000000000000001,5.000000000000001,236788.75522151706,53.74361074481626,236788.75522151706,53.74361074481626,13.37755040706249,13.374725727350684,0.17257372410168068,0.1608626416223884,0.24062218882548744,0.22564726774719984,0.013871051069028795,0.9750802803860601,-0.10959626462115404,1218850.3504825751,1250000.0,5.000000000000001,5.000000000000001,243770.07009651497,53.869803822099215,243770.07009651497,53.869803822099215,9.106370137288764,9.12266749086692,0.10630802602199188,0.1608626416223884,0.035412068218544424,0.1475832894286975,0.005273643492447014,0.9620480775207632,-0.1680322392867632,1202560.096900954,1250000.0,5.000000000000001,5.000000000000001,240512.01938019073,53.811367847433615,240512.01938019073,53.811367847433615,11.017712818683034,11.565637678438254,0.14420468416575843,0.17336913703954265,0.16092860933041017,,
580,19,29.0,10,0.40153703516702083,-3.9627439203685415,501921.29395877605,1250000.0,5.000000000000001,5.000000000000001,100384.25879175519,50.01665616635183,100384.25879175519,50.01665616635183,52.254720268511946,52.227116626642285,,,,,,0.4302508195910531,-3.6627829370572984,537813.5244888164,1250000.0,5.000000000000001,5.000000000000001,107562.70489776325,50.31661714966308,107562.70489776325,50.31661714966308,50.54771392589356,50.55262269518407,1.015560480553209,1.7439476063265773,0.2401189410839541,0.22516073117061913,0.013807760002450976,0.9476343962440766,-0.23359184095437954,1184542.9953050958,1250000.0,5.000000000000001,5.000000000000001,236908.5990610191,53.745808245766,236908.5990610191,53.745808245766,13.309110877026432,13.311904576456197,0.17194739698907627,0.16109174733469403,0.2401189410839541,0.22516073117061913,0.013807760002450976,0.9753746282297363,-0.10828545610490004,1219218.2852871704,1250000.0,5.000000000000001,5.000000000000001,243843.65705743406,53.87111463061547,243843.65705743406,53.87111463061547,9.05069737511184,9.063535165281088,0.1058593592034572,0.16109174733469403,0.035407653212618365,0.1475203549334781,0.005262124898852265,0.9612310451567401,-0.17172211107284713,1201538.806445925,1250000.0,5.000000000000001,5.000000000000001,240307.76128918497,53.80767797564752,240307.76128918497,53.80767797564752,11.277911914494878,11.55689011177651,0.14521591649764776,0.17368910834224635,0.17724042303561446,,
581,19,29.05,11,0.41535094988352644,-3.815847919913234,519188.6873544081,1250000.0,5.000000000000001,5.000000000000001,103837.7374708816,50.16355216680714,103837.7374708816,50.16355216680714,51.40231509715029,51.36635724575859,,,,,,0.42459856189524875,-3.7202148111211972,530748.202369061,1250000.0,5.000000000000001,5.000000000000001,106149.64047381218,50.25918527559917,106149.64047381218,50.25918527559917,50.8685543283066,50.85007007035195,1.0147613670037665,1.7380874232580967,0.23941002143879658,0.2246712382841011,0.01373814568226328,0.9477527980931729,-0.23304924712521183,1184690.9976164661,1250000.0,5.000000000000001,5.000000000000001,236938.19952329318,53.746350839595166,236938.19952329318,53.746350839595166,13.295263576282313,13.293641770332096,0.17171460037778433,0.1618103493668634,0.23941002143879658,0.2246712382841011,0.01373814568226328,0.9753688260824701,-0.10831129077357815,1219211.0326030876,1250000.0,5.000000000000001,5.000000000000001,243842.20652061747,53.87108879594679,243842.20652061747,53.87108879594679,9.053219069610394,9.071841356707187,0.10602031573390165,0.1618103493668634,0.03540288198307734,0.14745629033376734,0.005250539347774831,0.9672354803308859,-0.14467780975551733,1209044.3504136074,1250000.0,5.000000000000001,5.000000000000001,241808.87008272143,53.83472227696486,241808.87008272143,53.83472227696486,10.371790993636775,10.618611836410661,0.12967476035605513,0.17503591457850579,0.13695361393764152,,
582,19,29.1,12,0.4083318684311015,-3.8898672406016512,510414.8355388768,1250000.0,5.000000000000001,5.000000000000001,102082.96710777534,50.08953284611873,102082.96710777534,50.08953284611873,51.83246020713759,51.82798600452138,,,,,,0.4279573358230053,-3.6859952477235587,534946.6697787567,1250000.0,5.000000000000001,5.000000000000001,106989.33395575131,50.293404838996814,106989.33395575131,50.293404838996814,50.67788045994605,50.660163010272186,1.0166505176953915,1.7353961676189065,0.23930358026353665,0.22443276431146417,0.013702119024448376,0.9473915603888009,-0.23470488399384437,1184239.450486001,1250000.0,5.000000000000001,5.000000000000001,236847.89009720017,53.74469520272653,236847.89009720017,53.74469520272653,13.342147537348623,13.339328691601448,0.17243626185729471,0.16187014732858088,0.23930358026353665,0.22443276431146417,0.013702119024448376,0.9748476328137714,-0.11063258557095562,1218559.5410172143,1250000.0,5.000000000000001,5.000000000000001,243711.9082034428,53.86876750114942,243711.9082034428,53.86876750114942,9.149358192075598,9.165708327766566,0.1076746880661615,0.16187014732858088,0.035401120202358506,0.14739451603258422,0.005239150940119234,0.9631298106032206,-0.16315174734945329,1203912.2632540257,1250000.0,5.000000000000001,5.000000000000001,240782.4526508051,53.81624833937092,240782.4526508051,53.81624833937092,10.948454533888471,11.348744824106697,0.1427328147104932,0.1734100591098338,0.17264109273523687,,
583,19,29.150000000000002,13,0.4098298009125136,-3.8739646491653574,512287.251140642,1250000.0,5.000000000000001,5.000000000000001,102457.45022812838,50.10543543755502,102457.45022812838,50.10543543755502,51.771154127472826,51.7883323542856,,,,,,0.4266700175801766,-3.6990787426507836,533337.5219752208,1250000.0,5.000000000000001,5.000000000000001,106667.50439504413,50.28032134406959,106667.50439504413,50.28032134406959,50.72532709962113,50.751107758663004,1.0043798054767712,1.7289778758134748,0.23877507623817093,0.2240970318683658,0.01364790350389182,0.9477864633979243,-0.23289498330822142,1184733.0792474053,1250000.0,5.000000000000001,5.000000000000001,236946.61584948102,53.746505103412154,236946.61584948102,53.746505103412154,13.292085221154741,13.29228370729804,0.17135073840379084,0.1623687171310957,0.23877507623817093,0.2240970318683658,0.01364790350389182,0.9748639527137669,-0.11055988104823505,1218579.9408922086,1250000.0,5.000000000000001,5.000000000000001,243715.98817844168,53.86884020567214,243715.98817844168,53.86884020567214,9.14773329402519,9.17332211383582,0.10718737343880946,0.1623687171310957,0.035395156224323925,0.1473327404422831,0.005227803261596428,0.9661868492125103,-0.14938877999682948,1207733.561515638,1250000.0,5.000000000000001,5.000000000000001,241546.71230312754,53.83001130672355,241546.71230312754,53.83001130672355,10.544283088802086,10.849096299070123,0.13355751517182973,0.1713340126711272,0.1541667534366558,,
584,19,29.200000000000003,14,0.4109602854795648,-3.8620014559460927,513700.35684945603,1250000.0,5.000000000000001,5.000000000000001,102740.07136989119,50.11739863077429,102740.07136989119,50.11739863077429,51.670030406843,51.64093602745616,,,,,,0.42261836139122744,-3.740516381931706,528272.9517390343,1250000.0,5.000000000000001,5.000000000000001,105654.59034780684,50.23888370478866,105654.59034780684,50.23888370478866,51.01014486217297,50.987055292894425,1.0191164967058675,1.7401065216169216,0.23858977798631234,0.2238780179189226,0.01361123817027986,0.9482707702067403,-0.23067636062675953,1185338.4627584254,1250000.0,5.000000000000001,5.000000000000001,237067.69255168503,53.748723726093615,237067.69255168503,53.748723726093615,13.230743468336092,13.226092822439252,0.17092446235729936,0.16219255607311694,0.23858977798631234,0.2238780179189226,0.01361123817027986,0.9752858644778456,-0.10868070282066515,1219107.330597307,1250000.0,5.000000000000001,5.000000000000001,243821.46611946137,53.87071938389971,243821.46611946137,53.87071938389971,9.069319056991722,9.089631058401753,0.1068131121325208,0.16219255607311694,0.03539605843546301,0.14727099932480125,0.005216561227109527,0.9686022954481326,-0.13854506072799463,1210752.8693101658,1250000.0,5.000000000000001,5.000000000000001,242150.5738620331,53.84085502599238,242150.5738620331,53.84085502599238,10.136222409195703,10.309718322495245,0.12419352330193953,0.17443170974463384,0.12905153977783804,,
585,19,29.25,15,0.4009045603574519,-3.96959003547901,501130.7004468149,1250000.0,5.000000000000001,5.000000000000001,100226.14008936296,50.00981005124136,100226.14008936296,50.00981005124136,52.29279366991322,52.27281383460297,,,,,,0.4175146877631831,-3.79328241851516,521893.3597039789,1250000.0,5.000000000000001,5.000000000000001,104378.67194079576,50.18611766820521,104378.67194079576,50.18611766820521,51.32501374623409,51.332394224023815,0.9966625254017225,1.72661199657569,0.23815027124834423,0.22362628507640903,0.013565062439876591,0.9472409427669208,-0.2353953862636909,1184051.178458651,1250000.0,5.000000000000001,5.000000000000001,236810.23569173017,53.744004700456685,236810.23569173017,53.744004700456685,13.365683704270031,13.366812380617954,0.17279935319789003,0.16043087910878115,0.23815027124834423,0.22362628507640903,0.013565062439876591,0.975729161766967,-0.10670714990352856,1219661.4522087087,1250000.0,5.000000000000001,5.000000000000001,243932.2904417417,53.87269293681685,243932.2904417417,53.87269293681685,8.986448044472828,8.999148227787973,0.10512008441655984,0.16043087910878115,0.03539789953434198,0.14720973341160007,0.0052054040277531525,0.9678082574197102,-0.14210676775321907,1209760.3217746378,1250000.0,5.000000000000001,5.000000000000001,241952.0643549275,53.837293318967156,241952.0643549275,53.837293318967156,10.324809469167537,10.768067014710208,0.13230931608198612,0.17202321702932305,0.16505176513028347,,
586,19,29.3,16,0.41446269078079245,-3.825145577971712,518078.3634759906,1250000.0,5.000000000000001,5.000000000000001,103615.6726951981,50.15425450874866,103615.6726951981,50.15425450874866,51.45544375625813,51.448346871688535,,,,,,0.4328129982166008,-3.636997049971952,541016.247770751,1250000.0,5.000000000000001,5.000000000000001,108203.24955415018,50.34240303674842,108203.24955415018,50.34240303674842,50.39645043313279,50.390907244489,1.0115870330508767,1.7224884380088163,0.23785397499657437,0.2235177462128163,0.013532042931781974,0.9476220315360326,-0.23364850795094233,1184527.5394200408,1250000.0,5.000000000000001,5.000000000000001,236905.5078840081,53.745751578769436,236905.5078840081,53.745751578769436,13.308064701008979,13.306007192146518,0.1720597280935271,0.16240950967134257,0.23785397499657437,0.2235177462128163,0.013532042931781974,0.975251381227416,-0.108834259338637,1219064.22653427,1250000.0,5.000000000000001,5.000000000000001,243812.84530685397,53.87056582738174,243812.84530685397,53.87056582738174,9.075893759175008,9.092450591416576,0.10664683947716191,0.16240950967134257,0.03539423599203862,0.14714961496062806,0.0051943486534868,0.9605651628368642,-0.17473168126024802,1200706.4535460803,1250000.0,5.000000000000001,5.000000000000001,240141.290709216,53.80466840546013,240141.290709216,53.80466840546013,11.38623030712849,11.923616658127782,0.15034912880687182,0.1746142338643106,0.19623748591030524,,
587,19,29.35,17,0.4058451880947673,-3.916395988807582,507306.4851184591,1250000.0,5.000000000000001,5.000000000000001,101461.2970236918,50.063004097912795,101461.2970236918,50.063004097912795,51.995047410968155,52.025600369495564,,,,,,0.4302787149593143,-3.6625013707885223,537848.3936991428,1250000.0,5.000000000000001,5.000000000000001,107569.67873982855,50.316898715931856,107569.67873982855,50.316898715931856,50.54586065283292,50.50747522481953,0.9986305509562918,1.7374919168382714,0.23719459644220336,0.2232722827764714,0.013479858377286708,0.9472883722816242,-0.23517793513896335,1184110.4653520302,1250000.0,5.000000000000001,5.000000000000001,236822.093070406,53.74422215158141,236822.093070406,53.74422215158141,13.353349700071906,13.35225421156689,0.17259789593029876,0.16101843826624207,0.23719459644220336,0.2232722827764714,0.013479858377286708,0.975298214156289,-0.10862571009043544,1219122.7676953613,1250000.0,5.000000000000001,5.000000000000001,243824.55353907222,53.870774376629946,243824.55353907222,53.870774376629946,9.07131256734279,9.084016694045555,0.10630811130194481,0.16101843826624207,0.035391098142703234,0.1470899692637681,0.005183388765023083,0.9605138975316407,-0.17496347015052577,1200642.371914551,1250000.0,5.000000000000001,5.000000000000001,240128.47438291015,53.804436616569845,240128.47438291015,53.804436616569845,11.329137880647504,11.499089782484543,0.14387655728630103,0.1714080038682775,0.1647977083003116,,
588,19,29.400000000000002,18,0.4067961756024151,-3.9062313864647846,508495.2195030189,1250000.0,5.000000000000001,5.000000000000001,101699.04390060376,50.07316870025559,101699.04390060376,50.07316870025559,51.927445558871774,51.903835370047865,,,,,,0.4370613405226565,-3.594576065513187,546326.6756533206,1250000.0,5.000000000000001,5.000000000000001,109265.3351306641,50.384824021207194,109265.3351306641,50.384824021207194,50.15461015892293,50.25251827765486,0.9834563730681699,1.7344913180830548,0.23724373832205692,0.22304845411214283,0.013450038745943377,0.9477135655000709,-0.23322902872434392,1184641.9568750886,1250000.0,5.000000000000001,5.000000000000001,236928.39137501767,53.74617105799604,236928.39137501767,53.74617105799604,13.297029376800907,13.294534759193278,0.17238616053137912,0.16216740532262736,0.23724373832205692,0.22304845411214283,0.013450038745943377,0.9753379347102051,-0.108448840432849,1219172.4183877565,1250000.0,5.000000000000001,5.000000000000001,243834.48367755124,53.87095124628753,243834.48367755124,53.87095124628753,9.061315052115063,9.094166790727007,0.10784317262391159,0.16216740532262736,0.03538707910724151,0.14702804880770454,0.0051723255615898755,0.9683854930920525,-0.13951725134127024,1210481.8663650656,1250000.0,5.000000000000001,5.000000000000001,242096.37327301307,53.83988283537911,242096.37327301307,53.83988283537911,10.244868202962241,10.43768346748814,0.12750009497419978,0.1727987954463329,0.13997775370690985,,
589,19,29.450000000000003,19,0.40842961596673466,-3.888827739685931,510537.0199584183,1250000.0,5.000000000000001,5.000000000000001,102107.40399168365,50.090572347034445,102107.40399168365,50.090572347034445,51.82029213756199,51.79728404952937,,,,,,0.4396410882115854,-3.569017258261588,549551.3602644817,1250000.0,5.000000000000001,5.000000000000001,109910.27205289633,50.410382828458786,109910.27205289633,50.410382828458786,50.004577644736145,50.03449406330769,1.0100549096793707,1.7245913864737303,0.23662504298333825,0.22293711630905513,0.013407805513441886,0.9481197744967297,-0.23136795449670813,1185149.718120912,1250000.0,5.000000000000001,5.000000000000001,237029.94362418237,53.74803213222367,237029.94362418237,53.74803213222367,13.245449031707562,13.240959540134451,0.17095148303933846,0.16250001629741773,0.23662504298333825,0.22293711630905513,0.013407805513441886,0.9750754233732802,-0.10961789749738812,1218844.2792166003,1250000.0,5.000000000000001,5.000000000000001,243768.85584332002,53.86978218922299,243768.85584332002,53.86978218922299,9.107625904285294,9.133359107041498,0.10740310823849834,0.16250001629741773,0.03538207295275432,0.146969763782415,0.005161624949270006,0.9604690538608555,-0.17516623466501302,1200586.3173260693,1250000.0,5.000000000000001,5.000000000000001,240117.26346521382,53.80423385205536,240117.26346521382,53.80423385205536,11.331653169222687,11.492515424721208,0.14307846460814397,0.17467915125006117,0.1648266096996041,,
590,19,29.5,20,0.4126141134821688,-3.844559210487692,515767.64185271104,1250000.0,5.000000000000001,5.000000000000001,103153.52837054219,50.13484087623269,103153.52837054219,50.13484087623269,51.60664116448173,51.6061318978992,,,,,,0.42758144844885676,-3.6898114586520396,534476.8105610709,1250000.0,5.000000000000001,5.000000000000001,106895.36211221416,50.28958862806833,106895.36211221416,50.28958862806833,50.66965887950444,50.667526989159505,1.0035340909904016,1.718027250390523,0.23716085800943315,0.2228901894418117,0.01340312235844059,0.9471376798711668,-0.2358688555619591,1183922.0998389586,1250000.0,5.000000000000001,5.000000000000001,236784.41996779168,53.743531231158414,236784.41996779168,53.743531231158414,13.375037638705908,13.370038346626004,0.1726116815578218,0.1645792786993577,0.23716085800943315,0.2228901894418117,0.01340312235844059,0.9745469485902611,-0.11197233998852896,1218183.6857378264,1250000.0,5.000000000000001,5.000000000000001,243636.73714756523,53.86742774673184,243636.73714756523,53.86742774673184,9.208200963141964,9.226211529233307,0.1086531854164801,0.1645792786993577,0.03538048966319317,0.14691009738683486,0.0051508756741594835,0.9606335793514091,-0.17442236485171625,1200791.9741892614,1250000.0,5.000000000000001,5.000000000000001,240158.39483785225,53.80497772186865,240158.39483785225,53.80497772186865,11.35618772656375,11.719489593208566,0.14530021061120335,0.17245834661871012,0.17098996050763632,,
591,19,29.55,21,0.4123402198724533,-3.8474430183032107,515425.2748405666,1250000.0,5.000000000000001,5.000000000000001,103085.05496811331,50.131957068417165,103085.05496811331,50.131957068417165,51.61612556719151,51.60508577275034,,,,,,0.4173714948356042,-3.7947721520908506,521714.36854450527,1250000.0,5.000000000000001,5.000000000000001,104342.87370890104,50.184627934629525,104342.87370890104,50.184627934629525,51.28426006872839,51.24632852033581,1.0178120867721545,1.7413386067663272,0.23709532409140072,0.22283239303494792,0.013380428764426192,0.9468733542191513,-0.23708104673481806,1183591.692773939,1250000.0,5.000000000000001,5.000000000000001,236718.33855478777,53.74231903998556,236718.33855478777,53.74231903998556,13.406812885353085,13.403625655324394,0.17292203107636556,0.16265038536818996,0.23709532409140072,0.22283239303494792,0.013380428764426192,0.9747282724461512,-0.11116436839552066,1218410.340557689,1250000.0,5.000000000000001,5.000000000000001,243682.06811153778,53.868235718324854,243682.06811153778,53.868235718324854,9.169364696408364,9.18375968600756,0.10745140181511867,0.16265038536818996,0.03537344719163884,0.1468507053519494,0.005140042184678619,0.9601692234481767,-0.17652218696825878,1200211.5293102209,1250000.0,5.000000000000001,5.000000000000001,240042.30586204413,53.80287789975212,240042.30586204413,53.80287789975212,11.407434565688177,11.594729665743923,0.14372746275431486,0.1734866472963999,0.17147570138313445,,
592,19,29.6,22,0.4070171174143447,-3.903873258060553,508771.3967679309,1250000.0,5.000000000000001,5.000000000000001,101754.27935358616,50.07552682865982,101754.27935358616,50.07552682865982,51.93411631646103,51.91255948468116,,,,,,0.4224886263610631,-3.7418497801633874,528110.7829513289,1250000.0,5.000000000000001,5.000000000000001,105622.15659026576,50.23755030655699,105622.15659026576,50.23755030655699,51.01897844639922,51.00773170482154,1.0165502063234833,1.737343604927026,0.2367169352850614,0.2225302202845671,0.013333793987794135,0.9472229073433986,-0.23547807651839545,1184028.6341792482,1250000.0,5.000000000000001,5.000000000000001,236805.7268358496,53.743922010201985,236805.7268358496,53.743922010201985,13.365494708835897,13.36335125489182,0.17302255079734058,0.1631252355194253,0.2367169352850614,0.2225302202845671,0.013333793987794135,0.9750243797681843,-0.1098452495128998,1218780.4747102305,1250000.0,5.000000000000001,5.000000000000001,243756.09494204607,53.869554837207474,243756.09494204607,53.869554837207474,9.119905570769548,9.140225081075425,0.10778881717095205,0.1631252355194253,0.035365176849091996,0.14679081794639448,0.005129223592603675,0.9651352789409109,-0.15411809164051804,1206419.0986761386,1250000.0,5.000000000000001,5.000000000000001,241283.81973522768,53.82528199507986,241283.81973522768,53.82528199507986,10.741041310955687,11.12623119713437,0.13835129465784862,0.17466298374480077,0.16832613919956294,,
593,19,29.650000000000002,23,0.4069258123290866,-3.904847608802223,508657.2654113582,1250000.0,5.000000000000001,5.000000000000001,101731.45308227162,50.07455247791815,101731.45308227162,50.07455247791815,51.919397946865125,51.913793961620044,,,,,,0.4287493682180973,-3.6779650690158423,535936.7102726216,1250000.0,5.000000000000001,5.000000000000001,107187.3420545243,50.301435017704534,107187.3420545243,50.301435017704534,50.712039610634214,50.68802312901333,1.0095203830719648,1.723966821423489,0.2369601508588072,0.22247332302170694,0.013320101555063472,0.9475406766873105,-0.23402137263157907,1184425.845859138,1250000.0,5.000000000000001,5.000000000000001,236885.16917182758,53.745378714088794,236885.16917182758,53.745378714088794,13.325509207778754,13.317878384031975,0.17180661573157388,0.16233675418881427,0.2369601508588072,0.22247332302170694,0.013320101555063472,0.9749503919939769,-0.11017481769549703,1218687.9899924712,1250000.0,5.000000000000001,5.000000000000001,243737.5979984942,53.86922526902488,243737.5979984942,53.86922526902488,9.134709045239067,9.152257604039146,0.10722216019951916,0.16233675418881427,0.035364040180581965,0.14673116290473748,0.005118502139503675,0.9724649723611787,-0.12126032762378376,1215581.2154514734,1250000.0,5.000000000000001,5.000000000000001,243116.24309029462,53.858139759096595,243116.24309029462,53.858139759096595,9.54117680297895,10.022718490427929,0.12111649519830052,0.17208530048870146,0.13143554683724476,,
594,19,29.700000000000003,24,0.4106130304471723,-3.8656727278931835,513266.28805896535,1250000.0,5.000000000000001,5.000000000000001,102653.25761179306,50.11372735882719,102653.25761179306,50.11372735882719,51.70084883738517,51.71345655018534,,,,,,0.4278141346320852,-3.687448707899463,534767.6682901065,1250000.0,5.000000000000001,5.000000000000001,106953.53365802128,50.29195137882091,106953.53365802128,50.29195137882091,50.68233235600517,50.66754661412985,1.0180997697916923,1.7353626252525625,0.23679652233668574,0.22229187691880123,0.01328741670434171,0.9483867786787372,-0.23014509087450816,1185483.4733484215,1250000.0,5.000000000000001,5.000000000000001,237096.69466968425,53.74925499584586,237096.69466968425,53.74925499584586,13.209525556355606,13.2071128401126,0.1704417288405133,0.16168467904898357,0.23679652233668574,0.22229187691880123,0.01328741670434171,0.9752398869914556,-0.10888544524582536,1219049.8587393195,1250000.0,5.000000000000001,5.000000000000001,243809.97174786386,53.87051464147455,243809.97174786386,53.87051464147455,9.08206599705352,9.1065150792436,0.10684125216062568,0.16168467904898357,0.03536207902128752,0.1466712052497932,0.005107822328956594,0.9629619016410036,-0.16390894842637077,1203702.3770512545,1250000.0,5.000000000000001,5.000000000000001,240740.47541025086,53.81549113829401,240740.47541025086,53.81549113829401,11.009160313049541,11.373068632732183,0.14044600670541696,0.17106857599873665,0.16185826651176946,,
595,19,29.75,25,0.41630554068349696,-3.8058780897328557,520381.9258543712,1250000.0,5.000000000000001,5.000000000000001,104076.38517087423,50.17352199698752,104076.38517087423,50.17352199698752,51.37141371747756,51.347878472919525,,,,,,0.4214596183353914,-3.7524403046806922,526824.5229192392,1250000.0,5.000000000000001,5.000000000000001,105364.90458384783,50.226959782039685,105364.90458384783,50.226959782039685,51.0773835300515,51.05180051225064,1.0017423036007684,1.732979120562772,0.23722142334054222,0.22216722976394698,0.013275212229357968,0.9481273230027173,-0.23133337804829723,1185159.1537533966,1250000.0,5.000000000000001,5.000000000000001,237031.83075067928,53.74806670867208,237031.83075067928,53.74806670867208,13.244000929334664,13.235101392387458,0.17097961874707845,0.1615157223253439,0.23722142334054222,0.22216722976394698,0.013275212229357968,0.9750755202209558,-0.1096174661419465,1218844.4002761948,1250000.0,5.000000000000001,5.000000000000001,243768.88005523893,53.869782620578434,243768.88005523893,53.869782620578434,9.110782026389113,9.134848047527758,0.10746307629536908,0.1615157223253439,0.03536442646861976,0.14661106479455396,0.00509719917149886,0.9668809158397921,-0.14627011727114297,1208601.14479974,1250000.0,5.000000000000001,5.000000000000001,241720.22895994797,53.83312996944923,241720.22895994797,53.83312996944923,10.478394499286825,11.236983592587608,0.1403243462391161,0.17298319097648865,0.16702754625755872,,
596,19,29.8,26,0.40861737653984725,-3.886831688467211,510771.72067480907,1250000.0,5.000000000000001,5.000000000000001,102154.3441349618,50.092568398253164,102154.3441349618,50.092568398253164,51.84100575928492,51.92325666834849,,,,,,0.43022061256340155,-3.66308785701022,537775.765704252,1250000.0,5.000000000000001,5.000000000000001,107555.15314085037,50.31631222971016,107555.15314085037,50.31631222971016,50.54829147383954,50.531329797206865,1.0241470693783685,1.7432173350034321,0.2370935694102235,0.2220120885938351,0.013245620429916147,0.947507793261205,-0.2341720926868342,1184384.7415765063,1250000.0,5.000000000000001,5.000000000000001,236876.9483153012,53.74522799403354,236876.9483153012,53.74522799403354,13.332693369439562,13.32628832259191,0.17238840788537316,0.16262207748450005,0.2370935694102235,0.2220120885938351,0.013245620429916147,0.9749590333590458,-0.11013632465457177,1218698.7916988072,1250000.0,5.000000000000001,5.000000000000001,243739.75833976138,53.869263762065806,243739.75833976138,53.869263762065806,9.130535178560972,9.146406446347608,0.10748364072218293,0.16262207748450005,0.035368647113616404,0.1465517377052298,0.005086706734187542,0.9616806590080963,-0.16969118247881107,1202100.8237601204,1250000.0,5.000000000000001,5.000000000000001,240420.16475202405,53.80970890424156,240420.16475202405,53.80970890424156,11.16536051597167,11.485074297288595,0.14321353487665772,0.17395792918027844,0.1677526255973884,,
597,19,29.85,27,0.4078899366077965,-3.8945700939145307,509862.4207597456,1250000.0,5.000000000000001,5.000000000000001,101972.4841519491,50.084829992805844,101972.4841519491,50.084829992805844,51.896287102365044,51.89697897286597,,,,,,0.42524807897500155,-3.713576396023795,531560.0987187519,1250000.0,5.000000000000001,5.000000000000001,106312.01974375037,50.26582369069658,106312.01974375037,50.26582369069658,50.88760762551572,50.859376996896785,1.0228436295824082,1.748361631655055,0.23660027999665054,0.221812756997803,0.013202465212127285,0.9477502807295081,-0.2330607826079109,1184687.850911885,1250000.0,5.000000000000001,5.000000000000001,236937.57018237698,53.74633930411246,236937.57018237698,53.74633930411246,13.293664862013268,13.289411191074757,0.17172801427184387,0.1641299448479895,0.23660027999665054,0.221812756997803,0.013202465212127285,0.9743687964738831,-0.11276632486441523,1217960.9955923539,1250000.0,5.000000000000001,5.000000000000001,243592.19911847074,53.86663376185596,243592.19911847074,53.86663376185596,9.241617528823701,9.251956124525503,0.1089913538791583,0.1641299448479895,0.0353689900768094,0.14649157933093826,0.005076148184747236,0.9618228668659169,-0.16904902001623667,1202278.5835823962,1250000.0,5.000000000000001,5.000000000000001,240455.7167164792,53.810351066704136,240455.7167164792,53.810351066704136,11.130036371904382,11.744096722125713,0.14809174411804582,0.17338790136231497,0.17292590752398962,,
598,19,29.900000000000002,28,0.3998003263967724,-3.9815685565997465,499750.40799596545,1250000.0,5.000000000000001,5.000000000000001,99950.08159919307,49.99783153012062,99950.08159919307,49.99783153012062,52.37884648334146,52.36627636338885,,,,,,0.4259179001059291,-3.7067410739309663,532397.3751324114,1250000.0,5.000000000000001,5.000000000000001,106479.47502648225,50.27265901278941,106479.47502648225,50.27265901278941,50.82761219403311,50.84615554963072,1.0065122429542996,1.730566213480478,0.23665125992623706,0.221743793576967,0.013183025717024921,0.9470716983295584,-0.2361714136610729,1183839.622911948,1250000.0,5.000000000000001,5.000000000000001,236767.92458238956,53.743228673059306,236767.92458238956,53.743228673059306,13.379676353459724,13.374853169338456,0.1728260290172622,0.16180011729623991,0.23665125992623706,0.221743793576967,0.013183025717024921,0.975419254009017,-0.1080867602829369,1219274.0675112712,1250000.0,5.000000000000001,5.000000000000001,243854.8135022542,53.87131332643744,243854.8135022542,53.87131332643744,9.045408293802726,9.067571376076863,0.10569288305954638,0.16180011729623991,0.035370026821923986,0.14643303011619394,0.005065737571221002,0.9610035323323631,-0.1727501600509233,1201254.415415454,1250000.0,5.000000000000001,5.000000000000001,240250.88308309074,53.80664992666945,240250.88308309074,53.80664992666945,11.279941127427472,11.792622515225057,0.1488371439861464,0.17292601445359487,0.17993410808536692,,
599,19,29.950000000000003,29,0.4074162734296582,-3.8996162796336447,509270.3417870727,1250000.0,5.000000000000001,5.000000000000001,101854.06835741452,50.07978380708673,101854.06835741452,50.07978380708673,51.87342231138085,51.86295109480456,,,,,,0.4281375076811145,-3.684167234261731,535171.8846013931,1250000.0,5.000000000000001,5.000000000000001,107034.3769202786,50.295232852458646,107034.3769202786,50.295232852458646,50.7269179885197,50.73384345079323,1.0248410980279945,1.7479512119112404,0.23656172745908582,0.22150661362191823,0.013149332575315992,0.9472415849955235,-0.23539244175157048,1184051.9812444043,1250000.0,5.000000000000001,5.000000000000001,236810.39624888083,53.744007644968804,236810.39624888083,53.744007644968804,13.362801288533836,13.356670311795895,0.171784830693204,0.1638827588910256,0.23656172745908582,0.22150661362191823,0.013149332575315992,0.974270339637466,-0.11320518765851165,1217837.9245468325,1250000.0,5.000000000000001,5.000000000000001,243567.58490936644,53.86619489906187,243567.58490936644,53.86619489906187,9.25975620793123,9.274616581509374,0.10796311659134165,0.1638827588910256,0.035373988943927806,0.14637256899945458,0.0050552934217184,0.9599929948065122,-0.17731936052073738,1199991.2435081403,1250000.0,5.000000000000001,5.000000000000001,239998.24870162804,53.80208072619964,239998.24870162804,53.80208072619964,11.482852331698481,11.668920894413471,0.14641870198063506,0.17418024015684738,0.17169937796603235,,
